timestamp_utc,open,close,min,max,volume
2026-05-22T07:58:00+00:00,0.98366,0.98375,0.98363,0.983775,145
2026-05-22T07:59:00+00:00,0.98375,0.983875,0.983705,0.98388,136
2026-05-22T08:00:00+00:00,0.98387,0.983675,0.983625,0.98388,264
2026-05-22T08:01:00+00:00,0.983675,0.983675,0.983565,0.9837,289
2026-05-22T08:02:00+00:00,0.98368,0.983585,0.983575,0.98372,255
2026-05-22T08:03:00+00:00,0.983595,0.98378,0.983595,0.983825,221
2026-05-22T08:04:00+00:00,0.983775,0.98376,0.98374,0.983865,165
2026-05-22T08:05:00+00:00,0.983755,0.983705,0.9837,0.9838,180
2026-05-22T08:06:00+00:00,0.9837,0.98368,0.98366,0.98372,151
2026-05-22T08:07:00+00:00,0.983675,0.98363,0.983575,0.983705,166
2026-05-22T08:08:00+00:00,0.983625,0.983555,0.98353,0.9837,241
2026-05-22T08:09:00+00:00,0.98355,0.98361,0.98353,0.983735,289
2026-05-22T08:10:00+00:00,0.98362,0.983665,0.983525,0.983665,164
2026-05-22T08:11:00+00:00,0.98366,0.983665,0.983625,0.98371,169
2026-05-22T08:12:00+00:00,0.98366,0.983625,0.98361,0.983665,168
2026-05-22T08:13:00+00:00,0.98362,0.98355,0.983515,0.98369,143
2026-05-22T08:14:00+00:00,0.983555,0.983615,0.98355,0.98362,78
2026-05-22T08:15:00+00:00,0.983615,0.983835,0.98361,0.983925,219
2026-05-22T08:16:00+00:00,0.98383,0.98382,0.98373,0.983875,249
2026-05-22T08:17:00+00:00,0.983825,0.984075,0.983815,0.98408,167
2026-05-22T08:18:00+00:00,0.984085,0.98425,0.98408,0.98434,292
2026-05-22T08:19:00+00:00,0.984245,0.98428,0.984175,0.98429,198
2026-05-22T08:20:00+00:00,0.98429,0.984725,0.984285,0.984795,467
2026-05-22T08:21:00+00:00,0.98473,0.984095,0.984095,0.98476,500
2026-05-22T08:22:00+00:00,0.984075,0.983975,0.983915,0.9841,254
2026-05-22T08:23:00+00:00,0.98398,0.984145,0.983975,0.984145,186
2026-05-22T08:24:00+00:00,0.984165,0.9842,0.984125,0.98421,176
2026-05-22T08:25:00+00:00,0.9842,0.98417,0.98409,0.98425,202
2026-05-22T08:26:00+00:00,0.984165,0.984125,0.98405,0.98417,158
2026-05-22T08:27:00+00:00,0.98412,0.98402,0.983985,0.98413,131
2026-05-22T08:28:00+00:00,0.98401,0.98378,0.98378,0.98401,176
2026-05-22T08:29:00+00:00,0.983785,0.98395,0.983725,0.98395,233
2026-05-22T08:30:00+00:00,0.983945,0.983945,0.983885,0.98403,307
2026-05-22T08:31:00+00:00,0.983945,0.984075,0.983895,0.98408,179
2026-05-22T08:32:00+00:00,0.98408,0.984105,0.98407,0.984145,181
2026-05-22T08:33:00+00:00,0.98411,0.983925,0.98392,0.98411,136
2026-05-22T08:34:00+00:00,0.98392,0.98359,0.9835,0.983945,405
2026-05-22T08:35:00+00:00,0.98358,0.983535,0.983255,0.983585,765
2026-05-22T08:36:00+00:00,0.98354,0.983655,0.983415,0.98366,523
2026-05-22T08:37:00+00:00,0.98366,0.98371,0.9836,0.98389,440
2026-05-22T08:38:00+00:00,0.983685,0.98388,0.98366,0.98396,498
2026-05-22T08:39:00+00:00,0.983875,0.98353,0.98347,0.98388,452
2026-05-22T08:40:00+00:00,0.983525,0.983535,0.98348,0.983605,279
2026-05-22T08:41:00+00:00,0.98353,0.98362,0.983485,0.98366,296
2026-05-22T08:42:00+00:00,0.983615,0.983815,0.983615,0.983835,251
2026-05-22T08:43:00+00:00,0.98381,0.983775,0.983735,0.98386,273
2026-05-22T08:44:00+00:00,0.983785,0.983615,0.98357,0.983785,298
2026-05-22T08:45:00+00:00,0.983615,0.98376,0.983615,0.9838,227
2026-05-22T08:46:00+00:00,0.983755,0.98372,0.983715,0.98382,143
2026-05-22T08:47:00+00:00,0.983715,0.983755,0.98369,0.98378,225
2026-05-22T08:48:00+00:00,0.98375,0.98376,0.9837,0.983785,155
2026-05-22T08:49:00+00:00,0.98376,0.98367,0.98366,0.983765,212
2026-05-22T08:50:00+00:00,0.98369,0.98376,0.98357,0.98377,202
2026-05-22T08:51:00+00:00,0.983755,0.9837,0.983655,0.9838,193
2026-05-22T08:52:00+00:00,0.983705,0.98373,0.983555,0.983745,256
2026-05-22T08:53:00+00:00,0.983745,0.98359,0.983585,0.983785,251
2026-05-22T08:54:00+00:00,0.983585,0.983525,0.983515,0.98363,209
2026-05-22T08:55:00+00:00,0.98352,0.983515,0.98349,0.983565,141
2026-05-22T08:56:00+00:00,0.983515,0.983465,0.98346,0.98357,124
2026-05-22T08:57:00+00:00,0.983455,0.983475,0.98342,0.9835,165
2026-05-22T08:58:00+00:00,0.98347,0.98337,0.98336,0.9835,129
2026-05-22T08:59:00+00:00,0.983375,0.983355,0.983295,0.98341,159
2026-05-22T09:00:00+00:00,0.98335,0.983355,0.983225,0.98336,269
2026-05-22T09:01:00+00:00,0.983365,0.98332,0.983215,0.98337,242
2026-05-22T09:02:00+00:00,0.98331,0.983405,0.98331,0.98344,225
2026-05-22T09:03:00+00:00,0.983415,0.983425,0.983375,0.98347,155
2026-05-22T09:04:00+00:00,0.98342,0.983275,0.983275,0.98344,189
2026-05-22T09:05:00+00:00,0.98328,0.983275,0.98317,0.9833,293
2026-05-22T09:06:00+00:00,0.983265,0.983075,0.983075,0.983275,207
2026-05-22T09:07:00+00:00,0.98307,0.98301,0.98296,0.983125,309
2026-05-22T09:08:00+00:00,0.983015,0.982895,0.98283,0.983025,358
2026-05-22T09:09:00+00:00,0.982895,0.982945,0.98281,0.982985,288
2026-05-22T09:10:00+00:00,0.98294,0.98304,0.982925,0.983075,217
2026-05-22T09:11:00+00:00,0.983045,0.9831,0.983015,0.98312,170
2026-05-22T09:12:00+00:00,0.98309,0.98304,0.98297,0.98309,228
2026-05-22T09:13:00+00:00,0.983035,0.98307,0.983015,0.983145,232
2026-05-22T09:14:00+00:00,0.983075,0.98302,0.982995,0.983095,287
2026-05-22T09:15:00+00:00,0.983015,0.98296,0.982925,0.98311,350
2026-05-22T09:16:00+00:00,0.98295,0.982915,0.982905,0.982975,200
2026-05-22T09:17:00+00:00,0.98292,0.982805,0.98275,0.98293,320
2026-05-22T09:18:00+00:00,0.98281,0.982915,0.982775,0.982965,320
2026-05-22T09:19:00+00:00,0.982925,0.98287,0.98285,0.982965,256
2026-05-22T09:20:00+00:00,0.982865,0.982865,0.982855,0.982945,223
2026-05-22T09:21:00+00:00,0.98286,0.98278,0.98275,0.98291,262
2026-05-22T09:22:00+00:00,0.982775,0.98276,0.98276,0.982835,239
2026-05-22T09:23:00+00:00,0.982755,0.98274,0.982705,0.98278,207
2026-05-22T09:24:00+00:00,0.98274,0.982755,0.982685,0.982775,146
2026-05-22T09:25:00+00:00,0.98276,0.98277,0.98272,0.98285,219
2026-05-22T09:26:00+00:00,0.982765,0.982735,0.982675,0.98279,197
2026-05-22T09:27:00+00:00,0.98274,0.982965,0.982725,0.98297,226
2026-05-22T09:28:00+00:00,0.98297,0.983035,0.98297,0.98307,231
2026-05-22T09:29:00+00:00,0.98303,0.983025,0.98296,0.983055,169
2026-05-22T09:30:00+00:00,0.983035,0.98301,0.982965,0.98305,230
2026-05-22T09:31:00+00:00,0.983,0.983015,0.98292,0.98304,219
2026-05-22T09:32:00+00:00,0.983025,0.982955,0.982935,0.98305,173
2026-05-22T09:33:00+00:00,0.98295,0.98296,0.982855,0.98296,123
2026-05-22T09:34:00+00:00,0.982955,0.98297,0.98291,0.98299,154
2026-05-22T09:35:00+00:00,0.98297,0.982975,0.982925,0.983005,109
2026-05-22T09:36:00+00:00,0.982985,0.982965,0.98291,0.98303,157
2026-05-22T09:37:00+00:00,0.98297,0.98293,0.982875,0.982975,191
2026-05-22T09:38:00+00:00,0.982935,0.98302,0.98293,0.983045,158
2026-05-22T09:39:00+00:00,0.983015,0.983355,0.983015,0.983365,236
2026-05-22T09:40:00+00:00,0.98336,0.983375,0.98327,0.98342,249
2026-05-22T09:41:00+00:00,0.98339,0.983445,0.98335,0.983465,208
2026-05-22T09:42:00+00:00,0.983445,0.98333,0.983315,0.983455,111
2026-05-22T09:43:00+00:00,0.983325,0.98323,0.983225,0.98333,84
2026-05-22T09:44:00+00:00,0.983235,0.98328,0.983205,0.98328,148
2026-05-22T09:45:00+00:00,0.98329,0.98321,0.98319,0.983295,114
2026-05-22T09:46:00+00:00,0.983215,0.98317,0.983125,0.983235,119
2026-05-22T09:47:00+00:00,0.983175,0.983275,0.983145,0.983285,121
2026-05-22T09:48:00+00:00,0.98327,0.98331,0.98327,0.983345,158
2026-05-22T09:49:00+00:00,0.983315,0.98338,0.98327,0.98342,124
2026-05-22T09:50:00+00:00,0.983385,0.983385,0.983355,0.98345,172
2026-05-22T09:51:00+00:00,0.983395,0.98348,0.98335,0.983495,199
2026-05-22T09:52:00+00:00,0.983495,0.983455,0.983425,0.98351,179
2026-05-22T09:53:00+00:00,0.98346,0.983485,0.983415,0.98353,193
2026-05-22T09:54:00+00:00,0.98348,0.983425,0.98342,0.98356,180
2026-05-22T09:55:00+00:00,0.98342,0.98347,0.98342,0.98351,236
2026-05-22T09:56:00+00:00,0.983475,0.983415,0.98337,0.98351,225
2026-05-22T09:57:00+00:00,0.983405,0.98329,0.983265,0.983415,142
2026-05-22T09:58:00+00:00,0.98328,0.983225,0.983175,0.98329,176
2026-05-22T09:59:00+00:00,0.983215,0.983225,0.98318,0.983275,188
2026-05-22T10:00:00+00:00,0.98323,0.983515,0.983175,0.98357,335
2026-05-22T10:01:00+00:00,0.98352,0.98342,0.983375,0.98357,262
2026-05-22T10:02:00+00:00,0.98341,0.983425,0.983335,0.98347,214
2026-05-22T10:03:00+00:00,0.98343,0.983325,0.98332,0.983465,251
2026-05-22T10:04:00+00:00,0.983315,0.98321,0.9832,0.98332,231
2026-05-22T10:05:00+00:00,0.983215,0.98336,0.98321,0.983375,178
2026-05-22T10:06:00+00:00,0.98335,0.983515,0.98333,0.983525,192
2026-05-22T10:07:00+00:00,0.98351,0.983515,0.98347,0.98356,152
2026-05-22T10:08:00+00:00,0.98352,0.983665,0.98352,0.98367,199
2026-05-22T10:09:00+00:00,0.983665,0.983665,0.98362,0.98371,130
2026-05-22T10:10:00+00:00,0.98366,0.983725,0.98366,0.983725,160
2026-05-22T10:11:00+00:00,0.98372,0.983665,0.983615,0.983725,91
2026-05-22T10:12:00+00:00,0.983655,0.983665,0.983625,0.983705,151
2026-05-22T10:13:00+00:00,0.98367,0.98348,0.98348,0.98371,161
2026-05-22T10:14:00+00:00,0.983475,0.983315,0.983315,0.983475,198
2026-05-22T10:15:00+00:00,0.98331,0.9834,0.983295,0.983405,199
2026-05-22T10:16:00+00:00,0.98339,0.98344,0.98336,0.983445,127
2026-05-22T10:17:00+00:00,0.983435,0.983555,0.983425,0.983565,204
2026-05-22T10:18:00+00:00,0.98355,0.98366,0.983535,0.98366,170
2026-05-22T10:19:00+00:00,0.983655,0.98363,0.983585,0.98366,186
2026-05-22T10:20:00+00:00,0.98364,0.98353,0.98352,0.983655,136
2026-05-22T10:21:00+00:00,0.983535,0.98357,0.983515,0.98362,246
2026-05-22T10:22:00+00:00,0.983565,0.98356,0.983515,0.98359,155
2026-05-22T10:23:00+00:00,0.983555,0.98357,0.98351,0.98359,129
2026-05-22T10:24:00+00:00,0.983565,0.983645,0.983515,0.983655,176
2026-05-22T10:25:00+00:00,0.983645,0.983645,0.983625,0.98369,62
2026-05-22T10:26:00+00:00,0.983645,0.9837,0.983625,0.9837,143
2026-05-22T10:27:00+00:00,0.983705,0.983525,0.98352,0.983705,113
2026-05-22T10:28:00+00:00,0.983525,0.98352,0.983505,0.983595,199
2026-05-22T10:29:00+00:00,0.983535,0.98337,0.983355,0.98354,187
2026-05-22T10:30:00+00:00,0.983355,0.98339,0.983355,0.983475,204
2026-05-22T10:31:00+00:00,0.983395,0.983135,0.98309,0.983395,270
2026-05-22T10:32:00+00:00,0.983125,0.983075,0.982885,0.983135,225
2026-05-22T10:33:00+00:00,0.983075,0.98329,0.983075,0.9833,219
2026-05-22T10:34:00+00:00,0.98329,0.983055,0.98304,0.98332,170
2026-05-22T10:35:00+00:00,0.98306,0.983115,0.98283,0.983125,290
2026-05-22T10:36:00+00:00,0.98312,0.983185,0.98306,0.983265,252
2026-05-22T10:37:00+00:00,0.9832,0.983325,0.983175,0.983355,237
2026-05-22T10:38:00+00:00,0.98332,0.98319,0.983155,0.98335,258
2026-05-22T10:39:00+00:00,0.983185,0.983135,0.98313,0.983205,319
2026-05-22T10:40:00+00:00,0.98313,0.98314,0.983115,0.9832,204
2026-05-22T10:41:00+00:00,0.983145,0.983245,0.98314,0.983265,165
2026-05-22T10:42:00+00:00,0.98325,0.98321,0.98317,0.983275,189
2026-05-22T10:43:00+00:00,0.983205,0.98327,0.983145,0.983275,173
2026-05-22T10:44:00+00:00,0.983265,0.98324,0.983215,0.98327,140
2026-05-22T10:45:00+00:00,0.98323,0.983275,0.983215,0.98329,127
2026-05-22T10:46:00+00:00,0.98327,0.98326,0.98325,0.983315,148
2026-05-22T10:47:00+00:00,0.983255,0.98316,0.983125,0.98326,93
2026-05-22T10:48:00+00:00,0.98316,0.983125,0.983115,0.98323,196
2026-05-22T10:49:00+00:00,0.983135,0.98307,0.983025,0.983135,227
2026-05-22T10:50:00+00:00,0.983075,0.98314,0.98306,0.98314,124
2026-05-22T10:51:00+00:00,0.98314,0.983115,0.9831,0.983175,114
2026-05-22T10:52:00+00:00,0.98311,0.983175,0.98311,0.983225,196
2026-05-22T10:53:00+00:00,0.98318,0.98326,0.98318,0.983275,167
2026-05-22T10:54:00+00:00,0.983265,0.98315,0.983135,0.983275,129
2026-05-22T10:55:00+00:00,0.983155,0.98307,0.98304,0.983155,184
2026-05-22T10:56:00+00:00,0.98306,0.983125,0.983055,0.983135,152
2026-05-22T10:57:00+00:00,0.983125,0.983125,0.983075,0.983175,157
2026-05-22T10:58:00+00:00,0.983125,0.983105,0.983075,0.98313,103
2026-05-22T10:59:00+00:00,0.9831,0.98312,0.9831,0.983175,196
2026-05-22T11:00:00+00:00,0.983125,0.983205,0.983125,0.98323,193
2026-05-22T11:01:00+00:00,0.98321,0.98313,0.98313,0.983275,172
2026-05-22T11:02:00+00:00,0.983125,0.983025,0.982965,0.983125,208
2026-05-22T11:03:00+00:00,0.983035,0.98305,0.983005,0.9831,128
2026-05-22T11:04:00+00:00,0.983055,0.98315,0.983055,0.98315,157
2026-05-22T11:05:00+00:00,0.983155,0.983075,0.98307,0.98316,186
2026-05-22T11:06:00+00:00,0.98308,0.983125,0.983075,0.98316,153
2026-05-22T11:07:00+00:00,0.98312,0.98293,0.982925,0.983135,210
2026-05-22T11:08:00+00:00,0.982925,0.98297,0.982885,0.98303,187
2026-05-22T11:09:00+00:00,0.982975,0.982875,0.982865,0.983,106
2026-05-22T11:10:00+00:00,0.982865,0.982855,0.98278,0.982895,126
2026-05-22T11:11:00+00:00,0.982865,0.98281,0.982785,0.982865,148
2026-05-22T11:12:00+00:00,0.98281,0.982775,0.982715,0.98281,136
2026-05-22T11:13:00+00:00,0.98278,0.982755,0.982725,0.9828,88
2026-05-22T11:14:00+00:00,0.982735,0.982675,0.982615,0.982765,148
2026-05-22T11:15:00+00:00,0.982675,0.982865,0.982625,0.98293,190
2026-05-22T11:16:00+00:00,0.98286,0.982875,0.982825,0.982895,140
2026-05-22T11:17:00+00:00,0.98287,0.98285,0.98283,0.982905,46
2026-05-22T11:18:00+00:00,0.98286,0.982785,0.982755,0.98288,116
2026-05-22T11:19:00+00:00,0.98279,0.982715,0.9827,0.982825,83
2026-05-22T11:20:00+00:00,0.982725,0.982675,0.98264,0.98274,85
2026-05-22T11:21:00+00:00,0.982675,0.982625,0.98258,0.982675,151
2026-05-22T11:22:00+00:00,0.982625,0.98266,0.982535,0.982665,147
2026-05-22T11:23:00+00:00,0.982665,0.982625,0.982605,0.982695,118
2026-05-22T11:24:00+00:00,0.982615,0.98267,0.982615,0.9827,105
2026-05-22T11:25:00+00:00,0.982675,0.982675,0.982625,0.98268,100
2026-05-22T11:26:00+00:00,0.982665,0.982775,0.982665,0.98282,184
2026-05-22T11:27:00+00:00,0.98278,0.982845,0.982765,0.98288,113
2026-05-22T11:28:00+00:00,0.98284,0.982835,0.982755,0.982875,222
2026-05-22T11:29:00+00:00,0.982835,0.982735,0.98273,0.982875,195
2026-05-22T11:30:00+00:00,0.98273,0.982505,0.982475,0.982755,178
2026-05-22T11:31:00+00:00,0.98252,0.98251,0.982425,0.98257,225
2026-05-22T11:32:00+00:00,0.982515,0.982665,0.9825,0.982665,133
2026-05-22T11:33:00+00:00,0.98266,0.982695,0.982615,0.9827,90
2026-05-22T11:34:00+00:00,0.982695,0.98268,0.98263,0.9827,114
2026-05-22T11:35:00+00:00,0.982675,0.982775,0.982665,0.982775,112
2026-05-22T11:36:00+00:00,0.98278,0.982785,0.98277,0.98285,144
2026-05-22T11:37:00+00:00,0.98279,0.982895,0.98278,0.982925,121
2026-05-22T11:38:00+00:00,0.9829,0.982845,0.982825,0.982925,83
2026-05-22T11:39:00+00:00,0.982855,0.982875,0.98285,0.982955,187
2026-05-22T11:40:00+00:00,0.98287,0.982785,0.982785,0.98291,191
2026-05-22T11:41:00+00:00,0.9828,0.982675,0.982675,0.982825,113
2026-05-22T11:42:00+00:00,0.982675,0.9827,0.982625,0.982755,115
2026-05-22T11:43:00+00:00,0.982715,0.982675,0.982675,0.98273,77
2026-05-22T11:44:00+00:00,0.982675,0.982725,0.982675,0.98278,122
2026-05-22T11:45:00+00:00,0.98272,0.98291,0.982705,0.98292,163
2026-05-22T11:46:00+00:00,0.982915,0.982875,0.98283,0.982925,194
2026-05-22T11:47:00+00:00,0.982875,0.9829,0.982825,0.983065,457
2026-05-22T11:48:00+00:00,0.982905,0.98303,0.982845,0.98306,364
2026-05-22T11:49:00+00:00,0.983025,0.982915,0.982915,0.98312,201
2026-05-22T11:50:00+00:00,0.98292,0.982825,0.98273,0.98296,178
2026-05-22T11:51:00+00:00,0.98282,0.98298,0.98282,0.98298,235
2026-05-22T11:52:00+00:00,0.98299,0.98293,0.982925,0.983045,120
2026-05-22T11:53:00+00:00,0.98295,0.983045,0.98293,0.98306,156
2026-05-22T11:54:00+00:00,0.98305,0.983025,0.983005,0.983075,59
2026-05-22T11:55:00+00:00,0.983025,0.982935,0.982925,0.98305,186
2026-05-22T11:56:00+00:00,0.98294,0.982975,0.982925,0.98303,175
2026-05-22T11:57:00+00:00,0.982975,0.982925,0.982875,0.982975,210
2026-05-22T11:58:00+00:00,0.982915,0.9829,0.982875,0.98294,107
2026-05-22T11:59:00+00:00,0.982895,0.98286,0.98282,0.982895,131
2026-05-22T12:00:00+00:00,0.982855,0.983015,0.982735,0.98303,356
2026-05-22T12:01:00+00:00,0.98302,0.983,0.982845,0.983025,232
2026-05-22T12:02:00+00:00,0.983005,0.982965,0.982925,0.983035,153
2026-05-22T12:03:00+00:00,0.98297,0.982825,0.98282,0.983005,304
2026-05-22T12:04:00+00:00,0.982825,0.98287,0.982825,0.98298,156
2026-05-22T12:05:00+00:00,0.98286,0.98291,0.982795,0.98292,184
2026-05-22T12:06:00+00:00,0.982905,0.982835,0.982825,0.98291,111
2026-05-22T12:07:00+00:00,0.982835,0.982725,0.982715,0.98284,148
2026-05-22T12:08:00+00:00,0.98273,0.982775,0.982685,0.982775,237
2026-05-22T12:09:00+00:00,0.982775,0.982725,0.9827,0.982785,192
2026-05-22T12:10:00+00:00,0.982725,0.982775,0.98269,0.982815,160
2026-05-22T12:11:00+00:00,0.98278,0.98283,0.982765,0.98286,166
2026-05-22T12:12:00+00:00,0.98283,0.983455,0.98283,0.98384,1080
2026-05-22T12:13:00+00:00,0.983465,0.984175,0.98342,0.98419,995
2026-05-22T12:14:00+00:00,0.984185,0.983865,0.983655,0.984295,808
2026-05-22T12:15:00+00:00,0.98386,0.983885,0.98373,0.98401,782
2026-05-22T12:16:00+00:00,0.983895,0.984015,0.98388,0.984115,589
2026-05-22T12:17:00+00:00,0.98401,0.983655,0.983645,0.98404,483
2026-05-22T12:18:00+00:00,0.98366,0.98383,0.98356,0.983845,417
2026-05-22T12:19:00+00:00,0.983825,0.984175,0.983755,0.98438,790
2026-05-22T12:20:00+00:00,0.98418,0.983745,0.9837,0.98418,576
2026-05-22T12:21:00+00:00,0.98375,0.98361,0.983585,0.9838,368
2026-05-22T12:22:00+00:00,0.983615,0.983425,0.983345,0.983665,360
2026-05-22T12:23:00+00:00,0.98342,0.983655,0.983395,0.98371,445
2026-05-22T12:24:00+00:00,0.983665,0.983825,0.983645,0.983835,299
2026-05-22T12:25:00+00:00,0.98383,0.98382,0.98377,0.98387,361
2026-05-22T12:26:00+00:00,0.983815,0.983785,0.983725,0.98389,286
2026-05-22T12:27:00+00:00,0.98379,0.98357,0.983565,0.983815,380
2026-05-22T12:28:00+00:00,0.983575,0.98361,0.98357,0.98365,174
2026-05-22T12:29:00+00:00,0.983625,0.983625,0.98357,0.98364,112
2026-05-22T12:30:00+00:00,0.98362,0.98359,0.983495,0.983645,343
2026-05-22T12:31:00+00:00,0.98359,0.983555,0.983545,0.983675,190
2026-05-22T12:32:00+00:00,0.983545,0.983485,0.983485,0.98364,217
2026-05-22T12:33:00+00:00,0.98348,0.98339,0.98336,0.983485,199
2026-05-22T12:34:00+00:00,0.983395,0.983275,0.983125,0.98341,289
2026-05-22T12:35:00+00:00,0.983285,0.98333,0.983205,0.983365,249
2026-05-22T12:36:00+00:00,0.983335,0.9834,0.98322,0.98341,282
2026-05-22T12:37:00+00:00,0.9834,0.983485,0.98337,0.9835,181
2026-05-22T12:38:00+00:00,0.983485,0.983515,0.983465,0.983585,161
2026-05-22T12:39:00+00:00,0.98352,0.983525,0.98352,0.98364,206
2026-05-22T12:40:00+00:00,0.98352,0.98339,0.98338,0.983545,266
2026-05-22T12:41:00+00:00,0.983395,0.98344,0.983375,0.98345,138
2026-05-22T12:42:00+00:00,0.983435,0.983215,0.98319,0.9835,251
2026-05-22T12:43:00+00:00,0.98322,0.983305,0.983085,0.983345,252
2026-05-22T12:44:00+00:00,0.9833,0.983385,0.9833,0.98346,184
2026-05-22T12:45:00+00:00,0.98339,0.98364,0.983385,0.98369,275
2026-05-22T12:46:00+00:00,0.983635,0.98355,0.983495,0.983635,202
2026-05-22T12:47:00+00:00,0.98355,0.983805,0.98354,0.983805,252
2026-05-22T12:48:00+00:00,0.983815,0.98392,0.9838,0.98392,174
2026-05-22T12:49:00+00:00,0.983925,0.98408,0.983915,0.984115,175
2026-05-22T12:50:00+00:00,0.984075,0.983925,0.98392,0.98408,141
2026-05-22T12:51:00+00:00,0.983925,0.98392,0.983875,0.983955,194
2026-05-22T12:52:00+00:00,0.98392,0.98398,0.98392,0.98407,131
2026-05-22T12:53:00+00:00,0.983985,0.984175,0.983975,0.98418,168
2026-05-22T12:54:00+00:00,0.984155,0.984045,0.984015,0.98422,195
2026-05-22T12:55:00+00:00,0.98405,0.98398,0.983975,0.984085,224
2026-05-22T12:56:00+00:00,0.983975,0.984265,0.983975,0.98427,205
2026-05-22T12:57:00+00:00,0.98427,0.9842,0.984175,0.98429,173
2026-05-22T12:58:00+00:00,0.984195,0.984165,0.98411,0.984215,259
2026-05-22T12:59:00+00:00,0.98417,0.98446,0.984105,0.984495,326
2026-05-22T13:00:00+00:00,0.984455,0.98439,0.98435,0.984605,575
2026-05-22T13:01:00+00:00,0.9844,0.984355,0.98435,0.98446,333
2026-05-22T13:02:00+00:00,0.98436,0.984185,0.98418,0.984375,301
2026-05-22T13:03:00+00:00,0.98419,0.98449,0.984155,0.9845,242
2026-05-22T13:04:00+00:00,0.9845,0.984275,0.98424,0.984525,231
2026-05-22T13:05:00+00:00,0.98427,0.98431,0.984255,0.98441,291
2026-05-22T13:06:00+00:00,0.98431,0.984275,0.9842,0.984355,226
2026-05-22T13:07:00+00:00,0.98428,0.984335,0.98425,0.984425,310
2026-05-22T13:08:00+00:00,0.98433,0.9844,0.984265,0.9844,224
2026-05-22T13:09:00+00:00,0.984395,0.984865,0.98435,0.985,544
2026-05-22T13:10:00+00:00,0.98487,0.98484,0.984625,0.98496,697
2026-05-22T13:11:00+00:00,0.984825,0.985105,0.984775,0.985105,651
2026-05-22T13:12:00+00:00,0.98511,0.98492,0.984835,0.98511,512
2026-05-22T13:13:00+00:00,0.984915,0.98488,0.98485,0.9852,522
2026-05-22T13:14:00+00:00,0.984885,0.984835,0.984695,0.98495,414
2026-05-22T13:15:00+00:00,0.984825,0.984905,0.984745,0.98493,410
2026-05-22T13:16:00+00:00,0.9849,0.98479,0.984685,0.98497,406
2026-05-22T13:17:00+00:00,0.984795,0.98464,0.984605,0.984815,299
2026-05-22T13:18:00+00:00,0.984645,0.984675,0.98464,0.98479,261
2026-05-22T13:19:00+00:00,0.984685,0.984615,0.98446,0.984745,534
2026-05-22T13:20:00+00:00,0.98462,0.98441,0.98441,0.98468,421
2026-05-22T13:21:00+00:00,0.984405,0.98411,0.9841,0.98443,379
2026-05-22T13:22:00+00:00,0.984115,0.98421,0.98407,0.984225,298
2026-05-22T13:23:00+00:00,0.984205,0.9842,0.98411,0.98421,222
2026-05-22T13:24:00+00:00,0.984205,0.984155,0.984135,0.984245,286
2026-05-22T13:25:00+00:00,0.98416,0.984265,0.98413,0.984275,255
2026-05-22T13:26:00+00:00,0.98426,0.984455,0.984255,0.98446,273
2026-05-22T13:27:00+00:00,0.984435,0.98446,0.984395,0.984485,284
2026-05-22T13:28:00+00:00,0.984455,0.984525,0.9844,0.984555,189
2026-05-22T13:29:00+00:00,0.98452,0.98433,0.984325,0.98453,230
2026-05-22T13:30:00+00:00,0.984325,0.984405,0.984275,0.984445,580
2026-05-22T13:31:00+00:00,0.9844,0.98443,0.984345,0.98453,387
2026-05-22T13:32:00+00:00,0.98444,0.984385,0.984375,0.984475,267
2026-05-22T13:33:00+00:00,0.98439,0.98413,0.984125,0.984535,597
2026-05-22T13:34:00+00:00,0.984145,0.98422,0.984095,0.98424,553
2026-05-22T13:35:00+00:00,0.984215,0.98435,0.98416,0.984425,423
2026-05-22T13:36:00+00:00,0.984355,0.984305,0.9843,0.984425,375
2026-05-22T13:37:00+00:00,0.9843,0.9843,0.984195,0.984355,457
2026-05-22T13:38:00+00:00,0.984305,0.9842,0.98416,0.98432,435
2026-05-22T13:39:00+00:00,0.984195,0.984175,0.984105,0.984285,308
2026-05-22T13:40:00+00:00,0.98417,0.984115,0.98399,0.984365,561
2026-05-22T13:41:00+00:00,0.984105,0.984055,0.98397,0.98417,434
2026-05-22T13:42:00+00:00,0.98405,0.9838,0.98366,0.984085,659
2026-05-22T13:43:00+00:00,0.983805,0.983945,0.983735,0.98396,513
2026-05-22T13:44:00+00:00,0.98394,0.983825,0.983775,0.98395,409
2026-05-22T13:45:00+00:00,0.983815,0.98364,0.98363,0.983855,374
2026-05-22T13:46:00+00:00,0.983635,0.98348,0.98348,0.98368,306
2026-05-22T13:47:00+00:00,0.983485,0.98353,0.983455,0.983585,268
2026-05-22T13:48:00+00:00,0.983525,0.983245,0.983185,0.983525,458
2026-05-22T13:49:00+00:00,0.983255,0.983225,0.98317,0.98334,349
2026-05-22T13:50:00+00:00,0.983235,0.98325,0.98309,0.98333,469
2026-05-22T13:51:00+00:00,0.983255,0.983545,0.983215,0.983555,499
2026-05-22T13:52:00+00:00,0.98355,0.98358,0.983475,0.983615,336
2026-05-22T13:53:00+00:00,0.98356,0.983805,0.9835,0.983815,380
2026-05-22T13:54:00+00:00,0.98381,0.98388,0.98376,0.98389,387
2026-05-22T13:55:00+00:00,0.983865,0.983785,0.983755,0.983865,376
2026-05-22T13:56:00+00:00,0.983775,0.9838,0.98376,0.983825,252
2026-05-22T13:57:00+00:00,0.98381,0.983755,0.98369,0.98394,282
2026-05-22T13:58:00+00:00,0.98376,0.983675,0.98366,0.9838,254
2026-05-22T13:59:00+00:00,0.98367,0.98371,0.98367,0.983765,187
2026-05-22T14:00:00+00:00,0.983715,0.98297,0.982965,0.983745,919
2026-05-22T14:01:00+00:00,0.98296,0.98284,0.98273,0.983125,673
2026-05-22T14:02:00+00:00,0.982835,0.982795,0.9826,0.982975,745
2026-05-22T14:03:00+00:00,0.982805,0.982745,0.982645,0.98291,792
2026-05-22T14:04:00+00:00,0.98275,0.982775,0.982705,0.98295,740
2026-05-22T14:05:00+00:00,0.98277,0.982835,0.9827,0.982915,595
2026-05-22T14:06:00+00:00,0.98284,0.98269,0.98263,0.982875,562
2026-05-22T14:07:00+00:00,0.982685,0.98273,0.982635,0.982775,484
2026-05-22T14:08:00+00:00,0.982725,0.98299,0.982695,0.983,396
2026-05-22T14:09:00+00:00,0.982995,0.983245,0.98291,0.983265,490
2026-05-22T14:10:00+00:00,0.98324,0.983335,0.98318,0.98335,419
2026-05-22T14:11:00+00:00,0.98333,0.98317,0.983125,0.98333,326
2026-05-22T14:12:00+00:00,0.983175,0.983115,0.98308,0.9832,270
2026-05-22T14:13:00+00:00,0.98311,0.98301,0.98286,0.983115,471
2026-05-22T14:14:00+00:00,0.983015,0.98301,0.982955,0.9831,402
2026-05-22T14:15:00+00:00,0.983015,0.983135,0.98296,0.983165,473
2026-05-22T14:16:00+00:00,0.98314,0.983165,0.98307,0.98327,521
2026-05-22T14:17:00+00:00,0.98316,0.982985,0.982965,0.983255,401
2026-05-22T14:18:00+00:00,0.982975,0.98305,0.982945,0.983115,458
2026-05-22T14:19:00+00:00,0.983045,0.983215,0.98302,0.983215,270
2026-05-22T14:20:00+00:00,0.98322,0.98331,0.983215,0.98334,326
2026-05-22T14:21:00+00:00,0.983315,0.983345,0.9832,0.983355,351
2026-05-22T14:22:00+00:00,0.983355,0.98317,0.983165,0.983355,347
2026-05-22T14:23:00+00:00,0.983165,0.983025,0.983025,0.983275,353
2026-05-22T14:24:00+00:00,0.98304,0.983145,0.982995,0.98316,348
2026-05-22T14:25:00+00:00,0.98315,0.983375,0.983125,0.98338,295
2026-05-22T14:26:00+00:00,0.983375,0.983425,0.983355,0.983535,310
2026-05-22T14:27:00+00:00,0.98343,0.98349,0.98337,0.98351,387
2026-05-22T14:28:00+00:00,0.9835,0.98356,0.98341,0.98356,399
2026-05-22T14:29:00+00:00,0.983555,0.983675,0.983525,0.983675,281
2026-05-22T14:30:00+00:00,0.98367,0.9838,0.983565,0.983825,357
2026-05-22T14:31:00+00:00,0.983805,0.984015,0.98379,0.984035,281
2026-05-22T14:32:00+00:00,0.98402,0.984125,0.983975,0.98416,356
2026-05-22T14:33:00+00:00,0.98412,0.984135,0.984055,0.984175,334
2026-05-22T14:34:00+00:00,0.98413,0.984235,0.984095,0.984275,376
2026-05-22T14:35:00+00:00,0.98424,0.984075,0.984075,0.98429,445
2026-05-22T14:36:00+00:00,0.98408,0.98421,0.984055,0.984225,316
2026-05-22T14:37:00+00:00,0.984205,0.984235,0.98414,0.984275,240
2026-05-22T14:38:00+00:00,0.98423,0.984125,0.98406,0.98425,375
2026-05-22T14:39:00+00:00,0.984115,0.983995,0.983965,0.98413,391
2026-05-22T14:40:00+00:00,0.984,0.984175,0.98399,0.98425,394
2026-05-22T14:41:00+00:00,0.98417,0.984275,0.984115,0.984295,251
2026-05-22T14:42:00+00:00,0.98427,0.984255,0.98415,0.984275,239
2026-05-22T14:43:00+00:00,0.98425,0.98411,0.984085,0.984275,296
2026-05-22T14:44:00+00:00,0.984125,0.98423,0.984075,0.984275,270
2026-05-22T14:45:00+00:00,0.984225,0.98448,0.984225,0.984495,345
2026-05-22T14:46:00+00:00,0.984475,0.98441,0.984365,0.98449,300
2026-05-22T14:47:00+00:00,0.984415,0.984425,0.9844,0.984475,322
2026-05-22T14:48:00+00:00,0.98442,0.98432,0.9843,0.98447,202
2026-05-22T14:49:00+00:00,0.984325,0.984045,0.98404,0.984405,320
2026-05-22T14:50:00+00:00,0.984045,0.984115,0.984015,0.98417,329
2026-05-22T14:51:00+00:00,0.98412,0.984475,0.98408,0.984475,527
2026-05-22T14:52:00+00:00,0.98448,0.984575,0.984435,0.984625,430
2026-05-22T14:53:00+00:00,0.98457,0.984865,0.984555,0.984875,453
2026-05-22T14:54:00+00:00,0.98487,0.984855,0.984795,0.9849,405
2026-05-22T14:55:00+00:00,0.98486,0.984935,0.98471,0.98496,439
2026-05-22T14:56:00+00:00,0.98494,0.984745,0.98472,0.985025,444
2026-05-22T14:57:00+00:00,0.98475,0.985025,0.984695,0.98508,511
2026-05-22T14:58:00+00:00,0.98502,0.984975,0.984925,0.985025,372
2026-05-22T14:59:00+00:00,0.98498,0.984925,0.984855,0.985025,273
2026-05-22T15:00:00+00:00,0.984915,0.984875,0.984765,0.98493,407
2026-05-22T15:01:00+00:00,0.98487,0.984775,0.984725,0.984935,311
2026-05-22T15:02:00+00:00,0.98478,0.98479,0.984695,0.984875,287
2026-05-22T15:03:00+00:00,0.984785,0.98482,0.984625,0.984825,282
2026-05-22T15:04:00+00:00,0.98481,0.98493,0.98474,0.985,262
2026-05-22T15:05:00+00:00,0.984935,0.985175,0.9849,0.985225,339
2026-05-22T15:06:00+00:00,0.98518,0.98512,0.985075,0.98532,475
2026-05-22T15:07:00+00:00,0.985125,0.985225,0.985075,0.98527,376
2026-05-22T15:08:00+00:00,0.98522,0.985085,0.98507,0.985255,358
2026-05-22T15:09:00+00:00,0.985085,0.985095,0.984975,0.985125,268
2026-05-22T15:10:00+00:00,0.9851,0.98511,0.98503,0.98512,208
2026-05-22T15:11:00+00:00,0.985105,0.985125,0.98502,0.985135,240
2026-05-22T15:12:00+00:00,0.98512,0.985065,0.985025,0.985125,223
2026-05-22T15:13:00+00:00,0.98507,0.985105,0.985025,0.98514,150
2026-05-22T15:14:00+00:00,0.985095,0.985075,0.98507,0.98514,203
2026-05-22T15:15:00+00:00,0.98508,0.985105,0.98505,0.985125,166
2026-05-22T15:16:00+00:00,0.9851,0.98498,0.984975,0.985205,228
2026-05-22T15:17:00+00:00,0.984975,0.98494,0.984895,0.98498,206
2026-05-22T15:18:00+00:00,0.984935,0.9849,0.98487,0.984975,239
2026-05-22T15:19:00+00:00,0.984895,0.984905,0.984875,0.984995,244
2026-05-22T15:20:00+00:00,0.98491,0.985005,0.984845,0.985015,247
2026-05-22T15:21:00+00:00,0.985,0.984855,0.98484,0.985,293
2026-05-22T15:22:00+00:00,0.984845,0.985005,0.984825,0.985005,252
2026-05-22T15:23:00+00:00,0.98501,0.98502,0.98497,0.98504,234
2026-05-22T15:24:00+00:00,0.985005,0.98492,0.98491,0.98503,271
2026-05-22T15:25:00+00:00,0.984925,0.984955,0.984805,0.98497,236
2026-05-22T15:26:00+00:00,0.98495,0.98496,0.98495,0.9851,270
2026-05-22T15:27:00+00:00,0.984965,0.985155,0.984945,0.985175,195
2026-05-22T15:28:00+00:00,0.98515,0.985175,0.98512,0.985245,159
2026-05-22T15:29:00+00:00,0.985185,0.985125,0.985075,0.985195,190
2026-05-22T15:30:00+00:00,0.98513,0.985175,0.98503,0.98519,345
2026-05-22T15:31:00+00:00,0.98518,0.985235,0.985125,0.985275,259
2026-05-22T15:32:00+00:00,0.985255,0.98515,0.98515,0.985275,289
2026-05-22T15:33:00+00:00,0.985155,0.985105,0.98505,0.98522,254
2026-05-22T15:34:00+00:00,0.98511,0.985075,0.98505,0.985165,268
2026-05-22T15:35:00+00:00,0.98507,0.98511,0.984935,0.98511,301
2026-05-22T15:36:00+00:00,0.985105,0.98521,0.98509,0.98522,260
2026-05-22T15:37:00+00:00,0.985215,0.985175,0.985175,0.98529,250
2026-05-22T15:38:00+00:00,0.985185,0.985235,0.985175,0.985275,293
2026-05-22T15:39:00+00:00,0.98524,0.985275,0.985215,0.985325,277
2026-05-22T15:40:00+00:00,0.98527,0.98529,0.98523,0.985305,230
2026-05-22T15:41:00+00:00,0.985285,0.985285,0.985275,0.98535,214
2026-05-22T15:42:00+00:00,0.98529,0.985365,0.98528,0.985375,163
2026-05-22T15:43:00+00:00,0.98537,0.985545,0.98531,0.98555,266
2026-05-22T15:44:00+00:00,0.98554,0.98553,0.985525,0.98563,180
2026-05-22T15:45:00+00:00,0.985535,0.985725,0.9855,0.985725,203
2026-05-22T15:46:00+00:00,0.985725,0.985535,0.985525,0.985725,213
2026-05-22T15:47:00+00:00,0.985545,0.985525,0.985485,0.985625,281
2026-05-22T15:48:00+00:00,0.985525,0.985425,0.985415,0.985545,328
2026-05-22T15:49:00+00:00,0.98543,0.985385,0.985355,0.98546,247
2026-05-22T15:50:00+00:00,0.985395,0.98539,0.98536,0.985425,199
2026-05-22T15:51:00+00:00,0.98539,0.985455,0.985385,0.985475,195
2026-05-22T15:52:00+00:00,0.985465,0.98547,0.9854,0.985505,206
2026-05-22T15:53:00+00:00,0.985475,0.985585,0.98547,0.98561,255
2026-05-22T15:54:00+00:00,0.98558,0.98553,0.985525,0.985625,227
2026-05-22T15:55:00+00:00,0.985535,0.9854,0.98538,0.985575,306
2026-05-22T15:56:00+00:00,0.985405,0.985375,0.985355,0.985445,241
2026-05-22T15:57:00+00:00,0.98538,0.985325,0.985295,0.98538,240
2026-05-22T15:58:00+00:00,0.985325,0.985475,0.985325,0.98555,207
2026-05-22T15:59:00+00:00,0.985475,0.98538,0.985345,0.98548,156
2026-05-22T16:00:00+00:00,0.985375,0.98535,0.98521,0.98541,344
2026-05-22T16:01:00+00:00,0.985345,0.98562,0.98533,0.985635,303
2026-05-22T16:02:00+00:00,0.985615,0.985645,0.98554,0.98565,277
2026-05-22T16:03:00+00:00,0.98564,0.985525,0.98544,0.985645,223
2026-05-22T16:04:00+00:00,0.985515,0.985645,0.985495,0.985655,225
2026-05-22T16:05:00+00:00,0.98565,0.985575,0.98555,0.98567,212
2026-05-22T16:06:00+00:00,0.985565,0.9855,0.98547,0.98558,214
2026-05-22T16:07:00+00:00,0.98549,0.985525,0.985445,0.985575,256
2026-05-22T16:08:00+00:00,0.98553,0.985585,0.98547,0.98559,200
2026-05-22T16:09:00+00:00,0.98559,0.985495,0.985435,0.98562,245
2026-05-22T16:10:00+00:00,0.98549,0.985475,0.985405,0.98552,283
2026-05-22T16:11:00+00:00,0.98547,0.98558,0.985465,0.98558,252
2026-05-22T16:12:00+00:00,0.985585,0.98556,0.98553,0.98565,176
2026-05-22T16:13:00+00:00,0.985555,0.98542,0.985405,0.9856,142
2026-05-22T16:14:00+00:00,0.985415,0.98538,0.98535,0.98544,148
2026-05-22T16:15:00+00:00,0.985375,0.98516,0.98512,0.985375,273
2026-05-22T16:16:00+00:00,0.985165,0.985365,0.98515,0.985375,218
2026-05-22T16:17:00+00:00,0.98538,0.985375,0.98535,0.985445,222
2026-05-22T16:18:00+00:00,0.98538,0.985345,0.98523,0.985395,229
2026-05-22T16:19:00+00:00,0.985355,0.985215,0.985185,0.985355,193
2026-05-22T16:20:00+00:00,0.98521,0.98534,0.985185,0.98534,243
2026-05-22T16:21:00+00:00,0.985335,0.98533,0.985285,0.98536,215
2026-05-22T16:22:00+00:00,0.985325,0.985415,0.985315,0.98544,190
2026-05-22T16:23:00+00:00,0.98541,0.98542,0.98536,0.98547,299
2026-05-22T16:24:00+00:00,0.985425,0.985455,0.98538,0.985475,273
2026-05-22T16:25:00+00:00,0.98546,0.985575,0.98543,0.985575,241
2026-05-22T16:26:00+00:00,0.985565,0.98562,0.98554,0.98563,249
2026-05-22T16:27:00+00:00,0.985625,0.985585,0.985575,0.985635,264
2026-05-22T16:28:00+00:00,0.98559,0.985665,0.985575,0.985665,175
2026-05-22T16:29:00+00:00,0.98567,0.985715,0.98563,0.98573,230
2026-05-22T16:30:00+00:00,0.98571,0.985765,0.985705,0.985825,197
2026-05-22T16:31:00+00:00,0.98577,0.985735,0.98569,0.98583,232
2026-05-22T16:32:00+00:00,0.98574,0.985625,0.98561,0.98577,254
2026-05-22T16:33:00+00:00,0.985635,0.9855,0.98545,0.98569,259
2026-05-22T16:34:00+00:00,0.98551,0.98538,0.98537,0.98551,275
2026-05-22T16:35:00+00:00,0.98538,0.985315,0.98531,0.9854,195
2026-05-22T16:36:00+00:00,0.98531,0.985305,0.985255,0.985325,270
2026-05-22T16:37:00+00:00,0.9853,0.985445,0.9853,0.985445,206
2026-05-22T16:38:00+00:00,0.98545,0.98535,0.9853,0.98545,219
2026-05-22T16:39:00+00:00,0.98535,0.98534,0.985285,0.985385,273
2026-05-22T16:40:00+00:00,0.985335,0.985295,0.985275,0.985345,139
2026-05-22T16:41:00+00:00,0.985295,0.985375,0.98527,0.98539,179
2026-05-22T16:42:00+00:00,0.98538,0.98532,0.985315,0.98539,188
2026-05-22T16:43:00+00:00,0.985325,0.985275,0.98526,0.98533,222
2026-05-22T16:44:00+00:00,0.985275,0.98525,0.98524,0.98534,106
2026-05-22T16:45:00+00:00,0.98526,0.98529,0.98524,0.98534,190
2026-05-22T16:46:00+00:00,0.985285,0.985395,0.98528,0.985435,225
2026-05-22T16:47:00+00:00,0.985405,0.98537,0.985355,0.98542,153
2026-05-22T16:48:00+00:00,0.985375,0.9853,0.9853,0.9854,197
2026-05-22T16:49:00+00:00,0.985295,0.9853,0.98529,0.98536,211
2026-05-22T16:50:00+00:00,0.985305,0.985315,0.985285,0.985385,176
2026-05-22T16:51:00+00:00,0.98531,0.985315,0.985265,0.985365,187
2026-05-22T16:52:00+00:00,0.985305,0.9853,0.985265,0.98534,228
2026-05-22T16:53:00+00:00,0.985295,0.985335,0.985295,0.98536,191
2026-05-22T16:54:00+00:00,0.98534,0.985295,0.985295,0.98539,252
2026-05-22T16:55:00+00:00,0.9853,0.985265,0.985245,0.985325,138
2026-05-22T16:56:00+00:00,0.98526,0.985205,0.985205,0.985305,215
2026-05-22T16:57:00+00:00,0.9852,0.98517,0.985125,0.98524,214
2026-05-22T16:58:00+00:00,0.985175,0.985245,0.98515,0.985245,138
2026-05-22T16:59:00+00:00,0.98525,0.985255,0.98521,0.985265,131
2026-05-22T17:00:00+00:00,0.98527,0.985435,0.98526,0.985465,241
2026-05-22T17:01:00+00:00,0.98544,0.985495,0.985425,0.985495,110
2026-05-22T17:02:00+00:00,0.98549,0.98555,0.98549,0.985565,105
2026-05-22T17:03:00+00:00,0.985545,0.985595,0.985545,0.985635,168
2026-05-22T17:04:00+00:00,0.9856,0.98566,0.98559,0.98567,119
2026-05-22T17:05:00+00:00,0.98566,0.98566,0.985615,0.985695,150
2026-05-22T17:06:00+00:00,0.985665,0.985625,0.98561,0.985705,213
2026-05-22T17:07:00+00:00,0.98563,0.985645,0.98558,0.98568,190
2026-05-22T17:08:00+00:00,0.98564,0.985645,0.98559,0.985655,116
2026-05-22T17:09:00+00:00,0.98565,0.985705,0.98562,0.985725,121
2026-05-22T17:10:00+00:00,0.98571,0.985765,0.985705,0.98578,162
2026-05-22T17:11:00+00:00,0.98577,0.98579,0.98573,0.9858,128
2026-05-22T17:12:00+00:00,0.985785,0.98569,0.985645,0.985785,148
2026-05-22T17:13:00+00:00,0.98569,0.98566,0.98563,0.98573,84
2026-05-22T17:14:00+00:00,0.985655,0.98568,0.985605,0.985695,155
2026-05-22T17:15:00+00:00,0.98568,0.98571,0.98567,0.985745,137
2026-05-22T17:16:00+00:00,0.985715,0.98572,0.985685,0.98574,111
2026-05-22T17:17:00+00:00,0.985725,0.985715,0.9857,0.98578,166
2026-05-22T17:18:00+00:00,0.98572,0.985515,0.98551,0.98573,142
2026-05-22T17:19:00+00:00,0.98551,0.985265,0.98524,0.98556,220
2026-05-22T17:20:00+00:00,0.98528,0.985315,0.985195,0.98542,572
2026-05-22T17:21:00+00:00,0.98531,0.985185,0.98508,0.98531,371
2026-05-22T17:22:00+00:00,0.98518,0.98514,0.98512,0.98523,279
2026-05-22T17:23:00+00:00,0.985145,0.985175,0.98506,0.985185,281
2026-05-22T17:24:00+00:00,0.98518,0.985225,0.985065,0.985235,167
2026-05-22T17:25:00+00:00,0.98522,0.9853,0.98521,0.985315,359
2026-05-22T17:26:00+00:00,0.985295,0.9853,0.985255,0.98533,245
2026-05-22T17:27:00+00:00,0.98531,0.98544,0.98531,0.985485,272
2026-05-22T17:28:00+00:00,0.985435,0.985485,0.985235,0.985785,1278
2026-05-22T17:29:00+00:00,0.98549,0.985915,0.98531,0.98597,1029
2026-05-22T17:30:00+00:00,0.98592,0.986175,0.98591,0.98621,1067
2026-05-22T17:31:00+00:00,0.98618,0.986065,0.986025,0.98634,864
2026-05-22T17:32:00+00:00,0.98606,0.985945,0.985865,0.986165,708
2026-05-22T17:33:00+00:00,0.98595,0.98586,0.985835,0.98595,467
2026-05-22T17:34:00+00:00,0.985855,0.985865,0.985855,0.985995,416
2026-05-22T17:35:00+00:00,0.985855,0.98583,0.985795,0.985885,248
2026-05-22T17:36:00+00:00,0.985825,0.985825,0.985735,0.985885,328
2026-05-22T17:37:00+00:00,0.98582,0.985895,0.985815,0.98592,219
2026-05-22T17:38:00+00:00,0.985905,0.985955,0.98587,0.98598,321
2026-05-22T17:39:00+00:00,0.98596,0.986075,0.985935,0.986095,261
2026-05-22T17:40:00+00:00,0.98607,0.985955,0.98591,0.986095,204
2026-05-22T17:41:00+00:00,0.98595,0.98592,0.985905,0.986,177
2026-05-22T17:42:00+00:00,0.985925,0.98608,0.985915,0.986085,199
2026-05-22T17:43:00+00:00,0.986075,0.986045,0.98602,0.9861,212
2026-05-22T17:44:00+00:00,0.98606,0.985945,0.985935,0.986085,216
2026-05-22T17:45:00+00:00,0.985955,0.985965,0.98593,0.98601,435
2026-05-22T17:46:00+00:00,0.98596,0.985915,0.985905,0.986005,134
2026-05-22T17:47:00+00:00,0.985925,0.985935,0.985865,0.986,246
2026-05-22T17:48:00+00:00,0.985945,0.985935,0.985915,0.98601,152
2026-05-22T17:49:00+00:00,0.98594,0.98596,0.985905,0.986015,121
2026-05-22T17:50:00+00:00,0.985955,0.98595,0.985875,0.98598,154
2026-05-22T17:51:00+00:00,0.985945,0.98605,0.985885,0.98606,265
2026-05-22T17:52:00+00:00,0.986055,0.98599,0.985945,0.986065,216
2026-05-22T17:53:00+00:00,0.985985,0.986005,0.98598,0.986035,180
2026-05-22T17:54:00+00:00,0.986,0.98588,0.98583,0.98604,228
2026-05-22T17:55:00+00:00,0.985875,0.98594,0.98586,0.98595,176
2026-05-22T17:56:00+00:00,0.985945,0.98593,0.985885,0.98597,151
2026-05-22T17:57:00+00:00,0.98593,0.98595,0.98593,0.986065,214
2026-05-22T17:58:00+00:00,0.985945,0.985895,0.985875,0.98595,237
2026-05-22T17:59:00+00:00,0.985895,0.985815,0.98579,0.985895,238
2026-05-22T18:00:00+00:00,0.985805,0.985875,0.985785,0.985895,246
2026-05-22T18:01:00+00:00,0.985885,0.98582,0.98575,0.985895,247
2026-05-22T18:02:00+00:00,0.98583,0.98586,0.98579,0.98589,210
2026-05-22T18:03:00+00:00,0.985855,0.985745,0.985735,0.985855,202
2026-05-22T18:04:00+00:00,0.98575,0.985665,0.985335,0.985775,464
2026-05-22T18:05:00+00:00,0.98565,0.985625,0.985585,0.985685,375
2026-05-22T18:06:00+00:00,0.985625,0.985565,0.985505,0.985645,251
2026-05-22T18:07:00+00:00,0.985555,0.98573,0.98553,0.98573,300
2026-05-22T18:08:00+00:00,0.985725,0.98572,0.985675,0.98577,248
2026-05-22T18:09:00+00:00,0.98572,0.985645,0.98564,0.98572,249
2026-05-22T18:10:00+00:00,0.98565,0.985585,0.985575,0.98566,195
2026-05-22T18:11:00+00:00,0.98558,0.985505,0.98549,0.985645,217
2026-05-22T18:12:00+00:00,0.9855,0.985395,0.985375,0.985505,227
2026-05-22T18:13:00+00:00,0.9854,0.98546,0.985365,0.985485,159
2026-05-22T18:14:00+00:00,0.985465,0.985525,0.98542,0.985545,249
2026-05-22T18:15:00+00:00,0.98552,0.985505,0.98546,0.98557,202
2026-05-22T18:16:00+00:00,0.9855,0.985565,0.98549,0.9856,176
2026-05-22T18:17:00+00:00,0.98556,0.98556,0.98551,0.985585,194
2026-05-22T18:18:00+00:00,0.98557,0.98562,0.985565,0.985725,206
2026-05-22T18:19:00+00:00,0.985625,0.985635,0.985605,0.98568,173
2026-05-22T18:20:00+00:00,0.98564,0.98567,0.98563,0.9857,168
2026-05-22T18:21:00+00:00,0.98567,0.98561,0.985605,0.985715,139
2026-05-22T18:22:00+00:00,0.985615,0.985635,0.985515,0.985645,201
2026-05-22T18:23:00+00:00,0.98563,0.98556,0.98553,0.98563,192
2026-05-22T18:24:00+00:00,0.98557,0.98556,0.985485,0.985585,228
2026-05-22T18:25:00+00:00,0.98556,0.985515,0.9855,0.9856,137
2026-05-22T18:26:00+00:00,0.98551,0.985475,0.985455,0.98554,227
2026-05-22T18:27:00+00:00,0.98548,0.985535,0.985455,0.985585,152
2026-05-22T18:28:00+00:00,0.985545,0.98548,0.985445,0.985545,180
2026-05-22T18:29:00+00:00,0.985485,0.985445,0.985425,0.98549,145
2026-05-22T18:30:00+00:00,0.98544,0.98536,0.985315,0.98545,120
2026-05-22T18:31:00+00:00,0.985365,0.985405,0.98532,0.985405,140
2026-05-22T18:32:00+00:00,0.985405,0.98539,0.985375,0.985425,70
2026-05-22T18:33:00+00:00,0.985395,0.98544,0.985395,0.98548,119
2026-05-22T18:34:00+00:00,0.98544,0.985435,0.985415,0.98548,65
2026-05-22T18:35:00+00:00,0.985435,0.98533,0.98532,0.985435,98
2026-05-22T18:36:00+00:00,0.985335,0.985375,0.985325,0.98538,131
2026-05-22T18:37:00+00:00,0.98537,0.985335,0.98532,0.985385,146
2026-05-22T18:38:00+00:00,0.98533,0.98543,0.985275,0.985455,210
2026-05-22T18:39:00+00:00,0.98542,0.98553,0.98539,0.985735,518
2026-05-22T18:40:00+00:00,0.98552,0.98558,0.985515,0.985635,263
2026-05-22T18:41:00+00:00,0.985585,0.98559,0.985525,0.985615,297
2026-05-22T18:42:00+00:00,0.985595,0.98555,0.985505,0.98561,142
2026-05-22T18:43:00+00:00,0.985555,0.985635,0.98555,0.985655,143
2026-05-22T18:44:00+00:00,0.98564,0.98559,0.985575,0.98564,159
2026-05-22T18:45:00+00:00,0.985585,0.985545,0.98554,0.985645,207
2026-05-22T18:46:00+00:00,0.985545,0.98556,0.985545,0.98561,105
2026-05-22T18:47:00+00:00,0.985565,0.98549,0.985475,0.985585,163
2026-05-22T18:48:00+00:00,0.985485,0.9855,0.98547,0.98552,168
2026-05-22T18:49:00+00:00,0.985505,0.98551,0.985465,0.98554,182
2026-05-22T18:50:00+00:00,0.985515,0.98556,0.985515,0.98559,125
2026-05-22T18:51:00+00:00,0.985565,0.985575,0.98555,0.985605,220
2026-05-22T18:52:00+00:00,0.985575,0.98554,0.98553,0.985585,123
2026-05-22T18:53:00+00:00,0.985545,0.985615,0.98553,0.98565,196
2026-05-22T18:54:00+00:00,0.98561,0.985615,0.985605,0.985665,177
2026-05-22T18:55:00+00:00,0.985605,0.98555,0.98552,0.985615,109
2026-05-22T18:56:00+00:00,0.98555,0.985565,0.98551,0.98559,115
2026-05-22T18:57:00+00:00,0.985565,0.9857,0.985565,0.98571,112
2026-05-22T18:58:00+00:00,0.985705,0.985675,0.98565,0.985705,74
2026-05-22T18:59:00+00:00,0.98567,0.985725,0.98567,0.98574,107
2026-05-22T19:00:00+00:00,0.98572,0.98576,0.98566,0.985775,144
2026-05-22T19:01:00+00:00,0.98576,0.98562,0.98559,0.98578,158
2026-05-22T19:02:00+00:00,0.985625,0.98547,0.985415,0.98571,271
2026-05-22T19:03:00+00:00,0.98546,0.98535,0.98535,0.98547,339
2026-05-22T19:04:00+00:00,0.98534,0.98541,0.98532,0.98545,177
2026-05-22T19:05:00+00:00,0.985415,0.985395,0.98533,0.985435,152
2026-05-22T19:06:00+00:00,0.985385,0.985275,0.985255,0.985395,173
2026-05-22T19:07:00+00:00,0.98527,0.98534,0.985265,0.98538,126
2026-05-22T19:08:00+00:00,0.98534,0.98532,0.985305,0.98538,126
2026-05-22T19:09:00+00:00,0.985315,0.985345,0.98526,0.985365,230
2026-05-22T19:10:00+00:00,0.985355,0.98534,0.985315,0.98538,153
2026-05-22T19:11:00+00:00,0.985335,0.985335,0.98532,0.98537,198
2026-05-22T19:12:00+00:00,0.98533,0.98543,0.985305,0.985435,108
2026-05-22T19:13:00+00:00,0.985425,0.985385,0.98537,0.985435,82
2026-05-22T19:14:00+00:00,0.985385,0.98534,0.985315,0.985385,110
2026-05-22T19:15:00+00:00,0.985345,0.985405,0.98534,0.98544,161
2026-05-22T19:16:00+00:00,0.9854,0.985395,0.98536,0.985405,177
2026-05-22T19:17:00+00:00,0.98539,0.985415,0.98538,0.98544,199
2026-05-22T19:18:00+00:00,0.985425,0.985465,0.98541,0.985505,251
2026-05-22T19:19:00+00:00,0.98546,0.98546,0.98544,0.985475,120
2026-05-22T19:20:00+00:00,0.98546,0.985315,0.985295,0.98546,79
2026-05-22T19:21:00+00:00,0.985305,0.985305,0.985275,0.98533,99
2026-05-22T19:22:00+00:00,0.98531,0.985205,0.9852,0.985315,131
2026-05-22T19:23:00+00:00,0.98521,0.985205,0.9852,0.985245,114
2026-05-22T19:24:00+00:00,0.98521,0.985185,0.985155,0.985245,157
2026-05-22T19:25:00+00:00,0.985185,0.98511,0.98511,0.985185,51
2026-05-22T19:26:00+00:00,0.98511,0.98508,0.98505,0.98511,68
2026-05-22T19:27:00+00:00,0.985075,0.98509,0.985065,0.9851,48
2026-05-22T19:28:00+00:00,0.98509,0.985055,0.985045,0.98509,45
2026-05-22T19:29:00+00:00,0.98505,0.98498,0.98495,0.98507,141
2026-05-22T19:30:00+00:00,0.98499,0.984855,0.984855,0.98501,221
2026-05-22T19:31:00+00:00,0.98486,0.98486,0.984825,0.98492,141
2026-05-22T19:32:00+00:00,0.984855,0.984925,0.98484,0.98495,110
2026-05-22T19:33:00+00:00,0.98492,0.98495,0.984895,0.98496,88
2026-05-22T19:34:00+00:00,0.984945,0.98497,0.98489,0.98499,92
2026-05-22T19:35:00+00:00,0.984965,0.984985,0.9849,0.98499,155
2026-05-22T19:36:00+00:00,0.984985,0.985015,0.984955,0.98502,103
2026-05-22T19:37:00+00:00,0.985015,0.985,0.98494,0.985015,159
2026-05-22T19:38:00+00:00,0.985005,0.984995,0.984945,0.98502,140
2026-05-22T19:39:00+00:00,0.984995,0.98499,0.984975,0.985025,89
2026-05-22T19:40:00+00:00,0.98499,0.98496,0.98494,0.985015,95
2026-05-22T19:41:00+00:00,0.98496,0.98498,0.98491,0.98502,136
2026-05-22T19:42:00+00:00,0.98498,0.98495,0.98491,0.98498,106
2026-05-22T19:43:00+00:00,0.984945,0.984975,0.984915,0.98498,127
2026-05-22T19:44:00+00:00,0.98498,0.985055,0.98498,0.98508,144
2026-05-22T19:45:00+00:00,0.985065,0.985055,0.98505,0.98511,197
2026-05-22T19:46:00+00:00,0.98505,0.98505,0.985015,0.98509,213
2026-05-22T19:47:00+00:00,0.985045,0.98511,0.985045,0.98514,160
2026-05-22T19:48:00+00:00,0.985105,0.985085,0.98506,0.985105,80
2026-05-22T19:49:00+00:00,0.985075,0.985045,0.98504,0.98509,147
2026-05-22T19:50:00+00:00,0.98505,0.98513,0.98498,0.98513,222
2026-05-22T19:51:00+00:00,0.985125,0.985065,0.98501,0.98513,156
2026-05-22T19:52:00+00:00,0.98506,0.98504,0.98501,0.9851,173
2026-05-22T19:53:00+00:00,0.985035,0.98501,0.984995,0.98509,84
2026-05-22T19:54:00+00:00,0.985,0.98502,0.98497,0.98503,89
2026-05-22T19:55:00+00:00,0.985015,0.985155,0.98501,0.98517,82
2026-05-22T19:56:00+00:00,0.98516,0.985155,0.98513,0.98519,96
2026-05-22T19:57:00+00:00,0.985155,0.98531,0.98514,0.985345,218
2026-05-22T19:58:00+00:00,0.985305,0.9853,0.985275,0.98532,107
2026-05-22T19:59:00+00:00,0.985295,0.985265,0.985205,0.98531,133
2026-05-22T20:00:00+00:00,0.985275,0.98526,0.98523,0.98532,174
2026-05-22T20:01:00+00:00,0.985255,0.98516,0.98516,0.98529,94
2026-05-22T20:02:00+00:00,0.985155,0.985045,0.98504,0.98519,92
2026-05-22T20:03:00+00:00,0.985045,0.98505,0.98502,0.98509,74
2026-05-22T20:04:00+00:00,0.98506,0.98504,0.98501,0.98506,131
2026-05-22T20:05:00+00:00,0.985045,0.98503,0.984995,0.985065,146
2026-05-22T20:06:00+00:00,0.985035,0.985095,0.98501,0.98513,97
2026-05-22T20:07:00+00:00,0.985085,0.985045,0.985035,0.98511,78
2026-05-22T20:08:00+00:00,0.98505,0.985085,0.98501,0.98509,60
2026-05-22T20:09:00+00:00,0.985085,0.985095,0.985045,0.985115,139
2026-05-22T20:10:00+00:00,0.985095,0.985095,0.985075,0.98511,52
2026-05-22T20:11:00+00:00,0.985085,0.985025,0.98499,0.98509,60
2026-05-22T20:12:00+00:00,0.985025,0.98503,0.98501,0.985045,12
2026-05-22T20:13:00+00:00,0.98503,0.98508,0.98502,0.98509,61
2026-05-22T20:14:00+00:00,0.985085,0.98516,0.985085,0.98516,122
2026-05-22T20:15:00+00:00,0.985155,0.9851,0.985085,0.985165,114
2026-05-22T20:16:00+00:00,0.985095,0.98507,0.98507,0.98517,122
2026-05-22T20:17:00+00:00,0.98507,0.98505,0.985035,0.98511,164
2026-05-22T20:18:00+00:00,0.985045,0.985045,0.98501,0.98506,149
2026-05-22T20:19:00+00:00,0.985045,0.985105,0.98503,0.98511,132
2026-05-22T20:20:00+00:00,0.98511,0.98504,0.98503,0.985115,56
2026-05-22T20:21:00+00:00,0.98504,0.98504,0.985025,0.98509,61
2026-05-22T20:22:00+00:00,0.98504,0.98503,0.98503,0.985055,19
2026-05-22T20:23:00+00:00,0.985025,0.98504,0.985025,0.98506,65
2026-05-22T20:24:00+00:00,0.98504,0.98504,0.98503,0.98507,19
2026-05-22T20:25:00+00:00,0.985045,0.984995,0.98499,0.98506,37
2026-05-22T20:26:00+00:00,0.98499,0.984985,0.984985,0.98502,59
2026-05-22T20:27:00+00:00,0.984985,0.985035,0.984985,0.985075,267
2026-05-22T20:28:00+00:00,0.985035,0.985045,0.985035,0.985085,61
2026-05-22T20:29:00+00:00,0.98505,0.98494,0.98494,0.98507,167
2026-05-22T20:30:00+00:00,0.984945,0.984925,0.984875,0.98495,124
2026-05-22T20:31:00+00:00,0.984925,0.984865,0.984665,0.984945,377
2026-05-22T20:32:00+00:00,0.98486,0.984755,0.984725,0.98495,501
2026-05-22T20:33:00+00:00,0.98476,0.984875,0.98474,0.98495,270
2026-05-22T20:34:00+00:00,0.98489,0.98495,0.98479,0.985,436
2026-05-22T20:35:00+00:00,0.984945,0.98496,0.9849,0.984975,219
2026-05-22T20:36:00+00:00,0.984965,0.98503,0.984925,0.98504,172
2026-05-22T20:37:00+00:00,0.98503,0.985005,0.98499,0.98506,201
2026-05-22T20:38:00+00:00,0.985005,0.985045,0.98494,0.98508,602
2026-05-22T20:39:00+00:00,0.985055,0.98509,0.985025,0.98509,205
2026-05-22T20:40:00+00:00,0.98508,0.985055,0.98503,0.985155,189
2026-05-22T20:41:00+00:00,0.985055,0.985055,0.98502,0.98508,126
2026-05-22T20:42:00+00:00,0.98505,0.985055,0.98501,0.98509,136
2026-05-22T20:43:00+00:00,0.98503,0.98509,0.985015,0.985115,429
2026-05-22T20:44:00+00:00,0.985085,0.985095,0.985045,0.98512,367
2026-05-22T20:45:00+00:00,0.98507,0.985055,0.98501,0.985095,189
2026-05-22T20:46:00+00:00,0.98508,0.98499,0.98498,0.98508,185
2026-05-22T20:47:00+00:00,0.984995,0.984975,0.984925,0.98503,171
2026-05-22T20:48:00+00:00,0.984945,0.984885,0.984885,0.985015,89
2026-05-22T20:49:00+00:00,0.984885,0.985025,0.98485,0.985025,71
2026-05-22T20:50:00+00:00,0.985,0.984925,0.9849,0.985025,26
2026-05-22T20:51:00+00:00,0.98495,0.984875,0.984825,0.984975,54
2026-05-22T20:52:00+00:00,0.984875,0.985075,0.984875,0.985075,32
2026-05-22T20:53:00+00:00,0.9851,0.985175,0.9851,0.98525,55
2026-05-22T20:54:00+00:00,0.985175,0.9854,0.985155,0.985425,37
2026-05-22T20:55:00+00:00,0.9854,0.9853,0.985185,0.985425,67
2026-05-22T20:56:00+00:00,0.985275,0.98525,0.985085,0.98535,197
2026-05-22T20:57:00+00:00,0.98524,0.98515,0.98509,0.985325,133
2026-05-22T20:58:00+00:00,0.9851,0.98514,0.985045,0.985225,71
2026-05-22T20:59:00+00:00,0.98518,0.985095,0.985005,0.985305,41
2026-05-24T21:01:00+00:00,0.985095,0.985095,0.985095,0.985095,0
2026-05-24T21:02:00+00:00,0.985095,0.98796,0.985095,0.98837,6
2026-05-24T21:03:00+00:00,0.98796,0.987985,0.98792,0.98799,19
2026-05-24T21:04:00+00:00,0.98798,0.988015,0.987915,0.98802,23
2026-05-24T21:05:00+00:00,0.988025,0.98899,0.988025,0.989115,27
2026-05-24T21:06:00+00:00,0.98898,0.9889,0.988895,0.988985,19
2026-05-24T21:07:00+00:00,0.9889,0.988905,0.98888,0.98891,9
2026-05-24T21:08:00+00:00,0.988895,0.98888,0.98888,0.9889,12
2026-05-24T21:09:00+00:00,0.98888,0.98886,0.98886,0.988895,6
2026-05-24T21:10:00+00:00,0.98886,0.988495,0.988475,0.98886,16
2026-05-24T21:11:00+00:00,0.988495,0.988495,0.988485,0.98851,7
2026-05-24T21:12:00+00:00,0.988495,0.988425,0.988425,0.98861,33
2026-05-24T21:13:00+00:00,0.988425,0.988425,0.988395,0.98853,27
2026-05-24T21:14:00+00:00,0.988435,0.98869,0.988435,0.988695,51
2026-05-24T21:15:00+00:00,0.988695,0.988595,0.988595,0.9887,46
2026-05-24T21:16:00+00:00,0.988565,0.98851,0.98832,0.988605,50
2026-05-24T21:17:00+00:00,0.98851,0.98847,0.988295,0.988525,39
2026-05-24T21:18:00+00:00,0.988455,0.988435,0.98839,0.98847,17
2026-05-24T21:19:00+00:00,0.988435,0.98844,0.988435,0.988445,5
2026-05-24T21:20:00+00:00,0.98844,0.988865,0.98844,0.988875,19
2026-05-24T21:21:00+00:00,0.988865,0.9888,0.988755,0.98903,23
2026-05-24T21:22:00+00:00,0.9888,0.9888,0.9888,0.9888,0
2026-05-24T21:23:00+00:00,0.9888,0.98836,0.98833,0.9888,19
2026-05-24T21:24:00+00:00,0.98836,0.988355,0.988345,0.98837,16
2026-05-24T21:25:00+00:00,0.988345,0.9883,0.98823,0.988355,40
2026-05-24T21:26:00+00:00,0.988305,0.98828,0.988195,0.988315,47
2026-05-24T21:27:00+00:00,0.98829,0.988465,0.988245,0.98848,26
2026-05-24T21:28:00+00:00,0.988465,0.98843,0.988425,0.988495,17
2026-05-24T21:29:00+00:00,0.988445,0.988475,0.988425,0.988485,14
2026-05-24T21:30:00+00:00,0.98848,0.98838,0.98838,0.988485,17
2026-05-24T21:31:00+00:00,0.98838,0.98826,0.98817,0.98838,27
2026-05-24T21:32:00+00:00,0.98821,0.98812,0.988015,0.98821,28
2026-05-24T21:33:00+00:00,0.98812,0.98812,0.98811,0.98813,9
2026-05-24T21:34:00+00:00,0.98812,0.988115,0.988115,0.98814,4
2026-05-24T21:35:00+00:00,0.988115,0.98813,0.98807,0.988145,14
2026-05-24T21:36:00+00:00,0.98813,0.988105,0.988105,0.98815,12
2026-05-24T21:37:00+00:00,0.988115,0.988095,0.988095,0.98815,15
2026-05-24T21:38:00+00:00,0.988095,0.988055,0.988055,0.9881,33
2026-05-24T21:39:00+00:00,0.988055,0.988045,0.988045,0.988065,8
2026-05-24T21:40:00+00:00,0.988045,0.988205,0.988,0.988215,39
2026-05-24T21:41:00+00:00,0.9882,0.988475,0.988195,0.98865,37
2026-05-24T21:42:00+00:00,0.98849,0.988485,0.98842,0.98854,28
2026-05-24T21:43:00+00:00,0.988485,0.988575,0.988455,0.98859,24
2026-05-24T21:44:00+00:00,0.988575,0.98853,0.988505,0.98861,42
2026-05-24T21:45:00+00:00,0.9885,0.988475,0.98845,0.988525,46
2026-05-24T21:46:00+00:00,0.988455,0.988465,0.98841,0.9885,22
2026-05-24T21:47:00+00:00,0.988465,0.98847,0.988435,0.98851,3
2026-05-24T21:48:00+00:00,0.98847,0.98847,0.98847,0.98847,0
2026-05-24T21:49:00+00:00,0.98823,0.988445,0.988225,0.98851,8
2026-05-24T21:50:00+00:00,0.988445,0.98837,0.98837,0.98847,4
2026-05-24T21:51:00+00:00,0.98837,0.98841,0.98828,0.988445,23
2026-05-24T21:52:00+00:00,0.98841,0.98842,0.988365,0.988475,10
2026-05-24T21:53:00+00:00,0.98842,0.98817,0.98817,0.98853,13
2026-05-24T21:54:00+00:00,0.98817,0.98842,0.98817,0.98842,14
2026-05-24T21:55:00+00:00,0.98842,0.988485,0.988255,0.98849,33
2026-05-24T21:56:00+00:00,0.98849,0.988375,0.988375,0.98849,5
2026-05-24T21:57:00+00:00,0.988375,0.988515,0.988325,0.988515,5
2026-05-24T21:58:00+00:00,0.98846,0.988525,0.988385,0.98853,33
2026-05-24T21:59:00+00:00,0.988525,0.988575,0.988515,0.98858,10
2026-05-24T22:00:00+00:00,0.988555,0.98883,0.988115,0.988855,210
2026-05-24T22:01:00+00:00,0.988835,0.98895,0.98868,0.98905,251
2026-05-24T22:02:00+00:00,0.988965,0.988745,0.98862,0.98901,168
2026-05-24T22:03:00+00:00,0.98875,0.988705,0.98854,0.988805,171
2026-05-24T22:04:00+00:00,0.988715,0.988545,0.98849,0.98874,82
2026-05-24T22:05:00+00:00,0.988545,0.988605,0.988475,0.988605,203
2026-05-24T22:06:00+00:00,0.988615,0.98849,0.988395,0.988635,184
2026-05-24T22:07:00+00:00,0.988495,0.98845,0.988425,0.988525,36
2026-05-24T22:08:00+00:00,0.98845,0.98837,0.98828,0.988455,69
2026-05-24T22:09:00+00:00,0.98838,0.988385,0.98827,0.98842,142
2026-05-24T22:10:00+00:00,0.9884,0.98839,0.988275,0.98848,172
2026-05-24T22:11:00+00:00,0.988395,0.9883,0.988265,0.988435,108
2026-05-24T22:12:00+00:00,0.988295,0.988315,0.988205,0.988355,65
2026-05-24T22:13:00+00:00,0.988315,0.988215,0.98815,0.98833,165
2026-05-24T22:14:00+00:00,0.988215,0.988145,0.988135,0.98823,66
2026-05-24T22:15:00+00:00,0.988155,0.9881,0.988085,0.988295,233
2026-05-24T22:16:00+00:00,0.988095,0.98808,0.98803,0.98814,186
2026-05-24T22:17:00+00:00,0.988085,0.98812,0.98805,0.988185,177
2026-05-24T22:18:00+00:00,0.98811,0.988045,0.988015,0.98816,122
2026-05-24T22:19:00+00:00,0.988045,0.98802,0.987985,0.98805,86
2026-05-24T22:20:00+00:00,0.988025,0.988015,0.988,0.988095,150
2026-05-24T22:21:00+00:00,0.98801,0.987935,0.98791,0.988015,222
2026-05-24T22:22:00+00:00,0.98793,0.988005,0.987855,0.98802,172
2026-05-24T22:23:00+00:00,0.988005,0.987935,0.98791,0.988035,153
2026-05-24T22:24:00+00:00,0.987935,0.987855,0.98782,0.987945,75
2026-05-24T22:25:00+00:00,0.987865,0.98793,0.98782,0.98794,119
2026-05-24T22:26:00+00:00,0.987925,0.98785,0.987835,0.987995,122
2026-05-24T22:27:00+00:00,0.987845,0.98799,0.987845,0.98801,228
2026-05-24T22:28:00+00:00,0.987985,0.987795,0.98778,0.988005,209
2026-05-24T22:29:00+00:00,0.98779,0.98762,0.987535,0.9878,162
2026-05-24T22:30:00+00:00,0.98761,0.98754,0.98752,0.98762,271
2026-05-24T22:31:00+00:00,0.98754,0.98757,0.98743,0.987635,256
2026-05-24T22:32:00+00:00,0.987575,0.98765,0.98752,0.98765,105
2026-05-24T22:33:00+00:00,0.987645,0.98759,0.987565,0.98767,60
2026-05-24T22:34:00+00:00,0.98759,0.98758,0.987575,0.98763,44
2026-05-24T22:35:00+00:00,0.98758,0.98757,0.987515,0.987635,80
2026-05-24T22:36:00+00:00,0.987575,0.98757,0.987495,0.987585,180
2026-05-24T22:37:00+00:00,0.987565,0.98759,0.98749,0.987595,146
2026-05-24T22:38:00+00:00,0.987585,0.98759,0.987545,0.987625,102
2026-05-24T22:39:00+00:00,0.98759,0.987585,0.98757,0.987615,40
2026-05-24T22:40:00+00:00,0.98758,0.987565,0.987535,0.98759,99
2026-05-24T22:41:00+00:00,0.987565,0.987575,0.98744,0.987595,161
2026-05-24T22:42:00+00:00,0.987575,0.987585,0.987555,0.98763,113
2026-05-24T22:43:00+00:00,0.98758,0.987505,0.987435,0.987585,77
2026-05-24T22:44:00+00:00,0.987495,0.98759,0.987485,0.987595,90
2026-05-24T22:45:00+00:00,0.987585,0.98765,0.98757,0.987665,66
2026-05-24T22:46:00+00:00,0.98765,0.987825,0.98763,0.98785,181
2026-05-24T22:47:00+00:00,0.987825,0.987895,0.98781,0.987925,125
2026-05-24T22:48:00+00:00,0.987895,0.98795,0.987875,0.987955,26
2026-05-24T22:49:00+00:00,0.98795,0.988025,0.987915,0.98805,95
2026-05-24T22:50:00+00:00,0.988025,0.98802,0.987985,0.988035,107
2026-05-24T22:51:00+00:00,0.988015,0.988005,0.987925,0.988025,124
2026-05-24T22:52:00+00:00,0.988005,0.98796,0.98794,0.988005,117
2026-05-24T22:53:00+00:00,0.98796,0.98796,0.98794,0.98799,93
2026-05-24T22:54:00+00:00,0.98796,0.987915,0.987905,0.987975,63
2026-05-24T22:55:00+00:00,0.9879,0.987925,0.98787,0.98796,63
2026-05-24T22:56:00+00:00,0.98789,0.9878,0.9878,0.98791,50
2026-05-24T22:57:00+00:00,0.9878,0.98784,0.9878,0.98786,77
2026-05-24T22:58:00+00:00,0.987835,0.98791,0.98783,0.98791,35
2026-05-24T22:59:00+00:00,0.9879,0.98793,0.98788,0.987935,18
2026-05-24T23:00:00+00:00,0.98794,0.988195,0.98794,0.988265,169
2026-05-24T23:01:00+00:00,0.98821,0.988135,0.988135,0.988255,114
2026-05-24T23:02:00+00:00,0.98814,0.988095,0.988085,0.98814,44
2026-05-24T23:03:00+00:00,0.9881,0.98812,0.98809,0.988165,60
2026-05-24T23:04:00+00:00,0.988115,0.98818,0.988085,0.988185,96
2026-05-24T23:05:00+00:00,0.988175,0.988115,0.988115,0.988185,74
2026-05-24T23:06:00+00:00,0.98812,0.988115,0.9881,0.988155,54
2026-05-24T23:07:00+00:00,0.988115,0.988145,0.98809,0.98817,99
2026-05-24T23:08:00+00:00,0.98814,0.988155,0.98814,0.988165,37
2026-05-24T23:09:00+00:00,0.98816,0.98813,0.98809,0.988165,63
2026-05-24T23:10:00+00:00,0.988135,0.98813,0.98811,0.988195,80
2026-05-24T23:11:00+00:00,0.988125,0.988095,0.988075,0.98813,68
2026-05-24T23:12:00+00:00,0.9881,0.98804,0.988025,0.98811,84
2026-05-24T23:13:00+00:00,0.988035,0.98801,0.988,0.98805,94
2026-05-24T23:14:00+00:00,0.98801,0.98798,0.987975,0.988035,61
2026-05-24T23:15:00+00:00,0.98798,0.98798,0.98796,0.987985,42
2026-05-24T23:16:00+00:00,0.987975,0.987935,0.98792,0.98798,58
2026-05-24T23:17:00+00:00,0.98793,0.987985,0.98793,0.988,56
2026-05-24T23:18:00+00:00,0.98799,0.98795,0.98794,0.98799,45
2026-05-24T23:19:00+00:00,0.987945,0.987955,0.987905,0.98796,70
2026-05-24T23:20:00+00:00,0.98796,0.98795,0.987935,0.98796,46
2026-05-24T23:21:00+00:00,0.987945,0.98795,0.987935,0.987975,68
2026-05-24T23:22:00+00:00,0.98795,0.98795,0.98791,0.987955,28
2026-05-24T23:23:00+00:00,0.98795,0.98803,0.987945,0.988075,68
2026-05-24T23:24:00+00:00,0.988025,0.98798,0.98798,0.98805,66
2026-05-24T23:25:00+00:00,0.98798,0.987815,0.987815,0.987985,56
2026-05-24T23:26:00+00:00,0.987815,0.987865,0.987815,0.98787,30
2026-05-24T23:27:00+00:00,0.98787,0.987925,0.987845,0.987945,69
2026-05-24T23:28:00+00:00,0.98792,0.988015,0.987905,0.98802,121
2026-05-24T23:29:00+00:00,0.98801,0.98794,0.98793,0.988015,76
2026-05-24T23:30:00+00:00,0.987935,0.987905,0.98785,0.98795,91
2026-05-24T23:31:00+00:00,0.98791,0.988015,0.987905,0.988045,87
2026-05-24T23:32:00+00:00,0.98802,0.988085,0.988015,0.988115,78
2026-05-24T23:33:00+00:00,0.988085,0.98809,0.98804,0.98809,32
2026-05-24T23:34:00+00:00,0.98809,0.988075,0.98803,0.988105,127
2026-05-24T23:35:00+00:00,0.98807,0.988175,0.98807,0.988195,192
2026-05-24T23:36:00+00:00,0.988175,0.9882,0.98816,0.988205,53
2026-05-24T23:37:00+00:00,0.9882,0.98821,0.988155,0.98823,91
2026-05-24T23:38:00+00:00,0.988205,0.988225,0.988175,0.98824,58
2026-05-24T23:39:00+00:00,0.988225,0.98831,0.98821,0.988315,47
2026-05-24T23:40:00+00:00,0.988305,0.988325,0.988265,0.98834,107
2026-05-24T23:41:00+00:00,0.988325,0.9883,0.988275,0.98834,81
2026-05-24T23:42:00+00:00,0.9883,0.98833,0.988275,0.98834,83
2026-05-24T23:43:00+00:00,0.98834,0.98842,0.98834,0.988435,105
2026-05-24T23:44:00+00:00,0.98842,0.98836,0.98836,0.98843,38
2026-05-24T23:45:00+00:00,0.988355,0.98836,0.988235,0.988365,160
2026-05-24T23:46:00+00:00,0.988365,0.98833,0.988315,0.988395,120
2026-05-24T23:47:00+00:00,0.988325,0.98835,0.988325,0.98835,115
2026-05-24T23:48:00+00:00,0.988345,0.988275,0.988265,0.988355,115
2026-05-24T23:49:00+00:00,0.98828,0.988165,0.98815,0.98828,88
2026-05-24T23:50:00+00:00,0.98817,0.98806,0.988005,0.988175,169
2026-05-24T23:51:00+00:00,0.988065,0.98805,0.988015,0.988075,147
2026-05-24T23:52:00+00:00,0.988055,0.98802,0.98801,0.988125,108
2026-05-24T23:53:00+00:00,0.988025,0.9881,0.988015,0.988165,170
2026-05-24T23:54:00+00:00,0.9881,0.98807,0.988045,0.98812,154
2026-05-24T23:55:00+00:00,0.988065,0.98805,0.988015,0.98813,121
2026-05-24T23:56:00+00:00,0.988045,0.987945,0.98794,0.988055,149
2026-05-24T23:57:00+00:00,0.987955,0.987925,0.98787,0.987955,168
2026-05-24T23:58:00+00:00,0.987935,0.987895,0.987865,0.98798,160
2026-05-24T23:59:00+00:00,0.98789,0.987815,0.98775,0.987905,241
2026-05-25T00:00:00+00:00,0.98781,0.987885,0.987775,0.987915,377
2026-05-25T00:01:00+00:00,0.98788,0.9877,0.98768,0.9879,237
2026-05-25T00:02:00+00:00,0.9877,0.987735,0.987605,0.98774,214
2026-05-25T00:03:00+00:00,0.987735,0.987675,0.987675,0.98782,195
2026-05-25T00:04:00+00:00,0.98768,0.98761,0.98758,0.98768,78
2026-05-25T00:05:00+00:00,0.98762,0.98774,0.987605,0.98778,113
2026-05-25T00:06:00+00:00,0.987725,0.987925,0.987725,0.987925,137
2026-05-25T00:07:00+00:00,0.987915,0.988015,0.98789,0.988025,104
2026-05-25T00:08:00+00:00,0.988025,0.98795,0.98794,0.98803,143
2026-05-25T00:09:00+00:00,0.987945,0.98803,0.98794,0.98804,89
2026-05-25T00:10:00+00:00,0.988025,0.98815,0.988025,0.988175,169
2026-05-25T00:11:00+00:00,0.98814,0.988115,0.9881,0.98816,271
2026-05-25T00:12:00+00:00,0.98811,0.9881,0.988085,0.98815,148
2026-05-25T00:13:00+00:00,0.988095,0.988095,0.988065,0.98811,143
2026-05-25T00:14:00+00:00,0.9881,0.98806,0.987995,0.98811,158
2026-05-25T00:15:00+00:00,0.988055,0.988075,0.988005,0.98816,233
2026-05-25T00:16:00+00:00,0.98807,0.988145,0.98807,0.98819,290
2026-05-25T00:17:00+00:00,0.988155,0.98803,0.987985,0.988155,238
2026-05-25T00:18:00+00:00,0.988035,0.98817,0.98802,0.98817,194
2026-05-25T00:19:00+00:00,0.98818,0.98823,0.988165,0.98824,186
2026-05-25T00:20:00+00:00,0.988225,0.988205,0.98815,0.98824,186
2026-05-25T00:21:00+00:00,0.98821,0.98831,0.988185,0.98831,206
2026-05-25T00:22:00+00:00,0.988315,0.98843,0.988305,0.98848,232
2026-05-25T00:23:00+00:00,0.98844,0.988495,0.98843,0.988525,199
2026-05-25T00:24:00+00:00,0.9885,0.988605,0.98849,0.988625,314
2026-05-25T00:25:00+00:00,0.988605,0.98837,0.988365,0.988615,224
2026-05-25T00:26:00+00:00,0.988375,0.988455,0.988345,0.98846,262
2026-05-25T00:27:00+00:00,0.98845,0.98844,0.988425,0.98851,175
2026-05-25T00:28:00+00:00,0.988435,0.988455,0.988425,0.98851,215
2026-05-25T00:29:00+00:00,0.988465,0.988675,0.98845,0.98869,219
2026-05-25T00:30:00+00:00,0.98868,0.98874,0.98867,0.98879,232
2026-05-25T00:31:00+00:00,0.988745,0.98866,0.98865,0.988745,168
2026-05-25T00:32:00+00:00,0.988665,0.98858,0.98857,0.988705,128
2026-05-25T00:33:00+00:00,0.98859,0.98848,0.988415,0.9886,193
2026-05-25T00:34:00+00:00,0.988475,0.988445,0.988425,0.9885,123
2026-05-25T00:35:00+00:00,0.98845,0.988535,0.988445,0.988575,167
2026-05-25T00:36:00+00:00,0.98855,0.9885,0.98846,0.98857,135
2026-05-25T00:37:00+00:00,0.988505,0.9886,0.98849,0.988615,142
2026-05-25T00:38:00+00:00,0.98861,0.988615,0.988505,0.988615,151
2026-05-25T00:39:00+00:00,0.98862,0.98858,0.98858,0.988665,174
2026-05-25T00:40:00+00:00,0.98857,0.988445,0.988405,0.98857,138
2026-05-25T00:41:00+00:00,0.988445,0.988415,0.98841,0.98846,78
2026-05-25T00:42:00+00:00,0.98841,0.988295,0.988285,0.98841,155
2026-05-25T00:43:00+00:00,0.9883,0.98824,0.988225,0.98834,128
2026-05-25T00:44:00+00:00,0.98824,0.988295,0.98823,0.9883,156
2026-05-25T00:45:00+00:00,0.9883,0.988405,0.988295,0.98841,205
2026-05-25T00:46:00+00:00,0.98841,0.988465,0.988395,0.9885,101
2026-05-25T00:47:00+00:00,0.988475,0.98859,0.98844,0.98859,145
2026-05-25T00:48:00+00:00,0.988585,0.9887,0.988545,0.98871,134
2026-05-25T00:49:00+00:00,0.9887,0.98882,0.98869,0.98899,546
2026-05-25T00:50:00+00:00,0.988815,0.98874,0.988695,0.988875,304
2026-05-25T00:51:00+00:00,0.988735,0.988835,0.988685,0.98886,204
2026-05-25T00:52:00+00:00,0.98883,0.988835,0.988745,0.988875,162
2026-05-25T00:53:00+00:00,0.98884,0.988845,0.988835,0.98891,167
2026-05-25T00:54:00+00:00,0.98885,0.988745,0.988735,0.988885,271
2026-05-25T00:55:00+00:00,0.98875,0.988605,0.988605,0.988815,415
2026-05-25T00:56:00+00:00,0.988595,0.98851,0.988495,0.988615,386
2026-05-25T00:57:00+00:00,0.988515,0.98823,0.988215,0.988545,306
2026-05-25T00:58:00+00:00,0.988225,0.98811,0.98806,0.988315,327
2026-05-25T00:59:00+00:00,0.988105,0.98813,0.988035,0.98814,248
2026-05-25T01:00:00+00:00,0.98814,0.98836,0.98812,0.988375,559
2026-05-25T01:01:00+00:00,0.988365,0.988375,0.988285,0.9884,399
2026-05-25T01:02:00+00:00,0.98837,0.9884,0.988295,0.988435,394
2026-05-25T01:03:00+00:00,0.988405,0.988425,0.988355,0.98848,309
2026-05-25T01:04:00+00:00,0.988435,0.9884,0.98833,0.988465,220
2026-05-25T01:05:00+00:00,0.988405,0.988485,0.988405,0.98854,243
2026-05-25T01:06:00+00:00,0.988495,0.98861,0.988445,0.988615,218
2026-05-25T01:07:00+00:00,0.988615,0.988625,0.988585,0.98868,229
2026-05-25T01:08:00+00:00,0.98863,0.98852,0.98849,0.98865,218
2026-05-25T01:09:00+00:00,0.988515,0.98854,0.988475,0.98858,177
2026-05-25T01:10:00+00:00,0.988545,0.98855,0.988515,0.98863,177
2026-05-25T01:11:00+00:00,0.98856,0.98871,0.988555,0.98873,242
2026-05-25T01:12:00+00:00,0.988705,0.988665,0.988665,0.98873,182
2026-05-25T01:13:00+00:00,0.98866,0.98879,0.988645,0.988885,261
2026-05-25T01:14:00+00:00,0.988785,0.988925,0.988735,0.989005,333
2026-05-25T01:15:00+00:00,0.98892,0.9888,0.988755,0.988995,293
2026-05-25T01:16:00+00:00,0.988805,0.98882,0.988685,0.988875,200
2026-05-25T01:17:00+00:00,0.98882,0.988975,0.98882,0.98898,115
2026-05-25T01:18:00+00:00,0.98897,0.98887,0.988865,0.98898,186
2026-05-25T01:19:00+00:00,0.988875,0.98894,0.98883,0.98898,207
2026-05-25T01:20:00+00:00,0.988945,0.98886,0.988825,0.988965,245
2026-05-25T01:21:00+00:00,0.98886,0.988855,0.988835,0.98892,120
2026-05-25T01:22:00+00:00,0.988855,0.988925,0.98885,0.98895,109
2026-05-25T01:23:00+00:00,0.98892,0.988865,0.988835,0.988985,154
2026-05-25T01:24:00+00:00,0.98887,0.988845,0.988815,0.988885,125
2026-05-25T01:25:00+00:00,0.988855,0.988885,0.98885,0.988985,193
2026-05-25T01:26:00+00:00,0.98888,0.988955,0.98885,0.988965,184
2026-05-25T01:27:00+00:00,0.98896,0.98903,0.98895,0.98903,97
2026-05-25T01:28:00+00:00,0.98903,0.98921,0.989025,0.98924,154
2026-05-25T01:29:00+00:00,0.989205,0.98951,0.989205,0.98952,295
2026-05-25T01:30:00+00:00,0.989515,0.988785,0.98868,0.989515,422
2026-05-25T01:31:00+00:00,0.988785,0.98886,0.988785,0.989035,270
2026-05-25T01:32:00+00:00,0.98885,0.988825,0.988745,0.98893,259
2026-05-25T01:33:00+00:00,0.98883,0.988905,0.98883,0.988985,162
2026-05-25T01:34:00+00:00,0.9889,0.98895,0.9889,0.988985,182
2026-05-25T01:35:00+00:00,0.988945,0.989205,0.988945,0.98922,140
2026-05-25T01:36:00+00:00,0.98921,0.989215,0.98916,0.98923,207
2026-05-25T01:37:00+00:00,0.989215,0.9893,0.9892,0.98935,169
2026-05-25T01:38:00+00:00,0.989295,0.98925,0.989235,0.9893,102
2026-05-25T01:39:00+00:00,0.98926,0.98929,0.98922,0.989315,124
2026-05-25T01:40:00+00:00,0.989285,0.98923,0.98923,0.98932,120
2026-05-25T01:41:00+00:00,0.989235,0.98929,0.989235,0.989385,159
2026-05-25T01:42:00+00:00,0.989285,0.98911,0.989105,0.989285,175
2026-05-25T01:43:00+00:00,0.989125,0.989115,0.98908,0.989135,124
2026-05-25T01:44:00+00:00,0.989125,0.989085,0.989055,0.989155,163
2026-05-25T01:45:00+00:00,0.98909,0.989035,0.989,0.989095,129
2026-05-25T01:46:00+00:00,0.98903,0.988975,0.98893,0.9891,190
2026-05-25T01:47:00+00:00,0.988975,0.98904,0.988975,0.989055,98
2026-05-25T01:48:00+00:00,0.98904,0.989085,0.988965,0.98911,127
2026-05-25T01:49:00+00:00,0.98909,0.989025,0.988985,0.98909,142
2026-05-25T01:50:00+00:00,0.98901,0.988915,0.98891,0.98903,130
2026-05-25T01:51:00+00:00,0.988915,0.988975,0.98888,0.989005,145
2026-05-25T01:52:00+00:00,0.98898,0.98893,0.988905,0.989,103
2026-05-25T01:53:00+00:00,0.988935,0.988945,0.988905,0.98896,86
2026-05-25T01:54:00+00:00,0.98895,0.988895,0.988855,0.988965,109
2026-05-25T01:55:00+00:00,0.988895,0.98896,0.988895,0.98898,126
2026-05-25T01:56:00+00:00,0.988965,0.98883,0.98879,0.98897,84
2026-05-25T01:57:00+00:00,0.98883,0.988735,0.98873,0.988835,104
2026-05-25T01:58:00+00:00,0.98873,0.98884,0.988715,0.98884,129
2026-05-25T01:59:00+00:00,0.988845,0.98885,0.988835,0.988885,70
2026-05-25T02:00:00+00:00,0.98886,0.98894,0.98884,0.988985,204
2026-05-25T02:01:00+00:00,0.98894,0.988975,0.988895,0.988985,99
2026-05-25T02:02:00+00:00,0.98898,0.98898,0.98898,0.98903,93
2026-05-25T02:03:00+00:00,0.988985,0.98896,0.988955,0.989,144
2026-05-25T02:04:00+00:00,0.988955,0.98895,0.988915,0.988985,95
2026-05-25T02:05:00+00:00,0.988945,0.98898,0.988915,0.98899,84
2026-05-25T02:06:00+00:00,0.988975,0.989135,0.988945,0.98918,173
2026-05-25T02:07:00+00:00,0.989135,0.989275,0.989115,0.9893,146
2026-05-25T02:08:00+00:00,0.989265,0.98919,0.989135,0.989265,174
2026-05-25T02:09:00+00:00,0.98919,0.989205,0.989185,0.989305,135
2026-05-25T02:10:00+00:00,0.989205,0.989225,0.989195,0.989265,121
2026-05-25T02:11:00+00:00,0.989205,0.989045,0.98899,0.98922,159
2026-05-25T02:12:00+00:00,0.989035,0.98913,0.989015,0.98913,116
2026-05-25T02:13:00+00:00,0.989125,0.988995,0.988995,0.98916,88
2026-05-25T02:14:00+00:00,0.98899,0.989045,0.98899,0.989075,132
2026-05-25T02:15:00+00:00,0.98905,0.98903,0.98898,0.98907,125
2026-05-25T02:16:00+00:00,0.989035,0.988935,0.98889,0.989035,176
2026-05-25T02:17:00+00:00,0.988935,0.988935,0.988915,0.988945,54
2026-05-25T02:18:00+00:00,0.988935,0.989055,0.988935,0.98906,80
2026-05-25T02:19:00+00:00,0.989055,0.98907,0.989005,0.989105,86
2026-05-25T02:20:00+00:00,0.989065,0.989155,0.989005,0.98917,83
2026-05-25T02:21:00+00:00,0.989155,0.98917,0.989115,0.989185,71
2026-05-25T02:22:00+00:00,0.989165,0.98921,0.989155,0.98922,72
2026-05-25T02:23:00+00:00,0.98921,0.989405,0.9892,0.989425,125
2026-05-25T02:24:00+00:00,0.989405,0.98944,0.989385,0.98947,85
2026-05-25T02:25:00+00:00,0.989435,0.98941,0.98937,0.989465,88
2026-05-25T02:26:00+00:00,0.98941,0.989345,0.989285,0.989415,77
2026-05-25T02:27:00+00:00,0.98935,0.98928,0.98928,0.989375,85
2026-05-25T02:28:00+00:00,0.98928,0.989305,0.98923,0.989335,117
2026-05-25T02:29:00+00:00,0.989305,0.989295,0.989275,0.98932,65
2026-05-25T02:30:00+00:00,0.9893,0.98927,0.98926,0.98931,100
2026-05-25T02:31:00+00:00,0.989275,0.989225,0.989215,0.989295,73
2026-05-25T02:32:00+00:00,0.98922,0.98934,0.989215,0.98937,103
2026-05-25T02:33:00+00:00,0.98934,0.98929,0.98927,0.989365,112
2026-05-25T02:34:00+00:00,0.989285,0.989235,0.989225,0.989285,64
2026-05-25T02:35:00+00:00,0.98924,0.989235,0.98923,0.98929,70
2026-05-25T02:36:00+00:00,0.989235,0.98921,0.989205,0.989235,26
2026-05-25T02:37:00+00:00,0.989215,0.989215,0.98921,0.98927,41
2026-05-25T02:38:00+00:00,0.989215,0.989215,0.98919,0.989235,76
2026-05-25T02:39:00+00:00,0.989215,0.9891,0.989025,0.98927,102
2026-05-25T02:40:00+00:00,0.989095,0.988985,0.9889,0.989095,160
2026-05-25T02:41:00+00:00,0.988985,0.989035,0.98897,0.989035,57
2026-05-25T02:42:00+00:00,0.98903,0.98913,0.989025,0.98913,85
2026-05-25T02:43:00+00:00,0.989125,0.989125,0.98911,0.98916,61
2026-05-25T02:44:00+00:00,0.98912,0.98912,0.989095,0.98914,62
2026-05-25T02:45:00+00:00,0.98912,0.989115,0.989115,0.98914,51
2026-05-25T02:46:00+00:00,0.989115,0.989035,0.989025,0.98913,106
2026-05-25T02:47:00+00:00,0.989035,0.98909,0.989035,0.98913,123
2026-05-25T02:48:00+00:00,0.98909,0.989085,0.989045,0.98912,109
2026-05-25T02:49:00+00:00,0.989075,0.989015,0.989015,0.989095,59
2026-05-25T02:50:00+00:00,0.98902,0.989045,0.989015,0.989055,35
2026-05-25T02:51:00+00:00,0.989045,0.98893,0.988925,0.98906,68
2026-05-25T02:52:00+00:00,0.988925,0.988945,0.988925,0.988995,63
2026-05-25T02:53:00+00:00,0.988945,0.988925,0.988915,0.988955,62
2026-05-25T02:54:00+00:00,0.98892,0.98878,0.988765,0.98893,84
2026-05-25T02:55:00+00:00,0.988775,0.988675,0.98863,0.988775,102
2026-05-25T02:56:00+00:00,0.98868,0.988655,0.98863,0.988685,101
2026-05-25T02:57:00+00:00,0.98865,0.988695,0.988645,0.988715,79
2026-05-25T02:58:00+00:00,0.9887,0.988615,0.988595,0.98871,119
2026-05-25T02:59:00+00:00,0.98861,0.98868,0.98858,0.988695,126
2026-05-25T03:00:00+00:00,0.988675,0.98877,0.98867,0.988885,255
2026-05-25T03:01:00+00:00,0.988775,0.98881,0.98872,0.988825,125
2026-05-25T03:02:00+00:00,0.988815,0.988595,0.988595,0.988835,151
2026-05-25T03:03:00+00:00,0.988605,0.988615,0.988545,0.988645,145
2026-05-25T03:04:00+00:00,0.98862,0.98874,0.988515,0.98875,180
2026-05-25T03:05:00+00:00,0.988745,0.98865,0.98862,0.98876,124
2026-05-25T03:06:00+00:00,0.988645,0.9886,0.9886,0.98869,83
2026-05-25T03:07:00+00:00,0.9886,0.988665,0.988565,0.98868,137
2026-05-25T03:08:00+00:00,0.98867,0.988675,0.98867,0.98875,107
2026-05-25T03:09:00+00:00,0.988675,0.988655,0.988645,0.988725,81
2026-05-25T03:10:00+00:00,0.988655,0.98868,0.988625,0.988685,67
2026-05-25T03:11:00+00:00,0.98867,0.988745,0.988645,0.98877,84
2026-05-25T03:12:00+00:00,0.988745,0.98871,0.98869,0.98875,79
2026-05-25T03:13:00+00:00,0.988705,0.98865,0.988645,0.98872,101
2026-05-25T03:14:00+00:00,0.988645,0.98866,0.988615,0.9887,148
2026-05-25T03:15:00+00:00,0.98866,0.98858,0.98858,0.98867,72
2026-05-25T03:16:00+00:00,0.98858,0.988605,0.988545,0.98863,82
2026-05-25T03:17:00+00:00,0.988605,0.98866,0.988545,0.988705,162
2026-05-25T03:18:00+00:00,0.988655,0.98867,0.98864,0.988695,65
2026-05-25T03:19:00+00:00,0.988675,0.988685,0.98866,0.98874,113
2026-05-25T03:20:00+00:00,0.98869,0.988795,0.988685,0.9888,133
2026-05-25T03:21:00+00:00,0.98879,0.98876,0.988755,0.988865,193
2026-05-25T03:22:00+00:00,0.988765,0.98873,0.988615,0.988765,200
2026-05-25T03:23:00+00:00,0.988715,0.98866,0.988625,0.988715,100
2026-05-25T03:24:00+00:00,0.988655,0.988615,0.98857,0.988675,116
2026-05-25T03:25:00+00:00,0.98862,0.98867,0.988605,0.98867,71
2026-05-25T03:26:00+00:00,0.98867,0.98876,0.988655,0.988765,132
2026-05-25T03:27:00+00:00,0.988765,0.988895,0.988755,0.9889,116
2026-05-25T03:28:00+00:00,0.9889,0.98884,0.98882,0.98891,79
2026-05-25T03:29:00+00:00,0.98884,0.988835,0.988805,0.98885,85
2026-05-25T03:30:00+00:00,0.988835,0.98887,0.988835,0.9889,82
2026-05-25T03:31:00+00:00,0.988865,0.98884,0.98881,0.988925,177
2026-05-25T03:32:00+00:00,0.988845,0.98889,0.98884,0.988915,90
2026-05-25T03:33:00+00:00,0.98889,0.988895,0.98888,0.988925,50
2026-05-25T03:34:00+00:00,0.988895,0.98888,0.98885,0.9889,95
2026-05-25T03:35:00+00:00,0.98888,0.988925,0.988875,0.989025,208
2026-05-25T03:36:00+00:00,0.98893,0.98889,0.988875,0.98894,86
2026-05-25T03:37:00+00:00,0.988895,0.988935,0.988895,0.98894,34
2026-05-25T03:38:00+00:00,0.98893,0.98893,0.98892,0.98897,116
2026-05-25T03:39:00+00:00,0.988935,0.988825,0.98878,0.98895,207
2026-05-25T03:40:00+00:00,0.98883,0.988795,0.988775,0.98883,129
2026-05-25T03:41:00+00:00,0.988785,0.988815,0.988775,0.988825,122
2026-05-25T03:42:00+00:00,0.988815,0.98888,0.988815,0.988925,94
2026-05-25T03:43:00+00:00,0.98888,0.98892,0.988875,0.98892,38
2026-05-25T03:44:00+00:00,0.98891,0.988885,0.98883,0.98891,77
2026-05-25T03:45:00+00:00,0.98889,0.98887,0.98887,0.98892,147
2026-05-25T03:46:00+00:00,0.988875,0.98874,0.98874,0.988895,206
2026-05-25T03:47:00+00:00,0.98874,0.988835,0.98873,0.98884,84
2026-05-25T03:48:00+00:00,0.98883,0.98883,0.98878,0.988865,91
2026-05-25T03:49:00+00:00,0.98883,0.988815,0.988785,0.98884,83
2026-05-25T03:50:00+00:00,0.988815,0.988915,0.9888,0.98894,138
2026-05-25T03:51:00+00:00,0.988905,0.988905,0.98888,0.988955,126
2026-05-25T03:52:00+00:00,0.98891,0.98897,0.988895,0.98897,76
2026-05-25T03:53:00+00:00,0.98897,0.98897,0.988935,0.988975,51
2026-05-25T03:54:00+00:00,0.98897,0.988935,0.988915,0.988975,65
2026-05-25T03:55:00+00:00,0.98894,0.98895,0.98892,0.988985,80
2026-05-25T03:56:00+00:00,0.98895,0.98882,0.98878,0.98895,88
2026-05-25T03:57:00+00:00,0.98882,0.988825,0.98882,0.988935,121
2026-05-25T03:58:00+00:00,0.98883,0.988785,0.988775,0.988855,122
2026-05-25T03:59:00+00:00,0.988785,0.988845,0.98878,0.988865,84
2026-05-25T04:00:00+00:00,0.98884,0.98883,0.98881,0.988925,157
2026-05-25T04:01:00+00:00,0.988835,0.98882,0.988805,0.988835,50
2026-05-25T04:02:00+00:00,0.98882,0.988905,0.98882,0.98891,54
2026-05-25T04:03:00+00:00,0.988895,0.988975,0.98888,0.98898,43
2026-05-25T04:04:00+00:00,0.988975,0.98895,0.988945,0.98899,29
2026-05-25T04:05:00+00:00,0.98896,0.988995,0.988945,0.98903,61
2026-05-25T04:06:00+00:00,0.988995,0.989005,0.98898,0.98901,53
2026-05-25T04:07:00+00:00,0.989005,0.98905,0.988985,0.989085,108
2026-05-25T04:08:00+00:00,0.98904,0.98902,0.98899,0.989065,80
2026-05-25T04:09:00+00:00,0.989025,0.988935,0.988905,0.989025,107
2026-05-25T04:10:00+00:00,0.988935,0.98893,0.988915,0.988945,41
2026-05-25T04:11:00+00:00,0.98893,0.9889,0.988875,0.98896,113
2026-05-25T04:12:00+00:00,0.98891,0.98893,0.98888,0.98896,120
2026-05-25T04:13:00+00:00,0.988935,0.988945,0.988905,0.988955,117
2026-05-25T04:14:00+00:00,0.988935,0.988925,0.98892,0.988955,79
2026-05-25T04:15:00+00:00,0.988935,0.988945,0.988925,0.989005,142
2026-05-25T04:16:00+00:00,0.988935,0.988975,0.98893,0.989005,59
2026-05-25T04:17:00+00:00,0.988975,0.988975,0.988965,0.988975,11
2026-05-25T04:18:00+00:00,0.988985,0.989,0.988985,0.989075,103
2026-05-25T04:19:00+00:00,0.988995,0.98896,0.988955,0.989025,41
2026-05-25T04:20:00+00:00,0.98896,0.989025,0.988915,0.989055,103
2026-05-25T04:21:00+00:00,0.989015,0.989045,0.989015,0.989115,101
2026-05-25T04:22:00+00:00,0.989045,0.989025,0.98902,0.98906,40
2026-05-25T04:23:00+00:00,0.989025,0.98904,0.989,0.989045,58
2026-05-25T04:24:00+00:00,0.98904,0.989075,0.989025,0.989075,76
2026-05-25T04:25:00+00:00,0.989075,0.98915,0.989065,0.98916,81
2026-05-25T04:26:00+00:00,0.989155,0.989265,0.989145,0.98927,88
2026-05-25T04:27:00+00:00,0.98926,0.989315,0.98925,0.989315,60
2026-05-25T04:28:00+00:00,0.989305,0.989285,0.989275,0.98933,119
2026-05-25T04:29:00+00:00,0.989275,0.98932,0.989235,0.98933,56
2026-05-25T04:30:00+00:00,0.989325,0.989275,0.989245,0.989335,70
2026-05-25T04:31:00+00:00,0.989275,0.989345,0.989235,0.989345,146
2026-05-25T04:32:00+00:00,0.98933,0.989295,0.989265,0.989335,70
2026-05-25T04:33:00+00:00,0.989295,0.989325,0.989285,0.989345,52
2026-05-25T04:34:00+00:00,0.989325,0.989365,0.98929,0.98939,109
2026-05-25T04:35:00+00:00,0.989365,0.989465,0.989355,0.98949,97
2026-05-25T04:36:00+00:00,0.98947,0.989435,0.989385,0.989475,91
2026-05-25T04:37:00+00:00,0.98944,0.989545,0.989415,0.989545,106
2026-05-25T04:38:00+00:00,0.989545,0.989575,0.989515,0.98958,63
2026-05-25T04:39:00+00:00,0.989575,0.989575,0.989535,0.98958,44
2026-05-25T04:40:00+00:00,0.989575,0.98957,0.989535,0.989635,98
2026-05-25T04:41:00+00:00,0.989575,0.98957,0.989555,0.9896,77
2026-05-25T04:42:00+00:00,0.98957,0.989625,0.989565,0.989635,67
2026-05-25T04:43:00+00:00,0.989625,0.98961,0.989605,0.98965,78
2026-05-25T04:44:00+00:00,0.98961,0.989675,0.989605,0.98969,60
2026-05-25T04:45:00+00:00,0.989675,0.9897,0.989675,0.989725,78
2026-05-25T04:46:00+00:00,0.98971,0.989775,0.989695,0.98978,61
2026-05-25T04:47:00+00:00,0.98977,0.989745,0.989745,0.989885,94
2026-05-25T04:48:00+00:00,0.98975,0.989805,0.98972,0.989835,70
2026-05-25T04:49:00+00:00,0.989805,0.98981,0.989795,0.98983,38
2026-05-25T04:50:00+00:00,0.98982,0.98987,0.98982,0.989895,86
2026-05-25T04:51:00+00:00,0.98987,0.989865,0.98986,0.989975,173
2026-05-25T04:52:00+00:00,0.989865,0.98978,0.98978,0.989885,224
2026-05-25T04:53:00+00:00,0.989775,0.989815,0.989755,0.989815,58
2026-05-25T04:54:00+00:00,0.98981,0.989785,0.98978,0.989875,83
2026-05-25T04:55:00+00:00,0.9898,0.98983,0.989785,0.98984,111
2026-05-25T04:56:00+00:00,0.98984,0.98973,0.989715,0.989845,137
2026-05-25T04:57:00+00:00,0.989725,0.989845,0.98972,0.98992,117
2026-05-25T04:58:00+00:00,0.98985,0.989825,0.989795,0.989875,94
2026-05-25T04:59:00+00:00,0.98983,0.98973,0.989725,0.989835,77
2026-05-25T05:00:00+00:00,0.989725,0.98968,0.98967,0.98978,154
2026-05-25T05:01:00+00:00,0.98968,0.989825,0.989665,0.989855,135
2026-05-25T05:02:00+00:00,0.989825,0.98984,0.989825,0.989885,116
2026-05-25T05:03:00+00:00,0.989835,0.989825,0.989795,0.98987,119
2026-05-25T05:04:00+00:00,0.989815,0.989795,0.989775,0.98982,92
2026-05-25T05:05:00+00:00,0.9898,0.989845,0.98977,0.989845,88
2026-05-25T05:06:00+00:00,0.989845,0.9899,0.9898,0.989915,98
2026-05-25T05:07:00+00:00,0.9899,0.989865,0.98979,0.989945,151
2026-05-25T05:08:00+00:00,0.989865,0.98976,0.989745,0.989905,107
2026-05-25T05:09:00+00:00,0.989755,0.98977,0.98967,0.98978,175
2026-05-25T05:10:00+00:00,0.989765,0.989795,0.989745,0.989825,144
2026-05-25T05:11:00+00:00,0.989805,0.989915,0.989785,0.98995,143
2026-05-25T05:12:00+00:00,0.98992,0.98976,0.989745,0.989945,222
2026-05-25T05:13:00+00:00,0.989765,0.98982,0.98976,0.989845,90
2026-05-25T05:14:00+00:00,0.98982,0.989915,0.989815,0.989915,52
2026-05-25T05:15:00+00:00,0.989915,0.989915,0.989885,0.989925,83
2026-05-25T05:16:00+00:00,0.989925,0.989945,0.989915,0.98996,73
2026-05-25T05:17:00+00:00,0.98996,0.98992,0.9899,0.989975,128
2026-05-25T05:18:00+00:00,0.989925,0.989885,0.989885,0.989925,78
2026-05-25T05:19:00+00:00,0.989875,0.989845,0.989835,0.989875,41
2026-05-25T05:20:00+00:00,0.989845,0.989825,0.989825,0.98985,13
2026-05-25T05:21:00+00:00,0.989835,0.98977,0.98973,0.989835,99
2026-05-25T05:22:00+00:00,0.989775,0.989785,0.989775,0.98983,113
2026-05-25T05:23:00+00:00,0.989785,0.989775,0.98977,0.989835,37
2026-05-25T05:24:00+00:00,0.98978,0.989775,0.989765,0.989795,51
2026-05-25T05:25:00+00:00,0.989775,0.989805,0.989755,0.98981,64
2026-05-25T05:26:00+00:00,0.98981,0.98977,0.989765,0.989825,62
2026-05-25T05:27:00+00:00,0.98976,0.989725,0.989725,0.98976,59
2026-05-25T05:28:00+00:00,0.989725,0.989705,0.9897,0.98974,42
2026-05-25T05:29:00+00:00,0.9897,0.98967,0.989625,0.989705,35
2026-05-25T05:30:00+00:00,0.989675,0.989555,0.989525,0.989675,102
2026-05-25T05:31:00+00:00,0.98955,0.989575,0.989525,0.989645,127
2026-05-25T05:32:00+00:00,0.989585,0.989695,0.989585,0.9897,125
2026-05-25T05:33:00+00:00,0.9897,0.989745,0.9897,0.98979,94
2026-05-25T05:34:00+00:00,0.98974,0.989835,0.98974,0.989845,104
2026-05-25T05:35:00+00:00,0.989845,0.989875,0.98982,0.989875,78
2026-05-25T05:36:00+00:00,0.989865,0.98985,0.98983,0.989895,67
2026-05-25T05:37:00+00:00,0.98985,0.99002,0.98985,0.990035,65
2026-05-25T05:38:00+00:00,0.99002,0.98999,0.98998,0.99006,55
2026-05-25T05:39:00+00:00,0.989985,0.989945,0.989945,0.989985,31
2026-05-25T05:40:00+00:00,0.98995,0.98992,0.989885,0.98996,70
2026-05-25T05:41:00+00:00,0.989905,0.989865,0.98982,0.98995,118
2026-05-25T05:42:00+00:00,0.989865,0.989815,0.98977,0.989865,68
2026-05-25T05:43:00+00:00,0.98981,0.989855,0.989805,0.98991,105
2026-05-25T05:44:00+00:00,0.989855,0.98982,0.989815,0.98986,52
2026-05-25T05:45:00+00:00,0.989825,0.98988,0.989805,0.989925,110
2026-05-25T05:46:00+00:00,0.989885,0.989745,0.98974,0.98989,78
2026-05-25T05:47:00+00:00,0.989745,0.989805,0.989725,0.98982,86
2026-05-25T05:48:00+00:00,0.98982,0.989665,0.989665,0.98982,69
2026-05-25T05:49:00+00:00,0.989675,0.98964,0.989605,0.989725,102
2026-05-25T05:50:00+00:00,0.98963,0.98952,0.989515,0.989635,131
2026-05-25T05:51:00+00:00,0.98951,0.989575,0.98947,0.989605,103
2026-05-25T05:52:00+00:00,0.989575,0.989565,0.98952,0.989575,157
2026-05-25T05:53:00+00:00,0.98956,0.98956,0.98952,0.989595,140
2026-05-25T05:54:00+00:00,0.989565,0.989655,0.98956,0.989675,53
2026-05-25T05:55:00+00:00,0.98966,0.989625,0.9896,0.989675,124
2026-05-25T05:56:00+00:00,0.98963,0.989525,0.989525,0.98971,117
2026-05-25T05:57:00+00:00,0.98952,0.989525,0.989455,0.98954,161
2026-05-25T05:58:00+00:00,0.989525,0.989485,0.989435,0.989525,113
2026-05-25T05:59:00+00:00,0.98948,0.9895,0.989465,0.98962,190
2026-05-25T06:00:00+00:00,0.98949,0.98969,0.989365,0.9897,350
2026-05-25T06:01:00+00:00,0.989685,0.98982,0.98968,0.98985,298
2026-05-25T06:02:00+00:00,0.989825,0.989835,0.98981,0.9899,227
2026-05-25T06:03:00+00:00,0.989835,0.9899,0.98975,0.9899,142
2026-05-25T06:04:00+00:00,0.989895,0.989805,0.989795,0.989915,99
2026-05-25T06:05:00+00:00,0.989805,0.989815,0.989755,0.989815,122
2026-05-25T06:06:00+00:00,0.98982,0.98988,0.989815,0.989915,97
2026-05-25T06:07:00+00:00,0.98989,0.989955,0.989885,0.989955,122
2026-05-25T06:08:00+00:00,0.989955,0.990005,0.989955,0.99004,88
2026-05-25T06:09:00+00:00,0.99001,0.99,0.989955,0.99002,144
2026-05-25T06:10:00+00:00,0.990005,0.99009,0.990005,0.99011,146
2026-05-25T06:11:00+00:00,0.99009,0.99005,0.99002,0.990095,125
2026-05-25T06:12:00+00:00,0.990045,0.989985,0.989985,0.99007,101
2026-05-25T06:13:00+00:00,0.989985,0.98997,0.989945,0.99001,142
2026-05-25T06:14:00+00:00,0.98997,0.99006,0.98997,0.990065,171
2026-05-25T06:15:00+00:00,0.990065,0.98996,0.989935,0.99007,172
2026-05-25T06:16:00+00:00,0.98996,0.989865,0.989845,0.98996,145
2026-05-25T06:17:00+00:00,0.989865,0.98987,0.989835,0.989895,88
2026-05-25T06:18:00+00:00,0.98988,0.98991,0.989875,0.98993,76
2026-05-25T06:19:00+00:00,0.989905,0.989815,0.98981,0.98991,103
2026-05-25T06:20:00+00:00,0.98981,0.9897,0.98969,0.98983,134
2026-05-25T06:21:00+00:00,0.989695,0.98963,0.989615,0.989745,142
2026-05-25T06:22:00+00:00,0.98962,0.98957,0.989525,0.989635,154
2026-05-25T06:23:00+00:00,0.989555,0.98961,0.98955,0.98964,129
2026-05-25T06:24:00+00:00,0.98961,0.98964,0.98961,0.98969,143
2026-05-25T06:25:00+00:00,0.98964,0.98958,0.98958,0.98967,163
2026-05-25T06:26:00+00:00,0.98958,0.98961,0.98954,0.989635,163
2026-05-25T06:27:00+00:00,0.989625,0.989625,0.9896,0.989645,138
2026-05-25T06:28:00+00:00,0.98961,0.98964,0.989595,0.98965,110
2026-05-25T06:29:00+00:00,0.989635,0.98963,0.98955,0.98964,153
2026-05-25T06:30:00+00:00,0.98963,0.98963,0.989545,0.98963,181
2026-05-25T06:31:00+00:00,0.98963,0.989665,0.989615,0.98971,144
2026-05-25T06:32:00+00:00,0.989675,0.989685,0.989645,0.989755,210
2026-05-25T06:33:00+00:00,0.989695,0.989685,0.98967,0.989785,116
2026-05-25T06:34:00+00:00,0.98969,0.98976,0.98967,0.989785,141
2026-05-25T06:35:00+00:00,0.989765,0.989765,0.98967,0.989785,134
2026-05-25T06:36:00+00:00,0.98977,0.989685,0.989645,0.989785,163
2026-05-25T06:37:00+00:00,0.989685,0.989655,0.98958,0.98972,105
2026-05-25T06:38:00+00:00,0.98965,0.989735,0.989635,0.989745,93
2026-05-25T06:39:00+00:00,0.98973,0.98971,0.989705,0.989785,121
2026-05-25T06:40:00+00:00,0.98971,0.98973,0.989665,0.989735,111
2026-05-25T06:41:00+00:00,0.989735,0.98968,0.989645,0.989735,80
2026-05-25T06:42:00+00:00,0.989675,0.989625,0.98956,0.989695,142
2026-05-25T06:43:00+00:00,0.98962,0.989495,0.98948,0.98962,170
2026-05-25T06:44:00+00:00,0.9895,0.98949,0.98948,0.98951,76
2026-05-25T06:45:00+00:00,0.98948,0.989555,0.98948,0.98958,114
2026-05-25T06:46:00+00:00,0.989555,0.989765,0.989555,0.989775,152
2026-05-25T06:47:00+00:00,0.989755,0.98972,0.9897,0.989835,171
2026-05-25T06:48:00+00:00,0.989715,0.98957,0.98954,0.989715,120
2026-05-25T06:49:00+00:00,0.989565,0.98958,0.989535,0.989615,60
2026-05-25T06:50:00+00:00,0.98958,0.98953,0.98952,0.989605,91
2026-05-25T06:51:00+00:00,0.98953,0.989615,0.989495,0.98962,141
2026-05-25T06:52:00+00:00,0.98962,0.98949,0.98941,0.98963,149
2026-05-25T06:53:00+00:00,0.98948,0.98951,0.989415,0.989525,92
2026-05-25T06:54:00+00:00,0.989515,0.989535,0.989485,0.989545,167
2026-05-25T06:55:00+00:00,0.98954,0.989585,0.989505,0.989595,179
2026-05-25T06:56:00+00:00,0.98958,0.98956,0.98955,0.98961,163
2026-05-25T06:57:00+00:00,0.989555,0.989605,0.989505,0.989625,257
2026-05-25T06:58:00+00:00,0.989615,0.989635,0.98959,0.98968,207
2026-05-25T06:59:00+00:00,0.98964,0.989595,0.98958,0.98966,171
2026-05-25T07:00:00+00:00,0.9896,0.989565,0.989535,0.989645,211
2026-05-25T07:01:00+00:00,0.98956,0.989575,0.989555,0.989595,140
2026-05-25T07:02:00+00:00,0.989575,0.989605,0.989545,0.989655,237
2026-05-25T07:03:00+00:00,0.98961,0.989635,0.98961,0.989675,140
2026-05-25T07:04:00+00:00,0.989645,0.989635,0.989605,0.989705,138
2026-05-25T07:05:00+00:00,0.98963,0.989555,0.98952,0.98964,153
2026-05-25T07:06:00+00:00,0.98955,0.98939,0.989345,0.989555,240
2026-05-25T07:07:00+00:00,0.989385,0.98933,0.98933,0.98943,162
2026-05-25T07:08:00+00:00,0.98934,0.989265,0.989205,0.98935,210
2026-05-25T07:09:00+00:00,0.989255,0.989215,0.989125,0.98926,312
2026-05-25T07:10:00+00:00,0.98921,0.989235,0.98912,0.989275,216
2026-05-25T07:11:00+00:00,0.989225,0.9893,0.989215,0.98933,243
2026-05-25T07:12:00+00:00,0.989295,0.989285,0.98927,0.989365,302
2026-05-25T07:13:00+00:00,0.98928,0.989245,0.989215,0.9893,300
2026-05-25T07:14:00+00:00,0.98924,0.98921,0.98917,0.989255,185
2026-05-25T07:15:00+00:00,0.98921,0.989065,0.989055,0.989235,134
2026-05-25T07:16:00+00:00,0.98907,0.98901,0.98899,0.9891,138
2026-05-25T07:17:00+00:00,0.98901,0.988765,0.98873,0.98904,310
2026-05-25T07:18:00+00:00,0.98877,0.98835,0.98833,0.988855,872
2026-05-25T07:19:00+00:00,0.988335,0.988505,0.988315,0.98859,517
2026-05-25T07:20:00+00:00,0.98851,0.988555,0.988415,0.98863,416
2026-05-25T07:21:00+00:00,0.98856,0.98866,0.98855,0.98869,221
2026-05-25T07:22:00+00:00,0.98866,0.988625,0.988585,0.988775,293
2026-05-25T07:23:00+00:00,0.98862,0.98858,0.98852,0.988675,239
2026-05-25T07:24:00+00:00,0.988575,0.98882,0.988555,0.98886,269
2026-05-25T07:25:00+00:00,0.98883,0.988745,0.988705,0.98886,279
2026-05-25T07:26:00+00:00,0.988755,0.98886,0.988685,0.988875,312
2026-05-25T07:27:00+00:00,0.988865,0.988975,0.98886,0.98902,243
2026-05-25T07:28:00+00:00,0.98897,0.98888,0.98887,0.98897,156
2026-05-25T07:29:00+00:00,0.988875,0.98889,0.988855,0.988905,175
2026-05-25T07:30:00+00:00,0.988895,0.989045,0.988885,0.989055,136
2026-05-25T07:31:00+00:00,0.989035,0.989215,0.98902,0.98923,225
2026-05-25T07:32:00+00:00,0.98921,0.989395,0.989175,0.989445,448
2026-05-25T07:33:00+00:00,0.98939,0.98932,0.9893,0.989595,769
2026-05-25T07:34:00+00:00,0.989315,0.989125,0.989095,0.98933,311
2026-05-25T07:35:00+00:00,0.989115,0.989195,0.989115,0.989245,245
2026-05-25T07:36:00+00:00,0.989205,0.9892,0.98911,0.989255,266
2026-05-25T07:37:00+00:00,0.9892,0.98911,0.98908,0.98923,113
2026-05-25T07:38:00+00:00,0.98911,0.98914,0.989075,0.989185,191
2026-05-25T07:39:00+00:00,0.989135,0.98915,0.98913,0.989205,104
2026-05-25T07:40:00+00:00,0.989145,0.989125,0.989095,0.98915,108
2026-05-25T07:41:00+00:00,0.98912,0.98916,0.98912,0.989205,152
2026-05-25T07:42:00+00:00,0.989165,0.989175,0.98912,0.98922,126
2026-05-25T07:43:00+00:00,0.989175,0.98922,0.98916,0.98924,144
2026-05-25T07:44:00+00:00,0.98923,0.98917,0.98917,0.989305,299
2026-05-25T07:45:00+00:00,0.989175,0.98916,0.98913,0.98921,154
2026-05-25T07:46:00+00:00,0.98917,0.98919,0.98906,0.989195,246
2026-05-25T07:47:00+00:00,0.989175,0.98916,0.98914,0.9892,84
2026-05-25T07:48:00+00:00,0.98916,0.98913,0.98912,0.98921,102
2026-05-25T07:49:00+00:00,0.989135,0.9892,0.98913,0.989205,114
2026-05-25T07:50:00+00:00,0.989195,0.989155,0.98912,0.9892,104
2026-05-25T07:51:00+00:00,0.98915,0.98906,0.989055,0.989155,69
2026-05-25T07:52:00+00:00,0.98906,0.989135,0.98903,0.98914,110
2026-05-25T07:53:00+00:00,0.98913,0.989105,0.989025,0.98914,125
2026-05-25T07:54:00+00:00,0.989105,0.98909,0.989055,0.98912,124
2026-05-25T07:55:00+00:00,0.989085,0.98913,0.98908,0.98916,90
2026-05-25T07:56:00+00:00,0.989135,0.98913,0.98911,0.989165,58
2026-05-25T07:57:00+00:00,0.989135,0.98924,0.989095,0.98925,123
2026-05-25T07:58:00+00:00,0.98923,0.9892,0.98918,0.98928,144
2026-05-25T07:59:00+00:00,0.9892,0.989245,0.989185,0.989265,130
2026-05-25T08:00:00+00:00,0.989235,0.98913,0.989075,0.98928,237
2026-05-25T08:01:00+00:00,0.98912,0.989235,0.98912,0.98926,115
2026-05-25T08:02:00+00:00,0.98924,0.9892,0.98916,0.989255,265
2026-05-25T08:03:00+00:00,0.989195,0.989275,0.98917,0.98933,247
2026-05-25T08:04:00+00:00,0.98927,0.98928,0.989265,0.989375,187
2026-05-25T08:05:00+00:00,0.989275,0.989315,0.98926,0.98939,200
2026-05-25T08:06:00+00:00,0.989305,0.98941,0.989305,0.989435,251
2026-05-25T08:07:00+00:00,0.9894,0.98938,0.989325,0.98941,180
2026-05-25T08:08:00+00:00,0.98937,0.989365,0.989335,0.989405,187
2026-05-25T08:09:00+00:00,0.98937,0.989475,0.98935,0.989525,177
2026-05-25T08:10:00+00:00,0.989475,0.98948,0.98946,0.989535,93
2026-05-25T08:11:00+00:00,0.989475,0.989465,0.989415,0.98956,167
2026-05-25T08:12:00+00:00,0.98947,0.989405,0.989375,0.98948,135
2026-05-25T08:13:00+00:00,0.9894,0.98934,0.9893,0.9894,149
2026-05-25T08:14:00+00:00,0.989335,0.98935,0.989325,0.989425,161
2026-05-25T08:15:00+00:00,0.98936,0.989305,0.989295,0.989375,208
2026-05-25T08:16:00+00:00,0.98931,0.989275,0.98927,0.989335,137
2026-05-25T08:17:00+00:00,0.98928,0.98932,0.98928,0.989325,92
2026-05-25T08:18:00+00:00,0.98932,0.9893,0.989275,0.98933,96
2026-05-25T08:19:00+00:00,0.9893,0.98939,0.98927,0.98939,130
2026-05-25T08:20:00+00:00,0.989405,0.989405,0.989385,0.98947,112
2026-05-25T08:21:00+00:00,0.989405,0.989395,0.989335,0.98941,86
2026-05-25T08:22:00+00:00,0.9894,0.989295,0.989295,0.9894,103
2026-05-25T08:23:00+00:00,0.98929,0.98932,0.98927,0.98934,101
2026-05-25T08:24:00+00:00,0.98932,0.989375,0.989315,0.989395,99
2026-05-25T08:25:00+00:00,0.989385,0.989435,0.98937,0.989465,150
2026-05-25T08:26:00+00:00,0.98943,0.98945,0.98941,0.98948,156
2026-05-25T08:27:00+00:00,0.989445,0.98956,0.989425,0.989565,161
2026-05-25T08:28:00+00:00,0.989565,0.98949,0.989465,0.989565,113
2026-05-25T08:29:00+00:00,0.989485,0.989515,0.98946,0.989525,162
2026-05-25T08:30:00+00:00,0.98952,0.989585,0.989475,0.989595,188
2026-05-25T08:31:00+00:00,0.98959,0.989715,0.989575,0.98974,193
2026-05-25T08:32:00+00:00,0.989725,0.989785,0.9897,0.98981,98
2026-05-25T08:33:00+00:00,0.989775,0.98989,0.989775,0.9899,98
2026-05-25T08:34:00+00:00,0.98989,0.98991,0.98982,0.989945,77
2026-05-25T08:35:00+00:00,0.989915,0.9899,0.9899,0.99001,139
2026-05-25T08:36:00+00:00,0.9899,0.98981,0.989785,0.98991,122
2026-05-25T08:37:00+00:00,0.98981,0.98989,0.98981,0.989915,84
2026-05-25T08:38:00+00:00,0.98989,0.989905,0.989885,0.98995,98
2026-05-25T08:39:00+00:00,0.989895,0.989945,0.98989,0.98995,88
2026-05-25T08:40:00+00:00,0.98994,0.98995,0.989905,0.99002,116
2026-05-25T08:41:00+00:00,0.989945,0.98988,0.989845,0.98995,162
2026-05-25T08:42:00+00:00,0.989875,0.989825,0.9898,0.989875,116
2026-05-25T08:43:00+00:00,0.98983,0.989805,0.98979,0.989835,116
2026-05-25T08:44:00+00:00,0.989815,0.98991,0.989795,0.989915,108
2026-05-25T08:45:00+00:00,0.989905,0.989965,0.98983,0.989975,153
2026-05-25T08:46:00+00:00,0.989965,0.989955,0.98991,0.98998,190
2026-05-25T08:47:00+00:00,0.989955,0.990015,0.98994,0.990015,119
2026-05-25T08:48:00+00:00,0.990015,0.99004,0.99,0.99006,143
2026-05-25T08:49:00+00:00,0.990035,0.990015,0.989975,0.99005,154
2026-05-25T08:50:00+00:00,0.990015,0.98994,0.98994,0.990015,108
2026-05-25T08:51:00+00:00,0.989935,0.98987,0.98987,0.98996,166
2026-05-25T08:52:00+00:00,0.98987,0.989755,0.98975,0.98991,87
2026-05-25T08:53:00+00:00,0.989755,0.98968,0.98968,0.98979,119
2026-05-25T08:54:00+00:00,0.9897,0.98971,0.989685,0.98977,119
2026-05-25T08:55:00+00:00,0.98972,0.98976,0.989705,0.989815,163
2026-05-25T08:56:00+00:00,0.989755,0.98976,0.989725,0.98978,174
2026-05-25T08:57:00+00:00,0.989755,0.989835,0.98974,0.989855,121
2026-05-25T08:58:00+00:00,0.98984,0.989945,0.98984,0.98997,155
2026-05-25T08:59:00+00:00,0.989935,0.9899,0.98988,0.98996,119
2026-05-25T09:00:00+00:00,0.989895,0.98991,0.98988,0.98993,102
2026-05-25T09:01:00+00:00,0.989915,0.98993,0.989875,0.989965,100
2026-05-25T09:02:00+00:00,0.989925,0.99003,0.989925,0.990035,163
2026-05-25T09:03:00+00:00,0.99003,0.99002,0.99,0.990035,84
2026-05-25T09:04:00+00:00,0.990025,0.99005,0.99002,0.99009,83
2026-05-25T09:05:00+00:00,0.990045,0.990085,0.989955,0.990085,121
2026-05-25T09:06:00+00:00,0.99008,0.99,0.98999,0.990135,112
2026-05-25T09:07:00+00:00,0.99,0.98998,0.98998,0.990025,47
2026-05-25T09:08:00+00:00,0.989975,0.98993,0.989885,0.989985,146
2026-05-25T09:09:00+00:00,0.989925,0.989955,0.989925,0.98998,95
2026-05-25T09:10:00+00:00,0.989955,0.990065,0.989945,0.99008,68
2026-05-25T09:11:00+00:00,0.990065,0.990135,0.990065,0.99014,92
2026-05-25T09:12:00+00:00,0.990135,0.990045,0.98999,0.99014,84
2026-05-25T09:13:00+00:00,0.990055,0.990015,0.989985,0.99006,96
2026-05-25T09:14:00+00:00,0.990015,0.99001,0.98997,0.990035,95
2026-05-25T09:15:00+00:00,0.990015,0.989975,0.98996,0.99004,100
2026-05-25T09:16:00+00:00,0.989965,0.989995,0.98993,0.99001,111
2026-05-25T09:17:00+00:00,0.99,0.99,0.989955,0.990005,70
2026-05-25T09:18:00+00:00,0.990005,0.990105,0.990005,0.990105,66
2026-05-25T09:19:00+00:00,0.990105,0.99003,0.99,0.990105,56
2026-05-25T09:20:00+00:00,0.99004,0.990015,0.990005,0.990045,75
2026-05-25T09:21:00+00:00,0.990015,0.99004,0.990015,0.99007,45
2026-05-25T09:22:00+00:00,0.99004,0.990045,0.990035,0.99006,81
2026-05-25T09:23:00+00:00,0.99005,0.989995,0.98996,0.99005,109
2026-05-25T09:24:00+00:00,0.989995,0.990005,0.989995,0.990035,57
2026-05-25T09:25:00+00:00,0.990005,0.98999,0.98999,0.99003,45
2026-05-25T09:26:00+00:00,0.98999,0.98997,0.989965,0.99002,55
2026-05-25T09:27:00+00:00,0.989965,0.98996,0.989955,0.990005,88
2026-05-25T09:28:00+00:00,0.989955,0.98996,0.989945,0.990005,73
2026-05-25T09:29:00+00:00,0.98996,0.98991,0.989905,0.98997,114
2026-05-25T09:30:00+00:00,0.989905,0.990015,0.989905,0.99002,143
2026-05-25T09:31:00+00:00,0.990015,0.990095,0.99,0.990095,124
2026-05-25T09:32:00+00:00,0.99009,0.99016,0.990085,0.99016,65
2026-05-25T09:33:00+00:00,0.99016,0.99014,0.99011,0.99017,78
2026-05-25T09:34:00+00:00,0.99014,0.990145,0.990115,0.99019,107
2026-05-25T09:35:00+00:00,0.99014,0.990125,0.9901,0.99014,105
2026-05-25T09:36:00+00:00,0.990125,0.990055,0.990055,0.990155,121
2026-05-25T09:37:00+00:00,0.99006,0.990085,0.99006,0.9901,82
2026-05-25T09:38:00+00:00,0.99008,0.9901,0.99008,0.990105,34
2026-05-25T09:39:00+00:00,0.9901,0.99013,0.99003,0.99016,70
2026-05-25T09:40:00+00:00,0.990125,0.99016,0.990115,0.99018,75
2026-05-25T09:41:00+00:00,0.990165,0.990185,0.99016,0.990225,98
2026-05-25T09:42:00+00:00,0.99019,0.990215,0.99016,0.99022,49
2026-05-25T09:43:00+00:00,0.990215,0.99022,0.990205,0.99023,27
2026-05-25T09:44:00+00:00,0.99022,0.99021,0.9902,0.99022,19
2026-05-25T09:45:00+00:00,0.99021,0.9901,0.9901,0.99021,80
2026-05-25T09:46:00+00:00,0.990105,0.990155,0.9901,0.99017,76
2026-05-25T09:47:00+00:00,0.990155,0.990145,0.99014,0.99017,27
2026-05-25T09:48:00+00:00,0.99015,0.99001,0.990005,0.99016,81
2026-05-25T09:49:00+00:00,0.99002,0.99001,0.99,0.99003,152
2026-05-25T09:50:00+00:00,0.990015,0.990025,0.989985,0.99006,70
2026-05-25T09:51:00+00:00,0.990025,0.99003,0.99001,0.99006,76
2026-05-25T09:52:00+00:00,0.990025,0.98998,0.989975,0.990045,184
2026-05-25T09:53:00+00:00,0.989985,0.99003,0.989975,0.990045,89
2026-05-25T09:54:00+00:00,0.99003,0.99002,0.989985,0.99003,98
2026-05-25T09:55:00+00:00,0.99001,0.99007,0.98999,0.9901,110
2026-05-25T09:56:00+00:00,0.99007,0.99007,0.99005,0.99008,63
2026-05-25T09:57:00+00:00,0.990075,0.99008,0.990055,0.99009,57
2026-05-25T09:58:00+00:00,0.990085,0.990015,0.98999,0.990095,94
2026-05-25T09:59:00+00:00,0.990015,0.990035,0.99,0.99006,105
2026-05-25T10:00:00+00:00,0.99003,0.990165,0.99003,0.9902,138
2026-05-25T10:01:00+00:00,0.990165,0.990135,0.990115,0.990205,121
2026-05-25T10:02:00+00:00,0.99014,0.99014,0.990115,0.99015,62
2026-05-25T10:03:00+00:00,0.990145,0.990105,0.990075,0.99019,92
2026-05-25T10:04:00+00:00,0.99009,0.990085,0.99005,0.990105,89
2026-05-25T10:05:00+00:00,0.99009,0.99014,0.99007,0.990155,91
2026-05-25T10:06:00+00:00,0.990145,0.990205,0.99013,0.99021,67
2026-05-25T10:07:00+00:00,0.990205,0.99024,0.990205,0.99025,43
2026-05-25T10:08:00+00:00,0.990245,0.990245,0.990225,0.990265,78
2026-05-25T10:09:00+00:00,0.99025,0.990255,0.990235,0.99029,78
2026-05-25T10:10:00+00:00,0.990255,0.99028,0.990195,0.9903,191
2026-05-25T10:11:00+00:00,0.990285,0.99024,0.990235,0.990315,122
2026-05-25T10:12:00+00:00,0.99024,0.99027,0.990235,0.99029,60
2026-05-25T10:13:00+00:00,0.990275,0.99024,0.99024,0.990295,104
2026-05-25T10:14:00+00:00,0.99024,0.990195,0.990185,0.99025,79
2026-05-25T10:15:00+00:00,0.9902,0.990265,0.990185,0.99027,65
2026-05-25T10:16:00+00:00,0.990265,0.990295,0.99026,0.990295,55
2026-05-25T10:17:00+00:00,0.99029,0.99036,0.99029,0.99038,65
2026-05-25T10:18:00+00:00,0.99036,0.99036,0.990305,0.990365,60
2026-05-25T10:19:00+00:00,0.990355,0.990335,0.990335,0.99036,34
2026-05-25T10:20:00+00:00,0.99034,0.990215,0.990215,0.99035,119
2026-05-25T10:21:00+00:00,0.990215,0.99025,0.990205,0.990265,82
2026-05-25T10:22:00+00:00,0.990245,0.990255,0.990235,0.990275,51
2026-05-25T10:23:00+00:00,0.990255,0.990235,0.99023,0.99026,39
2026-05-25T10:24:00+00:00,0.99024,0.99023,0.990195,0.99025,66
2026-05-25T10:25:00+00:00,0.990225,0.99017,0.990155,0.99024,46
2026-05-25T10:26:00+00:00,0.99017,0.990225,0.990155,0.990235,34
2026-05-25T10:27:00+00:00,0.99022,0.990155,0.990155,0.990235,37
2026-05-25T10:28:00+00:00,0.99017,0.99015,0.99012,0.990175,71
2026-05-25T10:29:00+00:00,0.990155,0.990075,0.990045,0.99016,86
2026-05-25T10:30:00+00:00,0.99007,0.990095,0.990055,0.990105,126
2026-05-25T10:31:00+00:00,0.990095,0.99005,0.99005,0.990105,65
2026-05-25T10:32:00+00:00,0.99005,0.98999,0.989985,0.99007,57
2026-05-25T10:33:00+00:00,0.989995,0.99,0.989965,0.99002,75
2026-05-25T10:34:00+00:00,0.99,0.99003,0.99,0.99008,54
2026-05-25T10:35:00+00:00,0.99003,0.989955,0.989955,0.99003,60
2026-05-25T10:36:00+00:00,0.98996,0.98997,0.989935,0.989995,65
2026-05-25T10:37:00+00:00,0.989965,0.9899,0.98987,0.99,103
2026-05-25T10:38:00+00:00,0.989905,0.98987,0.989855,0.98992,91
2026-05-25T10:39:00+00:00,0.98987,0.98986,0.989845,0.98988,85
2026-05-25T10:40:00+00:00,0.98986,0.98992,0.98985,0.989945,76
2026-05-25T10:41:00+00:00,0.98992,0.98999,0.98992,0.99002,72
2026-05-25T10:42:00+00:00,0.98999,0.990015,0.989975,0.990015,46
2026-05-25T10:43:00+00:00,0.99003,0.990055,0.99002,0.99008,43
2026-05-25T10:44:00+00:00,0.99005,0.990095,0.990045,0.990125,59
2026-05-25T10:45:00+00:00,0.990095,0.99007,0.99005,0.990145,136
2026-05-25T10:46:00+00:00,0.99006,0.99005,0.990025,0.990095,104
2026-05-25T10:47:00+00:00,0.99005,0.990085,0.990035,0.9901,82
2026-05-25T10:48:00+00:00,0.99008,0.99004,0.99003,0.990105,96
2026-05-25T10:49:00+00:00,0.99004,0.990015,0.99,0.99004,54
2026-05-25T10:50:00+00:00,0.990015,0.990025,0.990015,0.99004,81
2026-05-25T10:51:00+00:00,0.990035,0.99003,0.98999,0.99004,94
2026-05-25T10:52:00+00:00,0.990025,0.99009,0.990025,0.99011,82
2026-05-25T10:53:00+00:00,0.99009,0.99008,0.99007,0.99011,46
2026-05-25T10:54:00+00:00,0.99008,0.99004,0.99004,0.990095,58
2026-05-25T10:55:00+00:00,0.99004,0.990045,0.990035,0.99005,17
2026-05-25T10:56:00+00:00,0.990045,0.99001,0.989995,0.99005,63
2026-05-25T10:57:00+00:00,0.99001,0.989945,0.989935,0.99003,106
2026-05-25T10:58:00+00:00,0.989945,0.98994,0.989905,0.98999,91
2026-05-25T10:59:00+00:00,0.98995,0.98998,0.989915,0.98999,94
2026-05-25T11:00:00+00:00,0.989975,0.98995,0.989905,0.99001,165
2026-05-25T11:01:00+00:00,0.989955,0.989955,0.989945,0.98997,82
2026-05-25T11:02:00+00:00,0.989955,0.98992,0.98989,0.99001,94
2026-05-25T11:03:00+00:00,0.989925,0.989915,0.9899,0.989945,56
2026-05-25T11:04:00+00:00,0.98993,0.990005,0.989915,0.990015,88
2026-05-25T11:05:00+00:00,0.990005,0.989995,0.98997,0.990015,107
2026-05-25T11:06:00+00:00,0.99,0.989915,0.989905,0.990015,126
2026-05-25T11:07:00+00:00,0.989915,0.989935,0.98991,0.989945,73
2026-05-25T11:08:00+00:00,0.98993,0.989985,0.989925,0.98999,63
2026-05-25T11:09:00+00:00,0.989985,0.99007,0.98998,0.990095,100
2026-05-25T11:10:00+00:00,0.990075,0.990165,0.990075,0.990215,98
2026-05-25T11:11:00+00:00,0.99017,0.990155,0.990115,0.99017,61
2026-05-25T11:12:00+00:00,0.99015,0.990105,0.99007,0.99015,86
2026-05-25T11:13:00+00:00,0.9901,0.990165,0.9901,0.99017,86
2026-05-25T11:14:00+00:00,0.99017,0.990145,0.99014,0.99018,37
2026-05-25T11:15:00+00:00,0.990155,0.990125,0.990095,0.99017,63
2026-05-25T11:16:00+00:00,0.99011,0.990085,0.99005,0.99011,120
2026-05-25T11:17:00+00:00,0.990085,0.9901,0.99008,0.990105,45
2026-05-25T11:18:00+00:00,0.9901,0.990135,0.99009,0.990145,92
2026-05-25T11:19:00+00:00,0.99014,0.990155,0.990135,0.990185,48
2026-05-25T11:20:00+00:00,0.990155,0.99016,0.990145,0.99018,40
2026-05-25T11:21:00+00:00,0.99016,0.990095,0.990075,0.990165,69
2026-05-25T11:22:00+00:00,0.9901,0.99007,0.990055,0.99011,53
2026-05-25T11:23:00+00:00,0.990065,0.99004,0.990015,0.9901,42
2026-05-25T11:24:00+00:00,0.99004,0.99005,0.990025,0.990055,69
2026-05-25T11:25:00+00:00,0.99004,0.990035,0.990015,0.99006,61
2026-05-25T11:26:00+00:00,0.99003,0.98994,0.98994,0.990045,87
2026-05-25T11:27:00+00:00,0.989955,0.989935,0.989915,0.989975,83
2026-05-25T11:28:00+00:00,0.989925,0.989965,0.989925,0.989965,43
2026-05-25T11:29:00+00:00,0.98996,0.99003,0.98996,0.990035,109
2026-05-25T11:30:00+00:00,0.99003,0.99021,0.99003,0.99022,125
2026-05-25T11:31:00+00:00,0.990215,0.99019,0.99019,0.990295,128
2026-05-25T11:32:00+00:00,0.990195,0.990265,0.990175,0.990305,127
2026-05-25T11:33:00+00:00,0.99027,0.990295,0.990265,0.99046,250
2026-05-25T11:34:00+00:00,0.990285,0.990295,0.99026,0.99035,114
2026-05-25T11:35:00+00:00,0.99031,0.99032,0.990245,0.99035,100
2026-05-25T11:36:00+00:00,0.990325,0.990455,0.99032,0.990475,107
2026-05-25T11:37:00+00:00,0.990445,0.99052,0.990445,0.990535,134
2026-05-25T11:38:00+00:00,0.99052,0.9905,0.990475,0.99053,83
2026-05-25T11:39:00+00:00,0.990495,0.990565,0.99047,0.99057,141
2026-05-25T11:40:00+00:00,0.99057,0.990595,0.990555,0.990655,203
2026-05-25T11:41:00+00:00,0.990595,0.99058,0.9905,0.990615,150
2026-05-25T11:42:00+00:00,0.990575,0.990475,0.990455,0.9906,120
2026-05-25T11:43:00+00:00,0.99048,0.99052,0.99043,0.99052,191
2026-05-25T11:44:00+00:00,0.990515,0.990565,0.990515,0.99062,151
2026-05-25T11:45:00+00:00,0.99056,0.99061,0.990535,0.990685,199
2026-05-25T11:46:00+00:00,0.990605,0.99064,0.990515,0.99064,154
2026-05-25T11:47:00+00:00,0.990645,0.99056,0.99055,0.99067,117
2026-05-25T11:48:00+00:00,0.990555,0.99056,0.990485,0.990575,127
2026-05-25T11:49:00+00:00,0.990555,0.990485,0.990465,0.990565,127
2026-05-25T11:50:00+00:00,0.99048,0.990515,0.99048,0.990555,105
2026-05-25T11:51:00+00:00,0.99052,0.990495,0.99048,0.99054,88
2026-05-25T11:52:00+00:00,0.99049,0.9905,0.99046,0.99054,134
2026-05-25T11:53:00+00:00,0.99051,0.990465,0.990445,0.990525,154
2026-05-25T11:54:00+00:00,0.99047,0.990465,0.99042,0.99049,119
2026-05-25T11:55:00+00:00,0.990465,0.99033,0.99032,0.990465,115
2026-05-25T11:56:00+00:00,0.990335,0.99031,0.9903,0.990395,215
2026-05-25T11:57:00+00:00,0.99031,0.990275,0.990235,0.99034,175
2026-05-25T11:58:00+00:00,0.99027,0.990265,0.990225,0.990295,154
2026-05-25T11:59:00+00:00,0.99026,0.990205,0.99015,0.99026,109
2026-05-25T12:00:00+00:00,0.990195,0.990175,0.99008,0.99021,265
2026-05-25T12:01:00+00:00,0.990165,0.990215,0.990155,0.99023,146
2026-05-25T12:02:00+00:00,0.99021,0.99025,0.990185,0.99029,139
2026-05-25T12:03:00+00:00,0.99025,0.990265,0.99025,0.990305,180
2026-05-25T12:04:00+00:00,0.99027,0.990315,0.990265,0.990355,147
2026-05-25T12:05:00+00:00,0.990305,0.99029,0.990245,0.990315,137
2026-05-25T12:06:00+00:00,0.990295,0.99036,0.99027,0.99038,205
2026-05-25T12:07:00+00:00,0.990355,0.990315,0.990295,0.990385,139
2026-05-25T12:08:00+00:00,0.990305,0.990305,0.99027,0.99034,139
2026-05-25T12:09:00+00:00,0.99031,0.99027,0.99027,0.990345,169
2026-05-25T12:10:00+00:00,0.99027,0.990375,0.99027,0.990395,127
2026-05-25T12:11:00+00:00,0.99037,0.990465,0.990355,0.99048,164
2026-05-25T12:12:00+00:00,0.99046,0.99047,0.990425,0.990485,154
2026-05-25T12:13:00+00:00,0.99046,0.990465,0.990425,0.990485,166
2026-05-25T12:14:00+00:00,0.99047,0.9904,0.99039,0.990475,133
2026-05-25T12:15:00+00:00,0.99041,0.990415,0.990395,0.990445,127
2026-05-25T12:16:00+00:00,0.99042,0.99051,0.99042,0.990525,172
2026-05-25T12:17:00+00:00,0.990505,0.990455,0.99045,0.990535,109
2026-05-25T12:18:00+00:00,0.99045,0.99042,0.990395,0.99046,133
2026-05-25T12:19:00+00:00,0.990415,0.990385,0.990385,0.990445,99
2026-05-25T12:20:00+00:00,0.99039,0.990325,0.99032,0.99044,120
2026-05-25T12:21:00+00:00,0.99032,0.990365,0.99031,0.99037,101
2026-05-25T12:22:00+00:00,0.990365,0.990375,0.990345,0.990425,97
2026-05-25T12:23:00+00:00,0.990375,0.99038,0.990285,0.99055,328
2026-05-25T12:24:00+00:00,0.990375,0.990415,0.99035,0.99043,321
2026-05-25T12:25:00+00:00,0.990415,0.99035,0.990345,0.990465,232
2026-05-25T12:26:00+00:00,0.990345,0.990315,0.990275,0.990345,175
2026-05-25T12:27:00+00:00,0.99032,0.99028,0.990275,0.99037,188
2026-05-25T12:28:00+00:00,0.990275,0.990335,0.990275,0.99034,144
2026-05-25T12:29:00+00:00,0.990325,0.990365,0.990325,0.990375,158
2026-05-25T12:30:00+00:00,0.990375,0.990375,0.990355,0.990425,102
2026-05-25T12:31:00+00:00,0.990375,0.990455,0.990375,0.99049,163
2026-05-25T12:32:00+00:00,0.99046,0.99045,0.99042,0.99048,217
2026-05-25T12:33:00+00:00,0.990445,0.990325,0.99031,0.99045,132
2026-05-25T12:34:00+00:00,0.99032,0.990365,0.99032,0.990375,157
2026-05-25T12:35:00+00:00,0.99036,0.9903,0.990255,0.99036,130
2026-05-25T12:36:00+00:00,0.990305,0.99031,0.990275,0.990335,144
2026-05-25T12:37:00+00:00,0.9903,0.99032,0.99029,0.990355,70
2026-05-25T12:38:00+00:00,0.990325,0.990285,0.990275,0.990335,107
2026-05-25T12:39:00+00:00,0.99029,0.99031,0.99027,0.990325,112
2026-05-25T12:40:00+00:00,0.990315,0.990275,0.99024,0.990325,104
2026-05-25T12:41:00+00:00,0.990285,0.990325,0.99026,0.99035,86
2026-05-25T12:42:00+00:00,0.990325,0.99041,0.9903,0.99042,111
2026-05-25T12:43:00+00:00,0.990405,0.990415,0.990365,0.99044,183
2026-05-25T12:44:00+00:00,0.99043,0.990525,0.99041,0.990535,200
2026-05-25T12:45:00+00:00,0.99053,0.990345,0.990255,0.9906,375
2026-05-25T12:46:00+00:00,0.99035,0.99033,0.990295,0.990365,194
2026-05-25T12:47:00+00:00,0.990345,0.990275,0.990265,0.990345,103
2026-05-25T12:48:00+00:00,0.990275,0.990155,0.990155,0.990275,146
2026-05-25T12:49:00+00:00,0.990155,0.9901,0.99009,0.9902,123
2026-05-25T12:50:00+00:00,0.990095,0.99001,0.990005,0.99013,123
2026-05-25T12:51:00+00:00,0.99,0.98992,0.989895,0.990055,162
2026-05-25T12:52:00+00:00,0.98992,0.989865,0.98985,0.98992,85
2026-05-25T12:53:00+00:00,0.98987,0.9899,0.989845,0.9899,61
2026-05-25T12:54:00+00:00,0.9899,0.98995,0.9899,0.98997,87
2026-05-25T12:55:00+00:00,0.989955,0.989915,0.9899,0.989965,68
2026-05-25T12:56:00+00:00,0.98992,0.989965,0.989885,0.989975,122
2026-05-25T12:57:00+00:00,0.98996,0.98977,0.98976,0.990015,167
2026-05-25T12:58:00+00:00,0.98977,0.98976,0.989745,0.98981,119
2026-05-25T12:59:00+00:00,0.989755,0.989875,0.989755,0.989875,81
2026-05-25T13:00:00+00:00,0.98987,0.989795,0.989765,0.989915,204
2026-05-25T13:01:00+00:00,0.9898,0.989985,0.9898,0.989995,146
2026-05-25T13:02:00+00:00,0.989995,0.989945,0.98992,0.99001,143
2026-05-25T13:03:00+00:00,0.98995,0.99016,0.98995,0.990165,103
2026-05-25T13:04:00+00:00,0.990165,0.990125,0.990085,0.99023,179
2026-05-25T13:05:00+00:00,0.99013,0.99019,0.990095,0.99022,86
2026-05-25T13:06:00+00:00,0.990185,0.990145,0.990125,0.99019,108
2026-05-25T13:07:00+00:00,0.99015,0.990185,0.99012,0.9902,197
2026-05-25T13:08:00+00:00,0.990185,0.99019,0.990165,0.99023,114
2026-05-25T13:09:00+00:00,0.990195,0.990075,0.990065,0.99022,176
2026-05-25T13:10:00+00:00,0.99008,0.99004,0.990015,0.990085,187
2026-05-25T13:11:00+00:00,0.99003,0.99,0.989985,0.990095,133
2026-05-25T13:12:00+00:00,0.989995,0.989885,0.989875,0.99,182
2026-05-25T13:13:00+00:00,0.98988,0.98983,0.989825,0.98992,95
2026-05-25T13:14:00+00:00,0.989825,0.989975,0.989825,0.989975,89
2026-05-25T13:15:00+00:00,0.989985,0.98996,0.989915,0.989995,101
2026-05-25T13:16:00+00:00,0.989955,0.98999,0.989925,0.99003,106
2026-05-25T13:17:00+00:00,0.989985,0.989895,0.989895,0.989995,181
2026-05-25T13:18:00+00:00,0.9899,0.989875,0.989845,0.9899,109
2026-05-25T13:19:00+00:00,0.98988,0.9898,0.98976,0.98988,164
2026-05-25T13:20:00+00:00,0.98979,0.98988,0.989775,0.989885,102
2026-05-25T13:21:00+00:00,0.98988,0.989885,0.989815,0.98991,191
2026-05-25T13:22:00+00:00,0.98988,0.9898,0.98978,0.98989,159
2026-05-25T13:23:00+00:00,0.989805,0.98983,0.98976,0.989835,135
2026-05-25T13:24:00+00:00,0.989835,0.989835,0.989815,0.98985,119
2026-05-25T13:25:00+00:00,0.989835,0.98983,0.9898,0.989835,49
2026-05-25T13:26:00+00:00,0.98983,0.98984,0.98983,0.98989,98
2026-05-25T13:27:00+00:00,0.98984,0.989855,0.98983,0.98988,87
2026-05-25T13:28:00+00:00,0.98985,0.989795,0.989775,0.98986,99
2026-05-25T13:29:00+00:00,0.989795,0.98981,0.989795,0.989835,93
2026-05-25T13:30:00+00:00,0.989815,0.989935,0.989805,0.989945,280
2026-05-25T13:31:00+00:00,0.989935,0.989985,0.98986,0.989985,187
2026-05-25T13:32:00+00:00,0.98998,0.99001,0.989965,0.990025,158
2026-05-25T13:33:00+00:00,0.990015,0.99005,0.990005,0.99008,177
2026-05-25T13:34:00+00:00,0.99004,0.99003,0.98999,0.9901,167
2026-05-25T13:35:00+00:00,0.99003,0.990035,0.99001,0.990065,145
2026-05-25T13:36:00+00:00,0.99003,0.99,0.989995,0.990065,165
2026-05-25T13:37:00+00:00,0.990005,0.990035,0.990005,0.990075,108
2026-05-25T13:38:00+00:00,0.99005,0.989985,0.989955,0.99006,149
2026-05-25T13:39:00+00:00,0.98998,0.99005,0.989945,0.990085,139
2026-05-25T13:40:00+00:00,0.99004,0.990075,0.99001,0.99009,107
2026-05-25T13:41:00+00:00,0.990065,0.989935,0.98993,0.990085,172
2026-05-25T13:42:00+00:00,0.98994,0.989935,0.9899,0.99,141
2026-05-25T13:43:00+00:00,0.989955,0.989905,0.989895,0.98996,110
2026-05-25T13:44:00+00:00,0.98991,0.98997,0.989895,0.98998,146
2026-05-25T13:45:00+00:00,0.989965,0.98995,0.98992,0.98999,139
2026-05-25T13:46:00+00:00,0.989945,0.989955,0.989905,0.98997,137
2026-05-25T13:47:00+00:00,0.98995,0.98977,0.989705,0.98995,163
2026-05-25T13:48:00+00:00,0.98978,0.98986,0.989735,0.989885,170
2026-05-25T13:49:00+00:00,0.989855,0.98991,0.989835,0.98993,87
2026-05-25T13:50:00+00:00,0.98991,0.98998,0.989895,0.98999,83
2026-05-25T13:51:00+00:00,0.989985,0.99009,0.98998,0.99009,131
2026-05-25T13:52:00+00:00,0.990075,0.99015,0.990035,0.99016,155
2026-05-25T13:53:00+00:00,0.990145,0.99008,0.990045,0.99016,179
2026-05-25T13:54:00+00:00,0.990085,0.99006,0.99001,0.9901,105
2026-05-25T13:55:00+00:00,0.990055,0.99005,0.99002,0.990095,140
2026-05-25T13:56:00+00:00,0.990055,0.990025,0.990005,0.990055,123
2026-05-25T13:57:00+00:00,0.990025,0.990025,0.989905,0.990025,162
2026-05-25T13:58:00+00:00,0.99003,0.989935,0.989925,0.990055,173
2026-05-25T13:59:00+00:00,0.98994,0.989915,0.98988,0.989985,106
2026-05-25T14:00:00+00:00,0.98992,0.99002,0.98991,0.99002,161
2026-05-25T14:01:00+00:00,0.990025,0.9901,0.99,0.9901,150
2026-05-25T14:02:00+00:00,0.990095,0.98998,0.98994,0.9901,176
2026-05-25T14:03:00+00:00,0.989985,0.990045,0.989935,0.99007,187
2026-05-25T14:04:00+00:00,0.990045,0.990095,0.99003,0.99014,161
2026-05-25T14:05:00+00:00,0.99009,0.99004,0.99004,0.990095,127
2026-05-25T14:06:00+00:00,0.99004,0.990005,0.99,0.990075,88
2026-05-25T14:07:00+00:00,0.990005,0.989925,0.989925,0.990005,62
2026-05-25T14:08:00+00:00,0.989935,0.989945,0.98988,0.989945,88
2026-05-25T14:09:00+00:00,0.98994,0.989995,0.989905,0.989995,102
2026-05-25T14:10:00+00:00,0.989995,0.989985,0.989965,0.99,78
2026-05-25T14:11:00+00:00,0.989985,0.989945,0.989935,0.98999,80
2026-05-25T14:12:00+00:00,0.989945,0.98983,0.989805,0.989955,76
2026-05-25T14:13:00+00:00,0.989825,0.989755,0.989745,0.989845,117
2026-05-25T14:14:00+00:00,0.98976,0.98979,0.989755,0.989805,74
2026-05-25T14:15:00+00:00,0.98979,0.98983,0.989785,0.98986,81
2026-05-25T14:16:00+00:00,0.989835,0.989865,0.98983,0.989875,93
2026-05-25T14:17:00+00:00,0.98986,0.989845,0.989825,0.98988,70
2026-05-25T14:18:00+00:00,0.989835,0.98993,0.989835,0.98995,116
2026-05-25T14:19:00+00:00,0.98993,0.98995,0.98988,0.989975,87
2026-05-25T14:20:00+00:00,0.98994,0.98996,0.98994,0.99001,117
2026-05-25T14:21:00+00:00,0.989965,0.98995,0.989915,0.989985,117
2026-05-25T14:22:00+00:00,0.98994,0.98992,0.989845,0.98995,147
2026-05-25T14:23:00+00:00,0.98993,0.989915,0.989855,0.98993,108
2026-05-25T14:24:00+00:00,0.98991,0.989945,0.98991,0.98996,92
2026-05-25T14:25:00+00:00,0.98994,0.98996,0.989885,0.98997,102
2026-05-25T14:26:00+00:00,0.989965,0.99001,0.989945,0.990025,50
2026-05-25T14:27:00+00:00,0.990005,0.990005,0.99,0.99003,77
2026-05-25T14:28:00+00:00,0.99,0.99002,0.989995,0.99003,109
2026-05-25T14:29:00+00:00,0.990015,0.98999,0.989965,0.990035,120
2026-05-25T14:30:00+00:00,0.99,0.989915,0.989885,0.99,148
2026-05-25T14:31:00+00:00,0.98991,0.98989,0.989865,0.98994,127
2026-05-25T14:32:00+00:00,0.98989,0.98983,0.98983,0.98992,139
2026-05-25T14:33:00+00:00,0.98984,0.989835,0.989805,0.989865,109
2026-05-25T14:34:00+00:00,0.98984,0.989935,0.98983,0.989955,117
2026-05-25T14:35:00+00:00,0.98993,0.98991,0.989875,0.989935,82
2026-05-25T14:36:00+00:00,0.9899,0.989955,0.9899,0.989975,86
2026-05-25T14:37:00+00:00,0.989955,0.9899,0.98989,0.98997,86
2026-05-25T14:38:00+00:00,0.989905,0.989895,0.98988,0.989925,59
2026-05-25T14:39:00+00:00,0.98989,0.989935,0.98988,0.98997,110
2026-05-25T14:40:00+00:00,0.98994,0.989905,0.9899,0.989945,146
2026-05-25T14:41:00+00:00,0.9899,0.99001,0.98987,0.990025,191
2026-05-25T14:42:00+00:00,0.990005,0.989945,0.989935,0.990035,196
2026-05-25T14:43:00+00:00,0.98996,0.989925,0.989885,0.98996,120
2026-05-25T14:44:00+00:00,0.98992,0.989935,0.98991,0.98999,143
2026-05-25T14:45:00+00:00,0.989925,0.98988,0.989875,0.989945,108
2026-05-25T14:46:00+00:00,0.989885,0.99002,0.98985,0.99007,192
2026-05-25T14:47:00+00:00,0.990025,0.99003,0.989985,0.990065,120
2026-05-25T14:48:00+00:00,0.99003,0.99002,0.989955,0.99006,170
2026-05-25T14:49:00+00:00,0.990025,0.98999,0.98998,0.990055,133
2026-05-25T14:50:00+00:00,0.989995,0.989975,0.989965,0.990015,130
2026-05-25T14:51:00+00:00,0.989985,0.990095,0.98997,0.99012,81
2026-05-25T14:52:00+00:00,0.9901,0.99011,0.99007,0.99012,103
2026-05-25T14:53:00+00:00,0.9901,0.990095,0.99004,0.99012,118
2026-05-25T14:54:00+00:00,0.99008,0.989995,0.98996,0.9901,163
2026-05-25T14:55:00+00:00,0.99,0.990225,0.99,0.990225,227
2026-05-25T14:56:00+00:00,0.99023,0.990295,0.990175,0.990295,171
2026-05-25T14:57:00+00:00,0.990295,0.990405,0.99024,0.990415,291
2026-05-25T14:58:00+00:00,0.99041,0.99068,0.990385,0.99068,280
2026-05-25T14:59:00+00:00,0.990675,0.99063,0.990575,0.99069,313
2026-05-25T15:00:00+00:00,0.990635,0.990545,0.99046,0.99064,227
2026-05-25T15:01:00+00:00,0.99054,0.99045,0.99041,0.990575,174
2026-05-25T15:02:00+00:00,0.990445,0.990525,0.990275,0.990525,283
2026-05-25T15:03:00+00:00,0.99052,0.990475,0.99047,0.99054,164
2026-05-25T15:04:00+00:00,0.99047,0.99052,0.99043,0.99053,102
2026-05-25T15:05:00+00:00,0.990535,0.990425,0.990425,0.99055,223
2026-05-25T15:06:00+00:00,0.990415,0.990415,0.990325,0.990445,171
2026-05-25T15:07:00+00:00,0.990415,0.99034,0.990315,0.99043,138
2026-05-25T15:08:00+00:00,0.99033,0.990275,0.990265,0.99034,130
2026-05-25T15:09:00+00:00,0.990285,0.990075,0.990065,0.990285,157
2026-05-25T15:10:00+00:00,0.990065,0.99055,0.99006,0.9906,476
2026-05-25T15:11:00+00:00,0.99054,0.990745,0.990525,0.99084,765
2026-05-25T15:12:00+00:00,0.990735,0.990595,0.99057,0.990825,555
2026-05-25T15:13:00+00:00,0.9906,0.99051,0.990485,0.99064,325
2026-05-25T15:14:00+00:00,0.990515,0.99042,0.990395,0.990535,268
2026-05-25T15:15:00+00:00,0.990415,0.990485,0.9904,0.990485,348
2026-05-25T15:16:00+00:00,0.99048,0.990385,0.990345,0.99049,312
2026-05-25T15:17:00+00:00,0.99039,0.99029,0.990255,0.99043,246
2026-05-25T15:18:00+00:00,0.9903,0.99034,0.99029,0.99038,141
2026-05-25T15:19:00+00:00,0.99034,0.990385,0.99033,0.9904,128
2026-05-25T15:20:00+00:00,0.99039,0.990425,0.99036,0.990465,141
2026-05-25T15:21:00+00:00,0.99042,0.99042,0.990355,0.990445,124
2026-05-25T15:22:00+00:00,0.990415,0.99041,0.990385,0.990445,72
2026-05-25T15:23:00+00:00,0.990415,0.9904,0.990355,0.99044,131
2026-05-25T15:24:00+00:00,0.990405,0.99038,0.990375,0.990435,208
2026-05-25T15:25:00+00:00,0.990385,0.990395,0.990365,0.990435,160
2026-05-25T15:26:00+00:00,0.99039,0.990515,0.99038,0.99053,294
2026-05-25T15:27:00+00:00,0.99052,0.990495,0.9904,0.990535,156
2026-05-25T15:28:00+00:00,0.99049,0.990445,0.990435,0.990515,118
2026-05-25T15:29:00+00:00,0.99044,0.990425,0.990405,0.990505,173
2026-05-25T15:30:00+00:00,0.99043,0.990365,0.990325,0.99043,64
2026-05-25T15:31:00+00:00,0.99036,0.99041,0.99032,0.990425,82
2026-05-25T15:32:00+00:00,0.990415,0.990365,0.99036,0.990425,57
2026-05-25T15:33:00+00:00,0.990365,0.99027,0.99025,0.99039,138
2026-05-25T15:34:00+00:00,0.990275,0.990255,0.990245,0.99031,70
2026-05-25T15:35:00+00:00,0.99026,0.99027,0.990185,0.99029,82
2026-05-25T15:36:00+00:00,0.990275,0.99032,0.990265,0.99033,50
2026-05-25T15:37:00+00:00,0.990315,0.99017,0.990165,0.990325,85
2026-05-25T15:38:00+00:00,0.990165,0.990195,0.99015,0.9902,74
2026-05-25T15:39:00+00:00,0.990195,0.990105,0.990105,0.9902,25
2026-05-25T15:40:00+00:00,0.99011,0.9901,0.99004,0.990115,57
2026-05-25T15:41:00+00:00,0.99009,0.98996,0.989955,0.9901,79
2026-05-25T15:42:00+00:00,0.98997,0.99002,0.989955,0.99007,111
2026-05-25T15:43:00+00:00,0.99002,0.990035,0.99001,0.990035,38
2026-05-25T15:44:00+00:00,0.99003,0.98998,0.98997,0.99003,56
2026-05-25T15:45:00+00:00,0.989985,0.99,0.989955,0.99001,72
2026-05-25T15:46:00+00:00,0.990005,0.99002,0.989995,0.990075,100
2026-05-25T15:47:00+00:00,0.99002,0.989985,0.989985,0.990075,49
2026-05-25T15:48:00+00:00,0.989995,0.989955,0.989925,0.99002,71
2026-05-25T15:49:00+00:00,0.989955,0.98986,0.98986,0.98996,65
2026-05-25T15:50:00+00:00,0.98986,0.98979,0.98978,0.98987,61
2026-05-25T15:51:00+00:00,0.98979,0.98984,0.989785,0.989865,68
2026-05-25T15:52:00+00:00,0.98985,0.989865,0.989845,0.98989,53
2026-05-25T15:53:00+00:00,0.989865,0.9898,0.9898,0.98987,20
2026-05-25T15:54:00+00:00,0.98978,0.989795,0.98978,0.98981,22
2026-05-25T15:55:00+00:00,0.98979,0.989775,0.989775,0.989825,36
2026-05-25T15:56:00+00:00,0.989775,0.98982,0.989775,0.989825,35
2026-05-25T15:57:00+00:00,0.98982,0.98972,0.9897,0.989825,69
2026-05-25T15:58:00+00:00,0.989725,0.989575,0.989535,0.989735,120
2026-05-25T15:59:00+00:00,0.989585,0.98962,0.989575,0.989675,114
2026-05-25T16:00:00+00:00,0.989615,0.989535,0.98952,0.98965,153
2026-05-25T16:01:00+00:00,0.989535,0.98959,0.98941,0.98959,190
2026-05-25T16:02:00+00:00,0.989585,0.989705,0.98956,0.989725,119
2026-05-25T16:03:00+00:00,0.9897,0.989635,0.989635,0.9897,77
2026-05-25T16:04:00+00:00,0.989635,0.98967,0.98963,0.989675,72
2026-05-25T16:05:00+00:00,0.98967,0.989625,0.98962,0.98967,85
2026-05-25T16:06:00+00:00,0.98962,0.989665,0.98962,0.989695,55
2026-05-25T16:07:00+00:00,0.98966,0.989655,0.989645,0.989675,76
2026-05-25T16:08:00+00:00,0.98966,0.989615,0.989595,0.989685,74
2026-05-25T16:09:00+00:00,0.98962,0.98949,0.98949,0.98962,40
2026-05-25T16:10:00+00:00,0.989505,0.989465,0.989435,0.98955,89
2026-05-25T16:11:00+00:00,0.989475,0.98954,0.98947,0.989545,45
2026-05-25T16:12:00+00:00,0.989535,0.989475,0.989475,0.98954,96
2026-05-25T16:13:00+00:00,0.98948,0.98954,0.98947,0.98955,124
2026-05-25T16:14:00+00:00,0.98954,0.98961,0.98952,0.989615,81
2026-05-25T16:15:00+00:00,0.98961,0.989675,0.989605,0.98969,30
2026-05-25T16:16:00+00:00,0.989675,0.989725,0.989675,0.989765,54
2026-05-25T16:17:00+00:00,0.989725,0.98974,0.98971,0.98977,49
2026-05-25T16:18:00+00:00,0.98974,0.98961,0.98961,0.98974,68
2026-05-25T16:19:00+00:00,0.98961,0.989535,0.98951,0.98961,67
2026-05-25T16:20:00+00:00,0.989535,0.989475,0.989475,0.989555,78
2026-05-25T16:21:00+00:00,0.98947,0.98964,0.989465,0.98964,74
2026-05-25T16:22:00+00:00,0.98964,0.9896,0.989565,0.98967,61
2026-05-25T16:23:00+00:00,0.9896,0.98955,0.98955,0.989625,36
2026-05-25T16:24:00+00:00,0.98956,0.98955,0.98954,0.989585,50
2026-05-25T16:25:00+00:00,0.989555,0.98963,0.98955,0.98963,46
2026-05-25T16:26:00+00:00,0.98963,0.98958,0.98956,0.98963,42
2026-05-25T16:27:00+00:00,0.989585,0.989555,0.98954,0.9896,100
2026-05-25T16:28:00+00:00,0.98956,0.989555,0.98954,0.98956,27
2026-05-25T16:29:00+00:00,0.98955,0.98955,0.989505,0.989555,68
2026-05-25T16:30:00+00:00,0.98955,0.98956,0.989545,0.989565,62
2026-05-25T16:31:00+00:00,0.98956,0.98959,0.989545,0.9896,67
2026-05-25T16:32:00+00:00,0.989595,0.989585,0.989565,0.989615,112
2026-05-25T16:33:00+00:00,0.989575,0.989545,0.989525,0.9896,250
2026-05-25T16:34:00+00:00,0.98955,0.989595,0.98952,0.98961,201
2026-05-25T16:35:00+00:00,0.98959,0.989635,0.98957,0.989665,188
2026-05-25T16:36:00+00:00,0.989635,0.989735,0.989625,0.98974,150
2026-05-25T16:37:00+00:00,0.98973,0.989735,0.9897,0.989755,232
2026-05-25T16:38:00+00:00,0.98974,0.989765,0.98971,0.989775,174
2026-05-25T16:39:00+00:00,0.98977,0.989835,0.98977,0.989865,99
2026-05-25T16:40:00+00:00,0.98983,0.98974,0.989735,0.98984,101
2026-05-25T16:41:00+00:00,0.989735,0.989725,0.98969,0.989745,157
2026-05-25T16:42:00+00:00,0.989725,0.989755,0.989725,0.989765,39
2026-05-25T16:43:00+00:00,0.989755,0.989805,0.989755,0.989815,130
2026-05-25T16:44:00+00:00,0.9898,0.989855,0.9898,0.989855,16
2026-05-25T16:45:00+00:00,0.989855,0.989885,0.989845,0.9899,75
2026-05-25T16:46:00+00:00,0.989885,0.989915,0.989885,0.989915,17
2026-05-25T16:47:00+00:00,0.989915,0.98994,0.989865,0.989945,93
2026-05-25T16:48:00+00:00,0.989945,0.98996,0.98992,0.989965,184
2026-05-25T16:49:00+00:00,0.98996,0.98996,0.98995,0.99,121
2026-05-25T16:50:00+00:00,0.98996,0.99004,0.989935,0.99006,134
2026-05-25T16:51:00+00:00,0.99004,0.990105,0.99004,0.99016,124
2026-05-25T16:52:00+00:00,0.990105,0.99009,0.99007,0.990155,92
2026-05-25T16:53:00+00:00,0.99008,0.98994,0.989905,0.990135,272
2026-05-25T16:54:00+00:00,0.989945,0.9899,0.98989,0.98999,266
2026-05-25T16:55:00+00:00,0.989895,0.98996,0.989895,0.99003,74
2026-05-25T16:56:00+00:00,0.989965,0.99007,0.98996,0.990115,87
2026-05-25T16:57:00+00:00,0.990065,0.99009,0.99004,0.99009,53
2026-05-25T16:58:00+00:00,0.990085,0.990115,0.99008,0.990165,69
2026-05-25T16:59:00+00:00,0.99012,0.990115,0.990105,0.990165,168
2026-05-25T17:00:00+00:00,0.99011,0.99011,0.9901,0.99013,52
2026-05-25T17:01:00+00:00,0.99011,0.99007,0.990035,0.99012,69
2026-05-25T17:02:00+00:00,0.990065,0.99012,0.990065,0.990125,15
2026-05-25T17:03:00+00:00,0.99012,0.990135,0.99011,0.990135,19
2026-05-25T17:04:00+00:00,0.990135,0.990175,0.990135,0.99018,21
2026-05-25T17:05:00+00:00,0.99016,0.990115,0.99011,0.99017,25
2026-05-25T17:06:00+00:00,0.99011,0.99014,0.990105,0.990155,26
2026-05-25T17:07:00+00:00,0.99014,0.99015,0.99014,0.99017,23
2026-05-25T17:08:00+00:00,0.99015,0.99016,0.99014,0.99016,22
2026-05-25T17:09:00+00:00,0.99016,0.990155,0.99014,0.990165,18
2026-05-25T17:10:00+00:00,0.990155,0.990185,0.990155,0.99019,37
2026-05-25T17:11:00+00:00,0.990185,0.99007,0.99007,0.99019,37
2026-05-25T17:12:00+00:00,0.99008,0.99009,0.99005,0.990125,63
2026-05-25T17:13:00+00:00,0.99009,0.99004,0.99002,0.990125,61
2026-05-25T17:14:00+00:00,0.990045,0.990135,0.990025,0.990145,73
2026-05-25T17:15:00+00:00,0.99014,0.990215,0.99013,0.99023,55
2026-05-25T17:16:00+00:00,0.990215,0.990265,0.9902,0.990265,25
2026-05-25T17:17:00+00:00,0.990265,0.990255,0.990205,0.990275,34
2026-05-25T17:18:00+00:00,0.990255,0.99029,0.99025,0.9903,75
2026-05-25T17:19:00+00:00,0.990295,0.99031,0.990275,0.990315,55
2026-05-25T17:20:00+00:00,0.99031,0.99031,0.99029,0.990315,55
2026-05-25T17:21:00+00:00,0.990315,0.990355,0.9903,0.990355,80
2026-05-25T17:22:00+00:00,0.990355,0.99031,0.990305,0.99036,63
2026-05-25T17:23:00+00:00,0.99031,0.990365,0.99025,0.990375,61
2026-05-25T17:24:00+00:00,0.990375,0.99042,0.99037,0.990445,35
2026-05-25T17:25:00+00:00,0.99042,0.99041,0.9904,0.990435,17
2026-05-25T17:26:00+00:00,0.99041,0.990395,0.99036,0.990425,60
2026-05-25T17:27:00+00:00,0.990395,0.99042,0.99038,0.990425,21
2026-05-25T17:28:00+00:00,0.99042,0.990465,0.99042,0.99048,33
2026-05-25T17:29:00+00:00,0.990465,0.99046,0.990435,0.99052,78
2026-05-25T17:30:00+00:00,0.99045,0.990515,0.99045,0.990515,31
2026-05-25T17:31:00+00:00,0.990515,0.990455,0.990445,0.990515,98
2026-05-25T17:32:00+00:00,0.990455,0.990465,0.99044,0.990475,98
2026-05-25T17:33:00+00:00,0.99046,0.99039,0.99039,0.99046,97
2026-05-25T17:34:00+00:00,0.99039,0.99039,0.99039,0.990405,36
2026-05-25T17:35:00+00:00,0.990385,0.990365,0.99036,0.990395,27
2026-05-25T17:36:00+00:00,0.99037,0.99032,0.9903,0.99039,76
2026-05-25T17:37:00+00:00,0.99032,0.99027,0.99027,0.990345,28
2026-05-25T17:38:00+00:00,0.990265,0.990315,0.990265,0.990325,18
2026-05-25T17:39:00+00:00,0.990315,0.990315,0.99029,0.99032,35
2026-05-25T17:40:00+00:00,0.990315,0.99036,0.99031,0.990365,34
2026-05-25T17:41:00+00:00,0.990365,0.99037,0.990355,0.99038,47
2026-05-25T17:42:00+00:00,0.990375,0.990385,0.99037,0.990395,29
2026-05-25T17:43:00+00:00,0.99039,0.9904,0.990375,0.990405,34
2026-05-25T17:44:00+00:00,0.99039,0.990465,0.99039,0.990465,52
2026-05-25T17:45:00+00:00,0.990465,0.99041,0.9904,0.990465,125
2026-05-25T17:46:00+00:00,0.99041,0.99039,0.990385,0.990415,22
2026-05-25T17:47:00+00:00,0.99039,0.990395,0.99039,0.990415,61
2026-05-25T17:48:00+00:00,0.990395,0.99036,0.99032,0.990395,80
2026-05-25T17:49:00+00:00,0.99036,0.99038,0.99036,0.990385,52
2026-05-25T17:50:00+00:00,0.99038,0.990365,0.99035,0.990385,111
2026-05-25T17:51:00+00:00,0.990365,0.99036,0.99034,0.990385,41
2026-05-25T17:52:00+00:00,0.99036,0.99037,0.990335,0.990375,28
2026-05-25T17:53:00+00:00,0.99037,0.9904,0.99037,0.99041,19
2026-05-25T17:54:00+00:00,0.9904,0.990415,0.99039,0.99043,44
2026-05-25T17:55:00+00:00,0.990415,0.99044,0.990415,0.99044,17
2026-05-25T17:56:00+00:00,0.99045,0.990435,0.9904,0.990455,63
2026-05-25T17:57:00+00:00,0.990435,0.99045,0.990425,0.99045,23
2026-05-25T17:58:00+00:00,0.99045,0.990395,0.990385,0.990455,20
2026-05-25T17:59:00+00:00,0.990395,0.99043,0.99039,0.99044,17
2026-05-25T18:00:00+00:00,0.990425,0.990395,0.990385,0.990445,61
2026-05-25T18:01:00+00:00,0.990395,0.99039,0.990385,0.990405,16
2026-05-25T18:02:00+00:00,0.99039,0.99034,0.990335,0.99039,36
2026-05-25T18:03:00+00:00,0.99034,0.990345,0.990315,0.990365,44
2026-05-25T18:04:00+00:00,0.990345,0.9903,0.990285,0.990345,32
2026-05-25T18:05:00+00:00,0.9903,0.99029,0.99028,0.990315,21
2026-05-25T18:06:00+00:00,0.99029,0.99029,0.99029,0.990325,34
2026-05-25T18:07:00+00:00,0.99029,0.9903,0.99029,0.990305,11
2026-05-25T18:08:00+00:00,0.9903,0.990315,0.99029,0.990315,19
2026-05-25T18:09:00+00:00,0.990315,0.990365,0.99031,0.990365,23
2026-05-25T18:10:00+00:00,0.990365,0.99036,0.99035,0.99039,35
2026-05-25T18:11:00+00:00,0.99035,0.99036,0.99035,0.990365,8
2026-05-25T18:12:00+00:00,0.99036,0.990365,0.99036,0.990365,3
2026-05-25T18:13:00+00:00,0.990365,0.99037,0.990365,0.99037,5
2026-05-25T18:14:00+00:00,0.99037,0.990365,0.99036,0.99037,10
2026-05-25T18:15:00+00:00,0.990365,0.99039,0.990365,0.9904,21
2026-05-25T18:16:00+00:00,0.99039,0.990435,0.990385,0.990455,13
2026-05-25T18:17:00+00:00,0.990435,0.99044,0.990435,0.990445,5
2026-05-25T18:18:00+00:00,0.99044,0.99044,0.990435,0.99046,13
2026-05-25T18:19:00+00:00,0.99044,0.99044,0.990435,0.99045,18
2026-05-25T18:20:00+00:00,0.99044,0.99044,0.99044,0.990455,6
2026-05-25T18:21:00+00:00,0.99044,0.9904,0.9904,0.990455,10
2026-05-25T18:22:00+00:00,0.9904,0.99035,0.990335,0.9904,49
2026-05-25T18:23:00+00:00,0.99035,0.99034,0.99031,0.99035,26
2026-05-25T18:24:00+00:00,0.99033,0.99034,0.99032,0.990355,67
2026-05-25T18:25:00+00:00,0.99034,0.990345,0.990335,0.99036,62
2026-05-25T18:26:00+00:00,0.990345,0.99035,0.990335,0.990355,36
2026-05-25T18:27:00+00:00,0.99034,0.99029,0.99028,0.990345,55
2026-05-25T18:28:00+00:00,0.9903,0.9903,0.99029,0.99031,13
2026-05-25T18:29:00+00:00,0.9903,0.9903,0.99029,0.99031,4
2026-05-25T18:30:00+00:00,0.99031,0.99033,0.99028,0.99036,25
2026-05-25T18:31:00+00:00,0.990335,0.990315,0.99031,0.990335,20
2026-05-25T18:32:00+00:00,0.990315,0.990315,0.99031,0.990315,2
2026-05-25T18:33:00+00:00,0.99031,0.99032,0.99031,0.99034,30
2026-05-25T18:34:00+00:00,0.99033,0.990325,0.99032,0.990345,23
2026-05-25T18:35:00+00:00,0.990325,0.990365,0.9903,0.990365,26
2026-05-25T18:36:00+00:00,0.990365,0.99037,0.99036,0.990375,11
2026-05-25T18:37:00+00:00,0.990365,0.99036,0.99036,0.990375,32
2026-05-25T18:38:00+00:00,0.99036,0.990365,0.99036,0.99038,15
2026-05-25T18:39:00+00:00,0.990365,0.990365,0.99036,0.99038,12
2026-05-25T18:40:00+00:00,0.990365,0.99032,0.990315,0.990365,17
2026-05-25T18:41:00+00:00,0.99032,0.99032,0.990305,0.990345,50
2026-05-25T18:42:00+00:00,0.99032,0.990325,0.990285,0.990335,31
2026-05-25T18:43:00+00:00,0.990315,0.99034,0.990305,0.99034,17
2026-05-25T18:44:00+00:00,0.99034,0.99039,0.99033,0.9904,35
2026-05-25T18:45:00+00:00,0.99039,0.99035,0.99035,0.99039,12
2026-05-25T18:46:00+00:00,0.99035,0.99032,0.99031,0.990355,33
2026-05-25T18:47:00+00:00,0.99032,0.990375,0.99032,0.990375,24
2026-05-25T18:48:00+00:00,0.990375,0.990345,0.99033,0.99038,40
2026-05-25T18:49:00+00:00,0.99034,0.990315,0.990305,0.990345,13
2026-05-25T18:50:00+00:00,0.990315,0.990375,0.990315,0.990375,18
2026-05-25T18:51:00+00:00,0.990375,0.99034,0.99034,0.99038,11
2026-05-25T18:52:00+00:00,0.99034,0.99041,0.99034,0.99044,29
2026-05-25T18:53:00+00:00,0.990415,0.99041,0.9904,0.990445,36
2026-05-25T18:54:00+00:00,0.99041,0.990415,0.99039,0.99044,40
2026-05-25T18:55:00+00:00,0.990415,0.99045,0.9904,0.99045,29
2026-05-25T18:56:00+00:00,0.99045,0.990435,0.99043,0.990455,13
2026-05-25T18:57:00+00:00,0.990435,0.990435,0.99041,0.990445,23
2026-05-25T18:58:00+00:00,0.990435,0.99047,0.990435,0.99047,11
2026-05-25T18:59:00+00:00,0.990475,0.99045,0.99043,0.99048,46
2026-05-25T19:00:00+00:00,0.99046,0.990445,0.990445,0.990465,19
2026-05-25T19:01:00+00:00,0.990445,0.990445,0.990425,0.990445,13
2026-05-25T19:02:00+00:00,0.990445,0.990445,0.990435,0.990445,14
2026-05-25T19:03:00+00:00,0.990435,0.99044,0.99042,0.990445,20
2026-05-25T19:04:00+00:00,0.99044,0.990445,0.990435,0.99046,26
2026-05-25T19:05:00+00:00,0.99044,0.990445,0.99044,0.99046,27
2026-05-25T19:06:00+00:00,0.990455,0.99045,0.99037,0.990455,40
2026-05-25T19:07:00+00:00,0.99045,0.99042,0.990405,0.99045,13
2026-05-25T19:08:00+00:00,0.990425,0.99045,0.990405,0.990455,53
2026-05-25T19:09:00+00:00,0.99045,0.990435,0.99041,0.990455,36
2026-05-25T19:10:00+00:00,0.99043,0.990455,0.99041,0.990495,52
2026-05-25T19:11:00+00:00,0.990455,0.99045,0.990445,0.99046,11
2026-05-25T19:12:00+00:00,0.990455,0.990455,0.990445,0.99046,25
2026-05-25T19:13:00+00:00,0.990455,0.99045,0.99045,0.990455,11
2026-05-25T19:14:00+00:00,0.99045,0.990425,0.990425,0.990455,11
2026-05-25T19:15:00+00:00,0.99043,0.990445,0.990425,0.990445,14
2026-05-25T19:16:00+00:00,0.99045,0.99045,0.990445,0.99046,10
2026-05-25T19:17:00+00:00,0.99045,0.99044,0.99044,0.990455,9
2026-05-25T19:18:00+00:00,0.99044,0.990455,0.99044,0.99047,22
2026-05-25T19:19:00+00:00,0.990445,0.99044,0.99044,0.990455,7
2026-05-25T19:20:00+00:00,0.99045,0.990425,0.990415,0.99046,42
2026-05-25T19:21:00+00:00,0.99042,0.99042,0.990415,0.99046,25
2026-05-25T19:22:00+00:00,0.99042,0.99046,0.99042,0.99046,27
2026-05-25T19:23:00+00:00,0.990465,0.99046,0.990455,0.990515,25
2026-05-25T19:24:00+00:00,0.99046,0.99046,0.990455,0.99047,17
2026-05-25T19:25:00+00:00,0.990465,0.99044,0.990435,0.990465,15
2026-05-25T19:26:00+00:00,0.99044,0.99045,0.99044,0.99046,23
2026-05-25T19:27:00+00:00,0.99045,0.99049,0.99045,0.990495,8
2026-05-25T19:28:00+00:00,0.99049,0.990495,0.99048,0.990495,21
2026-05-25T19:29:00+00:00,0.990495,0.990485,0.990465,0.990505,32
2026-05-25T19:30:00+00:00,0.990495,0.990455,0.99044,0.990495,31
2026-05-25T19:31:00+00:00,0.990455,0.990475,0.99044,0.990495,27
2026-05-25T19:32:00+00:00,0.990475,0.990495,0.99047,0.990505,19
2026-05-25T19:33:00+00:00,0.990505,0.99047,0.99045,0.990505,32
2026-05-25T19:34:00+00:00,0.990465,0.990475,0.99046,0.99048,7
2026-05-25T19:35:00+00:00,0.990475,0.990405,0.99039,0.990485,65
2026-05-25T19:36:00+00:00,0.990405,0.990365,0.99035,0.99041,101
2026-05-25T19:37:00+00:00,0.99036,0.990355,0.99034,0.990415,83
2026-05-25T19:38:00+00:00,0.990355,0.990325,0.990325,0.99039,38
2026-05-25T19:39:00+00:00,0.990315,0.99031,0.99029,0.990345,70
2026-05-25T19:40:00+00:00,0.99033,0.990305,0.990305,0.990335,26
2026-05-25T19:41:00+00:00,0.990305,0.99029,0.990285,0.99035,58
2026-05-25T19:42:00+00:00,0.99029,0.990245,0.990245,0.9903,33
2026-05-25T19:43:00+00:00,0.99025,0.990305,0.99025,0.99031,55
2026-05-25T19:44:00+00:00,0.990295,0.99034,0.990295,0.99034,16
2026-05-25T19:45:00+00:00,0.99034,0.990375,0.99034,0.990385,15
2026-05-25T19:46:00+00:00,0.990375,0.990355,0.990355,0.990375,14
2026-05-25T19:47:00+00:00,0.990355,0.990385,0.990355,0.990385,7
2026-05-25T19:48:00+00:00,0.990385,0.99028,0.990275,0.990385,40
2026-05-25T19:49:00+00:00,0.99028,0.99028,0.99028,0.990285,8
2026-05-25T19:50:00+00:00,0.990275,0.99027,0.990255,0.990295,71
2026-05-25T19:51:00+00:00,0.99027,0.99025,0.990245,0.99027,19
2026-05-25T19:52:00+00:00,0.99025,0.99026,0.99025,0.99027,14
2026-05-25T19:53:00+00:00,0.990255,0.99025,0.99024,0.99026,33
2026-05-25T19:54:00+00:00,0.99025,0.990245,0.990245,0.99025,7
2026-05-25T19:55:00+00:00,0.99025,0.99028,0.99025,0.990295,60
2026-05-25T19:56:00+00:00,0.99028,0.99028,0.99027,0.990295,7
2026-05-25T19:57:00+00:00,0.99028,0.99024,0.990225,0.99029,58
2026-05-25T19:58:00+00:00,0.99025,0.99023,0.99023,0.99028,59
2026-05-25T19:59:00+00:00,0.99023,0.99021,0.990205,0.99023,17
2026-05-25T20:00:00+00:00,0.990215,0.99026,0.990215,0.9903,34
2026-05-25T20:01:00+00:00,0.990265,0.9903,0.99026,0.99031,32
2026-05-25T20:02:00+00:00,0.990295,0.990305,0.99029,0.990305,19
2026-05-25T20:03:00+00:00,0.990295,0.9903,0.99029,0.99034,26
2026-05-25T20:04:00+00:00,0.9903,0.99028,0.99028,0.990305,11
2026-05-25T20:05:00+00:00,0.99029,0.990255,0.99024,0.990295,42
2026-05-25T20:06:00+00:00,0.99025,0.99025,0.99024,0.990255,17
2026-05-25T20:07:00+00:00,0.99025,0.99022,0.9902,0.99025,35
2026-05-25T20:08:00+00:00,0.99022,0.99021,0.99021,0.99025,20
2026-05-25T20:09:00+00:00,0.99022,0.990255,0.990215,0.99027,54
2026-05-25T20:10:00+00:00,0.990255,0.99024,0.99024,0.99026,20
2026-05-25T20:11:00+00:00,0.99025,0.990245,0.990245,0.99028,23
2026-05-25T20:12:00+00:00,0.990245,0.99027,0.990245,0.99027,8
2026-05-25T20:13:00+00:00,0.99027,0.99026,0.990255,0.990275,27
2026-05-25T20:14:00+00:00,0.99026,0.990275,0.990255,0.990285,15
2026-05-25T20:15:00+00:00,0.990285,0.990255,0.99025,0.990285,20
2026-05-25T20:16:00+00:00,0.990255,0.990295,0.990245,0.990305,52
2026-05-25T20:17:00+00:00,0.990285,0.990265,0.990255,0.9903,42
2026-05-25T20:18:00+00:00,0.99026,0.9903,0.990245,0.990305,53
2026-05-25T20:19:00+00:00,0.990295,0.990295,0.990265,0.99032,60
2026-05-25T20:20:00+00:00,0.990295,0.990355,0.990295,0.990355,36
2026-05-25T20:21:00+00:00,0.990345,0.990305,0.990295,0.99035,45
2026-05-25T20:22:00+00:00,0.990315,0.990305,0.990305,0.99034,51
2026-05-25T20:23:00+00:00,0.990305,0.990285,0.99027,0.990305,15
2026-05-25T20:24:00+00:00,0.990295,0.990295,0.990285,0.990295,10
2026-05-25T20:25:00+00:00,0.99029,0.990295,0.99027,0.9903,52
2026-05-25T20:26:00+00:00,0.990305,0.990295,0.990285,0.99031,55
2026-05-25T20:27:00+00:00,0.99029,0.99029,0.990265,0.9903,48
2026-05-25T20:28:00+00:00,0.99029,0.990355,0.99029,0.990395,48
2026-05-25T20:29:00+00:00,0.990355,0.990385,0.990295,0.99039,109
2026-05-25T20:30:00+00:00,0.99039,0.9903,0.9903,0.99042,63
2026-05-25T20:31:00+00:00,0.9903,0.99028,0.99028,0.990315,18
2026-05-25T20:32:00+00:00,0.99028,0.99029,0.990265,0.990295,28
2026-05-25T20:33:00+00:00,0.99029,0.99028,0.990275,0.990295,14
2026-05-25T20:34:00+00:00,0.99028,0.990295,0.99028,0.990295,16
2026-05-25T20:35:00+00:00,0.990295,0.99029,0.99026,0.9903,32
2026-05-25T20:36:00+00:00,0.990295,0.990335,0.99029,0.99035,24
2026-05-25T20:37:00+00:00,0.990335,0.990305,0.99029,0.990395,66
2026-05-25T20:38:00+00:00,0.990305,0.990265,0.99023,0.990305,72
2026-05-25T20:39:00+00:00,0.99027,0.990205,0.9902,0.990315,75
2026-05-25T20:40:00+00:00,0.99022,0.9902,0.99014,0.990255,41
2026-05-25T20:41:00+00:00,0.9902,0.99028,0.9902,0.990285,62
2026-05-25T20:42:00+00:00,0.990275,0.990225,0.990215,0.99028,41
2026-05-25T20:43:00+00:00,0.99024,0.990255,0.99022,0.990285,38
2026-05-25T20:44:00+00:00,0.99025,0.99025,0.99025,0.990285,26
2026-05-25T20:45:00+00:00,0.99027,0.990265,0.99025,0.9903,16
2026-05-25T20:46:00+00:00,0.99027,0.990285,0.99023,0.9903,35
2026-05-25T20:47:00+00:00,0.99028,0.9903,0.99028,0.99035,39
2026-05-25T20:48:00+00:00,0.9903,0.9903,0.990285,0.990325,37
2026-05-25T20:49:00+00:00,0.9903,0.99023,0.99023,0.990315,14
2026-05-25T20:50:00+00:00,0.990235,0.99028,0.990235,0.9903,57
2026-05-25T20:51:00+00:00,0.99028,0.99024,0.990235,0.99028,15
2026-05-25T20:52:00+00:00,0.99024,0.990285,0.99024,0.990325,68
2026-05-25T20:53:00+00:00,0.990295,0.990295,0.99028,0.99032,18
2026-05-25T20:54:00+00:00,0.99029,0.9903,0.99029,0.99031,18
2026-05-25T20:55:00+00:00,0.99032,0.990335,0.990315,0.990375,62
2026-05-25T20:56:00+00:00,0.99034,0.990345,0.990335,0.99037,51
2026-05-25T20:57:00+00:00,0.990345,0.990375,0.990345,0.990375,47
2026-05-25T20:58:00+00:00,0.990375,0.990385,0.990375,0.990395,18
2026-05-25T20:59:00+00:00,0.990395,0.989975,0.989975,0.990395,105
2026-05-25T21:00:00+00:00,0.99,0.98975,0.98975,0.99,6
2026-05-25T21:01:00+00:00,0.98975,0.989825,0.98975,0.99032,3
2026-05-25T21:02:00+00:00,0.98985,0.98985,0.98985,0.98985,1
2026-05-25T21:03:00+00:00,0.98985,0.98985,0.98985,0.98985,0
2026-05-25T21:04:00+00:00,0.98985,0.98985,0.98985,0.98985,0
2026-05-25T21:05:00+00:00,0.98985,0.98986,0.98985,0.98987,2
2026-05-25T21:06:00+00:00,0.989825,0.989825,0.989825,0.989825,1
2026-05-25T21:07:00+00:00,0.989825,0.989825,0.989825,0.989825,0
2026-05-25T21:08:00+00:00,0.989825,0.990035,0.989825,0.99004,6
2026-05-25T21:09:00+00:00,0.990035,0.98999,0.9899,0.990065,16
2026-05-25T21:10:00+00:00,0.98997,0.989825,0.989825,0.989975,10
2026-05-25T21:11:00+00:00,0.989825,0.989825,0.989825,0.990015,6
2026-05-25T21:12:00+00:00,0.989825,0.98992,0.989825,0.98994,2
2026-05-25T21:13:00+00:00,0.989925,0.989825,0.989825,0.989925,2
2026-05-25T21:14:00+00:00,0.989825,0.98991,0.989825,0.989985,21
2026-05-25T21:15:00+00:00,0.98992,0.98985,0.989825,0.990015,6
2026-05-25T21:16:00+00:00,0.98985,0.98985,0.98985,0.98986,2
2026-05-25T21:17:00+00:00,0.98985,0.989885,0.98985,0.989885,2
2026-05-25T21:18:00+00:00,0.989885,0.98985,0.98985,0.989885,1
2026-05-25T21:19:00+00:00,0.98985,0.98985,0.98985,0.989855,2
2026-05-25T21:20:00+00:00,0.98985,0.98985,0.98985,0.989875,2
2026-05-25T21:21:00+00:00,0.98985,0.989955,0.98985,0.989995,13
2026-05-25T21:22:00+00:00,0.989965,0.989905,0.989895,0.989965,12
2026-05-25T21:23:00+00:00,0.989905,0.989915,0.989865,0.98993,15
2026-05-25T21:24:00+00:00,0.989915,0.989875,0.989875,0.98994,7
2026-05-25T21:25:00+00:00,0.989875,0.989875,0.989875,0.989875,0
2026-05-25T21:26:00+00:00,0.989875,0.98985,0.98985,0.989875,1
2026-05-25T21:27:00+00:00,0.98985,0.98997,0.98985,0.989975,3
2026-05-25T21:28:00+00:00,0.98997,0.989875,0.989875,0.990005,20
2026-05-25T21:29:00+00:00,0.989875,0.98988,0.989875,0.989905,7
2026-05-25T21:30:00+00:00,0.989875,0.98989,0.989875,0.98991,22
2026-05-25T21:31:00+00:00,0.98988,0.98985,0.98985,0.989975,27
2026-05-25T21:32:00+00:00,0.98985,0.98985,0.98985,0.98985,0
2026-05-25T21:33:00+00:00,0.98985,0.98993,0.98985,0.99001,29
2026-05-25T21:34:00+00:00,0.98993,0.989985,0.98992,0.98999,14
2026-05-25T21:35:00+00:00,0.989985,0.989955,0.989885,0.99001,33
2026-05-25T21:36:00+00:00,0.98996,0.99005,0.98995,0.990055,27
2026-05-25T21:37:00+00:00,0.99005,0.990055,0.989985,0.99006,32
2026-05-25T21:38:00+00:00,0.990055,0.98975,0.989725,0.990095,30
2026-05-25T21:39:00+00:00,0.98975,0.98985,0.98955,0.989875,26
2026-05-25T21:40:00+00:00,0.98989,0.989885,0.98985,0.98999,14
2026-05-25T21:41:00+00:00,0.989885,0.989955,0.989875,0.989955,3
2026-05-25T21:42:00+00:00,0.989955,0.98999,0.989955,0.98999,3
2026-05-25T21:43:00+00:00,0.98999,0.98985,0.98985,0.98999,30
2026-05-25T21:44:00+00:00,0.98991,0.989745,0.98974,0.98991,14
2026-05-25T21:45:00+00:00,0.989745,0.98974,0.98973,0.989745,11
2026-05-25T21:46:00+00:00,0.98974,0.98975,0.98974,0.98975,1
2026-05-25T21:47:00+00:00,0.98975,0.98975,0.98968,0.98975,5
2026-05-25T21:48:00+00:00,0.98975,0.98985,0.98967,0.989895,19
2026-05-25T21:49:00+00:00,0.98985,0.98989,0.98985,0.98992,7
2026-05-25T21:50:00+00:00,0.98989,0.98999,0.98989,0.990005,12
2026-05-25T21:51:00+00:00,0.98999,0.989985,0.98997,0.989995,4
2026-05-25T21:52:00+00:00,0.989985,0.98999,0.98998,0.98999,5
2026-05-25T21:53:00+00:00,0.98999,0.989985,0.98998,0.990035,17
2026-05-25T21:54:00+00:00,0.989985,0.990035,0.989985,0.990035,11
2026-05-25T21:55:00+00:00,0.990035,0.990025,0.990025,0.990045,2
2026-05-25T21:56:00+00:00,0.990025,0.99005,0.989995,0.990275,21
2026-05-25T21:57:00+00:00,0.99005,0.990025,0.990025,0.99005,1
2026-05-25T21:58:00+00:00,0.990025,0.990045,0.990025,0.99005,3
2026-05-25T21:59:00+00:00,0.990045,0.99,0.9898,0.990085,22
2026-05-25T22:00:00+00:00,0.990025,0.99004,0.989995,0.990235,117
2026-05-25T22:01:00+00:00,0.99005,0.99001,0.989985,0.99005,24
2026-05-25T22:02:00+00:00,0.990015,0.99006,0.990015,0.990095,37
2026-05-25T22:03:00+00:00,0.99006,0.990045,0.99004,0.990085,15
2026-05-25T22:04:00+00:00,0.99005,0.99005,0.989975,0.99009,65
2026-05-25T22:05:00+00:00,0.990045,0.99011,0.990045,0.99014,52
2026-05-25T22:06:00+00:00,0.990105,0.99009,0.990085,0.990135,29
2026-05-25T22:07:00+00:00,0.990095,0.990195,0.990075,0.99025,62
2026-05-25T22:08:00+00:00,0.99018,0.990205,0.990145,0.990245,69
2026-05-25T22:09:00+00:00,0.990205,0.990065,0.990045,0.99022,27
2026-05-25T22:10:00+00:00,0.990065,0.990045,0.99003,0.990065,9
2026-05-25T22:11:00+00:00,0.990045,0.990105,0.99004,0.99018,26
2026-05-25T22:12:00+00:00,0.99011,0.99012,0.990105,0.99016,14
2026-05-25T22:13:00+00:00,0.99012,0.990185,0.99012,0.990185,13
2026-05-25T22:14:00+00:00,0.990185,0.99016,0.99007,0.990185,28
2026-05-25T22:15:00+00:00,0.99016,0.99018,0.99016,0.99019,7
2026-05-25T22:16:00+00:00,0.99018,0.99019,0.990155,0.99022,30
2026-05-25T22:17:00+00:00,0.99019,0.99006,0.99003,0.99019,58
2026-05-25T22:18:00+00:00,0.99006,0.99006,0.990055,0.99006,2
2026-05-25T22:19:00+00:00,0.99006,0.99004,0.99004,0.990075,8
2026-05-25T22:20:00+00:00,0.99004,0.99005,0.99004,0.99005,2
2026-05-25T22:21:00+00:00,0.990055,0.990125,0.990055,0.99013,11
2026-05-25T22:22:00+00:00,0.990125,0.990185,0.990125,0.990185,19
2026-05-25T22:23:00+00:00,0.99018,0.99017,0.990165,0.990265,25
2026-05-25T22:24:00+00:00,0.990175,0.990185,0.990175,0.99019,7
2026-05-25T22:25:00+00:00,0.99019,0.99018,0.99018,0.99019,7
2026-05-25T22:26:00+00:00,0.99018,0.9902,0.99018,0.99021,5
2026-05-25T22:27:00+00:00,0.9902,0.99013,0.99013,0.990205,12
2026-05-25T22:28:00+00:00,0.99013,0.990145,0.99013,0.990165,15
2026-05-25T22:29:00+00:00,0.990145,0.99012,0.990095,0.990165,15
2026-05-25T22:30:00+00:00,0.990125,0.99005,0.990035,0.990145,74
2026-05-25T22:31:00+00:00,0.99006,0.99002,0.989995,0.99006,68
2026-05-25T22:32:00+00:00,0.990025,0.99012,0.990025,0.990145,32
2026-05-25T22:33:00+00:00,0.99012,0.99014,0.990115,0.990145,28
2026-05-25T22:34:00+00:00,0.99014,0.990165,0.99012,0.990175,31
2026-05-25T22:35:00+00:00,0.990165,0.990125,0.99011,0.990165,21
2026-05-25T22:36:00+00:00,0.99012,0.990085,0.990055,0.990125,53
2026-05-25T22:37:00+00:00,0.990085,0.9901,0.990075,0.990105,22
2026-05-25T22:38:00+00:00,0.9901,0.99007,0.99007,0.9901,4
2026-05-25T22:39:00+00:00,0.990075,0.990095,0.990075,0.99011,8
2026-05-25T22:40:00+00:00,0.990095,0.99009,0.990025,0.990105,39
2026-05-25T22:41:00+00:00,0.99009,0.9901,0.990075,0.99011,33
2026-05-25T22:42:00+00:00,0.9901,0.99012,0.99008,0.990125,36
2026-05-25T22:43:00+00:00,0.99012,0.99012,0.99011,0.990125,12
2026-05-25T22:44:00+00:00,0.99012,0.99012,0.990115,0.99012,4
2026-05-25T22:45:00+00:00,0.99012,0.99011,0.99011,0.99012,6
2026-05-25T22:46:00+00:00,0.99011,0.9902,0.99011,0.99022,11
2026-05-25T22:47:00+00:00,0.9902,0.99023,0.990175,0.99024,23
2026-05-25T22:48:00+00:00,0.99023,0.99017,0.99016,0.99023,11
2026-05-25T22:49:00+00:00,0.990175,0.990235,0.990175,0.990245,24
2026-05-25T22:50:00+00:00,0.990245,0.9902,0.9902,0.99025,18
2026-05-25T22:51:00+00:00,0.9902,0.990235,0.9902,0.99028,14
2026-05-25T22:52:00+00:00,0.990235,0.99022,0.99022,0.99024,6
2026-05-25T22:53:00+00:00,0.99022,0.99022,0.99021,0.99022,4
2026-05-25T22:54:00+00:00,0.99022,0.99025,0.99021,0.99025,8
2026-05-25T22:55:00+00:00,0.99025,0.99018,0.99014,0.990265,35
2026-05-25T22:56:00+00:00,0.99018,0.99021,0.990155,0.99021,70
2026-05-25T22:57:00+00:00,0.99021,0.99023,0.9902,0.99026,25
2026-05-25T22:58:00+00:00,0.99023,0.990195,0.99019,0.99024,29
2026-05-25T22:59:00+00:00,0.99019,0.99016,0.99016,0.9902,48
2026-05-25T23:00:00+00:00,0.99016,0.99028,0.99016,0.99028,74
2026-05-25T23:01:00+00:00,0.99028,0.990255,0.99022,0.99028,83
2026-05-25T23:02:00+00:00,0.99026,0.990335,0.99026,0.990335,31
2026-05-25T23:03:00+00:00,0.990325,0.99032,0.990315,0.990325,12
2026-05-25T23:04:00+00:00,0.990325,0.99032,0.990315,0.99034,19
2026-05-25T23:05:00+00:00,0.99032,0.990375,0.99032,0.990395,24
2026-05-25T23:06:00+00:00,0.990375,0.990275,0.990275,0.99042,35
2026-05-25T23:07:00+00:00,0.99027,0.99022,0.99022,0.990275,35
2026-05-25T23:08:00+00:00,0.990225,0.99026,0.990205,0.99026,32
2026-05-25T23:09:00+00:00,0.99026,0.99026,0.990235,0.99031,60
2026-05-25T23:10:00+00:00,0.99026,0.99027,0.990225,0.9903,42
2026-05-25T23:11:00+00:00,0.99027,0.990275,0.990265,0.990295,31
2026-05-25T23:12:00+00:00,0.990275,0.990225,0.990215,0.990275,27
2026-05-25T23:13:00+00:00,0.99023,0.990225,0.99021,0.99026,32
2026-05-25T23:14:00+00:00,0.990215,0.990225,0.990215,0.99024,38
2026-05-25T23:15:00+00:00,0.99022,0.990215,0.990215,0.99023,24
2026-05-25T23:16:00+00:00,0.990215,0.99021,0.990205,0.990225,19
2026-05-25T23:17:00+00:00,0.99021,0.99026,0.99021,0.99031,45
2026-05-25T23:18:00+00:00,0.99026,0.99031,0.99026,0.990315,52
2026-05-25T23:19:00+00:00,0.99031,0.99031,0.990275,0.99036,45
2026-05-25T23:20:00+00:00,0.99032,0.990295,0.990285,0.99037,37
2026-05-25T23:21:00+00:00,0.99029,0.990315,0.99027,0.99032,46
2026-05-25T23:22:00+00:00,0.990315,0.990315,0.990275,0.990315,22
2026-05-25T23:23:00+00:00,0.99031,0.99034,0.990275,0.99037,71
2026-05-25T23:24:00+00:00,0.990345,0.990225,0.99017,0.99036,103
2026-05-25T23:25:00+00:00,0.990225,0.99027,0.990225,0.99027,26
2026-05-25T23:26:00+00:00,0.99027,0.990275,0.99024,0.990275,19
2026-05-25T23:27:00+00:00,0.99027,0.99024,0.99024,0.99029,36
2026-05-25T23:28:00+00:00,0.99024,0.990175,0.990175,0.99025,26
2026-05-25T23:29:00+00:00,0.990175,0.990175,0.990165,0.990175,21
2026-05-25T23:30:00+00:00,0.99017,0.99015,0.99015,0.990185,23
2026-05-25T23:31:00+00:00,0.990155,0.990135,0.990115,0.990185,34
2026-05-25T23:32:00+00:00,0.990115,0.990065,0.990065,0.990145,31
2026-05-25T23:33:00+00:00,0.990065,0.990015,0.99001,0.99007,23
2026-05-25T23:34:00+00:00,0.990015,0.99002,0.99001,0.990025,11
2026-05-25T23:35:00+00:00,0.99002,0.989975,0.989975,0.990025,17
2026-05-25T23:36:00+00:00,0.98998,0.989965,0.989965,0.99002,22
2026-05-25T23:37:00+00:00,0.989965,0.989905,0.989845,0.989965,51
2026-05-25T23:38:00+00:00,0.989905,0.98988,0.98988,0.989915,24
2026-05-25T23:39:00+00:00,0.98988,0.989825,0.989825,0.98991,38
2026-05-25T23:40:00+00:00,0.989825,0.989855,0.989825,0.989905,45
2026-05-25T23:41:00+00:00,0.98987,0.9899,0.989855,0.98992,37
2026-05-25T23:42:00+00:00,0.98988,0.989965,0.989865,0.989965,46
2026-05-25T23:43:00+00:00,0.989965,0.98996,0.98996,0.989975,17
2026-05-25T23:44:00+00:00,0.98996,0.98994,0.989855,0.98996,65
2026-05-25T23:45:00+00:00,0.98994,0.990115,0.989935,0.99014,155
2026-05-25T23:46:00+00:00,0.99011,0.990035,0.990005,0.99011,88
2026-05-25T23:47:00+00:00,0.990035,0.989975,0.9899,0.99004,73
2026-05-25T23:48:00+00:00,0.989975,0.989825,0.98972,0.989975,152
2026-05-25T23:49:00+00:00,0.98982,0.989865,0.98981,0.98987,41
2026-05-25T23:50:00+00:00,0.989865,0.98974,0.989725,0.989865,92
2026-05-25T23:51:00+00:00,0.98975,0.9898,0.989715,0.98984,93
2026-05-25T23:52:00+00:00,0.9898,0.989825,0.989745,0.98985,55
2026-05-25T23:53:00+00:00,0.989825,0.98977,0.98977,0.989825,63
2026-05-25T23:54:00+00:00,0.989775,0.98979,0.98976,0.989815,58
2026-05-25T23:55:00+00:00,0.989785,0.989725,0.98972,0.989795,50
2026-05-25T23:56:00+00:00,0.989735,0.9897,0.98967,0.98975,67
2026-05-25T23:57:00+00:00,0.989695,0.989775,0.989675,0.989775,63
2026-05-25T23:58:00+00:00,0.989795,0.989695,0.989675,0.989795,77
2026-05-25T23:59:00+00:00,0.98969,0.9896,0.989565,0.9897,87
2026-05-26T00:00:00+00:00,0.989605,0.98952,0.989495,0.989685,506
2026-05-26T00:01:00+00:00,0.989525,0.98942,0.98937,0.98963,442
2026-05-26T00:02:00+00:00,0.989405,0.98946,0.989395,0.98953,348
2026-05-26T00:03:00+00:00,0.989465,0.98946,0.989455,0.989535,204
2026-05-26T00:04:00+00:00,0.989475,0.989525,0.98941,0.98954,211
2026-05-26T00:05:00+00:00,0.98952,0.98949,0.98948,0.989595,245
2026-05-26T00:06:00+00:00,0.989495,0.989475,0.989455,0.989595,242
2026-05-26T00:07:00+00:00,0.98947,0.989525,0.98945,0.989535,199
2026-05-26T00:08:00+00:00,0.989535,0.989615,0.989515,0.989615,193
2026-05-26T00:09:00+00:00,0.98961,0.98948,0.98945,0.98961,183
2026-05-26T00:10:00+00:00,0.98949,0.989535,0.98944,0.98961,205
2026-05-26T00:11:00+00:00,0.989525,0.98968,0.98952,0.989705,177
2026-05-26T00:12:00+00:00,0.989675,0.989775,0.98967,0.989815,185
2026-05-26T00:13:00+00:00,0.98978,0.989695,0.98965,0.98978,100
2026-05-26T00:14:00+00:00,0.989695,0.989625,0.98961,0.989755,131
2026-05-26T00:15:00+00:00,0.989615,0.989645,0.98959,0.989685,173
2026-05-26T00:16:00+00:00,0.98964,0.989525,0.989485,0.98965,154
2026-05-26T00:17:00+00:00,0.989525,0.98942,0.98942,0.98957,164
2026-05-26T00:18:00+00:00,0.98942,0.989325,0.989325,0.98945,162
2026-05-26T00:19:00+00:00,0.98932,0.98931,0.98919,0.98936,224
2026-05-26T00:20:00+00:00,0.989305,0.989375,0.989305,0.989445,189
2026-05-26T00:21:00+00:00,0.989375,0.98946,0.98937,0.98946,108
2026-05-26T00:22:00+00:00,0.989455,0.989375,0.989345,0.98946,118
2026-05-26T00:23:00+00:00,0.98938,0.9894,0.98937,0.98943,141
2026-05-26T00:24:00+00:00,0.989405,0.98943,0.989405,0.98949,102
2026-05-26T00:25:00+00:00,0.989435,0.989465,0.989425,0.98949,146
2026-05-26T00:26:00+00:00,0.98947,0.989515,0.989465,0.98954,232
2026-05-26T00:27:00+00:00,0.98951,0.989605,0.989495,0.989625,227
2026-05-26T00:28:00+00:00,0.98961,0.989675,0.98961,0.989695,115
2026-05-26T00:29:00+00:00,0.98968,0.989655,0.989635,0.98968,146
2026-05-26T00:30:00+00:00,0.98965,0.989675,0.98964,0.989765,189
2026-05-26T00:31:00+00:00,0.989675,0.989805,0.989675,0.989815,123
2026-05-26T00:32:00+00:00,0.989805,0.98976,0.989745,0.989825,155
2026-05-26T00:33:00+00:00,0.98976,0.98969,0.989665,0.98983,178
2026-05-26T00:34:00+00:00,0.9897,0.989695,0.989635,0.9897,178
2026-05-26T00:35:00+00:00,0.9897,0.989705,0.989655,0.98977,123
2026-05-26T00:36:00+00:00,0.98972,0.989775,0.98972,0.9898,124
2026-05-26T00:37:00+00:00,0.98976,0.98968,0.98967,0.98976,110
2026-05-26T00:38:00+00:00,0.989685,0.989625,0.989615,0.989705,48
2026-05-26T00:39:00+00:00,0.989615,0.989625,0.98961,0.989675,116
2026-05-26T00:40:00+00:00,0.989635,0.989495,0.989475,0.989635,169
2026-05-26T00:41:00+00:00,0.98948,0.989505,0.98948,0.989635,180
2026-05-26T00:42:00+00:00,0.98952,0.98969,0.98951,0.989695,142
2026-05-26T00:43:00+00:00,0.989685,0.98965,0.98959,0.98969,130
2026-05-26T00:44:00+00:00,0.989655,0.989625,0.989605,0.989685,100
2026-05-26T00:45:00+00:00,0.989635,0.989575,0.98953,0.989635,129
2026-05-26T00:46:00+00:00,0.98956,0.989695,0.989515,0.989725,147
2026-05-26T00:47:00+00:00,0.98969,0.989605,0.98958,0.989705,147
2026-05-26T00:48:00+00:00,0.9896,0.98959,0.98957,0.989645,116
2026-05-26T00:49:00+00:00,0.98958,0.989495,0.98947,0.98961,157
2026-05-26T00:50:00+00:00,0.989505,0.989575,0.98948,0.98958,158
2026-05-26T00:51:00+00:00,0.98957,0.989495,0.989475,0.989575,138
2026-05-26T00:52:00+00:00,0.9895,0.989435,0.989425,0.989505,125
2026-05-26T00:53:00+00:00,0.98944,0.98948,0.98943,0.989505,130
2026-05-26T00:54:00+00:00,0.989475,0.989355,0.98935,0.989475,162
2026-05-26T00:55:00+00:00,0.98935,0.989575,0.98934,0.98959,183
2026-05-26T00:56:00+00:00,0.989575,0.989575,0.989525,0.989605,109
2026-05-26T00:57:00+00:00,0.989585,0.98961,0.98956,0.989625,116
2026-05-26T00:58:00+00:00,0.98961,0.98975,0.9896,0.98975,103
2026-05-26T00:59:00+00:00,0.98973,0.98974,0.9897,0.989775,192
2026-05-26T01:00:00+00:00,0.98975,0.98968,0.98961,0.989805,247
2026-05-26T01:01:00+00:00,0.989675,0.989775,0.98963,0.989815,238
2026-05-26T01:02:00+00:00,0.98978,0.989675,0.989675,0.989825,238
2026-05-26T01:03:00+00:00,0.98967,0.989625,0.98961,0.989685,223
2026-05-26T01:04:00+00:00,0.989625,0.989575,0.98957,0.989695,193
2026-05-26T01:05:00+00:00,0.98958,0.989625,0.98957,0.989665,200
2026-05-26T01:06:00+00:00,0.989635,0.98945,0.98942,0.989635,192
2026-05-26T01:07:00+00:00,0.989445,0.989225,0.989195,0.98947,273
2026-05-26T01:08:00+00:00,0.98922,0.989295,0.989215,0.989305,206
2026-05-26T01:09:00+00:00,0.98929,0.98922,0.989125,0.989325,234
2026-05-26T01:10:00+00:00,0.989215,0.989125,0.989105,0.989235,224
2026-05-26T01:11:00+00:00,0.989125,0.989085,0.989075,0.989155,144
2026-05-26T01:12:00+00:00,0.98909,0.989275,0.98908,0.989275,211
2026-05-26T01:13:00+00:00,0.98927,0.989325,0.98927,0.989395,176
2026-05-26T01:14:00+00:00,0.98932,0.989495,0.989305,0.989545,206
2026-05-26T01:15:00+00:00,0.9895,0.98943,0.989415,0.989585,267
2026-05-26T01:16:00+00:00,0.989435,0.989375,0.989375,0.989505,248
2026-05-26T01:17:00+00:00,0.98938,0.98943,0.98938,0.98948,151
2026-05-26T01:18:00+00:00,0.989425,0.989315,0.9893,0.989435,147
2026-05-26T01:19:00+00:00,0.98932,0.98937,0.989285,0.98939,184
2026-05-26T01:20:00+00:00,0.989375,0.989195,0.989165,0.98941,202
2026-05-26T01:21:00+00:00,0.989195,0.989225,0.989035,0.98924,219
2026-05-26T01:22:00+00:00,0.989225,0.98942,0.989205,0.989435,246
2026-05-26T01:23:00+00:00,0.989425,0.9895,0.989355,0.98951,231
2026-05-26T01:24:00+00:00,0.989505,0.9896,0.989465,0.98966,272
2026-05-26T01:25:00+00:00,0.98958,0.989615,0.989495,0.989675,253
2026-05-26T01:26:00+00:00,0.98962,0.989595,0.989555,0.989635,218
2026-05-26T01:27:00+00:00,0.9896,0.989625,0.98958,0.989625,166
2026-05-26T01:28:00+00:00,0.98962,0.989545,0.98954,0.98966,112
2026-05-26T01:29:00+00:00,0.98955,0.989565,0.989475,0.98961,222
2026-05-26T01:30:00+00:00,0.989575,0.98959,0.98952,0.98965,322
2026-05-26T01:31:00+00:00,0.989595,0.98953,0.989495,0.98968,358
2026-05-26T01:32:00+00:00,0.989525,0.98949,0.989445,0.98953,185
2026-05-26T01:33:00+00:00,0.989485,0.98949,0.989465,0.98953,139
2026-05-26T01:34:00+00:00,0.989495,0.989525,0.98948,0.989585,169
2026-05-26T01:35:00+00:00,0.98953,0.989525,0.989475,0.989545,119
2026-05-26T01:36:00+00:00,0.989515,0.989355,0.989335,0.989585,197
2026-05-26T01:37:00+00:00,0.98936,0.98938,0.989335,0.989425,205
2026-05-26T01:38:00+00:00,0.989375,0.98934,0.989275,0.989435,216
2026-05-26T01:39:00+00:00,0.989345,0.98912,0.98904,0.98939,257
2026-05-26T01:40:00+00:00,0.989125,0.98915,0.98907,0.989175,326
2026-05-26T01:41:00+00:00,0.98913,0.98903,0.98898,0.98913,247
2026-05-26T01:42:00+00:00,0.989035,0.98905,0.98895,0.989075,235
2026-05-26T01:43:00+00:00,0.98904,0.98911,0.989015,0.989175,205
2026-05-26T01:44:00+00:00,0.989115,0.989145,0.989075,0.989175,160
2026-05-26T01:45:00+00:00,0.98916,0.989165,0.989135,0.989235,243
2026-05-26T01:46:00+00:00,0.989145,0.9892,0.989105,0.9892,104
2026-05-26T01:47:00+00:00,0.989205,0.989225,0.98919,0.989285,199
2026-05-26T01:48:00+00:00,0.98922,0.989145,0.989075,0.989225,153
2026-05-26T01:49:00+00:00,0.989135,0.98933,0.989135,0.98942,206
2026-05-26T01:50:00+00:00,0.98932,0.98935,0.9893,0.98938,195
2026-05-26T01:51:00+00:00,0.98935,0.98924,0.989235,0.989375,108
2026-05-26T01:52:00+00:00,0.98925,0.98918,0.98917,0.98927,179
2026-05-26T01:53:00+00:00,0.989185,0.98921,0.989165,0.98922,234
2026-05-26T01:54:00+00:00,0.98921,0.989265,0.989205,0.98929,165
2026-05-26T01:55:00+00:00,0.98927,0.989405,0.98927,0.989415,164
2026-05-26T01:56:00+00:00,0.989395,0.9895,0.989375,0.989605,161
2026-05-26T01:57:00+00:00,0.98951,0.989445,0.989395,0.989535,219
2026-05-26T01:58:00+00:00,0.98944,0.98946,0.989425,0.989505,162
2026-05-26T01:59:00+00:00,0.989455,0.989335,0.98933,0.98948,183
2026-05-26T02:00:00+00:00,0.98933,0.98931,0.989225,0.98936,241
2026-05-26T02:01:00+00:00,0.989315,0.98935,0.989315,0.98941,164
2026-05-26T02:02:00+00:00,0.989345,0.98935,0.98928,0.989355,167
2026-05-26T02:03:00+00:00,0.98935,0.989385,0.98932,0.989405,177
2026-05-26T02:04:00+00:00,0.989375,0.989285,0.989285,0.98942,190
2026-05-26T02:05:00+00:00,0.989295,0.989425,0.989275,0.98944,202
2026-05-26T02:06:00+00:00,0.98943,0.989515,0.98938,0.98954,160
2026-05-26T02:07:00+00:00,0.98951,0.98944,0.98943,0.98955,160
2026-05-26T02:08:00+00:00,0.98944,0.98943,0.9894,0.98946,69
2026-05-26T02:09:00+00:00,0.98943,0.989395,0.98939,0.989495,108
2026-05-26T02:10:00+00:00,0.989395,0.98936,0.989325,0.98941,148
2026-05-26T02:11:00+00:00,0.98936,0.989345,0.98934,0.989385,82
2026-05-26T02:12:00+00:00,0.98934,0.989315,0.98928,0.989365,129
2026-05-26T02:13:00+00:00,0.989305,0.989255,0.989245,0.989305,146
2026-05-26T02:14:00+00:00,0.989255,0.989205,0.98918,0.98927,87
2026-05-26T02:15:00+00:00,0.9892,0.989325,0.98919,0.989345,116
2026-05-26T02:16:00+00:00,0.98933,0.989365,0.989315,0.98938,90
2026-05-26T02:17:00+00:00,0.98936,0.98933,0.98928,0.989375,70
2026-05-26T02:18:00+00:00,0.98933,0.989265,0.98921,0.98933,83
2026-05-26T02:19:00+00:00,0.98927,0.989345,0.989255,0.98936,108
2026-05-26T02:20:00+00:00,0.98934,0.989295,0.989285,0.98934,106
2026-05-26T02:21:00+00:00,0.9893,0.989345,0.98927,0.989355,146
2026-05-26T02:22:00+00:00,0.98934,0.989285,0.989275,0.98939,124
2026-05-26T02:23:00+00:00,0.989285,0.989255,0.989235,0.989315,118
2026-05-26T02:24:00+00:00,0.98926,0.989235,0.98922,0.98928,122
2026-05-26T02:25:00+00:00,0.98922,0.989275,0.989195,0.989325,103
2026-05-26T02:26:00+00:00,0.98929,0.98938,0.989265,0.989395,87
2026-05-26T02:27:00+00:00,0.989375,0.989505,0.989375,0.989515,131
2026-05-26T02:28:00+00:00,0.9895,0.989475,0.98947,0.98952,194
2026-05-26T02:29:00+00:00,0.98947,0.98944,0.989415,0.98951,129
2026-05-26T02:30:00+00:00,0.989445,0.98953,0.989445,0.98953,154
2026-05-26T02:31:00+00:00,0.98952,0.989525,0.98948,0.98956,183
2026-05-26T02:32:00+00:00,0.989525,0.98952,0.98948,0.989555,176
2026-05-26T02:33:00+00:00,0.989525,0.98947,0.989465,0.989525,93
2026-05-26T02:34:00+00:00,0.98947,0.98952,0.98947,0.989525,53
2026-05-26T02:35:00+00:00,0.98952,0.98945,0.98944,0.989545,140
2026-05-26T02:36:00+00:00,0.98946,0.989405,0.98937,0.98946,93
2026-05-26T02:37:00+00:00,0.989405,0.989395,0.98936,0.98946,210
2026-05-26T02:38:00+00:00,0.9894,0.989465,0.989395,0.989475,105
2026-05-26T02:39:00+00:00,0.98946,0.98938,0.989355,0.98946,139
2026-05-26T02:40:00+00:00,0.989375,0.98932,0.98932,0.98939,83
2026-05-26T02:41:00+00:00,0.989315,0.989195,0.98918,0.98932,138
2026-05-26T02:42:00+00:00,0.98919,0.98927,0.98919,0.989275,62
2026-05-26T02:43:00+00:00,0.989275,0.989175,0.98914,0.989275,109
2026-05-26T02:44:00+00:00,0.98917,0.98912,0.9891,0.989175,159
2026-05-26T02:45:00+00:00,0.98912,0.989115,0.989095,0.989145,55
2026-05-26T02:46:00+00:00,0.98912,0.98934,0.98912,0.98934,85
2026-05-26T02:47:00+00:00,0.98934,0.9894,0.98932,0.98942,127
2026-05-26T02:48:00+00:00,0.989395,0.9894,0.989365,0.98941,49
2026-05-26T02:49:00+00:00,0.9894,0.98945,0.98939,0.989455,115
2026-05-26T02:50:00+00:00,0.989455,0.98945,0.98936,0.989455,142
2026-05-26T02:51:00+00:00,0.989445,0.989445,0.98944,0.9895,111
2026-05-26T02:52:00+00:00,0.989455,0.98935,0.9893,0.989485,123
2026-05-26T02:53:00+00:00,0.989345,0.98942,0.98933,0.98944,127
2026-05-26T02:54:00+00:00,0.989425,0.98938,0.989355,0.989425,89
2026-05-26T02:55:00+00:00,0.989385,0.989625,0.989385,0.989625,81
2026-05-26T02:56:00+00:00,0.989625,0.9896,0.98959,0.989645,65
2026-05-26T02:57:00+00:00,0.9896,0.989515,0.989505,0.9896,67
2026-05-26T02:58:00+00:00,0.989515,0.989565,0.98951,0.989575,125
2026-05-26T02:59:00+00:00,0.989555,0.989515,0.989515,0.98961,157
2026-05-26T03:00:00+00:00,0.98952,0.98951,0.989495,0.98954,170
2026-05-26T03:01:00+00:00,0.989505,0.98961,0.989475,0.989655,205
2026-05-26T03:02:00+00:00,0.98961,0.989575,0.989565,0.989625,81
2026-05-26T03:03:00+00:00,0.98958,0.989615,0.989575,0.98963,87
2026-05-26T03:04:00+00:00,0.98961,0.989575,0.98957,0.98962,77
2026-05-26T03:05:00+00:00,0.989565,0.98977,0.98955,0.98979,126
2026-05-26T03:06:00+00:00,0.98977,0.989795,0.989765,0.98984,286
2026-05-26T03:07:00+00:00,0.98981,0.98986,0.989795,0.98987,80
2026-05-26T03:08:00+00:00,0.989865,0.989925,0.98983,0.989925,107
2026-05-26T03:09:00+00:00,0.989925,0.98991,0.98991,0.99003,220
2026-05-26T03:10:00+00:00,0.989915,0.989925,0.98989,0.989945,81
2026-05-26T03:11:00+00:00,0.989925,0.98989,0.989875,0.989975,226
2026-05-26T03:12:00+00:00,0.989895,0.989905,0.98984,0.989925,117
2026-05-26T03:13:00+00:00,0.9899,0.989835,0.989835,0.98991,148
2026-05-26T03:14:00+00:00,0.989835,0.989815,0.98979,0.98986,55
2026-05-26T03:15:00+00:00,0.989795,0.989815,0.989725,0.989825,147
2026-05-26T03:16:00+00:00,0.989825,0.989885,0.98981,0.989885,217
2026-05-26T03:17:00+00:00,0.989885,0.9899,0.98987,0.98991,139
2026-05-26T03:18:00+00:00,0.989905,0.989975,0.989895,0.990025,133
2026-05-26T03:19:00+00:00,0.98998,0.989935,0.98993,0.990025,84
2026-05-26T03:20:00+00:00,0.98994,0.990035,0.989925,0.99004,143
2026-05-26T03:21:00+00:00,0.99003,0.9901,0.989975,0.99012,105
2026-05-26T03:22:00+00:00,0.990095,0.9901,0.990085,0.990125,60
2026-05-26T03:23:00+00:00,0.990085,0.990125,0.990045,0.990125,125
2026-05-26T03:24:00+00:00,0.990125,0.990125,0.990085,0.99013,40
2026-05-26T03:25:00+00:00,0.990125,0.990225,0.99012,0.99027,158
2026-05-26T03:26:00+00:00,0.990225,0.99015,0.99015,0.99025,95
2026-05-26T03:27:00+00:00,0.990145,0.990025,0.99002,0.99015,86
2026-05-26T03:28:00+00:00,0.990025,0.99004,0.990025,0.99006,69
2026-05-26T03:29:00+00:00,0.99004,0.989975,0.98997,0.990055,92
2026-05-26T03:30:00+00:00,0.989985,0.989995,0.98998,0.99007,148
2026-05-26T03:31:00+00:00,0.990015,0.990025,0.989975,0.990025,119
2026-05-26T03:32:00+00:00,0.990025,0.98999,0.989985,0.990075,101
2026-05-26T03:33:00+00:00,0.98999,0.98999,0.989985,0.990005,48
2026-05-26T03:34:00+00:00,0.98999,0.989975,0.989975,0.990005,137
2026-05-26T03:35:00+00:00,0.989975,0.98998,0.989975,0.98999,49
2026-05-26T03:36:00+00:00,0.989975,0.989995,0.989975,0.99,127
2026-05-26T03:37:00+00:00,0.990005,0.98999,0.989975,0.99001,170
2026-05-26T03:38:00+00:00,0.989985,0.98999,0.98994,0.989995,179
2026-05-26T03:39:00+00:00,0.98998,0.989915,0.98991,0.989995,139
2026-05-26T03:40:00+00:00,0.989905,0.989965,0.9899,0.989975,67
2026-05-26T03:41:00+00:00,0.98996,0.98996,0.989945,0.990015,73
2026-05-26T03:42:00+00:00,0.989955,0.98993,0.989895,0.98996,106
2026-05-26T03:43:00+00:00,0.98994,0.990025,0.989925,0.99003,87
2026-05-26T03:44:00+00:00,0.99002,0.990125,0.99001,0.99017,115
2026-05-26T03:45:00+00:00,0.99012,0.99003,0.990025,0.99012,93
2026-05-26T03:46:00+00:00,0.990035,0.99013,0.990035,0.990145,109
2026-05-26T03:47:00+00:00,0.990145,0.990095,0.99009,0.990175,63
2026-05-26T03:48:00+00:00,0.990095,0.990045,0.99004,0.990105,45
2026-05-26T03:49:00+00:00,0.990045,0.9901,0.99004,0.990105,34
2026-05-26T03:50:00+00:00,0.990095,0.990095,0.990095,0.990125,63
2026-05-26T03:51:00+00:00,0.990105,0.990035,0.990025,0.990125,101
2026-05-26T03:52:00+00:00,0.990025,0.99012,0.989995,0.99013,82
2026-05-26T03:53:00+00:00,0.990115,0.990025,0.990025,0.99012,60
2026-05-26T03:54:00+00:00,0.990025,0.990055,0.990025,0.990075,37
2026-05-26T03:55:00+00:00,0.99006,0.990025,0.990005,0.990075,71
2026-05-26T03:56:00+00:00,0.990035,0.990055,0.99003,0.990075,63
2026-05-26T03:57:00+00:00,0.99005,0.99003,0.99001,0.990075,86
2026-05-26T03:58:00+00:00,0.990025,0.99007,0.990005,0.990075,35
2026-05-26T03:59:00+00:00,0.990065,0.99004,0.990005,0.99009,60
2026-05-26T04:00:00+00:00,0.990035,0.99006,0.99,0.99007,96
2026-05-26T04:01:00+00:00,0.99006,0.990075,0.990035,0.99009,59
2026-05-26T04:02:00+00:00,0.990075,0.990125,0.990075,0.99014,57
2026-05-26T04:03:00+00:00,0.990115,0.989825,0.98979,0.990115,163
2026-05-26T04:04:00+00:00,0.98983,0.989755,0.98967,0.989835,64
2026-05-26T04:05:00+00:00,0.989755,0.98977,0.989725,0.989825,113
2026-05-26T04:06:00+00:00,0.989775,0.989795,0.98975,0.98981,64
2026-05-26T04:07:00+00:00,0.989795,0.989895,0.98979,0.9899,98
2026-05-26T04:08:00+00:00,0.9899,0.989895,0.989875,0.989915,34
2026-05-26T04:09:00+00:00,0.9899,0.98986,0.989855,0.98993,84
2026-05-26T04:10:00+00:00,0.989875,0.989875,0.98986,0.9899,74
2026-05-26T04:11:00+00:00,0.989875,0.98994,0.989875,0.989965,59
2026-05-26T04:12:00+00:00,0.989945,0.98992,0.989905,0.989975,102
2026-05-26T04:13:00+00:00,0.98992,0.989995,0.98992,0.990005,66
2026-05-26T04:14:00+00:00,0.98999,0.99006,0.989975,0.9901,168
2026-05-26T04:15:00+00:00,0.990055,0.99002,0.989985,0.990055,90
2026-05-26T04:16:00+00:00,0.990025,0.98998,0.989935,0.990075,96
2026-05-26T04:17:00+00:00,0.989975,0.990025,0.989975,0.99006,65
2026-05-26T04:18:00+00:00,0.990025,0.990005,0.989975,0.990025,137
2026-05-26T04:19:00+00:00,0.990005,0.990005,0.98998,0.99002,118
2026-05-26T04:20:00+00:00,0.99001,0.99002,0.989995,0.990025,61
2026-05-26T04:21:00+00:00,0.990015,0.99004,0.98998,0.99004,51
2026-05-26T04:22:00+00:00,0.99004,0.990025,0.989985,0.99004,49
2026-05-26T04:23:00+00:00,0.990025,0.98994,0.989925,0.990025,97
2026-05-26T04:24:00+00:00,0.98994,0.989975,0.98994,0.989995,36
2026-05-26T04:25:00+00:00,0.989965,0.989925,0.989925,0.989975,59
2026-05-26T04:26:00+00:00,0.989925,0.989925,0.98992,0.98996,45
2026-05-26T04:27:00+00:00,0.98992,0.989925,0.98992,0.989925,2
2026-05-26T04:28:00+00:00,0.98991,0.989865,0.989845,0.989925,64
2026-05-26T04:29:00+00:00,0.98986,0.98979,0.989775,0.98986,116
2026-05-26T04:30:00+00:00,0.9898,0.98972,0.989695,0.9898,67
2026-05-26T04:31:00+00:00,0.98972,0.98972,0.989685,0.989755,99
2026-05-26T04:32:00+00:00,0.989715,0.98977,0.98966,0.989775,107
2026-05-26T04:33:00+00:00,0.989775,0.98962,0.989615,0.98978,72
2026-05-26T04:34:00+00:00,0.989615,0.989625,0.989615,0.989725,95
2026-05-26T04:35:00+00:00,0.989625,0.989605,0.98959,0.98966,78
2026-05-26T04:36:00+00:00,0.989605,0.98951,0.989505,0.989625,91
2026-05-26T04:37:00+00:00,0.989505,0.989445,0.989425,0.989515,81
2026-05-26T04:38:00+00:00,0.989455,0.989365,0.98931,0.989455,114
2026-05-26T04:39:00+00:00,0.989365,0.989325,0.98929,0.989385,118
2026-05-26T04:40:00+00:00,0.989315,0.98937,0.98925,0.98937,105
2026-05-26T04:41:00+00:00,0.989375,0.989345,0.98934,0.98939,68
2026-05-26T04:42:00+00:00,0.98934,0.989125,0.98911,0.98934,209
2026-05-26T04:43:00+00:00,0.989115,0.989095,0.989085,0.989155,138
2026-05-26T04:44:00+00:00,0.9891,0.98918,0.989085,0.989215,178
2026-05-26T04:45:00+00:00,0.989175,0.98924,0.98914,0.98928,151
2026-05-26T04:46:00+00:00,0.989225,0.989295,0.989195,0.9893,164
2026-05-26T04:47:00+00:00,0.9893,0.989225,0.98922,0.9893,85
2026-05-26T04:48:00+00:00,0.98923,0.98918,0.98917,0.98924,108
2026-05-26T04:49:00+00:00,0.98918,0.989225,0.989175,0.989225,54
2026-05-26T04:50:00+00:00,0.989225,0.98924,0.989195,0.989245,99
2026-05-26T04:51:00+00:00,0.98923,0.989195,0.98917,0.98925,87
2026-05-26T04:52:00+00:00,0.98919,0.989155,0.98914,0.98921,83
2026-05-26T04:53:00+00:00,0.989155,0.989195,0.98914,0.9892,38
2026-05-26T04:54:00+00:00,0.9892,0.989225,0.989195,0.989245,71
2026-05-26T04:55:00+00:00,0.989195,0.989045,0.989025,0.989195,78
2026-05-26T04:56:00+00:00,0.989045,0.989055,0.98903,0.989085,66
2026-05-26T04:57:00+00:00,0.989055,0.989095,0.989035,0.989095,97
2026-05-26T04:58:00+00:00,0.989085,0.98911,0.98905,0.98912,104
2026-05-26T04:59:00+00:00,0.989105,0.988975,0.988975,0.989105,97
2026-05-26T05:00:00+00:00,0.98897,0.98891,0.9888,0.989005,246
2026-05-26T05:01:00+00:00,0.9889,0.988785,0.98873,0.988905,162
2026-05-26T05:02:00+00:00,0.988795,0.98874,0.98873,0.9888,156
2026-05-26T05:03:00+00:00,0.988735,0.98862,0.988615,0.98875,165
2026-05-26T05:04:00+00:00,0.988615,0.98849,0.988475,0.98863,174
2026-05-26T05:05:00+00:00,0.988495,0.98854,0.98849,0.988555,131
2026-05-26T05:06:00+00:00,0.98854,0.98856,0.98851,0.9886,158
2026-05-26T05:07:00+00:00,0.988555,0.988675,0.988555,0.988675,131
2026-05-26T05:08:00+00:00,0.988675,0.988715,0.988675,0.988785,86
2026-05-26T05:09:00+00:00,0.98872,0.98871,0.98871,0.98879,105
2026-05-26T05:10:00+00:00,0.98871,0.9887,0.988655,0.988765,99
2026-05-26T05:11:00+00:00,0.988685,0.988675,0.98867,0.98872,52
2026-05-26T05:12:00+00:00,0.988675,0.988725,0.988655,0.98874,83
2026-05-26T05:13:00+00:00,0.98874,0.988755,0.988725,0.98879,70
2026-05-26T05:14:00+00:00,0.988745,0.988775,0.988725,0.988775,73
2026-05-26T05:15:00+00:00,0.98877,0.988865,0.988745,0.988865,131
2026-05-26T05:16:00+00:00,0.988875,0.988955,0.988865,0.988965,124
2026-05-26T05:17:00+00:00,0.988965,0.98892,0.988875,0.988975,104
2026-05-26T05:18:00+00:00,0.988925,0.988905,0.98889,0.988975,84
2026-05-26T05:19:00+00:00,0.98891,0.988815,0.988805,0.988925,114
2026-05-26T05:20:00+00:00,0.988825,0.98889,0.988815,0.98891,88
2026-05-26T05:21:00+00:00,0.9889,0.98891,0.988875,0.98892,53
2026-05-26T05:22:00+00:00,0.9889,0.98891,0.988875,0.988915,46
2026-05-26T05:23:00+00:00,0.98891,0.98888,0.988875,0.98892,55
2026-05-26T05:24:00+00:00,0.98888,0.98892,0.98887,0.988925,63
2026-05-26T05:25:00+00:00,0.988915,0.988925,0.98888,0.98894,105
2026-05-26T05:26:00+00:00,0.988925,0.988965,0.98892,0.98898,39
2026-05-26T05:27:00+00:00,0.988975,0.98889,0.98889,0.98901,78
2026-05-26T05:28:00+00:00,0.988895,0.988955,0.98886,0.988975,133
2026-05-26T05:29:00+00:00,0.98896,0.98897,0.988925,0.988975,137
2026-05-26T05:30:00+00:00,0.988965,0.98908,0.98894,0.989145,202
2026-05-26T05:31:00+00:00,0.98909,0.989065,0.989065,0.989125,182
2026-05-26T05:32:00+00:00,0.98906,0.98911,0.98906,0.98913,254
2026-05-26T05:33:00+00:00,0.989115,0.989075,0.98907,0.98913,219
2026-05-26T05:34:00+00:00,0.98907,0.989115,0.989055,0.989115,169
2026-05-26T05:35:00+00:00,0.98911,0.989055,0.98905,0.989115,99
2026-05-26T05:36:00+00:00,0.98907,0.98905,0.98901,0.989085,107
2026-05-26T05:37:00+00:00,0.98905,0.98902,0.988995,0.98906,89
2026-05-26T05:38:00+00:00,0.98902,0.989075,0.98898,0.9891,111
2026-05-26T05:39:00+00:00,0.989075,0.9891,0.98907,0.98915,228
2026-05-26T05:40:00+00:00,0.989105,0.98902,0.98902,0.989145,152
2026-05-26T05:41:00+00:00,0.98902,0.988965,0.98891,0.98905,172
2026-05-26T05:42:00+00:00,0.988955,0.988965,0.98894,0.988985,163
2026-05-26T05:43:00+00:00,0.988965,0.989065,0.98896,0.989075,137
2026-05-26T05:44:00+00:00,0.98907,0.989035,0.98902,0.98907,103
2026-05-26T05:45:00+00:00,0.98905,0.98902,0.98901,0.989055,123
2026-05-26T05:46:00+00:00,0.98903,0.98898,0.98897,0.989075,104
2026-05-26T05:47:00+00:00,0.988975,0.988925,0.9889,0.98898,138
2026-05-26T05:48:00+00:00,0.98893,0.98904,0.988925,0.989045,139
2026-05-26T05:49:00+00:00,0.989035,0.989005,0.98898,0.989055,161
2026-05-26T05:50:00+00:00,0.98901,0.98904,0.988965,0.989055,131
2026-05-26T05:51:00+00:00,0.989035,0.988975,0.98896,0.98905,158
2026-05-26T05:52:00+00:00,0.98897,0.988955,0.98892,0.988985,93
2026-05-26T05:53:00+00:00,0.988955,0.988915,0.988905,0.98897,90
2026-05-26T05:54:00+00:00,0.988905,0.98894,0.988905,0.98894,86
2026-05-26T05:55:00+00:00,0.988945,0.988875,0.98887,0.988975,112
2026-05-26T05:56:00+00:00,0.98888,0.988955,0.988875,0.98896,125
2026-05-26T05:57:00+00:00,0.988955,0.98901,0.988945,0.98902,64
2026-05-26T05:58:00+00:00,0.989005,0.98906,0.989,0.989085,149
2026-05-26T05:59:00+00:00,0.989055,0.98899,0.988985,0.989055,162
2026-05-26T06:00:00+00:00,0.988995,0.988965,0.98893,0.98905,311
2026-05-26T06:01:00+00:00,0.988965,0.98894,0.98893,0.989,249
2026-05-26T06:02:00+00:00,0.988935,0.989075,0.9889,0.989075,264
2026-05-26T06:03:00+00:00,0.989085,0.989025,0.98901,0.98918,229
2026-05-26T06:04:00+00:00,0.98902,0.989085,0.98898,0.989085,197
2026-05-26T06:05:00+00:00,0.98908,0.989205,0.989065,0.989205,200
2026-05-26T06:06:00+00:00,0.989205,0.98913,0.989105,0.98922,191
2026-05-26T06:07:00+00:00,0.98912,0.98921,0.9891,0.989225,143
2026-05-26T06:08:00+00:00,0.98919,0.98908,0.98907,0.9892,228
2026-05-26T06:09:00+00:00,0.98907,0.989045,0.98904,0.98913,132
2026-05-26T06:10:00+00:00,0.98904,0.989205,0.98902,0.989205,128
2026-05-26T06:11:00+00:00,0.98921,0.9893,0.98921,0.98931,199
2026-05-26T06:12:00+00:00,0.98929,0.989185,0.989175,0.98929,156
2026-05-26T06:13:00+00:00,0.98918,0.989275,0.989165,0.989275,91
2026-05-26T06:14:00+00:00,0.989275,0.98933,0.989245,0.989355,98
2026-05-26T06:15:00+00:00,0.989325,0.989215,0.989195,0.98933,145
2026-05-26T06:16:00+00:00,0.989205,0.989265,0.989205,0.98927,107
2026-05-26T06:17:00+00:00,0.98927,0.989175,0.989175,0.98927,84
2026-05-26T06:18:00+00:00,0.98918,0.989175,0.989125,0.989225,112
2026-05-26T06:19:00+00:00,0.98918,0.9892,0.98914,0.98923,134
2026-05-26T06:20:00+00:00,0.989195,0.989195,0.98915,0.989225,121
2026-05-26T06:21:00+00:00,0.989195,0.989215,0.989175,0.989235,117
2026-05-26T06:22:00+00:00,0.98922,0.9892,0.989185,0.98923,116
2026-05-26T06:23:00+00:00,0.9892,0.98928,0.98916,0.989285,96
2026-05-26T06:24:00+00:00,0.989275,0.989535,0.989275,0.9896,194
2026-05-26T06:25:00+00:00,0.98954,0.989735,0.989535,0.98979,244
2026-05-26T06:26:00+00:00,0.98973,0.989885,0.989715,0.989955,235
2026-05-26T06:27:00+00:00,0.98988,0.98991,0.989765,0.989925,183
2026-05-26T06:28:00+00:00,0.989905,0.989475,0.98939,0.98996,306
2026-05-26T06:29:00+00:00,0.98948,0.989435,0.98934,0.98962,595
2026-05-26T06:30:00+00:00,0.98943,0.989505,0.98939,0.98955,346
2026-05-26T06:31:00+00:00,0.9895,0.989435,0.98941,0.989525,296
2026-05-26T06:32:00+00:00,0.98944,0.98932,0.989265,0.989455,332
2026-05-26T06:33:00+00:00,0.98933,0.98957,0.98933,0.9896,262
2026-05-26T06:34:00+00:00,0.989565,0.9895,0.989445,0.98958,330
2026-05-26T06:35:00+00:00,0.98951,0.989575,0.98951,0.98961,270
2026-05-26T06:36:00+00:00,0.989585,0.98965,0.989555,0.98967,199
2026-05-26T06:37:00+00:00,0.98965,0.989655,0.98962,0.98971,151
2026-05-26T06:38:00+00:00,0.98966,0.989655,0.989545,0.989675,205
2026-05-26T06:39:00+00:00,0.98965,0.989715,0.98965,0.9898,239
2026-05-26T06:40:00+00:00,0.98972,0.98969,0.98963,0.98973,137
2026-05-26T06:41:00+00:00,0.989685,0.9896,0.989585,0.989715,113
2026-05-26T06:42:00+00:00,0.9896,0.989605,0.989575,0.989655,225
2026-05-26T06:43:00+00:00,0.989605,0.98961,0.98955,0.989625,169
2026-05-26T06:44:00+00:00,0.989615,0.98972,0.989595,0.989735,107
2026-05-26T06:45:00+00:00,0.989725,0.989585,0.98957,0.98976,216
2026-05-26T06:46:00+00:00,0.989595,0.98959,0.989545,0.989605,146
2026-05-26T06:47:00+00:00,0.98959,0.989625,0.98957,0.98964,160
2026-05-26T06:48:00+00:00,0.989625,0.98968,0.989585,0.989695,106
2026-05-26T06:49:00+00:00,0.98968,0.989565,0.989555,0.98969,145
2026-05-26T06:50:00+00:00,0.98957,0.98966,0.98957,0.989665,173
2026-05-26T06:51:00+00:00,0.98966,0.989715,0.98964,0.989735,126
2026-05-26T06:52:00+00:00,0.98972,0.98972,0.989715,0.9898,167
2026-05-26T06:53:00+00:00,0.989715,0.989725,0.989705,0.989745,110
2026-05-26T06:54:00+00:00,0.989735,0.989725,0.9897,0.98979,159
2026-05-26T06:55:00+00:00,0.98973,0.98973,0.9897,0.98979,173
2026-05-26T06:56:00+00:00,0.989735,0.98989,0.989725,0.98989,267
2026-05-26T06:57:00+00:00,0.989885,0.989805,0.989795,0.98991,172
2026-05-26T06:58:00+00:00,0.98981,0.9897,0.989695,0.989835,133
2026-05-26T06:59:00+00:00,0.989695,0.98959,0.989525,0.989695,223
2026-05-26T07:00:00+00:00,0.989585,0.98955,0.98954,0.989675,391
2026-05-26T07:01:00+00:00,0.989555,0.989515,0.989455,0.98962,192
2026-05-26T07:02:00+00:00,0.989525,0.989565,0.989525,0.989645,510
2026-05-26T07:03:00+00:00,0.98957,0.98916,0.98915,0.989585,391
2026-05-26T07:04:00+00:00,0.989155,0.988855,0.988825,0.9892,532
2026-05-26T07:05:00+00:00,0.98885,0.988625,0.98859,0.988925,514
2026-05-26T07:06:00+00:00,0.98862,0.989035,0.98845,0.989095,650
2026-05-26T07:07:00+00:00,0.98904,0.989265,0.988995,0.98934,425
2026-05-26T07:08:00+00:00,0.98927,0.988915,0.9889,0.98934,337
2026-05-26T07:09:00+00:00,0.988905,0.988755,0.98875,0.98893,355
2026-05-26T07:10:00+00:00,0.98875,0.989135,0.988715,0.989135,333
2026-05-26T07:11:00+00:00,0.98913,0.989115,0.989065,0.989175,186
2026-05-26T07:12:00+00:00,0.98912,0.989135,0.989105,0.98925,278
2026-05-26T07:13:00+00:00,0.98914,0.98916,0.98902,0.98918,309
2026-05-26T07:14:00+00:00,0.989145,0.989165,0.989115,0.98926,278
2026-05-26T07:15:00+00:00,0.98917,0.989065,0.98902,0.98917,257
2026-05-26T07:16:00+00:00,0.98906,0.989095,0.989055,0.989145,196
2026-05-26T07:17:00+00:00,0.989095,0.98901,0.989005,0.989115,217
2026-05-26T07:18:00+00:00,0.98902,0.98905,0.988995,0.98913,215
2026-05-26T07:19:00+00:00,0.98905,0.98896,0.988935,0.98906,236
2026-05-26T07:20:00+00:00,0.98897,0.988985,0.988945,0.98903,184
2026-05-26T07:21:00+00:00,0.989,0.98887,0.98887,0.989055,178
2026-05-26T07:22:00+00:00,0.988875,0.988935,0.988805,0.988945,159
2026-05-26T07:23:00+00:00,0.988945,0.988935,0.988935,0.989015,138
2026-05-26T07:24:00+00:00,0.988935,0.988915,0.98889,0.989015,169
2026-05-26T07:25:00+00:00,0.98891,0.988825,0.98871,0.98894,188
2026-05-26T07:26:00+00:00,0.98883,0.988905,0.988795,0.988955,172
2026-05-26T07:27:00+00:00,0.98891,0.98883,0.988785,0.98892,160
2026-05-26T07:28:00+00:00,0.988825,0.9888,0.98875,0.988835,167
2026-05-26T07:29:00+00:00,0.9888,0.988725,0.98863,0.9888,187
2026-05-26T07:30:00+00:00,0.98873,0.98864,0.98854,0.988745,308
2026-05-26T07:31:00+00:00,0.98864,0.989065,0.988625,0.989105,388
2026-05-26T07:32:00+00:00,0.98906,0.988495,0.988495,0.98916,812
2026-05-26T07:33:00+00:00,0.9885,0.988485,0.988215,0.988565,548
2026-05-26T07:34:00+00:00,0.98848,0.98847,0.988375,0.98853,309
2026-05-26T07:35:00+00:00,0.98847,0.988435,0.98827,0.98852,437
2026-05-26T07:36:00+00:00,0.98844,0.98846,0.988385,0.9885,331
2026-05-26T07:37:00+00:00,0.98845,0.988245,0.988245,0.98847,296
2026-05-26T07:38:00+00:00,0.98825,0.9883,0.9882,0.98836,272
2026-05-26T07:39:00+00:00,0.988305,0.98834,0.98825,0.988405,258
2026-05-26T07:40:00+00:00,0.988345,0.98846,0.98828,0.988465,271
2026-05-26T07:41:00+00:00,0.988455,0.988385,0.988355,0.98848,249
2026-05-26T07:42:00+00:00,0.98839,0.98833,0.98832,0.988415,191
2026-05-26T07:43:00+00:00,0.988335,0.98834,0.98833,0.988415,215
2026-05-26T07:44:00+00:00,0.988335,0.988335,0.988295,0.98838,200
2026-05-26T07:45:00+00:00,0.98833,0.988275,0.988255,0.98841,220
2026-05-26T07:46:00+00:00,0.988265,0.98838,0.988205,0.988395,195
2026-05-26T07:47:00+00:00,0.98838,0.988395,0.98838,0.98845,170
2026-05-26T07:48:00+00:00,0.9884,0.98865,0.9884,0.98868,221
2026-05-26T07:49:00+00:00,0.988655,0.988855,0.988645,0.98887,262
2026-05-26T07:50:00+00:00,0.988865,0.98889,0.98881,0.98896,233
2026-05-26T07:51:00+00:00,0.9889,0.988645,0.988645,0.988905,259
2026-05-26T07:52:00+00:00,0.988645,0.988535,0.98853,0.988675,183
2026-05-26T07:53:00+00:00,0.98853,0.98854,0.988475,0.98856,199
2026-05-26T07:54:00+00:00,0.988535,0.988475,0.988475,0.98855,209
2026-05-26T07:55:00+00:00,0.98848,0.98843,0.98843,0.988555,226
2026-05-26T07:56:00+00:00,0.988425,0.988495,0.98839,0.9885,186
2026-05-26T07:57:00+00:00,0.9885,0.9888,0.988495,0.98882,234
2026-05-26T07:58:00+00:00,0.988795,0.98884,0.98876,0.988845,240
2026-05-26T07:59:00+00:00,0.98883,0.98889,0.98883,0.988945,182
2026-05-26T08:00:00+00:00,0.988895,0.98855,0.988545,0.988995,478
2026-05-26T08:01:00+00:00,0.988555,0.98868,0.988505,0.988725,313
2026-05-26T08:02:00+00:00,0.988685,0.98875,0.988675,0.9888,226
2026-05-26T08:03:00+00:00,0.98875,0.988865,0.988705,0.988875,291
2026-05-26T08:04:00+00:00,0.988855,0.988925,0.988825,0.988935,174
2026-05-26T08:05:00+00:00,0.98892,0.98897,0.988915,0.98905,249
2026-05-26T08:06:00+00:00,0.988975,0.98888,0.98886,0.988975,199
2026-05-26T08:07:00+00:00,0.98888,0.988875,0.988865,0.98894,163
2026-05-26T08:08:00+00:00,0.98887,0.98877,0.98877,0.988895,199
2026-05-26T08:09:00+00:00,0.98878,0.98875,0.98875,0.98887,216
2026-05-26T08:10:00+00:00,0.98876,0.98887,0.98871,0.98888,337
2026-05-26T08:11:00+00:00,0.98888,0.98897,0.98887,0.98904,259
2026-05-26T08:12:00+00:00,0.988965,0.989005,0.98892,0.98903,293
2026-05-26T08:13:00+00:00,0.989,0.98877,0.988765,0.989025,232
2026-05-26T08:14:00+00:00,0.988765,0.98881,0.98873,0.988815,266
2026-05-26T08:15:00+00:00,0.98881,0.98882,0.98878,0.98884,206
2026-05-26T08:16:00+00:00,0.98882,0.98869,0.98869,0.988845,149
2026-05-26T08:17:00+00:00,0.988685,0.988805,0.98868,0.988825,119
2026-05-26T08:18:00+00:00,0.9888,0.988855,0.988795,0.98889,226
2026-05-26T08:19:00+00:00,0.98886,0.988875,0.988825,0.98895,254
2026-05-26T08:20:00+00:00,0.98888,0.98883,0.98882,0.988885,171
2026-05-26T08:21:00+00:00,0.988835,0.988905,0.988825,0.98893,200
2026-05-26T08:22:00+00:00,0.988905,0.988915,0.988865,0.988935,135
2026-05-26T08:23:00+00:00,0.98892,0.98892,0.98889,0.988975,234
2026-05-26T08:24:00+00:00,0.988915,0.989015,0.988905,0.989015,226
2026-05-26T08:25:00+00:00,0.98902,0.988955,0.988925,0.989025,148
2026-05-26T08:26:00+00:00,0.98895,0.988885,0.98887,0.98896,174
2026-05-26T08:27:00+00:00,0.98889,0.988855,0.988805,0.9889,216
2026-05-26T08:28:00+00:00,0.98886,0.98886,0.988795,0.98888,233
2026-05-26T08:29:00+00:00,0.988865,0.98886,0.98871,0.9889,340
2026-05-26T08:30:00+00:00,0.988855,0.98886,0.98882,0.988895,183
2026-05-26T08:31:00+00:00,0.988855,0.988895,0.98884,0.988995,200
2026-05-26T08:32:00+00:00,0.98889,0.98875,0.988735,0.988925,189
2026-05-26T08:33:00+00:00,0.988755,0.98876,0.988755,0.988825,208
2026-05-26T08:34:00+00:00,0.988755,0.988745,0.988615,0.98879,229
2026-05-26T08:35:00+00:00,0.98874,0.988705,0.98868,0.988775,189
2026-05-26T08:36:00+00:00,0.9887,0.9888,0.9887,0.988825,242
2026-05-26T08:37:00+00:00,0.988795,0.98894,0.988765,0.988945,224
2026-05-26T08:38:00+00:00,0.988935,0.98887,0.988865,0.988975,162
2026-05-26T08:39:00+00:00,0.988865,0.98883,0.988805,0.988935,168
2026-05-26T08:40:00+00:00,0.98884,0.98881,0.988755,0.988845,208
2026-05-26T08:41:00+00:00,0.988815,0.98881,0.98879,0.988875,189
2026-05-26T08:42:00+00:00,0.988815,0.988795,0.988785,0.988875,272
2026-05-26T08:43:00+00:00,0.9888,0.98864,0.98863,0.988835,183
2026-05-26T08:44:00+00:00,0.988635,0.988635,0.988605,0.98872,230
2026-05-26T08:45:00+00:00,0.98864,0.988625,0.988575,0.98868,265
2026-05-26T08:46:00+00:00,0.98862,0.988705,0.988615,0.988725,167
2026-05-26T08:47:00+00:00,0.988695,0.988695,0.98868,0.98874,122
2026-05-26T08:48:00+00:00,0.9887,0.98866,0.98857,0.9887,193
2026-05-26T08:49:00+00:00,0.988665,0.988575,0.988575,0.988675,118
2026-05-26T08:50:00+00:00,0.98857,0.988555,0.988425,0.98857,150
2026-05-26T08:51:00+00:00,0.988545,0.988575,0.988525,0.9886,149
2026-05-26T08:52:00+00:00,0.98858,0.98857,0.98857,0.98869,155
2026-05-26T08:53:00+00:00,0.988565,0.98877,0.988565,0.988775,175
2026-05-26T08:54:00+00:00,0.988775,0.988865,0.988765,0.988865,132
2026-05-26T08:55:00+00:00,0.98887,0.98879,0.988775,0.988895,154
2026-05-26T08:56:00+00:00,0.9888,0.98874,0.988725,0.988815,103
2026-05-26T08:57:00+00:00,0.988735,0.988725,0.988705,0.98878,161
2026-05-26T08:58:00+00:00,0.98873,0.98876,0.988715,0.988775,96
2026-05-26T08:59:00+00:00,0.988755,0.98878,0.988705,0.988825,330
2026-05-26T09:00:00+00:00,0.988775,0.98876,0.98866,0.98881,361
2026-05-26T09:01:00+00:00,0.988765,0.988775,0.988675,0.98881,264
2026-05-26T09:02:00+00:00,0.98877,0.98864,0.98861,0.988785,200
2026-05-26T09:03:00+00:00,0.988635,0.988485,0.988455,0.98864,248
2026-05-26T09:04:00+00:00,0.9885,0.98859,0.988475,0.988665,267
2026-05-26T09:05:00+00:00,0.98858,0.988595,0.988485,0.988635,257
2026-05-26T09:06:00+00:00,0.98859,0.98852,0.988515,0.988625,213
2026-05-26T09:07:00+00:00,0.988525,0.98825,0.98825,0.988555,229
2026-05-26T09:08:00+00:00,0.98826,0.98834,0.98826,0.98834,228
2026-05-26T09:09:00+00:00,0.988335,0.98832,0.98828,0.988355,209
2026-05-26T09:10:00+00:00,0.988315,0.988325,0.98828,0.988345,116
2026-05-26T09:11:00+00:00,0.98832,0.98851,0.988305,0.98851,122
2026-05-26T09:12:00+00:00,0.988505,0.988565,0.988465,0.98858,175
2026-05-26T09:13:00+00:00,0.98857,0.988475,0.988445,0.98859,143
2026-05-26T09:14:00+00:00,0.988485,0.98844,0.988415,0.98852,150
2026-05-26T09:15:00+00:00,0.988435,0.98837,0.988355,0.988435,177
2026-05-26T09:16:00+00:00,0.98838,0.988505,0.98836,0.988515,178
2026-05-26T09:17:00+00:00,0.988515,0.98858,0.988505,0.98871,528
2026-05-26T09:18:00+00:00,0.988585,0.98856,0.988535,0.988655,244
2026-05-26T09:19:00+00:00,0.988555,0.98857,0.98854,0.988685,231
2026-05-26T09:20:00+00:00,0.98858,0.988655,0.988535,0.988685,263
2026-05-26T09:21:00+00:00,0.98866,0.988705,0.988645,0.988715,204
2026-05-26T09:22:00+00:00,0.98871,0.988565,0.988555,0.98872,191
2026-05-26T09:23:00+00:00,0.988565,0.98843,0.98838,0.988565,268
2026-05-26T09:24:00+00:00,0.98843,0.988535,0.98843,0.98858,147
2026-05-26T09:25:00+00:00,0.98854,0.988495,0.988465,0.98854,206
2026-05-26T09:26:00+00:00,0.98849,0.9886,0.988485,0.988625,167
2026-05-26T09:27:00+00:00,0.988605,0.98867,0.98857,0.988675,183
2026-05-26T09:28:00+00:00,0.98867,0.9886,0.988515,0.988685,191
2026-05-26T09:29:00+00:00,0.988605,0.988765,0.988575,0.988795,231
2026-05-26T09:30:00+00:00,0.98876,0.98879,0.98873,0.988945,264
2026-05-26T09:31:00+00:00,0.988795,0.988835,0.98877,0.988855,115
2026-05-26T09:32:00+00:00,0.98884,0.98881,0.98874,0.988855,280
2026-05-26T09:33:00+00:00,0.988815,0.988915,0.988815,0.988965,153
2026-05-26T09:34:00+00:00,0.988925,0.9889,0.988885,0.98897,174
2026-05-26T09:35:00+00:00,0.9889,0.988815,0.98881,0.98892,163
2026-05-26T09:36:00+00:00,0.98881,0.98881,0.988755,0.98883,121
2026-05-26T09:37:00+00:00,0.988805,0.988755,0.988745,0.98883,111
2026-05-26T09:38:00+00:00,0.98875,0.988785,0.988715,0.9888,114
2026-05-26T09:39:00+00:00,0.988785,0.988775,0.988745,0.988815,90
2026-05-26T09:40:00+00:00,0.98879,0.988705,0.988705,0.98883,157
2026-05-26T09:41:00+00:00,0.98871,0.988745,0.98865,0.988755,168
2026-05-26T09:42:00+00:00,0.98874,0.98864,0.988605,0.988745,167
2026-05-26T09:43:00+00:00,0.988645,0.9886,0.988575,0.988655,117
2026-05-26T09:44:00+00:00,0.988595,0.988465,0.988435,0.988595,240
2026-05-26T09:45:00+00:00,0.988465,0.988485,0.988445,0.988535,149
2026-05-26T09:46:00+00:00,0.988485,0.98848,0.98844,0.988515,119
2026-05-26T09:47:00+00:00,0.98848,0.98849,0.98847,0.98852,79
2026-05-26T09:48:00+00:00,0.988485,0.98857,0.988485,0.98858,124
2026-05-26T09:49:00+00:00,0.988575,0.988685,0.988575,0.988705,90
2026-05-26T09:50:00+00:00,0.98868,0.98871,0.98863,0.988775,189
2026-05-26T09:51:00+00:00,0.988715,0.988595,0.988575,0.988725,182
2026-05-26T09:52:00+00:00,0.988595,0.988525,0.988495,0.98862,104
2026-05-26T09:53:00+00:00,0.98853,0.988485,0.98848,0.98856,130
2026-05-26T09:54:00+00:00,0.98849,0.98853,0.98843,0.988535,170
2026-05-26T09:55:00+00:00,0.988525,0.988675,0.988525,0.9887,193
2026-05-26T09:56:00+00:00,0.98868,0.988725,0.988675,0.988745,101
2026-05-26T09:57:00+00:00,0.98872,0.988635,0.988615,0.988735,160
2026-05-26T09:58:00+00:00,0.98863,0.98857,0.98856,0.988635,169
2026-05-26T09:59:00+00:00,0.988575,0.988565,0.98855,0.988615,122
2026-05-26T10:00:00+00:00,0.988575,0.98868,0.98849,0.988705,275
2026-05-26T10:01:00+00:00,0.988675,0.988625,0.98857,0.988675,194
2026-05-26T10:02:00+00:00,0.988635,0.988535,0.988525,0.988635,148
2026-05-26T10:03:00+00:00,0.988535,0.988545,0.988525,0.98861,142
2026-05-26T10:04:00+00:00,0.98855,0.988445,0.98844,0.988575,142
2026-05-26T10:05:00+00:00,0.98844,0.9884,0.98833,0.988455,199
2026-05-26T10:06:00+00:00,0.9884,0.9884,0.98837,0.988405,119
2026-05-26T10:07:00+00:00,0.9884,0.98845,0.988345,0.988455,150
2026-05-26T10:08:00+00:00,0.988455,0.988475,0.98845,0.988495,99
2026-05-26T10:09:00+00:00,0.988475,0.988445,0.9884,0.98848,101
2026-05-26T10:10:00+00:00,0.988435,0.988575,0.98843,0.988585,162
2026-05-26T10:11:00+00:00,0.98857,0.98854,0.9885,0.98857,129
2026-05-26T10:12:00+00:00,0.98854,0.988605,0.98854,0.98862,134
2026-05-26T10:13:00+00:00,0.988605,0.988565,0.98854,0.988625,117
2026-05-26T10:14:00+00:00,0.98857,0.988575,0.988535,0.98862,116
2026-05-26T10:15:00+00:00,0.98857,0.98857,0.988565,0.988655,120
2026-05-26T10:16:00+00:00,0.98857,0.98858,0.98852,0.98859,110
2026-05-26T10:17:00+00:00,0.98859,0.988565,0.988525,0.988595,91
2026-05-26T10:18:00+00:00,0.988555,0.988605,0.98851,0.988615,82
2026-05-26T10:19:00+00:00,0.988615,0.988635,0.98859,0.98865,116
2026-05-26T10:20:00+00:00,0.988645,0.988665,0.988645,0.98873,138
2026-05-26T10:21:00+00:00,0.98867,0.98873,0.988665,0.98874,81
2026-05-26T10:22:00+00:00,0.988725,0.988675,0.988625,0.98873,142
2026-05-26T10:23:00+00:00,0.98868,0.988625,0.988625,0.988715,119
2026-05-26T10:24:00+00:00,0.988615,0.988615,0.988615,0.988735,133
2026-05-26T10:25:00+00:00,0.98861,0.988685,0.988605,0.98871,165
2026-05-26T10:26:00+00:00,0.98869,0.988785,0.988675,0.988785,96
2026-05-26T10:27:00+00:00,0.988775,0.98883,0.988775,0.988875,97
2026-05-26T10:28:00+00:00,0.988825,0.98893,0.988825,0.989055,326
2026-05-26T10:29:00+00:00,0.98893,0.988885,0.98883,0.988935,211
2026-05-26T10:30:00+00:00,0.98889,0.98913,0.988875,0.989215,571
2026-05-26T10:31:00+00:00,0.98914,0.98902,0.988945,0.98917,329
2026-05-26T10:32:00+00:00,0.989025,0.98899,0.988965,0.98907,373
2026-05-26T10:33:00+00:00,0.98898,0.989035,0.98897,0.989055,248
2026-05-26T10:34:00+00:00,0.989035,0.989065,0.989025,0.989085,236
2026-05-26T10:35:00+00:00,0.98906,0.98898,0.988975,0.989235,216
2026-05-26T10:36:00+00:00,0.988985,0.988885,0.988885,0.989,199
2026-05-26T10:37:00+00:00,0.988885,0.988915,0.988875,0.98899,140
2026-05-26T10:38:00+00:00,0.98892,0.988835,0.98883,0.988925,121
2026-05-26T10:39:00+00:00,0.98883,0.98886,0.98881,0.98891,118
2026-05-26T10:40:00+00:00,0.988865,0.98886,0.98882,0.988935,199
2026-05-26T10:41:00+00:00,0.988865,0.98887,0.988835,0.98892,150
2026-05-26T10:42:00+00:00,0.98887,0.98892,0.98883,0.988925,128
2026-05-26T10:43:00+00:00,0.98892,0.98894,0.988905,0.989005,148
2026-05-26T10:44:00+00:00,0.988945,0.989105,0.98894,0.989125,143
2026-05-26T10:45:00+00:00,0.989105,0.98902,0.988975,0.98911,144
2026-05-26T10:46:00+00:00,0.98902,0.98894,0.988935,0.989035,157
2026-05-26T10:47:00+00:00,0.98895,0.98889,0.988875,0.989015,118
2026-05-26T10:48:00+00:00,0.988895,0.9889,0.988885,0.988945,79
2026-05-26T10:49:00+00:00,0.9889,0.98905,0.988875,0.98905,128
2026-05-26T10:50:00+00:00,0.989055,0.989065,0.989045,0.989105,127
2026-05-26T10:51:00+00:00,0.989075,0.989005,0.988935,0.989075,143
2026-05-26T10:52:00+00:00,0.989,0.989105,0.98897,0.989105,274
2026-05-26T10:53:00+00:00,0.989105,0.989075,0.98907,0.989135,178
2026-05-26T10:54:00+00:00,0.989085,0.989025,0.98899,0.989085,173
2026-05-26T10:55:00+00:00,0.98902,0.989055,0.98902,0.98913,204
2026-05-26T10:56:00+00:00,0.98905,0.989005,0.988985,0.98906,164
2026-05-26T10:57:00+00:00,0.988995,0.98899,0.988955,0.989045,200
2026-05-26T10:58:00+00:00,0.988995,0.989095,0.988995,0.9891,148
2026-05-26T10:59:00+00:00,0.989095,0.988845,0.98884,0.989095,190
2026-05-26T11:00:00+00:00,0.98884,0.98885,0.988815,0.988915,214
2026-05-26T11:01:00+00:00,0.98885,0.98885,0.988825,0.988925,189
2026-05-26T11:02:00+00:00,0.988845,0.988805,0.98877,0.98889,170
2026-05-26T11:03:00+00:00,0.9888,0.98896,0.9888,0.988975,197
2026-05-26T11:04:00+00:00,0.988965,0.989075,0.98896,0.98909,223
2026-05-26T11:05:00+00:00,0.989085,0.9891,0.989025,0.98915,175
2026-05-26T11:06:00+00:00,0.989095,0.989165,0.989075,0.98917,155
2026-05-26T11:07:00+00:00,0.98916,0.989225,0.98915,0.989245,98
2026-05-26T11:08:00+00:00,0.989225,0.989165,0.989145,0.98923,91
2026-05-26T11:09:00+00:00,0.989165,0.98917,0.98913,0.989205,124
2026-05-26T11:10:00+00:00,0.989175,0.989225,0.98913,0.989235,98
2026-05-26T11:11:00+00:00,0.989225,0.989255,0.989215,0.989315,122
2026-05-26T11:12:00+00:00,0.989255,0.98934,0.98922,0.98936,95
2026-05-26T11:13:00+00:00,0.989325,0.989265,0.989225,0.98935,96
2026-05-26T11:14:00+00:00,0.989265,0.989265,0.989255,0.989325,91
2026-05-26T11:15:00+00:00,0.989275,0.989245,0.989195,0.989315,191
2026-05-26T11:16:00+00:00,0.989245,0.98932,0.98922,0.98932,83
2026-05-26T11:17:00+00:00,0.989315,0.98942,0.98927,0.989455,184
2026-05-26T11:18:00+00:00,0.989415,0.989295,0.989295,0.98942,179
2026-05-26T11:19:00+00:00,0.9893,0.989345,0.98927,0.98937,176
2026-05-26T11:20:00+00:00,0.98935,0.989345,0.989295,0.98939,210
2026-05-26T11:21:00+00:00,0.98934,0.98931,0.989275,0.989355,137
2026-05-26T11:22:00+00:00,0.989305,0.989395,0.989295,0.989395,129
2026-05-26T11:23:00+00:00,0.9894,0.989395,0.98937,0.989435,122
2026-05-26T11:24:00+00:00,0.9894,0.989445,0.98939,0.989485,96
2026-05-26T11:25:00+00:00,0.98944,0.98944,0.98943,0.98948,128
2026-05-26T11:26:00+00:00,0.989445,0.98935,0.98932,0.989495,172
2026-05-26T11:27:00+00:00,0.989345,0.989315,0.98929,0.989385,136
2026-05-26T11:28:00+00:00,0.989315,0.989405,0.989315,0.989415,98
2026-05-26T11:29:00+00:00,0.989405,0.989405,0.989385,0.989425,129
2026-05-26T11:30:00+00:00,0.9894,0.989435,0.98934,0.989455,126
2026-05-26T11:31:00+00:00,0.98944,0.989385,0.989385,0.98947,110
2026-05-26T11:32:00+00:00,0.98939,0.98956,0.989385,0.98958,172
2026-05-26T11:33:00+00:00,0.98957,0.98951,0.98948,0.98958,175
2026-05-26T11:34:00+00:00,0.989505,0.989115,0.989,0.989505,748
2026-05-26T11:35:00+00:00,0.98911,0.988795,0.98877,0.989225,568
2026-05-26T11:36:00+00:00,0.9888,0.988885,0.98872,0.988955,679
2026-05-26T11:37:00+00:00,0.98888,0.989,0.988815,0.989045,338
2026-05-26T11:38:00+00:00,0.989,0.989085,0.988985,0.9891,187
2026-05-26T11:39:00+00:00,0.98909,0.989155,0.989085,0.98921,249
2026-05-26T11:40:00+00:00,0.98916,0.989135,0.98909,0.98922,274
2026-05-26T11:41:00+00:00,0.98914,0.989185,0.98913,0.98922,215
2026-05-26T11:42:00+00:00,0.98919,0.98909,0.989065,0.9892,201
2026-05-26T11:43:00+00:00,0.989095,0.989285,0.989075,0.989285,204
2026-05-26T11:44:00+00:00,0.98928,0.989265,0.98921,0.98929,137
2026-05-26T11:45:00+00:00,0.98927,0.989145,0.989095,0.98929,321
2026-05-26T11:46:00+00:00,0.98915,0.98931,0.989125,0.98932,153
2026-05-26T11:47:00+00:00,0.989315,0.9894,0.98931,0.989405,133
2026-05-26T11:48:00+00:00,0.989405,0.989355,0.989275,0.98941,172
2026-05-26T11:49:00+00:00,0.98935,0.98929,0.98929,0.98937,114
2026-05-26T11:50:00+00:00,0.98928,0.989455,0.98925,0.989495,161
2026-05-26T11:51:00+00:00,0.989455,0.989375,0.989375,0.98952,97
2026-05-26T11:52:00+00:00,0.98938,0.989515,0.98937,0.989515,161
2026-05-26T11:53:00+00:00,0.989515,0.98949,0.98948,0.989545,116
2026-05-26T11:54:00+00:00,0.98949,0.98934,0.98932,0.98949,181
2026-05-26T11:55:00+00:00,0.989345,0.989405,0.989335,0.989425,175
2026-05-26T11:56:00+00:00,0.9894,0.989625,0.989375,0.989625,233
2026-05-26T11:57:00+00:00,0.989625,0.989505,0.9895,0.989625,185
2026-05-26T11:58:00+00:00,0.98952,0.98954,0.98948,0.98958,206
2026-05-26T11:59:00+00:00,0.989535,0.989525,0.98948,0.98954,193
2026-05-26T12:00:00+00:00,0.98952,0.98942,0.989375,0.989545,305
2026-05-26T12:01:00+00:00,0.98941,0.98954,0.989385,0.989575,167
2026-05-26T12:02:00+00:00,0.98955,0.989625,0.989525,0.98963,165
2026-05-26T12:03:00+00:00,0.989625,0.9896,0.98959,0.98963,112
2026-05-26T12:04:00+00:00,0.989595,0.989545,0.98951,0.9896,161
2026-05-26T12:05:00+00:00,0.98956,0.98964,0.98956,0.989725,123
2026-05-26T12:06:00+00:00,0.989635,0.989715,0.989635,0.989765,177
2026-05-26T12:07:00+00:00,0.989725,0.98962,0.989585,0.989725,118
2026-05-26T12:08:00+00:00,0.989615,0.989405,0.989335,0.989625,406
2026-05-26T12:09:00+00:00,0.989415,0.98969,0.98933,0.989715,460
2026-05-26T12:10:00+00:00,0.98968,0.989655,0.989525,0.98971,372
2026-05-26T12:11:00+00:00,0.989645,0.98964,0.989615,0.989685,185
2026-05-26T12:12:00+00:00,0.989645,0.989825,0.989645,0.98985,215
2026-05-26T12:13:00+00:00,0.98982,0.989715,0.989705,0.989835,163
2026-05-26T12:14:00+00:00,0.989715,0.98958,0.989575,0.989715,356
2026-05-26T12:15:00+00:00,0.98958,0.989695,0.989565,0.989705,223
2026-05-26T12:16:00+00:00,0.9897,0.98968,0.98962,0.98976,274
2026-05-26T12:17:00+00:00,0.989675,0.98964,0.989615,0.98969,304
2026-05-26T12:18:00+00:00,0.989635,0.989625,0.98957,0.989635,197
2026-05-26T12:19:00+00:00,0.98963,0.98974,0.98962,0.989775,212
2026-05-26T12:20:00+00:00,0.989745,0.98986,0.989745,0.98991,210
2026-05-26T12:21:00+00:00,0.98986,0.98992,0.98986,0.989945,134
2026-05-26T12:22:00+00:00,0.989925,0.990095,0.98989,0.9901,226
2026-05-26T12:23:00+00:00,0.9901,0.990065,0.98998,0.99012,210
2026-05-26T12:24:00+00:00,0.990065,0.99006,0.99002,0.9901,211
2026-05-26T12:25:00+00:00,0.990065,0.990165,0.990045,0.990185,215
2026-05-26T12:26:00+00:00,0.99017,0.99007,0.99003,0.990175,168
2026-05-26T12:27:00+00:00,0.990065,0.990145,0.990065,0.9902,118
2026-05-26T12:28:00+00:00,0.990145,0.99026,0.990145,0.990265,105
2026-05-26T12:29:00+00:00,0.99026,0.990285,0.990255,0.9903,95
2026-05-26T12:30:00+00:00,0.99028,0.990165,0.990145,0.990285,111
2026-05-26T12:31:00+00:00,0.99016,0.99019,0.990115,0.990235,128
2026-05-26T12:32:00+00:00,0.990195,0.99023,0.99015,0.990275,126
2026-05-26T12:33:00+00:00,0.99022,0.99021,0.990205,0.99023,101
2026-05-26T12:34:00+00:00,0.990205,0.990305,0.990205,0.99032,133
2026-05-26T12:35:00+00:00,0.9903,0.990145,0.990075,0.9903,167
2026-05-26T12:36:00+00:00,0.990145,0.990175,0.990085,0.99019,105
2026-05-26T12:37:00+00:00,0.99018,0.99018,0.99012,0.99019,167
2026-05-26T12:38:00+00:00,0.990185,0.990165,0.99014,0.99025,149
2026-05-26T12:39:00+00:00,0.990155,0.990165,0.99015,0.99025,198
2026-05-26T12:40:00+00:00,0.990165,0.99035,0.990165,0.990375,219
2026-05-26T12:41:00+00:00,0.990345,0.990415,0.990295,0.99043,149
2026-05-26T12:42:00+00:00,0.99042,0.99057,0.990415,0.9906,183
2026-05-26T12:43:00+00:00,0.990575,0.990605,0.990545,0.990645,251
2026-05-26T12:44:00+00:00,0.9906,0.990465,0.990455,0.990605,252
2026-05-26T12:45:00+00:00,0.99047,0.99039,0.990335,0.99047,194
2026-05-26T12:46:00+00:00,0.990395,0.99039,0.990335,0.99043,231
2026-05-26T12:47:00+00:00,0.99038,0.990325,0.99032,0.99044,131
2026-05-26T12:48:00+00:00,0.990325,0.99041,0.990325,0.99042,111
2026-05-26T12:49:00+00:00,0.990415,0.99048,0.990415,0.9905,186
2026-05-26T12:50:00+00:00,0.990485,0.99052,0.990475,0.99056,204
2026-05-26T12:51:00+00:00,0.990525,0.990625,0.990525,0.990655,178
2026-05-26T12:52:00+00:00,0.990625,0.99046,0.99043,0.99064,192
2026-05-26T12:53:00+00:00,0.990455,0.990455,0.990455,0.99053,131
2026-05-26T12:54:00+00:00,0.99046,0.990455,0.9904,0.99047,178
2026-05-26T12:55:00+00:00,0.99045,0.990425,0.99036,0.990475,245
2026-05-26T12:56:00+00:00,0.990425,0.99044,0.9904,0.990475,170
2026-05-26T12:57:00+00:00,0.99043,0.99055,0.99042,0.99057,133
2026-05-26T12:58:00+00:00,0.990555,0.990545,0.990375,0.990575,161
2026-05-26T12:59:00+00:00,0.99055,0.99046,0.99046,0.99056,122
2026-05-26T13:00:00+00:00,0.99045,0.99048,0.99036,0.990535,141
2026-05-26T13:01:00+00:00,0.990475,0.990485,0.990455,0.990525,153
2026-05-26T13:02:00+00:00,0.990485,0.99043,0.990395,0.99055,272
2026-05-26T13:03:00+00:00,0.990425,0.9905,0.990425,0.99056,192
2026-05-26T13:04:00+00:00,0.990495,0.99047,0.990465,0.99055,206
2026-05-26T13:05:00+00:00,0.990475,0.990455,0.990405,0.990485,237
2026-05-26T13:06:00+00:00,0.990455,0.990575,0.990425,0.990575,203
2026-05-26T13:07:00+00:00,0.990565,0.990565,0.990475,0.99059,203
2026-05-26T13:08:00+00:00,0.990575,0.990675,0.990545,0.990675,194
2026-05-26T13:09:00+00:00,0.990675,0.99073,0.99062,0.99075,188
2026-05-26T13:10:00+00:00,0.99072,0.990685,0.99062,0.99072,171
2026-05-26T13:11:00+00:00,0.990675,0.99066,0.99055,0.990685,261
2026-05-26T13:12:00+00:00,0.990665,0.99057,0.990505,0.990665,173
2026-05-26T13:13:00+00:00,0.990575,0.99053,0.990515,0.99061,145
2026-05-26T13:14:00+00:00,0.99054,0.99062,0.99053,0.990635,176
2026-05-26T13:15:00+00:00,0.99061,0.99056,0.990485,0.99061,208
2026-05-26T13:16:00+00:00,0.99057,0.990525,0.99051,0.99058,214
2026-05-26T13:17:00+00:00,0.99053,0.990605,0.99053,0.99063,213
2026-05-26T13:18:00+00:00,0.99061,0.990685,0.99061,0.990695,174
2026-05-26T13:19:00+00:00,0.990675,0.990665,0.99063,0.99072,204
2026-05-26T13:20:00+00:00,0.99066,0.99087,0.990635,0.990875,212
2026-05-26T13:21:00+00:00,0.990875,0.99098,0.990855,0.991025,205
2026-05-26T13:22:00+00:00,0.990975,0.99109,0.99096,0.99109,207
2026-05-26T13:23:00+00:00,0.99108,0.99112,0.99107,0.991165,143
2026-05-26T13:24:00+00:00,0.991115,0.991125,0.99107,0.991175,176
2026-05-26T13:25:00+00:00,0.991135,0.990995,0.990985,0.991145,236
2026-05-26T13:26:00+00:00,0.99099,0.99087,0.990855,0.99099,162
2026-05-26T13:27:00+00:00,0.99087,0.990875,0.99075,0.99088,104
2026-05-26T13:28:00+00:00,0.990865,0.990695,0.99065,0.990865,326
2026-05-26T13:29:00+00:00,0.9907,0.990675,0.990585,0.99075,257
2026-05-26T13:30:00+00:00,0.99068,0.990825,0.99068,0.990975,509
2026-05-26T13:31:00+00:00,0.99083,0.99059,0.99057,0.990835,341
2026-05-26T13:32:00+00:00,0.990595,0.990505,0.990475,0.990675,252
2026-05-26T13:33:00+00:00,0.9905,0.990325,0.99031,0.990545,310
2026-05-26T13:34:00+00:00,0.990315,0.990305,0.9903,0.990435,261
2026-05-26T13:35:00+00:00,0.9903,0.99008,0.99004,0.9903,321
2026-05-26T13:36:00+00:00,0.990085,0.99013,0.99005,0.99016,252
2026-05-26T13:37:00+00:00,0.990135,0.99032,0.99013,0.990365,346
2026-05-26T13:38:00+00:00,0.990315,0.9902,0.990175,0.99036,369
2026-05-26T13:39:00+00:00,0.990195,0.990185,0.99011,0.990255,365
2026-05-26T13:40:00+00:00,0.99021,0.99031,0.99016,0.990385,424
2026-05-26T13:41:00+00:00,0.99029,0.99025,0.99025,0.990435,322
2026-05-26T13:42:00+00:00,0.990245,0.990265,0.99018,0.990285,299
2026-05-26T13:43:00+00:00,0.99027,0.99037,0.990255,0.990455,345
2026-05-26T13:44:00+00:00,0.990365,0.99027,0.990225,0.99041,384
2026-05-26T13:45:00+00:00,0.990275,0.990375,0.99027,0.990425,386
2026-05-26T13:46:00+00:00,0.990365,0.990675,0.990325,0.99068,401
2026-05-26T13:47:00+00:00,0.990675,0.990495,0.990385,0.99072,350
2026-05-26T13:48:00+00:00,0.990485,0.990425,0.990395,0.99055,326
2026-05-26T13:49:00+00:00,0.99042,0.9905,0.990415,0.99057,252
2026-05-26T13:50:00+00:00,0.990505,0.990135,0.990105,0.99056,488
2026-05-26T13:51:00+00:00,0.99014,0.989975,0.989855,0.99015,556
2026-05-26T13:52:00+00:00,0.98997,0.990005,0.989905,0.99016,414
2026-05-26T13:53:00+00:00,0.99,0.989385,0.98924,0.99,861
2026-05-26T13:54:00+00:00,0.98938,0.98957,0.989345,0.9896,496
2026-05-26T13:55:00+00:00,0.989555,0.98972,0.989485,0.989725,522
2026-05-26T13:56:00+00:00,0.98971,0.989815,0.989675,0.98985,227
2026-05-26T13:57:00+00:00,0.989815,0.989795,0.989795,0.989925,319
2026-05-26T13:58:00+00:00,0.98979,0.989785,0.989785,0.989885,183
2026-05-26T13:59:00+00:00,0.98979,0.98973,0.989715,0.989805,237
2026-05-26T14:00:00+00:00,0.989725,0.989615,0.98947,0.98983,344
2026-05-26T14:01:00+00:00,0.98962,0.989795,0.989615,0.98987,360
2026-05-26T14:02:00+00:00,0.98979,0.98987,0.98979,0.98996,320
2026-05-26T14:03:00+00:00,0.989865,0.990075,0.989805,0.990085,478
2026-05-26T14:04:00+00:00,0.99007,0.989925,0.989865,0.990075,279
2026-05-26T14:05:00+00:00,0.989925,0.98974,0.989705,0.989925,270
2026-05-26T14:06:00+00:00,0.98975,0.989675,0.989595,0.989775,264
2026-05-26T14:07:00+00:00,0.98968,0.989715,0.989655,0.989825,283
2026-05-26T14:08:00+00:00,0.98971,0.989795,0.989675,0.9898,303
2026-05-26T14:09:00+00:00,0.98979,0.98965,0.989605,0.989835,367
2026-05-26T14:10:00+00:00,0.989655,0.98974,0.989605,0.98984,285
2026-05-26T14:11:00+00:00,0.989745,0.989515,0.989515,0.989765,224
2026-05-26T14:12:00+00:00,0.989515,0.989485,0.989475,0.98958,137
2026-05-26T14:13:00+00:00,0.98949,0.98961,0.989465,0.989695,353
2026-05-26T14:14:00+00:00,0.989605,0.98969,0.989565,0.9897,251
2026-05-26T14:15:00+00:00,0.989675,0.98959,0.989575,0.9897,330
2026-05-26T14:16:00+00:00,0.989595,0.989575,0.989575,0.9897,256
2026-05-26T14:17:00+00:00,0.98957,0.9896,0.989525,0.989685,326
2026-05-26T14:18:00+00:00,0.98961,0.98959,0.989555,0.98963,197
2026-05-26T14:19:00+00:00,0.989595,0.989475,0.989445,0.989605,218
2026-05-26T14:20:00+00:00,0.98947,0.98952,0.989425,0.989585,187
2026-05-26T14:21:00+00:00,0.98951,0.98962,0.98951,0.98963,205
2026-05-26T14:22:00+00:00,0.989605,0.989705,0.989585,0.98991,304
2026-05-26T14:23:00+00:00,0.989715,0.989565,0.98949,0.989765,344
2026-05-26T14:24:00+00:00,0.98956,0.98973,0.98955,0.989745,328
2026-05-26T14:25:00+00:00,0.989725,0.98977,0.98971,0.989805,277
2026-05-26T14:26:00+00:00,0.989765,0.989495,0.98943,0.98977,297
2026-05-26T14:27:00+00:00,0.989505,0.989485,0.98945,0.989545,193
2026-05-26T14:28:00+00:00,0.989485,0.989365,0.989335,0.989535,212
2026-05-26T14:29:00+00:00,0.98937,0.989475,0.98932,0.98949,221
2026-05-26T14:30:00+00:00,0.98946,0.98943,0.989365,0.98949,261
2026-05-26T14:31:00+00:00,0.989435,0.989465,0.9894,0.98953,277
2026-05-26T14:32:00+00:00,0.98947,0.989515,0.98941,0.989605,375
2026-05-26T14:33:00+00:00,0.98951,0.98931,0.989185,0.989515,374
2026-05-26T14:34:00+00:00,0.989305,0.98944,0.98929,0.98945,246
2026-05-26T14:35:00+00:00,0.98945,0.989825,0.989445,0.989875,389
2026-05-26T14:36:00+00:00,0.98982,0.98967,0.98962,0.989895,366
2026-05-26T14:37:00+00:00,0.98966,0.989675,0.98949,0.989725,358
2026-05-26T14:38:00+00:00,0.98967,0.989575,0.98957,0.989675,245
2026-05-26T14:39:00+00:00,0.989565,0.989425,0.98941,0.98959,255
2026-05-26T14:40:00+00:00,0.989425,0.98961,0.98942,0.989625,298
2026-05-26T14:41:00+00:00,0.9896,0.989475,0.98942,0.989625,157
2026-05-26T14:42:00+00:00,0.98947,0.989675,0.989455,0.989755,252
2026-05-26T14:43:00+00:00,0.98966,0.989365,0.989365,0.98966,244
2026-05-26T14:44:00+00:00,0.989375,0.989475,0.98917,0.989475,277
2026-05-26T14:45:00+00:00,0.98948,0.989405,0.9893,0.98949,317
2026-05-26T14:46:00+00:00,0.9894,0.989405,0.989275,0.989425,344
2026-05-26T14:47:00+00:00,0.989415,0.989295,0.98929,0.9895,249
2026-05-26T14:48:00+00:00,0.98929,0.989305,0.989175,0.989365,398
2026-05-26T14:49:00+00:00,0.98931,0.989295,0.989275,0.989385,320
2026-05-26T14:50:00+00:00,0.9893,0.989375,0.989275,0.9894,241
2026-05-26T14:51:00+00:00,0.98937,0.989305,0.989265,0.98938,229
2026-05-26T14:52:00+00:00,0.989315,0.989355,0.98926,0.989395,265
2026-05-26T14:53:00+00:00,0.989345,0.98933,0.98931,0.989415,259
2026-05-26T14:54:00+00:00,0.989335,0.98941,0.98931,0.989415,221
2026-05-26T14:55:00+00:00,0.989405,0.989725,0.98938,0.989825,516
2026-05-26T14:56:00+00:00,0.98972,0.98943,0.989375,0.989735,498
2026-05-26T14:57:00+00:00,0.989435,0.989525,0.989335,0.989525,550
2026-05-26T14:58:00+00:00,0.98953,0.989615,0.989495,0.989635,374
2026-05-26T14:59:00+00:00,0.989605,0.989625,0.989575,0.989705,340
2026-05-26T15:00:00+00:00,0.98961,0.989675,0.989475,0.98968,306
2026-05-26T15:01:00+00:00,0.98968,0.989575,0.98953,0.98973,310
2026-05-26T15:02:00+00:00,0.98958,0.989625,0.989515,0.989685,381
2026-05-26T15:03:00+00:00,0.989615,0.9895,0.98939,0.989625,490
2026-05-26T15:04:00+00:00,0.989495,0.98942,0.989355,0.989495,237
2026-05-26T15:05:00+00:00,0.98942,0.989475,0.98933,0.989525,280
2026-05-26T15:06:00+00:00,0.98947,0.989595,0.98934,0.989605,345
2026-05-26T15:07:00+00:00,0.98959,0.989615,0.98955,0.989635,304
2026-05-26T15:08:00+00:00,0.98961,0.98958,0.989545,0.989695,313
2026-05-26T15:09:00+00:00,0.989575,0.98952,0.98952,0.989585,237
2026-05-26T15:10:00+00:00,0.98951,0.98951,0.98949,0.98961,190
2026-05-26T15:11:00+00:00,0.9895,0.98953,0.9895,0.989575,230
2026-05-26T15:12:00+00:00,0.989535,0.989755,0.989535,0.989755,126
2026-05-26T15:13:00+00:00,0.989765,0.989755,0.989635,0.989815,219
2026-05-26T15:14:00+00:00,0.989765,0.98972,0.989695,0.989795,236
2026-05-26T15:15:00+00:00,0.989715,0.98974,0.989655,0.98978,208
2026-05-26T15:16:00+00:00,0.989735,0.98955,0.989535,0.98976,180
2026-05-26T15:17:00+00:00,0.989545,0.98941,0.98938,0.989575,314
2026-05-26T15:18:00+00:00,0.989405,0.989455,0.98934,0.98949,316
2026-05-26T15:19:00+00:00,0.989445,0.989325,0.989285,0.98955,337
2026-05-26T15:20:00+00:00,0.98932,0.98924,0.989205,0.989375,292
2026-05-26T15:21:00+00:00,0.989245,0.98933,0.989245,0.989355,197
2026-05-26T15:22:00+00:00,0.989335,0.98927,0.98926,0.989355,208
2026-05-26T15:23:00+00:00,0.98928,0.98928,0.989235,0.989295,177
2026-05-26T15:24:00+00:00,0.989285,0.989245,0.989235,0.98934,237
2026-05-26T15:25:00+00:00,0.98924,0.98925,0.989235,0.98932,206
2026-05-26T15:26:00+00:00,0.989245,0.98926,0.98923,0.989365,229
2026-05-26T15:27:00+00:00,0.989265,0.989115,0.989075,0.989275,220
2026-05-26T15:28:00+00:00,0.98911,0.989105,0.9891,0.989265,267
2026-05-26T15:29:00+00:00,0.98912,0.989005,0.988975,0.989145,278
2026-05-26T15:30:00+00:00,0.98902,0.98905,0.988975,0.989125,402
2026-05-26T15:31:00+00:00,0.989045,0.98899,0.98898,0.989125,229
2026-05-26T15:32:00+00:00,0.98898,0.989075,0.988965,0.98917,274
2026-05-26T15:33:00+00:00,0.98907,0.989105,0.98907,0.989205,191
2026-05-26T15:34:00+00:00,0.98911,0.989025,0.98902,0.989155,294
2026-05-26T15:35:00+00:00,0.989015,0.988935,0.98892,0.989035,238
2026-05-26T15:36:00+00:00,0.988925,0.988675,0.988675,0.98897,332
2026-05-26T15:37:00+00:00,0.98867,0.988615,0.98853,0.98873,376
2026-05-26T15:38:00+00:00,0.988605,0.98863,0.988535,0.98865,337
2026-05-26T15:39:00+00:00,0.988625,0.98875,0.988595,0.988785,235
2026-05-26T15:40:00+00:00,0.988745,0.988625,0.9886,0.98879,213
2026-05-26T15:41:00+00:00,0.98863,0.98868,0.98863,0.988725,238
2026-05-26T15:42:00+00:00,0.988685,0.98876,0.988675,0.988795,289
2026-05-26T15:43:00+00:00,0.98877,0.98872,0.988695,0.98877,220
2026-05-26T15:44:00+00:00,0.988715,0.98862,0.98858,0.988725,211
2026-05-26T15:45:00+00:00,0.988625,0.98868,0.988535,0.9887,293
2026-05-26T15:46:00+00:00,0.988675,0.9886,0.98853,0.988675,247
2026-05-26T15:47:00+00:00,0.988595,0.988625,0.988575,0.98866,196
2026-05-26T15:48:00+00:00,0.988635,0.988585,0.98857,0.988665,220
2026-05-26T15:49:00+00:00,0.98858,0.988485,0.98846,0.988605,195
2026-05-26T15:50:00+00:00,0.98849,0.988575,0.988475,0.988585,305
2026-05-26T15:51:00+00:00,0.988565,0.988515,0.988475,0.988605,293
2026-05-26T15:52:00+00:00,0.98851,0.988555,0.988465,0.98857,145
2026-05-26T15:53:00+00:00,0.988535,0.98853,0.98852,0.98858,145
2026-05-26T15:54:00+00:00,0.98853,0.988525,0.98843,0.988575,204
2026-05-26T15:55:00+00:00,0.988515,0.988425,0.98842,0.988525,194
2026-05-26T15:56:00+00:00,0.988425,0.988415,0.988355,0.98845,185
2026-05-26T15:57:00+00:00,0.98842,0.988425,0.98837,0.988495,252
2026-05-26T15:58:00+00:00,0.98842,0.988425,0.98836,0.98846,236
2026-05-26T15:59:00+00:00,0.988435,0.988445,0.9884,0.98845,151
2026-05-26T16:00:00+00:00,0.98845,0.988485,0.988425,0.98852,363
2026-05-26T16:01:00+00:00,0.98848,0.98872,0.988475,0.988725,224
2026-05-26T16:02:00+00:00,0.988725,0.988695,0.988635,0.988795,295
2026-05-26T16:03:00+00:00,0.988705,0.98871,0.98863,0.98874,256
2026-05-26T16:04:00+00:00,0.988715,0.988725,0.988705,0.988745,200
2026-05-26T16:05:00+00:00,0.988715,0.988785,0.988705,0.988815,143
2026-05-26T16:06:00+00:00,0.988775,0.988725,0.98869,0.988775,118
2026-05-26T16:07:00+00:00,0.98872,0.988815,0.98872,0.98882,122
2026-05-26T16:08:00+00:00,0.98882,0.988725,0.988695,0.988855,120
2026-05-26T16:09:00+00:00,0.988725,0.988865,0.988725,0.988865,176
2026-05-26T16:10:00+00:00,0.98887,0.98884,0.98881,0.988875,172
2026-05-26T16:11:00+00:00,0.98883,0.988865,0.988825,0.988875,151
2026-05-26T16:12:00+00:00,0.98887,0.98882,0.9888,0.988945,191
2026-05-26T16:13:00+00:00,0.988825,0.988825,0.98881,0.988875,169
2026-05-26T16:14:00+00:00,0.98883,0.988795,0.98879,0.98887,188
2026-05-26T16:15:00+00:00,0.9888,0.988805,0.98879,0.988885,181
2026-05-26T16:16:00+00:00,0.9888,0.988855,0.98876,0.988855,152
2026-05-26T16:17:00+00:00,0.98885,0.98884,0.98882,0.98889,177
2026-05-26T16:18:00+00:00,0.988835,0.988935,0.98882,0.98896,210
2026-05-26T16:19:00+00:00,0.988935,0.98903,0.98893,0.98906,249
2026-05-26T16:20:00+00:00,0.989035,0.989035,0.98901,0.989075,141
2026-05-26T16:21:00+00:00,0.98903,0.98888,0.988855,0.989045,125
2026-05-26T16:22:00+00:00,0.98888,0.988995,0.98888,0.989,133
2026-05-26T16:23:00+00:00,0.988985,0.98903,0.98898,0.989065,152
2026-05-26T16:24:00+00:00,0.989035,0.989105,0.989035,0.98914,123
2026-05-26T16:25:00+00:00,0.9891,0.98905,0.989025,0.98911,242
2026-05-26T16:26:00+00:00,0.98906,0.9891,0.98905,0.98912,154
2026-05-26T16:27:00+00:00,0.9891,0.989085,0.989065,0.98913,247
2026-05-26T16:28:00+00:00,0.989085,0.989205,0.989075,0.989235,212
2026-05-26T16:29:00+00:00,0.989205,0.98922,0.989175,0.989265,246
2026-05-26T16:30:00+00:00,0.989225,0.98931,0.989175,0.989325,153
2026-05-26T16:31:00+00:00,0.98931,0.98929,0.989275,0.98931,117
2026-05-26T16:32:00+00:00,0.989295,0.989385,0.98929,0.98942,202
2026-05-26T16:33:00+00:00,0.98939,0.98944,0.989355,0.98951,522
2026-05-26T16:34:00+00:00,0.989445,0.989395,0.989385,0.98949,223
2026-05-26T16:35:00+00:00,0.989405,0.98941,0.98939,0.98945,208
2026-05-26T16:36:00+00:00,0.989415,0.989305,0.9893,0.98945,334
2026-05-26T16:37:00+00:00,0.98931,0.989145,0.989145,0.98934,213
2026-05-26T16:38:00+00:00,0.989145,0.98929,0.989145,0.98929,128
2026-05-26T16:39:00+00:00,0.989285,0.989245,0.989225,0.989295,203
2026-05-26T16:40:00+00:00,0.989245,0.989225,0.989225,0.98929,168
2026-05-26T16:41:00+00:00,0.989225,0.989175,0.98915,0.989225,179
2026-05-26T16:42:00+00:00,0.989175,0.98905,0.98905,0.98919,152
2026-05-26T16:43:00+00:00,0.989055,0.989035,0.989005,0.98914,242
2026-05-26T16:44:00+00:00,0.98904,0.98891,0.98889,0.989055,264
2026-05-26T16:45:00+00:00,0.988915,0.98879,0.98878,0.98896,291
2026-05-26T16:46:00+00:00,0.988785,0.988805,0.988745,0.988855,225
2026-05-26T16:47:00+00:00,0.988815,0.98881,0.9888,0.988875,156
2026-05-26T16:48:00+00:00,0.9888,0.988665,0.98864,0.98883,245
2026-05-26T16:49:00+00:00,0.988655,0.98869,0.98865,0.988775,221
2026-05-26T16:50:00+00:00,0.988695,0.988905,0.988695,0.988915,173
2026-05-26T16:51:00+00:00,0.988905,0.989015,0.988895,0.989015,229
2026-05-26T16:52:00+00:00,0.989025,0.98919,0.988985,0.98919,237
2026-05-26T16:53:00+00:00,0.98918,0.98913,0.98909,0.98923,250
2026-05-26T16:54:00+00:00,0.98912,0.989175,0.98912,0.989245,172
2026-05-26T16:55:00+00:00,0.98917,0.98921,0.98914,0.989255,302
2026-05-26T16:56:00+00:00,0.98922,0.98923,0.98922,0.98928,165
2026-05-26T16:57:00+00:00,0.989235,0.989155,0.989135,0.98932,191
2026-05-26T16:58:00+00:00,0.98916,0.98922,0.98913,0.98923,187
2026-05-26T16:59:00+00:00,0.989225,0.989305,0.989205,0.98931,165
2026-05-26T17:00:00+00:00,0.98931,0.989275,0.989265,0.98933,146
2026-05-26T17:01:00+00:00,0.989285,0.989405,0.989275,0.98941,252
2026-05-26T17:02:00+00:00,0.98941,0.989405,0.98935,0.98943,201
2026-05-26T17:03:00+00:00,0.98941,0.98947,0.989405,0.98948,87
2026-05-26T17:04:00+00:00,0.989475,0.98939,0.989375,0.98948,140
2026-05-26T17:05:00+00:00,0.989385,0.989375,0.98932,0.989415,139
2026-05-26T17:06:00+00:00,0.98937,0.9894,0.98933,0.98941,130
2026-05-26T17:07:00+00:00,0.989395,0.989305,0.98929,0.98942,161
2026-05-26T17:08:00+00:00,0.98931,0.989255,0.98925,0.98933,130
2026-05-26T17:09:00+00:00,0.989255,0.989265,0.98923,0.989335,168
2026-05-26T17:10:00+00:00,0.989275,0.989305,0.98917,0.989305,144
2026-05-26T17:11:00+00:00,0.98932,0.98927,0.989235,0.98932,148
2026-05-26T17:12:00+00:00,0.989265,0.98924,0.98923,0.9893,222
2026-05-26T17:13:00+00:00,0.989235,0.989275,0.98923,0.9893,206
2026-05-26T17:14:00+00:00,0.989275,0.98923,0.98923,0.989305,125
2026-05-26T17:15:00+00:00,0.989235,0.989245,0.98922,0.98926,137
2026-05-26T17:16:00+00:00,0.98924,0.98927,0.989225,0.98931,87
2026-05-26T17:17:00+00:00,0.98927,0.9892,0.9892,0.9893,175
2026-05-26T17:18:00+00:00,0.9892,0.98919,0.989165,0.989235,149
2026-05-26T17:19:00+00:00,0.989185,0.989195,0.989155,0.98922,78
2026-05-26T17:20:00+00:00,0.989185,0.989235,0.989155,0.98924,159
2026-05-26T17:21:00+00:00,0.989225,0.989265,0.989225,0.989325,220
2026-05-26T17:22:00+00:00,0.989255,0.989225,0.989175,0.98927,197
2026-05-26T17:23:00+00:00,0.98923,0.989275,0.989225,0.98931,188
2026-05-26T17:24:00+00:00,0.98927,0.98927,0.98923,0.98928,153
2026-05-26T17:25:00+00:00,0.98927,0.989225,0.989215,0.98927,149
2026-05-26T17:26:00+00:00,0.989225,0.98929,0.989225,0.98929,160
2026-05-26T17:27:00+00:00,0.98928,0.989435,0.989275,0.98945,74
2026-05-26T17:28:00+00:00,0.989435,0.989385,0.989355,0.989435,135
2026-05-26T17:29:00+00:00,0.9894,0.989345,0.98933,0.9894,148
2026-05-26T17:30:00+00:00,0.98935,0.98936,0.989295,0.989385,198
2026-05-26T17:31:00+00:00,0.98936,0.98958,0.989355,0.989585,218
2026-05-26T17:32:00+00:00,0.989575,0.989635,0.989525,0.989655,191
2026-05-26T17:33:00+00:00,0.989645,0.98956,0.989505,0.98965,210
2026-05-26T17:34:00+00:00,0.989555,0.989585,0.989545,0.989625,165
2026-05-26T17:35:00+00:00,0.989595,0.989625,0.989555,0.98963,166
2026-05-26T17:36:00+00:00,0.98962,0.98957,0.989505,0.989625,178
2026-05-26T17:37:00+00:00,0.989565,0.989575,0.98952,0.989605,170
2026-05-26T17:38:00+00:00,0.989585,0.98962,0.989565,0.989635,143
2026-05-26T17:39:00+00:00,0.989625,0.98957,0.989565,0.989655,159
2026-05-26T17:40:00+00:00,0.98956,0.98945,0.98941,0.98956,188
2026-05-26T17:41:00+00:00,0.989455,0.98952,0.989425,0.989525,250
2026-05-26T17:42:00+00:00,0.98951,0.989475,0.98947,0.98954,124
2026-05-26T17:43:00+00:00,0.989475,0.98948,0.98945,0.989515,106
2026-05-26T17:44:00+00:00,0.989475,0.989435,0.98943,0.9895,88
2026-05-26T17:45:00+00:00,0.98943,0.989495,0.98942,0.989495,147
2026-05-26T17:46:00+00:00,0.989495,0.989425,0.989425,0.989495,115
2026-05-26T17:47:00+00:00,0.989425,0.989525,0.989425,0.98953,134
2026-05-26T17:48:00+00:00,0.98952,0.989545,0.989505,0.98958,129
2026-05-26T17:49:00+00:00,0.989565,0.989615,0.989555,0.98963,141
2026-05-26T17:50:00+00:00,0.98962,0.98958,0.98955,0.989625,131
2026-05-26T17:51:00+00:00,0.989585,0.989685,0.98958,0.989725,144
2026-05-26T17:52:00+00:00,0.989685,0.989675,0.98963,0.989685,172
2026-05-26T17:53:00+00:00,0.989675,0.98972,0.989665,0.989765,130
2026-05-26T17:54:00+00:00,0.989715,0.989675,0.98963,0.98972,72
2026-05-26T17:55:00+00:00,0.98967,0.98968,0.989655,0.989695,90
2026-05-26T17:56:00+00:00,0.989685,0.989675,0.98967,0.989725,153
2026-05-26T17:57:00+00:00,0.989675,0.989685,0.989625,0.989695,147
2026-05-26T17:58:00+00:00,0.98968,0.98967,0.989625,0.98971,160
2026-05-26T17:59:00+00:00,0.989665,0.98966,0.98962,0.98969,109
2026-05-26T18:00:00+00:00,0.989665,0.98965,0.989625,0.989675,141
2026-05-26T18:01:00+00:00,0.989645,0.989635,0.989585,0.989655,169
2026-05-26T18:02:00+00:00,0.989625,0.9895,0.98947,0.989625,137
2026-05-26T18:03:00+00:00,0.989495,0.98954,0.98947,0.98957,242
2026-05-26T18:04:00+00:00,0.989545,0.989625,0.989525,0.989625,188
2026-05-26T18:05:00+00:00,0.98962,0.98959,0.989585,0.989655,187
2026-05-26T18:06:00+00:00,0.989595,0.989605,0.989585,0.98964,242
2026-05-26T18:07:00+00:00,0.98962,0.989625,0.989595,0.98965,148
2026-05-26T18:08:00+00:00,0.98962,0.98969,0.98962,0.98972,141
2026-05-26T18:09:00+00:00,0.989695,0.989725,0.98968,0.98973,168
2026-05-26T18:10:00+00:00,0.98973,0.989805,0.989675,0.989805,105
2026-05-26T18:11:00+00:00,0.98981,0.989865,0.989795,0.98987,114
2026-05-26T18:12:00+00:00,0.98987,0.989825,0.989795,0.98988,155
2026-05-26T18:13:00+00:00,0.989825,0.989875,0.989825,0.9899,275
2026-05-26T18:14:00+00:00,0.989875,0.98983,0.989775,0.989875,146
2026-05-26T18:15:00+00:00,0.989835,0.98981,0.98976,0.98988,127
2026-05-26T18:16:00+00:00,0.989805,0.989735,0.989725,0.98981,94
2026-05-26T18:17:00+00:00,0.989745,0.98991,0.989725,0.989925,160
2026-05-26T18:18:00+00:00,0.989905,0.989975,0.989875,0.98999,176
2026-05-26T18:19:00+00:00,0.989975,0.990005,0.98997,0.99003,98
2026-05-26T18:20:00+00:00,0.99001,0.989975,0.989935,0.99002,160
2026-05-26T18:21:00+00:00,0.989965,0.99002,0.98993,0.99003,112
2026-05-26T18:22:00+00:00,0.99002,0.99,0.989995,0.99008,111
2026-05-26T18:23:00+00:00,0.989995,0.990115,0.98999,0.990115,169
2026-05-26T18:24:00+00:00,0.99011,0.99001,0.989995,0.990135,113
2026-05-26T18:25:00+00:00,0.99002,0.98999,0.98999,0.99005,97
2026-05-26T18:26:00+00:00,0.99,0.99004,0.99,0.990045,66
2026-05-26T18:27:00+00:00,0.990035,0.989985,0.989975,0.99007,94
2026-05-26T18:28:00+00:00,0.98998,0.98996,0.989905,0.990035,201
2026-05-26T18:29:00+00:00,0.98996,0.99002,0.989955,0.99003,75
2026-05-26T18:30:00+00:00,0.990025,0.99015,0.990025,0.99016,86
2026-05-26T18:31:00+00:00,0.990145,0.99025,0.99014,0.9903,176
2026-05-26T18:32:00+00:00,0.990245,0.99016,0.99015,0.990245,205
2026-05-26T18:33:00+00:00,0.990165,0.990185,0.99016,0.990225,106
2026-05-26T18:34:00+00:00,0.990175,0.990225,0.990165,0.99024,144
2026-05-26T18:35:00+00:00,0.990225,0.990175,0.990145,0.990235,162
2026-05-26T18:36:00+00:00,0.99018,0.99009,0.990075,0.990195,155
2026-05-26T18:37:00+00:00,0.990095,0.99008,0.99005,0.990125,131
2026-05-26T18:38:00+00:00,0.990095,0.990105,0.990095,0.99017,82
2026-05-26T18:39:00+00:00,0.9901,0.99017,0.9901,0.990175,71
2026-05-26T18:40:00+00:00,0.990165,0.99009,0.990045,0.99017,120
2026-05-26T18:41:00+00:00,0.990095,0.99009,0.990065,0.990125,113
2026-05-26T18:42:00+00:00,0.990085,0.990075,0.99003,0.990105,162
2026-05-26T18:43:00+00:00,0.990075,0.99008,0.990025,0.990115,95
2026-05-26T18:44:00+00:00,0.9901,0.990125,0.990085,0.990145,89
2026-05-26T18:45:00+00:00,0.990125,0.99016,0.99012,0.990175,77
2026-05-26T18:46:00+00:00,0.99017,0.990105,0.990095,0.99017,73
2026-05-26T18:47:00+00:00,0.990085,0.990065,0.990055,0.990115,82
2026-05-26T18:48:00+00:00,0.99007,0.990095,0.990065,0.990145,88
2026-05-26T18:49:00+00:00,0.9901,0.990125,0.99008,0.99013,46
2026-05-26T18:50:00+00:00,0.990115,0.990175,0.990105,0.99022,104
2026-05-26T18:51:00+00:00,0.990175,0.99027,0.990175,0.990275,91
2026-05-26T18:52:00+00:00,0.990275,0.990225,0.990225,0.990275,84
2026-05-26T18:53:00+00:00,0.990225,0.990175,0.990175,0.99027,101
2026-05-26T18:54:00+00:00,0.99018,0.990145,0.990135,0.9902,74
2026-05-26T18:55:00+00:00,0.99015,0.990105,0.990095,0.99017,107
2026-05-26T18:56:00+00:00,0.99011,0.990025,0.990025,0.99011,75
2026-05-26T18:57:00+00:00,0.990025,0.990195,0.990025,0.990215,215
2026-05-26T18:58:00+00:00,0.99019,0.99018,0.990165,0.99023,168
2026-05-26T18:59:00+00:00,0.990185,0.990085,0.99007,0.990195,140
2026-05-26T19:00:00+00:00,0.99009,0.98998,0.989975,0.99009,168
2026-05-26T19:01:00+00:00,0.989985,0.990045,0.98997,0.990075,123
2026-05-26T19:02:00+00:00,0.99005,0.98996,0.98996,0.99007,63
2026-05-26T19:03:00+00:00,0.989965,0.99005,0.989965,0.990075,64
2026-05-26T19:04:00+00:00,0.99007,0.990055,0.99,0.99008,65
2026-05-26T19:05:00+00:00,0.99007,0.990025,0.99002,0.99009,74
2026-05-26T19:06:00+00:00,0.990025,0.990025,0.989975,0.99004,48
2026-05-26T19:07:00+00:00,0.990025,0.990025,0.98998,0.99004,46
2026-05-26T19:08:00+00:00,0.990025,0.990075,0.990025,0.990075,67
2026-05-26T19:09:00+00:00,0.990075,0.99015,0.990075,0.99015,43
2026-05-26T19:10:00+00:00,0.99015,0.990155,0.99013,0.990175,66
2026-05-26T19:11:00+00:00,0.99015,0.99017,0.99014,0.9902,51
2026-05-26T19:12:00+00:00,0.990165,0.990175,0.990125,0.990195,73
2026-05-26T19:13:00+00:00,0.99018,0.99024,0.99016,0.99024,76
2026-05-26T19:14:00+00:00,0.990235,0.99015,0.990135,0.990235,77
2026-05-26T19:15:00+00:00,0.990145,0.990125,0.99009,0.990155,100
2026-05-26T19:16:00+00:00,0.990125,0.990125,0.990095,0.99014,85
2026-05-26T19:17:00+00:00,0.99013,0.990125,0.99009,0.990155,121
2026-05-26T19:18:00+00:00,0.990125,0.990125,0.9901,0.990135,54
2026-05-26T19:19:00+00:00,0.99012,0.9901,0.990095,0.990125,94
2026-05-26T19:20:00+00:00,0.990105,0.990125,0.990095,0.990135,64
2026-05-26T19:21:00+00:00,0.99012,0.990085,0.990055,0.990125,63
2026-05-26T19:22:00+00:00,0.990075,0.99015,0.990075,0.990175,78
2026-05-26T19:23:00+00:00,0.99015,0.9902,0.99015,0.99022,43
2026-05-26T19:24:00+00:00,0.9902,0.99024,0.990175,0.99024,71
2026-05-26T19:25:00+00:00,0.99023,0.99023,0.990195,0.990265,48
2026-05-26T19:26:00+00:00,0.99023,0.990225,0.99019,0.990265,33
2026-05-26T19:27:00+00:00,0.990225,0.990205,0.99019,0.99025,39
2026-05-26T19:28:00+00:00,0.99021,0.990165,0.990155,0.99021,37
2026-05-26T19:29:00+00:00,0.99016,0.99016,0.99014,0.9902,66
2026-05-26T19:30:00+00:00,0.990155,0.990245,0.990155,0.99025,79
2026-05-26T19:31:00+00:00,0.990245,0.990245,0.99021,0.990245,27
2026-05-26T19:32:00+00:00,0.99025,0.990235,0.99019,0.990255,77
2026-05-26T19:33:00+00:00,0.99023,0.990225,0.990205,0.99024,49
2026-05-26T19:34:00+00:00,0.99023,0.990325,0.99023,0.99034,80
2026-05-26T19:35:00+00:00,0.990315,0.990275,0.990275,0.990325,103
2026-05-26T19:36:00+00:00,0.990275,0.990325,0.990275,0.990335,78
2026-05-26T19:37:00+00:00,0.99033,0.990325,0.99032,0.990335,24
2026-05-26T19:38:00+00:00,0.990325,0.990305,0.990265,0.99033,61
2026-05-26T19:39:00+00:00,0.990305,0.9903,0.99028,0.990325,50
2026-05-26T19:40:00+00:00,0.9903,0.990325,0.990295,0.990345,14
2026-05-26T19:41:00+00:00,0.990325,0.99036,0.990325,0.990375,71
2026-05-26T19:42:00+00:00,0.99037,0.990375,0.990355,0.990375,33
2026-05-26T19:43:00+00:00,0.990365,0.990375,0.99034,0.990375,50
2026-05-26T19:44:00+00:00,0.990375,0.990425,0.990365,0.990425,68
2026-05-26T19:45:00+00:00,0.99042,0.990375,0.990345,0.990425,74
2026-05-26T19:46:00+00:00,0.990385,0.990375,0.990335,0.990385,57
2026-05-26T19:47:00+00:00,0.990375,0.990375,0.990345,0.990375,28
2026-05-26T19:48:00+00:00,0.990375,0.990375,0.99035,0.99038,29
2026-05-26T19:49:00+00:00,0.990375,0.990455,0.990375,0.99047,69
2026-05-26T19:50:00+00:00,0.99046,0.990475,0.99045,0.99052,110
2026-05-26T19:51:00+00:00,0.990475,0.990475,0.99044,0.9905,38
2026-05-26T19:52:00+00:00,0.990475,0.99052,0.990475,0.990535,94
2026-05-26T19:53:00+00:00,0.99052,0.990475,0.99047,0.990525,106
2026-05-26T19:54:00+00:00,0.990475,0.990425,0.99041,0.990475,76
2026-05-26T19:55:00+00:00,0.99043,0.990275,0.990265,0.990435,122
2026-05-26T19:56:00+00:00,0.990265,0.990145,0.990125,0.99028,143
2026-05-26T19:57:00+00:00,0.99014,0.990065,0.990025,0.990205,196
2026-05-26T19:58:00+00:00,0.99006,0.989965,0.98995,0.990075,222
2026-05-26T19:59:00+00:00,0.98997,0.989975,0.98991,0.98998,244
2026-05-26T20:00:00+00:00,0.98997,0.98989,0.989875,0.98998,185
2026-05-26T20:01:00+00:00,0.989885,0.98998,0.989885,0.989985,152
2026-05-26T20:02:00+00:00,0.989975,0.990175,0.989975,0.990185,165
2026-05-26T20:03:00+00:00,0.990175,0.990155,0.990105,0.990175,114
2026-05-26T20:04:00+00:00,0.99015,0.990075,0.99004,0.990155,54
2026-05-26T20:05:00+00:00,0.99008,0.989945,0.989945,0.990125,80
2026-05-26T20:06:00+00:00,0.98994,0.98995,0.989925,0.98997,179
2026-05-26T20:07:00+00:00,0.989945,0.989975,0.989925,0.989975,54
2026-05-26T20:08:00+00:00,0.989975,0.989975,0.989965,0.989975,6
2026-05-26T20:09:00+00:00,0.989975,0.989965,0.98996,0.99003,33
2026-05-26T20:10:00+00:00,0.98997,0.989975,0.98994,0.99,29
2026-05-26T20:11:00+00:00,0.989955,0.99002,0.989955,0.990025,25
2026-05-26T20:12:00+00:00,0.99002,0.98996,0.98996,0.990025,25
2026-05-26T20:13:00+00:00,0.989965,0.990005,0.989965,0.99001,17
2026-05-26T20:14:00+00:00,0.99001,0.99,0.989975,0.990015,25
2026-05-26T20:15:00+00:00,0.99,0.990005,0.989965,0.990015,29
2026-05-26T20:16:00+00:00,0.99,0.989995,0.98999,0.990035,26
2026-05-26T20:17:00+00:00,0.990005,0.99004,0.990005,0.99004,25
2026-05-26T20:18:00+00:00,0.990025,0.990025,0.99002,0.990045,31
2026-05-26T20:19:00+00:00,0.990025,0.990005,0.989985,0.990065,29
2026-05-26T20:20:00+00:00,0.990005,0.989985,0.989975,0.990015,29
2026-05-26T20:21:00+00:00,0.989975,0.98998,0.989955,0.989985,21
2026-05-26T20:22:00+00:00,0.989975,0.990025,0.989975,0.990045,29
2026-05-26T20:23:00+00:00,0.990025,0.990025,0.990025,0.990065,20
2026-05-26T20:24:00+00:00,0.990025,0.990035,0.989975,0.99006,27
2026-05-26T20:25:00+00:00,0.990035,0.990075,0.990035,0.990075,37
2026-05-26T20:26:00+00:00,0.990075,0.990055,0.99003,0.99008,38
2026-05-26T20:27:00+00:00,0.990055,0.990085,0.990055,0.990105,23
2026-05-26T20:28:00+00:00,0.990105,0.990105,0.99008,0.99011,16
2026-05-26T20:29:00+00:00,0.990115,0.990055,0.990055,0.990125,49
2026-05-26T20:30:00+00:00,0.99006,0.990065,0.990055,0.990115,26
2026-05-26T20:31:00+00:00,0.99007,0.99006,0.99006,0.99008,26
2026-05-26T20:32:00+00:00,0.99006,0.99002,0.99002,0.990085,35
2026-05-26T20:33:00+00:00,0.990025,0.99,0.989975,0.990045,28
2026-05-26T20:34:00+00:00,0.99,0.989975,0.989975,0.990005,10
2026-05-26T20:35:00+00:00,0.989975,0.989975,0.98997,0.98999,10
2026-05-26T20:36:00+00:00,0.989975,0.990015,0.989975,0.990025,26
2026-05-26T20:37:00+00:00,0.99001,0.989995,0.989975,0.99001,33
2026-05-26T20:38:00+00:00,0.99,0.989975,0.989925,0.99,43
2026-05-26T20:39:00+00:00,0.98997,0.989925,0.989925,0.989975,53
2026-05-26T20:40:00+00:00,0.989925,0.98998,0.989925,0.989985,22
2026-05-26T20:41:00+00:00,0.98998,0.989975,0.989975,0.98999,19
2026-05-26T20:42:00+00:00,0.989975,0.989975,0.989975,0.99,36
2026-05-26T20:43:00+00:00,0.989955,0.989925,0.989925,0.989955,16
2026-05-26T20:44:00+00:00,0.989925,0.989925,0.98991,0.989925,11
2026-05-26T20:45:00+00:00,0.989935,0.989975,0.989925,0.989985,35
2026-05-26T20:46:00+00:00,0.989975,0.98999,0.989945,0.98999,24
2026-05-26T20:47:00+00:00,0.98999,0.989985,0.989955,0.98999,28
2026-05-26T20:48:00+00:00,0.989985,0.989975,0.98995,0.989995,124
2026-05-26T20:49:00+00:00,0.989965,0.989955,0.989955,0.98999,59
2026-05-26T20:50:00+00:00,0.98996,0.98985,0.989805,0.98996,58
2026-05-26T20:51:00+00:00,0.989855,0.989845,0.989785,0.989855,36
2026-05-26T20:52:00+00:00,0.989845,0.989945,0.989825,0.98995,70
2026-05-26T20:53:00+00:00,0.989945,0.989955,0.98994,0.989965,37
2026-05-26T20:54:00+00:00,0.989955,0.990005,0.989955,0.99001,10
2026-05-26T20:55:00+00:00,0.99,0.989975,0.98995,0.99,54
2026-05-26T20:56:00+00:00,0.989975,0.98986,0.989855,0.989975,39
2026-05-26T20:57:00+00:00,0.98986,0.99,0.98986,0.99,48
2026-05-26T20:58:00+00:00,0.989975,0.989855,0.989825,0.99,54
2026-05-26T20:59:00+00:00,0.98985,0.990125,0.98985,0.99015,124
2026-05-26T21:00:00+00:00,0.99015,0.99005,0.99,0.990685,56
2026-05-26T21:01:00+00:00,0.99005,0.990025,0.990025,0.99005,26
2026-05-26T21:02:00+00:00,0.99005,0.990025,0.990025,0.99005,26
2026-05-26T21:03:00+00:00,0.990025,0.990025,0.990025,0.99005,22
2026-05-26T21:04:00+00:00,0.990025,0.99005,0.990025,0.99005,21
2026-05-26T21:05:00+00:00,0.990075,0.990075,0.990075,0.990075,24
2026-05-26T21:06:00+00:00,0.990075,0.990075,0.990075,0.990075,24
2026-05-26T21:07:00+00:00,0.990075,0.990075,0.990075,0.990075,20
2026-05-26T21:08:00+00:00,0.990075,0.990075,0.990075,0.990075,16
2026-05-26T21:09:00+00:00,0.990075,0.990075,0.990075,0.990075,20
2026-05-26T21:10:00+00:00,0.990075,0.9901,0.990075,0.9901,22
2026-05-26T21:11:00+00:00,0.9901,0.990325,0.9901,0.990325,1
2026-05-26T21:12:00+00:00,0.990325,0.990475,0.990325,0.990475,1
2026-05-26T21:13:00+00:00,0.990475,0.990375,0.990375,0.990525,2
2026-05-26T21:14:00+00:00,0.990375,0.990075,0.990075,0.990375,2
2026-05-26T21:15:00+00:00,0.990075,0.990325,0.98995,0.990325,13
2026-05-26T21:16:00+00:00,0.990325,0.990225,0.99022,0.990325,12
2026-05-26T21:17:00+00:00,0.990225,0.98991,0.98991,0.990225,7
2026-05-26T21:18:00+00:00,0.98991,0.990175,0.989815,0.990175,13
2026-05-26T21:19:00+00:00,0.990175,0.99027,0.990175,0.99027,3
2026-05-26T21:20:00+00:00,0.99027,0.9903,0.99025,0.9904,7
2026-05-26T21:21:00+00:00,0.9903,0.990195,0.990155,0.9903,10
2026-05-26T21:22:00+00:00,0.990195,0.9901,0.990095,0.990235,21
2026-05-26T21:23:00+00:00,0.9901,0.99013,0.9901,0.990155,17
2026-05-26T21:24:00+00:00,0.990125,0.99005,0.99005,0.990215,11
2026-05-26T21:25:00+00:00,0.99005,0.989995,0.989995,0.99005,4
2026-05-26T21:26:00+00:00,0.989995,0.99005,0.98999,0.990075,13
2026-05-26T21:27:00+00:00,0.99005,0.98995,0.98995,0.99005,10
2026-05-26T21:28:00+00:00,0.98995,0.990045,0.98995,0.990065,22
2026-05-26T21:29:00+00:00,0.990045,0.990035,0.99003,0.990075,11
2026-05-26T21:30:00+00:00,0.990025,0.99015,0.990015,0.990175,9
2026-05-26T21:31:00+00:00,0.99015,0.990065,0.99005,0.99015,6
2026-05-26T21:32:00+00:00,0.990065,0.99005,0.990035,0.990175,20
2026-05-26T21:33:00+00:00,0.99005,0.990025,0.990025,0.99005,1
2026-05-26T21:34:00+00:00,0.990025,0.989835,0.989835,0.990025,28
2026-05-26T21:35:00+00:00,0.989835,0.989915,0.989835,0.98993,27
2026-05-26T21:36:00+00:00,0.989915,0.989905,0.989905,0.990015,24
2026-05-26T21:37:00+00:00,0.989905,0.989895,0.989875,0.989935,34
2026-05-26T21:38:00+00:00,0.989915,0.99003,0.9899,0.99005,42
2026-05-26T21:39:00+00:00,0.99003,0.98998,0.98998,0.990065,35
2026-05-26T21:40:00+00:00,0.98998,0.99006,0.98998,0.99009,22
2026-05-26T21:41:00+00:00,0.99006,0.990025,0.989995,0.99013,31
2026-05-26T21:42:00+00:00,0.990025,0.99,0.99,0.990025,1
2026-05-26T21:43:00+00:00,0.99,0.989955,0.989945,0.99,5
2026-05-26T21:44:00+00:00,0.989955,0.989975,0.989945,0.98999,12
2026-05-26T21:45:00+00:00,0.989975,0.989985,0.989925,0.990035,20
2026-05-26T21:46:00+00:00,0.989985,0.989925,0.989925,0.989985,16
2026-05-26T21:47:00+00:00,0.989925,0.98989,0.98988,0.989925,8
2026-05-26T21:48:00+00:00,0.989885,0.98989,0.98987,0.9899,28
2026-05-26T21:49:00+00:00,0.98989,0.98992,0.98976,0.98992,32
2026-05-26T21:50:00+00:00,0.98992,0.98995,0.98992,0.98995,2
2026-05-26T21:51:00+00:00,0.98995,0.98983,0.989825,0.98995,4
2026-05-26T21:52:00+00:00,0.98983,0.98983,0.989825,0.98984,20
2026-05-26T21:53:00+00:00,0.98983,0.98983,0.989815,0.989835,9
2026-05-26T21:54:00+00:00,0.98983,0.98986,0.98983,0.98986,18
2026-05-26T21:55:00+00:00,0.98986,0.98984,0.98981,0.989865,50
2026-05-26T21:56:00+00:00,0.98988,0.98995,0.989825,0.98995,52
2026-05-26T21:57:00+00:00,0.98995,0.98995,0.98995,0.99,14
2026-05-26T21:58:00+00:00,0.98995,0.98995,0.98995,0.98995,0
2026-05-26T21:59:00+00:00,0.98995,0.989925,0.989825,0.98995,9
2026-05-26T22:00:00+00:00,0.9898,0.989975,0.9898,0.990045,14
2026-05-26T22:01:00+00:00,0.989975,0.98989,0.989865,0.9901,25
2026-05-26T22:02:00+00:00,0.9899,0.989885,0.98985,0.989925,22
2026-05-26T22:03:00+00:00,0.98986,0.989925,0.989855,0.989935,25
2026-05-26T22:04:00+00:00,0.989925,0.98993,0.98991,0.989935,12
2026-05-26T22:05:00+00:00,0.98993,0.989935,0.98988,0.989965,37
2026-05-26T22:06:00+00:00,0.989945,0.989935,0.98988,0.989945,15
2026-05-26T22:07:00+00:00,0.989935,0.98991,0.98988,0.98995,13
2026-05-26T22:08:00+00:00,0.98991,0.989855,0.98983,0.98995,42
2026-05-26T22:09:00+00:00,0.989855,0.98985,0.989825,0.98988,31
2026-05-26T22:10:00+00:00,0.989845,0.989825,0.98979,0.989905,39
2026-05-26T22:11:00+00:00,0.989825,0.989785,0.989755,0.989835,30
2026-05-26T22:12:00+00:00,0.989785,0.98982,0.989755,0.989855,26
2026-05-26T22:13:00+00:00,0.98982,0.989825,0.98982,0.98986,23
2026-05-26T22:14:00+00:00,0.989835,0.98982,0.989805,0.98984,18
2026-05-26T22:15:00+00:00,0.98982,0.989835,0.98982,0.989845,9
2026-05-26T22:16:00+00:00,0.989835,0.98982,0.98981,0.989845,24
2026-05-26T22:17:00+00:00,0.98982,0.989845,0.98982,0.989845,1
2026-05-26T22:18:00+00:00,0.989855,0.98986,0.989845,0.989885,13
2026-05-26T22:19:00+00:00,0.98986,0.98993,0.98983,0.98994,52
2026-05-26T22:20:00+00:00,0.989915,0.98991,0.989895,0.98994,42
2026-05-26T22:21:00+00:00,0.989905,0.98988,0.98986,0.989915,40
2026-05-26T22:22:00+00:00,0.98988,0.989885,0.98986,0.98991,60
2026-05-26T22:23:00+00:00,0.989885,0.989895,0.98988,0.989925,63
2026-05-26T22:24:00+00:00,0.98989,0.98989,0.989885,0.9899,7
2026-05-26T22:25:00+00:00,0.98989,0.98991,0.98989,0.989935,57
2026-05-26T22:26:00+00:00,0.98991,0.989895,0.989885,0.989935,17
2026-05-26T22:27:00+00:00,0.989895,0.98991,0.989895,0.98994,17
2026-05-26T22:28:00+00:00,0.989905,0.989965,0.989885,0.98997,31
2026-05-26T22:29:00+00:00,0.98997,0.98995,0.989935,0.989985,33
2026-05-26T22:30:00+00:00,0.989935,0.98995,0.98993,0.98997,53
2026-05-26T22:31:00+00:00,0.98996,0.99,0.989945,0.990005,38
2026-05-26T22:32:00+00:00,0.99,0.989995,0.98999,0.990035,48
2026-05-26T22:33:00+00:00,0.98999,0.989995,0.989985,0.99002,40
2026-05-26T22:34:00+00:00,0.99,0.989935,0.989935,0.99,21
2026-05-26T22:35:00+00:00,0.989935,0.98997,0.98993,0.989985,42
2026-05-26T22:36:00+00:00,0.989975,0.989935,0.989925,0.98998,35
2026-05-26T22:37:00+00:00,0.989935,0.98991,0.989905,0.989935,19
2026-05-26T22:38:00+00:00,0.98991,0.989885,0.989885,0.98993,15
2026-05-26T22:39:00+00:00,0.98988,0.98994,0.98988,0.989945,24
2026-05-26T22:40:00+00:00,0.98995,0.989995,0.98995,0.990015,35
2026-05-26T22:41:00+00:00,0.99,0.989995,0.989995,0.99001,17
2026-05-26T22:42:00+00:00,0.989995,0.989995,0.989975,0.989995,13
2026-05-26T22:43:00+00:00,0.989995,0.989995,0.989985,0.99,8
2026-05-26T22:44:00+00:00,0.989995,0.98993,0.989925,0.989995,14
2026-05-26T22:45:00+00:00,0.98993,0.98993,0.989925,0.98995,14
2026-05-26T22:46:00+00:00,0.989925,0.98989,0.98989,0.989935,23
2026-05-26T22:47:00+00:00,0.98988,0.98989,0.989875,0.9899,18
2026-05-26T22:48:00+00:00,0.989885,0.989855,0.98984,0.989905,19
2026-05-26T22:49:00+00:00,0.989855,0.98982,0.98982,0.989855,10
2026-05-26T22:50:00+00:00,0.989825,0.98982,0.9898,0.989855,37
2026-05-26T22:51:00+00:00,0.989825,0.98984,0.98982,0.989845,11
2026-05-26T22:52:00+00:00,0.98984,0.98983,0.9898,0.98984,28
2026-05-26T22:53:00+00:00,0.98983,0.989815,0.989795,0.98983,35
2026-05-26T22:54:00+00:00,0.98982,0.989805,0.989805,0.98982,29
2026-05-26T22:55:00+00:00,0.989805,0.989805,0.9898,0.989815,10
2026-05-26T22:56:00+00:00,0.989805,0.98986,0.989805,0.98992,82
2026-05-26T22:57:00+00:00,0.98986,0.989865,0.9898,0.989885,113
2026-05-26T22:58:00+00:00,0.98986,0.98981,0.98981,0.989895,46
2026-05-26T22:59:00+00:00,0.98981,0.98978,0.989755,0.98981,58
2026-05-26T23:00:00+00:00,0.98977,0.989925,0.98976,0.989945,146
2026-05-26T23:01:00+00:00,0.989925,0.989875,0.989865,0.989965,85
2026-05-26T23:02:00+00:00,0.989875,0.989895,0.989865,0.98991,63
2026-05-26T23:03:00+00:00,0.989905,0.989935,0.9899,0.989935,16
2026-05-26T23:04:00+00:00,0.98993,0.98989,0.98989,0.98993,11
2026-05-26T23:05:00+00:00,0.989895,0.989895,0.989875,0.9899,21
2026-05-26T23:06:00+00:00,0.989895,0.9899,0.989875,0.98995,31
2026-05-26T23:07:00+00:00,0.9899,0.98984,0.989835,0.9899,26
2026-05-26T23:08:00+00:00,0.989825,0.98982,0.989815,0.989845,10
2026-05-26T23:09:00+00:00,0.989825,0.989825,0.989815,0.989835,11
2026-05-26T23:10:00+00:00,0.989825,0.989825,0.989815,0.989835,6
2026-05-26T23:11:00+00:00,0.989835,0.989835,0.989825,0.989845,10
2026-05-26T23:12:00+00:00,0.989835,0.989785,0.989775,0.98984,11
2026-05-26T23:13:00+00:00,0.989785,0.98979,0.989785,0.98979,1
2026-05-26T23:14:00+00:00,0.98979,0.98979,0.989785,0.98979,16
2026-05-26T23:15:00+00:00,0.98979,0.989775,0.989775,0.989795,7
2026-05-26T23:16:00+00:00,0.989775,0.989775,0.989775,0.989825,27
2026-05-26T23:17:00+00:00,0.989775,0.98976,0.989755,0.989775,9
2026-05-26T23:18:00+00:00,0.989775,0.989775,0.98976,0.989785,16
2026-05-26T23:19:00+00:00,0.98978,0.98984,0.989775,0.98984,25
2026-05-26T23:20:00+00:00,0.98984,0.98984,0.989825,0.989845,11
2026-05-26T23:21:00+00:00,0.98984,0.989885,0.98984,0.989915,37
2026-05-26T23:22:00+00:00,0.989885,0.98985,0.989835,0.989885,25
2026-05-26T23:23:00+00:00,0.98985,0.98984,0.989835,0.989855,16
2026-05-26T23:24:00+00:00,0.989825,0.989885,0.989785,0.989915,49
2026-05-26T23:25:00+00:00,0.989875,0.989875,0.98987,0.989895,26
2026-05-26T23:26:00+00:00,0.989865,0.98989,0.98986,0.98989,27
2026-05-26T23:27:00+00:00,0.98989,0.989995,0.98989,0.989995,47
2026-05-26T23:28:00+00:00,0.989995,0.989975,0.989945,0.990025,40
2026-05-26T23:29:00+00:00,0.98997,0.989975,0.989935,0.99,31
2026-05-26T23:30:00+00:00,0.98998,0.990095,0.989945,0.9901,72
2026-05-26T23:31:00+00:00,0.990095,0.990095,0.990075,0.990105,7
2026-05-26T23:32:00+00:00,0.990095,0.99006,0.990045,0.990105,17
2026-05-26T23:33:00+00:00,0.99006,0.99013,0.990045,0.99013,18
2026-05-26T23:34:00+00:00,0.990135,0.990125,0.990095,0.990145,36
2026-05-26T23:35:00+00:00,0.990125,0.990095,0.990075,0.990125,27
2026-05-26T23:36:00+00:00,0.9901,0.990095,0.99009,0.9901,8
2026-05-26T23:37:00+00:00,0.990095,0.9901,0.990075,0.990105,15
2026-05-26T23:38:00+00:00,0.9901,0.99017,0.99008,0.990195,37
2026-05-26T23:39:00+00:00,0.99017,0.99018,0.990165,0.99019,16
2026-05-26T23:40:00+00:00,0.99018,0.99018,0.990175,0.99018,6
2026-05-26T23:41:00+00:00,0.990175,0.990185,0.990175,0.990235,31
2026-05-26T23:42:00+00:00,0.99019,0.990175,0.99017,0.990195,31
2026-05-26T23:43:00+00:00,0.990175,0.990225,0.990175,0.99026,30
2026-05-26T23:44:00+00:00,0.990225,0.990215,0.99021,0.990265,36
2026-05-26T23:45:00+00:00,0.990215,0.990235,0.99019,0.990335,141
2026-05-26T23:46:00+00:00,0.99024,0.99026,0.99018,0.99029,86
2026-05-26T23:47:00+00:00,0.99026,0.990305,0.99023,0.99031,54
2026-05-26T23:48:00+00:00,0.99031,0.990385,0.990305,0.99039,31
2026-05-26T23:49:00+00:00,0.99039,0.99024,0.99024,0.9904,73
2026-05-26T23:50:00+00:00,0.990235,0.990185,0.99013,0.990235,64
2026-05-26T23:51:00+00:00,0.99019,0.99019,0.99017,0.990205,31
2026-05-26T23:52:00+00:00,0.990185,0.990155,0.990155,0.99032,66
2026-05-26T23:53:00+00:00,0.990155,0.990125,0.99012,0.990185,32
2026-05-26T23:54:00+00:00,0.99013,0.99017,0.990125,0.9902,55
2026-05-26T23:55:00+00:00,0.990165,0.99014,0.99012,0.990195,72
2026-05-26T23:56:00+00:00,0.99014,0.99012,0.990095,0.990205,124
2026-05-26T23:57:00+00:00,0.990125,0.99017,0.9901,0.990175,136
2026-05-26T23:58:00+00:00,0.990175,0.990105,0.990095,0.990175,78
2026-05-26T23:59:00+00:00,0.99011,0.990115,0.990075,0.990125,124
2026-05-27T00:00:00+00:00,0.99012,0.990125,0.99,0.990165,495
2026-05-27T00:01:00+00:00,0.99014,0.990155,0.990125,0.990225,235
2026-05-27T00:02:00+00:00,0.99015,0.99021,0.990145,0.990235,175
2026-05-27T00:03:00+00:00,0.990215,0.990135,0.990105,0.99024,342
2026-05-27T00:04:00+00:00,0.990125,0.99012,0.990115,0.9902,163
2026-05-27T00:05:00+00:00,0.99012,0.990135,0.990085,0.990175,187
2026-05-27T00:06:00+00:00,0.99015,0.99005,0.99004,0.99015,225
2026-05-27T00:07:00+00:00,0.990035,0.989985,0.989955,0.990105,275
2026-05-27T00:08:00+00:00,0.989975,0.99007,0.989975,0.99014,231
2026-05-27T00:09:00+00:00,0.99006,0.99003,0.989965,0.990085,236
2026-05-27T00:10:00+00:00,0.990015,0.990065,0.98997,0.99007,218
2026-05-27T00:11:00+00:00,0.99006,0.98997,0.98995,0.99011,261
2026-05-27T00:12:00+00:00,0.989975,0.990265,0.98996,0.99027,191
2026-05-27T00:13:00+00:00,0.99027,0.99026,0.990235,0.99034,174
2026-05-27T00:14:00+00:00,0.99026,0.990225,0.990215,0.990275,183
2026-05-27T00:15:00+00:00,0.99023,0.99013,0.99012,0.99023,192
2026-05-27T00:16:00+00:00,0.990125,0.99022,0.99012,0.990265,270
2026-05-27T00:17:00+00:00,0.990225,0.99021,0.990195,0.990265,166
2026-05-27T00:18:00+00:00,0.9902,0.990185,0.99017,0.990215,147
2026-05-27T00:19:00+00:00,0.990175,0.990175,0.99015,0.990215,176
2026-05-27T00:20:00+00:00,0.99017,0.990105,0.990075,0.990195,275
2026-05-27T00:21:00+00:00,0.990105,0.990115,0.990095,0.99019,195
2026-05-27T00:22:00+00:00,0.99011,0.99011,0.9901,0.990175,113
2026-05-27T00:23:00+00:00,0.990115,0.99021,0.990075,0.990225,196
2026-05-27T00:24:00+00:00,0.990205,0.99022,0.990195,0.990315,222
2026-05-27T00:25:00+00:00,0.990225,0.990245,0.990205,0.990255,163
2026-05-27T00:26:00+00:00,0.99024,0.990265,0.990235,0.990295,191
2026-05-27T00:27:00+00:00,0.99026,0.99041,0.99025,0.990435,250
2026-05-27T00:28:00+00:00,0.990415,0.990535,0.99036,0.990545,187
2026-05-27T00:29:00+00:00,0.99053,0.99052,0.99046,0.99056,195
2026-05-27T00:30:00+00:00,0.990515,0.990535,0.990455,0.99057,137
2026-05-27T00:31:00+00:00,0.990535,0.990575,0.99051,0.990625,182
2026-05-27T00:32:00+00:00,0.99057,0.990585,0.99055,0.990605,77
2026-05-27T00:33:00+00:00,0.99059,0.990675,0.990575,0.99069,138
2026-05-27T00:34:00+00:00,0.99067,0.990675,0.99066,0.9907,47
2026-05-27T00:35:00+00:00,0.990675,0.990695,0.99065,0.99071,81
2026-05-27T00:36:00+00:00,0.990695,0.990745,0.990665,0.99078,137
2026-05-27T00:37:00+00:00,0.99073,0.990735,0.990715,0.990775,138
2026-05-27T00:38:00+00:00,0.990735,0.990675,0.990635,0.990805,257
2026-05-27T00:39:00+00:00,0.990665,0.990675,0.990645,0.99072,114
2026-05-27T00:40:00+00:00,0.99068,0.99071,0.990675,0.99078,179
2026-05-27T00:41:00+00:00,0.990705,0.99067,0.990645,0.99072,113
2026-05-27T00:42:00+00:00,0.990665,0.990795,0.99065,0.990805,99
2026-05-27T00:43:00+00:00,0.990805,0.99082,0.990725,0.990825,111
2026-05-27T00:44:00+00:00,0.990815,0.99081,0.990775,0.99082,200
2026-05-27T00:45:00+00:00,0.990795,0.99094,0.990795,0.990975,219
2026-05-27T00:46:00+00:00,0.99093,0.990965,0.990875,0.990975,188
2026-05-27T00:47:00+00:00,0.99097,0.99103,0.99094,0.99105,92
2026-05-27T00:48:00+00:00,0.991045,0.991025,0.990995,0.991075,105
2026-05-27T00:49:00+00:00,0.991025,0.991025,0.99098,0.99105,56
2026-05-27T00:50:00+00:00,0.991025,0.99101,0.99098,0.99108,135
2026-05-27T00:51:00+00:00,0.991005,0.99102,0.990995,0.99106,140
2026-05-27T00:52:00+00:00,0.991015,0.990975,0.99097,0.99107,127
2026-05-27T00:53:00+00:00,0.99097,0.990925,0.990875,0.99099,162
2026-05-27T00:54:00+00:00,0.990915,0.990805,0.99079,0.99098,160
2026-05-27T00:55:00+00:00,0.9908,0.990925,0.990735,0.990965,254
2026-05-27T00:56:00+00:00,0.99093,0.990855,0.99083,0.990935,147
2026-05-27T00:57:00+00:00,0.99086,0.99077,0.990765,0.990985,187
2026-05-27T00:58:00+00:00,0.99078,0.99064,0.990555,0.990805,333
2026-05-27T00:59:00+00:00,0.990645,0.990715,0.9906,0.99073,188
2026-05-27T01:00:00+00:00,0.99072,0.990715,0.99062,0.99077,384
2026-05-27T01:01:00+00:00,0.99072,0.990745,0.990675,0.990785,329
2026-05-27T01:02:00+00:00,0.99075,0.990745,0.99073,0.990805,252
2026-05-27T01:03:00+00:00,0.99075,0.9909,0.99075,0.99094,182
2026-05-27T01:04:00+00:00,0.990895,0.990895,0.990855,0.990895,109
2026-05-27T01:05:00+00:00,0.99089,0.99085,0.99076,0.9909,218
2026-05-27T01:06:00+00:00,0.99083,0.99089,0.990795,0.990915,206
2026-05-27T01:07:00+00:00,0.990895,0.99088,0.990865,0.990945,140
2026-05-27T01:08:00+00:00,0.990875,0.990805,0.990765,0.990885,164
2026-05-27T01:09:00+00:00,0.9908,0.99085,0.9908,0.99089,169
2026-05-27T01:10:00+00:00,0.990855,0.991125,0.990855,0.99114,187
2026-05-27T01:11:00+00:00,0.99113,0.99091,0.990905,0.99113,137
2026-05-27T01:12:00+00:00,0.990905,0.99098,0.99089,0.99098,123
2026-05-27T01:13:00+00:00,0.99098,0.991,0.99092,0.99101,108
2026-05-27T01:14:00+00:00,0.990995,0.99102,0.990995,0.991065,109
2026-05-27T01:15:00+00:00,0.991015,0.99103,0.990925,0.991045,246
2026-05-27T01:16:00+00:00,0.991025,0.991065,0.991015,0.991075,167
2026-05-27T01:17:00+00:00,0.991075,0.99117,0.99102,0.99117,146
2026-05-27T01:18:00+00:00,0.99117,0.99121,0.991125,0.991215,115
2026-05-27T01:19:00+00:00,0.99121,0.99111,0.99111,0.99121,82
2026-05-27T01:20:00+00:00,0.991105,0.991125,0.99105,0.991145,142
2026-05-27T01:21:00+00:00,0.991125,0.991185,0.991125,0.991225,99
2026-05-27T01:22:00+00:00,0.99119,0.991195,0.991145,0.9912,102
2026-05-27T01:23:00+00:00,0.99119,0.991175,0.99117,0.991215,97
2026-05-27T01:24:00+00:00,0.991185,0.991125,0.991115,0.99122,103
2026-05-27T01:25:00+00:00,0.99112,0.9911,0.991095,0.991165,79
2026-05-27T01:26:00+00:00,0.991095,0.991005,0.990985,0.991125,111
2026-05-27T01:27:00+00:00,0.990995,0.990915,0.990895,0.991015,87
2026-05-27T01:28:00+00:00,0.990915,0.99101,0.990905,0.99101,120
2026-05-27T01:29:00+00:00,0.990995,0.991095,0.990995,0.991105,145
2026-05-27T01:30:00+00:00,0.991105,0.989505,0.989175,0.991115,914
2026-05-27T01:31:00+00:00,0.989515,0.98876,0.98874,0.989535,562
2026-05-27T01:32:00+00:00,0.988755,0.98908,0.98848,0.98913,560
2026-05-27T01:33:00+00:00,0.989075,0.98878,0.988745,0.98913,606
2026-05-27T01:34:00+00:00,0.988785,0.98854,0.98849,0.989065,473
2026-05-27T01:35:00+00:00,0.988535,0.988915,0.988505,0.988935,383
2026-05-27T01:36:00+00:00,0.98892,0.98882,0.98882,0.989015,325
2026-05-27T01:37:00+00:00,0.988815,0.989215,0.988755,0.989225,343
2026-05-27T01:38:00+00:00,0.98922,0.988895,0.98886,0.9893,285
2026-05-27T01:39:00+00:00,0.9889,0.98872,0.988575,0.988935,303
2026-05-27T01:40:00+00:00,0.988735,0.98897,0.988715,0.98898,193
2026-05-27T01:41:00+00:00,0.98897,0.989055,0.988935,0.989185,254
2026-05-27T01:42:00+00:00,0.98906,0.98917,0.98906,0.989245,212
2026-05-27T01:43:00+00:00,0.989165,0.989165,0.989095,0.989205,169
2026-05-27T01:44:00+00:00,0.98917,0.989215,0.989045,0.989235,178
2026-05-27T01:45:00+00:00,0.989225,0.989105,0.989075,0.989225,205
2026-05-27T01:46:00+00:00,0.989115,0.98868,0.988675,0.989115,156
2026-05-27T01:47:00+00:00,0.988675,0.988525,0.988515,0.988685,187
2026-05-27T01:48:00+00:00,0.98852,0.988725,0.98852,0.988725,133
2026-05-27T01:49:00+00:00,0.98872,0.988765,0.988625,0.98881,125
2026-05-27T01:50:00+00:00,0.988775,0.9886,0.98859,0.988775,194
2026-05-27T01:51:00+00:00,0.98859,0.988525,0.98852,0.988645,149
2026-05-27T01:52:00+00:00,0.98852,0.98832,0.988275,0.98852,290
2026-05-27T01:53:00+00:00,0.988325,0.988245,0.9882,0.98844,233
2026-05-27T01:54:00+00:00,0.98826,0.98824,0.988185,0.988385,232
2026-05-27T01:55:00+00:00,0.98821,0.9882,0.988025,0.98826,280
2026-05-27T01:56:00+00:00,0.988195,0.988355,0.988195,0.98841,127
2026-05-27T01:57:00+00:00,0.988355,0.988205,0.98813,0.988415,224
2026-05-27T01:58:00+00:00,0.9882,0.98855,0.988185,0.98855,268
2026-05-27T01:59:00+00:00,0.988545,0.98852,0.988415,0.98855,163
2026-05-27T02:00:00+00:00,0.988545,0.988625,0.98838,0.989025,611
2026-05-27T02:01:00+00:00,0.98863,0.988775,0.98858,0.988925,479
2026-05-27T02:02:00+00:00,0.98877,0.988395,0.98838,0.988825,393
2026-05-27T02:03:00+00:00,0.98839,0.988695,0.988235,0.98874,483
2026-05-27T02:04:00+00:00,0.988685,0.98875,0.9886,0.98886,500
2026-05-27T02:05:00+00:00,0.988745,0.9888,0.988585,0.98883,437
2026-05-27T02:06:00+00:00,0.98881,0.98876,0.988715,0.98904,484
2026-05-27T02:07:00+00:00,0.98877,0.988845,0.98854,0.988865,401
2026-05-27T02:08:00+00:00,0.98885,0.989055,0.98885,0.98914,261
2026-05-27T02:09:00+00:00,0.98906,0.989195,0.989055,0.98923,268
2026-05-27T02:10:00+00:00,0.989205,0.989135,0.989125,0.9893,174
2026-05-27T02:11:00+00:00,0.98914,0.98917,0.989,0.989205,216
2026-05-27T02:12:00+00:00,0.98917,0.98913,0.989115,0.989305,166
2026-05-27T02:13:00+00:00,0.989125,0.989035,0.989,0.98917,225
2026-05-27T02:14:00+00:00,0.98903,0.98904,0.988945,0.98906,202
2026-05-27T02:15:00+00:00,0.989035,0.989,0.988935,0.98906,167
2026-05-27T02:16:00+00:00,0.98901,0.98907,0.98898,0.989075,177
2026-05-27T02:17:00+00:00,0.98905,0.989045,0.98896,0.98908,152
2026-05-27T02:18:00+00:00,0.989035,0.988935,0.9889,0.989045,165
2026-05-27T02:19:00+00:00,0.98893,0.98874,0.988735,0.98894,201
2026-05-27T02:20:00+00:00,0.98875,0.98885,0.988685,0.988875,143
2026-05-27T02:21:00+00:00,0.988855,0.988625,0.988585,0.988855,202
2026-05-27T02:22:00+00:00,0.988615,0.988465,0.988435,0.988625,253
2026-05-27T02:23:00+00:00,0.988455,0.988475,0.988455,0.988535,168
2026-05-27T02:24:00+00:00,0.98847,0.988675,0.98847,0.988675,207
2026-05-27T02:25:00+00:00,0.98868,0.98881,0.988645,0.988845,150
2026-05-27T02:26:00+00:00,0.988805,0.9887,0.988685,0.98884,139
2026-05-27T02:27:00+00:00,0.98871,0.98869,0.98862,0.988755,137
2026-05-27T02:28:00+00:00,0.988685,0.98854,0.988505,0.988695,125
2026-05-27T02:29:00+00:00,0.988545,0.988485,0.988405,0.988575,211
2026-05-27T02:30:00+00:00,0.98849,0.988565,0.988435,0.98857,241
2026-05-27T02:31:00+00:00,0.988565,0.98867,0.988525,0.98869,151
2026-05-27T02:32:00+00:00,0.988665,0.988475,0.988475,0.988665,109
2026-05-27T02:33:00+00:00,0.98848,0.988555,0.988475,0.988565,145
2026-05-27T02:34:00+00:00,0.98856,0.988675,0.988495,0.988685,217
2026-05-27T02:35:00+00:00,0.98867,0.988595,0.988525,0.988685,238
2026-05-27T02:36:00+00:00,0.9886,0.98862,0.98851,0.98866,163
2026-05-27T02:37:00+00:00,0.98861,0.98862,0.988525,0.988645,157
2026-05-27T02:38:00+00:00,0.988615,0.98856,0.98855,0.988635,179
2026-05-27T02:39:00+00:00,0.98856,0.98857,0.988515,0.9886,74
2026-05-27T02:40:00+00:00,0.988565,0.98869,0.988565,0.988725,148
2026-05-27T02:41:00+00:00,0.988685,0.988815,0.98867,0.98885,134
2026-05-27T02:42:00+00:00,0.988815,0.988795,0.988775,0.988885,123
2026-05-27T02:43:00+00:00,0.9888,0.98871,0.988605,0.9888,146
2026-05-27T02:44:00+00:00,0.9887,0.988675,0.988655,0.988755,114
2026-05-27T02:45:00+00:00,0.988675,0.988705,0.98865,0.988775,120
2026-05-27T02:46:00+00:00,0.988705,0.98876,0.98869,0.988775,159
2026-05-27T02:47:00+00:00,0.988765,0.988825,0.98874,0.988835,173
2026-05-27T02:48:00+00:00,0.98882,0.988925,0.98882,0.989,195
2026-05-27T02:49:00+00:00,0.988925,0.98902,0.98892,0.98902,105
2026-05-27T02:50:00+00:00,0.989015,0.98903,0.989,0.989115,99
2026-05-27T02:51:00+00:00,0.98904,0.989235,0.98903,0.98924,136
2026-05-27T02:52:00+00:00,0.989245,0.989245,0.989175,0.989265,111
2026-05-27T02:53:00+00:00,0.98924,0.98945,0.98923,0.989455,112
2026-05-27T02:54:00+00:00,0.989445,0.989285,0.989235,0.98945,138
2026-05-27T02:55:00+00:00,0.989285,0.98919,0.98919,0.989295,78
2026-05-27T02:56:00+00:00,0.989215,0.98909,0.989085,0.989215,181
2026-05-27T02:57:00+00:00,0.989095,0.98896,0.988855,0.989135,275
2026-05-27T02:58:00+00:00,0.988965,0.98905,0.98893,0.989065,179
2026-05-27T02:59:00+00:00,0.989055,0.989105,0.989025,0.989115,134
2026-05-27T03:00:00+00:00,0.989115,0.98906,0.989005,0.98922,194
2026-05-27T03:01:00+00:00,0.989055,0.98917,0.98903,0.989225,166
2026-05-27T03:02:00+00:00,0.98916,0.989245,0.98916,0.989275,115
2026-05-27T03:03:00+00:00,0.989245,0.98967,0.989245,0.9897,280
2026-05-27T03:04:00+00:00,0.989655,0.989475,0.989385,0.989655,170
2026-05-27T03:05:00+00:00,0.98948,0.989295,0.989275,0.989575,280
2026-05-27T03:06:00+00:00,0.98929,0.989445,0.989285,0.989505,159
2026-05-27T03:07:00+00:00,0.989445,0.98938,0.98937,0.98949,209
2026-05-27T03:08:00+00:00,0.98937,0.98951,0.98937,0.989635,170
2026-05-27T03:09:00+00:00,0.98951,0.98957,0.989505,0.989615,134
2026-05-27T03:10:00+00:00,0.989575,0.989435,0.98942,0.98958,74
2026-05-27T03:11:00+00:00,0.98943,0.989305,0.989275,0.98944,108
2026-05-27T03:12:00+00:00,0.9893,0.989235,0.989185,0.989315,167
2026-05-27T03:13:00+00:00,0.98924,0.98919,0.98918,0.989255,165
2026-05-27T03:14:00+00:00,0.98919,0.98914,0.989115,0.98925,160
2026-05-27T03:15:00+00:00,0.98914,0.989075,0.98904,0.98919,97
2026-05-27T03:16:00+00:00,0.98908,0.989025,0.989005,0.9891,81
2026-05-27T03:17:00+00:00,0.98903,0.989155,0.988995,0.989155,128
2026-05-27T03:18:00+00:00,0.98915,0.98912,0.989085,0.989265,217
2026-05-27T03:19:00+00:00,0.98912,0.989075,0.98907,0.989195,172
2026-05-27T03:20:00+00:00,0.989075,0.98903,0.98902,0.989085,75
2026-05-27T03:21:00+00:00,0.98903,0.98894,0.98893,0.989035,138
2026-05-27T03:22:00+00:00,0.988945,0.988935,0.9889,0.988975,166
2026-05-27T03:23:00+00:00,0.98893,0.988925,0.988925,0.989025,103
2026-05-27T03:24:00+00:00,0.988925,0.988935,0.98882,0.988955,181
2026-05-27T03:25:00+00:00,0.98893,0.988785,0.988785,0.98896,118
2026-05-27T03:26:00+00:00,0.98878,0.988935,0.98878,0.988945,173
2026-05-27T03:27:00+00:00,0.98893,0.988925,0.988925,0.98899,204
2026-05-27T03:28:00+00:00,0.98893,0.988915,0.988905,0.98901,156
2026-05-27T03:29:00+00:00,0.98892,0.98906,0.98885,0.989065,174
2026-05-27T03:30:00+00:00,0.98907,0.98911,0.989055,0.98916,212
2026-05-27T03:31:00+00:00,0.989105,0.989145,0.989075,0.98917,172
2026-05-27T03:32:00+00:00,0.98914,0.989125,0.989065,0.989195,176
2026-05-27T03:33:00+00:00,0.989135,0.98902,0.989015,0.98914,131
2026-05-27T03:34:00+00:00,0.98902,0.988965,0.988945,0.98908,184
2026-05-27T03:35:00+00:00,0.98896,0.988985,0.98892,0.98902,169
2026-05-27T03:36:00+00:00,0.98899,0.98887,0.98887,0.98901,133
2026-05-27T03:37:00+00:00,0.98886,0.988655,0.98863,0.98886,242
2026-05-27T03:38:00+00:00,0.98866,0.988875,0.98865,0.98889,239
2026-05-27T03:39:00+00:00,0.988875,0.988775,0.988745,0.988875,158
2026-05-27T03:40:00+00:00,0.98877,0.988795,0.988745,0.98883,118
2026-05-27T03:41:00+00:00,0.988805,0.988735,0.988735,0.988805,88
2026-05-27T03:42:00+00:00,0.98875,0.988725,0.988725,0.98882,162
2026-05-27T03:43:00+00:00,0.988725,0.988705,0.988655,0.98874,65
2026-05-27T03:44:00+00:00,0.988695,0.988685,0.988635,0.98871,120
2026-05-27T03:45:00+00:00,0.98869,0.98871,0.988655,0.988735,130
2026-05-27T03:46:00+00:00,0.988705,0.988675,0.98865,0.988735,155
2026-05-27T03:47:00+00:00,0.988665,0.98872,0.988655,0.98872,110
2026-05-27T03:48:00+00:00,0.988725,0.988665,0.98861,0.988755,133
2026-05-27T03:49:00+00:00,0.988665,0.98862,0.98861,0.988685,135
2026-05-27T03:50:00+00:00,0.988625,0.98859,0.988535,0.988635,125
2026-05-27T03:51:00+00:00,0.988595,0.98871,0.988595,0.988735,96
2026-05-27T03:52:00+00:00,0.988705,0.98876,0.98868,0.988835,162
2026-05-27T03:53:00+00:00,0.98875,0.98886,0.988745,0.98888,133
2026-05-27T03:54:00+00:00,0.98886,0.98889,0.988845,0.988935,128
2026-05-27T03:55:00+00:00,0.98888,0.9887,0.98868,0.98889,199
2026-05-27T03:56:00+00:00,0.988705,0.988805,0.988695,0.988825,109
2026-05-27T03:57:00+00:00,0.988805,0.98885,0.98878,0.98886,102
2026-05-27T03:58:00+00:00,0.98885,0.988945,0.988845,0.988955,114
2026-05-27T03:59:00+00:00,0.98894,0.988865,0.98884,0.988955,171
2026-05-27T04:00:00+00:00,0.988855,0.988865,0.988735,0.98887,232
2026-05-27T04:01:00+00:00,0.98887,0.9889,0.98885,0.988925,152
2026-05-27T04:02:00+00:00,0.9889,0.988775,0.988755,0.98892,162
2026-05-27T04:03:00+00:00,0.988785,0.988625,0.988595,0.988795,170
2026-05-27T04:04:00+00:00,0.98861,0.98876,0.98857,0.9888,173
2026-05-27T04:05:00+00:00,0.988755,0.98874,0.988695,0.988765,153
2026-05-27T04:06:00+00:00,0.98874,0.988795,0.988725,0.988815,105
2026-05-27T04:07:00+00:00,0.9888,0.988925,0.9888,0.988925,104
2026-05-27T04:08:00+00:00,0.988925,0.988855,0.988855,0.98898,115
2026-05-27T04:09:00+00:00,0.988865,0.988975,0.98886,0.989025,105
2026-05-27T04:10:00+00:00,0.98898,0.988925,0.988915,0.988985,97
2026-05-27T04:11:00+00:00,0.988915,0.98893,0.988915,0.98895,132
2026-05-27T04:12:00+00:00,0.988935,0.98892,0.98891,0.988965,111
2026-05-27T04:13:00+00:00,0.988915,0.98909,0.988915,0.989125,190
2026-05-27T04:14:00+00:00,0.989085,0.98917,0.989045,0.98919,132
2026-05-27T04:15:00+00:00,0.98917,0.98902,0.989,0.98917,111
2026-05-27T04:16:00+00:00,0.989025,0.98907,0.98901,0.98909,106
2026-05-27T04:17:00+00:00,0.989065,0.988935,0.988925,0.989065,156
2026-05-27T04:18:00+00:00,0.988925,0.988975,0.98891,0.98904,139
2026-05-27T04:19:00+00:00,0.988975,0.988945,0.98894,0.988985,128
2026-05-27T04:20:00+00:00,0.988935,0.988985,0.98892,0.989,125
2026-05-27T04:21:00+00:00,0.988975,0.989145,0.988965,0.989175,209
2026-05-27T04:22:00+00:00,0.98914,0.98913,0.989115,0.989165,149
2026-05-27T04:23:00+00:00,0.989125,0.989165,0.989075,0.989185,160
2026-05-27T04:24:00+00:00,0.989175,0.989195,0.989165,0.98926,137
2026-05-27T04:25:00+00:00,0.98921,0.98912,0.98912,0.989225,140
2026-05-27T04:26:00+00:00,0.989125,0.98896,0.988955,0.989175,172
2026-05-27T04:27:00+00:00,0.988955,0.98904,0.98895,0.989095,165
2026-05-27T04:28:00+00:00,0.989045,0.988925,0.988915,0.98908,172
2026-05-27T04:29:00+00:00,0.98892,0.988815,0.988785,0.988985,183
2026-05-27T04:30:00+00:00,0.98881,0.98886,0.98877,0.98891,128
2026-05-27T04:31:00+00:00,0.988865,0.98879,0.98879,0.988925,138
2026-05-27T04:32:00+00:00,0.9888,0.988865,0.98878,0.98888,198
2026-05-27T04:33:00+00:00,0.98886,0.98889,0.988775,0.988975,175
2026-05-27T04:34:00+00:00,0.988895,0.98894,0.98888,0.988975,153
2026-05-27T04:35:00+00:00,0.988935,0.988875,0.988845,0.98895,138
2026-05-27T04:36:00+00:00,0.98887,0.9888,0.988725,0.98888,193
2026-05-27T04:37:00+00:00,0.9888,0.988775,0.988725,0.98881,132
2026-05-27T04:38:00+00:00,0.988775,0.988745,0.988735,0.98881,79
2026-05-27T04:39:00+00:00,0.988745,0.988975,0.98873,0.98899,141
2026-05-27T04:40:00+00:00,0.988965,0.98894,0.988915,0.988985,135
2026-05-27T04:41:00+00:00,0.98896,0.988885,0.988875,0.98896,113
2026-05-27T04:42:00+00:00,0.988895,0.988875,0.988875,0.98891,71
2026-05-27T04:43:00+00:00,0.988875,0.988975,0.988875,0.988975,151
2026-05-27T04:44:00+00:00,0.988975,0.9892,0.98893,0.98921,128
2026-05-27T04:45:00+00:00,0.98921,0.989235,0.989155,0.989275,194
2026-05-27T04:46:00+00:00,0.98923,0.98918,0.989155,0.989235,113
2026-05-27T04:47:00+00:00,0.98918,0.989185,0.989165,0.98923,82
2026-05-27T04:48:00+00:00,0.989185,0.989075,0.989075,0.989205,78
2026-05-27T04:49:00+00:00,0.989075,0.989195,0.98902,0.98921,190
2026-05-27T04:50:00+00:00,0.989195,0.989185,0.989165,0.9892,131
2026-05-27T04:51:00+00:00,0.989175,0.989175,0.98917,0.989225,64
2026-05-27T04:52:00+00:00,0.989175,0.98909,0.98909,0.989185,54
2026-05-27T04:53:00+00:00,0.989095,0.98906,0.989,0.989095,184
2026-05-27T04:54:00+00:00,0.989065,0.989025,0.988985,0.989075,84
2026-05-27T04:55:00+00:00,0.989025,0.98892,0.98888,0.989075,135
2026-05-27T04:56:00+00:00,0.98892,0.988835,0.988825,0.988925,64
2026-05-27T04:57:00+00:00,0.98884,0.988875,0.988785,0.98892,82
2026-05-27T04:58:00+00:00,0.98888,0.98887,0.988825,0.98888,73
2026-05-27T04:59:00+00:00,0.988875,0.988845,0.988825,0.988905,71
2026-05-27T05:00:00+00:00,0.98885,0.9888,0.98873,0.98885,149
2026-05-27T05:01:00+00:00,0.988805,0.988805,0.988795,0.98891,134
2026-05-27T05:02:00+00:00,0.988815,0.98865,0.988625,0.988855,221
2026-05-27T05:03:00+00:00,0.988655,0.988725,0.98865,0.98878,115
2026-05-27T05:04:00+00:00,0.988725,0.98893,0.988725,0.98895,85
2026-05-27T05:05:00+00:00,0.988925,0.988865,0.98886,0.98895,135
2026-05-27T05:06:00+00:00,0.988875,0.988815,0.98879,0.988885,144
2026-05-27T05:07:00+00:00,0.98881,0.988875,0.988775,0.98889,96
2026-05-27T05:08:00+00:00,0.988865,0.98885,0.988825,0.988885,116
2026-05-27T05:09:00+00:00,0.98885,0.989,0.98884,0.98902,95
2026-05-27T05:10:00+00:00,0.989005,0.98898,0.98895,0.989015,123
2026-05-27T05:11:00+00:00,0.98898,0.989005,0.98895,0.989025,99
2026-05-27T05:12:00+00:00,0.989,0.98884,0.988835,0.989005,138
2026-05-27T05:13:00+00:00,0.988845,0.988815,0.988815,0.988915,190
2026-05-27T05:14:00+00:00,0.98882,0.98896,0.988815,0.989,117
2026-05-27T05:15:00+00:00,0.988965,0.988865,0.98886,0.988985,142
2026-05-27T05:16:00+00:00,0.98886,0.9888,0.9888,0.98889,112
2026-05-27T05:17:00+00:00,0.988805,0.988795,0.98874,0.988825,74
2026-05-27T05:18:00+00:00,0.988795,0.98872,0.98871,0.98884,102
2026-05-27T05:19:00+00:00,0.988725,0.98875,0.98871,0.98877,92
2026-05-27T05:20:00+00:00,0.98875,0.988685,0.98866,0.98875,72
2026-05-27T05:21:00+00:00,0.98869,0.988855,0.98867,0.98888,186
2026-05-27T05:22:00+00:00,0.98886,0.988755,0.98873,0.98887,162
2026-05-27T05:23:00+00:00,0.988745,0.988745,0.988725,0.988775,141
2026-05-27T05:24:00+00:00,0.98875,0.98892,0.98875,0.98892,160
2026-05-27T05:25:00+00:00,0.988915,0.98878,0.98878,0.98892,135
2026-05-27T05:26:00+00:00,0.988775,0.988855,0.988775,0.98886,189
2026-05-27T05:27:00+00:00,0.98886,0.98889,0.988855,0.988915,148
2026-05-27T05:28:00+00:00,0.988895,0.988755,0.98872,0.988935,149
2026-05-27T05:29:00+00:00,0.98875,0.988925,0.98874,0.98893,149
2026-05-27T05:30:00+00:00,0.98894,0.988975,0.98892,0.989035,192
2026-05-27T05:31:00+00:00,0.988985,0.98879,0.98878,0.989,159
2026-05-27T05:32:00+00:00,0.988785,0.988605,0.988505,0.988785,240
2026-05-27T05:33:00+00:00,0.988605,0.988475,0.98845,0.988605,256
2026-05-27T05:34:00+00:00,0.988485,0.9884,0.98829,0.988495,199
2026-05-27T05:35:00+00:00,0.988405,0.988345,0.988225,0.988435,184
2026-05-27T05:36:00+00:00,0.98834,0.988565,0.98834,0.98862,254
2026-05-27T05:37:00+00:00,0.98857,0.98847,0.98847,0.988615,154
2026-05-27T05:38:00+00:00,0.98846,0.988665,0.988415,0.98867,216
2026-05-27T05:39:00+00:00,0.988665,0.988615,0.988605,0.988675,209
2026-05-27T05:40:00+00:00,0.988625,0.98863,0.988615,0.98868,140
2026-05-27T05:41:00+00:00,0.988645,0.988645,0.988515,0.988655,151
2026-05-27T05:42:00+00:00,0.988655,0.98855,0.98847,0.9887,209
2026-05-27T05:43:00+00:00,0.988555,0.988575,0.988555,0.98864,148
2026-05-27T05:44:00+00:00,0.988575,0.98858,0.988565,0.988625,159
2026-05-27T05:45:00+00:00,0.988575,0.98853,0.988465,0.988575,148
2026-05-27T05:46:00+00:00,0.988525,0.988675,0.988525,0.9887,183
2026-05-27T05:47:00+00:00,0.98868,0.98855,0.98855,0.988725,170
2026-05-27T05:48:00+00:00,0.988565,0.988475,0.98839,0.988575,127
2026-05-27T05:49:00+00:00,0.98847,0.988525,0.98841,0.98854,132
2026-05-27T05:50:00+00:00,0.988525,0.98859,0.988475,0.988675,141
2026-05-27T05:51:00+00:00,0.98859,0.988555,0.988425,0.988645,193
2026-05-27T05:52:00+00:00,0.988555,0.988625,0.988555,0.988675,123
2026-05-27T05:53:00+00:00,0.98863,0.98854,0.988525,0.98865,150
2026-05-27T05:54:00+00:00,0.98855,0.98853,0.988525,0.98865,142
2026-05-27T05:55:00+00:00,0.98854,0.988575,0.98852,0.988635,179
2026-05-27T05:56:00+00:00,0.98857,0.988625,0.988515,0.988635,196
2026-05-27T05:57:00+00:00,0.98863,0.988625,0.98851,0.988655,165
2026-05-27T05:58:00+00:00,0.98862,0.988555,0.988545,0.98871,178
2026-05-27T05:59:00+00:00,0.988565,0.988325,0.988325,0.988565,127
2026-05-27T06:00:00+00:00,0.98834,0.98818,0.988175,0.98839,394
2026-05-27T06:01:00+00:00,0.98817,0.9883,0.988165,0.988335,313
2026-05-27T06:02:00+00:00,0.98831,0.98819,0.98817,0.988365,316
2026-05-27T06:03:00+00:00,0.988185,0.988305,0.98818,0.98835,183
2026-05-27T06:04:00+00:00,0.9883,0.98816,0.988125,0.98831,215
2026-05-27T06:05:00+00:00,0.988165,0.98813,0.988115,0.98828,168
2026-05-27T06:06:00+00:00,0.988125,0.98821,0.98809,0.98822,136
2026-05-27T06:07:00+00:00,0.988195,0.988355,0.98808,0.988375,254
2026-05-27T06:08:00+00:00,0.988365,0.98844,0.98834,0.988555,224
2026-05-27T06:09:00+00:00,0.98843,0.98851,0.988415,0.988515,136
2026-05-27T06:10:00+00:00,0.988505,0.98851,0.98843,0.98865,251
2026-05-27T06:11:00+00:00,0.988495,0.98856,0.988435,0.988565,160
2026-05-27T06:12:00+00:00,0.988555,0.98836,0.988335,0.988565,184
2026-05-27T06:13:00+00:00,0.988345,0.988285,0.988265,0.988405,201
2026-05-27T06:14:00+00:00,0.988275,0.98805,0.988035,0.98829,156
2026-05-27T06:15:00+00:00,0.988045,0.988095,0.988035,0.98819,224
2026-05-27T06:16:00+00:00,0.98809,0.98799,0.98798,0.98814,235
2026-05-27T06:17:00+00:00,0.987995,0.98802,0.987955,0.98809,211
2026-05-27T06:18:00+00:00,0.988025,0.98789,0.987835,0.988065,227
2026-05-27T06:19:00+00:00,0.9879,0.98793,0.987855,0.987985,229
2026-05-27T06:20:00+00:00,0.987935,0.98798,0.987935,0.988015,195
2026-05-27T06:21:00+00:00,0.987975,0.987555,0.987495,0.987975,306
2026-05-27T06:22:00+00:00,0.987565,0.987535,0.987435,0.987595,289
2026-05-27T06:23:00+00:00,0.98753,0.987715,0.98748,0.98773,259
2026-05-27T06:24:00+00:00,0.98772,0.987635,0.98763,0.9878,209
2026-05-27T06:25:00+00:00,0.98763,0.987545,0.987475,0.98767,209
2026-05-27T06:26:00+00:00,0.987535,0.98747,0.98739,0.987535,163
2026-05-27T06:27:00+00:00,0.987475,0.987575,0.98747,0.98758,183
2026-05-27T06:28:00+00:00,0.987585,0.987735,0.98754,0.987735,213
2026-05-27T06:29:00+00:00,0.98773,0.987665,0.987615,0.98776,296
2026-05-27T06:30:00+00:00,0.987655,0.98786,0.987645,0.987885,325
2026-05-27T06:31:00+00:00,0.987855,0.98768,0.98768,0.987865,270
2026-05-27T06:32:00+00:00,0.98769,0.98769,0.98756,0.987735,290
2026-05-27T06:33:00+00:00,0.98768,0.987805,0.987665,0.987825,246
2026-05-27T06:34:00+00:00,0.98781,0.98781,0.987725,0.987835,252
2026-05-27T06:35:00+00:00,0.987805,0.98787,0.987795,0.987905,202
2026-05-27T06:36:00+00:00,0.987865,0.98795,0.98784,0.987955,221
2026-05-27T06:37:00+00:00,0.987955,0.988065,0.98794,0.988065,150
2026-05-27T06:38:00+00:00,0.988055,0.988095,0.98804,0.988125,229
2026-05-27T06:39:00+00:00,0.9881,0.988,0.987965,0.9881,275
2026-05-27T06:40:00+00:00,0.987995,0.987995,0.987975,0.988155,223
2026-05-27T06:41:00+00:00,0.987995,0.987955,0.987935,0.988075,197
2026-05-27T06:42:00+00:00,0.987955,0.988005,0.98794,0.988015,197
2026-05-27T06:43:00+00:00,0.988015,0.988055,0.987995,0.98807,239
2026-05-27T06:44:00+00:00,0.98805,0.988135,0.988025,0.988185,310
2026-05-27T06:45:00+00:00,0.98813,0.987855,0.987825,0.988135,380
2026-05-27T06:46:00+00:00,0.987865,0.987955,0.98785,0.987955,190
2026-05-27T06:47:00+00:00,0.98795,0.988085,0.98791,0.9881,304
2026-05-27T06:48:00+00:00,0.988075,0.988115,0.988045,0.988165,212
2026-05-27T06:49:00+00:00,0.988115,0.988085,0.98806,0.98815,238
2026-05-27T06:50:00+00:00,0.98808,0.98785,0.987785,0.988095,268
2026-05-27T06:51:00+00:00,0.98786,0.987755,0.987755,0.98792,242
2026-05-27T06:52:00+00:00,0.98777,0.98759,0.98759,0.98777,216
2026-05-27T06:53:00+00:00,0.987595,0.987635,0.98759,0.987745,247
2026-05-27T06:54:00+00:00,0.98763,0.987525,0.98747,0.987655,337
2026-05-27T06:55:00+00:00,0.98753,0.9876,0.98746,0.98765,287
2026-05-27T06:56:00+00:00,0.987595,0.98762,0.98756,0.98764,188
2026-05-27T06:57:00+00:00,0.987615,0.987535,0.98748,0.98766,194
2026-05-27T06:58:00+00:00,0.987545,0.987525,0.987525,0.98764,243
2026-05-27T06:59:00+00:00,0.987535,0.98752,0.98751,0.987615,322
2026-05-27T07:00:00+00:00,0.987535,0.987565,0.98746,0.98759,398
2026-05-27T07:01:00+00:00,0.98757,0.987795,0.987545,0.987805,326
2026-05-27T07:02:00+00:00,0.98779,0.987795,0.98771,0.98787,392
2026-05-27T07:03:00+00:00,0.987805,0.98771,0.987625,0.987805,315
2026-05-27T07:04:00+00:00,0.9877,0.987785,0.987585,0.987785,288
2026-05-27T07:05:00+00:00,0.987795,0.987835,0.987785,0.98793,264
2026-05-27T07:06:00+00:00,0.98783,0.987805,0.98771,0.98783,168
2026-05-27T07:07:00+00:00,0.9878,0.98783,0.987705,0.987835,212
2026-05-27T07:08:00+00:00,0.987835,0.98773,0.9877,0.98786,363
2026-05-27T07:09:00+00:00,0.987725,0.98748,0.987435,0.98774,278
2026-05-27T07:10:00+00:00,0.987485,0.98742,0.987375,0.98751,278
2026-05-27T07:11:00+00:00,0.98743,0.98757,0.987425,0.98757,177
2026-05-27T07:12:00+00:00,0.987575,0.987605,0.98755,0.98765,202
2026-05-27T07:13:00+00:00,0.98761,0.98754,0.98751,0.987615,137
2026-05-27T07:14:00+00:00,0.987535,0.98756,0.987505,0.98757,139
2026-05-27T07:15:00+00:00,0.98755,0.987595,0.987545,0.987645,155
2026-05-27T07:16:00+00:00,0.9876,0.98768,0.98755,0.9877,199
2026-05-27T07:17:00+00:00,0.98767,0.98784,0.987655,0.987855,202
2026-05-27T07:18:00+00:00,0.987835,0.987925,0.98783,0.988025,148
2026-05-27T07:19:00+00:00,0.98793,0.987925,0.98788,0.98796,108
2026-05-27T07:20:00+00:00,0.98793,0.9875,0.9875,0.98793,267
2026-05-27T07:21:00+00:00,0.98751,0.98729,0.987265,0.987575,299
2026-05-27T07:22:00+00:00,0.9873,0.98747,0.987275,0.98748,181
2026-05-27T07:23:00+00:00,0.987455,0.987305,0.9873,0.98748,171
2026-05-27T07:24:00+00:00,0.987315,0.987465,0.987315,0.98751,173
2026-05-27T07:25:00+00:00,0.98746,0.987415,0.98738,0.98747,173
2026-05-27T07:26:00+00:00,0.98742,0.987385,0.987365,0.987475,146
2026-05-27T07:27:00+00:00,0.98739,0.987555,0.987365,0.987555,181
2026-05-27T07:28:00+00:00,0.98756,0.987685,0.98747,0.987735,244
2026-05-27T07:29:00+00:00,0.987695,0.98761,0.98759,0.98775,191
2026-05-27T07:30:00+00:00,0.987605,0.98736,0.987335,0.987615,247
2026-05-27T07:31:00+00:00,0.987355,0.98756,0.987285,0.98759,189
2026-05-27T07:32:00+00:00,0.987565,0.987465,0.98745,0.98759,151
2026-05-27T07:33:00+00:00,0.98746,0.98755,0.98746,0.987575,183
2026-05-27T07:34:00+00:00,0.98755,0.987545,0.98746,0.98773,261
2026-05-27T07:35:00+00:00,0.98754,0.987465,0.98742,0.98768,221
2026-05-27T07:36:00+00:00,0.98746,0.9874,0.98738,0.98748,100
2026-05-27T07:37:00+00:00,0.9874,0.987325,0.987295,0.98741,148
2026-05-27T07:38:00+00:00,0.98733,0.98715,0.98715,0.98734,140
2026-05-27T07:39:00+00:00,0.987155,0.987135,0.98711,0.98718,186
2026-05-27T07:40:00+00:00,0.987125,0.98703,0.987,0.987135,109
2026-05-27T07:41:00+00:00,0.987025,0.98704,0.98695,0.98708,147
2026-05-27T07:42:00+00:00,0.987045,0.987115,0.987045,0.98715,172
2026-05-27T07:43:00+00:00,0.987115,0.98712,0.98708,0.98716,139
2026-05-27T07:44:00+00:00,0.987125,0.987145,0.98712,0.98724,228
2026-05-27T07:45:00+00:00,0.987135,0.987185,0.987075,0.987215,188
2026-05-27T07:46:00+00:00,0.987175,0.987335,0.98715,0.98741,216
2026-05-27T07:47:00+00:00,0.98734,0.98708,0.98708,0.98734,196
2026-05-27T07:48:00+00:00,0.987085,0.986935,0.986915,0.987125,199
2026-05-27T07:49:00+00:00,0.98694,0.986925,0.986895,0.98697,184
2026-05-27T07:50:00+00:00,0.98693,0.986935,0.98688,0.986965,160
2026-05-27T07:51:00+00:00,0.98694,0.986975,0.98688,0.986975,201
2026-05-27T07:52:00+00:00,0.986965,0.98685,0.986795,0.987015,222
2026-05-27T07:53:00+00:00,0.98686,0.98684,0.986705,0.986895,319
2026-05-27T07:54:00+00:00,0.986835,0.987155,0.986835,0.987165,219
2026-05-27T07:55:00+00:00,0.987145,0.987005,0.9869,0.987145,324
2026-05-27T07:56:00+00:00,0.987,0.98675,0.986745,0.987045,150
2026-05-27T07:57:00+00:00,0.986745,0.98694,0.986735,0.986945,384
2026-05-27T07:58:00+00:00,0.986945,0.986975,0.986895,0.986985,160
2026-05-27T07:59:00+00:00,0.98698,0.98702,0.986975,0.98706,200
2026-05-27T08:00:00+00:00,0.987035,0.98708,0.98694,0.98711,504
2026-05-27T08:01:00+00:00,0.987075,0.987155,0.987,0.98725,433
2026-05-27T08:02:00+00:00,0.98716,0.98718,0.987125,0.98734,319
2026-05-27T08:03:00+00:00,0.987175,0.987225,0.98707,0.98724,259
2026-05-27T08:04:00+00:00,0.98723,0.987245,0.98717,0.98728,266
2026-05-27T08:05:00+00:00,0.98724,0.987345,0.98721,0.987415,257
2026-05-27T08:06:00+00:00,0.98734,0.987125,0.98709,0.98737,280
2026-05-27T08:07:00+00:00,0.987135,0.987165,0.987105,0.98719,212
2026-05-27T08:08:00+00:00,0.98716,0.987195,0.987145,0.987225,220
2026-05-27T08:09:00+00:00,0.9872,0.987075,0.987065,0.98722,181
2026-05-27T08:10:00+00:00,0.98707,0.987125,0.987,0.987125,204
2026-05-27T08:11:00+00:00,0.987125,0.98705,0.987025,0.987125,190
2026-05-27T08:12:00+00:00,0.987045,0.98681,0.986805,0.98709,256
2026-05-27T08:13:00+00:00,0.986805,0.9867,0.98658,0.986825,402
2026-05-27T08:14:00+00:00,0.9867,0.98665,0.9866,0.98672,267
2026-05-27T08:15:00+00:00,0.98666,0.98663,0.98661,0.9868,257
2026-05-27T08:16:00+00:00,0.98664,0.986825,0.98664,0.986835,227
2026-05-27T08:17:00+00:00,0.986835,0.986895,0.986815,0.986965,243
2026-05-27T08:18:00+00:00,0.98689,0.986865,0.986865,0.987,228
2026-05-27T08:19:00+00:00,0.98686,0.986835,0.986755,0.98691,209
2026-05-27T08:20:00+00:00,0.98684,0.98678,0.98672,0.98689,235
2026-05-27T08:21:00+00:00,0.986775,0.986775,0.986775,0.98685,223
2026-05-27T08:22:00+00:00,0.986785,0.98686,0.986765,0.98686,106
2026-05-27T08:23:00+00:00,0.986865,0.9869,0.98685,0.987005,221
2026-05-27T08:24:00+00:00,0.986895,0.98684,0.986745,0.986915,221
2026-05-27T08:25:00+00:00,0.98685,0.98667,0.98663,0.98688,233
2026-05-27T08:26:00+00:00,0.986675,0.986615,0.98654,0.98671,158
2026-05-27T08:27:00+00:00,0.986625,0.98679,0.986595,0.9868,150
2026-05-27T08:28:00+00:00,0.98678,0.986755,0.98671,0.986805,128
2026-05-27T08:29:00+00:00,0.98675,0.986825,0.98674,0.98685,235
2026-05-27T08:30:00+00:00,0.986815,0.986735,0.98667,0.986855,285
2026-05-27T08:31:00+00:00,0.986725,0.986755,0.98671,0.986795,149
2026-05-27T08:32:00+00:00,0.98675,0.986845,0.986735,0.986845,152
2026-05-27T08:33:00+00:00,0.98685,0.986785,0.986775,0.986855,136
2026-05-27T08:34:00+00:00,0.98679,0.98687,0.986695,0.98687,198
2026-05-27T08:35:00+00:00,0.986875,0.986845,0.98678,0.986915,157
2026-05-27T08:36:00+00:00,0.98683,0.986935,0.986825,0.98694,136
2026-05-27T08:37:00+00:00,0.986935,0.986775,0.98672,0.98705,276
2026-05-27T08:38:00+00:00,0.98677,0.98685,0.986755,0.98692,217
2026-05-27T08:39:00+00:00,0.986855,0.98681,0.98679,0.986875,191
2026-05-27T08:40:00+00:00,0.986815,0.986925,0.986815,0.986975,136
2026-05-27T08:41:00+00:00,0.986925,0.987015,0.986925,0.987025,90
2026-05-27T08:42:00+00:00,0.987025,0.987175,0.986975,0.98719,175
2026-05-27T08:43:00+00:00,0.98718,0.987075,0.987005,0.987185,131
2026-05-27T08:44:00+00:00,0.98707,0.987165,0.987055,0.987175,117
2026-05-27T08:45:00+00:00,0.98716,0.987075,0.987065,0.98716,128
2026-05-27T08:46:00+00:00,0.987075,0.98716,0.98707,0.98716,92
2026-05-27T08:47:00+00:00,0.987155,0.98712,0.98711,0.98721,209
2026-05-27T08:48:00+00:00,0.987125,0.98732,0.98712,0.987325,149
2026-05-27T08:49:00+00:00,0.987325,0.98718,0.987175,0.987365,139
2026-05-27T08:50:00+00:00,0.98719,0.98726,0.98718,0.98732,97
2026-05-27T08:51:00+00:00,0.987255,0.98736,0.98722,0.987375,136
2026-05-27T08:52:00+00:00,0.987355,0.987375,0.98733,0.987475,177
2026-05-27T08:53:00+00:00,0.98737,0.98732,0.98722,0.987375,213
2026-05-27T08:54:00+00:00,0.987315,0.987275,0.98724,0.987315,108
2026-05-27T08:55:00+00:00,0.987275,0.987375,0.98725,0.98738,96
2026-05-27T08:56:00+00:00,0.98737,0.987375,0.98734,0.987425,227
2026-05-27T08:57:00+00:00,0.98737,0.98747,0.987335,0.987475,176
2026-05-27T08:58:00+00:00,0.98747,0.98754,0.98747,0.987605,226
2026-05-27T08:59:00+00:00,0.987545,0.987525,0.987485,0.98762,304
2026-05-27T09:00:00+00:00,0.98752,0.987335,0.987325,0.98759,222
2026-05-27T09:01:00+00:00,0.987325,0.987505,0.987315,0.98752,176
2026-05-27T09:02:00+00:00,0.987505,0.98737,0.987355,0.98758,205
2026-05-27T09:03:00+00:00,0.98737,0.987545,0.987335,0.987555,164
2026-05-27T09:04:00+00:00,0.987535,0.98749,0.98745,0.987535,102
2026-05-27T09:05:00+00:00,0.98748,0.987465,0.987385,0.987515,180
2026-05-27T09:06:00+00:00,0.98746,0.987325,0.98728,0.987475,199
2026-05-27T09:07:00+00:00,0.98733,0.987395,0.987325,0.98741,155
2026-05-27T09:08:00+00:00,0.9874,0.987375,0.987325,0.98741,100
2026-05-27T09:09:00+00:00,0.98737,0.987365,0.98732,0.98741,123
2026-05-27T09:10:00+00:00,0.98737,0.987405,0.987275,0.987415,217
2026-05-27T09:11:00+00:00,0.9874,0.987425,0.98737,0.98746,92
2026-05-27T09:12:00+00:00,0.98743,0.987285,0.98728,0.98743,118
2026-05-27T09:13:00+00:00,0.987295,0.98741,0.987275,0.987425,103
2026-05-27T09:14:00+00:00,0.9874,0.98739,0.987325,0.98748,189
2026-05-27T09:15:00+00:00,0.987395,0.987595,0.98739,0.98761,175
2026-05-27T09:16:00+00:00,0.98759,0.98765,0.98755,0.98766,161
2026-05-27T09:17:00+00:00,0.98764,0.98774,0.987555,0.987745,251
2026-05-27T09:18:00+00:00,0.98774,0.987765,0.987675,0.987775,276
2026-05-27T09:19:00+00:00,0.987775,0.987755,0.987725,0.9878,147
2026-05-27T09:20:00+00:00,0.987765,0.98759,0.987585,0.98779,216
2026-05-27T09:21:00+00:00,0.9876,0.98753,0.987505,0.98764,184
2026-05-27T09:22:00+00:00,0.987535,0.987775,0.987535,0.98778,194
2026-05-27T09:23:00+00:00,0.98778,0.98767,0.98766,0.98786,184
2026-05-27T09:24:00+00:00,0.98767,0.987515,0.987505,0.98768,134
2026-05-27T09:25:00+00:00,0.98752,0.987475,0.98747,0.98754,83
2026-05-27T09:26:00+00:00,0.987475,0.987625,0.987465,0.98763,121
2026-05-27T09:27:00+00:00,0.98762,0.98762,0.98759,0.987635,114
2026-05-27T09:28:00+00:00,0.98762,0.98753,0.987485,0.987625,139
2026-05-27T09:29:00+00:00,0.987525,0.98757,0.987525,0.987585,151
2026-05-27T09:30:00+00:00,0.98756,0.98758,0.987505,0.987615,127
2026-05-27T09:31:00+00:00,0.9876,0.98766,0.987575,0.98767,137
2026-05-27T09:32:00+00:00,0.98766,0.98766,0.987625,0.987715,117
2026-05-27T09:33:00+00:00,0.987655,0.98763,0.98755,0.98769,146
2026-05-27T09:34:00+00:00,0.987625,0.987635,0.987615,0.98771,130
2026-05-27T09:35:00+00:00,0.987635,0.98768,0.98761,0.987725,123
2026-05-27T09:36:00+00:00,0.9877,0.98764,0.987635,0.9877,89
2026-05-27T09:37:00+00:00,0.98764,0.987595,0.98758,0.98766,99
2026-05-27T09:38:00+00:00,0.9876,0.98763,0.98758,0.987665,62
2026-05-27T09:39:00+00:00,0.987635,0.98763,0.98758,0.98767,99
2026-05-27T09:40:00+00:00,0.987635,0.98758,0.98758,0.987655,45
2026-05-27T09:41:00+00:00,0.987585,0.98754,0.987525,0.987585,44
2026-05-27T09:42:00+00:00,0.987545,0.98742,0.9874,0.987565,77
2026-05-27T09:43:00+00:00,0.98742,0.987335,0.987315,0.987445,101
2026-05-27T09:44:00+00:00,0.98735,0.98735,0.98733,0.987385,59
2026-05-27T09:45:00+00:00,0.987345,0.9873,0.987245,0.987385,106
2026-05-27T09:46:00+00:00,0.987305,0.987245,0.987245,0.98742,117
2026-05-27T09:47:00+00:00,0.987245,0.98709,0.987085,0.987275,148
2026-05-27T09:48:00+00:00,0.98709,0.98707,0.987025,0.98712,137
2026-05-27T09:49:00+00:00,0.987075,0.98726,0.987065,0.98726,191
2026-05-27T09:50:00+00:00,0.987265,0.987395,0.987265,0.98745,146
2026-05-27T09:51:00+00:00,0.98739,0.987495,0.987385,0.9875,103
2026-05-27T09:52:00+00:00,0.98749,0.98729,0.98729,0.987505,151
2026-05-27T09:53:00+00:00,0.987295,0.987495,0.98729,0.987505,115
2026-05-27T09:54:00+00:00,0.987485,0.987575,0.987445,0.98758,115
2026-05-27T09:55:00+00:00,0.98758,0.98766,0.98758,0.987685,139
2026-05-27T09:56:00+00:00,0.987665,0.987595,0.987575,0.9877,101
2026-05-27T09:57:00+00:00,0.98759,0.98761,0.987585,0.98767,203
2026-05-27T09:58:00+00:00,0.987605,0.987485,0.98748,0.987625,164
2026-05-27T09:59:00+00:00,0.98748,0.987325,0.98732,0.98749,195
2026-05-27T10:00:00+00:00,0.98732,0.98738,0.987285,0.987385,214
2026-05-27T10:01:00+00:00,0.98738,0.987425,0.98736,0.98744,190
2026-05-27T10:02:00+00:00,0.98743,0.987405,0.9874,0.98743,91
2026-05-27T10:03:00+00:00,0.98741,0.98734,0.987335,0.98743,193
2026-05-27T10:04:00+00:00,0.98735,0.987475,0.98735,0.98751,137
2026-05-27T10:05:00+00:00,0.987475,0.9875,0.987435,0.987515,140
2026-05-27T10:06:00+00:00,0.987505,0.987555,0.98748,0.987565,156
2026-05-27T10:07:00+00:00,0.98756,0.987625,0.98756,0.987665,130
2026-05-27T10:08:00+00:00,0.98762,0.987505,0.987495,0.98767,159
2026-05-27T10:09:00+00:00,0.987505,0.987545,0.9875,0.987585,167
2026-05-27T10:10:00+00:00,0.98755,0.987495,0.98746,0.98758,222
2026-05-27T10:11:00+00:00,0.9875,0.98756,0.9875,0.98766,170
2026-05-27T10:12:00+00:00,0.98757,0.987615,0.987545,0.98763,145
2026-05-27T10:13:00+00:00,0.98761,0.987645,0.987575,0.98765,107
2026-05-27T10:14:00+00:00,0.987645,0.987575,0.987565,0.987675,105
2026-05-27T10:15:00+00:00,0.98757,0.98758,0.987525,0.987645,175
2026-05-27T10:16:00+00:00,0.987575,0.987525,0.98748,0.987585,131
2026-05-27T10:17:00+00:00,0.98752,0.987625,0.98752,0.98763,84
2026-05-27T10:18:00+00:00,0.98763,0.987585,0.987545,0.98763,142
2026-05-27T10:19:00+00:00,0.987585,0.98753,0.9875,0.9876,112
2026-05-27T10:20:00+00:00,0.987535,0.987625,0.987535,0.987645,197
2026-05-27T10:21:00+00:00,0.98763,0.987505,0.98749,0.98766,166
2026-05-27T10:22:00+00:00,0.9875,0.987505,0.987495,0.98756,126
2026-05-27T10:23:00+00:00,0.98752,0.98743,0.987415,0.987555,154
2026-05-27T10:24:00+00:00,0.987435,0.98763,0.987435,0.987645,153
2026-05-27T10:25:00+00:00,0.987635,0.987575,0.98757,0.987635,103
2026-05-27T10:26:00+00:00,0.98758,0.987475,0.987445,0.987585,90
2026-05-27T10:27:00+00:00,0.98748,0.98739,0.987375,0.98748,120
2026-05-27T10:28:00+00:00,0.987385,0.98724,0.987225,0.98742,204
2026-05-27T10:29:00+00:00,0.987245,0.987275,0.987225,0.987305,181
2026-05-27T10:30:00+00:00,0.98727,0.987295,0.987205,0.98731,191
2026-05-27T10:31:00+00:00,0.987285,0.98742,0.987275,0.98742,136
2026-05-27T10:32:00+00:00,0.987425,0.98744,0.9874,0.98748,227
2026-05-27T10:33:00+00:00,0.987435,0.98742,0.98741,0.987515,120
2026-05-27T10:34:00+00:00,0.987415,0.98751,0.987415,0.987575,174
2026-05-27T10:35:00+00:00,0.98752,0.98752,0.987435,0.98757,141
2026-05-27T10:36:00+00:00,0.987515,0.98763,0.987495,0.98764,226
2026-05-27T10:37:00+00:00,0.987625,0.98762,0.987585,0.987625,130
2026-05-27T10:38:00+00:00,0.987615,0.9877,0.987615,0.987705,162
2026-05-27T10:39:00+00:00,0.987695,0.98746,0.987395,0.9877,240
2026-05-27T10:40:00+00:00,0.987465,0.987425,0.987415,0.98751,146
2026-05-27T10:41:00+00:00,0.98742,0.98744,0.98742,0.987505,109
2026-05-27T10:42:00+00:00,0.987445,0.98748,0.987405,0.98748,159
2026-05-27T10:43:00+00:00,0.98748,0.987505,0.987475,0.987535,101
2026-05-27T10:44:00+00:00,0.98751,0.987455,0.987355,0.98752,202
2026-05-27T10:45:00+00:00,0.987465,0.987465,0.987425,0.98755,206
2026-05-27T10:46:00+00:00,0.98747,0.987365,0.987275,0.987475,348
2026-05-27T10:47:00+00:00,0.98736,0.987125,0.987125,0.98737,236
2026-05-27T10:48:00+00:00,0.987135,0.987375,0.987135,0.987425,193
2026-05-27T10:49:00+00:00,0.98739,0.987475,0.98739,0.987545,228
2026-05-27T10:50:00+00:00,0.98747,0.9874,0.98726,0.987505,225
2026-05-27T10:51:00+00:00,0.987395,0.987265,0.987255,0.987415,206
2026-05-27T10:52:00+00:00,0.987255,0.98731,0.98716,0.987315,217
2026-05-27T10:53:00+00:00,0.987315,0.987245,0.987205,0.987315,87
2026-05-27T10:54:00+00:00,0.987245,0.987325,0.987245,0.987365,157
2026-05-27T10:55:00+00:00,0.98732,0.98712,0.987115,0.98732,156
2026-05-27T10:56:00+00:00,0.987115,0.987055,0.987055,0.987165,203
2026-05-27T10:57:00+00:00,0.987055,0.98706,0.98694,0.987115,180
2026-05-27T10:58:00+00:00,0.987045,0.986835,0.986735,0.98705,185
2026-05-27T10:59:00+00:00,0.98683,0.98699,0.986795,0.98701,208
2026-05-27T11:00:00+00:00,0.987,0.986925,0.986925,0.987175,188
2026-05-27T11:01:00+00:00,0.98693,0.987075,0.986925,0.987075,99
2026-05-27T11:02:00+00:00,0.98707,0.987145,0.987055,0.987175,195
2026-05-27T11:03:00+00:00,0.98715,0.987125,0.987125,0.98722,206
2026-05-27T11:04:00+00:00,0.98712,0.987125,0.98707,0.987175,194
2026-05-27T11:05:00+00:00,0.987125,0.986975,0.986925,0.987125,163
2026-05-27T11:06:00+00:00,0.986975,0.986945,0.986945,0.98706,195
2026-05-27T11:07:00+00:00,0.986955,0.986855,0.98685,0.98697,171
2026-05-27T11:08:00+00:00,0.98685,0.986825,0.986775,0.986915,186
2026-05-27T11:09:00+00:00,0.986815,0.986795,0.98677,0.986825,130
2026-05-27T11:10:00+00:00,0.9868,0.9868,0.986685,0.98681,221
2026-05-27T11:11:00+00:00,0.986785,0.986705,0.986595,0.986785,240
2026-05-27T11:12:00+00:00,0.98671,0.986825,0.986705,0.986825,188
2026-05-27T11:13:00+00:00,0.98683,0.98688,0.98681,0.98689,153
2026-05-27T11:14:00+00:00,0.98688,0.986905,0.986805,0.986905,133
2026-05-27T11:15:00+00:00,0.986895,0.986875,0.986825,0.98695,153
2026-05-27T11:16:00+00:00,0.98687,0.986875,0.98674,0.986925,291
2026-05-27T11:17:00+00:00,0.98688,0.9869,0.986855,0.98693,139
2026-05-27T11:18:00+00:00,0.986895,0.986855,0.98684,0.986905,198
2026-05-27T11:19:00+00:00,0.986845,0.98678,0.98678,0.986885,131
2026-05-27T11:20:00+00:00,0.986775,0.986765,0.9867,0.98682,148
2026-05-27T11:21:00+00:00,0.98676,0.986735,0.98673,0.98688,199
2026-05-27T11:22:00+00:00,0.98674,0.986845,0.986725,0.986885,122
2026-05-27T11:23:00+00:00,0.98683,0.9869,0.986825,0.98698,236
2026-05-27T11:24:00+00:00,0.986885,0.986885,0.98688,0.98696,116
2026-05-27T11:25:00+00:00,0.9869,0.9869,0.98687,0.98693,174
2026-05-27T11:26:00+00:00,0.986895,0.986725,0.986675,0.986905,161
2026-05-27T11:27:00+00:00,0.98672,0.98673,0.98665,0.98675,158
2026-05-27T11:28:00+00:00,0.98673,0.9867,0.986695,0.986775,101
2026-05-27T11:29:00+00:00,0.986705,0.986725,0.986685,0.98673,92
2026-05-27T11:30:00+00:00,0.98672,0.98663,0.986575,0.98676,218
2026-05-27T11:31:00+00:00,0.98663,0.986465,0.9864,0.986635,297
2026-05-27T11:32:00+00:00,0.98646,0.986545,0.98646,0.98657,280
2026-05-27T11:33:00+00:00,0.98654,0.98661,0.986525,0.986625,217
2026-05-27T11:34:00+00:00,0.986605,0.986665,0.98658,0.98667,168
2026-05-27T11:35:00+00:00,0.98667,0.98671,0.986615,0.98672,143
2026-05-27T11:36:00+00:00,0.986715,0.98671,0.98666,0.986795,187
2026-05-27T11:37:00+00:00,0.986705,0.986805,0.986675,0.98683,208
2026-05-27T11:38:00+00:00,0.98681,0.986775,0.986745,0.986935,230
2026-05-27T11:39:00+00:00,0.98677,0.986725,0.986715,0.986775,147
2026-05-27T11:40:00+00:00,0.986735,0.9866,0.986535,0.98674,181
2026-05-27T11:41:00+00:00,0.986605,0.986725,0.98652,0.98673,196
2026-05-27T11:42:00+00:00,0.986715,0.98676,0.98664,0.986775,154
2026-05-27T11:43:00+00:00,0.98677,0.986925,0.986745,0.98693,179
2026-05-27T11:44:00+00:00,0.98693,0.986855,0.986795,0.98698,183
2026-05-27T11:45:00+00:00,0.98685,0.986725,0.986675,0.986855,152
2026-05-27T11:46:00+00:00,0.98673,0.986675,0.986675,0.98683,273
2026-05-27T11:47:00+00:00,0.986685,0.986745,0.986625,0.98675,108
2026-05-27T11:48:00+00:00,0.98675,0.986575,0.986525,0.98675,198
2026-05-27T11:49:00+00:00,0.986575,0.986575,0.986575,0.98666,164
2026-05-27T11:50:00+00:00,0.98657,0.986525,0.986415,0.98657,204
2026-05-27T11:51:00+00:00,0.986525,0.986525,0.98649,0.98654,87
2026-05-27T11:52:00+00:00,0.986525,0.986565,0.986525,0.986625,112
2026-05-27T11:53:00+00:00,0.986565,0.98662,0.986525,0.986625,136
2026-05-27T11:54:00+00:00,0.986625,0.986575,0.986555,0.98666,151
2026-05-27T11:55:00+00:00,0.98657,0.98649,0.98647,0.986575,272
2026-05-27T11:56:00+00:00,0.986485,0.986505,0.986465,0.98656,206
2026-05-27T11:57:00+00:00,0.986485,0.986525,0.986475,0.986575,219
2026-05-27T11:58:00+00:00,0.98652,0.986575,0.98648,0.98658,126
2026-05-27T11:59:00+00:00,0.986575,0.986615,0.986515,0.986615,146
2026-05-27T12:00:00+00:00,0.98661,0.986385,0.98636,0.98663,348
2026-05-27T12:01:00+00:00,0.98638,0.986505,0.98638,0.986525,293
2026-05-27T12:02:00+00:00,0.986505,0.986465,0.986445,0.986565,332
2026-05-27T12:03:00+00:00,0.98646,0.986385,0.986335,0.98647,253
2026-05-27T12:04:00+00:00,0.986385,0.986525,0.98636,0.986525,224
2026-05-27T12:05:00+00:00,0.98652,0.986575,0.98651,0.986625,322
2026-05-27T12:06:00+00:00,0.98657,0.986545,0.986445,0.9866,324
2026-05-27T12:07:00+00:00,0.98655,0.986505,0.98647,0.986565,154
2026-05-27T12:08:00+00:00,0.986505,0.986415,0.98638,0.986505,133
2026-05-27T12:09:00+00:00,0.986425,0.986375,0.986315,0.986465,203
2026-05-27T12:10:00+00:00,0.98637,0.98635,0.986345,0.986435,240
2026-05-27T12:11:00+00:00,0.986355,0.986325,0.98631,0.986415,201
2026-05-27T12:12:00+00:00,0.98633,0.98622,0.9862,0.98634,209
2026-05-27T12:13:00+00:00,0.986215,0.98611,0.986105,0.98631,262
2026-05-27T12:14:00+00:00,0.986115,0.9858,0.9858,0.986135,380
2026-05-27T12:15:00+00:00,0.98582,0.98569,0.985615,0.985925,367
2026-05-27T12:16:00+00:00,0.985685,0.985745,0.985685,0.985845,397
2026-05-27T12:17:00+00:00,0.985735,0.98591,0.98572,0.98594,421
2026-05-27T12:18:00+00:00,0.985905,0.98657,0.985855,0.986895,1309
2026-05-27T12:19:00+00:00,0.98658,0.986685,0.9865,0.987225,1228
2026-05-27T12:20:00+00:00,0.986675,0.98693,0.986365,0.986955,784
2026-05-27T12:21:00+00:00,0.986925,0.98754,0.986865,0.987565,1005
2026-05-27T12:22:00+00:00,0.987555,0.988,0.98753,0.98813,1259
2026-05-27T12:23:00+00:00,0.988005,0.98754,0.98734,0.98815,1012
2026-05-27T12:24:00+00:00,0.987545,0.987415,0.987225,0.9876,739
2026-05-27T12:25:00+00:00,0.98742,0.98809,0.9874,0.988095,589
2026-05-27T12:26:00+00:00,0.988075,0.987825,0.98779,0.988125,697
2026-05-27T12:27:00+00:00,0.98781,0.987535,0.987375,0.98787,513
2026-05-27T12:28:00+00:00,0.987545,0.98778,0.98751,0.98781,462
2026-05-27T12:29:00+00:00,0.98779,0.987925,0.987645,0.987975,397
2026-05-27T12:30:00+00:00,0.98791,0.988075,0.98791,0.98823,562
2026-05-27T12:31:00+00:00,0.98808,0.98769,0.987685,0.988115,523
2026-05-27T12:32:00+00:00,0.98768,0.987535,0.9875,0.987725,505
2026-05-27T12:33:00+00:00,0.98753,0.987515,0.987395,0.987575,371
2026-05-27T12:34:00+00:00,0.98752,0.9875,0.987185,0.98752,398
2026-05-27T12:35:00+00:00,0.987495,0.98722,0.987165,0.987585,389
2026-05-27T12:36:00+00:00,0.987215,0.987415,0.9872,0.98774,905
2026-05-27T12:37:00+00:00,0.98741,0.987075,0.987005,0.987415,884
2026-05-27T12:38:00+00:00,0.987065,0.987125,0.986905,0.987125,549
2026-05-27T12:39:00+00:00,0.987135,0.987075,0.986915,0.98717,391
2026-05-27T12:40:00+00:00,0.98708,0.98702,0.98699,0.98716,565
2026-05-27T12:41:00+00:00,0.987025,0.986975,0.986885,0.98705,512
2026-05-27T12:42:00+00:00,0.98697,0.98677,0.986735,0.986995,398
2026-05-27T12:43:00+00:00,0.986765,0.986955,0.98674,0.987,375
2026-05-27T12:44:00+00:00,0.986965,0.98691,0.986865,0.98709,388
2026-05-27T12:45:00+00:00,0.986915,0.986775,0.986715,0.986915,453
2026-05-27T12:46:00+00:00,0.98677,0.98666,0.986595,0.98677,397
2026-05-27T12:47:00+00:00,0.98667,0.986605,0.9865,0.986715,295
2026-05-27T12:48:00+00:00,0.98661,0.986595,0.986455,0.986615,309
2026-05-27T12:49:00+00:00,0.9866,0.98667,0.986565,0.986695,339
2026-05-27T12:50:00+00:00,0.986665,0.986635,0.986605,0.986695,295
2026-05-27T12:51:00+00:00,0.98664,0.986745,0.98662,0.986825,225
2026-05-27T12:52:00+00:00,0.98674,0.986835,0.98671,0.986855,242
2026-05-27T12:53:00+00:00,0.986855,0.986775,0.98672,0.986855,348
2026-05-27T12:54:00+00:00,0.98678,0.986765,0.98671,0.9868,276
2026-05-27T12:55:00+00:00,0.98676,0.986835,0.98676,0.986925,266
2026-05-27T12:56:00+00:00,0.98684,0.986725,0.986725,0.9869,315
2026-05-27T12:57:00+00:00,0.986725,0.98671,0.986615,0.98674,368
2026-05-27T12:58:00+00:00,0.986695,0.98664,0.986575,0.986775,318
2026-05-27T12:59:00+00:00,0.986635,0.986445,0.98628,0.986675,508
2026-05-27T13:00:00+00:00,0.986435,0.98668,0.98637,0.98676,524
2026-05-27T13:01:00+00:00,0.986675,0.986625,0.9866,0.986785,472
2026-05-27T13:02:00+00:00,0.98662,0.987025,0.98661,0.98703,475
2026-05-27T13:03:00+00:00,0.98702,0.98697,0.986915,0.98706,461
2026-05-27T13:04:00+00:00,0.986975,0.98672,0.986665,0.986975,362
2026-05-27T13:05:00+00:00,0.986715,0.98686,0.9866,0.9869,367
2026-05-27T13:06:00+00:00,0.986865,0.986815,0.986775,0.986915,384
2026-05-27T13:07:00+00:00,0.98681,0.9866,0.986525,0.986815,439
2026-05-27T13:08:00+00:00,0.98658,0.986455,0.98642,0.9867,310
2026-05-27T13:09:00+00:00,0.98646,0.98647,0.98638,0.98651,380
2026-05-27T13:10:00+00:00,0.986475,0.986765,0.986475,0.98679,325
2026-05-27T13:11:00+00:00,0.98677,0.98686,0.98671,0.986865,333
2026-05-27T13:12:00+00:00,0.986865,0.986825,0.986715,0.986885,270
2026-05-27T13:13:00+00:00,0.986835,0.986725,0.986675,0.98685,291
2026-05-27T13:14:00+00:00,0.98673,0.986725,0.98664,0.98676,273
2026-05-27T13:15:00+00:00,0.98673,0.98668,0.986585,0.986775,212
2026-05-27T13:16:00+00:00,0.986675,0.98686,0.986645,0.986865,386
2026-05-27T13:17:00+00:00,0.986855,0.9868,0.986775,0.98689,303
2026-05-27T13:18:00+00:00,0.9868,0.98679,0.98672,0.986835,237
2026-05-27T13:19:00+00:00,0.986795,0.986825,0.98678,0.98694,262
2026-05-27T13:20:00+00:00,0.98682,0.986505,0.986475,0.986825,215
2026-05-27T13:21:00+00:00,0.98651,0.986475,0.98642,0.986525,374
2026-05-27T13:22:00+00:00,0.98648,0.986575,0.986425,0.9866,295
2026-05-27T13:23:00+00:00,0.98658,0.986625,0.986555,0.98669,208
2026-05-27T13:24:00+00:00,0.98662,0.98682,0.98657,0.98683,192
2026-05-27T13:25:00+00:00,0.98683,0.98692,0.98683,0.987065,227
2026-05-27T13:26:00+00:00,0.986915,0.98706,0.98687,0.987075,308
2026-05-27T13:27:00+00:00,0.987065,0.986955,0.986825,0.98711,372
2026-05-27T13:28:00+00:00,0.98695,0.986825,0.98681,0.98699,418
2026-05-27T13:29:00+00:00,0.98683,0.986625,0.986625,0.986845,443
2026-05-27T13:30:00+00:00,0.98663,0.98668,0.98653,0.986775,614
2026-05-27T13:31:00+00:00,0.98669,0.986775,0.986675,0.98688,440
2026-05-27T13:32:00+00:00,0.986765,0.986915,0.98671,0.986925,571
2026-05-27T13:33:00+00:00,0.98691,0.98701,0.986875,0.98709,488
2026-05-27T13:34:00+00:00,0.987015,0.98705,0.98695,0.987095,487
2026-05-27T13:35:00+00:00,0.987045,0.986875,0.986835,0.98705,493
2026-05-27T13:36:00+00:00,0.98687,0.98655,0.98655,0.986875,445
2026-05-27T13:37:00+00:00,0.98653,0.986485,0.986395,0.986595,536
2026-05-27T13:38:00+00:00,0.98649,0.98651,0.98635,0.98656,472
2026-05-27T13:39:00+00:00,0.98651,0.98668,0.98651,0.986705,494
2026-05-27T13:40:00+00:00,0.98668,0.98683,0.98666,0.986875,511
2026-05-27T13:41:00+00:00,0.986825,0.986875,0.986725,0.986905,468
2026-05-27T13:42:00+00:00,0.98687,0.986855,0.986765,0.9869,494
2026-05-27T13:43:00+00:00,0.98687,0.986725,0.98672,0.986925,444
2026-05-27T13:44:00+00:00,0.98672,0.98692,0.98664,0.98692,457
2026-05-27T13:45:00+00:00,0.9869,0.987225,0.98686,0.987225,507
2026-05-27T13:46:00+00:00,0.98723,0.986875,0.98684,0.98723,530
2026-05-27T13:47:00+00:00,0.986865,0.986595,0.9865,0.986925,527
2026-05-27T13:48:00+00:00,0.9866,0.986695,0.98659,0.98674,505
2026-05-27T13:49:00+00:00,0.9867,0.98665,0.986545,0.986715,455
2026-05-27T13:50:00+00:00,0.986655,0.98665,0.98659,0.98676,688
2026-05-27T13:51:00+00:00,0.986645,0.9869,0.98664,0.986915,462
2026-05-27T13:52:00+00:00,0.986895,0.986915,0.986725,0.98692,451
2026-05-27T13:53:00+00:00,0.986905,0.98672,0.986715,0.98693,448
2026-05-27T13:54:00+00:00,0.986715,0.98663,0.98652,0.986745,579
2026-05-27T13:55:00+00:00,0.986655,0.98662,0.986595,0.986775,509
2026-05-27T13:56:00+00:00,0.986615,0.986615,0.986525,0.98667,468
2026-05-27T13:57:00+00:00,0.98662,0.98675,0.986575,0.98676,370
2026-05-27T13:58:00+00:00,0.986755,0.986625,0.986595,0.986755,346
2026-05-27T13:59:00+00:00,0.98662,0.986865,0.98662,0.98688,364
2026-05-27T14:00:00+00:00,0.98687,0.986825,0.986795,0.98703,520
2026-05-27T14:01:00+00:00,0.986835,0.986975,0.9868,0.98698,431
2026-05-27T14:02:00+00:00,0.986965,0.986925,0.98684,0.98701,427
2026-05-27T14:03:00+00:00,0.98693,0.98687,0.986805,0.98693,407
2026-05-27T14:04:00+00:00,0.986865,0.987005,0.986755,0.987025,416
2026-05-27T14:05:00+00:00,0.98701,0.9868,0.986775,0.98703,421
2026-05-27T14:06:00+00:00,0.986795,0.986775,0.98671,0.986825,365
2026-05-27T14:07:00+00:00,0.98677,0.98672,0.986635,0.986985,517
2026-05-27T14:08:00+00:00,0.986705,0.986725,0.986665,0.98682,558
2026-05-27T14:09:00+00:00,0.98672,0.986875,0.986705,0.986925,443
2026-05-27T14:10:00+00:00,0.98688,0.986835,0.98673,0.986915,395
2026-05-27T14:11:00+00:00,0.98685,0.98681,0.986775,0.986925,347
2026-05-27T14:12:00+00:00,0.986815,0.986935,0.98681,0.98697,379
2026-05-27T14:13:00+00:00,0.986925,0.98694,0.98688,0.987025,411
2026-05-27T14:14:00+00:00,0.986945,0.98696,0.98683,0.98705,349
2026-05-27T14:15:00+00:00,0.986955,0.98691,0.98681,0.98697,288
2026-05-27T14:16:00+00:00,0.98691,0.98704,0.98691,0.98711,472
2026-05-27T14:17:00+00:00,0.987035,0.987175,0.987015,0.987235,399
2026-05-27T14:18:00+00:00,0.987175,0.987185,0.987125,0.98729,346
2026-05-27T14:19:00+00:00,0.987195,0.987225,0.9871,0.98724,392
2026-05-27T14:20:00+00:00,0.98721,0.98699,0.98691,0.987285,784
2026-05-27T14:21:00+00:00,0.986985,0.98711,0.986955,0.987245,424
2026-05-27T14:22:00+00:00,0.987105,0.986955,0.986925,0.987165,485
2026-05-27T14:23:00+00:00,0.986965,0.986845,0.986815,0.987025,474
2026-05-27T14:24:00+00:00,0.986835,0.98658,0.986525,0.98685,534
2026-05-27T14:25:00+00:00,0.986575,0.986675,0.986525,0.98672,432
2026-05-27T14:26:00+00:00,0.986665,0.98663,0.98656,0.986725,316
2026-05-27T14:27:00+00:00,0.986645,0.98664,0.986615,0.986815,262
2026-05-27T14:28:00+00:00,0.986635,0.986725,0.986565,0.986785,572
2026-05-27T14:29:00+00:00,0.98672,0.986695,0.98667,0.98678,464
2026-05-27T14:30:00+00:00,0.98669,0.98668,0.986655,0.98683,507
2026-05-27T14:31:00+00:00,0.98669,0.98687,0.98669,0.986885,339
2026-05-27T14:32:00+00:00,0.986875,0.986375,0.986375,0.98689,720
2026-05-27T14:33:00+00:00,0.98638,0.98596,0.985895,0.986635,1376
2026-05-27T14:34:00+00:00,0.985945,0.986255,0.98581,0.9863,1208
2026-05-27T14:35:00+00:00,0.98626,0.986225,0.986135,0.986325,800
2026-05-27T14:36:00+00:00,0.98622,0.986415,0.986195,0.98643,554
2026-05-27T14:37:00+00:00,0.98641,0.98637,0.98627,0.986465,465
2026-05-27T14:38:00+00:00,0.986375,0.986535,0.986375,0.98663,452
2026-05-27T14:39:00+00:00,0.98653,0.98663,0.986445,0.98666,395
2026-05-27T14:40:00+00:00,0.986625,0.98644,0.98637,0.986635,472
2026-05-27T14:41:00+00:00,0.986435,0.986365,0.98626,0.986435,338
2026-05-27T14:42:00+00:00,0.98636,0.98615,0.9861,0.986385,560
2026-05-27T14:43:00+00:00,0.986155,0.986375,0.986125,0.98642,413
2026-05-27T14:44:00+00:00,0.986375,0.986425,0.98635,0.98646,311
2026-05-27T14:45:00+00:00,0.986435,0.986725,0.986405,0.986725,303
2026-05-27T14:46:00+00:00,0.98672,0.986715,0.98666,0.986795,413
2026-05-27T14:47:00+00:00,0.98671,0.98675,0.986705,0.986865,390
2026-05-27T14:48:00+00:00,0.986755,0.986795,0.98656,0.9868,551
2026-05-27T14:49:00+00:00,0.98679,0.986525,0.986525,0.98684,479
2026-05-27T14:50:00+00:00,0.986535,0.986915,0.986525,0.98697,662
2026-05-27T14:51:00+00:00,0.98692,0.98668,0.98666,0.98696,600
2026-05-27T14:52:00+00:00,0.98667,0.986725,0.986645,0.98686,500
2026-05-27T14:53:00+00:00,0.98672,0.98661,0.98656,0.98675,844
2026-05-27T14:54:00+00:00,0.98662,0.986815,0.986535,0.98682,533
2026-05-27T14:55:00+00:00,0.98681,0.986825,0.986675,0.986895,706
2026-05-27T14:56:00+00:00,0.986815,0.98679,0.986725,0.986985,654
2026-05-27T14:57:00+00:00,0.986785,0.986875,0.98676,0.986965,794
2026-05-27T14:58:00+00:00,0.98687,0.987065,0.98686,0.987125,494
2026-05-27T14:59:00+00:00,0.98707,0.98703,0.986995,0.987095,486
2026-05-27T15:00:00+00:00,0.987025,0.98705,0.986915,0.987075,447
2026-05-27T15:01:00+00:00,0.98706,0.98737,0.98705,0.987375,573
2026-05-27T15:02:00+00:00,0.987365,0.987175,0.987135,0.987375,549
2026-05-27T15:03:00+00:00,0.98717,0.98723,0.98708,0.987325,676
2026-05-27T15:04:00+00:00,0.987225,0.98704,0.986985,0.98729,785
2026-05-27T15:05:00+00:00,0.98705,0.986925,0.986915,0.987225,695
2026-05-27T15:06:00+00:00,0.986935,0.986835,0.986825,0.98703,638
2026-05-27T15:07:00+00:00,0.986825,0.98696,0.98682,0.987055,628
2026-05-27T15:08:00+00:00,0.98695,0.98702,0.986895,0.987055,600
2026-05-27T15:09:00+00:00,0.987005,0.98699,0.986915,0.987045,516
2026-05-27T15:10:00+00:00,0.986995,0.98695,0.986895,0.987005,509
2026-05-27T15:11:00+00:00,0.986955,0.98703,0.98688,0.98708,638
2026-05-27T15:12:00+00:00,0.987025,0.987115,0.986995,0.98712,390
2026-05-27T15:13:00+00:00,0.98712,0.98722,0.98705,0.9873,402
2026-05-27T15:14:00+00:00,0.987215,0.987225,0.98721,0.987305,338
2026-05-27T15:15:00+00:00,0.98723,0.98694,0.98688,0.98724,356
2026-05-27T15:16:00+00:00,0.986945,0.98699,0.986895,0.987005,234
2026-05-27T15:17:00+00:00,0.986985,0.98707,0.98696,0.98711,292
2026-05-27T15:18:00+00:00,0.98706,0.98714,0.987045,0.98715,359
2026-05-27T15:19:00+00:00,0.987145,0.98723,0.987105,0.987245,375
2026-05-27T15:20:00+00:00,0.98724,0.987215,0.987185,0.987375,442
2026-05-27T15:21:00+00:00,0.987225,0.98716,0.987105,0.987225,389
2026-05-27T15:22:00+00:00,0.987165,0.98719,0.98714,0.98722,263
2026-05-27T15:23:00+00:00,0.9872,0.98725,0.987165,0.9873,298
2026-05-27T15:24:00+00:00,0.98724,0.987275,0.98712,0.987295,303
2026-05-27T15:25:00+00:00,0.987265,0.98726,0.9872,0.98734,333
2026-05-27T15:26:00+00:00,0.98725,0.9872,0.9872,0.987325,310
2026-05-27T15:27:00+00:00,0.987205,0.987225,0.98718,0.987325,261
2026-05-27T15:28:00+00:00,0.98723,0.9873,0.987175,0.9873,222
2026-05-27T15:29:00+00:00,0.98729,0.98729,0.987225,0.98734,184
2026-05-27T15:30:00+00:00,0.987295,0.987295,0.98722,0.987365,342
2026-05-27T15:31:00+00:00,0.98729,0.98737,0.987255,0.987485,553
2026-05-27T15:32:00+00:00,0.987365,0.987415,0.98733,0.98748,320
2026-05-27T15:33:00+00:00,0.98742,0.98751,0.98738,0.987575,316
2026-05-27T15:34:00+00:00,0.987505,0.987355,0.98735,0.987505,371
2026-05-27T15:35:00+00:00,0.98736,0.987125,0.98712,0.987425,265
2026-05-27T15:36:00+00:00,0.987135,0.987185,0.987075,0.987245,356
2026-05-27T15:37:00+00:00,0.98718,0.987065,0.987035,0.987185,208
2026-05-27T15:38:00+00:00,0.98707,0.98705,0.986975,0.987095,274
2026-05-27T15:39:00+00:00,0.987045,0.987025,0.98693,0.987045,200
2026-05-27T15:40:00+00:00,0.98703,0.98715,0.98701,0.98716,165
2026-05-27T15:41:00+00:00,0.987145,0.987075,0.987075,0.98727,210
2026-05-27T15:42:00+00:00,0.98708,0.9869,0.986845,0.987125,244
2026-05-27T15:43:00+00:00,0.986915,0.986775,0.98677,0.98694,269
2026-05-27T15:44:00+00:00,0.986775,0.98663,0.98661,0.986825,499
2026-05-27T15:45:00+00:00,0.986625,0.986685,0.9866,0.98696,593
2026-05-27T15:46:00+00:00,0.98669,0.98673,0.98666,0.98677,329
2026-05-27T15:47:00+00:00,0.98673,0.986555,0.986545,0.986745,325
2026-05-27T15:48:00+00:00,0.98656,0.98646,0.98646,0.98657,216
2026-05-27T15:49:00+00:00,0.98647,0.986575,0.98643,0.986625,273
2026-05-27T15:50:00+00:00,0.98657,0.986625,0.986555,0.98672,357
2026-05-27T15:51:00+00:00,0.98662,0.986505,0.9865,0.986625,264
2026-05-27T15:52:00+00:00,0.986495,0.986625,0.986475,0.986685,263
2026-05-27T15:53:00+00:00,0.986635,0.98686,0.986635,0.98686,264
2026-05-27T15:54:00+00:00,0.986855,0.986875,0.986655,0.986885,385
2026-05-27T15:55:00+00:00,0.98687,0.986775,0.986655,0.986885,344
2026-05-27T15:56:00+00:00,0.98678,0.986725,0.986655,0.986825,274
2026-05-27T15:57:00+00:00,0.98673,0.986785,0.986715,0.986825,285
2026-05-27T15:58:00+00:00,0.98679,0.986725,0.986645,0.98679,187
2026-05-27T15:59:00+00:00,0.986725,0.986825,0.986675,0.986825,183
2026-05-27T16:00:00+00:00,0.986835,0.986925,0.98676,0.98696,310
2026-05-27T16:01:00+00:00,0.98693,0.986955,0.98693,0.987085,235
2026-05-27T16:02:00+00:00,0.98695,0.98697,0.986895,0.986985,240
2026-05-27T16:03:00+00:00,0.98697,0.9867,0.98663,0.98703,406
2026-05-27T16:04:00+00:00,0.986705,0.98686,0.98662,0.986895,657
2026-05-27T16:05:00+00:00,0.98687,0.986825,0.98682,0.986965,236
2026-05-27T16:06:00+00:00,0.98682,0.98686,0.98675,0.98688,328
2026-05-27T16:07:00+00:00,0.98687,0.986805,0.986765,0.986925,186
2026-05-27T16:08:00+00:00,0.9868,0.98683,0.986665,0.98686,245
2026-05-27T16:09:00+00:00,0.98683,0.98691,0.98682,0.986925,189
2026-05-27T16:10:00+00:00,0.98692,0.9869,0.9869,0.98696,264
2026-05-27T16:11:00+00:00,0.986915,0.986975,0.986875,0.987015,206
2026-05-27T16:12:00+00:00,0.98698,0.98708,0.98698,0.98709,235
2026-05-27T16:13:00+00:00,0.987085,0.986915,0.986915,0.987085,176
2026-05-27T16:14:00+00:00,0.98691,0.986875,0.98687,0.986955,162
2026-05-27T16:15:00+00:00,0.98688,0.986895,0.98684,0.98693,170
2026-05-27T16:16:00+00:00,0.98689,0.98688,0.986815,0.9869,202
2026-05-27T16:17:00+00:00,0.986875,0.9869,0.986845,0.986935,250
2026-05-27T16:18:00+00:00,0.986905,0.9869,0.986845,0.98695,242
2026-05-27T16:19:00+00:00,0.986905,0.98688,0.98684,0.98695,158
2026-05-27T16:20:00+00:00,0.98688,0.986895,0.98688,0.986955,142
2026-05-27T16:21:00+00:00,0.986895,0.986885,0.98684,0.986935,202
2026-05-27T16:22:00+00:00,0.98688,0.986905,0.986845,0.98699,237
2026-05-27T16:23:00+00:00,0.986905,0.987005,0.986885,0.987045,154
2026-05-27T16:24:00+00:00,0.987005,0.986875,0.98683,0.98703,273
2026-05-27T16:25:00+00:00,0.986865,0.98683,0.98679,0.986895,273
2026-05-27T16:26:00+00:00,0.986835,0.98686,0.98679,0.986905,218
2026-05-27T16:27:00+00:00,0.986865,0.986875,0.98681,0.986885,209
2026-05-27T16:28:00+00:00,0.986875,0.98683,0.9868,0.986925,169
2026-05-27T16:29:00+00:00,0.98684,0.98692,0.98683,0.986935,233
2026-05-27T16:30:00+00:00,0.986915,0.986835,0.98683,0.986985,252
2026-05-27T16:31:00+00:00,0.98684,0.986995,0.98681,0.98701,234
2026-05-27T16:32:00+00:00,0.986985,0.986995,0.986975,0.987075,163
2026-05-27T16:33:00+00:00,0.987,0.986965,0.986935,0.987015,296
2026-05-27T16:34:00+00:00,0.98697,0.987075,0.98696,0.987075,191
2026-05-27T16:35:00+00:00,0.987075,0.98715,0.987075,0.98715,119
2026-05-27T16:36:00+00:00,0.987145,0.9871,0.987075,0.98724,197
2026-05-27T16:37:00+00:00,0.987095,0.98707,0.98699,0.9871,139
2026-05-27T16:38:00+00:00,0.987075,0.987115,0.987035,0.98712,167
2026-05-27T16:39:00+00:00,0.987125,0.987075,0.987035,0.987155,153
2026-05-27T16:40:00+00:00,0.98708,0.987225,0.987075,0.987245,156
2026-05-27T16:41:00+00:00,0.98723,0.987175,0.987165,0.987275,167
2026-05-27T16:42:00+00:00,0.987175,0.987225,0.987175,0.98724,176
2026-05-27T16:43:00+00:00,0.98722,0.98723,0.987195,0.98725,211
2026-05-27T16:44:00+00:00,0.987235,0.987275,0.987225,0.987325,198
2026-05-27T16:45:00+00:00,0.987275,0.9873,0.98727,0.987325,150
2026-05-27T16:46:00+00:00,0.987295,0.9873,0.987225,0.987335,192
2026-05-27T16:47:00+00:00,0.9873,0.98732,0.98728,0.987325,117
2026-05-27T16:48:00+00:00,0.98731,0.987375,0.987305,0.987385,198
2026-05-27T16:49:00+00:00,0.987375,0.987365,0.98734,0.98738,125
2026-05-27T16:50:00+00:00,0.987375,0.987355,0.987275,0.987395,119
2026-05-27T16:51:00+00:00,0.98736,0.98732,0.987305,0.987375,142
2026-05-27T16:52:00+00:00,0.987325,0.987275,0.98727,0.98733,159
2026-05-27T16:53:00+00:00,0.987275,0.987275,0.98723,0.987285,155
2026-05-27T16:54:00+00:00,0.987275,0.98725,0.987235,0.987305,127
2026-05-27T16:55:00+00:00,0.987235,0.98715,0.98713,0.987235,155
2026-05-27T16:56:00+00:00,0.987155,0.987055,0.987055,0.98718,155
2026-05-27T16:57:00+00:00,0.987065,0.98697,0.98696,0.987085,163
2026-05-27T16:58:00+00:00,0.98698,0.987055,0.98697,0.987075,151
2026-05-27T16:59:00+00:00,0.98706,0.98705,0.98702,0.987075,145
2026-05-27T17:00:00+00:00,0.987055,0.987105,0.987025,0.987125,129
2026-05-27T17:01:00+00:00,0.987105,0.987105,0.987015,0.987175,174
2026-05-27T17:02:00+00:00,0.987095,0.98709,0.987025,0.987155,235
2026-05-27T17:03:00+00:00,0.987095,0.987125,0.98702,0.98717,198
2026-05-27T17:04:00+00:00,0.987125,0.987075,0.987025,0.98713,168
2026-05-27T17:05:00+00:00,0.98707,0.987075,0.987025,0.987175,234
2026-05-27T17:06:00+00:00,0.98708,0.986925,0.98691,0.98708,152
2026-05-27T17:07:00+00:00,0.986925,0.98679,0.986775,0.98694,280
2026-05-27T17:08:00+00:00,0.986785,0.9867,0.986625,0.986825,425
2026-05-27T17:09:00+00:00,0.986695,0.986675,0.98666,0.98685,288
2026-05-27T17:10:00+00:00,0.98668,0.986725,0.986645,0.986775,336
2026-05-27T17:11:00+00:00,0.98672,0.98664,0.98663,0.98674,288
2026-05-27T17:12:00+00:00,0.986645,0.98667,0.98661,0.986685,226
2026-05-27T17:13:00+00:00,0.986675,0.98666,0.98659,0.986675,471
2026-05-27T17:14:00+00:00,0.986675,0.98672,0.98662,0.986725,213
2026-05-27T17:15:00+00:00,0.98671,0.98675,0.986675,0.986775,179
2026-05-27T17:16:00+00:00,0.986745,0.986745,0.98673,0.986825,164
2026-05-27T17:17:00+00:00,0.986755,0.986815,0.986735,0.98683,182
2026-05-27T17:18:00+00:00,0.98682,0.986725,0.986705,0.98682,220
2026-05-27T17:19:00+00:00,0.986715,0.98662,0.986615,0.986745,212
2026-05-27T17:20:00+00:00,0.98662,0.98663,0.98657,0.98664,191
2026-05-27T17:21:00+00:00,0.986635,0.986515,0.986505,0.98665,228
2026-05-27T17:22:00+00:00,0.98651,0.986525,0.986475,0.986575,215
2026-05-27T17:23:00+00:00,0.986515,0.98648,0.986475,0.986545,228
2026-05-27T17:24:00+00:00,0.986475,0.98648,0.986465,0.98657,159
2026-05-27T17:25:00+00:00,0.986475,0.98653,0.986475,0.98659,151
2026-05-27T17:26:00+00:00,0.98654,0.98657,0.986535,0.9866,115
2026-05-27T17:27:00+00:00,0.986565,0.986575,0.986535,0.9866,104
2026-05-27T17:28:00+00:00,0.98658,0.98659,0.98654,0.98662,131
2026-05-27T17:29:00+00:00,0.986595,0.986605,0.986585,0.986685,217
2026-05-27T17:30:00+00:00,0.98662,0.986625,0.98659,0.986635,100
2026-05-27T17:31:00+00:00,0.98663,0.986645,0.98662,0.986725,170
2026-05-27T17:32:00+00:00,0.986645,0.9866,0.9866,0.986675,126
2026-05-27T17:33:00+00:00,0.986595,0.986545,0.98652,0.986625,171
2026-05-27T17:34:00+00:00,0.98654,0.986525,0.98652,0.986595,114
2026-05-27T17:35:00+00:00,0.986535,0.986655,0.98652,0.986675,160
2026-05-27T17:36:00+00:00,0.98667,0.98668,0.986625,0.9867,213
2026-05-27T17:37:00+00:00,0.986685,0.986595,0.98658,0.986685,104
2026-05-27T17:38:00+00:00,0.9866,0.98672,0.986575,0.986725,240
2026-05-27T17:39:00+00:00,0.986715,0.98662,0.98661,0.986725,196
2026-05-27T17:40:00+00:00,0.98662,0.986625,0.986575,0.98666,128
2026-05-27T17:41:00+00:00,0.986625,0.986675,0.986625,0.98668,92
2026-05-27T17:42:00+00:00,0.986665,0.986595,0.986575,0.986675,119
2026-05-27T17:43:00+00:00,0.9866,0.98664,0.986575,0.98664,174
2026-05-27T17:44:00+00:00,0.98664,0.98663,0.986575,0.98665,109
2026-05-27T17:45:00+00:00,0.986625,0.98666,0.986625,0.986685,129
2026-05-27T17:46:00+00:00,0.98666,0.98678,0.98666,0.986805,208
2026-05-27T17:47:00+00:00,0.986795,0.986775,0.98675,0.98682,140
2026-05-27T17:48:00+00:00,0.98678,0.98682,0.98676,0.986825,125
2026-05-27T17:49:00+00:00,0.986825,0.986885,0.986825,0.986895,54
2026-05-27T17:50:00+00:00,0.986895,0.986925,0.986885,0.98697,152
2026-05-27T17:51:00+00:00,0.986915,0.9869,0.98681,0.986925,150
2026-05-27T17:52:00+00:00,0.986905,0.98689,0.986825,0.98693,130
2026-05-27T17:53:00+00:00,0.98689,0.986875,0.986825,0.9869,78
2026-05-27T17:54:00+00:00,0.986875,0.986895,0.986875,0.986935,64
2026-05-27T17:55:00+00:00,0.9869,0.986975,0.986895,0.98702,91
2026-05-27T17:56:00+00:00,0.98698,0.986925,0.986925,0.98701,132
2026-05-27T17:57:00+00:00,0.986925,0.98692,0.986875,0.986965,142
2026-05-27T17:58:00+00:00,0.986925,0.986875,0.98687,0.986925,109
2026-05-27T17:59:00+00:00,0.986875,0.986835,0.986785,0.98688,104
2026-05-27T18:00:00+00:00,0.98683,0.986815,0.986775,0.986875,251
2026-05-27T18:01:00+00:00,0.98682,0.986775,0.98675,0.98683,146
2026-05-27T18:02:00+00:00,0.986775,0.98684,0.98677,0.98687,174
2026-05-27T18:03:00+00:00,0.98684,0.986845,0.986825,0.986875,165
2026-05-27T18:04:00+00:00,0.98686,0.986835,0.98678,0.986875,145
2026-05-27T18:05:00+00:00,0.98683,0.986885,0.98678,0.986895,96
2026-05-27T18:06:00+00:00,0.98688,0.986915,0.9868,0.98692,153
2026-05-27T18:07:00+00:00,0.98692,0.986945,0.986915,0.98695,69
2026-05-27T18:08:00+00:00,0.98695,0.987015,0.98691,0.98702,144
2026-05-27T18:09:00+00:00,0.987015,0.98695,0.98695,0.987025,66
2026-05-27T18:10:00+00:00,0.986955,0.98695,0.986915,0.986975,90
2026-05-27T18:11:00+00:00,0.98694,0.986955,0.9869,0.986985,116
2026-05-27T18:12:00+00:00,0.986965,0.986945,0.986915,0.98699,137
2026-05-27T18:13:00+00:00,0.986945,0.986895,0.98689,0.986945,160
2026-05-27T18:14:00+00:00,0.986895,0.986955,0.986875,0.986955,156
2026-05-27T18:15:00+00:00,0.98697,0.98694,0.986925,0.98698,193
2026-05-27T18:16:00+00:00,0.986935,0.986935,0.986925,0.986985,143
2026-05-27T18:17:00+00:00,0.98693,0.986975,0.98688,0.986975,151
2026-05-27T18:18:00+00:00,0.986975,0.987035,0.98693,0.98705,112
2026-05-27T18:19:00+00:00,0.98703,0.98696,0.98696,0.987035,73
2026-05-27T18:20:00+00:00,0.98697,0.987025,0.98696,0.987045,97
2026-05-27T18:21:00+00:00,0.987025,0.987035,0.987025,0.987075,147
2026-05-27T18:22:00+00:00,0.987035,0.98708,0.987035,0.98711,113
2026-05-27T18:23:00+00:00,0.98709,0.9872,0.98705,0.987215,76
2026-05-27T18:24:00+00:00,0.9872,0.987175,0.987155,0.987225,122
2026-05-27T18:25:00+00:00,0.987175,0.987155,0.987125,0.98719,149
2026-05-27T18:26:00+00:00,0.98715,0.987225,0.98715,0.98724,122
2026-05-27T18:27:00+00:00,0.987225,0.987275,0.987185,0.98729,193
2026-05-27T18:28:00+00:00,0.987265,0.98727,0.987225,0.987295,194
2026-05-27T18:29:00+00:00,0.987275,0.98732,0.987265,0.987325,80
2026-05-27T18:30:00+00:00,0.987325,0.98732,0.987315,0.987375,248
2026-05-27T18:31:00+00:00,0.987325,0.987275,0.987225,0.987325,180
2026-05-27T18:32:00+00:00,0.98727,0.98725,0.987205,0.987275,148
2026-05-27T18:33:00+00:00,0.98724,0.987225,0.987225,0.987295,152
2026-05-27T18:34:00+00:00,0.987215,0.987125,0.987125,0.987225,97
2026-05-27T18:35:00+00:00,0.98713,0.987095,0.98708,0.98716,117
2026-05-27T18:36:00+00:00,0.987095,0.98714,0.987075,0.987225,142
2026-05-27T18:37:00+00:00,0.98714,0.987125,0.987075,0.987175,135
2026-05-27T18:38:00+00:00,0.987125,0.987255,0.987125,0.987275,111
2026-05-27T18:39:00+00:00,0.98725,0.987285,0.987225,0.987295,153
2026-05-27T18:40:00+00:00,0.987285,0.987325,0.987265,0.987355,86
2026-05-27T18:41:00+00:00,0.98733,0.98733,0.987305,0.98736,87
2026-05-27T18:42:00+00:00,0.98733,0.987405,0.987325,0.98741,132
2026-05-27T18:43:00+00:00,0.98741,0.98743,0.98738,0.98745,137
2026-05-27T18:44:00+00:00,0.987445,0.987455,0.987425,0.9875,118
2026-05-27T18:45:00+00:00,0.98745,0.987425,0.98741,0.98746,80
2026-05-27T18:46:00+00:00,0.987425,0.987425,0.9874,0.987445,75
2026-05-27T18:47:00+00:00,0.987425,0.98747,0.987425,0.98749,86
2026-05-27T18:48:00+00:00,0.98748,0.987485,0.98744,0.987525,118
2026-05-27T18:49:00+00:00,0.98748,0.987515,0.98744,0.987525,177
2026-05-27T18:50:00+00:00,0.98751,0.987575,0.98751,0.98764,161
2026-05-27T18:51:00+00:00,0.98758,0.987525,0.98752,0.987585,105
2026-05-27T18:52:00+00:00,0.987525,0.98753,0.987505,0.98755,86
2026-05-27T18:53:00+00:00,0.987525,0.987475,0.987425,0.98755,134
2026-05-27T18:54:00+00:00,0.987475,0.98744,0.98743,0.987495,129
2026-05-27T18:55:00+00:00,0.98745,0.9876,0.987435,0.9876,148
2026-05-27T18:56:00+00:00,0.987605,0.98758,0.98753,0.98761,148
2026-05-27T18:57:00+00:00,0.987575,0.98758,0.987575,0.987635,143
2026-05-27T18:58:00+00:00,0.98759,0.987595,0.98757,0.987625,212
2026-05-27T18:59:00+00:00,0.98761,0.987625,0.987545,0.987675,204
2026-05-27T19:00:00+00:00,0.987635,0.98756,0.987535,0.987675,162
2026-05-27T19:01:00+00:00,0.987555,0.987575,0.98752,0.987625,142
2026-05-27T19:02:00+00:00,0.98757,0.987575,0.987555,0.987635,73
2026-05-27T19:03:00+00:00,0.987575,0.987675,0.987575,0.9877,79
2026-05-27T19:04:00+00:00,0.987675,0.9877,0.98764,0.98773,84
2026-05-27T19:05:00+00:00,0.987705,0.987775,0.987665,0.98779,125
2026-05-27T19:06:00+00:00,0.987775,0.9877,0.98768,0.98779,147
2026-05-27T19:07:00+00:00,0.987705,0.9877,0.987625,0.987715,179
2026-05-27T19:08:00+00:00,0.987705,0.98761,0.987605,0.98772,164
2026-05-27T19:09:00+00:00,0.987605,0.98766,0.987605,0.98766,67
2026-05-27T19:10:00+00:00,0.987655,0.987645,0.98763,0.9877,114
2026-05-27T19:11:00+00:00,0.987645,0.987575,0.987575,0.98765,44
2026-05-27T19:12:00+00:00,0.98758,0.987625,0.98756,0.98763,67
2026-05-27T19:13:00+00:00,0.987625,0.987575,0.987545,0.987625,110
2026-05-27T19:14:00+00:00,0.98757,0.98763,0.987525,0.98764,110
2026-05-27T19:15:00+00:00,0.98763,0.987675,0.98763,0.98769,103
2026-05-27T19:16:00+00:00,0.987675,0.98769,0.987645,0.98771,106
2026-05-27T19:17:00+00:00,0.98769,0.98767,0.98766,0.98772,73
2026-05-27T19:18:00+00:00,0.987665,0.987695,0.987645,0.98771,50
