timestamp_utc,open,close,min,max,volume
2026-05-25T13:28:00+00:00,0.98985,0.989795,0.989775,0.98986,99
2026-05-25T13:29:00+00:00,0.989795,0.98981,0.989795,0.989835,93
2026-05-25T13:30:00+00:00,0.989815,0.989935,0.989805,0.989945,280
2026-05-25T13:31:00+00:00,0.989935,0.989985,0.98986,0.989985,187
2026-05-25T13:32:00+00:00,0.98998,0.99001,0.989965,0.990025,158
2026-05-25T13:33:00+00:00,0.990015,0.99005,0.990005,0.99008,177
2026-05-25T13:34:00+00:00,0.99004,0.99003,0.98999,0.9901,167
2026-05-25T13:35:00+00:00,0.99003,0.990035,0.99001,0.990065,145
2026-05-25T13:36:00+00:00,0.99003,0.99,0.989995,0.990065,165
2026-05-25T13:37:00+00:00,0.990005,0.990035,0.990005,0.990075,108
2026-05-25T13:38:00+00:00,0.99005,0.989985,0.989955,0.99006,149
2026-05-25T13:39:00+00:00,0.98998,0.99005,0.989945,0.990085,139
2026-05-25T13:40:00+00:00,0.99004,0.990075,0.99001,0.99009,107
2026-05-25T13:41:00+00:00,0.990065,0.989935,0.98993,0.990085,172
2026-05-25T13:42:00+00:00,0.98994,0.989935,0.9899,0.99,141
2026-05-25T13:43:00+00:00,0.989955,0.989905,0.989895,0.98996,110
2026-05-25T13:44:00+00:00,0.98991,0.98997,0.989895,0.98998,146
2026-05-25T13:45:00+00:00,0.989965,0.98995,0.98992,0.98999,139
2026-05-25T13:46:00+00:00,0.989945,0.989955,0.989905,0.98997,137
2026-05-25T13:47:00+00:00,0.98995,0.98977,0.989705,0.98995,163
2026-05-25T13:48:00+00:00,0.98978,0.98986,0.989735,0.989885,170
2026-05-25T13:49:00+00:00,0.989855,0.98991,0.989835,0.98993,87
2026-05-25T13:50:00+00:00,0.98991,0.98998,0.989895,0.98999,83
2026-05-25T13:51:00+00:00,0.989985,0.99009,0.98998,0.99009,131
2026-05-25T13:52:00+00:00,0.990075,0.99015,0.990035,0.99016,155
2026-05-25T13:53:00+00:00,0.990145,0.99008,0.990045,0.99016,179
2026-05-25T13:54:00+00:00,0.990085,0.99006,0.99001,0.9901,105
2026-05-25T13:55:00+00:00,0.990055,0.99005,0.99002,0.990095,140
2026-05-25T13:56:00+00:00,0.990055,0.990025,0.990005,0.990055,123
2026-05-25T13:57:00+00:00,0.990025,0.990025,0.989905,0.990025,162
2026-05-25T13:58:00+00:00,0.99003,0.989935,0.989925,0.990055,173
2026-05-25T13:59:00+00:00,0.98994,0.989915,0.98988,0.989985,106
2026-05-25T14:00:00+00:00,0.98992,0.99002,0.98991,0.99002,161
2026-05-25T14:01:00+00:00,0.990025,0.9901,0.99,0.9901,150
2026-05-25T14:02:00+00:00,0.990095,0.98998,0.98994,0.9901,176
2026-05-25T14:03:00+00:00,0.989985,0.990045,0.989935,0.99007,187
2026-05-25T14:04:00+00:00,0.990045,0.990095,0.99003,0.99014,161
2026-05-25T14:05:00+00:00,0.99009,0.99004,0.99004,0.990095,127
2026-05-25T14:06:00+00:00,0.99004,0.990005,0.99,0.990075,88
2026-05-25T14:07:00+00:00,0.990005,0.989925,0.989925,0.990005,62
2026-05-25T14:08:00+00:00,0.989935,0.989945,0.98988,0.989945,88
2026-05-25T14:09:00+00:00,0.98994,0.989995,0.989905,0.989995,102
2026-05-25T14:10:00+00:00,0.989995,0.989985,0.989965,0.99,78
2026-05-25T14:11:00+00:00,0.989985,0.989945,0.989935,0.98999,80
2026-05-25T14:12:00+00:00,0.989945,0.98983,0.989805,0.989955,76
2026-05-25T14:13:00+00:00,0.989825,0.989755,0.989745,0.989845,117
2026-05-25T14:14:00+00:00,0.98976,0.98979,0.989755,0.989805,74
2026-05-25T14:15:00+00:00,0.98979,0.98983,0.989785,0.98986,81
2026-05-25T14:16:00+00:00,0.989835,0.989865,0.98983,0.989875,93
2026-05-25T14:17:00+00:00,0.98986,0.989845,0.989825,0.98988,70
2026-05-25T14:18:00+00:00,0.989835,0.98993,0.989835,0.98995,116
2026-05-25T14:19:00+00:00,0.98993,0.98995,0.98988,0.989975,87
2026-05-25T14:20:00+00:00,0.98994,0.98996,0.98994,0.99001,117
2026-05-25T14:21:00+00:00,0.989965,0.98995,0.989915,0.989985,117
2026-05-25T14:22:00+00:00,0.98994,0.98992,0.989845,0.98995,147
2026-05-25T14:23:00+00:00,0.98993,0.989915,0.989855,0.98993,108
2026-05-25T14:24:00+00:00,0.98991,0.989945,0.98991,0.98996,92
2026-05-25T14:25:00+00:00,0.98994,0.98996,0.989885,0.98997,102
2026-05-25T14:26:00+00:00,0.989965,0.99001,0.989945,0.990025,50
2026-05-25T14:27:00+00:00,0.990005,0.990005,0.99,0.99003,77
2026-05-25T14:28:00+00:00,0.99,0.99002,0.989995,0.99003,109
2026-05-25T14:29:00+00:00,0.990015,0.98999,0.989965,0.990035,120
2026-05-25T14:30:00+00:00,0.99,0.989915,0.989885,0.99,148
2026-05-25T14:31:00+00:00,0.98991,0.98989,0.989865,0.98994,127
2026-05-25T14:32:00+00:00,0.98989,0.98983,0.98983,0.98992,139
2026-05-25T14:33:00+00:00,0.98984,0.989835,0.989805,0.989865,109
2026-05-25T14:34:00+00:00,0.98984,0.989935,0.98983,0.989955,117
2026-05-25T14:35:00+00:00,0.98993,0.98991,0.989875,0.989935,82
2026-05-25T14:36:00+00:00,0.9899,0.989955,0.9899,0.989975,86
2026-05-25T14:37:00+00:00,0.989955,0.9899,0.98989,0.98997,86
2026-05-25T14:38:00+00:00,0.989905,0.989895,0.98988,0.989925,59
2026-05-25T14:39:00+00:00,0.98989,0.989935,0.98988,0.98997,110
2026-05-25T14:40:00+00:00,0.98994,0.989905,0.9899,0.989945,146
2026-05-25T14:41:00+00:00,0.9899,0.99001,0.98987,0.990025,191
2026-05-25T14:42:00+00:00,0.990005,0.989945,0.989935,0.990035,196
2026-05-25T14:43:00+00:00,0.98996,0.989925,0.989885,0.98996,120
2026-05-25T14:44:00+00:00,0.98992,0.989935,0.98991,0.98999,143
2026-05-25T14:45:00+00:00,0.989925,0.98988,0.989875,0.989945,108
2026-05-25T14:46:00+00:00,0.989885,0.99002,0.98985,0.99007,192
2026-05-25T14:47:00+00:00,0.990025,0.99003,0.989985,0.990065,120
2026-05-25T14:48:00+00:00,0.99003,0.99002,0.989955,0.99006,170
2026-05-25T14:49:00+00:00,0.990025,0.98999,0.98998,0.990055,133
2026-05-25T14:50:00+00:00,0.989995,0.989975,0.989965,0.990015,130
2026-05-25T14:51:00+00:00,0.989985,0.990095,0.98997,0.99012,81
2026-05-25T14:52:00+00:00,0.9901,0.99011,0.99007,0.99012,103
2026-05-25T14:53:00+00:00,0.9901,0.990095,0.99004,0.99012,118
2026-05-25T14:54:00+00:00,0.99008,0.989995,0.98996,0.9901,163
2026-05-25T14:55:00+00:00,0.99,0.990225,0.99,0.990225,227
2026-05-25T14:56:00+00:00,0.99023,0.990295,0.990175,0.990295,171
2026-05-25T14:57:00+00:00,0.990295,0.990405,0.99024,0.990415,291
2026-05-25T14:58:00+00:00,0.99041,0.99068,0.990385,0.99068,280
2026-05-25T14:59:00+00:00,0.990675,0.99063,0.990575,0.99069,313
2026-05-25T15:00:00+00:00,0.990635,0.990545,0.99046,0.99064,227
2026-05-25T15:01:00+00:00,0.99054,0.99045,0.99041,0.990575,174
2026-05-25T15:02:00+00:00,0.990445,0.990525,0.990275,0.990525,283
2026-05-25T15:03:00+00:00,0.99052,0.990475,0.99047,0.99054,164
2026-05-25T15:04:00+00:00,0.99047,0.99052,0.99043,0.99053,102
2026-05-25T15:05:00+00:00,0.990535,0.990425,0.990425,0.99055,223
2026-05-25T15:06:00+00:00,0.990415,0.990415,0.990325,0.990445,171
2026-05-25T15:07:00+00:00,0.990415,0.99034,0.990315,0.99043,138
2026-05-25T15:08:00+00:00,0.99033,0.990275,0.990265,0.99034,130
2026-05-25T15:09:00+00:00,0.990285,0.990075,0.990065,0.990285,157
2026-05-25T15:10:00+00:00,0.990065,0.99055,0.99006,0.9906,476
2026-05-25T15:11:00+00:00,0.99054,0.990745,0.990525,0.99084,765
2026-05-25T15:12:00+00:00,0.990735,0.990595,0.99057,0.990825,555
2026-05-25T15:13:00+00:00,0.9906,0.99051,0.990485,0.99064,325
2026-05-25T15:14:00+00:00,0.990515,0.99042,0.990395,0.990535,268
2026-05-25T15:15:00+00:00,0.990415,0.990485,0.9904,0.990485,348
2026-05-25T15:16:00+00:00,0.99048,0.990385,0.990345,0.99049,312
2026-05-25T15:17:00+00:00,0.99039,0.99029,0.990255,0.99043,246
2026-05-25T15:18:00+00:00,0.9903,0.99034,0.99029,0.99038,141
2026-05-25T15:19:00+00:00,0.99034,0.990385,0.99033,0.9904,128
2026-05-25T15:20:00+00:00,0.99039,0.990425,0.99036,0.990465,141
2026-05-25T15:21:00+00:00,0.99042,0.99042,0.990355,0.990445,124
2026-05-25T15:22:00+00:00,0.990415,0.99041,0.990385,0.990445,72
2026-05-25T15:23:00+00:00,0.990415,0.9904,0.990355,0.99044,131
2026-05-25T15:24:00+00:00,0.990405,0.99038,0.990375,0.990435,208
2026-05-25T15:25:00+00:00,0.990385,0.990395,0.990365,0.990435,160
2026-05-25T15:26:00+00:00,0.99039,0.990515,0.99038,0.99053,294
2026-05-25T15:27:00+00:00,0.99052,0.990495,0.9904,0.990535,156
2026-05-25T15:28:00+00:00,0.99049,0.990445,0.990435,0.990515,118
2026-05-25T15:29:00+00:00,0.99044,0.990425,0.990405,0.990505,173
2026-05-25T15:30:00+00:00,0.99043,0.990365,0.990325,0.99043,64
2026-05-25T15:31:00+00:00,0.99036,0.99041,0.99032,0.990425,82
2026-05-25T15:32:00+00:00,0.990415,0.990365,0.99036,0.990425,57
2026-05-25T15:33:00+00:00,0.990365,0.99027,0.99025,0.99039,138
2026-05-25T15:34:00+00:00,0.990275,0.990255,0.990245,0.99031,70
2026-05-25T15:35:00+00:00,0.99026,0.99027,0.990185,0.99029,82
2026-05-25T15:36:00+00:00,0.990275,0.99032,0.990265,0.99033,50
2026-05-25T15:37:00+00:00,0.990315,0.99017,0.990165,0.990325,85
2026-05-25T15:38:00+00:00,0.990165,0.990195,0.99015,0.9902,74
2026-05-25T15:39:00+00:00,0.990195,0.990105,0.990105,0.9902,25
2026-05-25T15:40:00+00:00,0.99011,0.9901,0.99004,0.990115,57
2026-05-25T15:41:00+00:00,0.99009,0.98996,0.989955,0.9901,79
2026-05-25T15:42:00+00:00,0.98997,0.99002,0.989955,0.99007,111
2026-05-25T15:43:00+00:00,0.99002,0.990035,0.99001,0.990035,38
2026-05-25T15:44:00+00:00,0.99003,0.98998,0.98997,0.99003,56
2026-05-25T15:45:00+00:00,0.989985,0.99,0.989955,0.99001,72
2026-05-25T15:46:00+00:00,0.990005,0.99002,0.989995,0.990075,100
2026-05-25T15:47:00+00:00,0.99002,0.989985,0.989985,0.990075,49
2026-05-25T15:48:00+00:00,0.989995,0.989955,0.989925,0.99002,71
2026-05-25T15:49:00+00:00,0.989955,0.98986,0.98986,0.98996,65
2026-05-25T15:50:00+00:00,0.98986,0.98979,0.98978,0.98987,61
2026-05-25T15:51:00+00:00,0.98979,0.98984,0.989785,0.989865,68
2026-05-25T15:52:00+00:00,0.98985,0.989865,0.989845,0.98989,53
2026-05-25T15:53:00+00:00,0.989865,0.9898,0.9898,0.98987,20
2026-05-25T15:54:00+00:00,0.98978,0.989795,0.98978,0.98981,22
2026-05-25T15:55:00+00:00,0.98979,0.989775,0.989775,0.989825,36
2026-05-25T15:56:00+00:00,0.989775,0.98982,0.989775,0.989825,35
2026-05-25T15:57:00+00:00,0.98982,0.98972,0.9897,0.989825,69
2026-05-25T15:58:00+00:00,0.989725,0.989575,0.989535,0.989735,120
2026-05-25T15:59:00+00:00,0.989585,0.98962,0.989575,0.989675,114
2026-05-25T16:00:00+00:00,0.989615,0.989535,0.98952,0.98965,153
2026-05-25T16:01:00+00:00,0.989535,0.98959,0.98941,0.98959,190
2026-05-25T16:02:00+00:00,0.989585,0.989705,0.98956,0.989725,119
2026-05-25T16:03:00+00:00,0.9897,0.989635,0.989635,0.9897,77
2026-05-25T16:04:00+00:00,0.989635,0.98967,0.98963,0.989675,72
2026-05-25T16:05:00+00:00,0.98967,0.989625,0.98962,0.98967,85
2026-05-25T16:06:00+00:00,0.98962,0.989665,0.98962,0.989695,55
2026-05-25T16:07:00+00:00,0.98966,0.989655,0.989645,0.989675,76
2026-05-25T16:08:00+00:00,0.98966,0.989615,0.989595,0.989685,74
2026-05-25T16:09:00+00:00,0.98962,0.98949,0.98949,0.98962,40
2026-05-25T16:10:00+00:00,0.989505,0.989465,0.989435,0.98955,89
2026-05-25T16:11:00+00:00,0.989475,0.98954,0.98947,0.989545,45
2026-05-25T16:12:00+00:00,0.989535,0.989475,0.989475,0.98954,96
2026-05-25T16:13:00+00:00,0.98948,0.98954,0.98947,0.98955,124
2026-05-25T16:14:00+00:00,0.98954,0.98961,0.98952,0.989615,81
2026-05-25T16:15:00+00:00,0.98961,0.989675,0.989605,0.98969,30
2026-05-25T16:16:00+00:00,0.989675,0.989725,0.989675,0.989765,54
2026-05-25T16:17:00+00:00,0.989725,0.98974,0.98971,0.98977,49
2026-05-25T16:18:00+00:00,0.98974,0.98961,0.98961,0.98974,68
2026-05-25T16:19:00+00:00,0.98961,0.989535,0.98951,0.98961,67
2026-05-25T16:20:00+00:00,0.989535,0.989475,0.989475,0.989555,78
2026-05-25T16:21:00+00:00,0.98947,0.98964,0.989465,0.98964,74
2026-05-25T16:22:00+00:00,0.98964,0.9896,0.989565,0.98967,61
2026-05-25T16:23:00+00:00,0.9896,0.98955,0.98955,0.989625,36
2026-05-25T16:24:00+00:00,0.98956,0.98955,0.98954,0.989585,50
2026-05-25T16:25:00+00:00,0.989555,0.98963,0.98955,0.98963,46
2026-05-25T16:26:00+00:00,0.98963,0.98958,0.98956,0.98963,42
2026-05-25T16:27:00+00:00,0.989585,0.989555,0.98954,0.9896,100
2026-05-25T16:28:00+00:00,0.98956,0.989555,0.98954,0.98956,27
2026-05-25T16:29:00+00:00,0.98955,0.98955,0.989505,0.989555,68
2026-05-25T16:30:00+00:00,0.98955,0.98956,0.989545,0.989565,62
2026-05-25T16:31:00+00:00,0.98956,0.98959,0.989545,0.9896,67
2026-05-25T16:32:00+00:00,0.989595,0.989585,0.989565,0.989615,112
2026-05-25T16:33:00+00:00,0.989575,0.989545,0.989525,0.9896,250
2026-05-25T16:34:00+00:00,0.98955,0.989595,0.98952,0.98961,201
2026-05-25T16:35:00+00:00,0.98959,0.989635,0.98957,0.989665,188
2026-05-25T16:36:00+00:00,0.989635,0.989735,0.989625,0.98974,150
2026-05-25T16:37:00+00:00,0.98973,0.989735,0.9897,0.989755,232
2026-05-25T16:38:00+00:00,0.98974,0.989765,0.98971,0.989775,174
2026-05-25T16:39:00+00:00,0.98977,0.989835,0.98977,0.989865,99
2026-05-25T16:40:00+00:00,0.98983,0.98974,0.989735,0.98984,101
2026-05-25T16:41:00+00:00,0.989735,0.989725,0.98969,0.989745,157
2026-05-25T16:42:00+00:00,0.989725,0.989755,0.989725,0.989765,39
2026-05-25T16:43:00+00:00,0.989755,0.989805,0.989755,0.989815,130
2026-05-25T16:44:00+00:00,0.9898,0.989855,0.9898,0.989855,16
2026-05-25T16:45:00+00:00,0.989855,0.989885,0.989845,0.9899,75
2026-05-25T16:46:00+00:00,0.989885,0.989915,0.989885,0.989915,17
2026-05-25T16:47:00+00:00,0.989915,0.98994,0.989865,0.989945,93
2026-05-25T16:48:00+00:00,0.989945,0.98996,0.98992,0.989965,184
2026-05-25T16:49:00+00:00,0.98996,0.98996,0.98995,0.99,121
2026-05-25T16:50:00+00:00,0.98996,0.99004,0.989935,0.99006,134
2026-05-25T16:51:00+00:00,0.99004,0.990105,0.99004,0.99016,124
2026-05-25T16:52:00+00:00,0.990105,0.99009,0.99007,0.990155,92
2026-05-25T16:53:00+00:00,0.99008,0.98994,0.989905,0.990135,272
2026-05-25T16:54:00+00:00,0.989945,0.9899,0.98989,0.98999,266
2026-05-25T16:55:00+00:00,0.989895,0.98996,0.989895,0.99003,74
2026-05-25T16:56:00+00:00,0.989965,0.99007,0.98996,0.990115,87
2026-05-25T16:57:00+00:00,0.990065,0.99009,0.99004,0.99009,53
2026-05-25T16:58:00+00:00,0.990085,0.990115,0.99008,0.990165,69
2026-05-25T16:59:00+00:00,0.99012,0.990115,0.990105,0.990165,168
2026-05-25T17:00:00+00:00,0.99011,0.99011,0.9901,0.99013,52
2026-05-25T17:01:00+00:00,0.99011,0.99007,0.990035,0.99012,69
2026-05-25T17:02:00+00:00,0.990065,0.99012,0.990065,0.990125,15
2026-05-25T17:03:00+00:00,0.99012,0.990135,0.99011,0.990135,19
2026-05-25T17:04:00+00:00,0.990135,0.990175,0.990135,0.99018,21
2026-05-25T17:05:00+00:00,0.99016,0.990115,0.99011,0.99017,25
2026-05-25T17:06:00+00:00,0.99011,0.99014,0.990105,0.990155,26
2026-05-25T17:07:00+00:00,0.99014,0.99015,0.99014,0.99017,23
2026-05-25T17:08:00+00:00,0.99015,0.99016,0.99014,0.99016,22
2026-05-25T17:09:00+00:00,0.99016,0.990155,0.99014,0.990165,18
2026-05-25T17:10:00+00:00,0.990155,0.990185,0.990155,0.99019,37
2026-05-25T17:11:00+00:00,0.990185,0.99007,0.99007,0.99019,37
2026-05-25T17:12:00+00:00,0.99008,0.99009,0.99005,0.990125,63
2026-05-25T17:13:00+00:00,0.99009,0.99004,0.99002,0.990125,61
2026-05-25T17:14:00+00:00,0.990045,0.990135,0.990025,0.990145,73
2026-05-25T17:15:00+00:00,0.99014,0.990215,0.99013,0.99023,55
2026-05-25T17:16:00+00:00,0.990215,0.990265,0.9902,0.990265,25
2026-05-25T17:17:00+00:00,0.990265,0.990255,0.990205,0.990275,34
2026-05-25T17:18:00+00:00,0.990255,0.99029,0.99025,0.9903,75
2026-05-25T17:19:00+00:00,0.990295,0.99031,0.990275,0.990315,55
2026-05-25T17:20:00+00:00,0.99031,0.99031,0.99029,0.990315,55
2026-05-25T17:21:00+00:00,0.990315,0.990355,0.9903,0.990355,80
2026-05-25T17:22:00+00:00,0.990355,0.99031,0.990305,0.99036,63
2026-05-25T17:23:00+00:00,0.99031,0.990365,0.99025,0.990375,61
2026-05-25T17:24:00+00:00,0.990375,0.99042,0.99037,0.990445,35
2026-05-25T17:25:00+00:00,0.99042,0.99041,0.9904,0.990435,17
2026-05-25T17:26:00+00:00,0.99041,0.990395,0.99036,0.990425,60
2026-05-25T17:27:00+00:00,0.990395,0.99042,0.99038,0.990425,21
2026-05-25T17:28:00+00:00,0.99042,0.990465,0.99042,0.99048,33
2026-05-25T17:29:00+00:00,0.990465,0.99046,0.990435,0.99052,78
2026-05-25T17:30:00+00:00,0.99045,0.990515,0.99045,0.990515,31
2026-05-25T17:31:00+00:00,0.990515,0.990455,0.990445,0.990515,98
2026-05-25T17:32:00+00:00,0.990455,0.990465,0.99044,0.990475,98
2026-05-25T17:33:00+00:00,0.99046,0.99039,0.99039,0.99046,97
2026-05-25T17:34:00+00:00,0.99039,0.99039,0.99039,0.990405,36
2026-05-25T17:35:00+00:00,0.990385,0.990365,0.99036,0.990395,27
2026-05-25T17:36:00+00:00,0.99037,0.99032,0.9903,0.99039,76
2026-05-25T17:37:00+00:00,0.99032,0.99027,0.99027,0.990345,28
2026-05-25T17:38:00+00:00,0.990265,0.990315,0.990265,0.990325,18
2026-05-25T17:39:00+00:00,0.990315,0.990315,0.99029,0.99032,35
2026-05-25T17:40:00+00:00,0.990315,0.99036,0.99031,0.990365,34
2026-05-25T17:41:00+00:00,0.990365,0.99037,0.990355,0.99038,47
2026-05-25T17:42:00+00:00,0.990375,0.990385,0.99037,0.990395,29
2026-05-25T17:43:00+00:00,0.99039,0.9904,0.990375,0.990405,34
2026-05-25T17:44:00+00:00,0.99039,0.990465,0.99039,0.990465,52
2026-05-25T17:45:00+00:00,0.990465,0.99041,0.9904,0.990465,125
2026-05-25T17:46:00+00:00,0.99041,0.99039,0.990385,0.990415,22
2026-05-25T17:47:00+00:00,0.99039,0.990395,0.99039,0.990415,61
2026-05-25T17:48:00+00:00,0.990395,0.99036,0.99032,0.990395,80
2026-05-25T17:49:00+00:00,0.99036,0.99038,0.99036,0.990385,52
2026-05-25T17:50:00+00:00,0.99038,0.990365,0.99035,0.990385,111
2026-05-25T17:51:00+00:00,0.990365,0.99036,0.99034,0.990385,41
2026-05-25T17:52:00+00:00,0.99036,0.99037,0.990335,0.990375,28
2026-05-25T17:53:00+00:00,0.99037,0.9904,0.99037,0.99041,19
2026-05-25T17:54:00+00:00,0.9904,0.990415,0.99039,0.99043,44
2026-05-25T17:55:00+00:00,0.990415,0.99044,0.990415,0.99044,17
2026-05-25T17:56:00+00:00,0.99045,0.990435,0.9904,0.990455,63
2026-05-25T17:57:00+00:00,0.990435,0.99045,0.990425,0.99045,23
2026-05-25T17:58:00+00:00,0.99045,0.990395,0.990385,0.990455,20
2026-05-25T17:59:00+00:00,0.990395,0.99043,0.99039,0.99044,17
2026-05-25T18:00:00+00:00,0.990425,0.990395,0.990385,0.990445,61
2026-05-25T18:01:00+00:00,0.990395,0.99039,0.990385,0.990405,16
2026-05-25T18:02:00+00:00,0.99039,0.99034,0.990335,0.99039,36
2026-05-25T18:03:00+00:00,0.99034,0.990345,0.990315,0.990365,44
2026-05-25T18:04:00+00:00,0.990345,0.9903,0.990285,0.990345,32
2026-05-25T18:05:00+00:00,0.9903,0.99029,0.99028,0.990315,21
2026-05-25T18:06:00+00:00,0.99029,0.99029,0.99029,0.990325,34
2026-05-25T18:07:00+00:00,0.99029,0.9903,0.99029,0.990305,11
2026-05-25T18:08:00+00:00,0.9903,0.990315,0.99029,0.990315,19
2026-05-25T18:09:00+00:00,0.990315,0.990365,0.99031,0.990365,23
2026-05-25T18:10:00+00:00,0.990365,0.99036,0.99035,0.99039,35
2026-05-25T18:11:00+00:00,0.99035,0.99036,0.99035,0.990365,8
2026-05-25T18:12:00+00:00,0.99036,0.990365,0.99036,0.990365,3
2026-05-25T18:13:00+00:00,0.990365,0.99037,0.990365,0.99037,5
2026-05-25T18:14:00+00:00,0.99037,0.990365,0.99036,0.99037,10
2026-05-25T18:15:00+00:00,0.990365,0.99039,0.990365,0.9904,21
2026-05-25T18:16:00+00:00,0.99039,0.990435,0.990385,0.990455,13
2026-05-25T18:17:00+00:00,0.990435,0.99044,0.990435,0.990445,5
2026-05-25T18:18:00+00:00,0.99044,0.99044,0.990435,0.99046,13
2026-05-25T18:19:00+00:00,0.99044,0.99044,0.990435,0.99045,18
2026-05-25T18:20:00+00:00,0.99044,0.99044,0.99044,0.990455,6
2026-05-25T18:21:00+00:00,0.99044,0.9904,0.9904,0.990455,10
2026-05-25T18:22:00+00:00,0.9904,0.99035,0.990335,0.9904,49
2026-05-25T18:23:00+00:00,0.99035,0.99034,0.99031,0.99035,26
2026-05-25T18:24:00+00:00,0.99033,0.99034,0.99032,0.990355,67
2026-05-25T18:25:00+00:00,0.99034,0.990345,0.990335,0.99036,62
2026-05-25T18:26:00+00:00,0.990345,0.99035,0.990335,0.990355,36
2026-05-25T18:27:00+00:00,0.99034,0.99029,0.99028,0.990345,55
2026-05-25T18:28:00+00:00,0.9903,0.9903,0.99029,0.99031,13
2026-05-25T18:29:00+00:00,0.9903,0.9903,0.99029,0.99031,4
2026-05-25T18:30:00+00:00,0.99031,0.99033,0.99028,0.99036,25
2026-05-25T18:31:00+00:00,0.990335,0.990315,0.99031,0.990335,20
2026-05-25T18:32:00+00:00,0.990315,0.990315,0.99031,0.990315,2
2026-05-25T18:33:00+00:00,0.99031,0.99032,0.99031,0.99034,30
2026-05-25T18:34:00+00:00,0.99033,0.990325,0.99032,0.990345,23
2026-05-25T18:35:00+00:00,0.990325,0.990365,0.9903,0.990365,26
2026-05-25T18:36:00+00:00,0.990365,0.99037,0.99036,0.990375,11
2026-05-25T18:37:00+00:00,0.990365,0.99036,0.99036,0.990375,32
2026-05-25T18:38:00+00:00,0.99036,0.990365,0.99036,0.99038,15
2026-05-25T18:39:00+00:00,0.990365,0.990365,0.99036,0.99038,12
2026-05-25T18:40:00+00:00,0.990365,0.99032,0.990315,0.990365,17
2026-05-25T18:41:00+00:00,0.99032,0.99032,0.990305,0.990345,50
2026-05-25T18:42:00+00:00,0.99032,0.990325,0.990285,0.990335,31
2026-05-25T18:43:00+00:00,0.990315,0.99034,0.990305,0.99034,17
2026-05-25T18:44:00+00:00,0.99034,0.99039,0.99033,0.9904,35
2026-05-25T18:45:00+00:00,0.99039,0.99035,0.99035,0.99039,12
2026-05-25T18:46:00+00:00,0.99035,0.99032,0.99031,0.990355,33
2026-05-25T18:47:00+00:00,0.99032,0.990375,0.99032,0.990375,24
2026-05-25T18:48:00+00:00,0.990375,0.990345,0.99033,0.99038,40
2026-05-25T18:49:00+00:00,0.99034,0.990315,0.990305,0.990345,13
2026-05-25T18:50:00+00:00,0.990315,0.990375,0.990315,0.990375,18
2026-05-25T18:51:00+00:00,0.990375,0.99034,0.99034,0.99038,11
2026-05-25T18:52:00+00:00,0.99034,0.99041,0.99034,0.99044,29
2026-05-25T18:53:00+00:00,0.990415,0.99041,0.9904,0.990445,36
2026-05-25T18:54:00+00:00,0.99041,0.990415,0.99039,0.99044,40
2026-05-25T18:55:00+00:00,0.990415,0.99045,0.9904,0.99045,29
2026-05-25T18:56:00+00:00,0.99045,0.990435,0.99043,0.990455,13
2026-05-25T18:57:00+00:00,0.990435,0.990435,0.99041,0.990445,23
2026-05-25T18:58:00+00:00,0.990435,0.99047,0.990435,0.99047,11
2026-05-25T18:59:00+00:00,0.990475,0.99045,0.99043,0.99048,46
2026-05-25T19:00:00+00:00,0.99046,0.990445,0.990445,0.990465,19
2026-05-25T19:01:00+00:00,0.990445,0.990445,0.990425,0.990445,13
2026-05-25T19:02:00+00:00,0.990445,0.990445,0.990435,0.990445,14
2026-05-25T19:03:00+00:00,0.990435,0.99044,0.99042,0.990445,20
2026-05-25T19:04:00+00:00,0.99044,0.990445,0.990435,0.99046,26
2026-05-25T19:05:00+00:00,0.99044,0.990445,0.99044,0.99046,27
2026-05-25T19:06:00+00:00,0.990455,0.99045,0.99037,0.990455,40
2026-05-25T19:07:00+00:00,0.99045,0.99042,0.990405,0.99045,13
2026-05-25T19:08:00+00:00,0.990425,0.99045,0.990405,0.990455,53
2026-05-25T19:09:00+00:00,0.99045,0.990435,0.99041,0.990455,36
2026-05-25T19:10:00+00:00,0.99043,0.990455,0.99041,0.990495,52
2026-05-25T19:11:00+00:00,0.990455,0.99045,0.990445,0.99046,11
2026-05-25T19:12:00+00:00,0.990455,0.990455,0.990445,0.99046,25
2026-05-25T19:13:00+00:00,0.990455,0.99045,0.99045,0.990455,11
2026-05-25T19:14:00+00:00,0.99045,0.990425,0.990425,0.990455,11
2026-05-25T19:15:00+00:00,0.99043,0.990445,0.990425,0.990445,14
2026-05-25T19:16:00+00:00,0.99045,0.99045,0.990445,0.99046,10
2026-05-25T19:17:00+00:00,0.99045,0.99044,0.99044,0.990455,9
2026-05-25T19:18:00+00:00,0.99044,0.990455,0.99044,0.99047,22
2026-05-25T19:19:00+00:00,0.990445,0.99044,0.99044,0.990455,7
2026-05-25T19:20:00+00:00,0.99045,0.990425,0.990415,0.99046,42
2026-05-25T19:21:00+00:00,0.99042,0.99042,0.990415,0.99046,25
2026-05-25T19:22:00+00:00,0.99042,0.99046,0.99042,0.99046,27
2026-05-25T19:23:00+00:00,0.990465,0.99046,0.990455,0.990515,25
2026-05-25T19:24:00+00:00,0.99046,0.99046,0.990455,0.99047,17
2026-05-25T19:25:00+00:00,0.990465,0.99044,0.990435,0.990465,15
2026-05-25T19:26:00+00:00,0.99044,0.99045,0.99044,0.99046,23
2026-05-25T19:27:00+00:00,0.99045,0.99049,0.99045,0.990495,8
2026-05-25T19:28:00+00:00,0.99049,0.990495,0.99048,0.990495,21
2026-05-25T19:29:00+00:00,0.990495,0.990485,0.990465,0.990505,32
2026-05-25T19:30:00+00:00,0.990495,0.990455,0.99044,0.990495,31
2026-05-25T19:31:00+00:00,0.990455,0.990475,0.99044,0.990495,27
2026-05-25T19:32:00+00:00,0.990475,0.990495,0.99047,0.990505,19
2026-05-25T19:33:00+00:00,0.990505,0.99047,0.99045,0.990505,32
2026-05-25T19:34:00+00:00,0.990465,0.990475,0.99046,0.99048,7
2026-05-25T19:35:00+00:00,0.990475,0.990405,0.99039,0.990485,65
2026-05-25T19:36:00+00:00,0.990405,0.990365,0.99035,0.99041,101
2026-05-25T19:37:00+00:00,0.99036,0.990355,0.99034,0.990415,83
2026-05-25T19:38:00+00:00,0.990355,0.990325,0.990325,0.99039,38
2026-05-25T19:39:00+00:00,0.990315,0.99031,0.99029,0.990345,70
2026-05-25T19:40:00+00:00,0.99033,0.990305,0.990305,0.990335,26
2026-05-25T19:41:00+00:00,0.990305,0.99029,0.990285,0.99035,58
2026-05-25T19:42:00+00:00,0.99029,0.990245,0.990245,0.9903,33
2026-05-25T19:43:00+00:00,0.99025,0.990305,0.99025,0.99031,55
2026-05-25T19:44:00+00:00,0.990295,0.99034,0.990295,0.99034,16
2026-05-25T19:45:00+00:00,0.99034,0.990375,0.99034,0.990385,15
2026-05-25T19:46:00+00:00,0.990375,0.990355,0.990355,0.990375,14
2026-05-25T19:47:00+00:00,0.990355,0.990385,0.990355,0.990385,7
2026-05-25T19:48:00+00:00,0.990385,0.99028,0.990275,0.990385,40
2026-05-25T19:49:00+00:00,0.99028,0.99028,0.99028,0.990285,8
2026-05-25T19:50:00+00:00,0.990275,0.99027,0.990255,0.990295,71
2026-05-25T19:51:00+00:00,0.99027,0.99025,0.990245,0.99027,19
2026-05-25T19:52:00+00:00,0.99025,0.99026,0.99025,0.99027,14
2026-05-25T19:53:00+00:00,0.990255,0.99025,0.99024,0.99026,33
2026-05-25T19:54:00+00:00,0.99025,0.990245,0.990245,0.99025,7
2026-05-25T19:55:00+00:00,0.99025,0.99028,0.99025,0.990295,60
2026-05-25T19:56:00+00:00,0.99028,0.99028,0.99027,0.990295,7
2026-05-25T19:57:00+00:00,0.99028,0.99024,0.990225,0.99029,58
2026-05-25T19:58:00+00:00,0.99025,0.99023,0.99023,0.99028,59
2026-05-25T19:59:00+00:00,0.99023,0.99021,0.990205,0.99023,17
2026-05-25T20:00:00+00:00,0.990215,0.99026,0.990215,0.9903,34
2026-05-25T20:01:00+00:00,0.990265,0.9903,0.99026,0.99031,32
2026-05-25T20:02:00+00:00,0.990295,0.990305,0.99029,0.990305,19
2026-05-25T20:03:00+00:00,0.990295,0.9903,0.99029,0.99034,26
2026-05-25T20:04:00+00:00,0.9903,0.99028,0.99028,0.990305,11
2026-05-25T20:05:00+00:00,0.99029,0.990255,0.99024,0.990295,42
2026-05-25T20:06:00+00:00,0.99025,0.99025,0.99024,0.990255,17
2026-05-25T20:07:00+00:00,0.99025,0.99022,0.9902,0.99025,35
2026-05-25T20:08:00+00:00,0.99022,0.99021,0.99021,0.99025,20
2026-05-25T20:09:00+00:00,0.99022,0.990255,0.990215,0.99027,54
2026-05-25T20:10:00+00:00,0.990255,0.99024,0.99024,0.99026,20
2026-05-25T20:11:00+00:00,0.99025,0.990245,0.990245,0.99028,23
2026-05-25T20:12:00+00:00,0.990245,0.99027,0.990245,0.99027,8
2026-05-25T20:13:00+00:00,0.99027,0.99026,0.990255,0.990275,27
2026-05-25T20:14:00+00:00,0.99026,0.990275,0.990255,0.990285,15
2026-05-25T20:15:00+00:00,0.990285,0.990255,0.99025,0.990285,20
2026-05-25T20:16:00+00:00,0.990255,0.990295,0.990245,0.990305,52
2026-05-25T20:17:00+00:00,0.990285,0.990265,0.990255,0.9903,42
2026-05-25T20:18:00+00:00,0.99026,0.9903,0.990245,0.990305,53
2026-05-25T20:19:00+00:00,0.990295,0.990295,0.990265,0.99032,60
2026-05-25T20:20:00+00:00,0.990295,0.990355,0.990295,0.990355,36
2026-05-25T20:21:00+00:00,0.990345,0.990305,0.990295,0.99035,45
2026-05-25T20:22:00+00:00,0.990315,0.990305,0.990305,0.99034,51
2026-05-25T20:23:00+00:00,0.990305,0.990285,0.99027,0.990305,15
2026-05-25T20:24:00+00:00,0.990295,0.990295,0.990285,0.990295,10
2026-05-25T20:25:00+00:00,0.99029,0.990295,0.99027,0.9903,52
2026-05-25T20:26:00+00:00,0.990305,0.990295,0.990285,0.99031,55
2026-05-25T20:27:00+00:00,0.99029,0.99029,0.990265,0.9903,48
2026-05-25T20:28:00+00:00,0.99029,0.990355,0.99029,0.990395,48
2026-05-25T20:29:00+00:00,0.990355,0.990385,0.990295,0.99039,109
2026-05-25T20:30:00+00:00,0.99039,0.9903,0.9903,0.99042,63
2026-05-25T20:31:00+00:00,0.9903,0.99028,0.99028,0.990315,18
2026-05-25T20:32:00+00:00,0.99028,0.99029,0.990265,0.990295,28
2026-05-25T20:33:00+00:00,0.99029,0.99028,0.990275,0.990295,14
2026-05-25T20:34:00+00:00,0.99028,0.990295,0.99028,0.990295,16
2026-05-25T20:35:00+00:00,0.990295,0.99029,0.99026,0.9903,32
2026-05-25T20:36:00+00:00,0.990295,0.990335,0.99029,0.99035,24
2026-05-25T20:37:00+00:00,0.990335,0.990305,0.99029,0.990395,66
2026-05-25T20:38:00+00:00,0.990305,0.990265,0.99023,0.990305,72
2026-05-25T20:39:00+00:00,0.99027,0.990205,0.9902,0.990315,75
2026-05-25T20:40:00+00:00,0.99022,0.9902,0.99014,0.990255,41
2026-05-25T20:41:00+00:00,0.9902,0.99028,0.9902,0.990285,62
2026-05-25T20:42:00+00:00,0.990275,0.990225,0.990215,0.99028,41
2026-05-25T20:43:00+00:00,0.99024,0.990255,0.99022,0.990285,38
2026-05-25T20:44:00+00:00,0.99025,0.99025,0.99025,0.990285,26
2026-05-25T20:45:00+00:00,0.99027,0.990265,0.99025,0.9903,16
2026-05-25T20:46:00+00:00,0.99027,0.990285,0.99023,0.9903,35
2026-05-25T20:47:00+00:00,0.99028,0.9903,0.99028,0.99035,39
2026-05-25T20:48:00+00:00,0.9903,0.9903,0.990285,0.990325,37
2026-05-25T20:49:00+00:00,0.9903,0.99023,0.99023,0.990315,14
2026-05-25T20:50:00+00:00,0.990235,0.99028,0.990235,0.9903,57
2026-05-25T20:51:00+00:00,0.99028,0.99024,0.990235,0.99028,15
2026-05-25T20:52:00+00:00,0.99024,0.990285,0.99024,0.990325,68
2026-05-25T20:53:00+00:00,0.990295,0.990295,0.99028,0.99032,18
2026-05-25T20:54:00+00:00,0.99029,0.9903,0.99029,0.99031,18
2026-05-25T20:55:00+00:00,0.99032,0.990335,0.990315,0.990375,62
2026-05-25T20:56:00+00:00,0.99034,0.990345,0.990335,0.99037,51
2026-05-25T20:57:00+00:00,0.990345,0.990375,0.990345,0.990375,47
2026-05-25T20:58:00+00:00,0.990375,0.990385,0.990375,0.990395,18
2026-05-25T20:59:00+00:00,0.990395,0.989975,0.989975,0.990395,105
2026-05-25T21:00:00+00:00,0.99,0.98975,0.98975,0.99,6
2026-05-25T21:01:00+00:00,0.98975,0.989825,0.98975,0.99032,3
2026-05-25T21:02:00+00:00,0.98985,0.98985,0.98985,0.98985,1
2026-05-25T21:03:00+00:00,0.98985,0.98985,0.98985,0.98985,0
2026-05-25T21:04:00+00:00,0.98985,0.98985,0.98985,0.98985,0
2026-05-25T21:05:00+00:00,0.98985,0.98986,0.98985,0.98987,2
2026-05-25T21:06:00+00:00,0.989825,0.989825,0.989825,0.989825,1
2026-05-25T21:07:00+00:00,0.989825,0.989825,0.989825,0.989825,0
2026-05-25T21:08:00+00:00,0.989825,0.990035,0.989825,0.99004,6
2026-05-25T21:09:00+00:00,0.990035,0.98999,0.9899,0.990065,16
2026-05-25T21:10:00+00:00,0.98997,0.989825,0.989825,0.989975,10
2026-05-25T21:11:00+00:00,0.989825,0.989825,0.989825,0.990015,6
2026-05-25T21:12:00+00:00,0.989825,0.98992,0.989825,0.98994,2
2026-05-25T21:13:00+00:00,0.989925,0.989825,0.989825,0.989925,2
2026-05-25T21:14:00+00:00,0.989825,0.98991,0.989825,0.989985,21
2026-05-25T21:15:00+00:00,0.98992,0.98985,0.989825,0.990015,6
2026-05-25T21:16:00+00:00,0.98985,0.98985,0.98985,0.98986,2
2026-05-25T21:17:00+00:00,0.98985,0.989885,0.98985,0.989885,2
2026-05-25T21:18:00+00:00,0.989885,0.98985,0.98985,0.989885,1
2026-05-25T21:19:00+00:00,0.98985,0.98985,0.98985,0.989855,2
2026-05-25T21:20:00+00:00,0.98985,0.98985,0.98985,0.989875,2
2026-05-25T21:21:00+00:00,0.98985,0.989955,0.98985,0.989995,13
2026-05-25T21:22:00+00:00,0.989965,0.989905,0.989895,0.989965,12
2026-05-25T21:23:00+00:00,0.989905,0.989915,0.989865,0.98993,15
2026-05-25T21:24:00+00:00,0.989915,0.989875,0.989875,0.98994,7
2026-05-25T21:25:00+00:00,0.989875,0.989875,0.989875,0.989875,0
2026-05-25T21:26:00+00:00,0.989875,0.98985,0.98985,0.989875,1
2026-05-25T21:27:00+00:00,0.98985,0.98997,0.98985,0.989975,3
2026-05-25T21:28:00+00:00,0.98997,0.989875,0.989875,0.990005,20
2026-05-25T21:29:00+00:00,0.989875,0.98988,0.989875,0.989905,7
2026-05-25T21:30:00+00:00,0.989875,0.98989,0.989875,0.98991,22
2026-05-25T21:31:00+00:00,0.98988,0.98985,0.98985,0.989975,27
2026-05-25T21:32:00+00:00,0.98985,0.98985,0.98985,0.98985,0
2026-05-25T21:33:00+00:00,0.98985,0.98993,0.98985,0.99001,29
2026-05-25T21:34:00+00:00,0.98993,0.989985,0.98992,0.98999,14
2026-05-25T21:35:00+00:00,0.989985,0.989955,0.989885,0.99001,33
2026-05-25T21:36:00+00:00,0.98996,0.99005,0.98995,0.990055,27
2026-05-25T21:37:00+00:00,0.99005,0.990055,0.989985,0.99006,32
2026-05-25T21:38:00+00:00,0.990055,0.98975,0.989725,0.990095,30
2026-05-25T21:39:00+00:00,0.98975,0.98985,0.98955,0.989875,26
2026-05-25T21:40:00+00:00,0.98989,0.989885,0.98985,0.98999,14
2026-05-25T21:41:00+00:00,0.989885,0.989955,0.989875,0.989955,3
2026-05-25T21:42:00+00:00,0.989955,0.98999,0.989955,0.98999,3
2026-05-25T21:43:00+00:00,0.98999,0.98985,0.98985,0.98999,30
2026-05-25T21:44:00+00:00,0.98991,0.989745,0.98974,0.98991,14
2026-05-25T21:45:00+00:00,0.989745,0.98974,0.98973,0.989745,11
2026-05-25T21:46:00+00:00,0.98974,0.98975,0.98974,0.98975,1
2026-05-25T21:47:00+00:00,0.98975,0.98975,0.98968,0.98975,5
2026-05-25T21:48:00+00:00,0.98975,0.98985,0.98967,0.989895,19
2026-05-25T21:49:00+00:00,0.98985,0.98989,0.98985,0.98992,7
2026-05-25T21:50:00+00:00,0.98989,0.98999,0.98989,0.990005,12
2026-05-25T21:51:00+00:00,0.98999,0.989985,0.98997,0.989995,4
2026-05-25T21:52:00+00:00,0.989985,0.98999,0.98998,0.98999,5
2026-05-25T21:53:00+00:00,0.98999,0.989985,0.98998,0.990035,17
2026-05-25T21:54:00+00:00,0.989985,0.990035,0.989985,0.990035,11
2026-05-25T21:55:00+00:00,0.990035,0.990025,0.990025,0.990045,2
2026-05-25T21:56:00+00:00,0.990025,0.99005,0.989995,0.990275,21
2026-05-25T21:57:00+00:00,0.99005,0.990025,0.990025,0.99005,1
2026-05-25T21:58:00+00:00,0.990025,0.990045,0.990025,0.99005,3
2026-05-25T21:59:00+00:00,0.990045,0.99,0.9898,0.990085,22
2026-05-25T22:00:00+00:00,0.990025,0.99004,0.989995,0.990235,117
2026-05-25T22:01:00+00:00,0.99005,0.99001,0.989985,0.99005,24
2026-05-25T22:02:00+00:00,0.990015,0.99006,0.990015,0.990095,37
2026-05-25T22:03:00+00:00,0.99006,0.990045,0.99004,0.990085,15
2026-05-25T22:04:00+00:00,0.99005,0.99005,0.989975,0.99009,65
2026-05-25T22:05:00+00:00,0.990045,0.99011,0.990045,0.99014,52
2026-05-25T22:06:00+00:00,0.990105,0.99009,0.990085,0.990135,29
2026-05-25T22:07:00+00:00,0.990095,0.990195,0.990075,0.99025,62
2026-05-25T22:08:00+00:00,0.99018,0.990205,0.990145,0.990245,69
2026-05-25T22:09:00+00:00,0.990205,0.990065,0.990045,0.99022,27
2026-05-25T22:10:00+00:00,0.990065,0.990045,0.99003,0.990065,9
2026-05-25T22:11:00+00:00,0.990045,0.990105,0.99004,0.99018,26
2026-05-25T22:12:00+00:00,0.99011,0.99012,0.990105,0.99016,14
2026-05-25T22:13:00+00:00,0.99012,0.990185,0.99012,0.990185,13
2026-05-25T22:14:00+00:00,0.990185,0.99016,0.99007,0.990185,28
2026-05-25T22:15:00+00:00,0.99016,0.99018,0.99016,0.99019,7
2026-05-25T22:16:00+00:00,0.99018,0.99019,0.990155,0.99022,30
2026-05-25T22:17:00+00:00,0.99019,0.99006,0.99003,0.99019,58
2026-05-25T22:18:00+00:00,0.99006,0.99006,0.990055,0.99006,2
2026-05-25T22:19:00+00:00,0.99006,0.99004,0.99004,0.990075,8
2026-05-25T22:20:00+00:00,0.99004,0.99005,0.99004,0.99005,2
2026-05-25T22:21:00+00:00,0.990055,0.990125,0.990055,0.99013,11
2026-05-25T22:22:00+00:00,0.990125,0.990185,0.990125,0.990185,19
2026-05-25T22:23:00+00:00,0.99018,0.99017,0.990165,0.990265,25
2026-05-25T22:24:00+00:00,0.990175,0.990185,0.990175,0.99019,7
2026-05-25T22:25:00+00:00,0.99019,0.99018,0.99018,0.99019,7
2026-05-25T22:26:00+00:00,0.99018,0.9902,0.99018,0.99021,5
2026-05-25T22:27:00+00:00,0.9902,0.99013,0.99013,0.990205,12
2026-05-25T22:28:00+00:00,0.99013,0.990145,0.99013,0.990165,15
2026-05-25T22:29:00+00:00,0.990145,0.99012,0.990095,0.990165,15
2026-05-25T22:30:00+00:00,0.990125,0.99005,0.990035,0.990145,74
2026-05-25T22:31:00+00:00,0.99006,0.99002,0.989995,0.99006,68
2026-05-25T22:32:00+00:00,0.990025,0.99012,0.990025,0.990145,32
2026-05-25T22:33:00+00:00,0.99012,0.99014,0.990115,0.990145,28
2026-05-25T22:34:00+00:00,0.99014,0.990165,0.99012,0.990175,31
2026-05-25T22:35:00+00:00,0.990165,0.990125,0.99011,0.990165,21
2026-05-25T22:36:00+00:00,0.99012,0.990085,0.990055,0.990125,53
2026-05-25T22:37:00+00:00,0.990085,0.9901,0.990075,0.990105,22
2026-05-25T22:38:00+00:00,0.9901,0.99007,0.99007,0.9901,4
2026-05-25T22:39:00+00:00,0.990075,0.990095,0.990075,0.99011,8
2026-05-25T22:40:00+00:00,0.990095,0.99009,0.990025,0.990105,39
2026-05-25T22:41:00+00:00,0.99009,0.9901,0.990075,0.99011,33
2026-05-25T22:42:00+00:00,0.9901,0.99012,0.99008,0.990125,36
2026-05-25T22:43:00+00:00,0.99012,0.99012,0.99011,0.990125,12
2026-05-25T22:44:00+00:00,0.99012,0.99012,0.990115,0.99012,4
2026-05-25T22:45:00+00:00,0.99012,0.99011,0.99011,0.99012,6
2026-05-25T22:46:00+00:00,0.99011,0.9902,0.99011,0.99022,11
2026-05-25T22:47:00+00:00,0.9902,0.99023,0.990175,0.99024,23
2026-05-25T22:48:00+00:00,0.99023,0.99017,0.99016,0.99023,11
2026-05-25T22:49:00+00:00,0.990175,0.990235,0.990175,0.990245,24
2026-05-25T22:50:00+00:00,0.990245,0.9902,0.9902,0.99025,18
2026-05-25T22:51:00+00:00,0.9902,0.990235,0.9902,0.99028,14
2026-05-25T22:52:00+00:00,0.990235,0.99022,0.99022,0.99024,6
2026-05-25T22:53:00+00:00,0.99022,0.99022,0.99021,0.99022,4
2026-05-25T22:54:00+00:00,0.99022,0.99025,0.99021,0.99025,8
2026-05-25T22:55:00+00:00,0.99025,0.99018,0.99014,0.990265,35
2026-05-25T22:56:00+00:00,0.99018,0.99021,0.990155,0.99021,70
2026-05-25T22:57:00+00:00,0.99021,0.99023,0.9902,0.99026,25
2026-05-25T22:58:00+00:00,0.99023,0.990195,0.99019,0.99024,29
2026-05-25T22:59:00+00:00,0.99019,0.99016,0.99016,0.9902,48
2026-05-25T23:00:00+00:00,0.99016,0.99028,0.99016,0.99028,74
2026-05-25T23:01:00+00:00,0.99028,0.990255,0.99022,0.99028,83
2026-05-25T23:02:00+00:00,0.99026,0.990335,0.99026,0.990335,31
2026-05-25T23:03:00+00:00,0.990325,0.99032,0.990315,0.990325,12
2026-05-25T23:04:00+00:00,0.990325,0.99032,0.990315,0.99034,19
2026-05-25T23:05:00+00:00,0.99032,0.990375,0.99032,0.990395,24
2026-05-25T23:06:00+00:00,0.990375,0.990275,0.990275,0.99042,35
2026-05-25T23:07:00+00:00,0.99027,0.99022,0.99022,0.990275,35
2026-05-25T23:08:00+00:00,0.990225,0.99026,0.990205,0.99026,32
2026-05-25T23:09:00+00:00,0.99026,0.99026,0.990235,0.99031,60
2026-05-25T23:10:00+00:00,0.99026,0.99027,0.990225,0.9903,42
2026-05-25T23:11:00+00:00,0.99027,0.990275,0.990265,0.990295,31
2026-05-25T23:12:00+00:00,0.990275,0.990225,0.990215,0.990275,27
2026-05-25T23:13:00+00:00,0.99023,0.990225,0.99021,0.99026,32
2026-05-25T23:14:00+00:00,0.990215,0.990225,0.990215,0.99024,38
2026-05-25T23:15:00+00:00,0.99022,0.990215,0.990215,0.99023,24
2026-05-25T23:16:00+00:00,0.990215,0.99021,0.990205,0.990225,19
2026-05-25T23:17:00+00:00,0.99021,0.99026,0.99021,0.99031,45
2026-05-25T23:18:00+00:00,0.99026,0.99031,0.99026,0.990315,52
2026-05-25T23:19:00+00:00,0.99031,0.99031,0.990275,0.99036,45
2026-05-25T23:20:00+00:00,0.99032,0.990295,0.990285,0.99037,37
2026-05-25T23:21:00+00:00,0.99029,0.990315,0.99027,0.99032,46
2026-05-25T23:22:00+00:00,0.990315,0.990315,0.990275,0.990315,22
2026-05-25T23:23:00+00:00,0.99031,0.99034,0.990275,0.99037,71
2026-05-25T23:24:00+00:00,0.990345,0.990225,0.99017,0.99036,103
2026-05-25T23:25:00+00:00,0.990225,0.99027,0.990225,0.99027,26
2026-05-25T23:26:00+00:00,0.99027,0.990275,0.99024,0.990275,19
2026-05-25T23:27:00+00:00,0.99027,0.99024,0.99024,0.99029,36
2026-05-25T23:28:00+00:00,0.99024,0.990175,0.990175,0.99025,26
2026-05-25T23:29:00+00:00,0.990175,0.990175,0.990165,0.990175,21
2026-05-25T23:30:00+00:00,0.99017,0.99015,0.99015,0.990185,23
2026-05-25T23:31:00+00:00,0.990155,0.990135,0.990115,0.990185,34
2026-05-25T23:32:00+00:00,0.990115,0.990065,0.990065,0.990145,31
2026-05-25T23:33:00+00:00,0.990065,0.990015,0.99001,0.99007,23
2026-05-25T23:34:00+00:00,0.990015,0.99002,0.99001,0.990025,11
2026-05-25T23:35:00+00:00,0.99002,0.989975,0.989975,0.990025,17
2026-05-25T23:36:00+00:00,0.98998,0.989965,0.989965,0.99002,22
2026-05-25T23:37:00+00:00,0.989965,0.989905,0.989845,0.989965,51
2026-05-25T23:38:00+00:00,0.989905,0.98988,0.98988,0.989915,24
2026-05-25T23:39:00+00:00,0.98988,0.989825,0.989825,0.98991,38
2026-05-25T23:40:00+00:00,0.989825,0.989855,0.989825,0.989905,45
2026-05-25T23:41:00+00:00,0.98987,0.9899,0.989855,0.98992,37
2026-05-25T23:42:00+00:00,0.98988,0.989965,0.989865,0.989965,46
2026-05-25T23:43:00+00:00,0.989965,0.98996,0.98996,0.989975,17
2026-05-25T23:44:00+00:00,0.98996,0.98994,0.989855,0.98996,65
2026-05-25T23:45:00+00:00,0.98994,0.990115,0.989935,0.99014,155
2026-05-25T23:46:00+00:00,0.99011,0.990035,0.990005,0.99011,88
2026-05-25T23:47:00+00:00,0.990035,0.989975,0.9899,0.99004,73
2026-05-25T23:48:00+00:00,0.989975,0.989825,0.98972,0.989975,152
2026-05-25T23:49:00+00:00,0.98982,0.989865,0.98981,0.98987,41
2026-05-25T23:50:00+00:00,0.989865,0.98974,0.989725,0.989865,92
2026-05-25T23:51:00+00:00,0.98975,0.9898,0.989715,0.98984,93
2026-05-25T23:52:00+00:00,0.9898,0.989825,0.989745,0.98985,55
2026-05-25T23:53:00+00:00,0.989825,0.98977,0.98977,0.989825,63
2026-05-25T23:54:00+00:00,0.989775,0.98979,0.98976,0.989815,58
2026-05-25T23:55:00+00:00,0.989785,0.989725,0.98972,0.989795,50
2026-05-25T23:56:00+00:00,0.989735,0.9897,0.98967,0.98975,67
2026-05-25T23:57:00+00:00,0.989695,0.989775,0.989675,0.989775,63
2026-05-25T23:58:00+00:00,0.989795,0.989695,0.989675,0.989795,77
2026-05-25T23:59:00+00:00,0.98969,0.9896,0.989565,0.9897,87
2026-05-26T00:00:00+00:00,0.989605,0.98952,0.989495,0.989685,506
2026-05-26T00:01:00+00:00,0.989525,0.98942,0.98937,0.98963,442
2026-05-26T00:02:00+00:00,0.989405,0.98946,0.989395,0.98953,348
2026-05-26T00:03:00+00:00,0.989465,0.98946,0.989455,0.989535,204
2026-05-26T00:04:00+00:00,0.989475,0.989525,0.98941,0.98954,211
2026-05-26T00:05:00+00:00,0.98952,0.98949,0.98948,0.989595,245
2026-05-26T00:06:00+00:00,0.989495,0.989475,0.989455,0.989595,242
2026-05-26T00:07:00+00:00,0.98947,0.989525,0.98945,0.989535,199
2026-05-26T00:08:00+00:00,0.989535,0.989615,0.989515,0.989615,193
2026-05-26T00:09:00+00:00,0.98961,0.98948,0.98945,0.98961,183
2026-05-26T00:10:00+00:00,0.98949,0.989535,0.98944,0.98961,205
2026-05-26T00:11:00+00:00,0.989525,0.98968,0.98952,0.989705,177
2026-05-26T00:12:00+00:00,0.989675,0.989775,0.98967,0.989815,185
2026-05-26T00:13:00+00:00,0.98978,0.989695,0.98965,0.98978,100
2026-05-26T00:14:00+00:00,0.989695,0.989625,0.98961,0.989755,131
2026-05-26T00:15:00+00:00,0.989615,0.989645,0.98959,0.989685,173
2026-05-26T00:16:00+00:00,0.98964,0.989525,0.989485,0.98965,154
2026-05-26T00:17:00+00:00,0.989525,0.98942,0.98942,0.98957,164
2026-05-26T00:18:00+00:00,0.98942,0.989325,0.989325,0.98945,162
2026-05-26T00:19:00+00:00,0.98932,0.98931,0.98919,0.98936,224
2026-05-26T00:20:00+00:00,0.989305,0.989375,0.989305,0.989445,189
2026-05-26T00:21:00+00:00,0.989375,0.98946,0.98937,0.98946,108
2026-05-26T00:22:00+00:00,0.989455,0.989375,0.989345,0.98946,118
2026-05-26T00:23:00+00:00,0.98938,0.9894,0.98937,0.98943,141
2026-05-26T00:24:00+00:00,0.989405,0.98943,0.989405,0.98949,102
2026-05-26T00:25:00+00:00,0.989435,0.989465,0.989425,0.98949,146
2026-05-26T00:26:00+00:00,0.98947,0.989515,0.989465,0.98954,232
2026-05-26T00:27:00+00:00,0.98951,0.989605,0.989495,0.989625,227
2026-05-26T00:28:00+00:00,0.98961,0.989675,0.98961,0.989695,115
2026-05-26T00:29:00+00:00,0.98968,0.989655,0.989635,0.98968,146
2026-05-26T00:30:00+00:00,0.98965,0.989675,0.98964,0.989765,189
2026-05-26T00:31:00+00:00,0.989675,0.989805,0.989675,0.989815,123
2026-05-26T00:32:00+00:00,0.989805,0.98976,0.989745,0.989825,155
2026-05-26T00:33:00+00:00,0.98976,0.98969,0.989665,0.98983,178
2026-05-26T00:34:00+00:00,0.9897,0.989695,0.989635,0.9897,178
2026-05-26T00:35:00+00:00,0.9897,0.989705,0.989655,0.98977,123
2026-05-26T00:36:00+00:00,0.98972,0.989775,0.98972,0.9898,124
2026-05-26T00:37:00+00:00,0.98976,0.98968,0.98967,0.98976,110
2026-05-26T00:38:00+00:00,0.989685,0.989625,0.989615,0.989705,48
2026-05-26T00:39:00+00:00,0.989615,0.989625,0.98961,0.989675,116
2026-05-26T00:40:00+00:00,0.989635,0.989495,0.989475,0.989635,169
2026-05-26T00:41:00+00:00,0.98948,0.989505,0.98948,0.989635,180
2026-05-26T00:42:00+00:00,0.98952,0.98969,0.98951,0.989695,142
2026-05-26T00:43:00+00:00,0.989685,0.98965,0.98959,0.98969,130
2026-05-26T00:44:00+00:00,0.989655,0.989625,0.989605,0.989685,100
2026-05-26T00:45:00+00:00,0.989635,0.989575,0.98953,0.989635,129
2026-05-26T00:46:00+00:00,0.98956,0.989695,0.989515,0.989725,147
2026-05-26T00:47:00+00:00,0.98969,0.989605,0.98958,0.989705,147
2026-05-26T00:48:00+00:00,0.9896,0.98959,0.98957,0.989645,116
2026-05-26T00:49:00+00:00,0.98958,0.989495,0.98947,0.98961,157
2026-05-26T00:50:00+00:00,0.989505,0.989575,0.98948,0.98958,158
2026-05-26T00:51:00+00:00,0.98957,0.989495,0.989475,0.989575,138
2026-05-26T00:52:00+00:00,0.9895,0.989435,0.989425,0.989505,125
2026-05-26T00:53:00+00:00,0.98944,0.98948,0.98943,0.989505,130
2026-05-26T00:54:00+00:00,0.989475,0.989355,0.98935,0.989475,162
2026-05-26T00:55:00+00:00,0.98935,0.989575,0.98934,0.98959,183
2026-05-26T00:56:00+00:00,0.989575,0.989575,0.989525,0.989605,109
2026-05-26T00:57:00+00:00,0.989585,0.98961,0.98956,0.989625,116
2026-05-26T00:58:00+00:00,0.98961,0.98975,0.9896,0.98975,103
2026-05-26T00:59:00+00:00,0.98973,0.98974,0.9897,0.989775,192
2026-05-26T01:00:00+00:00,0.98975,0.98968,0.98961,0.989805,247
2026-05-26T01:01:00+00:00,0.989675,0.989775,0.98963,0.989815,238
2026-05-26T01:02:00+00:00,0.98978,0.989675,0.989675,0.989825,238
2026-05-26T01:03:00+00:00,0.98967,0.989625,0.98961,0.989685,223
2026-05-26T01:04:00+00:00,0.989625,0.989575,0.98957,0.989695,193
2026-05-26T01:05:00+00:00,0.98958,0.989625,0.98957,0.989665,200
2026-05-26T01:06:00+00:00,0.989635,0.98945,0.98942,0.989635,192
2026-05-26T01:07:00+00:00,0.989445,0.989225,0.989195,0.98947,273
2026-05-26T01:08:00+00:00,0.98922,0.989295,0.989215,0.989305,206
2026-05-26T01:09:00+00:00,0.98929,0.98922,0.989125,0.989325,234
2026-05-26T01:10:00+00:00,0.989215,0.989125,0.989105,0.989235,224
2026-05-26T01:11:00+00:00,0.989125,0.989085,0.989075,0.989155,144
2026-05-26T01:12:00+00:00,0.98909,0.989275,0.98908,0.989275,211
2026-05-26T01:13:00+00:00,0.98927,0.989325,0.98927,0.989395,176
2026-05-26T01:14:00+00:00,0.98932,0.989495,0.989305,0.989545,206
2026-05-26T01:15:00+00:00,0.9895,0.98943,0.989415,0.989585,267
2026-05-26T01:16:00+00:00,0.989435,0.989375,0.989375,0.989505,248
2026-05-26T01:17:00+00:00,0.98938,0.98943,0.98938,0.98948,151
2026-05-26T01:18:00+00:00,0.989425,0.989315,0.9893,0.989435,147
2026-05-26T01:19:00+00:00,0.98932,0.98937,0.989285,0.98939,184
2026-05-26T01:20:00+00:00,0.989375,0.989195,0.989165,0.98941,202
2026-05-26T01:21:00+00:00,0.989195,0.989225,0.989035,0.98924,219
2026-05-26T01:22:00+00:00,0.989225,0.98942,0.989205,0.989435,246
2026-05-26T01:23:00+00:00,0.989425,0.9895,0.989355,0.98951,231
2026-05-26T01:24:00+00:00,0.989505,0.9896,0.989465,0.98966,272
2026-05-26T01:25:00+00:00,0.98958,0.989615,0.989495,0.989675,253
2026-05-26T01:26:00+00:00,0.98962,0.989595,0.989555,0.989635,218
2026-05-26T01:27:00+00:00,0.9896,0.989625,0.98958,0.989625,166
2026-05-26T01:28:00+00:00,0.98962,0.989545,0.98954,0.98966,112
2026-05-26T01:29:00+00:00,0.98955,0.989565,0.989475,0.98961,222
2026-05-26T01:30:00+00:00,0.989575,0.98959,0.98952,0.98965,322
2026-05-26T01:31:00+00:00,0.989595,0.98953,0.989495,0.98968,358
2026-05-26T01:32:00+00:00,0.989525,0.98949,0.989445,0.98953,185
2026-05-26T01:33:00+00:00,0.989485,0.98949,0.989465,0.98953,139
2026-05-26T01:34:00+00:00,0.989495,0.989525,0.98948,0.989585,169
2026-05-26T01:35:00+00:00,0.98953,0.989525,0.989475,0.989545,119
2026-05-26T01:36:00+00:00,0.989515,0.989355,0.989335,0.989585,197
2026-05-26T01:37:00+00:00,0.98936,0.98938,0.989335,0.989425,205
2026-05-26T01:38:00+00:00,0.989375,0.98934,0.989275,0.989435,216
2026-05-26T01:39:00+00:00,0.989345,0.98912,0.98904,0.98939,257
2026-05-26T01:40:00+00:00,0.989125,0.98915,0.98907,0.989175,326
2026-05-26T01:41:00+00:00,0.98913,0.98903,0.98898,0.98913,247
2026-05-26T01:42:00+00:00,0.989035,0.98905,0.98895,0.989075,235
2026-05-26T01:43:00+00:00,0.98904,0.98911,0.989015,0.989175,205
2026-05-26T01:44:00+00:00,0.989115,0.989145,0.989075,0.989175,160
2026-05-26T01:45:00+00:00,0.98916,0.989165,0.989135,0.989235,243
2026-05-26T01:46:00+00:00,0.989145,0.9892,0.989105,0.9892,104
2026-05-26T01:47:00+00:00,0.989205,0.989225,0.98919,0.989285,199
2026-05-26T01:48:00+00:00,0.98922,0.989145,0.989075,0.989225,153
2026-05-26T01:49:00+00:00,0.989135,0.98933,0.989135,0.98942,206
2026-05-26T01:50:00+00:00,0.98932,0.98935,0.9893,0.98938,195
2026-05-26T01:51:00+00:00,0.98935,0.98924,0.989235,0.989375,108
2026-05-26T01:52:00+00:00,0.98925,0.98918,0.98917,0.98927,179
2026-05-26T01:53:00+00:00,0.989185,0.98921,0.989165,0.98922,234
2026-05-26T01:54:00+00:00,0.98921,0.989265,0.989205,0.98929,165
2026-05-26T01:55:00+00:00,0.98927,0.989405,0.98927,0.989415,164
2026-05-26T01:56:00+00:00,0.989395,0.9895,0.989375,0.989605,161
2026-05-26T01:57:00+00:00,0.98951,0.989445,0.989395,0.989535,219
2026-05-26T01:58:00+00:00,0.98944,0.98946,0.989425,0.989505,162
2026-05-26T01:59:00+00:00,0.989455,0.989335,0.98933,0.98948,183
2026-05-26T02:00:00+00:00,0.98933,0.98931,0.989225,0.98936,241
2026-05-26T02:01:00+00:00,0.989315,0.98935,0.989315,0.98941,164
2026-05-26T02:02:00+00:00,0.989345,0.98935,0.98928,0.989355,167
2026-05-26T02:03:00+00:00,0.98935,0.989385,0.98932,0.989405,177
2026-05-26T02:04:00+00:00,0.989375,0.989285,0.989285,0.98942,190
2026-05-26T02:05:00+00:00,0.989295,0.989425,0.989275,0.98944,202
2026-05-26T02:06:00+00:00,0.98943,0.989515,0.98938,0.98954,160
2026-05-26T02:07:00+00:00,0.98951,0.98944,0.98943,0.98955,160
2026-05-26T02:08:00+00:00,0.98944,0.98943,0.9894,0.98946,69
2026-05-26T02:09:00+00:00,0.98943,0.989395,0.98939,0.989495,108
2026-05-26T02:10:00+00:00,0.989395,0.98936,0.989325,0.98941,148
2026-05-26T02:11:00+00:00,0.98936,0.989345,0.98934,0.989385,82
2026-05-26T02:12:00+00:00,0.98934,0.989315,0.98928,0.989365,129
2026-05-26T02:13:00+00:00,0.989305,0.989255,0.989245,0.989305,146
2026-05-26T02:14:00+00:00,0.989255,0.989205,0.98918,0.98927,87
2026-05-26T02:15:00+00:00,0.9892,0.989325,0.98919,0.989345,116
2026-05-26T02:16:00+00:00,0.98933,0.989365,0.989315,0.98938,90
2026-05-26T02:17:00+00:00,0.98936,0.98933,0.98928,0.989375,70
2026-05-26T02:18:00+00:00,0.98933,0.989265,0.98921,0.98933,83
2026-05-26T02:19:00+00:00,0.98927,0.989345,0.989255,0.98936,108
2026-05-26T02:20:00+00:00,0.98934,0.989295,0.989285,0.98934,106
2026-05-26T02:21:00+00:00,0.9893,0.989345,0.98927,0.989355,146
2026-05-26T02:22:00+00:00,0.98934,0.989285,0.989275,0.98939,124
2026-05-26T02:23:00+00:00,0.989285,0.989255,0.989235,0.989315,118
2026-05-26T02:24:00+00:00,0.98926,0.989235,0.98922,0.98928,122
2026-05-26T02:25:00+00:00,0.98922,0.989275,0.989195,0.989325,103
2026-05-26T02:26:00+00:00,0.98929,0.98938,0.989265,0.989395,87
2026-05-26T02:27:00+00:00,0.989375,0.989505,0.989375,0.989515,131
2026-05-26T02:28:00+00:00,0.9895,0.989475,0.98947,0.98952,194
2026-05-26T02:29:00+00:00,0.98947,0.98944,0.989415,0.98951,129
2026-05-26T02:30:00+00:00,0.989445,0.98953,0.989445,0.98953,154
2026-05-26T02:31:00+00:00,0.98952,0.989525,0.98948,0.98956,183
2026-05-26T02:32:00+00:00,0.989525,0.98952,0.98948,0.989555,176
2026-05-26T02:33:00+00:00,0.989525,0.98947,0.989465,0.989525,93
2026-05-26T02:34:00+00:00,0.98947,0.98952,0.98947,0.989525,53
2026-05-26T02:35:00+00:00,0.98952,0.98945,0.98944,0.989545,140
2026-05-26T02:36:00+00:00,0.98946,0.989405,0.98937,0.98946,93
2026-05-26T02:37:00+00:00,0.989405,0.989395,0.98936,0.98946,210
2026-05-26T02:38:00+00:00,0.9894,0.989465,0.989395,0.989475,105
2026-05-26T02:39:00+00:00,0.98946,0.98938,0.989355,0.98946,139
2026-05-26T02:40:00+00:00,0.989375,0.98932,0.98932,0.98939,83
2026-05-26T02:41:00+00:00,0.989315,0.989195,0.98918,0.98932,138
2026-05-26T02:42:00+00:00,0.98919,0.98927,0.98919,0.989275,62
2026-05-26T02:43:00+00:00,0.989275,0.989175,0.98914,0.989275,109
2026-05-26T02:44:00+00:00,0.98917,0.98912,0.9891,0.989175,159
2026-05-26T02:45:00+00:00,0.98912,0.989115,0.989095,0.989145,55
2026-05-26T02:46:00+00:00,0.98912,0.98934,0.98912,0.98934,85
2026-05-26T02:47:00+00:00,0.98934,0.9894,0.98932,0.98942,127
2026-05-26T02:48:00+00:00,0.989395,0.9894,0.989365,0.98941,49
2026-05-26T02:49:00+00:00,0.9894,0.98945,0.98939,0.989455,115
2026-05-26T02:50:00+00:00,0.989455,0.98945,0.98936,0.989455,142
2026-05-26T02:51:00+00:00,0.989445,0.989445,0.98944,0.9895,111
2026-05-26T02:52:00+00:00,0.989455,0.98935,0.9893,0.989485,123
2026-05-26T02:53:00+00:00,0.989345,0.98942,0.98933,0.98944,127
2026-05-26T02:54:00+00:00,0.989425,0.98938,0.989355,0.989425,89
2026-05-26T02:55:00+00:00,0.989385,0.989625,0.989385,0.989625,81
2026-05-26T02:56:00+00:00,0.989625,0.9896,0.98959,0.989645,65
2026-05-26T02:57:00+00:00,0.9896,0.989515,0.989505,0.9896,67
2026-05-26T02:58:00+00:00,0.989515,0.989565,0.98951,0.989575,125
2026-05-26T02:59:00+00:00,0.989555,0.989515,0.989515,0.98961,157
2026-05-26T03:00:00+00:00,0.98952,0.98951,0.989495,0.98954,170
2026-05-26T03:01:00+00:00,0.989505,0.98961,0.989475,0.989655,205
2026-05-26T03:02:00+00:00,0.98961,0.989575,0.989565,0.989625,81
2026-05-26T03:03:00+00:00,0.98958,0.989615,0.989575,0.98963,87
2026-05-26T03:04:00+00:00,0.98961,0.989575,0.98957,0.98962,77
2026-05-26T03:05:00+00:00,0.989565,0.98977,0.98955,0.98979,126
2026-05-26T03:06:00+00:00,0.98977,0.989795,0.989765,0.98984,286
2026-05-26T03:07:00+00:00,0.98981,0.98986,0.989795,0.98987,80
2026-05-26T03:08:00+00:00,0.989865,0.989925,0.98983,0.989925,107
2026-05-26T03:09:00+00:00,0.989925,0.98991,0.98991,0.99003,220
2026-05-26T03:10:00+00:00,0.989915,0.989925,0.98989,0.989945,81
2026-05-26T03:11:00+00:00,0.989925,0.98989,0.989875,0.989975,226
2026-05-26T03:12:00+00:00,0.989895,0.989905,0.98984,0.989925,117
2026-05-26T03:13:00+00:00,0.9899,0.989835,0.989835,0.98991,148
2026-05-26T03:14:00+00:00,0.989835,0.989815,0.98979,0.98986,55
2026-05-26T03:15:00+00:00,0.989795,0.989815,0.989725,0.989825,147
2026-05-26T03:16:00+00:00,0.989825,0.989885,0.98981,0.989885,217
2026-05-26T03:17:00+00:00,0.989885,0.9899,0.98987,0.98991,139
2026-05-26T03:18:00+00:00,0.989905,0.989975,0.989895,0.990025,133
2026-05-26T03:19:00+00:00,0.98998,0.989935,0.98993,0.990025,84
2026-05-26T03:20:00+00:00,0.98994,0.990035,0.989925,0.99004,143
2026-05-26T03:21:00+00:00,0.99003,0.9901,0.989975,0.99012,105
2026-05-26T03:22:00+00:00,0.990095,0.9901,0.990085,0.990125,60
2026-05-26T03:23:00+00:00,0.990085,0.990125,0.990045,0.990125,125
2026-05-26T03:24:00+00:00,0.990125,0.990125,0.990085,0.99013,40
2026-05-26T03:25:00+00:00,0.990125,0.990225,0.99012,0.99027,158
2026-05-26T03:26:00+00:00,0.990225,0.99015,0.99015,0.99025,95
2026-05-26T03:27:00+00:00,0.990145,0.990025,0.99002,0.99015,86
2026-05-26T03:28:00+00:00,0.990025,0.99004,0.990025,0.99006,69
2026-05-26T03:29:00+00:00,0.99004,0.989975,0.98997,0.990055,92
2026-05-26T03:30:00+00:00,0.989985,0.989995,0.98998,0.99007,148
2026-05-26T03:31:00+00:00,0.990015,0.990025,0.989975,0.990025,119
2026-05-26T03:32:00+00:00,0.990025,0.98999,0.989985,0.990075,101
2026-05-26T03:33:00+00:00,0.98999,0.98999,0.989985,0.990005,48
2026-05-26T03:34:00+00:00,0.98999,0.989975,0.989975,0.990005,137
2026-05-26T03:35:00+00:00,0.989975,0.98998,0.989975,0.98999,49
2026-05-26T03:36:00+00:00,0.989975,0.989995,0.989975,0.99,127
2026-05-26T03:37:00+00:00,0.990005,0.98999,0.989975,0.99001,170
2026-05-26T03:38:00+00:00,0.989985,0.98999,0.98994,0.989995,179
2026-05-26T03:39:00+00:00,0.98998,0.989915,0.98991,0.989995,139
2026-05-26T03:40:00+00:00,0.989905,0.989965,0.9899,0.989975,67
2026-05-26T03:41:00+00:00,0.98996,0.98996,0.989945,0.990015,73
2026-05-26T03:42:00+00:00,0.989955,0.98993,0.989895,0.98996,106
2026-05-26T03:43:00+00:00,0.98994,0.990025,0.989925,0.99003,87
2026-05-26T03:44:00+00:00,0.99002,0.990125,0.99001,0.99017,115
2026-05-26T03:45:00+00:00,0.99012,0.99003,0.990025,0.99012,93
2026-05-26T03:46:00+00:00,0.990035,0.99013,0.990035,0.990145,109
2026-05-26T03:47:00+00:00,0.990145,0.990095,0.99009,0.990175,63
2026-05-26T03:48:00+00:00,0.990095,0.990045,0.99004,0.990105,45
2026-05-26T03:49:00+00:00,0.990045,0.9901,0.99004,0.990105,34
2026-05-26T03:50:00+00:00,0.990095,0.990095,0.990095,0.990125,63
2026-05-26T03:51:00+00:00,0.990105,0.990035,0.990025,0.990125,101
2026-05-26T03:52:00+00:00,0.990025,0.99012,0.989995,0.99013,82
2026-05-26T03:53:00+00:00,0.990115,0.990025,0.990025,0.99012,60
2026-05-26T03:54:00+00:00,0.990025,0.990055,0.990025,0.990075,37
2026-05-26T03:55:00+00:00,0.99006,0.990025,0.990005,0.990075,71
2026-05-26T03:56:00+00:00,0.990035,0.990055,0.99003,0.990075,63
2026-05-26T03:57:00+00:00,0.99005,0.99003,0.99001,0.990075,86
2026-05-26T03:58:00+00:00,0.990025,0.99007,0.990005,0.990075,35
2026-05-26T03:59:00+00:00,0.990065,0.99004,0.990005,0.99009,60
2026-05-26T04:00:00+00:00,0.990035,0.99006,0.99,0.99007,96
2026-05-26T04:01:00+00:00,0.99006,0.990075,0.990035,0.99009,59
2026-05-26T04:02:00+00:00,0.990075,0.990125,0.990075,0.99014,57
2026-05-26T04:03:00+00:00,0.990115,0.989825,0.98979,0.990115,163
2026-05-26T04:04:00+00:00,0.98983,0.989755,0.98967,0.989835,64
2026-05-26T04:05:00+00:00,0.989755,0.98977,0.989725,0.989825,113
2026-05-26T04:06:00+00:00,0.989775,0.989795,0.98975,0.98981,64
2026-05-26T04:07:00+00:00,0.989795,0.989895,0.98979,0.9899,98
2026-05-26T04:08:00+00:00,0.9899,0.989895,0.989875,0.989915,34
2026-05-26T04:09:00+00:00,0.9899,0.98986,0.989855,0.98993,84
2026-05-26T04:10:00+00:00,0.989875,0.989875,0.98986,0.9899,74
2026-05-26T04:11:00+00:00,0.989875,0.98994,0.989875,0.989965,59
2026-05-26T04:12:00+00:00,0.989945,0.98992,0.989905,0.989975,102
2026-05-26T04:13:00+00:00,0.98992,0.989995,0.98992,0.990005,66
2026-05-26T04:14:00+00:00,0.98999,0.99006,0.989975,0.9901,168
2026-05-26T04:15:00+00:00,0.990055,0.99002,0.989985,0.990055,90
2026-05-26T04:16:00+00:00,0.990025,0.98998,0.989935,0.990075,96
2026-05-26T04:17:00+00:00,0.989975,0.990025,0.989975,0.99006,65
2026-05-26T04:18:00+00:00,0.990025,0.990005,0.989975,0.990025,137
2026-05-26T04:19:00+00:00,0.990005,0.990005,0.98998,0.99002,118
2026-05-26T04:20:00+00:00,0.99001,0.99002,0.989995,0.990025,61
2026-05-26T04:21:00+00:00,0.990015,0.99004,0.98998,0.99004,51
2026-05-26T04:22:00+00:00,0.99004,0.990025,0.989985,0.99004,49
2026-05-26T04:23:00+00:00,0.990025,0.98994,0.989925,0.990025,97
2026-05-26T04:24:00+00:00,0.98994,0.989975,0.98994,0.989995,36
2026-05-26T04:25:00+00:00,0.989965,0.989925,0.989925,0.989975,59
2026-05-26T04:26:00+00:00,0.989925,0.989925,0.98992,0.98996,45
2026-05-26T04:27:00+00:00,0.98992,0.989925,0.98992,0.989925,2
2026-05-26T04:28:00+00:00,0.98991,0.989865,0.989845,0.989925,64
2026-05-26T04:29:00+00:00,0.98986,0.98979,0.989775,0.98986,116
2026-05-26T04:30:00+00:00,0.9898,0.98972,0.989695,0.9898,67
2026-05-26T04:31:00+00:00,0.98972,0.98972,0.989685,0.989755,99
2026-05-26T04:32:00+00:00,0.989715,0.98977,0.98966,0.989775,107
2026-05-26T04:33:00+00:00,0.989775,0.98962,0.989615,0.98978,72
2026-05-26T04:34:00+00:00,0.989615,0.989625,0.989615,0.989725,95
2026-05-26T04:35:00+00:00,0.989625,0.989605,0.98959,0.98966,78
2026-05-26T04:36:00+00:00,0.989605,0.98951,0.989505,0.989625,91
2026-05-26T04:37:00+00:00,0.989505,0.989445,0.989425,0.989515,81
2026-05-26T04:38:00+00:00,0.989455,0.989365,0.98931,0.989455,114
2026-05-26T04:39:00+00:00,0.989365,0.989325,0.98929,0.989385,118
2026-05-26T04:40:00+00:00,0.989315,0.98937,0.98925,0.98937,105
2026-05-26T04:41:00+00:00,0.989375,0.989345,0.98934,0.98939,68
2026-05-26T04:42:00+00:00,0.98934,0.989125,0.98911,0.98934,209
2026-05-26T04:43:00+00:00,0.989115,0.989095,0.989085,0.989155,138
2026-05-26T04:44:00+00:00,0.9891,0.98918,0.989085,0.989215,178
2026-05-26T04:45:00+00:00,0.989175,0.98924,0.98914,0.98928,151
2026-05-26T04:46:00+00:00,0.989225,0.989295,0.989195,0.9893,164
2026-05-26T04:47:00+00:00,0.9893,0.989225,0.98922,0.9893,85
2026-05-26T04:48:00+00:00,0.98923,0.98918,0.98917,0.98924,108
2026-05-26T04:49:00+00:00,0.98918,0.989225,0.989175,0.989225,54
2026-05-26T04:50:00+00:00,0.989225,0.98924,0.989195,0.989245,99
2026-05-26T04:51:00+00:00,0.98923,0.989195,0.98917,0.98925,87
2026-05-26T04:52:00+00:00,0.98919,0.989155,0.98914,0.98921,83
2026-05-26T04:53:00+00:00,0.989155,0.989195,0.98914,0.9892,38
2026-05-26T04:54:00+00:00,0.9892,0.989225,0.989195,0.989245,71
2026-05-26T04:55:00+00:00,0.989195,0.989045,0.989025,0.989195,78
2026-05-26T04:56:00+00:00,0.989045,0.989055,0.98903,0.989085,66
2026-05-26T04:57:00+00:00,0.989055,0.989095,0.989035,0.989095,97
2026-05-26T04:58:00+00:00,0.989085,0.98911,0.98905,0.98912,104
2026-05-26T04:59:00+00:00,0.989105,0.988975,0.988975,0.989105,97
2026-05-26T05:00:00+00:00,0.98897,0.98891,0.9888,0.989005,246
2026-05-26T05:01:00+00:00,0.9889,0.988785,0.98873,0.988905,162
2026-05-26T05:02:00+00:00,0.988795,0.98874,0.98873,0.9888,156
2026-05-26T05:03:00+00:00,0.988735,0.98862,0.988615,0.98875,165
2026-05-26T05:04:00+00:00,0.988615,0.98849,0.988475,0.98863,174
2026-05-26T05:05:00+00:00,0.988495,0.98854,0.98849,0.988555,131
2026-05-26T05:06:00+00:00,0.98854,0.98856,0.98851,0.9886,158
2026-05-26T05:07:00+00:00,0.988555,0.988675,0.988555,0.988675,131
2026-05-26T05:08:00+00:00,0.988675,0.988715,0.988675,0.988785,86
2026-05-26T05:09:00+00:00,0.98872,0.98871,0.98871,0.98879,105
2026-05-26T05:10:00+00:00,0.98871,0.9887,0.988655,0.988765,99
2026-05-26T05:11:00+00:00,0.988685,0.988675,0.98867,0.98872,52
2026-05-26T05:12:00+00:00,0.988675,0.988725,0.988655,0.98874,83
2026-05-26T05:13:00+00:00,0.98874,0.988755,0.988725,0.98879,70
2026-05-26T05:14:00+00:00,0.988745,0.988775,0.988725,0.988775,73
2026-05-26T05:15:00+00:00,0.98877,0.988865,0.988745,0.988865,131
2026-05-26T05:16:00+00:00,0.988875,0.988955,0.988865,0.988965,124
2026-05-26T05:17:00+00:00,0.988965,0.98892,0.988875,0.988975,104
2026-05-26T05:18:00+00:00,0.988925,0.988905,0.98889,0.988975,84
2026-05-26T05:19:00+00:00,0.98891,0.988815,0.988805,0.988925,114
2026-05-26T05:20:00+00:00,0.988825,0.98889,0.988815,0.98891,88
2026-05-26T05:21:00+00:00,0.9889,0.98891,0.988875,0.98892,53
2026-05-26T05:22:00+00:00,0.9889,0.98891,0.988875,0.988915,46
2026-05-26T05:23:00+00:00,0.98891,0.98888,0.988875,0.98892,55
2026-05-26T05:24:00+00:00,0.98888,0.98892,0.98887,0.988925,63
2026-05-26T05:25:00+00:00,0.988915,0.988925,0.98888,0.98894,105
2026-05-26T05:26:00+00:00,0.988925,0.988965,0.98892,0.98898,39
2026-05-26T05:27:00+00:00,0.988975,0.98889,0.98889,0.98901,78
2026-05-26T05:28:00+00:00,0.988895,0.988955,0.98886,0.988975,133
2026-05-26T05:29:00+00:00,0.98896,0.98897,0.988925,0.988975,137
2026-05-26T05:30:00+00:00,0.988965,0.98908,0.98894,0.989145,202
2026-05-26T05:31:00+00:00,0.98909,0.989065,0.989065,0.989125,182
2026-05-26T05:32:00+00:00,0.98906,0.98911,0.98906,0.98913,254
2026-05-26T05:33:00+00:00,0.989115,0.989075,0.98907,0.98913,219
2026-05-26T05:34:00+00:00,0.98907,0.989115,0.989055,0.989115,169
2026-05-26T05:35:00+00:00,0.98911,0.989055,0.98905,0.989115,99
2026-05-26T05:36:00+00:00,0.98907,0.98905,0.98901,0.989085,107
2026-05-26T05:37:00+00:00,0.98905,0.98902,0.988995,0.98906,89
2026-05-26T05:38:00+00:00,0.98902,0.989075,0.98898,0.9891,111
2026-05-26T05:39:00+00:00,0.989075,0.9891,0.98907,0.98915,228
2026-05-26T05:40:00+00:00,0.989105,0.98902,0.98902,0.989145,152
2026-05-26T05:41:00+00:00,0.98902,0.988965,0.98891,0.98905,172
2026-05-26T05:42:00+00:00,0.988955,0.988965,0.98894,0.988985,163
2026-05-26T05:43:00+00:00,0.988965,0.989065,0.98896,0.989075,137
2026-05-26T05:44:00+00:00,0.98907,0.989035,0.98902,0.98907,103
2026-05-26T05:45:00+00:00,0.98905,0.98902,0.98901,0.989055,123
2026-05-26T05:46:00+00:00,0.98903,0.98898,0.98897,0.989075,104
2026-05-26T05:47:00+00:00,0.988975,0.988925,0.9889,0.98898,138
2026-05-26T05:48:00+00:00,0.98893,0.98904,0.988925,0.989045,139
2026-05-26T05:49:00+00:00,0.989035,0.989005,0.98898,0.989055,161
2026-05-26T05:50:00+00:00,0.98901,0.98904,0.988965,0.989055,131
2026-05-26T05:51:00+00:00,0.989035,0.988975,0.98896,0.98905,158
2026-05-26T05:52:00+00:00,0.98897,0.988955,0.98892,0.988985,93
2026-05-26T05:53:00+00:00,0.988955,0.988915,0.988905,0.98897,90
2026-05-26T05:54:00+00:00,0.988905,0.98894,0.988905,0.98894,86
2026-05-26T05:55:00+00:00,0.988945,0.988875,0.98887,0.988975,112
2026-05-26T05:56:00+00:00,0.98888,0.988955,0.988875,0.98896,125
2026-05-26T05:57:00+00:00,0.988955,0.98901,0.988945,0.98902,64
2026-05-26T05:58:00+00:00,0.989005,0.98906,0.989,0.989085,149
2026-05-26T05:59:00+00:00,0.989055,0.98899,0.988985,0.989055,162
2026-05-26T06:00:00+00:00,0.988995,0.988965,0.98893,0.98905,311
2026-05-26T06:01:00+00:00,0.988965,0.98894,0.98893,0.989,249
2026-05-26T06:02:00+00:00,0.988935,0.989075,0.9889,0.989075,264
2026-05-26T06:03:00+00:00,0.989085,0.989025,0.98901,0.98918,229
2026-05-26T06:04:00+00:00,0.98902,0.989085,0.98898,0.989085,197
2026-05-26T06:05:00+00:00,0.98908,0.989205,0.989065,0.989205,200
2026-05-26T06:06:00+00:00,0.989205,0.98913,0.989105,0.98922,191
2026-05-26T06:07:00+00:00,0.98912,0.98921,0.9891,0.989225,143
2026-05-26T06:08:00+00:00,0.98919,0.98908,0.98907,0.9892,228
2026-05-26T06:09:00+00:00,0.98907,0.989045,0.98904,0.98913,132
2026-05-26T06:10:00+00:00,0.98904,0.989205,0.98902,0.989205,128
2026-05-26T06:11:00+00:00,0.98921,0.9893,0.98921,0.98931,199
2026-05-26T06:12:00+00:00,0.98929,0.989185,0.989175,0.98929,156
2026-05-26T06:13:00+00:00,0.98918,0.989275,0.989165,0.989275,91
2026-05-26T06:14:00+00:00,0.989275,0.98933,0.989245,0.989355,98
2026-05-26T06:15:00+00:00,0.989325,0.989215,0.989195,0.98933,145
2026-05-26T06:16:00+00:00,0.989205,0.989265,0.989205,0.98927,107
2026-05-26T06:17:00+00:00,0.98927,0.989175,0.989175,0.98927,84
2026-05-26T06:18:00+00:00,0.98918,0.989175,0.989125,0.989225,112
2026-05-26T06:19:00+00:00,0.98918,0.9892,0.98914,0.98923,134
2026-05-26T06:20:00+00:00,0.989195,0.989195,0.98915,0.989225,121
2026-05-26T06:21:00+00:00,0.989195,0.989215,0.989175,0.989235,117
2026-05-26T06:22:00+00:00,0.98922,0.9892,0.989185,0.98923,116
2026-05-26T06:23:00+00:00,0.9892,0.98928,0.98916,0.989285,96
2026-05-26T06:24:00+00:00,0.989275,0.989535,0.989275,0.9896,194
2026-05-26T06:25:00+00:00,0.98954,0.989735,0.989535,0.98979,244
2026-05-26T06:26:00+00:00,0.98973,0.989885,0.989715,0.989955,235
2026-05-26T06:27:00+00:00,0.98988,0.98991,0.989765,0.989925,183
2026-05-26T06:28:00+00:00,0.989905,0.989475,0.98939,0.98996,306
2026-05-26T06:29:00+00:00,0.98948,0.989435,0.98934,0.98962,595
2026-05-26T06:30:00+00:00,0.98943,0.989505,0.98939,0.98955,346
2026-05-26T06:31:00+00:00,0.9895,0.989435,0.98941,0.989525,296
2026-05-26T06:32:00+00:00,0.98944,0.98932,0.989265,0.989455,332
2026-05-26T06:33:00+00:00,0.98933,0.98957,0.98933,0.9896,262
2026-05-26T06:34:00+00:00,0.989565,0.9895,0.989445,0.98958,330
2026-05-26T06:35:00+00:00,0.98951,0.989575,0.98951,0.98961,270
2026-05-26T06:36:00+00:00,0.989585,0.98965,0.989555,0.98967,199
2026-05-26T06:37:00+00:00,0.98965,0.989655,0.98962,0.98971,151
2026-05-26T06:38:00+00:00,0.98966,0.989655,0.989545,0.989675,205
2026-05-26T06:39:00+00:00,0.98965,0.989715,0.98965,0.9898,239
2026-05-26T06:40:00+00:00,0.98972,0.98969,0.98963,0.98973,137
2026-05-26T06:41:00+00:00,0.989685,0.9896,0.989585,0.989715,113
2026-05-26T06:42:00+00:00,0.9896,0.989605,0.989575,0.989655,225
2026-05-26T06:43:00+00:00,0.989605,0.98961,0.98955,0.989625,169
2026-05-26T06:44:00+00:00,0.989615,0.98972,0.989595,0.989735,107
2026-05-26T06:45:00+00:00,0.989725,0.989585,0.98957,0.98976,216
2026-05-26T06:46:00+00:00,0.989595,0.98959,0.989545,0.989605,146
2026-05-26T06:47:00+00:00,0.98959,0.989625,0.98957,0.98964,160
2026-05-26T06:48:00+00:00,0.989625,0.98968,0.989585,0.989695,106
2026-05-26T06:49:00+00:00,0.98968,0.989565,0.989555,0.98969,145
2026-05-26T06:50:00+00:00,0.98957,0.98966,0.98957,0.989665,173
2026-05-26T06:51:00+00:00,0.98966,0.989715,0.98964,0.989735,126
2026-05-26T06:52:00+00:00,0.98972,0.98972,0.989715,0.9898,167
2026-05-26T06:53:00+00:00,0.989715,0.989725,0.989705,0.989745,110
2026-05-26T06:54:00+00:00,0.989735,0.989725,0.9897,0.98979,159
2026-05-26T06:55:00+00:00,0.98973,0.98973,0.9897,0.98979,173
2026-05-26T06:56:00+00:00,0.989735,0.98989,0.989725,0.98989,267
2026-05-26T06:57:00+00:00,0.989885,0.989805,0.989795,0.98991,172
2026-05-26T06:58:00+00:00,0.98981,0.9897,0.989695,0.989835,133
2026-05-26T06:59:00+00:00,0.989695,0.98959,0.989525,0.989695,223
2026-05-26T07:00:00+00:00,0.989585,0.98955,0.98954,0.989675,391
2026-05-26T07:01:00+00:00,0.989555,0.989515,0.989455,0.98962,192
2026-05-26T07:02:00+00:00,0.989525,0.989565,0.989525,0.989645,510
2026-05-26T07:03:00+00:00,0.98957,0.98916,0.98915,0.989585,391
2026-05-26T07:04:00+00:00,0.989155,0.988855,0.988825,0.9892,532
2026-05-26T07:05:00+00:00,0.98885,0.988625,0.98859,0.988925,514
2026-05-26T07:06:00+00:00,0.98862,0.989035,0.98845,0.989095,650
2026-05-26T07:07:00+00:00,0.98904,0.989265,0.988995,0.98934,425
2026-05-26T07:08:00+00:00,0.98927,0.988915,0.9889,0.98934,337
2026-05-26T07:09:00+00:00,0.988905,0.988755,0.98875,0.98893,355
2026-05-26T07:10:00+00:00,0.98875,0.989135,0.988715,0.989135,333
2026-05-26T07:11:00+00:00,0.98913,0.989115,0.989065,0.989175,186
2026-05-26T07:12:00+00:00,0.98912,0.989135,0.989105,0.98925,278
2026-05-26T07:13:00+00:00,0.98914,0.98916,0.98902,0.98918,309
2026-05-26T07:14:00+00:00,0.989145,0.989165,0.989115,0.98926,278
2026-05-26T07:15:00+00:00,0.98917,0.989065,0.98902,0.98917,257
2026-05-26T07:16:00+00:00,0.98906,0.989095,0.989055,0.989145,196
2026-05-26T07:17:00+00:00,0.989095,0.98901,0.989005,0.989115,217
2026-05-26T07:18:00+00:00,0.98902,0.98905,0.988995,0.98913,215
2026-05-26T07:19:00+00:00,0.98905,0.98896,0.988935,0.98906,236
2026-05-26T07:20:00+00:00,0.98897,0.988985,0.988945,0.98903,184
2026-05-26T07:21:00+00:00,0.989,0.98887,0.98887,0.989055,178
2026-05-26T07:22:00+00:00,0.988875,0.988935,0.988805,0.988945,159
2026-05-26T07:23:00+00:00,0.988945,0.988935,0.988935,0.989015,138
2026-05-26T07:24:00+00:00,0.988935,0.988915,0.98889,0.989015,169
2026-05-26T07:25:00+00:00,0.98891,0.988825,0.98871,0.98894,188
2026-05-26T07:26:00+00:00,0.98883,0.988905,0.988795,0.988955,172
2026-05-26T07:27:00+00:00,0.98891,0.98883,0.988785,0.98892,160
2026-05-26T07:28:00+00:00,0.988825,0.9888,0.98875,0.988835,167
2026-05-26T07:29:00+00:00,0.9888,0.988725,0.98863,0.9888,187
2026-05-26T07:30:00+00:00,0.98873,0.98864,0.98854,0.988745,308
2026-05-26T07:31:00+00:00,0.98864,0.989065,0.988625,0.989105,388
2026-05-26T07:32:00+00:00,0.98906,0.988495,0.988495,0.98916,812
2026-05-26T07:33:00+00:00,0.9885,0.988485,0.988215,0.988565,548
2026-05-26T07:34:00+00:00,0.98848,0.98847,0.988375,0.98853,309
2026-05-26T07:35:00+00:00,0.98847,0.988435,0.98827,0.98852,437
2026-05-26T07:36:00+00:00,0.98844,0.98846,0.988385,0.9885,331
2026-05-26T07:37:00+00:00,0.98845,0.988245,0.988245,0.98847,296
2026-05-26T07:38:00+00:00,0.98825,0.9883,0.9882,0.98836,272
2026-05-26T07:39:00+00:00,0.988305,0.98834,0.98825,0.988405,258
2026-05-26T07:40:00+00:00,0.988345,0.98846,0.98828,0.988465,271
2026-05-26T07:41:00+00:00,0.988455,0.988385,0.988355,0.98848,249
2026-05-26T07:42:00+00:00,0.98839,0.98833,0.98832,0.988415,191
2026-05-26T07:43:00+00:00,0.988335,0.98834,0.98833,0.988415,215
2026-05-26T07:44:00+00:00,0.988335,0.988335,0.988295,0.98838,200
2026-05-26T07:45:00+00:00,0.98833,0.988275,0.988255,0.98841,220
2026-05-26T07:46:00+00:00,0.988265,0.98838,0.988205,0.988395,195
2026-05-26T07:47:00+00:00,0.98838,0.988395,0.98838,0.98845,170
2026-05-26T07:48:00+00:00,0.9884,0.98865,0.9884,0.98868,221
2026-05-26T07:49:00+00:00,0.988655,0.988855,0.988645,0.98887,262
2026-05-26T07:50:00+00:00,0.988865,0.98889,0.98881,0.98896,233
2026-05-26T07:51:00+00:00,0.9889,0.988645,0.988645,0.988905,259
2026-05-26T07:52:00+00:00,0.988645,0.988535,0.98853,0.988675,183
2026-05-26T07:53:00+00:00,0.98853,0.98854,0.988475,0.98856,199
2026-05-26T07:54:00+00:00,0.988535,0.988475,0.988475,0.98855,209
2026-05-26T07:55:00+00:00,0.98848,0.98843,0.98843,0.988555,226
2026-05-26T07:56:00+00:00,0.988425,0.988495,0.98839,0.9885,186
2026-05-26T07:57:00+00:00,0.9885,0.9888,0.988495,0.98882,234
2026-05-26T07:58:00+00:00,0.988795,0.98884,0.98876,0.988845,240
2026-05-26T07:59:00+00:00,0.98883,0.98889,0.98883,0.988945,182
2026-05-26T08:00:00+00:00,0.988895,0.98855,0.988545,0.988995,478
2026-05-26T08:01:00+00:00,0.988555,0.98868,0.988505,0.988725,313
2026-05-26T08:02:00+00:00,0.988685,0.98875,0.988675,0.9888,226
2026-05-26T08:03:00+00:00,0.98875,0.988865,0.988705,0.988875,291
2026-05-26T08:04:00+00:00,0.988855,0.988925,0.988825,0.988935,174
2026-05-26T08:05:00+00:00,0.98892,0.98897,0.988915,0.98905,249
2026-05-26T08:06:00+00:00,0.988975,0.98888,0.98886,0.988975,199
2026-05-26T08:07:00+00:00,0.98888,0.988875,0.988865,0.98894,163
2026-05-26T08:08:00+00:00,0.98887,0.98877,0.98877,0.988895,199
2026-05-26T08:09:00+00:00,0.98878,0.98875,0.98875,0.98887,216
2026-05-26T08:10:00+00:00,0.98876,0.98887,0.98871,0.98888,337
2026-05-26T08:11:00+00:00,0.98888,0.98897,0.98887,0.98904,259
2026-05-26T08:12:00+00:00,0.988965,0.989005,0.98892,0.98903,293
2026-05-26T08:13:00+00:00,0.989,0.98877,0.988765,0.989025,232
2026-05-26T08:14:00+00:00,0.988765,0.98881,0.98873,0.988815,266
2026-05-26T08:15:00+00:00,0.98881,0.98882,0.98878,0.98884,206
2026-05-26T08:16:00+00:00,0.98882,0.98869,0.98869,0.988845,149
2026-05-26T08:17:00+00:00,0.988685,0.988805,0.98868,0.988825,119
2026-05-26T08:18:00+00:00,0.9888,0.988855,0.988795,0.98889,226
2026-05-26T08:19:00+00:00,0.98886,0.988875,0.988825,0.98895,254
2026-05-26T08:20:00+00:00,0.98888,0.98883,0.98882,0.988885,171
2026-05-26T08:21:00+00:00,0.988835,0.988905,0.988825,0.98893,200
2026-05-26T08:22:00+00:00,0.988905,0.988915,0.988865,0.988935,135
2026-05-26T08:23:00+00:00,0.98892,0.98892,0.98889,0.988975,234
2026-05-26T08:24:00+00:00,0.988915,0.989015,0.988905,0.989015,226
2026-05-26T08:25:00+00:00,0.98902,0.988955,0.988925,0.989025,148
2026-05-26T08:26:00+00:00,0.98895,0.988885,0.98887,0.98896,174
2026-05-26T08:27:00+00:00,0.98889,0.988855,0.988805,0.9889,216
2026-05-26T08:28:00+00:00,0.98886,0.98886,0.988795,0.98888,233
2026-05-26T08:29:00+00:00,0.988865,0.98886,0.98871,0.9889,340
2026-05-26T08:30:00+00:00,0.988855,0.98886,0.98882,0.988895,183
2026-05-26T08:31:00+00:00,0.988855,0.988895,0.98884,0.988995,200
2026-05-26T08:32:00+00:00,0.98889,0.98875,0.988735,0.988925,189
2026-05-26T08:33:00+00:00,0.988755,0.98876,0.988755,0.988825,208
2026-05-26T08:34:00+00:00,0.988755,0.988745,0.988615,0.98879,229
2026-05-26T08:35:00+00:00,0.98874,0.988705,0.98868,0.988775,189
2026-05-26T08:36:00+00:00,0.9887,0.9888,0.9887,0.988825,242
2026-05-26T08:37:00+00:00,0.988795,0.98894,0.988765,0.988945,224
2026-05-26T08:38:00+00:00,0.988935,0.98887,0.988865,0.988975,162
2026-05-26T08:39:00+00:00,0.988865,0.98883,0.988805,0.988935,168
2026-05-26T08:40:00+00:00,0.98884,0.98881,0.988755,0.988845,208
2026-05-26T08:41:00+00:00,0.988815,0.98881,0.98879,0.988875,189
2026-05-26T08:42:00+00:00,0.988815,0.988795,0.988785,0.988875,272
2026-05-26T08:43:00+00:00,0.9888,0.98864,0.98863,0.988835,183
2026-05-26T08:44:00+00:00,0.988635,0.988635,0.988605,0.98872,230
2026-05-26T08:45:00+00:00,0.98864,0.988625,0.988575,0.98868,265
2026-05-26T08:46:00+00:00,0.98862,0.988705,0.988615,0.988725,167
2026-05-26T08:47:00+00:00,0.988695,0.988695,0.98868,0.98874,122
2026-05-26T08:48:00+00:00,0.9887,0.98866,0.98857,0.9887,193
2026-05-26T08:49:00+00:00,0.988665,0.988575,0.988575,0.988675,118
2026-05-26T08:50:00+00:00,0.98857,0.988555,0.988425,0.98857,150
2026-05-26T08:51:00+00:00,0.988545,0.988575,0.988525,0.9886,149
2026-05-26T08:52:00+00:00,0.98858,0.98857,0.98857,0.98869,155
2026-05-26T08:53:00+00:00,0.988565,0.98877,0.988565,0.988775,175
2026-05-26T08:54:00+00:00,0.988775,0.988865,0.988765,0.988865,132
2026-05-26T08:55:00+00:00,0.98887,0.98879,0.988775,0.988895,154
2026-05-26T08:56:00+00:00,0.9888,0.98874,0.988725,0.988815,103
2026-05-26T08:57:00+00:00,0.988735,0.988725,0.988705,0.98878,161
2026-05-26T08:58:00+00:00,0.98873,0.98876,0.988715,0.988775,96
2026-05-26T08:59:00+00:00,0.988755,0.98878,0.988705,0.988825,330
2026-05-26T09:00:00+00:00,0.988775,0.98876,0.98866,0.98881,361
2026-05-26T09:01:00+00:00,0.988765,0.988775,0.988675,0.98881,264
2026-05-26T09:02:00+00:00,0.98877,0.98864,0.98861,0.988785,200
2026-05-26T09:03:00+00:00,0.988635,0.988485,0.988455,0.98864,248
2026-05-26T09:04:00+00:00,0.9885,0.98859,0.988475,0.988665,267
2026-05-26T09:05:00+00:00,0.98858,0.988595,0.988485,0.988635,257
2026-05-26T09:06:00+00:00,0.98859,0.98852,0.988515,0.988625,213
2026-05-26T09:07:00+00:00,0.988525,0.98825,0.98825,0.988555,229
2026-05-26T09:08:00+00:00,0.98826,0.98834,0.98826,0.98834,228
2026-05-26T09:09:00+00:00,0.988335,0.98832,0.98828,0.988355,209
2026-05-26T09:10:00+00:00,0.988315,0.988325,0.98828,0.988345,116
2026-05-26T09:11:00+00:00,0.98832,0.98851,0.988305,0.98851,122
2026-05-26T09:12:00+00:00,0.988505,0.988565,0.988465,0.98858,175
2026-05-26T09:13:00+00:00,0.98857,0.988475,0.988445,0.98859,143
2026-05-26T09:14:00+00:00,0.988485,0.98844,0.988415,0.98852,150
2026-05-26T09:15:00+00:00,0.988435,0.98837,0.988355,0.988435,177
2026-05-26T09:16:00+00:00,0.98838,0.988505,0.98836,0.988515,178
2026-05-26T09:17:00+00:00,0.988515,0.98858,0.988505,0.98871,528
2026-05-26T09:18:00+00:00,0.988585,0.98856,0.988535,0.988655,244
2026-05-26T09:19:00+00:00,0.988555,0.98857,0.98854,0.988685,231
2026-05-26T09:20:00+00:00,0.98858,0.988655,0.988535,0.988685,263
2026-05-26T09:21:00+00:00,0.98866,0.988705,0.988645,0.988715,204
2026-05-26T09:22:00+00:00,0.98871,0.988565,0.988555,0.98872,191
2026-05-26T09:23:00+00:00,0.988565,0.98843,0.98838,0.988565,268
2026-05-26T09:24:00+00:00,0.98843,0.988535,0.98843,0.98858,147
2026-05-26T09:25:00+00:00,0.98854,0.988495,0.988465,0.98854,206
2026-05-26T09:26:00+00:00,0.98849,0.9886,0.988485,0.988625,167
2026-05-26T09:27:00+00:00,0.988605,0.98867,0.98857,0.988675,183
2026-05-26T09:28:00+00:00,0.98867,0.9886,0.988515,0.988685,191
2026-05-26T09:29:00+00:00,0.988605,0.988765,0.988575,0.988795,231
2026-05-26T09:30:00+00:00,0.98876,0.98879,0.98873,0.988945,264
2026-05-26T09:31:00+00:00,0.988795,0.988835,0.98877,0.988855,115
2026-05-26T09:32:00+00:00,0.98884,0.98881,0.98874,0.988855,280
2026-05-26T09:33:00+00:00,0.988815,0.988915,0.988815,0.988965,153
2026-05-26T09:34:00+00:00,0.988925,0.9889,0.988885,0.98897,174
2026-05-26T09:35:00+00:00,0.9889,0.988815,0.98881,0.98892,163
2026-05-26T09:36:00+00:00,0.98881,0.98881,0.988755,0.98883,121
2026-05-26T09:37:00+00:00,0.988805,0.988755,0.988745,0.98883,111
2026-05-26T09:38:00+00:00,0.98875,0.988785,0.988715,0.9888,114
2026-05-26T09:39:00+00:00,0.988785,0.988775,0.988745,0.988815,90
2026-05-26T09:40:00+00:00,0.98879,0.988705,0.988705,0.98883,157
2026-05-26T09:41:00+00:00,0.98871,0.988745,0.98865,0.988755,168
2026-05-26T09:42:00+00:00,0.98874,0.98864,0.988605,0.988745,167
2026-05-26T09:43:00+00:00,0.988645,0.9886,0.988575,0.988655,117
2026-05-26T09:44:00+00:00,0.988595,0.988465,0.988435,0.988595,240
2026-05-26T09:45:00+00:00,0.988465,0.988485,0.988445,0.988535,149
2026-05-26T09:46:00+00:00,0.988485,0.98848,0.98844,0.988515,119
2026-05-26T09:47:00+00:00,0.98848,0.98849,0.98847,0.98852,79
2026-05-26T09:48:00+00:00,0.988485,0.98857,0.988485,0.98858,124
2026-05-26T09:49:00+00:00,0.988575,0.988685,0.988575,0.988705,90
2026-05-26T09:50:00+00:00,0.98868,0.98871,0.98863,0.988775,189
2026-05-26T09:51:00+00:00,0.988715,0.988595,0.988575,0.988725,182
2026-05-26T09:52:00+00:00,0.988595,0.988525,0.988495,0.98862,104
2026-05-26T09:53:00+00:00,0.98853,0.988485,0.98848,0.98856,130
2026-05-26T09:54:00+00:00,0.98849,0.98853,0.98843,0.988535,170
2026-05-26T09:55:00+00:00,0.988525,0.988675,0.988525,0.9887,193
2026-05-26T09:56:00+00:00,0.98868,0.988725,0.988675,0.988745,101
2026-05-26T09:57:00+00:00,0.98872,0.988635,0.988615,0.988735,160
2026-05-26T09:58:00+00:00,0.98863,0.98857,0.98856,0.988635,169
2026-05-26T09:59:00+00:00,0.988575,0.988565,0.98855,0.988615,122
2026-05-26T10:00:00+00:00,0.988575,0.98868,0.98849,0.988705,275
2026-05-26T10:01:00+00:00,0.988675,0.988625,0.98857,0.988675,194
2026-05-26T10:02:00+00:00,0.988635,0.988535,0.988525,0.988635,148
2026-05-26T10:03:00+00:00,0.988535,0.988545,0.988525,0.98861,142
2026-05-26T10:04:00+00:00,0.98855,0.988445,0.98844,0.988575,142
2026-05-26T10:05:00+00:00,0.98844,0.9884,0.98833,0.988455,199
2026-05-26T10:06:00+00:00,0.9884,0.9884,0.98837,0.988405,119
2026-05-26T10:07:00+00:00,0.9884,0.98845,0.988345,0.988455,150
2026-05-26T10:08:00+00:00,0.988455,0.988475,0.98845,0.988495,99
2026-05-26T10:09:00+00:00,0.988475,0.988445,0.9884,0.98848,101
2026-05-26T10:10:00+00:00,0.988435,0.988575,0.98843,0.988585,162
2026-05-26T10:11:00+00:00,0.98857,0.98854,0.9885,0.98857,129
2026-05-26T10:12:00+00:00,0.98854,0.988605,0.98854,0.98862,134
2026-05-26T10:13:00+00:00,0.988605,0.988565,0.98854,0.988625,117
2026-05-26T10:14:00+00:00,0.98857,0.988575,0.988535,0.98862,116
2026-05-26T10:15:00+00:00,0.98857,0.98857,0.988565,0.988655,120
2026-05-26T10:16:00+00:00,0.98857,0.98858,0.98852,0.98859,110
2026-05-26T10:17:00+00:00,0.98859,0.988565,0.988525,0.988595,91
2026-05-26T10:18:00+00:00,0.988555,0.988605,0.98851,0.988615,82
2026-05-26T10:19:00+00:00,0.988615,0.988635,0.98859,0.98865,116
2026-05-26T10:20:00+00:00,0.988645,0.988665,0.988645,0.98873,138
2026-05-26T10:21:00+00:00,0.98867,0.98873,0.988665,0.98874,81
2026-05-26T10:22:00+00:00,0.988725,0.988675,0.988625,0.98873,142
2026-05-26T10:23:00+00:00,0.98868,0.988625,0.988625,0.988715,119
2026-05-26T10:24:00+00:00,0.988615,0.988615,0.988615,0.988735,133
2026-05-26T10:25:00+00:00,0.98861,0.988685,0.988605,0.98871,165
2026-05-26T10:26:00+00:00,0.98869,0.988785,0.988675,0.988785,96
2026-05-26T10:27:00+00:00,0.988775,0.98883,0.988775,0.988875,97
2026-05-26T10:28:00+00:00,0.988825,0.98893,0.988825,0.989055,326
2026-05-26T10:29:00+00:00,0.98893,0.988885,0.98883,0.988935,211
2026-05-26T10:30:00+00:00,0.98889,0.98913,0.988875,0.989215,571
2026-05-26T10:31:00+00:00,0.98914,0.98902,0.988945,0.98917,329
2026-05-26T10:32:00+00:00,0.989025,0.98899,0.988965,0.98907,373
2026-05-26T10:33:00+00:00,0.98898,0.989035,0.98897,0.989055,248
2026-05-26T10:34:00+00:00,0.989035,0.989065,0.989025,0.989085,236
2026-05-26T10:35:00+00:00,0.98906,0.98898,0.988975,0.989235,216
2026-05-26T10:36:00+00:00,0.988985,0.988885,0.988885,0.989,199
2026-05-26T10:37:00+00:00,0.988885,0.988915,0.988875,0.98899,140
2026-05-26T10:38:00+00:00,0.98892,0.988835,0.98883,0.988925,121
2026-05-26T10:39:00+00:00,0.98883,0.98886,0.98881,0.98891,118
2026-05-26T10:40:00+00:00,0.988865,0.98886,0.98882,0.988935,199
2026-05-26T10:41:00+00:00,0.988865,0.98887,0.988835,0.98892,150
2026-05-26T10:42:00+00:00,0.98887,0.98892,0.98883,0.988925,128
2026-05-26T10:43:00+00:00,0.98892,0.98894,0.988905,0.989005,148
2026-05-26T10:44:00+00:00,0.988945,0.989105,0.98894,0.989125,143
2026-05-26T10:45:00+00:00,0.989105,0.98902,0.988975,0.98911,144
2026-05-26T10:46:00+00:00,0.98902,0.98894,0.988935,0.989035,157
2026-05-26T10:47:00+00:00,0.98895,0.98889,0.988875,0.989015,118
2026-05-26T10:48:00+00:00,0.988895,0.9889,0.988885,0.988945,79
2026-05-26T10:49:00+00:00,0.9889,0.98905,0.988875,0.98905,128
2026-05-26T10:50:00+00:00,0.989055,0.989065,0.989045,0.989105,127
2026-05-26T10:51:00+00:00,0.989075,0.989005,0.988935,0.989075,143
2026-05-26T10:52:00+00:00,0.989,0.989105,0.98897,0.989105,274
2026-05-26T10:53:00+00:00,0.989105,0.989075,0.98907,0.989135,178
2026-05-26T10:54:00+00:00,0.989085,0.989025,0.98899,0.989085,173
2026-05-26T10:55:00+00:00,0.98902,0.989055,0.98902,0.98913,204
2026-05-26T10:56:00+00:00,0.98905,0.989005,0.988985,0.98906,164
2026-05-26T10:57:00+00:00,0.988995,0.98899,0.988955,0.989045,200
2026-05-26T10:58:00+00:00,0.988995,0.989095,0.988995,0.9891,148
2026-05-26T10:59:00+00:00,0.989095,0.988845,0.98884,0.989095,190
2026-05-26T11:00:00+00:00,0.98884,0.98885,0.988815,0.988915,214
2026-05-26T11:01:00+00:00,0.98885,0.98885,0.988825,0.988925,189
2026-05-26T11:02:00+00:00,0.988845,0.988805,0.98877,0.98889,170
2026-05-26T11:03:00+00:00,0.9888,0.98896,0.9888,0.988975,197
2026-05-26T11:04:00+00:00,0.988965,0.989075,0.98896,0.98909,223
2026-05-26T11:05:00+00:00,0.989085,0.9891,0.989025,0.98915,175
2026-05-26T11:06:00+00:00,0.989095,0.989165,0.989075,0.98917,155
2026-05-26T11:07:00+00:00,0.98916,0.989225,0.98915,0.989245,98
2026-05-26T11:08:00+00:00,0.989225,0.989165,0.989145,0.98923,91
2026-05-26T11:09:00+00:00,0.989165,0.98917,0.98913,0.989205,124
2026-05-26T11:10:00+00:00,0.989175,0.989225,0.98913,0.989235,98
2026-05-26T11:11:00+00:00,0.989225,0.989255,0.989215,0.989315,122
2026-05-26T11:12:00+00:00,0.989255,0.98934,0.98922,0.98936,95
2026-05-26T11:13:00+00:00,0.989325,0.989265,0.989225,0.98935,96
2026-05-26T11:14:00+00:00,0.989265,0.989265,0.989255,0.989325,91
2026-05-26T11:15:00+00:00,0.989275,0.989245,0.989195,0.989315,191
2026-05-26T11:16:00+00:00,0.989245,0.98932,0.98922,0.98932,83
2026-05-26T11:17:00+00:00,0.989315,0.98942,0.98927,0.989455,184
2026-05-26T11:18:00+00:00,0.989415,0.989295,0.989295,0.98942,179
2026-05-26T11:19:00+00:00,0.9893,0.989345,0.98927,0.98937,176
2026-05-26T11:20:00+00:00,0.98935,0.989345,0.989295,0.98939,210
2026-05-26T11:21:00+00:00,0.98934,0.98931,0.989275,0.989355,137
2026-05-26T11:22:00+00:00,0.989305,0.989395,0.989295,0.989395,129
2026-05-26T11:23:00+00:00,0.9894,0.989395,0.98937,0.989435,122
2026-05-26T11:24:00+00:00,0.9894,0.989445,0.98939,0.989485,96
2026-05-26T11:25:00+00:00,0.98944,0.98944,0.98943,0.98948,128
2026-05-26T11:26:00+00:00,0.989445,0.98935,0.98932,0.989495,172
2026-05-26T11:27:00+00:00,0.989345,0.989315,0.98929,0.989385,136
2026-05-26T11:28:00+00:00,0.989315,0.989405,0.989315,0.989415,98
2026-05-26T11:29:00+00:00,0.989405,0.989405,0.989385,0.989425,129
2026-05-26T11:30:00+00:00,0.9894,0.989435,0.98934,0.989455,126
2026-05-26T11:31:00+00:00,0.98944,0.989385,0.989385,0.98947,110
2026-05-26T11:32:00+00:00,0.98939,0.98956,0.989385,0.98958,172
2026-05-26T11:33:00+00:00,0.98957,0.98951,0.98948,0.98958,175
2026-05-26T11:34:00+00:00,0.989505,0.989115,0.989,0.989505,748
2026-05-26T11:35:00+00:00,0.98911,0.988795,0.98877,0.989225,568
2026-05-26T11:36:00+00:00,0.9888,0.988885,0.98872,0.988955,679
2026-05-26T11:37:00+00:00,0.98888,0.989,0.988815,0.989045,338
2026-05-26T11:38:00+00:00,0.989,0.989085,0.988985,0.9891,187
2026-05-26T11:39:00+00:00,0.98909,0.989155,0.989085,0.98921,249
2026-05-26T11:40:00+00:00,0.98916,0.989135,0.98909,0.98922,274
2026-05-26T11:41:00+00:00,0.98914,0.989185,0.98913,0.98922,215
2026-05-26T11:42:00+00:00,0.98919,0.98909,0.989065,0.9892,201
2026-05-26T11:43:00+00:00,0.989095,0.989285,0.989075,0.989285,204
2026-05-26T11:44:00+00:00,0.98928,0.989265,0.98921,0.98929,137
2026-05-26T11:45:00+00:00,0.98927,0.989145,0.989095,0.98929,321
2026-05-26T11:46:00+00:00,0.98915,0.98931,0.989125,0.98932,153
2026-05-26T11:47:00+00:00,0.989315,0.9894,0.98931,0.989405,133
2026-05-26T11:48:00+00:00,0.989405,0.989355,0.989275,0.98941,172
2026-05-26T11:49:00+00:00,0.98935,0.98929,0.98929,0.98937,114
2026-05-26T11:50:00+00:00,0.98928,0.989455,0.98925,0.989495,161
2026-05-26T11:51:00+00:00,0.989455,0.989375,0.989375,0.98952,97
2026-05-26T11:52:00+00:00,0.98938,0.989515,0.98937,0.989515,161
2026-05-26T11:53:00+00:00,0.989515,0.98949,0.98948,0.989545,116
2026-05-26T11:54:00+00:00,0.98949,0.98934,0.98932,0.98949,181
2026-05-26T11:55:00+00:00,0.989345,0.989405,0.989335,0.989425,175
2026-05-26T11:56:00+00:00,0.9894,0.989625,0.989375,0.989625,233
2026-05-26T11:57:00+00:00,0.989625,0.989505,0.9895,0.989625,185
2026-05-26T11:58:00+00:00,0.98952,0.98954,0.98948,0.98958,206
2026-05-26T11:59:00+00:00,0.989535,0.989525,0.98948,0.98954,193
2026-05-26T12:00:00+00:00,0.98952,0.98942,0.989375,0.989545,305
2026-05-26T12:01:00+00:00,0.98941,0.98954,0.989385,0.989575,167
2026-05-26T12:02:00+00:00,0.98955,0.989625,0.989525,0.98963,165
2026-05-26T12:03:00+00:00,0.989625,0.9896,0.98959,0.98963,112
2026-05-26T12:04:00+00:00,0.989595,0.989545,0.98951,0.9896,161
2026-05-26T12:05:00+00:00,0.98956,0.98964,0.98956,0.989725,123
2026-05-26T12:06:00+00:00,0.989635,0.989715,0.989635,0.989765,177
2026-05-26T12:07:00+00:00,0.989725,0.98962,0.989585,0.989725,118
2026-05-26T12:08:00+00:00,0.989615,0.989405,0.989335,0.989625,406
2026-05-26T12:09:00+00:00,0.989415,0.98969,0.98933,0.989715,460
2026-05-26T12:10:00+00:00,0.98968,0.989655,0.989525,0.98971,372
2026-05-26T12:11:00+00:00,0.989645,0.98964,0.989615,0.989685,185
2026-05-26T12:12:00+00:00,0.989645,0.989825,0.989645,0.98985,215
2026-05-26T12:13:00+00:00,0.98982,0.989715,0.989705,0.989835,163
2026-05-26T12:14:00+00:00,0.989715,0.98958,0.989575,0.989715,356
2026-05-26T12:15:00+00:00,0.98958,0.989695,0.989565,0.989705,223
2026-05-26T12:16:00+00:00,0.9897,0.98968,0.98962,0.98976,274
2026-05-26T12:17:00+00:00,0.989675,0.98964,0.989615,0.98969,304
2026-05-26T12:18:00+00:00,0.989635,0.989625,0.98957,0.989635,197
2026-05-26T12:19:00+00:00,0.98963,0.98974,0.98962,0.989775,212
2026-05-26T12:20:00+00:00,0.989745,0.98986,0.989745,0.98991,210
2026-05-26T12:21:00+00:00,0.98986,0.98992,0.98986,0.989945,134
2026-05-26T12:22:00+00:00,0.989925,0.990095,0.98989,0.9901,226
2026-05-26T12:23:00+00:00,0.9901,0.990065,0.98998,0.99012,210
2026-05-26T12:24:00+00:00,0.990065,0.99006,0.99002,0.9901,211
2026-05-26T12:25:00+00:00,0.990065,0.990165,0.990045,0.990185,215
2026-05-26T12:26:00+00:00,0.99017,0.99007,0.99003,0.990175,168
2026-05-26T12:27:00+00:00,0.990065,0.990145,0.990065,0.9902,118
2026-05-26T12:28:00+00:00,0.990145,0.99026,0.990145,0.990265,105
2026-05-26T12:29:00+00:00,0.99026,0.990285,0.990255,0.9903,95
2026-05-26T12:30:00+00:00,0.99028,0.990165,0.990145,0.990285,111
2026-05-26T12:31:00+00:00,0.99016,0.99019,0.990115,0.990235,128
2026-05-26T12:32:00+00:00,0.990195,0.99023,0.99015,0.990275,126
2026-05-26T12:33:00+00:00,0.99022,0.99021,0.990205,0.99023,101
2026-05-26T12:34:00+00:00,0.990205,0.990305,0.990205,0.99032,133
2026-05-26T12:35:00+00:00,0.9903,0.990145,0.990075,0.9903,167
2026-05-26T12:36:00+00:00,0.990145,0.990175,0.990085,0.99019,105
2026-05-26T12:37:00+00:00,0.99018,0.99018,0.99012,0.99019,167
2026-05-26T12:38:00+00:00,0.990185,0.990165,0.99014,0.99025,149
2026-05-26T12:39:00+00:00,0.990155,0.990165,0.99015,0.99025,198
2026-05-26T12:40:00+00:00,0.990165,0.99035,0.990165,0.990375,219
2026-05-26T12:41:00+00:00,0.990345,0.990415,0.990295,0.99043,149
2026-05-26T12:42:00+00:00,0.99042,0.99057,0.990415,0.9906,183
2026-05-26T12:43:00+00:00,0.990575,0.990605,0.990545,0.990645,251
2026-05-26T12:44:00+00:00,0.9906,0.990465,0.990455,0.990605,252
2026-05-26T12:45:00+00:00,0.99047,0.99039,0.990335,0.99047,194
2026-05-26T12:46:00+00:00,0.990395,0.99039,0.990335,0.99043,231
2026-05-26T12:47:00+00:00,0.99038,0.990325,0.99032,0.99044,131
2026-05-26T12:48:00+00:00,0.990325,0.99041,0.990325,0.99042,111
2026-05-26T12:49:00+00:00,0.990415,0.99048,0.990415,0.9905,186
2026-05-26T12:50:00+00:00,0.990485,0.99052,0.990475,0.99056,204
2026-05-26T12:51:00+00:00,0.990525,0.990625,0.990525,0.990655,178
2026-05-26T12:52:00+00:00,0.990625,0.99046,0.99043,0.99064,192
2026-05-26T12:53:00+00:00,0.990455,0.990455,0.990455,0.99053,131
2026-05-26T12:54:00+00:00,0.99046,0.990455,0.9904,0.99047,178
2026-05-26T12:55:00+00:00,0.99045,0.990425,0.99036,0.990475,245
2026-05-26T12:56:00+00:00,0.990425,0.99044,0.9904,0.990475,170
2026-05-26T12:57:00+00:00,0.99043,0.99055,0.99042,0.99057,133
2026-05-26T12:58:00+00:00,0.990555,0.990545,0.990375,0.990575,161
2026-05-26T12:59:00+00:00,0.99055,0.99046,0.99046,0.99056,122
2026-05-26T13:00:00+00:00,0.99045,0.99048,0.99036,0.990535,141
2026-05-26T13:01:00+00:00,0.990475,0.990485,0.990455,0.990525,153
2026-05-26T13:02:00+00:00,0.990485,0.99043,0.990395,0.99055,272
2026-05-26T13:03:00+00:00,0.990425,0.9905,0.990425,0.99056,192
2026-05-26T13:04:00+00:00,0.990495,0.99047,0.990465,0.99055,206
2026-05-26T13:05:00+00:00,0.990475,0.990455,0.990405,0.990485,237
2026-05-26T13:06:00+00:00,0.990455,0.990575,0.990425,0.990575,203
2026-05-26T13:07:00+00:00,0.990565,0.990565,0.990475,0.99059,203
2026-05-26T13:08:00+00:00,0.990575,0.990675,0.990545,0.990675,194
2026-05-26T13:09:00+00:00,0.990675,0.99073,0.99062,0.99075,188
2026-05-26T13:10:00+00:00,0.99072,0.990685,0.99062,0.99072,171
2026-05-26T13:11:00+00:00,0.990675,0.99066,0.99055,0.990685,261
2026-05-26T13:12:00+00:00,0.990665,0.99057,0.990505,0.990665,173
2026-05-26T13:13:00+00:00,0.990575,0.99053,0.990515,0.99061,145
2026-05-26T13:14:00+00:00,0.99054,0.99062,0.99053,0.990635,176
2026-05-26T13:15:00+00:00,0.99061,0.99056,0.990485,0.99061,208
2026-05-26T13:16:00+00:00,0.99057,0.990525,0.99051,0.99058,214
2026-05-26T13:17:00+00:00,0.99053,0.990605,0.99053,0.99063,213
2026-05-26T13:18:00+00:00,0.99061,0.990685,0.99061,0.990695,174
2026-05-26T13:19:00+00:00,0.990675,0.990665,0.99063,0.99072,204
2026-05-26T13:20:00+00:00,0.99066,0.99087,0.990635,0.990875,212
2026-05-26T13:21:00+00:00,0.990875,0.99098,0.990855,0.991025,205
2026-05-26T13:22:00+00:00,0.990975,0.99109,0.99096,0.99109,207
2026-05-26T13:23:00+00:00,0.99108,0.99112,0.99107,0.991165,143
2026-05-26T13:24:00+00:00,0.991115,0.991125,0.99107,0.991175,176
2026-05-26T13:25:00+00:00,0.991135,0.990995,0.990985,0.991145,236
2026-05-26T13:26:00+00:00,0.99099,0.99087,0.990855,0.99099,162
2026-05-26T13:27:00+00:00,0.99087,0.990875,0.99075,0.99088,104
2026-05-26T13:28:00+00:00,0.990865,0.990695,0.99065,0.990865,326
2026-05-26T13:29:00+00:00,0.9907,0.990675,0.990585,0.99075,257
2026-05-26T13:30:00+00:00,0.99068,0.990825,0.99068,0.990975,509
2026-05-26T13:31:00+00:00,0.99083,0.99059,0.99057,0.990835,341
2026-05-26T13:32:00+00:00,0.990595,0.990505,0.990475,0.990675,252
2026-05-26T13:33:00+00:00,0.9905,0.990325,0.99031,0.990545,310
2026-05-26T13:34:00+00:00,0.990315,0.990305,0.9903,0.990435,261
2026-05-26T13:35:00+00:00,0.9903,0.99008,0.99004,0.9903,321
2026-05-26T13:36:00+00:00,0.990085,0.99013,0.99005,0.99016,252
2026-05-26T13:37:00+00:00,0.990135,0.99032,0.99013,0.990365,346
2026-05-26T13:38:00+00:00,0.990315,0.9902,0.990175,0.99036,369
2026-05-26T13:39:00+00:00,0.990195,0.990185,0.99011,0.990255,365
2026-05-26T13:40:00+00:00,0.99021,0.99031,0.99016,0.990385,424
2026-05-26T13:41:00+00:00,0.99029,0.99025,0.99025,0.990435,322
2026-05-26T13:42:00+00:00,0.990245,0.990265,0.99018,0.990285,299
2026-05-26T13:43:00+00:00,0.99027,0.99037,0.990255,0.990455,345
2026-05-26T13:44:00+00:00,0.990365,0.99027,0.990225,0.99041,384
2026-05-26T13:45:00+00:00,0.990275,0.990375,0.99027,0.990425,386
2026-05-26T13:46:00+00:00,0.990365,0.990675,0.990325,0.99068,401
2026-05-26T13:47:00+00:00,0.990675,0.990495,0.990385,0.99072,350
2026-05-26T13:48:00+00:00,0.990485,0.990425,0.990395,0.99055,326
2026-05-26T13:49:00+00:00,0.99042,0.9905,0.990415,0.99057,252
2026-05-26T13:50:00+00:00,0.990505,0.990135,0.990105,0.99056,488
2026-05-26T13:51:00+00:00,0.99014,0.989975,0.989855,0.99015,556
2026-05-26T13:52:00+00:00,0.98997,0.990005,0.989905,0.99016,414
2026-05-26T13:53:00+00:00,0.99,0.989385,0.98924,0.99,861
2026-05-26T13:54:00+00:00,0.98938,0.98957,0.989345,0.9896,496
2026-05-26T13:55:00+00:00,0.989555,0.98972,0.989485,0.989725,522
2026-05-26T13:56:00+00:00,0.98971,0.989815,0.989675,0.98985,227
2026-05-26T13:57:00+00:00,0.989815,0.989795,0.989795,0.989925,319
2026-05-26T13:58:00+00:00,0.98979,0.989785,0.989785,0.989885,183
2026-05-26T13:59:00+00:00,0.98979,0.98973,0.989715,0.989805,237
2026-05-26T14:00:00+00:00,0.989725,0.989615,0.98947,0.98983,344
2026-05-26T14:01:00+00:00,0.98962,0.989795,0.989615,0.98987,360
2026-05-26T14:02:00+00:00,0.98979,0.98987,0.98979,0.98996,320
2026-05-26T14:03:00+00:00,0.989865,0.990075,0.989805,0.990085,478
2026-05-26T14:04:00+00:00,0.99007,0.989925,0.989865,0.990075,279
2026-05-26T14:05:00+00:00,0.989925,0.98974,0.989705,0.989925,270
2026-05-26T14:06:00+00:00,0.98975,0.989675,0.989595,0.989775,264
2026-05-26T14:07:00+00:00,0.98968,0.989715,0.989655,0.989825,283
2026-05-26T14:08:00+00:00,0.98971,0.989795,0.989675,0.9898,303
2026-05-26T14:09:00+00:00,0.98979,0.98965,0.989605,0.989835,367
2026-05-26T14:10:00+00:00,0.989655,0.98974,0.989605,0.98984,285
2026-05-26T14:11:00+00:00,0.989745,0.989515,0.989515,0.989765,224
2026-05-26T14:12:00+00:00,0.989515,0.989485,0.989475,0.98958,137
2026-05-26T14:13:00+00:00,0.98949,0.98961,0.989465,0.989695,353
2026-05-26T14:14:00+00:00,0.989605,0.98969,0.989565,0.9897,251
2026-05-26T14:15:00+00:00,0.989675,0.98959,0.989575,0.9897,330
2026-05-26T14:16:00+00:00,0.989595,0.989575,0.989575,0.9897,256
2026-05-26T14:17:00+00:00,0.98957,0.9896,0.989525,0.989685,326
2026-05-26T14:18:00+00:00,0.98961,0.98959,0.989555,0.98963,197
2026-05-26T14:19:00+00:00,0.989595,0.989475,0.989445,0.989605,218
2026-05-26T14:20:00+00:00,0.98947,0.98952,0.989425,0.989585,187
2026-05-26T14:21:00+00:00,0.98951,0.98962,0.98951,0.98963,205
2026-05-26T14:22:00+00:00,0.989605,0.989705,0.989585,0.98991,304
2026-05-26T14:23:00+00:00,0.989715,0.989565,0.98949,0.989765,344
2026-05-26T14:24:00+00:00,0.98956,0.98973,0.98955,0.989745,328
2026-05-26T14:25:00+00:00,0.989725,0.98977,0.98971,0.989805,277
2026-05-26T14:26:00+00:00,0.989765,0.989495,0.98943,0.98977,297
2026-05-26T14:27:00+00:00,0.989505,0.989485,0.98945,0.989545,193
2026-05-26T14:28:00+00:00,0.989485,0.989365,0.989335,0.989535,212
2026-05-26T14:29:00+00:00,0.98937,0.989475,0.98932,0.98949,221
2026-05-26T14:30:00+00:00,0.98946,0.98943,0.989365,0.98949,261
2026-05-26T14:31:00+00:00,0.989435,0.989465,0.9894,0.98953,277
2026-05-26T14:32:00+00:00,0.98947,0.989515,0.98941,0.989605,375
2026-05-26T14:33:00+00:00,0.98951,0.98931,0.989185,0.989515,374
2026-05-26T14:34:00+00:00,0.989305,0.98944,0.98929,0.98945,246
2026-05-26T14:35:00+00:00,0.98945,0.989825,0.989445,0.989875,389
2026-05-26T14:36:00+00:00,0.98982,0.98967,0.98962,0.989895,366
2026-05-26T14:37:00+00:00,0.98966,0.989675,0.98949,0.989725,358
2026-05-26T14:38:00+00:00,0.98967,0.989575,0.98957,0.989675,245
2026-05-26T14:39:00+00:00,0.989565,0.989425,0.98941,0.98959,255
2026-05-26T14:40:00+00:00,0.989425,0.98961,0.98942,0.989625,298
2026-05-26T14:41:00+00:00,0.9896,0.989475,0.98942,0.989625,157
2026-05-26T14:42:00+00:00,0.98947,0.989675,0.989455,0.989755,252
2026-05-26T14:43:00+00:00,0.98966,0.989365,0.989365,0.98966,244
2026-05-26T14:44:00+00:00,0.989375,0.989475,0.98917,0.989475,277
2026-05-26T14:45:00+00:00,0.98948,0.989405,0.9893,0.98949,317
2026-05-26T14:46:00+00:00,0.9894,0.989405,0.989275,0.989425,344
2026-05-26T14:47:00+00:00,0.989415,0.989295,0.98929,0.9895,249
2026-05-26T14:48:00+00:00,0.98929,0.989305,0.989175,0.989365,398
2026-05-26T14:49:00+00:00,0.98931,0.989295,0.989275,0.989385,320
2026-05-26T14:50:00+00:00,0.9893,0.989375,0.989275,0.9894,241
2026-05-26T14:51:00+00:00,0.98937,0.989305,0.989265,0.98938,229
2026-05-26T14:52:00+00:00,0.989315,0.989355,0.98926,0.989395,265
2026-05-26T14:53:00+00:00,0.989345,0.98933,0.98931,0.989415,259
2026-05-26T14:54:00+00:00,0.989335,0.98941,0.98931,0.989415,221
2026-05-26T14:55:00+00:00,0.989405,0.989725,0.98938,0.989825,516
2026-05-26T14:56:00+00:00,0.98972,0.98943,0.989375,0.989735,498
2026-05-26T14:57:00+00:00,0.989435,0.989525,0.989335,0.989525,550
2026-05-26T14:58:00+00:00,0.98953,0.989615,0.989495,0.989635,374
2026-05-26T14:59:00+00:00,0.989605,0.989625,0.989575,0.989705,340
2026-05-26T15:00:00+00:00,0.98961,0.989675,0.989475,0.98968,306
2026-05-26T15:01:00+00:00,0.98968,0.989575,0.98953,0.98973,310
2026-05-26T15:02:00+00:00,0.98958,0.989625,0.989515,0.989685,381
2026-05-26T15:03:00+00:00,0.989615,0.9895,0.98939,0.989625,490
2026-05-26T15:04:00+00:00,0.989495,0.98942,0.989355,0.989495,237
2026-05-26T15:05:00+00:00,0.98942,0.989475,0.98933,0.989525,280
2026-05-26T15:06:00+00:00,0.98947,0.989595,0.98934,0.989605,345
2026-05-26T15:07:00+00:00,0.98959,0.989615,0.98955,0.989635,304
2026-05-26T15:08:00+00:00,0.98961,0.98958,0.989545,0.989695,313
2026-05-26T15:09:00+00:00,0.989575,0.98952,0.98952,0.989585,237
2026-05-26T15:10:00+00:00,0.98951,0.98951,0.98949,0.98961,190
2026-05-26T15:11:00+00:00,0.9895,0.98953,0.9895,0.989575,230
2026-05-26T15:12:00+00:00,0.989535,0.989755,0.989535,0.989755,126
2026-05-26T15:13:00+00:00,0.989765,0.989755,0.989635,0.989815,219
2026-05-26T15:14:00+00:00,0.989765,0.98972,0.989695,0.989795,236
2026-05-26T15:15:00+00:00,0.989715,0.98974,0.989655,0.98978,208
2026-05-26T15:16:00+00:00,0.989735,0.98955,0.989535,0.98976,180
2026-05-26T15:17:00+00:00,0.989545,0.98941,0.98938,0.989575,314
2026-05-26T15:18:00+00:00,0.989405,0.989455,0.98934,0.98949,316
2026-05-26T15:19:00+00:00,0.989445,0.989325,0.989285,0.98955,337
2026-05-26T15:20:00+00:00,0.98932,0.98924,0.989205,0.989375,292
2026-05-26T15:21:00+00:00,0.989245,0.98933,0.989245,0.989355,197
2026-05-26T15:22:00+00:00,0.989335,0.98927,0.98926,0.989355,208
2026-05-26T15:23:00+00:00,0.98928,0.98928,0.989235,0.989295,177
2026-05-26T15:24:00+00:00,0.989285,0.989245,0.989235,0.98934,237
2026-05-26T15:25:00+00:00,0.98924,0.98925,0.989235,0.98932,206
2026-05-26T15:26:00+00:00,0.989245,0.98926,0.98923,0.989365,229
2026-05-26T15:27:00+00:00,0.989265,0.989115,0.989075,0.989275,220
2026-05-26T15:28:00+00:00,0.98911,0.989105,0.9891,0.989265,267
2026-05-26T15:29:00+00:00,0.98912,0.989005,0.988975,0.989145,278
2026-05-26T15:30:00+00:00,0.98902,0.98905,0.988975,0.989125,402
2026-05-26T15:31:00+00:00,0.989045,0.98899,0.98898,0.989125,229
2026-05-26T15:32:00+00:00,0.98898,0.989075,0.988965,0.98917,274
2026-05-26T15:33:00+00:00,0.98907,0.989105,0.98907,0.989205,191
2026-05-26T15:34:00+00:00,0.98911,0.989025,0.98902,0.989155,294
2026-05-26T15:35:00+00:00,0.989015,0.988935,0.98892,0.989035,238
2026-05-26T15:36:00+00:00,0.988925,0.988675,0.988675,0.98897,332
2026-05-26T15:37:00+00:00,0.98867,0.988615,0.98853,0.98873,376
2026-05-26T15:38:00+00:00,0.988605,0.98863,0.988535,0.98865,337
2026-05-26T15:39:00+00:00,0.988625,0.98875,0.988595,0.988785,235
2026-05-26T15:40:00+00:00,0.988745,0.988625,0.9886,0.98879,213
2026-05-26T15:41:00+00:00,0.98863,0.98868,0.98863,0.988725,238
2026-05-26T15:42:00+00:00,0.988685,0.98876,0.988675,0.988795,289
2026-05-26T15:43:00+00:00,0.98877,0.98872,0.988695,0.98877,220
2026-05-26T15:44:00+00:00,0.988715,0.98862,0.98858,0.988725,211
2026-05-26T15:45:00+00:00,0.988625,0.98868,0.988535,0.9887,293
2026-05-26T15:46:00+00:00,0.988675,0.9886,0.98853,0.988675,247
2026-05-26T15:47:00+00:00,0.988595,0.988625,0.988575,0.98866,196
2026-05-26T15:48:00+00:00,0.988635,0.988585,0.98857,0.988665,220
2026-05-26T15:49:00+00:00,0.98858,0.988485,0.98846,0.988605,195
2026-05-26T15:50:00+00:00,0.98849,0.988575,0.988475,0.988585,305
2026-05-26T15:51:00+00:00,0.988565,0.988515,0.988475,0.988605,293
2026-05-26T15:52:00+00:00,0.98851,0.988555,0.988465,0.98857,145
2026-05-26T15:53:00+00:00,0.988535,0.98853,0.98852,0.98858,145
2026-05-26T15:54:00+00:00,0.98853,0.988525,0.98843,0.988575,204
2026-05-26T15:55:00+00:00,0.988515,0.988425,0.98842,0.988525,194
2026-05-26T15:56:00+00:00,0.988425,0.988415,0.988355,0.98845,185
2026-05-26T15:57:00+00:00,0.98842,0.988425,0.98837,0.988495,252
2026-05-26T15:58:00+00:00,0.98842,0.988425,0.98836,0.98846,236
2026-05-26T15:59:00+00:00,0.988435,0.988445,0.9884,0.98845,151
2026-05-26T16:00:00+00:00,0.98845,0.988485,0.988425,0.98852,363
2026-05-26T16:01:00+00:00,0.98848,0.98872,0.988475,0.988725,224
2026-05-26T16:02:00+00:00,0.988725,0.988695,0.988635,0.988795,295
2026-05-26T16:03:00+00:00,0.988705,0.98871,0.98863,0.98874,256
2026-05-26T16:04:00+00:00,0.988715,0.988725,0.988705,0.988745,200
2026-05-26T16:05:00+00:00,0.988715,0.988785,0.988705,0.988815,143
2026-05-26T16:06:00+00:00,0.988775,0.988725,0.98869,0.988775,118
2026-05-26T16:07:00+00:00,0.98872,0.988815,0.98872,0.98882,122
2026-05-26T16:08:00+00:00,0.98882,0.988725,0.988695,0.988855,120
2026-05-26T16:09:00+00:00,0.988725,0.988865,0.988725,0.988865,176
2026-05-26T16:10:00+00:00,0.98887,0.98884,0.98881,0.988875,172
2026-05-26T16:11:00+00:00,0.98883,0.988865,0.988825,0.988875,151
2026-05-26T16:12:00+00:00,0.98887,0.98882,0.9888,0.988945,191
2026-05-26T16:13:00+00:00,0.988825,0.988825,0.98881,0.988875,169
2026-05-26T16:14:00+00:00,0.98883,0.988795,0.98879,0.98887,188
2026-05-26T16:15:00+00:00,0.9888,0.988805,0.98879,0.988885,181
2026-05-26T16:16:00+00:00,0.9888,0.988855,0.98876,0.988855,152
2026-05-26T16:17:00+00:00,0.98885,0.98884,0.98882,0.98889,177
2026-05-26T16:18:00+00:00,0.988835,0.988935,0.98882,0.98896,210
2026-05-26T16:19:00+00:00,0.988935,0.98903,0.98893,0.98906,249
2026-05-26T16:20:00+00:00,0.989035,0.989035,0.98901,0.989075,141
2026-05-26T16:21:00+00:00,0.98903,0.98888,0.988855,0.989045,125
2026-05-26T16:22:00+00:00,0.98888,0.988995,0.98888,0.989,133
2026-05-26T16:23:00+00:00,0.988985,0.98903,0.98898,0.989065,152
2026-05-26T16:24:00+00:00,0.989035,0.989105,0.989035,0.98914,123
2026-05-26T16:25:00+00:00,0.9891,0.98905,0.989025,0.98911,242
2026-05-26T16:26:00+00:00,0.98906,0.9891,0.98905,0.98912,154
2026-05-26T16:27:00+00:00,0.9891,0.989085,0.989065,0.98913,247
2026-05-26T16:28:00+00:00,0.989085,0.989205,0.989075,0.989235,212
2026-05-26T16:29:00+00:00,0.989205,0.98922,0.989175,0.989265,246
2026-05-26T16:30:00+00:00,0.989225,0.98931,0.989175,0.989325,153
2026-05-26T16:31:00+00:00,0.98931,0.98929,0.989275,0.98931,117
2026-05-26T16:32:00+00:00,0.989295,0.989385,0.98929,0.98942,202
2026-05-26T16:33:00+00:00,0.98939,0.98944,0.989355,0.98951,522
2026-05-26T16:34:00+00:00,0.989445,0.989395,0.989385,0.98949,223
2026-05-26T16:35:00+00:00,0.989405,0.98941,0.98939,0.98945,208
2026-05-26T16:36:00+00:00,0.989415,0.989305,0.9893,0.98945,334
2026-05-26T16:37:00+00:00,0.98931,0.989145,0.989145,0.98934,213
2026-05-26T16:38:00+00:00,0.989145,0.98929,0.989145,0.98929,128
2026-05-26T16:39:00+00:00,0.989285,0.989245,0.989225,0.989295,203
2026-05-26T16:40:00+00:00,0.989245,0.989225,0.989225,0.98929,168
2026-05-26T16:41:00+00:00,0.989225,0.989175,0.98915,0.989225,179
2026-05-26T16:42:00+00:00,0.989175,0.98905,0.98905,0.98919,152
2026-05-26T16:43:00+00:00,0.989055,0.989035,0.989005,0.98914,242
2026-05-26T16:44:00+00:00,0.98904,0.98891,0.98889,0.989055,264
2026-05-26T16:45:00+00:00,0.988915,0.98879,0.98878,0.98896,291
2026-05-26T16:46:00+00:00,0.988785,0.988805,0.988745,0.988855,225
2026-05-26T16:47:00+00:00,0.988815,0.98881,0.9888,0.988875,156
2026-05-26T16:48:00+00:00,0.9888,0.988665,0.98864,0.98883,245
2026-05-26T16:49:00+00:00,0.988655,0.98869,0.98865,0.988775,221
2026-05-26T16:50:00+00:00,0.988695,0.988905,0.988695,0.988915,173
2026-05-26T16:51:00+00:00,0.988905,0.989015,0.988895,0.989015,229
2026-05-26T16:52:00+00:00,0.989025,0.98919,0.988985,0.98919,237
2026-05-26T16:53:00+00:00,0.98918,0.98913,0.98909,0.98923,250
2026-05-26T16:54:00+00:00,0.98912,0.989175,0.98912,0.989245,172
2026-05-26T16:55:00+00:00,0.98917,0.98921,0.98914,0.989255,302
2026-05-26T16:56:00+00:00,0.98922,0.98923,0.98922,0.98928,165
2026-05-26T16:57:00+00:00,0.989235,0.989155,0.989135,0.98932,191
2026-05-26T16:58:00+00:00,0.98916,0.98922,0.98913,0.98923,187
2026-05-26T16:59:00+00:00,0.989225,0.989305,0.989205,0.98931,165
2026-05-26T17:00:00+00:00,0.98931,0.989275,0.989265,0.98933,146
2026-05-26T17:01:00+00:00,0.989285,0.989405,0.989275,0.98941,252
2026-05-26T17:02:00+00:00,0.98941,0.989405,0.98935,0.98943,201
2026-05-26T17:03:00+00:00,0.98941,0.98947,0.989405,0.98948,87
2026-05-26T17:04:00+00:00,0.989475,0.98939,0.989375,0.98948,140
2026-05-26T17:05:00+00:00,0.989385,0.989375,0.98932,0.989415,139
2026-05-26T17:06:00+00:00,0.98937,0.9894,0.98933,0.98941,130
2026-05-26T17:07:00+00:00,0.989395,0.989305,0.98929,0.98942,161
2026-05-26T17:08:00+00:00,0.98931,0.989255,0.98925,0.98933,130
2026-05-26T17:09:00+00:00,0.989255,0.989265,0.98923,0.989335,168
2026-05-26T17:10:00+00:00,0.989275,0.989305,0.98917,0.989305,144
2026-05-26T17:11:00+00:00,0.98932,0.98927,0.989235,0.98932,148
2026-05-26T17:12:00+00:00,0.989265,0.98924,0.98923,0.9893,222
2026-05-26T17:13:00+00:00,0.989235,0.989275,0.98923,0.9893,206
2026-05-26T17:14:00+00:00,0.989275,0.98923,0.98923,0.989305,125
2026-05-26T17:15:00+00:00,0.989235,0.989245,0.98922,0.98926,137
2026-05-26T17:16:00+00:00,0.98924,0.98927,0.989225,0.98931,87
2026-05-26T17:17:00+00:00,0.98927,0.9892,0.9892,0.9893,175
2026-05-26T17:18:00+00:00,0.9892,0.98919,0.989165,0.989235,149
2026-05-26T17:19:00+00:00,0.989185,0.989195,0.989155,0.98922,78
2026-05-26T17:20:00+00:00,0.989185,0.989235,0.989155,0.98924,159
2026-05-26T17:21:00+00:00,0.989225,0.989265,0.989225,0.989325,220
2026-05-26T17:22:00+00:00,0.989255,0.989225,0.989175,0.98927,197
2026-05-26T17:23:00+00:00,0.98923,0.989275,0.989225,0.98931,188
2026-05-26T17:24:00+00:00,0.98927,0.98927,0.98923,0.98928,153
2026-05-26T17:25:00+00:00,0.98927,0.989225,0.989215,0.98927,149
2026-05-26T17:26:00+00:00,0.989225,0.98929,0.989225,0.98929,160
2026-05-26T17:27:00+00:00,0.98928,0.989435,0.989275,0.98945,74
2026-05-26T17:28:00+00:00,0.989435,0.989385,0.989355,0.989435,135
2026-05-26T17:29:00+00:00,0.9894,0.989345,0.98933,0.9894,148
2026-05-26T17:30:00+00:00,0.98935,0.98936,0.989295,0.989385,198
2026-05-26T17:31:00+00:00,0.98936,0.98958,0.989355,0.989585,218
2026-05-26T17:32:00+00:00,0.989575,0.989635,0.989525,0.989655,191
2026-05-26T17:33:00+00:00,0.989645,0.98956,0.989505,0.98965,210
2026-05-26T17:34:00+00:00,0.989555,0.989585,0.989545,0.989625,165
2026-05-26T17:35:00+00:00,0.989595,0.989625,0.989555,0.98963,166
2026-05-26T17:36:00+00:00,0.98962,0.98957,0.989505,0.989625,178
2026-05-26T17:37:00+00:00,0.989565,0.989575,0.98952,0.989605,170
2026-05-26T17:38:00+00:00,0.989585,0.98962,0.989565,0.989635,143
2026-05-26T17:39:00+00:00,0.989625,0.98957,0.989565,0.989655,159
2026-05-26T17:40:00+00:00,0.98956,0.98945,0.98941,0.98956,188
2026-05-26T17:41:00+00:00,0.989455,0.98952,0.989425,0.989525,250
2026-05-26T17:42:00+00:00,0.98951,0.989475,0.98947,0.98954,124
2026-05-26T17:43:00+00:00,0.989475,0.98948,0.98945,0.989515,106
2026-05-26T17:44:00+00:00,0.989475,0.989435,0.98943,0.9895,88
2026-05-26T17:45:00+00:00,0.98943,0.989495,0.98942,0.989495,147
2026-05-26T17:46:00+00:00,0.989495,0.989425,0.989425,0.989495,115
2026-05-26T17:47:00+00:00,0.989425,0.989525,0.989425,0.98953,134
2026-05-26T17:48:00+00:00,0.98952,0.989545,0.989505,0.98958,129
2026-05-26T17:49:00+00:00,0.989565,0.989615,0.989555,0.98963,141
2026-05-26T17:50:00+00:00,0.98962,0.98958,0.98955,0.989625,131
2026-05-26T17:51:00+00:00,0.989585,0.989685,0.98958,0.989725,144
2026-05-26T17:52:00+00:00,0.989685,0.989675,0.98963,0.989685,172
2026-05-26T17:53:00+00:00,0.989675,0.98972,0.989665,0.989765,130
2026-05-26T17:54:00+00:00,0.989715,0.989675,0.98963,0.98972,72
2026-05-26T17:55:00+00:00,0.98967,0.98968,0.989655,0.989695,90
2026-05-26T17:56:00+00:00,0.989685,0.989675,0.98967,0.989725,153
2026-05-26T17:57:00+00:00,0.989675,0.989685,0.989625,0.989695,147
2026-05-26T17:58:00+00:00,0.98968,0.98967,0.989625,0.98971,160
2026-05-26T17:59:00+00:00,0.989665,0.98966,0.98962,0.98969,109
2026-05-26T18:00:00+00:00,0.989665,0.98965,0.989625,0.989675,141
2026-05-26T18:01:00+00:00,0.989645,0.989635,0.989585,0.989655,169
2026-05-26T18:02:00+00:00,0.989625,0.9895,0.98947,0.989625,137
2026-05-26T18:03:00+00:00,0.989495,0.98954,0.98947,0.98957,242
2026-05-26T18:04:00+00:00,0.989545,0.989625,0.989525,0.989625,188
2026-05-26T18:05:00+00:00,0.98962,0.98959,0.989585,0.989655,187
2026-05-26T18:06:00+00:00,0.989595,0.989605,0.989585,0.98964,242
2026-05-26T18:07:00+00:00,0.98962,0.989625,0.989595,0.98965,148
2026-05-26T18:08:00+00:00,0.98962,0.98969,0.98962,0.98972,141
2026-05-26T18:09:00+00:00,0.989695,0.989725,0.98968,0.98973,168
2026-05-26T18:10:00+00:00,0.98973,0.989805,0.989675,0.989805,105
2026-05-26T18:11:00+00:00,0.98981,0.989865,0.989795,0.98987,114
2026-05-26T18:12:00+00:00,0.98987,0.989825,0.989795,0.98988,155
2026-05-26T18:13:00+00:00,0.989825,0.989875,0.989825,0.9899,275
2026-05-26T18:14:00+00:00,0.989875,0.98983,0.989775,0.989875,146
2026-05-26T18:15:00+00:00,0.989835,0.98981,0.98976,0.98988,127
2026-05-26T18:16:00+00:00,0.989805,0.989735,0.989725,0.98981,94
2026-05-26T18:17:00+00:00,0.989745,0.98991,0.989725,0.989925,160
2026-05-26T18:18:00+00:00,0.989905,0.989975,0.989875,0.98999,176
2026-05-26T18:19:00+00:00,0.989975,0.990005,0.98997,0.99003,98
2026-05-26T18:20:00+00:00,0.99001,0.989975,0.989935,0.99002,160
2026-05-26T18:21:00+00:00,0.989965,0.99002,0.98993,0.99003,112
2026-05-26T18:22:00+00:00,0.99002,0.99,0.989995,0.99008,111
2026-05-26T18:23:00+00:00,0.989995,0.990115,0.98999,0.990115,169
2026-05-26T18:24:00+00:00,0.99011,0.99001,0.989995,0.990135,113
2026-05-26T18:25:00+00:00,0.99002,0.98999,0.98999,0.99005,97
2026-05-26T18:26:00+00:00,0.99,0.99004,0.99,0.990045,66
2026-05-26T18:27:00+00:00,0.990035,0.989985,0.989975,0.99007,94
2026-05-26T18:28:00+00:00,0.98998,0.98996,0.989905,0.990035,201
2026-05-26T18:29:00+00:00,0.98996,0.99002,0.989955,0.99003,75
2026-05-26T18:30:00+00:00,0.990025,0.99015,0.990025,0.99016,86
2026-05-26T18:31:00+00:00,0.990145,0.99025,0.99014,0.9903,176
2026-05-26T18:32:00+00:00,0.990245,0.99016,0.99015,0.990245,205
2026-05-26T18:33:00+00:00,0.990165,0.990185,0.99016,0.990225,106
2026-05-26T18:34:00+00:00,0.990175,0.990225,0.990165,0.99024,144
2026-05-26T18:35:00+00:00,0.990225,0.990175,0.990145,0.990235,162
2026-05-26T18:36:00+00:00,0.99018,0.99009,0.990075,0.990195,155
2026-05-26T18:37:00+00:00,0.990095,0.99008,0.99005,0.990125,131
2026-05-26T18:38:00+00:00,0.990095,0.990105,0.990095,0.99017,82
2026-05-26T18:39:00+00:00,0.9901,0.99017,0.9901,0.990175,71
2026-05-26T18:40:00+00:00,0.990165,0.99009,0.990045,0.99017,120
2026-05-26T18:41:00+00:00,0.990095,0.99009,0.990065,0.990125,113
2026-05-26T18:42:00+00:00,0.990085,0.990075,0.99003,0.990105,162
2026-05-26T18:43:00+00:00,0.990075,0.99008,0.990025,0.990115,95
2026-05-26T18:44:00+00:00,0.9901,0.990125,0.990085,0.990145,89
2026-05-26T18:45:00+00:00,0.990125,0.99016,0.99012,0.990175,77
2026-05-26T18:46:00+00:00,0.99017,0.990105,0.990095,0.99017,73
2026-05-26T18:47:00+00:00,0.990085,0.990065,0.990055,0.990115,82
2026-05-26T18:48:00+00:00,0.99007,0.990095,0.990065,0.990145,88
2026-05-26T18:49:00+00:00,0.9901,0.990125,0.99008,0.99013,46
2026-05-26T18:50:00+00:00,0.990115,0.990175,0.990105,0.99022,104
2026-05-26T18:51:00+00:00,0.990175,0.99027,0.990175,0.990275,91
2026-05-26T18:52:00+00:00,0.990275,0.990225,0.990225,0.990275,84
2026-05-26T18:53:00+00:00,0.990225,0.990175,0.990175,0.99027,101
2026-05-26T18:54:00+00:00,0.99018,0.990145,0.990135,0.9902,74
2026-05-26T18:55:00+00:00,0.99015,0.990105,0.990095,0.99017,107
2026-05-26T18:56:00+00:00,0.99011,0.990025,0.990025,0.99011,75
2026-05-26T18:57:00+00:00,0.990025,0.990195,0.990025,0.990215,215
2026-05-26T18:58:00+00:00,0.99019,0.99018,0.990165,0.99023,168
2026-05-26T18:59:00+00:00,0.990185,0.990085,0.99007,0.990195,140
2026-05-26T19:00:00+00:00,0.99009,0.98998,0.989975,0.99009,168
2026-05-26T19:01:00+00:00,0.989985,0.990045,0.98997,0.990075,123
2026-05-26T19:02:00+00:00,0.99005,0.98996,0.98996,0.99007,63
2026-05-26T19:03:00+00:00,0.989965,0.99005,0.989965,0.990075,64
2026-05-26T19:04:00+00:00,0.99007,0.990055,0.99,0.99008,65
2026-05-26T19:05:00+00:00,0.99007,0.990025,0.99002,0.99009,74
2026-05-26T19:06:00+00:00,0.990025,0.990025,0.989975,0.99004,48
2026-05-26T19:07:00+00:00,0.990025,0.990025,0.98998,0.99004,46
2026-05-26T19:08:00+00:00,0.990025,0.990075,0.990025,0.990075,67
2026-05-26T19:09:00+00:00,0.990075,0.99015,0.990075,0.99015,43
2026-05-26T19:10:00+00:00,0.99015,0.990155,0.99013,0.990175,66
2026-05-26T19:11:00+00:00,0.99015,0.99017,0.99014,0.9902,51
2026-05-26T19:12:00+00:00,0.990165,0.990175,0.990125,0.990195,73
2026-05-26T19:13:00+00:00,0.99018,0.99024,0.99016,0.99024,76
2026-05-26T19:14:00+00:00,0.990235,0.99015,0.990135,0.990235,77
2026-05-26T19:15:00+00:00,0.990145,0.990125,0.99009,0.990155,100
2026-05-26T19:16:00+00:00,0.990125,0.990125,0.990095,0.99014,85
2026-05-26T19:17:00+00:00,0.99013,0.990125,0.99009,0.990155,121
2026-05-26T19:18:00+00:00,0.990125,0.990125,0.9901,0.990135,54
2026-05-26T19:19:00+00:00,0.99012,0.9901,0.990095,0.990125,94
2026-05-26T19:20:00+00:00,0.990105,0.990125,0.990095,0.990135,64
2026-05-26T19:21:00+00:00,0.99012,0.990085,0.990055,0.990125,63
2026-05-26T19:22:00+00:00,0.990075,0.99015,0.990075,0.990175,78
2026-05-26T19:23:00+00:00,0.99015,0.9902,0.99015,0.99022,43
2026-05-26T19:24:00+00:00,0.9902,0.99024,0.990175,0.99024,71
2026-05-26T19:25:00+00:00,0.99023,0.99023,0.990195,0.990265,48
2026-05-26T19:26:00+00:00,0.99023,0.990225,0.99019,0.990265,33
2026-05-26T19:27:00+00:00,0.990225,0.990205,0.99019,0.99025,39
2026-05-26T19:28:00+00:00,0.99021,0.990165,0.990155,0.99021,37
2026-05-26T19:29:00+00:00,0.99016,0.99016,0.99014,0.9902,66
2026-05-26T19:30:00+00:00,0.990155,0.990245,0.990155,0.99025,79
2026-05-26T19:31:00+00:00,0.990245,0.990245,0.99021,0.990245,27
2026-05-26T19:32:00+00:00,0.99025,0.990235,0.99019,0.990255,77
2026-05-26T19:33:00+00:00,0.99023,0.990225,0.990205,0.99024,49
2026-05-26T19:34:00+00:00,0.99023,0.990325,0.99023,0.99034,80
2026-05-26T19:35:00+00:00,0.990315,0.990275,0.990275,0.990325,103
2026-05-26T19:36:00+00:00,0.990275,0.990325,0.990275,0.990335,78
2026-05-26T19:37:00+00:00,0.99033,0.990325,0.99032,0.990335,24
2026-05-26T19:38:00+00:00,0.990325,0.990305,0.990265,0.99033,61
2026-05-26T19:39:00+00:00,0.990305,0.9903,0.99028,0.990325,50
2026-05-26T19:40:00+00:00,0.9903,0.990325,0.990295,0.990345,14
2026-05-26T19:41:00+00:00,0.990325,0.99036,0.990325,0.990375,71
2026-05-26T19:42:00+00:00,0.99037,0.990375,0.990355,0.990375,33
2026-05-26T19:43:00+00:00,0.990365,0.990375,0.99034,0.990375,50
2026-05-26T19:44:00+00:00,0.990375,0.990425,0.990365,0.990425,68
2026-05-26T19:45:00+00:00,0.99042,0.990375,0.990345,0.990425,74
2026-05-26T19:46:00+00:00,0.990385,0.990375,0.990335,0.990385,57
2026-05-26T19:47:00+00:00,0.990375,0.990375,0.990345,0.990375,28
2026-05-26T19:48:00+00:00,0.990375,0.990375,0.99035,0.99038,29
2026-05-26T19:49:00+00:00,0.990375,0.990455,0.990375,0.99047,69
2026-05-26T19:50:00+00:00,0.99046,0.990475,0.99045,0.99052,110
2026-05-26T19:51:00+00:00,0.990475,0.990475,0.99044,0.9905,38
2026-05-26T19:52:00+00:00,0.990475,0.99052,0.990475,0.990535,94
2026-05-26T19:53:00+00:00,0.99052,0.990475,0.99047,0.990525,106
2026-05-26T19:54:00+00:00,0.990475,0.990425,0.99041,0.990475,76
2026-05-26T19:55:00+00:00,0.99043,0.990275,0.990265,0.990435,122
2026-05-26T19:56:00+00:00,0.990265,0.990145,0.990125,0.99028,143
2026-05-26T19:57:00+00:00,0.99014,0.990065,0.990025,0.990205,196
2026-05-26T19:58:00+00:00,0.99006,0.989965,0.98995,0.990075,222
2026-05-26T19:59:00+00:00,0.98997,0.989975,0.98991,0.98998,244
2026-05-26T20:00:00+00:00,0.98997,0.98989,0.989875,0.98998,185
2026-05-26T20:01:00+00:00,0.989885,0.98998,0.989885,0.989985,152
2026-05-26T20:02:00+00:00,0.989975,0.990175,0.989975,0.990185,165
2026-05-26T20:03:00+00:00,0.990175,0.990155,0.990105,0.990175,114
2026-05-26T20:04:00+00:00,0.99015,0.990075,0.99004,0.990155,54
2026-05-26T20:05:00+00:00,0.99008,0.989945,0.989945,0.990125,80
2026-05-26T20:06:00+00:00,0.98994,0.98995,0.989925,0.98997,179
2026-05-26T20:07:00+00:00,0.989945,0.989975,0.989925,0.989975,54
2026-05-26T20:08:00+00:00,0.989975,0.989975,0.989965,0.989975,6
2026-05-26T20:09:00+00:00,0.989975,0.989965,0.98996,0.99003,33
2026-05-26T20:10:00+00:00,0.98997,0.989975,0.98994,0.99,29
2026-05-26T20:11:00+00:00,0.989955,0.99002,0.989955,0.990025,25
2026-05-26T20:12:00+00:00,0.99002,0.98996,0.98996,0.990025,25
2026-05-26T20:13:00+00:00,0.989965,0.990005,0.989965,0.99001,17
2026-05-26T20:14:00+00:00,0.99001,0.99,0.989975,0.990015,25
2026-05-26T20:15:00+00:00,0.99,0.990005,0.989965,0.990015,29
2026-05-26T20:16:00+00:00,0.99,0.989995,0.98999,0.990035,26
2026-05-26T20:17:00+00:00,0.990005,0.99004,0.990005,0.99004,25
2026-05-26T20:18:00+00:00,0.990025,0.990025,0.99002,0.990045,31
2026-05-26T20:19:00+00:00,0.990025,0.990005,0.989985,0.990065,29
2026-05-26T20:20:00+00:00,0.990005,0.989985,0.989975,0.990015,29
2026-05-26T20:21:00+00:00,0.989975,0.98998,0.989955,0.989985,21
2026-05-26T20:22:00+00:00,0.989975,0.990025,0.989975,0.990045,29
2026-05-26T20:23:00+00:00,0.990025,0.990025,0.990025,0.990065,20
2026-05-26T20:24:00+00:00,0.990025,0.990035,0.989975,0.99006,27
2026-05-26T20:25:00+00:00,0.990035,0.990075,0.990035,0.990075,37
2026-05-26T20:26:00+00:00,0.990075,0.990055,0.99003,0.99008,38
2026-05-26T20:27:00+00:00,0.990055,0.990085,0.990055,0.990105,23
2026-05-26T20:28:00+00:00,0.990105,0.990105,0.99008,0.99011,16
2026-05-26T20:29:00+00:00,0.990115,0.990055,0.990055,0.990125,49
2026-05-26T20:30:00+00:00,0.99006,0.990065,0.990055,0.990115,26
2026-05-26T20:31:00+00:00,0.99007,0.99006,0.99006,0.99008,26
2026-05-26T20:32:00+00:00,0.99006,0.99002,0.99002,0.990085,35
2026-05-26T20:33:00+00:00,0.990025,0.99,0.989975,0.990045,28
2026-05-26T20:34:00+00:00,0.99,0.989975,0.989975,0.990005,10
2026-05-26T20:35:00+00:00,0.989975,0.989975,0.98997,0.98999,10
2026-05-26T20:36:00+00:00,0.989975,0.990015,0.989975,0.990025,26
2026-05-26T20:37:00+00:00,0.99001,0.989995,0.989975,0.99001,33
2026-05-26T20:38:00+00:00,0.99,0.989975,0.989925,0.99,43
2026-05-26T20:39:00+00:00,0.98997,0.989925,0.989925,0.989975,53
2026-05-26T20:40:00+00:00,0.989925,0.98998,0.989925,0.989985,22
2026-05-26T20:41:00+00:00,0.98998,0.989975,0.989975,0.98999,19
2026-05-26T20:42:00+00:00,0.989975,0.989975,0.989975,0.99,36
2026-05-26T20:43:00+00:00,0.989955,0.989925,0.989925,0.989955,16
2026-05-26T20:44:00+00:00,0.989925,0.989925,0.98991,0.989925,11
2026-05-26T20:45:00+00:00,0.989935,0.989975,0.989925,0.989985,35
2026-05-26T20:46:00+00:00,0.989975,0.98999,0.989945,0.98999,24
2026-05-26T20:47:00+00:00,0.98999,0.989985,0.989955,0.98999,28
2026-05-26T20:48:00+00:00,0.989985,0.989975,0.98995,0.989995,124
2026-05-26T20:49:00+00:00,0.989965,0.989955,0.989955,0.98999,59
2026-05-26T20:50:00+00:00,0.98996,0.98985,0.989805,0.98996,58
2026-05-26T20:51:00+00:00,0.989855,0.989845,0.989785,0.989855,36
2026-05-26T20:52:00+00:00,0.989845,0.989945,0.989825,0.98995,70
2026-05-26T20:53:00+00:00,0.989945,0.989955,0.98994,0.989965,37
2026-05-26T20:54:00+00:00,0.989955,0.990005,0.989955,0.99001,10
2026-05-26T20:55:00+00:00,0.99,0.989975,0.98995,0.99,54
2026-05-26T20:56:00+00:00,0.989975,0.98986,0.989855,0.989975,39
2026-05-26T20:57:00+00:00,0.98986,0.99,0.98986,0.99,48
2026-05-26T20:58:00+00:00,0.989975,0.989855,0.989825,0.99,54
2026-05-26T20:59:00+00:00,0.98985,0.990125,0.98985,0.99015,124
2026-05-26T21:00:00+00:00,0.99015,0.99005,0.99,0.990685,56
2026-05-26T21:01:00+00:00,0.99005,0.990025,0.990025,0.99005,26
2026-05-26T21:02:00+00:00,0.99005,0.990025,0.990025,0.99005,26
2026-05-26T21:03:00+00:00,0.990025,0.990025,0.990025,0.99005,22
2026-05-26T21:04:00+00:00,0.990025,0.99005,0.990025,0.99005,21
2026-05-26T21:05:00+00:00,0.990075,0.990075,0.990075,0.990075,24
2026-05-26T21:06:00+00:00,0.990075,0.990075,0.990075,0.990075,24
2026-05-26T21:07:00+00:00,0.990075,0.990075,0.990075,0.990075,20
2026-05-26T21:08:00+00:00,0.990075,0.990075,0.990075,0.990075,16
2026-05-26T21:09:00+00:00,0.990075,0.990075,0.990075,0.990075,20
2026-05-26T21:10:00+00:00,0.990075,0.9901,0.990075,0.9901,22
2026-05-26T21:11:00+00:00,0.9901,0.990325,0.9901,0.990325,1
2026-05-26T21:12:00+00:00,0.990325,0.990475,0.990325,0.990475,1
2026-05-26T21:13:00+00:00,0.990475,0.990375,0.990375,0.990525,2
2026-05-26T21:14:00+00:00,0.990375,0.990075,0.990075,0.990375,2
2026-05-26T21:15:00+00:00,0.990075,0.990325,0.98995,0.990325,13
2026-05-26T21:16:00+00:00,0.990325,0.990225,0.99022,0.990325,12
2026-05-26T21:17:00+00:00,0.990225,0.98991,0.98991,0.990225,7
2026-05-26T21:18:00+00:00,0.98991,0.990175,0.989815,0.990175,13
2026-05-26T21:19:00+00:00,0.990175,0.99027,0.990175,0.99027,3
2026-05-26T21:20:00+00:00,0.99027,0.9903,0.99025,0.9904,7
2026-05-26T21:21:00+00:00,0.9903,0.990195,0.990155,0.9903,10
2026-05-26T21:22:00+00:00,0.990195,0.9901,0.990095,0.990235,21
2026-05-26T21:23:00+00:00,0.9901,0.99013,0.9901,0.990155,17
2026-05-26T21:24:00+00:00,0.990125,0.99005,0.99005,0.990215,11
2026-05-26T21:25:00+00:00,0.99005,0.989995,0.989995,0.99005,4
2026-05-26T21:26:00+00:00,0.989995,0.99005,0.98999,0.990075,13
2026-05-26T21:27:00+00:00,0.99005,0.98995,0.98995,0.99005,10
2026-05-26T21:28:00+00:00,0.98995,0.990045,0.98995,0.990065,22
2026-05-26T21:29:00+00:00,0.990045,0.990035,0.99003,0.990075,11
2026-05-26T21:30:00+00:00,0.990025,0.99015,0.990015,0.990175,9
2026-05-26T21:31:00+00:00,0.99015,0.990065,0.99005,0.99015,6
2026-05-26T21:32:00+00:00,0.990065,0.99005,0.990035,0.990175,20
2026-05-26T21:33:00+00:00,0.99005,0.990025,0.990025,0.99005,1
2026-05-26T21:34:00+00:00,0.990025,0.989835,0.989835,0.990025,28
2026-05-26T21:35:00+00:00,0.989835,0.989915,0.989835,0.98993,27
2026-05-26T21:36:00+00:00,0.989915,0.989905,0.989905,0.990015,24
2026-05-26T21:37:00+00:00,0.989905,0.989895,0.989875,0.989935,34
2026-05-26T21:38:00+00:00,0.989915,0.99003,0.9899,0.99005,42
2026-05-26T21:39:00+00:00,0.99003,0.98998,0.98998,0.990065,35
2026-05-26T21:40:00+00:00,0.98998,0.99006,0.98998,0.99009,22
2026-05-26T21:41:00+00:00,0.99006,0.990025,0.989995,0.99013,31
2026-05-26T21:42:00+00:00,0.990025,0.99,0.99,0.990025,1
2026-05-26T21:43:00+00:00,0.99,0.989955,0.989945,0.99,5
2026-05-26T21:44:00+00:00,0.989955,0.989975,0.989945,0.98999,12
2026-05-26T21:45:00+00:00,0.989975,0.989985,0.989925,0.990035,20
2026-05-26T21:46:00+00:00,0.989985,0.989925,0.989925,0.989985,16
2026-05-26T21:47:00+00:00,0.989925,0.98989,0.98988,0.989925,8
2026-05-26T21:48:00+00:00,0.989885,0.98989,0.98987,0.9899,28
2026-05-26T21:49:00+00:00,0.98989,0.98992,0.98976,0.98992,32
2026-05-26T21:50:00+00:00,0.98992,0.98995,0.98992,0.98995,2
2026-05-26T21:51:00+00:00,0.98995,0.98983,0.989825,0.98995,4
2026-05-26T21:52:00+00:00,0.98983,0.98983,0.989825,0.98984,20
2026-05-26T21:53:00+00:00,0.98983,0.98983,0.989815,0.989835,9
2026-05-26T21:54:00+00:00,0.98983,0.98986,0.98983,0.98986,18
2026-05-26T21:55:00+00:00,0.98986,0.98984,0.98981,0.989865,50
2026-05-26T21:56:00+00:00,0.98988,0.98995,0.989825,0.98995,52
2026-05-26T21:57:00+00:00,0.98995,0.98995,0.98995,0.99,14
2026-05-26T21:58:00+00:00,0.98995,0.98995,0.98995,0.98995,0
2026-05-26T21:59:00+00:00,0.98995,0.989925,0.989825,0.98995,9
2026-05-26T22:00:00+00:00,0.9898,0.989975,0.9898,0.990045,14
2026-05-26T22:01:00+00:00,0.989975,0.98989,0.989865,0.9901,25
2026-05-26T22:02:00+00:00,0.9899,0.989885,0.98985,0.989925,22
2026-05-26T22:03:00+00:00,0.98986,0.989925,0.989855,0.989935,25
2026-05-26T22:04:00+00:00,0.989925,0.98993,0.98991,0.989935,12
2026-05-26T22:05:00+00:00,0.98993,0.989935,0.98988,0.989965,37
2026-05-26T22:06:00+00:00,0.989945,0.989935,0.98988,0.989945,15
2026-05-26T22:07:00+00:00,0.989935,0.98991,0.98988,0.98995,13
2026-05-26T22:08:00+00:00,0.98991,0.989855,0.98983,0.98995,42
2026-05-26T22:09:00+00:00,0.989855,0.98985,0.989825,0.98988,31
2026-05-26T22:10:00+00:00,0.989845,0.989825,0.98979,0.989905,39
2026-05-26T22:11:00+00:00,0.989825,0.989785,0.989755,0.989835,30
2026-05-26T22:12:00+00:00,0.989785,0.98982,0.989755,0.989855,26
2026-05-26T22:13:00+00:00,0.98982,0.989825,0.98982,0.98986,23
2026-05-26T22:14:00+00:00,0.989835,0.98982,0.989805,0.98984,18
2026-05-26T22:15:00+00:00,0.98982,0.989835,0.98982,0.989845,9
2026-05-26T22:16:00+00:00,0.989835,0.98982,0.98981,0.989845,24
2026-05-26T22:17:00+00:00,0.98982,0.989845,0.98982,0.989845,1
2026-05-26T22:18:00+00:00,0.989855,0.98986,0.989845,0.989885,13
2026-05-26T22:19:00+00:00,0.98986,0.98993,0.98983,0.98994,52
2026-05-26T22:20:00+00:00,0.989915,0.98991,0.989895,0.98994,42
2026-05-26T22:21:00+00:00,0.989905,0.98988,0.98986,0.989915,40
2026-05-26T22:22:00+00:00,0.98988,0.989885,0.98986,0.98991,60
2026-05-26T22:23:00+00:00,0.989885,0.989895,0.98988,0.989925,63
2026-05-26T22:24:00+00:00,0.98989,0.98989,0.989885,0.9899,7
2026-05-26T22:25:00+00:00,0.98989,0.98991,0.98989,0.989935,57
2026-05-26T22:26:00+00:00,0.98991,0.989895,0.989885,0.989935,17
2026-05-26T22:27:00+00:00,0.989895,0.98991,0.989895,0.98994,17
2026-05-26T22:28:00+00:00,0.989905,0.989965,0.989885,0.98997,31
2026-05-26T22:29:00+00:00,0.98997,0.98995,0.989935,0.989985,33
2026-05-26T22:30:00+00:00,0.989935,0.98995,0.98993,0.98997,53
2026-05-26T22:31:00+00:00,0.98996,0.99,0.989945,0.990005,38
2026-05-26T22:32:00+00:00,0.99,0.989995,0.98999,0.990035,48
2026-05-26T22:33:00+00:00,0.98999,0.989995,0.989985,0.99002,40
2026-05-26T22:34:00+00:00,0.99,0.989935,0.989935,0.99,21
2026-05-26T22:35:00+00:00,0.989935,0.98997,0.98993,0.989985,42
2026-05-26T22:36:00+00:00,0.989975,0.989935,0.989925,0.98998,35
2026-05-26T22:37:00+00:00,0.989935,0.98991,0.989905,0.989935,19
2026-05-26T22:38:00+00:00,0.98991,0.989885,0.989885,0.98993,15
2026-05-26T22:39:00+00:00,0.98988,0.98994,0.98988,0.989945,24
2026-05-26T22:40:00+00:00,0.98995,0.989995,0.98995,0.990015,35
2026-05-26T22:41:00+00:00,0.99,0.989995,0.989995,0.99001,17
2026-05-26T22:42:00+00:00,0.989995,0.989995,0.989975,0.989995,13
2026-05-26T22:43:00+00:00,0.989995,0.989995,0.989985,0.99,8
2026-05-26T22:44:00+00:00,0.989995,0.98993,0.989925,0.989995,14
2026-05-26T22:45:00+00:00,0.98993,0.98993,0.989925,0.98995,14
2026-05-26T22:46:00+00:00,0.989925,0.98989,0.98989,0.989935,23
2026-05-26T22:47:00+00:00,0.98988,0.9899,0.989875,0.9899,16
