timestamp_utc,open,close,min,max,volume
2026-05-21T11:38:00+00:00,0.561635,0.561665,0.561615,0.56168,138
2026-05-21T11:39:00+00:00,0.56166,0.561725,0.56161,0.561735,152
2026-05-21T11:40:00+00:00,0.561735,0.561695,0.56169,0.561735,149
2026-05-21T11:41:00+00:00,0.5617,0.56168,0.561665,0.561705,119
2026-05-21T11:42:00+00:00,0.56168,0.56172,0.56168,0.561735,86
2026-05-21T11:43:00+00:00,0.561715,0.561685,0.561675,0.561725,110
2026-05-21T11:44:00+00:00,0.56169,0.561715,0.561685,0.561745,123
2026-05-21T11:45:00+00:00,0.56172,0.561785,0.56172,0.561795,111
2026-05-21T11:46:00+00:00,0.56179,0.56179,0.56176,0.5618,83
2026-05-21T11:47:00+00:00,0.56179,0.561795,0.56178,0.561835,90
2026-05-21T11:48:00+00:00,0.5618,0.561775,0.561705,0.561805,89
2026-05-21T11:49:00+00:00,0.56177,0.561775,0.561765,0.561845,128
2026-05-21T11:50:00+00:00,0.56178,0.56171,0.5617,0.5618,137
2026-05-21T11:51:00+00:00,0.561715,0.56172,0.561675,0.56174,106
2026-05-21T11:52:00+00:00,0.561725,0.56169,0.561685,0.56173,98
2026-05-21T11:53:00+00:00,0.561695,0.56165,0.561635,0.561695,86
2026-05-21T11:54:00+00:00,0.561645,0.561655,0.561595,0.56168,127
2026-05-21T11:55:00+00:00,0.56165,0.56151,0.56144,0.56165,289
2026-05-21T11:56:00+00:00,0.561515,0.56162,0.561515,0.561625,186
2026-05-21T11:57:00+00:00,0.561625,0.561675,0.561585,0.56169,169
2026-05-21T11:58:00+00:00,0.56167,0.561615,0.561615,0.561675,159
2026-05-21T11:59:00+00:00,0.56162,0.561655,0.56161,0.56167,128
2026-05-21T12:00:00+00:00,0.56166,0.5617,0.561605,0.561745,257
2026-05-21T12:01:00+00:00,0.561695,0.56173,0.561655,0.56173,219
2026-05-21T12:02:00+00:00,0.561725,0.56172,0.561705,0.561755,152
2026-05-21T12:03:00+00:00,0.561725,0.561815,0.561725,0.56183,121
2026-05-21T12:04:00+00:00,0.56181,0.561905,0.561795,0.561925,195
2026-05-21T12:05:00+00:00,0.5619,0.561905,0.561885,0.561925,171
2026-05-21T12:06:00+00:00,0.5619,0.56191,0.56187,0.56192,133
2026-05-21T12:07:00+00:00,0.561915,0.56191,0.561865,0.56192,115
2026-05-21T12:08:00+00:00,0.56191,0.56184,0.561815,0.56192,182
2026-05-21T12:09:00+00:00,0.561835,0.56198,0.56182,0.56201,180
2026-05-21T12:10:00+00:00,0.561985,0.562045,0.56196,0.562045,152
2026-05-21T12:11:00+00:00,0.56205,0.56195,0.56193,0.56205,146
2026-05-21T12:12:00+00:00,0.561955,0.561995,0.56193,0.562,124
2026-05-21T12:13:00+00:00,0.562,0.561965,0.56194,0.562005,201
2026-05-21T12:14:00+00:00,0.56197,0.56203,0.561965,0.56203,118
2026-05-21T12:15:00+00:00,0.562025,0.561975,0.56197,0.56203,127
2026-05-21T12:16:00+00:00,0.56198,0.56193,0.56191,0.56198,101
2026-05-21T12:17:00+00:00,0.561935,0.56196,0.561905,0.561965,165
2026-05-21T12:18:00+00:00,0.561955,0.56202,0.56194,0.562035,112
2026-05-21T12:19:00+00:00,0.562025,0.56209,0.56201,0.562115,129
2026-05-21T12:20:00+00:00,0.562095,0.56196,0.561955,0.562095,122
2026-05-21T12:21:00+00:00,0.561955,0.56195,0.5619,0.561985,196
2026-05-21T12:22:00+00:00,0.56195,0.56189,0.561875,0.56195,132
2026-05-21T12:23:00+00:00,0.561885,0.561805,0.561785,0.561885,136
2026-05-21T12:24:00+00:00,0.5618,0.56193,0.5618,0.56193,143
2026-05-21T12:25:00+00:00,0.561925,0.56194,0.56189,0.561965,136
2026-05-21T12:26:00+00:00,0.561935,0.56186,0.561855,0.561935,146
2026-05-21T12:27:00+00:00,0.561855,0.561995,0.56185,0.561995,83
2026-05-21T12:28:00+00:00,0.56199,0.562055,0.561975,0.56207,107
2026-05-21T12:29:00+00:00,0.56206,0.562075,0.562025,0.562125,213
2026-05-21T12:30:00+00:00,0.56206,0.56218,0.562045,0.56221,189
2026-05-21T12:31:00+00:00,0.562175,0.562135,0.562125,0.562205,92
2026-05-21T12:32:00+00:00,0.562145,0.562115,0.56211,0.562235,162
2026-05-21T12:33:00+00:00,0.56211,0.562135,0.56207,0.56228,879
2026-05-21T12:34:00+00:00,0.56213,0.562215,0.562125,0.562265,448
2026-05-21T12:35:00+00:00,0.56221,0.562145,0.562125,0.562235,425
2026-05-21T12:36:00+00:00,0.56215,0.56211,0.562085,0.56216,305
2026-05-21T12:37:00+00:00,0.562115,0.56206,0.56202,0.562125,347
2026-05-21T12:38:00+00:00,0.562055,0.562085,0.562015,0.56209,240
2026-05-21T12:39:00+00:00,0.56209,0.5621,0.562065,0.562115,242
2026-05-21T12:40:00+00:00,0.562095,0.561995,0.561985,0.56212,283
2026-05-21T12:41:00+00:00,0.562005,0.56192,0.561905,0.56203,287
2026-05-21T12:42:00+00:00,0.561915,0.561905,0.5619,0.561965,220
2026-05-21T12:43:00+00:00,0.561915,0.561905,0.561885,0.561935,160
2026-05-21T12:44:00+00:00,0.5619,0.561925,0.56187,0.561935,221
2026-05-21T12:45:00+00:00,0.56193,0.561955,0.561895,0.561985,176
2026-05-21T12:46:00+00:00,0.56196,0.561885,0.561885,0.562,251
2026-05-21T12:47:00+00:00,0.561895,0.56193,0.56187,0.561955,178
2026-05-21T12:48:00+00:00,0.561925,0.56197,0.561905,0.562005,141
2026-05-21T12:49:00+00:00,0.561965,0.561995,0.561925,0.562,147
2026-05-21T12:50:00+00:00,0.562,0.56197,0.561965,0.562025,123
2026-05-21T12:51:00+00:00,0.561965,0.562005,0.56194,0.562005,154
2026-05-21T12:52:00+00:00,0.562,0.561975,0.56195,0.562005,219
2026-05-21T12:53:00+00:00,0.56198,0.56193,0.56193,0.562025,189
2026-05-21T12:54:00+00:00,0.561935,0.56206,0.56193,0.5621,237
2026-05-21T12:55:00+00:00,0.562065,0.56203,0.56203,0.562115,220
2026-05-21T12:56:00+00:00,0.562025,0.561995,0.561925,0.562035,196
2026-05-21T12:57:00+00:00,0.562005,0.562,0.56199,0.562065,197
2026-05-21T12:58:00+00:00,0.562005,0.56208,0.561985,0.56208,162
2026-05-21T12:59:00+00:00,0.562075,0.56203,0.561975,0.56208,210
2026-05-21T13:00:00+00:00,0.56202,0.562065,0.56199,0.56213,360
2026-05-21T13:01:00+00:00,0.56207,0.56205,0.56202,0.5621,209
2026-05-21T13:02:00+00:00,0.562055,0.562115,0.562045,0.562115,200
2026-05-21T13:03:00+00:00,0.56211,0.562115,0.56206,0.56213,229
2026-05-21T13:04:00+00:00,0.56212,0.562165,0.562115,0.56217,201
2026-05-21T13:05:00+00:00,0.56217,0.562125,0.562105,0.56218,235
2026-05-21T13:06:00+00:00,0.56213,0.562105,0.562075,0.562145,185
2026-05-21T13:07:00+00:00,0.56211,0.56208,0.562065,0.56213,171
2026-05-21T13:08:00+00:00,0.562075,0.561985,0.561965,0.56208,269
2026-05-21T13:09:00+00:00,0.56198,0.561935,0.561875,0.561995,247
2026-05-21T13:10:00+00:00,0.56194,0.561835,0.5618,0.56194,239
2026-05-21T13:11:00+00:00,0.56183,0.56191,0.561805,0.56191,259
2026-05-21T13:12:00+00:00,0.561905,0.56203,0.561905,0.56207,189
2026-05-21T13:13:00+00:00,0.56203,0.562,0.562,0.562055,199
2026-05-21T13:14:00+00:00,0.562005,0.56203,0.562,0.56207,153
2026-05-21T13:15:00+00:00,0.562025,0.56202,0.56197,0.562035,178
2026-05-21T13:16:00+00:00,0.562025,0.56211,0.56201,0.56212,149
2026-05-21T13:17:00+00:00,0.562115,0.56217,0.56211,0.562175,132
2026-05-21T13:18:00+00:00,0.562165,0.5621,0.5621,0.56218,179
2026-05-21T13:19:00+00:00,0.56211,0.56219,0.562095,0.562205,257
2026-05-21T13:20:00+00:00,0.562185,0.5623,0.562155,0.562305,249
2026-05-21T13:21:00+00:00,0.562295,0.56228,0.562205,0.562295,260
2026-05-21T13:22:00+00:00,0.562285,0.562305,0.56224,0.56237,208
2026-05-21T13:23:00+00:00,0.56231,0.56231,0.56224,0.56232,148
2026-05-21T13:24:00+00:00,0.562305,0.56232,0.562265,0.562345,198
2026-05-21T13:25:00+00:00,0.562325,0.56238,0.56228,0.56238,136
2026-05-21T13:26:00+00:00,0.562375,0.56238,0.56237,0.56243,133
2026-05-21T13:27:00+00:00,0.562385,0.562385,0.562355,0.562415,147
2026-05-21T13:28:00+00:00,0.56238,0.56233,0.56232,0.56239,166
2026-05-21T13:29:00+00:00,0.562325,0.562365,0.56228,0.562385,167
2026-05-21T13:30:00+00:00,0.56237,0.56225,0.56225,0.5624,443
2026-05-21T13:31:00+00:00,0.562245,0.56224,0.562205,0.5623,281
2026-05-21T13:32:00+00:00,0.562245,0.56232,0.56224,0.56237,284
2026-05-21T13:33:00+00:00,0.562315,0.56221,0.562195,0.562335,267
2026-05-21T13:34:00+00:00,0.562205,0.5624,0.562195,0.562405,280
2026-05-21T13:35:00+00:00,0.562405,0.56243,0.56236,0.56243,374
2026-05-21T13:36:00+00:00,0.562425,0.562435,0.56236,0.562445,260
2026-05-21T13:37:00+00:00,0.56244,0.562505,0.562405,0.56252,257
2026-05-21T13:38:00+00:00,0.56251,0.562445,0.562415,0.562525,308
2026-05-21T13:39:00+00:00,0.56245,0.562395,0.562365,0.56249,318
2026-05-21T13:40:00+00:00,0.56239,0.562595,0.562355,0.5626,289
2026-05-21T13:41:00+00:00,0.56259,0.562485,0.562425,0.56259,333
2026-05-21T13:42:00+00:00,0.56248,0.562545,0.56246,0.562565,239
2026-05-21T13:43:00+00:00,0.56255,0.562495,0.562475,0.562565,248
2026-05-21T13:44:00+00:00,0.5625,0.562445,0.56242,0.56255,466
2026-05-21T13:45:00+00:00,0.56245,0.562465,0.562425,0.562565,341
2026-05-21T13:46:00+00:00,0.56246,0.562565,0.562425,0.56257,280
2026-05-21T13:47:00+00:00,0.56257,0.562535,0.562525,0.56261,240
2026-05-21T13:48:00+00:00,0.56254,0.56261,0.562495,0.562635,260
2026-05-21T13:49:00+00:00,0.562615,0.562545,0.562545,0.56268,263
2026-05-21T13:50:00+00:00,0.56255,0.562585,0.56253,0.56259,254
2026-05-21T13:51:00+00:00,0.56259,0.562545,0.56246,0.5626,316
2026-05-21T13:52:00+00:00,0.562535,0.56246,0.562435,0.562655,1122
2026-05-21T13:53:00+00:00,0.562465,0.562615,0.562465,0.562625,525
2026-05-21T13:54:00+00:00,0.562625,0.5626,0.56258,0.562705,645
2026-05-21T13:55:00+00:00,0.562595,0.56262,0.56259,0.562775,451
2026-05-21T13:56:00+00:00,0.562625,0.562535,0.562535,0.562635,447
2026-05-21T13:57:00+00:00,0.562545,0.562675,0.562535,0.562745,366
2026-05-21T13:58:00+00:00,0.56267,0.562745,0.56263,0.562755,303
2026-05-21T13:59:00+00:00,0.56275,0.562685,0.56268,0.562805,240
2026-05-21T14:00:00+00:00,0.56269,0.56271,0.562635,0.56273,369
2026-05-21T14:01:00+00:00,0.562715,0.562675,0.562665,0.56277,235
2026-05-21T14:02:00+00:00,0.562665,0.56259,0.562585,0.562705,366
2026-05-21T14:03:00+00:00,0.562595,0.56265,0.562575,0.562675,328
2026-05-21T14:04:00+00:00,0.562655,0.562585,0.562565,0.562665,288
2026-05-21T14:05:00+00:00,0.56258,0.5626,0.562555,0.56263,257
2026-05-21T14:06:00+00:00,0.562605,0.562575,0.562495,0.562615,258
2026-05-21T14:07:00+00:00,0.56258,0.562575,0.562565,0.562615,260
2026-05-21T14:08:00+00:00,0.56258,0.56255,0.562535,0.562595,256
2026-05-21T14:09:00+00:00,0.56256,0.56253,0.562515,0.56257,322
2026-05-21T14:10:00+00:00,0.562525,0.562495,0.56247,0.562545,268
2026-05-21T14:11:00+00:00,0.56249,0.56244,0.56244,0.562515,155
2026-05-21T14:12:00+00:00,0.562445,0.56238,0.56238,0.562445,214
2026-05-21T14:13:00+00:00,0.562385,0.562405,0.562345,0.562415,196
2026-05-21T14:14:00+00:00,0.56241,0.562435,0.56239,0.5625,339
2026-05-21T14:15:00+00:00,0.56244,0.562475,0.56244,0.562535,382
2026-05-21T14:16:00+00:00,0.56247,0.56252,0.562445,0.562525,281
2026-05-21T14:17:00+00:00,0.562525,0.56254,0.56251,0.56259,261
2026-05-21T14:18:00+00:00,0.562535,0.56252,0.562465,0.562535,250
2026-05-21T14:19:00+00:00,0.562515,0.56256,0.562495,0.56259,228
2026-05-21T14:20:00+00:00,0.562555,0.56251,0.562495,0.56256,314
2026-05-21T14:21:00+00:00,0.562505,0.562555,0.56247,0.562555,313
2026-05-21T14:22:00+00:00,0.562555,0.562535,0.562515,0.56261,291
2026-05-21T14:23:00+00:00,0.56254,0.562525,0.562505,0.562585,269
2026-05-21T14:24:00+00:00,0.56252,0.562585,0.562495,0.562585,217
2026-05-21T14:25:00+00:00,0.562575,0.562595,0.56257,0.562635,199
2026-05-21T14:26:00+00:00,0.56259,0.56247,0.56245,0.56259,202
2026-05-21T14:27:00+00:00,0.562465,0.56254,0.56246,0.562545,200
2026-05-21T14:28:00+00:00,0.56254,0.56255,0.562495,0.56257,176
2026-05-21T14:29:00+00:00,0.562555,0.562545,0.56253,0.562575,164
2026-05-21T14:30:00+00:00,0.56255,0.562495,0.562485,0.562605,220
2026-05-21T14:31:00+00:00,0.56249,0.562495,0.56244,0.562515,219
2026-05-21T14:32:00+00:00,0.562485,0.562555,0.56248,0.562565,192
2026-05-21T14:33:00+00:00,0.56256,0.5625,0.56249,0.56257,198
2026-05-21T14:34:00+00:00,0.562505,0.562615,0.562505,0.56262,165
2026-05-21T14:35:00+00:00,0.56261,0.562605,0.562535,0.562615,185
2026-05-21T14:36:00+00:00,0.56261,0.56258,0.562575,0.56264,181
2026-05-21T14:37:00+00:00,0.562585,0.56265,0.56258,0.56266,171
2026-05-21T14:38:00+00:00,0.562645,0.562605,0.56257,0.562645,158
2026-05-21T14:39:00+00:00,0.5626,0.56252,0.562515,0.56261,119
2026-05-21T14:40:00+00:00,0.562525,0.562495,0.56244,0.56257,268
2026-05-21T14:41:00+00:00,0.5625,0.56259,0.56249,0.56261,223
2026-05-21T14:42:00+00:00,0.562585,0.562565,0.562525,0.56259,167
2026-05-21T14:43:00+00:00,0.56256,0.56257,0.562555,0.56261,155
2026-05-21T14:44:00+00:00,0.562575,0.5626,0.562555,0.56261,138
2026-05-21T14:45:00+00:00,0.562595,0.5626,0.562545,0.56262,208
2026-05-21T14:46:00+00:00,0.562605,0.56262,0.56257,0.56264,209
2026-05-21T14:47:00+00:00,0.56261,0.562615,0.56258,0.562635,239
2026-05-21T14:48:00+00:00,0.56262,0.562635,0.562605,0.56267,222
2026-05-21T14:49:00+00:00,0.56263,0.56263,0.562615,0.56267,201
2026-05-21T14:50:00+00:00,0.562625,0.562535,0.56253,0.562655,281
2026-05-21T14:51:00+00:00,0.56254,0.56253,0.562455,0.56258,306
2026-05-21T14:52:00+00:00,0.562535,0.562755,0.562515,0.562765,300
2026-05-21T14:53:00+00:00,0.56276,0.56271,0.562705,0.562955,305
2026-05-21T14:54:00+00:00,0.562705,0.56279,0.562675,0.5628,272
2026-05-21T14:55:00+00:00,0.562785,0.562915,0.562755,0.562915,290
2026-05-21T14:56:00+00:00,0.56291,0.562805,0.5628,0.56293,198
2026-05-21T14:57:00+00:00,0.56281,0.56289,0.56279,0.562945,269
2026-05-21T14:58:00+00:00,0.562885,0.56297,0.562875,0.562975,159
2026-05-21T14:59:00+00:00,0.562965,0.562925,0.562905,0.562965,195
2026-05-21T15:00:00+00:00,0.562935,0.562865,0.562835,0.562955,219
2026-05-21T15:01:00+00:00,0.56286,0.56283,0.56281,0.562885,214
2026-05-21T15:02:00+00:00,0.562825,0.56286,0.5628,0.562905,242
2026-05-21T15:03:00+00:00,0.562875,0.562835,0.56281,0.5629,219
2026-05-21T15:04:00+00:00,0.56284,0.56278,0.56277,0.562845,223
2026-05-21T15:05:00+00:00,0.562775,0.562675,0.56265,0.562775,255
2026-05-21T15:06:00+00:00,0.56267,0.56264,0.56263,0.562705,398
2026-05-21T15:07:00+00:00,0.562635,0.56254,0.562505,0.562685,440
2026-05-21T15:08:00+00:00,0.562535,0.562415,0.56238,0.562535,314
2026-05-21T15:09:00+00:00,0.5624,0.562495,0.56239,0.5625,263
2026-05-21T15:10:00+00:00,0.5625,0.56249,0.56233,0.5625,316
2026-05-21T15:11:00+00:00,0.562485,0.56246,0.56242,0.562515,222
2026-05-21T15:12:00+00:00,0.562455,0.56251,0.562435,0.562535,235
2026-05-21T15:13:00+00:00,0.562515,0.56265,0.5625,0.562665,349
2026-05-21T15:14:00+00:00,0.562655,0.56261,0.56256,0.56269,447
2026-05-21T15:15:00+00:00,0.562615,0.56265,0.56259,0.56268,304
2026-05-21T15:16:00+00:00,0.562655,0.562605,0.56259,0.56267,237
2026-05-21T15:17:00+00:00,0.5626,0.56263,0.562585,0.562655,262
2026-05-21T15:18:00+00:00,0.56264,0.562645,0.562595,0.562665,200
2026-05-21T15:19:00+00:00,0.56264,0.56259,0.562585,0.56266,212
2026-05-21T15:20:00+00:00,0.562595,0.5626,0.56257,0.56261,177
2026-05-21T15:21:00+00:00,0.562605,0.56255,0.56254,0.56261,225
2026-05-21T15:22:00+00:00,0.562545,0.562625,0.562535,0.562625,192
2026-05-21T15:23:00+00:00,0.56263,0.56262,0.56261,0.56266,241
2026-05-21T15:24:00+00:00,0.562615,0.56261,0.56257,0.562645,217
2026-05-21T15:25:00+00:00,0.562605,0.562575,0.562515,0.562605,260
2026-05-21T15:26:00+00:00,0.562565,0.56259,0.562535,0.56259,224
2026-05-21T15:27:00+00:00,0.562595,0.56262,0.562585,0.562645,261
2026-05-21T15:28:00+00:00,0.562625,0.562655,0.56261,0.56267,170
2026-05-21T15:29:00+00:00,0.56266,0.562615,0.5626,0.56267,193
2026-05-21T15:30:00+00:00,0.56261,0.562635,0.5626,0.562675,304
2026-05-21T15:31:00+00:00,0.56263,0.562645,0.56259,0.56265,198
2026-05-21T15:32:00+00:00,0.56265,0.56267,0.56261,0.562675,190
2026-05-21T15:33:00+00:00,0.562665,0.56263,0.56262,0.56267,202
2026-05-21T15:34:00+00:00,0.562625,0.562645,0.5626,0.56265,293
2026-05-21T15:35:00+00:00,0.56264,0.56272,0.56262,0.562745,238
2026-05-21T15:36:00+00:00,0.562725,0.56278,0.56269,0.56279,235
2026-05-21T15:37:00+00:00,0.562785,0.56281,0.56276,0.56282,150
2026-05-21T15:38:00+00:00,0.562815,0.56282,0.5628,0.56284,147
2026-05-21T15:39:00+00:00,0.562815,0.56286,0.5628,0.56289,143
2026-05-21T15:40:00+00:00,0.562865,0.56282,0.5628,0.562885,183
2026-05-21T15:41:00+00:00,0.562825,0.562805,0.56279,0.56285,228
2026-05-21T15:42:00+00:00,0.5628,0.562795,0.56277,0.562815,199
2026-05-21T15:43:00+00:00,0.5628,0.562855,0.562775,0.562875,158
2026-05-21T15:44:00+00:00,0.56286,0.56285,0.562805,0.562865,178
2026-05-21T15:45:00+00:00,0.562845,0.562855,0.562825,0.562875,216
2026-05-21T15:46:00+00:00,0.56285,0.56288,0.56282,0.56292,213
2026-05-21T15:47:00+00:00,0.562885,0.56294,0.562865,0.56294,171
2026-05-21T15:48:00+00:00,0.562945,0.56293,0.56292,0.56298,223
2026-05-21T15:49:00+00:00,0.562925,0.562945,0.562915,0.56296,179
2026-05-21T15:50:00+00:00,0.56294,0.56294,0.562925,0.56297,164
2026-05-21T15:51:00+00:00,0.56293,0.562965,0.56291,0.562995,208
2026-05-21T15:52:00+00:00,0.56296,0.563,0.56294,0.563015,187
2026-05-21T15:53:00+00:00,0.562995,0.562965,0.562915,0.563005,174
2026-05-21T15:54:00+00:00,0.56296,0.563025,0.562945,0.56303,184
2026-05-21T15:55:00+00:00,0.56302,0.562995,0.562975,0.563035,195
2026-05-21T15:56:00+00:00,0.563,0.562975,0.562965,0.563015,128
2026-05-21T15:57:00+00:00,0.56297,0.562955,0.56292,0.563,163
2026-05-21T15:58:00+00:00,0.56296,0.563,0.56296,0.563035,152
2026-05-21T15:59:00+00:00,0.562995,0.563015,0.562975,0.563015,118
2026-05-21T16:00:00+00:00,0.563015,0.563055,0.562985,0.56306,264
2026-05-21T16:01:00+00:00,0.56306,0.563095,0.563025,0.56314,340
2026-05-21T16:02:00+00:00,0.56309,0.563065,0.56306,0.56312,231
2026-05-21T16:03:00+00:00,0.56307,0.563095,0.563035,0.563095,181
2026-05-21T16:04:00+00:00,0.56309,0.563095,0.56305,0.563105,140
2026-05-21T16:05:00+00:00,0.5631,0.563145,0.56308,0.563145,231
2026-05-21T16:06:00+00:00,0.56314,0.563165,0.5631,0.563165,239
2026-05-21T16:07:00+00:00,0.563155,0.563215,0.563145,0.563225,231
2026-05-21T16:08:00+00:00,0.56322,0.563345,0.5632,0.563355,212
2026-05-21T16:09:00+00:00,0.56334,0.563375,0.56334,0.56341,192
2026-05-21T16:10:00+00:00,0.56337,0.56333,0.563275,0.563375,264
2026-05-21T16:11:00+00:00,0.563325,0.56327,0.563235,0.56336,245
2026-05-21T16:12:00+00:00,0.563275,0.563235,0.56322,0.563285,230
2026-05-21T16:13:00+00:00,0.56323,0.5632,0.563145,0.56325,411
2026-05-21T16:14:00+00:00,0.563205,0.56322,0.56317,0.563235,186
2026-05-21T16:15:00+00:00,0.563215,0.56319,0.563125,0.563235,224
2026-05-21T16:16:00+00:00,0.563185,0.56322,0.563165,0.56323,200
2026-05-21T16:17:00+00:00,0.563225,0.56318,0.563175,0.56324,165
2026-05-21T16:18:00+00:00,0.563185,0.563155,0.56315,0.563195,165
2026-05-21T16:19:00+00:00,0.56315,0.56317,0.56313,0.56317,131
2026-05-21T16:20:00+00:00,0.563165,0.563155,0.563145,0.56318,219
2026-05-21T16:21:00+00:00,0.56316,0.56318,0.56315,0.563205,160
2026-05-21T16:22:00+00:00,0.563175,0.56314,0.563105,0.563215,283
2026-05-21T16:23:00+00:00,0.563135,0.56311,0.56309,0.563165,275
2026-05-21T16:24:00+00:00,0.563105,0.563095,0.563075,0.56312,138
2026-05-21T16:25:00+00:00,0.5631,0.563095,0.56307,0.56312,121
2026-05-21T16:26:00+00:00,0.56309,0.563095,0.563075,0.56312,136
2026-05-21T16:27:00+00:00,0.5631,0.563165,0.563095,0.563175,175
2026-05-21T16:28:00+00:00,0.563155,0.563125,0.563115,0.56317,133
2026-05-21T16:29:00+00:00,0.563125,0.563145,0.563115,0.563155,110
2026-05-21T16:30:00+00:00,0.563135,0.563145,0.56311,0.563155,170
2026-05-21T16:31:00+00:00,0.56315,0.56312,0.563105,0.563155,186
2026-05-21T16:32:00+00:00,0.56311,0.56308,0.563055,0.563135,188
2026-05-21T16:33:00+00:00,0.563085,0.563025,0.563015,0.563085,167
2026-05-21T16:34:00+00:00,0.56302,0.56299,0.562985,0.56303,129
2026-05-21T16:35:00+00:00,0.562985,0.563015,0.562985,0.563025,103
2026-05-21T16:36:00+00:00,0.56302,0.563015,0.563005,0.56306,190
2026-05-21T16:37:00+00:00,0.56302,0.56301,0.56299,0.563025,148
2026-05-21T16:38:00+00:00,0.563015,0.562995,0.562965,0.563015,206
2026-05-21T16:39:00+00:00,0.56299,0.56304,0.562985,0.56307,204
2026-05-21T16:40:00+00:00,0.563045,0.563075,0.56301,0.563085,159
2026-05-21T16:41:00+00:00,0.56308,0.563035,0.563005,0.56308,174
2026-05-21T16:42:00+00:00,0.56304,0.56303,0.563005,0.56305,90
2026-05-21T16:43:00+00:00,0.563035,0.562975,0.56296,0.563035,126
2026-05-21T16:44:00+00:00,0.56297,0.56296,0.56295,0.56299,105
2026-05-21T16:45:00+00:00,0.562955,0.562945,0.56294,0.562985,139
2026-05-21T16:46:00+00:00,0.56294,0.562905,0.56289,0.562965,177
2026-05-21T16:47:00+00:00,0.5629,0.562895,0.562855,0.5629,130
2026-05-21T16:48:00+00:00,0.5629,0.56291,0.562875,0.562945,133
2026-05-21T16:49:00+00:00,0.562915,0.56294,0.56289,0.56295,169
2026-05-21T16:50:00+00:00,0.562945,0.562895,0.562875,0.562945,192
2026-05-21T16:51:00+00:00,0.56289,0.56291,0.56288,0.56292,162
2026-05-21T16:52:00+00:00,0.56291,0.56294,0.562905,0.56295,113
2026-05-21T16:53:00+00:00,0.562935,0.562955,0.56292,0.562965,159
2026-05-21T16:54:00+00:00,0.56295,0.56295,0.562925,0.56297,70
2026-05-21T16:55:00+00:00,0.562955,0.562955,0.562915,0.56297,110
2026-05-21T16:56:00+00:00,0.56296,0.56301,0.562945,0.563015,131
2026-05-21T16:57:00+00:00,0.563015,0.56303,0.563,0.56307,174
2026-05-21T16:58:00+00:00,0.563025,0.56299,0.56294,0.56303,132
2026-05-21T16:59:00+00:00,0.562995,0.56301,0.56298,0.56303,102
2026-05-21T17:00:00+00:00,0.563015,0.56306,0.563,0.56308,192
2026-05-21T17:01:00+00:00,0.563055,0.56303,0.56302,0.563075,182
2026-05-21T17:02:00+00:00,0.563035,0.56298,0.56297,0.56304,190
2026-05-21T17:03:00+00:00,0.562985,0.562965,0.56295,0.56301,193
2026-05-21T17:04:00+00:00,0.56297,0.562945,0.56293,0.56297,122
2026-05-21T17:05:00+00:00,0.56294,0.56299,0.56293,0.562995,134
2026-05-21T17:06:00+00:00,0.562985,0.563,0.56295,0.563005,137
2026-05-21T17:07:00+00:00,0.563,0.563025,0.56298,0.563025,153
2026-05-21T17:08:00+00:00,0.56302,0.563005,0.562985,0.56304,113
2026-05-21T17:09:00+00:00,0.563,0.563005,0.562985,0.56302,135
2026-05-21T17:10:00+00:00,0.563,0.56311,0.563,0.56313,739
2026-05-21T17:11:00+00:00,0.5631,0.563215,0.5631,0.563275,652
2026-05-21T17:12:00+00:00,0.563225,0.563245,0.563165,0.563285,565
2026-05-21T17:13:00+00:00,0.56324,0.563085,0.56303,0.56324,451
2026-05-21T17:14:00+00:00,0.563075,0.563135,0.563055,0.563155,322
2026-05-21T17:15:00+00:00,0.56314,0.56331,0.563095,0.563345,553
2026-05-21T17:16:00+00:00,0.563305,0.563375,0.56326,0.56346,840
2026-05-21T17:17:00+00:00,0.563385,0.56332,0.563265,0.563445,676
2026-05-21T17:18:00+00:00,0.563315,0.56329,0.56325,0.563355,763
2026-05-21T17:19:00+00:00,0.563295,0.563235,0.563175,0.563305,491
2026-05-21T17:20:00+00:00,0.56324,0.563285,0.563205,0.56335,634
2026-05-21T17:21:00+00:00,0.56329,0.56339,0.563245,0.563415,569
2026-05-21T17:22:00+00:00,0.563395,0.56331,0.563295,0.563425,512
2026-05-21T17:23:00+00:00,0.563315,0.563265,0.563215,0.56335,662
2026-05-21T17:24:00+00:00,0.56327,0.563315,0.563265,0.56335,332
2026-05-21T17:25:00+00:00,0.56331,0.56341,0.56328,0.56344,356
2026-05-21T17:26:00+00:00,0.563415,0.563365,0.56335,0.56343,379
2026-05-21T17:27:00+00:00,0.56337,0.56333,0.5633,0.56341,330
2026-05-21T17:28:00+00:00,0.56333,0.56336,0.56327,0.56336,334
2026-05-21T17:29:00+00:00,0.563355,0.563405,0.563355,0.56343,340
2026-05-21T17:30:00+00:00,0.56341,0.563455,0.563335,0.56346,357
2026-05-21T17:31:00+00:00,0.563455,0.563445,0.56338,0.563485,372
2026-05-21T17:32:00+00:00,0.56345,0.56343,0.5634,0.56347,349
2026-05-21T17:33:00+00:00,0.563435,0.563285,0.563265,0.563455,410
2026-05-21T17:34:00+00:00,0.56328,0.56332,0.563255,0.56335,398
2026-05-21T17:35:00+00:00,0.563315,0.563315,0.563285,0.563335,271
2026-05-21T17:36:00+00:00,0.563305,0.563345,0.563285,0.563365,217
2026-05-21T17:37:00+00:00,0.563335,0.5633,0.56326,0.563355,335
2026-05-21T17:38:00+00:00,0.563305,0.563315,0.56328,0.563345,293
2026-05-21T17:39:00+00:00,0.56331,0.563435,0.563305,0.563465,206
2026-05-21T17:40:00+00:00,0.563425,0.563405,0.563395,0.563465,180
2026-05-21T17:41:00+00:00,0.56341,0.56336,0.56335,0.56341,227
2026-05-21T17:42:00+00:00,0.563355,0.563375,0.563355,0.56341,231
2026-05-21T17:43:00+00:00,0.56338,0.56341,0.563335,0.563435,255
2026-05-21T17:44:00+00:00,0.563405,0.563425,0.56336,0.56343,213
2026-05-21T17:45:00+00:00,0.56342,0.56326,0.563255,0.563425,270
2026-05-21T17:46:00+00:00,0.563255,0.56334,0.563255,0.563365,229
2026-05-21T17:47:00+00:00,0.563335,0.563285,0.563285,0.56334,223
2026-05-21T17:48:00+00:00,0.563295,0.563285,0.563245,0.56332,159
2026-05-21T17:49:00+00:00,0.56328,0.56328,0.56323,0.56333,239
2026-05-21T17:50:00+00:00,0.56327,0.563265,0.56324,0.563295,143
2026-05-21T17:51:00+00:00,0.563275,0.56333,0.563265,0.56333,213
2026-05-21T17:52:00+00:00,0.563325,0.563285,0.563265,0.56334,180
2026-05-21T17:53:00+00:00,0.563295,0.563235,0.563215,0.563295,165
2026-05-21T17:54:00+00:00,0.56324,0.563275,0.56321,0.56334,166
2026-05-21T17:55:00+00:00,0.56328,0.563285,0.563235,0.563305,191
2026-05-21T17:56:00+00:00,0.563285,0.563275,0.563215,0.563285,222
2026-05-21T17:57:00+00:00,0.56328,0.56327,0.56324,0.563295,280
2026-05-21T17:58:00+00:00,0.563265,0.563205,0.563195,0.563295,271
2026-05-21T17:59:00+00:00,0.56321,0.563165,0.56315,0.563215,292
2026-05-21T18:00:00+00:00,0.56316,0.56316,0.563125,0.563205,367
2026-05-21T18:01:00+00:00,0.563155,0.563075,0.563065,0.563185,389
2026-05-21T18:02:00+00:00,0.56308,0.56306,0.563035,0.563095,411
2026-05-21T18:03:00+00:00,0.563055,0.56314,0.56304,0.56315,328
2026-05-21T18:04:00+00:00,0.563145,0.563045,0.562995,0.563145,616
2026-05-21T18:05:00+00:00,0.56304,0.563045,0.562975,0.563055,580
2026-05-21T18:06:00+00:00,0.56304,0.563085,0.562995,0.5631,391
2026-05-21T18:07:00+00:00,0.56309,0.563105,0.563055,0.563105,288
2026-05-21T18:08:00+00:00,0.5631,0.563105,0.56307,0.563115,301
2026-05-21T18:09:00+00:00,0.56311,0.563115,0.563095,0.56314,271
2026-05-21T18:10:00+00:00,0.56312,0.563055,0.56305,0.563145,221
2026-05-21T18:11:00+00:00,0.56305,0.563065,0.56301,0.56308,352
2026-05-21T18:12:00+00:00,0.56306,0.56303,0.56302,0.563075,265
2026-05-21T18:13:00+00:00,0.563025,0.56297,0.56296,0.563025,266
2026-05-21T18:14:00+00:00,0.562965,0.56294,0.56291,0.562995,223
2026-05-21T18:15:00+00:00,0.562935,0.56291,0.56288,0.56296,290
2026-05-21T18:16:00+00:00,0.562915,0.56291,0.56289,0.562935,257
2026-05-21T18:17:00+00:00,0.562915,0.56291,0.56287,0.56292,254
2026-05-21T18:18:00+00:00,0.562905,0.56294,0.56289,0.56295,213
2026-05-21T18:19:00+00:00,0.562935,0.562955,0.562925,0.563005,233
2026-05-21T18:20:00+00:00,0.56295,0.56296,0.562935,0.56299,217
2026-05-21T18:21:00+00:00,0.562965,0.562965,0.56293,0.56298,223
2026-05-21T18:22:00+00:00,0.56296,0.56299,0.562925,0.563005,158
2026-05-21T18:23:00+00:00,0.562985,0.562975,0.562955,0.563015,188
2026-05-21T18:24:00+00:00,0.56298,0.563025,0.562955,0.563045,165
2026-05-21T18:25:00+00:00,0.56302,0.56303,0.563,0.563045,201
2026-05-21T18:26:00+00:00,0.563025,0.563025,0.562995,0.56304,198
2026-05-21T18:27:00+00:00,0.56303,0.56302,0.562995,0.56304,178
2026-05-21T18:28:00+00:00,0.563015,0.563075,0.563015,0.563095,194
2026-05-21T18:29:00+00:00,0.56308,0.563045,0.56302,0.5631,162
2026-05-21T18:30:00+00:00,0.56304,0.563065,0.563025,0.56308,185
2026-05-21T18:31:00+00:00,0.56307,0.56311,0.56307,0.563135,169
2026-05-21T18:32:00+00:00,0.563105,0.563055,0.563045,0.563125,122
2026-05-21T18:33:00+00:00,0.563065,0.562995,0.56298,0.563065,253
2026-05-21T18:34:00+00:00,0.563,0.563015,0.56296,0.563025,179
2026-05-21T18:35:00+00:00,0.563015,0.562905,0.562895,0.563015,125
2026-05-21T18:36:00+00:00,0.562905,0.56292,0.562885,0.562925,143
2026-05-21T18:37:00+00:00,0.562925,0.562925,0.562915,0.562945,83
2026-05-21T18:38:00+00:00,0.562925,0.562905,0.562885,0.562925,90
2026-05-21T18:39:00+00:00,0.5629,0.56293,0.562885,0.56294,114
2026-05-21T18:40:00+00:00,0.562935,0.562985,0.562935,0.563005,146
2026-05-21T18:41:00+00:00,0.562995,0.562995,0.562975,0.56302,133
2026-05-21T18:42:00+00:00,0.562995,0.562995,0.562955,0.563005,112
2026-05-21T18:43:00+00:00,0.56299,0.562975,0.562965,0.563005,140
2026-05-21T18:44:00+00:00,0.56297,0.562935,0.56293,0.562985,101
2026-05-21T18:45:00+00:00,0.562945,0.562915,0.562895,0.562965,138
2026-05-21T18:46:00+00:00,0.56291,0.56292,0.562885,0.562945,126
2026-05-21T18:47:00+00:00,0.562915,0.562935,0.562905,0.562945,106
2026-05-21T18:48:00+00:00,0.562935,0.562945,0.56284,0.562975,453
2026-05-21T18:49:00+00:00,0.56295,0.56286,0.56284,0.562955,468
2026-05-21T18:50:00+00:00,0.562855,0.562965,0.56283,0.56298,389
2026-05-21T18:51:00+00:00,0.56297,0.56293,0.562915,0.56297,382
2026-05-21T18:52:00+00:00,0.562935,0.56281,0.56279,0.56294,932
2026-05-21T18:53:00+00:00,0.562805,0.562715,0.56271,0.56286,604
2026-05-21T18:54:00+00:00,0.56272,0.56264,0.562625,0.562775,730
2026-05-21T18:55:00+00:00,0.562645,0.56268,0.562595,0.562725,681
2026-05-21T18:56:00+00:00,0.562685,0.562645,0.56262,0.56272,477
2026-05-21T18:57:00+00:00,0.56265,0.56265,0.56261,0.56266,397
2026-05-21T18:58:00+00:00,0.562645,0.56268,0.562625,0.562695,346
2026-05-21T18:59:00+00:00,0.562675,0.562745,0.562665,0.562755,305
2026-05-21T19:00:00+00:00,0.56274,0.562745,0.562725,0.562775,350
2026-05-21T19:01:00+00:00,0.56274,0.562775,0.562725,0.5628,399
2026-05-21T19:02:00+00:00,0.56277,0.562745,0.562745,0.56282,324
2026-05-21T19:03:00+00:00,0.56275,0.56276,0.5627,0.56281,322
2026-05-21T19:04:00+00:00,0.562755,0.562805,0.562725,0.562815,240
2026-05-21T19:05:00+00:00,0.56281,0.562805,0.562745,0.56282,254
2026-05-21T19:06:00+00:00,0.5628,0.562715,0.56266,0.562835,371
2026-05-21T19:07:00+00:00,0.562705,0.56272,0.56266,0.56273,338
2026-05-21T19:08:00+00:00,0.562725,0.562795,0.56271,0.562815,261
2026-05-21T19:09:00+00:00,0.5628,0.562765,0.56274,0.562805,209
2026-05-21T19:10:00+00:00,0.56276,0.56271,0.56269,0.562765,238
2026-05-21T19:11:00+00:00,0.562705,0.56269,0.562685,0.562735,171
2026-05-21T19:12:00+00:00,0.562685,0.56275,0.56267,0.56275,159
2026-05-21T19:13:00+00:00,0.562745,0.562725,0.56272,0.56277,199
2026-05-21T19:14:00+00:00,0.56272,0.56276,0.56269,0.562765,194
2026-05-21T19:15:00+00:00,0.562765,0.562775,0.562735,0.562785,187
2026-05-21T19:16:00+00:00,0.56278,0.56277,0.56275,0.562805,205
2026-05-21T19:17:00+00:00,0.56277,0.56279,0.56276,0.5628,114
2026-05-21T19:18:00+00:00,0.56279,0.562775,0.56275,0.56279,127
2026-05-21T19:19:00+00:00,0.56278,0.562775,0.56275,0.562795,115
2026-05-21T19:20:00+00:00,0.56277,0.56274,0.56273,0.562785,184
2026-05-21T19:21:00+00:00,0.562735,0.562665,0.56265,0.56274,142
2026-05-21T19:22:00+00:00,0.56266,0.56266,0.56263,0.56269,124
2026-05-21T19:23:00+00:00,0.562655,0.562655,0.562635,0.562675,94
2026-05-21T19:24:00+00:00,0.56266,0.56265,0.562635,0.56266,118
2026-05-21T19:25:00+00:00,0.56265,0.562685,0.56264,0.5627,131
2026-05-21T19:26:00+00:00,0.562685,0.56269,0.56267,0.56272,103
2026-05-21T19:27:00+00:00,0.56269,0.56269,0.56268,0.562705,102
2026-05-21T19:28:00+00:00,0.562685,0.56268,0.56267,0.562705,151
2026-05-21T19:29:00+00:00,0.562685,0.562715,0.562665,0.562735,184
2026-05-21T19:30:00+00:00,0.56271,0.56276,0.562705,0.562775,171
2026-05-21T19:31:00+00:00,0.56276,0.56276,0.562735,0.56277,99
2026-05-21T19:32:00+00:00,0.562765,0.56278,0.56274,0.56279,156
2026-05-21T19:33:00+00:00,0.562775,0.56278,0.562745,0.562805,147
2026-05-21T19:34:00+00:00,0.562785,0.56277,0.56275,0.562815,86
2026-05-21T19:35:00+00:00,0.562765,0.56272,0.56271,0.56278,199
2026-05-21T19:36:00+00:00,0.562715,0.562655,0.562645,0.562715,126
2026-05-21T19:37:00+00:00,0.56266,0.562605,0.562605,0.562695,135
2026-05-21T19:38:00+00:00,0.56261,0.56264,0.5626,0.562675,144
2026-05-21T19:39:00+00:00,0.56264,0.562615,0.562615,0.562655,116
2026-05-21T19:40:00+00:00,0.56262,0.562625,0.56261,0.562675,204
2026-05-21T19:41:00+00:00,0.56263,0.56262,0.562605,0.56263,61
2026-05-21T19:42:00+00:00,0.562615,0.562615,0.562595,0.562645,232
2026-05-21T19:43:00+00:00,0.56262,0.562685,0.562595,0.56269,135
2026-05-21T19:44:00+00:00,0.56268,0.562685,0.562665,0.562695,166
2026-05-21T19:45:00+00:00,0.562675,0.56265,0.562625,0.562695,146
2026-05-21T19:46:00+00:00,0.562655,0.56263,0.562625,0.56267,106
2026-05-21T19:47:00+00:00,0.56263,0.56263,0.5626,0.562655,153
2026-05-21T19:48:00+00:00,0.562625,0.56264,0.562615,0.562655,70
2026-05-21T19:49:00+00:00,0.562635,0.562625,0.5626,0.56264,63
2026-05-21T19:50:00+00:00,0.56262,0.562595,0.562575,0.56263,226
2026-05-21T19:51:00+00:00,0.56259,0.56255,0.562545,0.56261,112
2026-05-21T19:52:00+00:00,0.562545,0.562575,0.562545,0.56258,90
2026-05-21T19:53:00+00:00,0.56257,0.562555,0.56254,0.562595,208
2026-05-21T19:54:00+00:00,0.56255,0.562485,0.562435,0.56255,481
2026-05-21T19:55:00+00:00,0.562475,0.562505,0.562425,0.56254,262
2026-05-21T19:56:00+00:00,0.5625,0.56255,0.562465,0.56256,388
2026-05-21T19:57:00+00:00,0.562545,0.56251,0.562495,0.5626,262
2026-05-21T19:58:00+00:00,0.562515,0.56249,0.56247,0.56254,163
2026-05-21T19:59:00+00:00,0.562485,0.562475,0.562455,0.56255,272
2026-05-21T20:00:00+00:00,0.56248,0.562475,0.562435,0.562495,168
2026-05-21T20:01:00+00:00,0.56249,0.56246,0.56244,0.56249,104
2026-05-21T20:02:00+00:00,0.562465,0.56249,0.562435,0.56249,70
2026-05-21T20:03:00+00:00,0.56249,0.562465,0.56244,0.56249,101
2026-05-21T20:04:00+00:00,0.562455,0.562435,0.562415,0.562475,74
2026-05-21T20:05:00+00:00,0.56243,0.562465,0.5624,0.562475,107
2026-05-21T20:06:00+00:00,0.56246,0.56246,0.56244,0.56247,66
2026-05-21T20:07:00+00:00,0.562465,0.56244,0.56243,0.56249,114
2026-05-21T20:08:00+00:00,0.56244,0.562445,0.56242,0.56246,71
2026-05-21T20:09:00+00:00,0.562445,0.56241,0.5624,0.56245,56
2026-05-21T20:10:00+00:00,0.56241,0.5624,0.56239,0.56242,31
2026-05-21T20:11:00+00:00,0.562395,0.562415,0.56238,0.562425,79
2026-05-21T20:12:00+00:00,0.562405,0.56245,0.5624,0.562455,58
2026-05-21T20:13:00+00:00,0.562445,0.562455,0.562435,0.562475,50
2026-05-21T20:14:00+00:00,0.56245,0.562455,0.56244,0.562455,43
2026-05-21T20:15:00+00:00,0.562455,0.56243,0.56242,0.562455,61
2026-05-21T20:16:00+00:00,0.562425,0.562455,0.56242,0.56246,56
2026-05-21T20:17:00+00:00,0.562455,0.56241,0.56239,0.562455,34
2026-05-21T20:18:00+00:00,0.562405,0.562415,0.562385,0.562415,51
2026-05-21T20:19:00+00:00,0.562415,0.562415,0.562405,0.56242,34
2026-05-21T20:20:00+00:00,0.562415,0.562385,0.56238,0.562425,49
2026-05-21T20:21:00+00:00,0.562375,0.5624,0.56237,0.5624,33
2026-05-21T20:22:00+00:00,0.5624,0.56238,0.562365,0.5624,20
2026-05-21T20:23:00+00:00,0.562375,0.56242,0.56237,0.56243,36
2026-05-21T20:24:00+00:00,0.56242,0.562425,0.56242,0.56245,24
2026-05-21T20:25:00+00:00,0.562435,0.56244,0.562425,0.562445,41
2026-05-21T20:26:00+00:00,0.562435,0.562415,0.56241,0.56244,48
2026-05-21T20:27:00+00:00,0.562415,0.56243,0.56241,0.56243,17
2026-05-21T20:28:00+00:00,0.562425,0.56242,0.562405,0.562425,14
2026-05-21T20:29:00+00:00,0.56242,0.562425,0.562415,0.56243,19
2026-05-21T20:30:00+00:00,0.562425,0.562445,0.562425,0.562465,36
2026-05-21T20:31:00+00:00,0.56245,0.562485,0.562445,0.562495,20
2026-05-21T20:32:00+00:00,0.56249,0.56251,0.56249,0.56251,21
2026-05-21T20:33:00+00:00,0.562505,0.562475,0.562475,0.562505,33
2026-05-21T20:34:00+00:00,0.562485,0.562485,0.562465,0.5625,34
2026-05-21T20:35:00+00:00,0.56249,0.562485,0.562475,0.56249,9
2026-05-21T20:36:00+00:00,0.562485,0.562465,0.562465,0.562495,27
2026-05-21T20:37:00+00:00,0.562465,0.562485,0.562465,0.56249,8
2026-05-21T20:38:00+00:00,0.562485,0.562485,0.562465,0.562515,63
2026-05-21T20:39:00+00:00,0.562485,0.562495,0.562485,0.562515,14
2026-05-21T20:40:00+00:00,0.56249,0.56249,0.562485,0.56251,40
2026-05-21T20:41:00+00:00,0.56249,0.562485,0.562485,0.56251,21
2026-05-21T20:42:00+00:00,0.562485,0.562485,0.562475,0.5625,30
2026-05-21T20:43:00+00:00,0.562485,0.562495,0.56247,0.5625,32
2026-05-21T20:44:00+00:00,0.562495,0.562475,0.562475,0.56251,56
2026-05-21T20:45:00+00:00,0.56248,0.56248,0.56247,0.56249,30
2026-05-21T20:46:00+00:00,0.562475,0.56251,0.562475,0.56252,40
2026-05-21T20:47:00+00:00,0.56251,0.562515,0.5625,0.562525,19
2026-05-21T20:48:00+00:00,0.562515,0.56252,0.562515,0.562525,25
2026-05-21T20:49:00+00:00,0.562515,0.562515,0.56251,0.562555,31
2026-05-21T20:50:00+00:00,0.56252,0.562525,0.562505,0.56254,53
2026-05-21T20:51:00+00:00,0.562525,0.562515,0.56251,0.56254,44
2026-05-21T20:52:00+00:00,0.56252,0.562535,0.56251,0.56254,16
2026-05-21T20:53:00+00:00,0.56253,0.56253,0.56253,0.56255,38
2026-05-21T20:54:00+00:00,0.56253,0.562555,0.56253,0.56256,22
2026-05-21T20:55:00+00:00,0.56255,0.562445,0.56244,0.56255,72
2026-05-21T20:56:00+00:00,0.56244,0.562415,0.5624,0.56245,37
2026-05-21T20:57:00+00:00,0.56242,0.56243,0.56241,0.56245,48
2026-05-21T20:58:00+00:00,0.56244,0.562405,0.562375,0.56246,115
2026-05-21T20:59:00+00:00,0.5624,0.562475,0.562395,0.56248,122
2026-05-21T21:00:00+00:00,0.562475,0.562475,0.562475,0.562475,0
2026-05-21T21:01:00+00:00,0.562475,0.562475,0.562475,0.562475,0
2026-05-21T21:02:00+00:00,0.562475,0.562475,0.562475,0.562475,0
2026-05-21T21:03:00+00:00,0.562475,0.562475,0.562475,0.562475,0
2026-05-21T21:04:00+00:00,0.562475,0.562475,0.562475,0.562475,0
2026-05-21T21:05:00+00:00,0.562475,0.562645,0.562475,0.562645,1
2026-05-21T21:06:00+00:00,0.56265,0.562665,0.562645,0.562665,4
2026-05-21T21:07:00+00:00,0.562665,0.562665,0.562665,0.562665,0
2026-05-21T21:08:00+00:00,0.562665,0.562665,0.562665,0.562665,0
2026-05-21T21:09:00+00:00,0.562665,0.562665,0.562665,0.562665,0
2026-05-21T21:10:00+00:00,0.562665,0.562665,0.562665,0.562665,0
2026-05-21T21:11:00+00:00,0.562665,0.562665,0.562665,0.562665,0
2026-05-21T21:12:00+00:00,0.562665,0.562895,0.56263,0.562895,8
2026-05-21T21:13:00+00:00,0.562895,0.56287,0.562845,0.562935,5
2026-05-21T21:14:00+00:00,0.56287,0.56285,0.56258,0.56287,6
2026-05-21T21:15:00+00:00,0.56285,0.56267,0.56267,0.56296,10
2026-05-21T21:16:00+00:00,0.56267,0.562755,0.56267,0.562755,3
2026-05-21T21:17:00+00:00,0.562755,0.5628,0.562755,0.5628,1
2026-05-21T21:18:00+00:00,0.5628,0.56285,0.562635,0.56287,12
2026-05-21T21:19:00+00:00,0.56285,0.562945,0.56285,0.562965,48
2026-05-21T21:20:00+00:00,0.562945,0.562935,0.56287,0.562965,76
2026-05-21T21:21:00+00:00,0.562935,0.562845,0.562845,0.562965,3
2026-05-21T21:22:00+00:00,0.562845,0.562785,0.562785,0.562845,2
2026-05-21T21:23:00+00:00,0.562785,0.562785,0.562785,0.562785,0
2026-05-21T21:24:00+00:00,0.562785,0.562755,0.56275,0.562785,3
2026-05-21T21:25:00+00:00,0.562755,0.562765,0.562755,0.56279,2
2026-05-21T21:26:00+00:00,0.562765,0.56269,0.562685,0.562765,6
2026-05-21T21:27:00+00:00,0.56269,0.562685,0.562685,0.56269,5
2026-05-21T21:28:00+00:00,0.562685,0.56274,0.56268,0.562775,9
2026-05-21T21:29:00+00:00,0.56274,0.56274,0.56274,0.56274,0
2026-05-21T21:30:00+00:00,0.56274,0.562675,0.562515,0.5628,376
2026-05-21T21:31:00+00:00,0.562675,0.562665,0.56264,0.562675,4
2026-05-21T21:32:00+00:00,0.562665,0.56272,0.562585,0.56273,9
2026-05-21T21:33:00+00:00,0.56272,0.56262,0.5626,0.56272,5
2026-05-21T21:34:00+00:00,0.56262,0.56253,0.56253,0.56262,1
2026-05-21T21:35:00+00:00,0.56253,0.562595,0.562505,0.562725,18
2026-05-21T21:36:00+00:00,0.56264,0.562485,0.562465,0.56264,19
2026-05-21T21:37:00+00:00,0.562525,0.562405,0.562405,0.562525,12
2026-05-21T21:38:00+00:00,0.562405,0.562465,0.56238,0.562495,4
2026-05-21T21:39:00+00:00,0.562465,0.56234,0.56232,0.562465,8
2026-05-21T21:40:00+00:00,0.562365,0.562365,0.562325,0.562365,4
2026-05-21T21:41:00+00:00,0.562365,0.56234,0.56232,0.562465,25
2026-05-21T21:42:00+00:00,0.56234,0.562415,0.562335,0.56243,17
2026-05-21T21:43:00+00:00,0.562415,0.562375,0.56232,0.562415,20
2026-05-21T21:44:00+00:00,0.562375,0.562405,0.562365,0.562405,2
2026-05-21T21:45:00+00:00,0.56241,0.562345,0.56232,0.56241,16
2026-05-21T21:46:00+00:00,0.562345,0.562395,0.562345,0.562435,2
2026-05-21T21:47:00+00:00,0.562395,0.56237,0.56232,0.562415,14
2026-05-21T21:48:00+00:00,0.56237,0.562325,0.562315,0.56237,66
2026-05-21T21:49:00+00:00,0.562325,0.562445,0.56228,0.562445,8
2026-05-21T21:50:00+00:00,0.562445,0.562445,0.562415,0.562445,2
2026-05-21T21:51:00+00:00,0.562445,0.56241,0.56237,0.562445,5
2026-05-21T21:52:00+00:00,0.56241,0.56238,0.562265,0.56241,32
2026-05-21T21:53:00+00:00,0.56237,0.562355,0.56229,0.562465,173
2026-05-21T21:54:00+00:00,0.562375,0.562365,0.562295,0.562455,59
2026-05-21T21:55:00+00:00,0.562355,0.56235,0.56228,0.562425,10
2026-05-21T21:56:00+00:00,0.56235,0.56237,0.562275,0.56237,6
2026-05-21T21:57:00+00:00,0.56237,0.562285,0.56228,0.56237,3
2026-05-21T21:58:00+00:00,0.562285,0.56235,0.562285,0.56241,9
2026-05-21T21:59:00+00:00,0.56235,0.562345,0.562345,0.562405,2
2026-05-21T22:00:00+00:00,0.56235,0.56247,0.562315,0.5625,126
2026-05-21T22:01:00+00:00,0.56247,0.562385,0.56234,0.56251,136
2026-05-21T22:02:00+00:00,0.562385,0.562425,0.562335,0.562505,26
2026-05-21T22:03:00+00:00,0.562425,0.562405,0.562405,0.562505,45
2026-05-21T22:04:00+00:00,0.562405,0.562485,0.562405,0.562485,4
2026-05-21T22:05:00+00:00,0.56249,0.56247,0.56239,0.56252,38
2026-05-21T22:06:00+00:00,0.56247,0.562495,0.562365,0.562505,10
2026-05-21T22:07:00+00:00,0.562495,0.562495,0.56248,0.562505,16
2026-05-21T22:08:00+00:00,0.562495,0.56248,0.562465,0.56255,83
2026-05-21T22:09:00+00:00,0.5625,0.562505,0.562485,0.56252,25
2026-05-21T22:10:00+00:00,0.5625,0.56256,0.5625,0.562575,49
2026-05-21T22:11:00+00:00,0.56256,0.56259,0.562545,0.56259,19
2026-05-21T22:12:00+00:00,0.56259,0.562585,0.562575,0.5626,26
2026-05-21T22:13:00+00:00,0.562585,0.56259,0.562565,0.5626,14
2026-05-21T22:14:00+00:00,0.562585,0.56255,0.56255,0.562605,34
2026-05-21T22:15:00+00:00,0.56255,0.562565,0.56253,0.56257,32
2026-05-21T22:16:00+00:00,0.562565,0.562555,0.56255,0.562585,17
2026-05-21T22:17:00+00:00,0.562555,0.56252,0.56252,0.56257,40
2026-05-21T22:18:00+00:00,0.562535,0.56254,0.56253,0.56254,6
2026-05-21T22:19:00+00:00,0.56254,0.56255,0.562535,0.56255,3
2026-05-21T22:20:00+00:00,0.56254,0.562545,0.56254,0.562555,8
2026-05-21T22:21:00+00:00,0.562545,0.562545,0.562515,0.562545,21
2026-05-21T22:22:00+00:00,0.56253,0.56252,0.56252,0.562545,15
2026-05-21T22:23:00+00:00,0.56252,0.56252,0.56252,0.562535,4
2026-05-21T22:24:00+00:00,0.562525,0.562525,0.56252,0.562525,3
2026-05-21T22:25:00+00:00,0.562525,0.56253,0.56248,0.56254,23
2026-05-21T22:26:00+00:00,0.56253,0.56252,0.56252,0.562545,3
2026-05-21T22:27:00+00:00,0.56252,0.56253,0.56252,0.562535,7
2026-05-21T22:28:00+00:00,0.56253,0.56252,0.56252,0.562555,16
2026-05-21T22:29:00+00:00,0.56252,0.56252,0.56251,0.56253,10
2026-05-21T22:30:00+00:00,0.56252,0.56251,0.5625,0.562545,23
2026-05-21T22:31:00+00:00,0.562515,0.56252,0.56251,0.562535,10
2026-05-21T22:32:00+00:00,0.56251,0.56248,0.56247,0.562525,23
2026-05-21T22:33:00+00:00,0.56248,0.56249,0.56248,0.562495,4
2026-05-21T22:34:00+00:00,0.56249,0.56248,0.56248,0.56249,6
2026-05-21T22:35:00+00:00,0.56248,0.562485,0.562475,0.562485,3
2026-05-21T22:36:00+00:00,0.562485,0.562495,0.56248,0.562495,13
2026-05-21T22:37:00+00:00,0.562495,0.56249,0.56248,0.5625,13
2026-05-21T22:38:00+00:00,0.56249,0.562495,0.562475,0.562505,19
2026-05-21T22:39:00+00:00,0.562495,0.562485,0.56247,0.562495,8
2026-05-21T22:40:00+00:00,0.56248,0.56259,0.56248,0.562615,43
2026-05-21T22:41:00+00:00,0.56259,0.56258,0.56258,0.56264,32
2026-05-21T22:42:00+00:00,0.56258,0.56261,0.56257,0.562615,13
2026-05-21T22:43:00+00:00,0.562615,0.56258,0.56258,0.562635,23
2026-05-21T22:44:00+00:00,0.56259,0.56257,0.56254,0.56259,16
2026-05-21T22:45:00+00:00,0.56257,0.562565,0.56255,0.562595,53
2026-05-21T22:46:00+00:00,0.56257,0.56254,0.56254,0.562585,22
2026-05-21T22:47:00+00:00,0.56254,0.562555,0.56252,0.562555,10
2026-05-21T22:48:00+00:00,0.562555,0.562565,0.56254,0.56257,32
2026-05-21T22:49:00+00:00,0.56256,0.56257,0.56255,0.562585,11
2026-05-21T22:50:00+00:00,0.562575,0.562575,0.56256,0.562605,23
2026-05-21T22:51:00+00:00,0.56256,0.56257,0.56256,0.562575,27
2026-05-21T22:52:00+00:00,0.56256,0.56258,0.56256,0.562595,28
2026-05-21T22:53:00+00:00,0.56258,0.562565,0.56255,0.562585,17
2026-05-21T22:54:00+00:00,0.562565,0.56255,0.56255,0.56258,26
2026-05-21T22:55:00+00:00,0.56257,0.562605,0.562555,0.562605,18
2026-05-21T22:56:00+00:00,0.56259,0.562495,0.562495,0.56259,30
2026-05-21T22:57:00+00:00,0.5625,0.5625,0.56248,0.562505,48
2026-05-21T22:58:00+00:00,0.562505,0.562475,0.56247,0.562515,30
2026-05-21T22:59:00+00:00,0.56247,0.56249,0.56247,0.562505,44
2026-05-21T23:00:00+00:00,0.56248,0.56247,0.562455,0.56248,36
2026-05-21T23:01:00+00:00,0.56247,0.56245,0.562425,0.56247,21
2026-05-21T23:02:00+00:00,0.56245,0.562425,0.562425,0.56247,17
2026-05-21T23:03:00+00:00,0.562425,0.562435,0.56242,0.562445,20
2026-05-21T23:04:00+00:00,0.562435,0.562435,0.56243,0.562455,20
2026-05-21T23:05:00+00:00,0.562435,0.56245,0.562425,0.56245,9
2026-05-21T23:06:00+00:00,0.56245,0.562475,0.562445,0.56249,28
2026-05-21T23:07:00+00:00,0.56248,0.56248,0.562475,0.562495,12
2026-05-21T23:08:00+00:00,0.56248,0.56247,0.56247,0.562495,21
2026-05-21T23:09:00+00:00,0.562475,0.562465,0.56246,0.562475,19
2026-05-21T23:10:00+00:00,0.562465,0.56248,0.56246,0.56248,16
2026-05-21T23:11:00+00:00,0.56248,0.562485,0.562475,0.562495,26
2026-05-21T23:12:00+00:00,0.56249,0.562485,0.56247,0.56249,15
2026-05-21T23:13:00+00:00,0.562475,0.562465,0.56245,0.56248,12
2026-05-21T23:14:00+00:00,0.562465,0.562465,0.562455,0.56247,17
2026-05-21T23:15:00+00:00,0.56246,0.562465,0.562455,0.562475,31
2026-05-21T23:16:00+00:00,0.562465,0.56246,0.562455,0.56248,20
2026-05-21T23:17:00+00:00,0.562465,0.56248,0.562465,0.56248,12
2026-05-21T23:18:00+00:00,0.562475,0.56243,0.562415,0.562475,23
2026-05-21T23:19:00+00:00,0.56243,0.562395,0.562385,0.56243,19
2026-05-21T23:20:00+00:00,0.562395,0.56238,0.56238,0.562405,14
2026-05-21T23:21:00+00:00,0.56238,0.562325,0.562265,0.56238,63
2026-05-21T23:22:00+00:00,0.56233,0.56233,0.562315,0.56236,36
2026-05-21T23:23:00+00:00,0.562325,0.56233,0.562325,0.56235,15
2026-05-21T23:24:00+00:00,0.56233,0.56235,0.562325,0.56235,11
2026-05-21T23:25:00+00:00,0.56235,0.562375,0.56235,0.562405,63
2026-05-21T23:26:00+00:00,0.562375,0.56237,0.56237,0.56238,8
2026-05-21T23:27:00+00:00,0.56237,0.5624,0.56234,0.5624,21
2026-05-21T23:28:00+00:00,0.5624,0.56242,0.562395,0.56242,17
2026-05-21T23:29:00+00:00,0.562425,0.562455,0.56242,0.562465,48
2026-05-21T23:30:00+00:00,0.56245,0.562455,0.56244,0.56249,37
2026-05-21T23:31:00+00:00,0.562455,0.56248,0.562445,0.562485,26
2026-05-21T23:32:00+00:00,0.56248,0.562465,0.56246,0.562485,9
2026-05-21T23:33:00+00:00,0.562465,0.562455,0.562445,0.56248,28
2026-05-21T23:34:00+00:00,0.562455,0.562485,0.56245,0.562485,30
2026-05-21T23:35:00+00:00,0.562485,0.562475,0.562455,0.562485,24
2026-05-21T23:36:00+00:00,0.562475,0.56248,0.562475,0.56249,6
2026-05-21T23:37:00+00:00,0.56248,0.562435,0.562415,0.56249,31
2026-05-21T23:38:00+00:00,0.562425,0.56245,0.562425,0.562455,21
2026-05-21T23:39:00+00:00,0.56245,0.562435,0.562435,0.562455,16
2026-05-21T23:40:00+00:00,0.56243,0.5624,0.562375,0.562435,28
2026-05-21T23:41:00+00:00,0.5624,0.56238,0.56238,0.562405,30
2026-05-21T23:42:00+00:00,0.562375,0.56237,0.562365,0.562385,26
2026-05-21T23:43:00+00:00,0.56237,0.562345,0.562345,0.562385,96
2026-05-21T23:44:00+00:00,0.56234,0.562335,0.562325,0.56236,64
2026-05-21T23:45:00+00:00,0.56234,0.562325,0.562315,0.56235,86
2026-05-21T23:46:00+00:00,0.56233,0.562345,0.56229,0.56235,91
2026-05-21T23:47:00+00:00,0.56234,0.562305,0.56229,0.56235,90
2026-05-21T23:48:00+00:00,0.56231,0.562325,0.562305,0.562355,58
2026-05-21T23:49:00+00:00,0.56232,0.562315,0.562305,0.562325,41
2026-05-21T23:50:00+00:00,0.56231,0.562325,0.56231,0.56236,107
2026-05-21T23:51:00+00:00,0.56233,0.56233,0.562315,0.56235,139
2026-05-21T23:52:00+00:00,0.562335,0.56232,0.56228,0.56234,93
2026-05-21T23:53:00+00:00,0.562325,0.562285,0.56227,0.562325,63
2026-05-21T23:54:00+00:00,0.56228,0.562185,0.562165,0.56228,85
2026-05-21T23:55:00+00:00,0.56218,0.562175,0.56217,0.562215,86
2026-05-21T23:56:00+00:00,0.56217,0.562195,0.56217,0.5622,68
2026-05-21T23:57:00+00:00,0.56219,0.56214,0.56211,0.56219,88
2026-05-21T23:58:00+00:00,0.562145,0.56221,0.56214,0.562215,63
2026-05-21T23:59:00+00:00,0.562215,0.562215,0.562195,0.562235,94
2026-05-22T00:00:00+00:00,0.56222,0.562125,0.56207,0.56222,218
2026-05-22T00:01:00+00:00,0.56212,0.56215,0.56211,0.562165,159
2026-05-22T00:02:00+00:00,0.562155,0.56211,0.562055,0.56217,220
2026-05-22T00:03:00+00:00,0.562105,0.56211,0.56208,0.562145,184
2026-05-22T00:04:00+00:00,0.562115,0.56211,0.562095,0.56215,144
2026-05-22T00:05:00+00:00,0.562105,0.562155,0.562105,0.562155,110
2026-05-22T00:06:00+00:00,0.56215,0.562105,0.562085,0.56217,199
2026-05-22T00:07:00+00:00,0.562095,0.562095,0.56206,0.562135,121
2026-05-22T00:08:00+00:00,0.562085,0.56211,0.562085,0.56213,165
2026-05-22T00:09:00+00:00,0.562115,0.56211,0.562105,0.56215,135
2026-05-22T00:10:00+00:00,0.562105,0.56216,0.562095,0.56217,84
2026-05-22T00:11:00+00:00,0.562165,0.562145,0.56214,0.56218,123
2026-05-22T00:12:00+00:00,0.56215,0.562125,0.562105,0.562185,93
2026-05-22T00:13:00+00:00,0.56213,0.56204,0.562025,0.56213,128
2026-05-22T00:14:00+00:00,0.562035,0.561985,0.561975,0.56204,144
2026-05-22T00:15:00+00:00,0.56198,0.56191,0.5619,0.562015,210
2026-05-22T00:16:00+00:00,0.561905,0.561885,0.56188,0.56196,148
2026-05-22T00:17:00+00:00,0.56189,0.561945,0.561875,0.56196,155
2026-05-22T00:18:00+00:00,0.56195,0.561975,0.56194,0.562,130
2026-05-22T00:19:00+00:00,0.56198,0.56195,0.561925,0.56198,106
2026-05-22T00:20:00+00:00,0.561945,0.56193,0.56191,0.56195,92
2026-05-22T00:21:00+00:00,0.561925,0.561965,0.56191,0.56199,122
2026-05-22T00:22:00+00:00,0.56196,0.56194,0.561925,0.562,169
2026-05-22T00:23:00+00:00,0.561935,0.562,0.561935,0.562015,88
2026-05-22T00:24:00+00:00,0.561995,0.562025,0.561985,0.562045,72
2026-05-22T00:25:00+00:00,0.56203,0.56199,0.561965,0.562035,64
2026-05-22T00:26:00+00:00,0.561995,0.56208,0.56199,0.56211,96
2026-05-22T00:27:00+00:00,0.562085,0.56215,0.56208,0.562195,128
2026-05-22T00:28:00+00:00,0.562155,0.562205,0.56214,0.562215,96
2026-05-22T00:29:00+00:00,0.56221,0.562195,0.56217,0.562215,106
2026-05-22T00:30:00+00:00,0.5622,0.56216,0.56216,0.562215,96
2026-05-22T00:31:00+00:00,0.562155,0.56209,0.562055,0.562155,84
2026-05-22T00:32:00+00:00,0.562095,0.562185,0.562075,0.56219,105
2026-05-22T00:33:00+00:00,0.56218,0.562075,0.562075,0.562185,101
2026-05-22T00:34:00+00:00,0.56208,0.56207,0.56204,0.56209,88
2026-05-22T00:35:00+00:00,0.562065,0.562025,0.56198,0.562065,101
2026-05-22T00:36:00+00:00,0.56203,0.56207,0.562015,0.56208,99
2026-05-22T00:37:00+00:00,0.562075,0.56215,0.56207,0.562155,100
2026-05-22T00:38:00+00:00,0.562155,0.562195,0.562155,0.562205,104
2026-05-22T00:39:00+00:00,0.56219,0.562155,0.562145,0.5622,98
2026-05-22T00:40:00+00:00,0.56215,0.562185,0.562135,0.56219,97
2026-05-22T00:41:00+00:00,0.56218,0.56216,0.56215,0.56221,97
2026-05-22T00:42:00+00:00,0.562155,0.562145,0.56213,0.562175,79
2026-05-22T00:43:00+00:00,0.56215,0.5622,0.56215,0.5622,47
2026-05-22T00:44:00+00:00,0.5622,0.56222,0.562195,0.562225,45
2026-05-22T00:45:00+00:00,0.562225,0.562165,0.562165,0.56225,107
2026-05-22T00:46:00+00:00,0.56217,0.56215,0.56215,0.56219,69
2026-05-22T00:47:00+00:00,0.562155,0.562145,0.562125,0.562165,56
2026-05-22T00:48:00+00:00,0.56215,0.56208,0.56208,0.562155,80
2026-05-22T00:49:00+00:00,0.562075,0.56208,0.562075,0.56211,44
2026-05-22T00:50:00+00:00,0.562085,0.5621,0.562085,0.562135,89
2026-05-22T00:51:00+00:00,0.56209,0.562085,0.56207,0.56211,81
2026-05-22T00:52:00+00:00,0.562075,0.562,0.56199,0.562095,97
2026-05-22T00:53:00+00:00,0.562005,0.562015,0.56199,0.562025,78
2026-05-22T00:54:00+00:00,0.56202,0.561995,0.56198,0.56204,135
2026-05-22T00:55:00+00:00,0.56199,0.56196,0.56195,0.562025,132
2026-05-22T00:56:00+00:00,0.561955,0.56195,0.56195,0.561975,92
2026-05-22T00:57:00+00:00,0.56195,0.5619,0.56189,0.561965,111
2026-05-22T00:58:00+00:00,0.561895,0.561925,0.56184,0.561935,133
2026-05-22T00:59:00+00:00,0.56193,0.561935,0.561905,0.56195,88
2026-05-22T01:00:00+00:00,0.56193,0.56187,0.56182,0.56193,226
2026-05-22T01:01:00+00:00,0.561865,0.561765,0.56176,0.561895,165
2026-05-22T01:02:00+00:00,0.56177,0.56164,0.561575,0.561775,223
2026-05-22T01:03:00+00:00,0.561645,0.561585,0.561585,0.56169,148
2026-05-22T01:04:00+00:00,0.561585,0.561635,0.56157,0.561645,185
2026-05-22T01:05:00+00:00,0.56164,0.561665,0.56162,0.561675,145
2026-05-22T01:06:00+00:00,0.56167,0.56161,0.56159,0.561675,133
2026-05-22T01:07:00+00:00,0.56162,0.561635,0.561605,0.56165,124
2026-05-22T01:08:00+00:00,0.561635,0.56161,0.561605,0.56166,93
2026-05-22T01:09:00+00:00,0.561605,0.5616,0.56158,0.561635,122
2026-05-22T01:10:00+00:00,0.561595,0.561635,0.561575,0.561635,92
2026-05-22T01:11:00+00:00,0.56164,0.561645,0.561625,0.56169,100
2026-05-22T01:12:00+00:00,0.56165,0.561675,0.56162,0.561685,86
2026-05-22T01:13:00+00:00,0.56168,0.56175,0.56168,0.56175,112
2026-05-22T01:14:00+00:00,0.56174,0.561755,0.561725,0.561795,120
2026-05-22T01:15:00+00:00,0.561755,0.56182,0.56175,0.561825,157
2026-05-22T01:16:00+00:00,0.561825,0.56177,0.56176,0.561825,91
2026-05-22T01:17:00+00:00,0.56176,0.561795,0.561755,0.5618,72
2026-05-22T01:18:00+00:00,0.561795,0.56181,0.561765,0.56182,129
2026-05-22T01:19:00+00:00,0.56181,0.56181,0.561755,0.56184,122
2026-05-22T01:20:00+00:00,0.561815,0.56183,0.56177,0.56185,110
2026-05-22T01:21:00+00:00,0.561825,0.561835,0.56182,0.56185,79
2026-05-22T01:22:00+00:00,0.56184,0.56181,0.561785,0.56185,101
2026-05-22T01:23:00+00:00,0.561805,0.5618,0.56178,0.56182,76
2026-05-22T01:24:00+00:00,0.561795,0.5616,0.561595,0.561795,145
2026-05-22T01:25:00+00:00,0.56161,0.561665,0.561585,0.561665,120
2026-05-22T01:26:00+00:00,0.56167,0.56188,0.56167,0.5619,133
2026-05-22T01:27:00+00:00,0.561885,0.561885,0.56183,0.561885,51
2026-05-22T01:28:00+00:00,0.561885,0.561925,0.561865,0.56193,59
2026-05-22T01:29:00+00:00,0.56193,0.56197,0.56193,0.561995,73
2026-05-22T01:30:00+00:00,0.56196,0.56197,0.56191,0.56198,161
2026-05-22T01:31:00+00:00,0.56196,0.56194,0.561915,0.562,141
2026-05-22T01:32:00+00:00,0.561935,0.56191,0.561905,0.56196,125
2026-05-22T01:33:00+00:00,0.56192,0.561885,0.56187,0.56192,104
2026-05-22T01:34:00+00:00,0.561885,0.56189,0.56187,0.561895,50
2026-05-22T01:35:00+00:00,0.561895,0.56187,0.56181,0.561895,137
2026-05-22T01:36:00+00:00,0.56188,0.561945,0.56188,0.56195,86
2026-05-22T01:37:00+00:00,0.56194,0.56181,0.561805,0.56195,130
2026-05-22T01:38:00+00:00,0.561805,0.56179,0.56178,0.561825,125
2026-05-22T01:39:00+00:00,0.561785,0.56173,0.561685,0.561795,115
2026-05-22T01:40:00+00:00,0.561725,0.56168,0.56167,0.56173,74
2026-05-22T01:41:00+00:00,0.561685,0.56175,0.561665,0.561755,118
2026-05-22T01:42:00+00:00,0.561755,0.56186,0.561745,0.561885,127
2026-05-22T01:43:00+00:00,0.561865,0.56175,0.561735,0.56187,182
2026-05-22T01:44:00+00:00,0.561755,0.561745,0.5617,0.56177,125
2026-05-22T01:45:00+00:00,0.56174,0.56181,0.56173,0.561815,105
2026-05-22T01:46:00+00:00,0.561815,0.56184,0.56178,0.56184,142
2026-05-22T01:47:00+00:00,0.561835,0.561885,0.56183,0.561895,81
2026-05-22T01:48:00+00:00,0.56189,0.5619,0.561885,0.561915,78
2026-05-22T01:49:00+00:00,0.561905,0.5619,0.56188,0.561915,116
2026-05-22T01:50:00+00:00,0.561905,0.561915,0.561885,0.561925,127
2026-05-22T01:51:00+00:00,0.56192,0.56202,0.56192,0.562035,105
2026-05-22T01:52:00+00:00,0.562015,0.56195,0.56193,0.56202,114
2026-05-22T01:53:00+00:00,0.561945,0.56191,0.56189,0.56196,110
2026-05-22T01:54:00+00:00,0.561905,0.561825,0.56181,0.561915,142
2026-05-22T01:55:00+00:00,0.56182,0.56182,0.561795,0.56184,156
2026-05-22T01:56:00+00:00,0.561825,0.56179,0.56178,0.561845,113
2026-05-22T01:57:00+00:00,0.561795,0.561815,0.561775,0.56182,130
2026-05-22T01:58:00+00:00,0.56182,0.561755,0.56175,0.561845,128
2026-05-22T01:59:00+00:00,0.56175,0.561725,0.56171,0.561765,89
2026-05-22T02:00:00+00:00,0.56172,0.561795,0.561715,0.561795,132
2026-05-22T02:01:00+00:00,0.561805,0.56183,0.56178,0.561835,97
2026-05-22T02:02:00+00:00,0.56183,0.56183,0.56182,0.56188,105
2026-05-22T02:03:00+00:00,0.561825,0.56186,0.56182,0.56187,101
2026-05-22T02:04:00+00:00,0.561865,0.561865,0.56184,0.561885,69
2026-05-22T02:05:00+00:00,0.56187,0.561895,0.561855,0.561895,84
2026-05-22T02:06:00+00:00,0.561905,0.56191,0.561885,0.561925,85
2026-05-22T02:07:00+00:00,0.561915,0.561915,0.561905,0.561955,88
2026-05-22T02:08:00+00:00,0.561915,0.561945,0.561905,0.56197,62
2026-05-22T02:09:00+00:00,0.56195,0.561915,0.561905,0.56195,70
2026-05-22T02:10:00+00:00,0.56191,0.56193,0.561895,0.561945,113
2026-05-22T02:11:00+00:00,0.561925,0.561895,0.56189,0.561945,68
2026-05-22T02:12:00+00:00,0.561895,0.561865,0.56185,0.561905,86
2026-05-22T02:13:00+00:00,0.56186,0.56189,0.56186,0.561905,84
2026-05-22T02:14:00+00:00,0.56189,0.56192,0.56189,0.561945,72
2026-05-22T02:15:00+00:00,0.561925,0.561925,0.561895,0.561935,78
2026-05-22T02:16:00+00:00,0.56192,0.561895,0.561885,0.561925,54
2026-05-22T02:17:00+00:00,0.5619,0.561885,0.561875,0.561915,107
2026-05-22T02:18:00+00:00,0.561885,0.56193,0.561885,0.561945,71
2026-05-22T02:19:00+00:00,0.56193,0.5619,0.561875,0.56193,68
2026-05-22T02:20:00+00:00,0.561905,0.561835,0.561835,0.561905,51
2026-05-22T02:21:00+00:00,0.561845,0.561805,0.561805,0.561865,80
2026-05-22T02:22:00+00:00,0.5618,0.561885,0.561795,0.56189,91
2026-05-22T02:23:00+00:00,0.56188,0.561925,0.561875,0.561935,80
2026-05-22T02:24:00+00:00,0.561925,0.56185,0.56185,0.561925,56
2026-05-22T02:25:00+00:00,0.561845,0.56185,0.561815,0.56186,62
2026-05-22T02:26:00+00:00,0.561845,0.561835,0.561805,0.561845,93
2026-05-22T02:27:00+00:00,0.561835,0.56187,0.561825,0.56187,31
2026-05-22T02:28:00+00:00,0.561865,0.56186,0.561845,0.56188,62
2026-05-22T02:29:00+00:00,0.561865,0.56188,0.56185,0.561885,56
2026-05-22T02:30:00+00:00,0.561885,0.56189,0.56185,0.56193,102
2026-05-22T02:31:00+00:00,0.561885,0.561915,0.56188,0.56192,88
2026-05-22T02:32:00+00:00,0.56191,0.5619,0.561895,0.561925,81
2026-05-22T02:33:00+00:00,0.561905,0.56186,0.56185,0.561905,68
2026-05-22T02:34:00+00:00,0.56186,0.56181,0.56181,0.56187,50
2026-05-22T02:35:00+00:00,0.56181,0.561795,0.56176,0.56183,55
2026-05-22T02:36:00+00:00,0.5618,0.56186,0.56179,0.561865,69
2026-05-22T02:37:00+00:00,0.561855,0.56188,0.56185,0.56189,53
2026-05-22T02:38:00+00:00,0.56188,0.56187,0.561855,0.561885,46
2026-05-22T02:39:00+00:00,0.561875,0.561875,0.561845,0.561885,55
2026-05-22T02:40:00+00:00,0.56187,0.561895,0.561855,0.561905,55
2026-05-22T02:41:00+00:00,0.56189,0.56188,0.561875,0.561905,58
2026-05-22T02:42:00+00:00,0.561875,0.56188,0.561845,0.561905,67
2026-05-22T02:43:00+00:00,0.561885,0.561905,0.561875,0.561925,94
2026-05-22T02:44:00+00:00,0.56191,0.561895,0.56188,0.561925,62
2026-05-22T02:45:00+00:00,0.56189,0.5619,0.56188,0.561905,45
2026-05-22T02:46:00+00:00,0.5619,0.56183,0.561815,0.5619,83
2026-05-22T02:47:00+00:00,0.561825,0.561795,0.56179,0.561825,52
2026-05-22T02:48:00+00:00,0.56179,0.561775,0.561775,0.56181,35
2026-05-22T02:49:00+00:00,0.561775,0.561785,0.56175,0.56179,58
2026-05-22T02:50:00+00:00,0.56179,0.561735,0.56173,0.56179,48
2026-05-22T02:51:00+00:00,0.56173,0.56171,0.5617,0.561775,99
2026-05-22T02:52:00+00:00,0.561715,0.561685,0.561655,0.56172,112
2026-05-22T02:53:00+00:00,0.56168,0.56156,0.561555,0.561685,99
2026-05-22T02:54:00+00:00,0.561565,0.56156,0.561545,0.561575,76
2026-05-22T02:55:00+00:00,0.561555,0.561545,0.561515,0.561565,75
2026-05-22T02:56:00+00:00,0.56154,0.561595,0.561525,0.561595,92
2026-05-22T02:57:00+00:00,0.56159,0.56159,0.561555,0.5616,90
2026-05-22T02:58:00+00:00,0.561585,0.56168,0.561545,0.56169,118
2026-05-22T02:59:00+00:00,0.561675,0.56166,0.56165,0.561695,70
2026-05-22T03:00:00+00:00,0.561655,0.56163,0.561625,0.561685,140
2026-05-22T03:01:00+00:00,0.561635,0.561635,0.56159,0.56165,89
2026-05-22T03:02:00+00:00,0.56163,0.561605,0.5616,0.56166,100
2026-05-22T03:03:00+00:00,0.56161,0.561605,0.561595,0.56163,67
2026-05-22T03:04:00+00:00,0.561615,0.561635,0.561605,0.561655,85
2026-05-22T03:05:00+00:00,0.561645,0.561565,0.56156,0.561645,103
2026-05-22T03:06:00+00:00,0.56157,0.56157,0.56153,0.5616,92
2026-05-22T03:07:00+00:00,0.56157,0.561575,0.561555,0.56159,97
2026-05-22T03:08:00+00:00,0.561575,0.561545,0.561505,0.56158,90
2026-05-22T03:09:00+00:00,0.56155,0.56153,0.56151,0.56155,67
2026-05-22T03:10:00+00:00,0.561535,0.56155,0.5615,0.561555,84
2026-05-22T03:11:00+00:00,0.561545,0.56148,0.561465,0.561545,81
2026-05-22T03:12:00+00:00,0.561475,0.561485,0.56146,0.5615,42
2026-05-22T03:13:00+00:00,0.561485,0.561435,0.56142,0.56149,67
2026-05-22T03:14:00+00:00,0.56143,0.561415,0.561405,0.561445,54
2026-05-22T03:15:00+00:00,0.561415,0.561445,0.561395,0.56145,77
2026-05-22T03:16:00+00:00,0.56145,0.561465,0.56144,0.56147,85
2026-05-22T03:17:00+00:00,0.561465,0.56142,0.56141,0.561475,75
2026-05-22T03:18:00+00:00,0.561425,0.561415,0.561405,0.561475,96
2026-05-22T03:19:00+00:00,0.56142,0.56146,0.5614,0.56148,100
2026-05-22T03:20:00+00:00,0.561455,0.561425,0.56141,0.561475,74
2026-05-22T03:21:00+00:00,0.56143,0.56144,0.561415,0.561455,61
2026-05-22T03:22:00+00:00,0.56144,0.561445,0.56143,0.56147,70
2026-05-22T03:23:00+00:00,0.56145,0.561435,0.56142,0.561475,96
2026-05-22T03:24:00+00:00,0.56143,0.56145,0.56143,0.561465,62
2026-05-22T03:25:00+00:00,0.56145,0.561455,0.56144,0.561465,82
2026-05-22T03:26:00+00:00,0.561455,0.56146,0.56144,0.561475,55
2026-05-22T03:27:00+00:00,0.56146,0.56147,0.561455,0.56148,57
2026-05-22T03:28:00+00:00,0.561475,0.5615,0.56147,0.5615,59
2026-05-22T03:29:00+00:00,0.561505,0.56153,0.5615,0.56153,52
2026-05-22T03:30:00+00:00,0.561535,0.56157,0.561535,0.56158,119
2026-05-22T03:31:00+00:00,0.56157,0.561585,0.56156,0.561585,64
2026-05-22T03:32:00+00:00,0.561585,0.561605,0.56158,0.56163,74
2026-05-22T03:33:00+00:00,0.561605,0.56164,0.561605,0.56165,42
2026-05-22T03:34:00+00:00,0.56165,0.56164,0.56161,0.56165,41
2026-05-22T03:35:00+00:00,0.561645,0.561585,0.56157,0.561645,61
2026-05-22T03:36:00+00:00,0.56159,0.561605,0.56159,0.56162,34
2026-05-22T03:37:00+00:00,0.561605,0.561595,0.561575,0.561605,43
2026-05-22T03:38:00+00:00,0.56159,0.56156,0.56156,0.561615,51
2026-05-22T03:39:00+00:00,0.561565,0.56155,0.561545,0.56157,50
2026-05-22T03:40:00+00:00,0.561555,0.561575,0.561555,0.56159,46
2026-05-22T03:41:00+00:00,0.561565,0.56155,0.56155,0.56157,20
2026-05-22T03:42:00+00:00,0.561545,0.561555,0.56154,0.561555,48
2026-05-22T03:43:00+00:00,0.561555,0.561505,0.561505,0.561555,56
2026-05-22T03:44:00+00:00,0.56151,0.561525,0.561505,0.56153,27
2026-05-22T03:45:00+00:00,0.561525,0.56151,0.56151,0.56154,33
2026-05-22T03:46:00+00:00,0.561505,0.56154,0.561505,0.56154,56
2026-05-22T03:47:00+00:00,0.56153,0.56153,0.56152,0.56154,26
2026-05-22T03:48:00+00:00,0.56153,0.561495,0.561485,0.561535,41
2026-05-22T03:49:00+00:00,0.56149,0.56146,0.561455,0.561505,49
2026-05-22T03:50:00+00:00,0.56146,0.561435,0.56143,0.561465,50
2026-05-22T03:51:00+00:00,0.56144,0.561445,0.561415,0.561455,50
2026-05-22T03:52:00+00:00,0.56145,0.56146,0.561445,0.561465,31
2026-05-22T03:53:00+00:00,0.56146,0.561455,0.56145,0.561485,39
2026-05-22T03:54:00+00:00,0.561455,0.56147,0.56145,0.561485,48
2026-05-22T03:55:00+00:00,0.56147,0.5615,0.56147,0.5615,39
2026-05-22T03:56:00+00:00,0.5615,0.5615,0.56148,0.56151,24
2026-05-22T03:57:00+00:00,0.5615,0.56162,0.5615,0.561635,58
2026-05-22T03:58:00+00:00,0.56162,0.561665,0.5616,0.561665,66
2026-05-22T03:59:00+00:00,0.56167,0.5617,0.561665,0.56173,82
2026-05-22T04:00:00+00:00,0.561695,0.56167,0.56166,0.561735,127
2026-05-22T04:01:00+00:00,0.56167,0.561655,0.561655,0.561695,87
2026-05-22T04:02:00+00:00,0.561655,0.56165,0.56163,0.56167,59
2026-05-22T04:03:00+00:00,0.561655,0.56165,0.561615,0.561655,58
2026-05-22T04:04:00+00:00,0.56164,0.56167,0.56164,0.56168,68
2026-05-22T04:05:00+00:00,0.561665,0.561705,0.56165,0.56172,92
2026-05-22T04:06:00+00:00,0.561705,0.56171,0.561675,0.561725,75
2026-05-22T04:07:00+00:00,0.56171,0.561695,0.561665,0.561715,72
2026-05-22T04:08:00+00:00,0.56169,0.561655,0.561645,0.56169,66
2026-05-22T04:09:00+00:00,0.56165,0.561585,0.561565,0.561665,116
2026-05-22T04:10:00+00:00,0.561585,0.56153,0.56151,0.561585,43
2026-05-22T04:11:00+00:00,0.56153,0.56155,0.56153,0.56156,37
2026-05-22T04:12:00+00:00,0.56155,0.56159,0.56154,0.561595,45
2026-05-22T04:13:00+00:00,0.561585,0.561635,0.561585,0.56167,96
2026-05-22T04:14:00+00:00,0.561635,0.56163,0.561625,0.56165,53
2026-05-22T04:15:00+00:00,0.561635,0.561645,0.561605,0.561645,55
2026-05-22T04:16:00+00:00,0.561645,0.56161,0.56159,0.561645,40
2026-05-22T04:17:00+00:00,0.561615,0.56157,0.56157,0.56162,53
2026-05-22T04:18:00+00:00,0.56157,0.561595,0.56156,0.561595,56
2026-05-22T04:19:00+00:00,0.5616,0.561605,0.561575,0.56162,39
2026-05-22T04:20:00+00:00,0.561605,0.561565,0.561555,0.561625,80
2026-05-22T04:21:00+00:00,0.56156,0.561605,0.56156,0.56162,60
2026-05-22T04:22:00+00:00,0.561605,0.56162,0.561605,0.561645,48
2026-05-22T04:23:00+00:00,0.56163,0.56161,0.5616,0.56163,45
2026-05-22T04:24:00+00:00,0.561615,0.56159,0.56159,0.561635,46
2026-05-22T04:25:00+00:00,0.561585,0.561575,0.561555,0.5616,40
2026-05-22T04:26:00+00:00,0.56157,0.56155,0.561535,0.561575,45
2026-05-22T04:27:00+00:00,0.56155,0.561575,0.56155,0.56159,31
2026-05-22T04:28:00+00:00,0.56158,0.56158,0.56157,0.561585,29
2026-05-22T04:29:00+00:00,0.561575,0.56156,0.56154,0.561595,47
2026-05-22T04:30:00+00:00,0.56156,0.56144,0.56143,0.56157,85
2026-05-22T04:31:00+00:00,0.56144,0.56145,0.561435,0.561475,49
2026-05-22T04:32:00+00:00,0.56145,0.56147,0.56145,0.56148,18
2026-05-22T04:33:00+00:00,0.56147,0.561495,0.561465,0.561495,40
2026-05-22T04:34:00+00:00,0.561495,0.56151,0.561495,0.561525,17
2026-05-22T04:35:00+00:00,0.56151,0.561515,0.56149,0.56152,26
2026-05-22T04:36:00+00:00,0.56151,0.5615,0.56149,0.56152,47
2026-05-22T04:37:00+00:00,0.56149,0.56147,0.56146,0.561505,36
2026-05-22T04:38:00+00:00,0.56147,0.56149,0.56147,0.56152,49
2026-05-22T04:39:00+00:00,0.561495,0.56146,0.561445,0.561495,35
2026-05-22T04:40:00+00:00,0.56146,0.561465,0.561445,0.561475,39
2026-05-22T04:41:00+00:00,0.561465,0.56148,0.561465,0.561505,32
2026-05-22T04:42:00+00:00,0.561475,0.56149,0.561475,0.561515,76
2026-05-22T04:43:00+00:00,0.56149,0.56152,0.561465,0.56152,49
2026-05-22T04:44:00+00:00,0.561515,0.561505,0.561505,0.56154,34
2026-05-22T04:45:00+00:00,0.561505,0.561485,0.561465,0.56151,38
2026-05-22T04:46:00+00:00,0.56148,0.561475,0.561465,0.561485,48
2026-05-22T04:47:00+00:00,0.56147,0.561475,0.561465,0.56153,51
2026-05-22T04:48:00+00:00,0.56147,0.561465,0.56145,0.561475,25
2026-05-22T04:49:00+00:00,0.561465,0.561475,0.561455,0.56148,52
2026-05-22T04:50:00+00:00,0.561475,0.561495,0.56147,0.561495,28
2026-05-22T04:51:00+00:00,0.56149,0.56146,0.56145,0.561495,44
2026-05-22T04:52:00+00:00,0.561455,0.561465,0.561455,0.56147,40
2026-05-22T04:53:00+00:00,0.561465,0.56147,0.561445,0.56148,44
2026-05-22T04:54:00+00:00,0.56147,0.56142,0.56142,0.56147,35
2026-05-22T04:55:00+00:00,0.561415,0.561425,0.5614,0.56144,66
2026-05-22T04:56:00+00:00,0.561425,0.56139,0.56139,0.561435,44
2026-05-22T04:57:00+00:00,0.561395,0.561415,0.56139,0.561415,33
2026-05-22T04:58:00+00:00,0.561425,0.561435,0.561415,0.561435,64
2026-05-22T04:59:00+00:00,0.561435,0.561465,0.561435,0.561475,38
2026-05-22T05:00:00+00:00,0.56146,0.5615,0.56145,0.561575,151
2026-05-22T05:01:00+00:00,0.5615,0.561505,0.561475,0.561515,83
2026-05-22T05:02:00+00:00,0.561495,0.561475,0.56145,0.561505,84
2026-05-22T05:03:00+00:00,0.56148,0.56147,0.561455,0.561495,46
2026-05-22T05:04:00+00:00,0.56146,0.56149,0.56146,0.561525,128
2026-05-22T05:05:00+00:00,0.56149,0.561535,0.56148,0.56154,124
2026-05-22T05:06:00+00:00,0.56154,0.56159,0.56153,0.56161,78
2026-05-22T05:07:00+00:00,0.56159,0.561575,0.561565,0.561595,46
2026-05-22T05:08:00+00:00,0.56158,0.56158,0.561565,0.561585,21
2026-05-22T05:09:00+00:00,0.561575,0.561645,0.56154,0.561645,97
2026-05-22T05:10:00+00:00,0.56164,0.56168,0.56164,0.561695,84
2026-05-22T05:11:00+00:00,0.561675,0.561655,0.56165,0.56168,53
2026-05-22T05:12:00+00:00,0.56166,0.561635,0.561625,0.56166,52
2026-05-22T05:13:00+00:00,0.56163,0.56161,0.561605,0.561635,37
2026-05-22T05:14:00+00:00,0.56161,0.561615,0.56159,0.56162,62
2026-05-22T05:15:00+00:00,0.56162,0.561635,0.561615,0.56164,49
2026-05-22T05:16:00+00:00,0.56163,0.56162,0.561615,0.56164,64
2026-05-22T05:17:00+00:00,0.561615,0.561615,0.5616,0.56162,52
2026-05-22T05:18:00+00:00,0.56161,0.56169,0.56161,0.56169,47
2026-05-22T05:19:00+00:00,0.561685,0.56167,0.561655,0.561685,49
2026-05-22T05:20:00+00:00,0.561665,0.56168,0.56163,0.561705,76
2026-05-22T05:21:00+00:00,0.561685,0.56167,0.56166,0.56169,65
2026-05-22T05:22:00+00:00,0.56167,0.56167,0.561645,0.561685,71
2026-05-22T05:23:00+00:00,0.56167,0.561625,0.56162,0.5617,78
2026-05-22T05:24:00+00:00,0.56162,0.561645,0.561615,0.56166,80
2026-05-22T05:25:00+00:00,0.561655,0.561655,0.561645,0.561665,55
2026-05-22T05:26:00+00:00,0.561655,0.56163,0.561625,0.561665,34
2026-05-22T05:27:00+00:00,0.561625,0.56167,0.56162,0.56168,73
2026-05-22T05:28:00+00:00,0.561665,0.5617,0.561645,0.5617,71
2026-05-22T05:29:00+00:00,0.561695,0.56172,0.56166,0.56173,59
2026-05-22T05:30:00+00:00,0.561725,0.56174,0.56172,0.56178,132
2026-05-22T05:31:00+00:00,0.56174,0.56174,0.561735,0.56177,93
2026-05-22T05:32:00+00:00,0.561745,0.56173,0.56172,0.56176,58
2026-05-22T05:33:00+00:00,0.56173,0.561715,0.56169,0.56173,90
2026-05-22T05:34:00+00:00,0.56171,0.56175,0.561705,0.56175,100
2026-05-22T05:35:00+00:00,0.561745,0.56176,0.561735,0.56177,52
2026-05-22T05:36:00+00:00,0.56176,0.56174,0.56173,0.561775,72
2026-05-22T05:37:00+00:00,0.56174,0.561765,0.561725,0.56178,76
2026-05-22T05:38:00+00:00,0.56177,0.56173,0.561725,0.56178,89
2026-05-22T05:39:00+00:00,0.561725,0.561715,0.561705,0.56173,83
2026-05-22T05:40:00+00:00,0.56171,0.561685,0.56167,0.561725,70
2026-05-22T05:41:00+00:00,0.56169,0.561715,0.561675,0.561715,55
2026-05-22T05:42:00+00:00,0.561715,0.56168,0.561675,0.561715,63
2026-05-22T05:43:00+00:00,0.561675,0.56166,0.56163,0.56169,111
2026-05-22T05:44:00+00:00,0.56166,0.561715,0.561635,0.56172,109
2026-05-22T05:45:00+00:00,0.56171,0.561745,0.561705,0.56177,132
2026-05-22T05:46:00+00:00,0.56175,0.56177,0.56173,0.56177,88
2026-05-22T05:47:00+00:00,0.561765,0.5618,0.56175,0.561805,46
2026-05-22T05:48:00+00:00,0.5618,0.561815,0.561785,0.561825,71
2026-05-22T05:49:00+00:00,0.56181,0.561845,0.5618,0.561885,75
2026-05-22T05:50:00+00:00,0.56184,0.56193,0.56182,0.561945,119
2026-05-22T05:51:00+00:00,0.56192,0.561965,0.56192,0.56198,145
2026-05-22T05:52:00+00:00,0.56196,0.56188,0.56188,0.562005,109
2026-05-22T05:53:00+00:00,0.56189,0.56187,0.56185,0.56191,99
2026-05-22T05:54:00+00:00,0.561875,0.56188,0.56185,0.561885,61
2026-05-22T05:55:00+00:00,0.561875,0.56175,0.561715,0.56188,200
2026-05-22T05:56:00+00:00,0.561755,0.56172,0.561695,0.56177,182
2026-05-22T05:57:00+00:00,0.561725,0.561775,0.561725,0.56179,215
2026-05-22T05:58:00+00:00,0.56177,0.561745,0.56172,0.561795,252
2026-05-22T05:59:00+00:00,0.561745,0.56174,0.56171,0.561775,106
2026-05-22T06:00:00+00:00,0.56175,0.561775,0.561695,0.561835,298
2026-05-22T06:01:00+00:00,0.561785,0.561755,0.561745,0.56182,220
2026-05-22T06:02:00+00:00,0.56175,0.56175,0.56173,0.56178,211
2026-05-22T06:03:00+00:00,0.561755,0.561735,0.561725,0.56177,178
2026-05-22T06:04:00+00:00,0.561725,0.561705,0.561675,0.561755,93
2026-05-22T06:05:00+00:00,0.561705,0.561595,0.561585,0.561715,110
2026-05-22T06:06:00+00:00,0.5616,0.561625,0.56157,0.56165,177
2026-05-22T06:07:00+00:00,0.56162,0.561625,0.56161,0.56166,205
2026-05-22T06:08:00+00:00,0.561625,0.5616,0.561565,0.56163,176
2026-05-22T06:09:00+00:00,0.561595,0.561625,0.561595,0.561675,108
2026-05-22T06:10:00+00:00,0.56162,0.561625,0.56159,0.56164,100
2026-05-22T06:11:00+00:00,0.561625,0.561615,0.561595,0.561655,58
2026-05-22T06:12:00+00:00,0.561615,0.561605,0.56157,0.561625,83
2026-05-22T06:13:00+00:00,0.561595,0.561585,0.561565,0.561605,30
2026-05-22T06:14:00+00:00,0.561595,0.561515,0.561515,0.561595,60
2026-05-22T06:15:00+00:00,0.561505,0.561455,0.561425,0.561515,88
2026-05-22T06:16:00+00:00,0.561455,0.561385,0.56134,0.561475,165
2026-05-22T06:17:00+00:00,0.56138,0.561215,0.5612,0.56138,173
2026-05-22T06:18:00+00:00,0.56121,0.561315,0.561205,0.561335,116
2026-05-22T06:19:00+00:00,0.56132,0.561355,0.561315,0.561365,45
2026-05-22T06:20:00+00:00,0.561355,0.561375,0.561335,0.56144,112
2026-05-22T06:21:00+00:00,0.56138,0.561315,0.561315,0.561395,77
2026-05-22T06:22:00+00:00,0.56131,0.561165,0.561165,0.56133,131
2026-05-22T06:23:00+00:00,0.561175,0.561325,0.561175,0.561325,75
2026-05-22T06:24:00+00:00,0.561315,0.561235,0.561235,0.561315,89
2026-05-22T06:25:00+00:00,0.56124,0.561195,0.561195,0.56127,130
2026-05-22T06:26:00+00:00,0.561205,0.561155,0.561095,0.561235,186
2026-05-22T06:27:00+00:00,0.56115,0.561135,0.561135,0.561205,164
2026-05-22T06:28:00+00:00,0.56113,0.561185,0.56113,0.561255,178
2026-05-22T06:29:00+00:00,0.56119,0.561355,0.561185,0.561365,135
2026-05-22T06:30:00+00:00,0.561345,0.561375,0.561295,0.5614,200
2026-05-22T06:31:00+00:00,0.56138,0.561395,0.561365,0.56143,137
2026-05-22T06:32:00+00:00,0.561395,0.561405,0.561355,0.561405,100
2026-05-22T06:33:00+00:00,0.56141,0.561425,0.561385,0.56143,98
2026-05-22T06:34:00+00:00,0.561415,0.561455,0.561415,0.561485,116
2026-05-22T06:35:00+00:00,0.56146,0.561555,0.56146,0.561585,111
2026-05-22T06:36:00+00:00,0.56155,0.561455,0.561425,0.56155,97
2026-05-22T06:37:00+00:00,0.561445,0.561475,0.561445,0.561475,49
2026-05-22T06:38:00+00:00,0.561465,0.561455,0.561435,0.561465,74
2026-05-22T06:39:00+00:00,0.561445,0.561405,0.561385,0.561455,55
2026-05-22T06:40:00+00:00,0.561395,0.561405,0.561365,0.561415,87
2026-05-22T06:41:00+00:00,0.5614,0.561375,0.561345,0.56142,99
2026-05-22T06:42:00+00:00,0.56138,0.561425,0.561375,0.561435,129
2026-05-22T06:43:00+00:00,0.561415,0.561435,0.561415,0.561445,82
2026-05-22T06:44:00+00:00,0.561435,0.561355,0.561345,0.561475,119
2026-05-22T06:45:00+00:00,0.56135,0.56131,0.561285,0.561365,71
2026-05-22T06:46:00+00:00,0.561305,0.561335,0.561295,0.561385,122
2026-05-22T06:47:00+00:00,0.561335,0.56145,0.561325,0.561455,75
2026-05-22T06:48:00+00:00,0.561455,0.561445,0.561415,0.56146,101
2026-05-22T06:49:00+00:00,0.561445,0.56141,0.56139,0.56145,126
2026-05-22T06:50:00+00:00,0.561415,0.561465,0.561395,0.561465,82
2026-05-22T06:51:00+00:00,0.561455,0.56152,0.561455,0.56152,64
2026-05-22T06:52:00+00:00,0.56152,0.56151,0.561505,0.56155,70
2026-05-22T06:53:00+00:00,0.56151,0.561475,0.561465,0.56152,106
2026-05-22T06:54:00+00:00,0.561475,0.561435,0.561405,0.561485,151
2026-05-22T06:55:00+00:00,0.56143,0.561355,0.56135,0.561435,181
2026-05-22T06:56:00+00:00,0.561345,0.56137,0.56133,0.561395,118
2026-05-22T06:57:00+00:00,0.561365,0.561355,0.561355,0.561445,131
2026-05-22T06:58:00+00:00,0.561355,0.561375,0.561355,0.561395,66
2026-05-22T06:59:00+00:00,0.561375,0.56138,0.56136,0.5614,122
2026-05-22T07:00:00+00:00,0.561375,0.56134,0.561335,0.56147,225
2026-05-22T07:01:00+00:00,0.561345,0.56128,0.561245,0.561345,209
2026-05-22T07:02:00+00:00,0.561275,0.561215,0.56117,0.561285,229
2026-05-22T07:03:00+00:00,0.56122,0.561285,0.56121,0.561285,178
2026-05-22T07:04:00+00:00,0.56128,0.56125,0.56125,0.561325,147
2026-05-22T07:05:00+00:00,0.561255,0.56128,0.56121,0.5613,162
2026-05-22T07:06:00+00:00,0.561275,0.56125,0.561235,0.561325,155
2026-05-22T07:07:00+00:00,0.56125,0.561205,0.56118,0.56126,149
2026-05-22T07:08:00+00:00,0.56121,0.561165,0.56116,0.56125,122
2026-05-22T07:09:00+00:00,0.56117,0.56121,0.561165,0.56127,116
2026-05-22T07:10:00+00:00,0.561205,0.561275,0.561195,0.561275,149
2026-05-22T07:11:00+00:00,0.56127,0.56124,0.56122,0.5613,126
2026-05-22T07:12:00+00:00,0.561245,0.56131,0.56124,0.56132,125
2026-05-22T07:13:00+00:00,0.56131,0.56128,0.561265,0.56131,98
2026-05-22T07:14:00+00:00,0.561285,0.56139,0.561265,0.5614,169
2026-05-22T07:15:00+00:00,0.561395,0.561525,0.56138,0.56153,137
2026-05-22T07:16:00+00:00,0.56152,0.56149,0.561455,0.561525,122
2026-05-22T07:17:00+00:00,0.561495,0.56145,0.56145,0.561505,108
2026-05-22T07:18:00+00:00,0.561445,0.5615,0.561415,0.56151,88
2026-05-22T07:19:00+00:00,0.561505,0.561425,0.561405,0.561505,84
2026-05-22T07:20:00+00:00,0.561425,0.561405,0.561375,0.56143,71
2026-05-22T07:21:00+00:00,0.5614,0.561395,0.561355,0.56141,93
2026-05-22T07:22:00+00:00,0.561395,0.56126,0.561255,0.561415,116
2026-05-22T07:23:00+00:00,0.56126,0.561245,0.561215,0.56127,74
2026-05-22T07:24:00+00:00,0.561245,0.56122,0.561205,0.561255,34
2026-05-22T07:25:00+00:00,0.561215,0.56123,0.561205,0.56125,90
2026-05-22T07:26:00+00:00,0.561235,0.561195,0.56117,0.561245,88
2026-05-22T07:27:00+00:00,0.561195,0.561215,0.561195,0.561285,91
2026-05-22T07:28:00+00:00,0.56121,0.561165,0.56116,0.561255,94
2026-05-22T07:29:00+00:00,0.561155,0.561045,0.560965,0.561155,141
2026-05-22T07:30:00+00:00,0.56105,0.56107,0.561005,0.56108,108
2026-05-22T07:31:00+00:00,0.56107,0.560945,0.560875,0.561075,196
2026-05-22T07:32:00+00:00,0.560945,0.56099,0.56094,0.561005,147
2026-05-22T07:33:00+00:00,0.560995,0.56081,0.56081,0.561005,225
2026-05-22T07:34:00+00:00,0.560815,0.56084,0.560815,0.56088,89
2026-05-22T07:35:00+00:00,0.560845,0.56081,0.560775,0.56087,197
2026-05-22T07:36:00+00:00,0.560815,0.560815,0.560785,0.560835,199
2026-05-22T07:37:00+00:00,0.56082,0.560745,0.56071,0.560835,153
2026-05-22T07:38:00+00:00,0.56074,0.560775,0.560725,0.5608,98
2026-05-22T07:39:00+00:00,0.56078,0.560755,0.56074,0.56083,109
2026-05-22T07:40:00+00:00,0.56075,0.56081,0.56073,0.560825,96
2026-05-22T07:41:00+00:00,0.560805,0.560885,0.560805,0.560895,78
2026-05-22T07:42:00+00:00,0.560875,0.560915,0.560875,0.560925,50
2026-05-22T07:43:00+00:00,0.56091,0.560905,0.560865,0.56094,100
2026-05-22T07:44:00+00:00,0.5609,0.56087,0.560845,0.5609,94
2026-05-22T07:45:00+00:00,0.560865,0.560695,0.560685,0.56089,117
2026-05-22T07:46:00+00:00,0.5607,0.560675,0.560635,0.56072,108
2026-05-22T07:47:00+00:00,0.560675,0.560685,0.56065,0.560705,89
2026-05-22T07:48:00+00:00,0.560685,0.560775,0.56068,0.56082,76
2026-05-22T07:49:00+00:00,0.560775,0.560745,0.56072,0.560775,77
2026-05-22T07:50:00+00:00,0.56075,0.560765,0.560725,0.560765,101
2026-05-22T07:51:00+00:00,0.560765,0.56076,0.56073,0.560775,119
2026-05-22T07:52:00+00:00,0.560755,0.560675,0.56067,0.560785,84
2026-05-22T07:53:00+00:00,0.56068,0.56065,0.56063,0.560685,82
2026-05-22T07:54:00+00:00,0.56065,0.56062,0.560615,0.56069,106
2026-05-22T07:55:00+00:00,0.560615,0.560755,0.560595,0.560755,125
2026-05-22T07:56:00+00:00,0.560755,0.560725,0.56071,0.560765,78
2026-05-22T07:57:00+00:00,0.56072,0.560735,0.56068,0.56074,93
2026-05-22T07:58:00+00:00,0.56074,0.56078,0.56073,0.560805,104
2026-05-22T07:59:00+00:00,0.560775,0.56088,0.560755,0.56088,102
2026-05-22T08:00:00+00:00,0.560875,0.56088,0.560855,0.56093,176
2026-05-22T08:01:00+00:00,0.560875,0.56083,0.560795,0.56089,190
2026-05-22T08:02:00+00:00,0.560835,0.56068,0.56067,0.560835,147
2026-05-22T08:03:00+00:00,0.560685,0.5608,0.560685,0.56083,143
2026-05-22T08:04:00+00:00,0.560805,0.560765,0.560765,0.56082,132
2026-05-22T08:05:00+00:00,0.560775,0.560755,0.56072,0.56078,99
2026-05-22T08:06:00+00:00,0.56075,0.56078,0.560745,0.560815,109
2026-05-22T08:07:00+00:00,0.560785,0.560825,0.56078,0.560825,73
2026-05-22T08:08:00+00:00,0.56082,0.56076,0.56076,0.560855,119
2026-05-22T08:09:00+00:00,0.560755,0.560755,0.560735,0.56079,167
2026-05-22T08:10:00+00:00,0.56076,0.56079,0.56075,0.560805,127
2026-05-22T08:11:00+00:00,0.560785,0.5608,0.56077,0.56082,84
2026-05-22T08:12:00+00:00,0.560795,0.560785,0.560765,0.560805,124
2026-05-22T08:13:00+00:00,0.56079,0.560795,0.56077,0.5608,86
2026-05-22T08:14:00+00:00,0.560795,0.56084,0.560785,0.56084,31
2026-05-22T08:15:00+00:00,0.56084,0.560885,0.56084,0.56093,185
2026-05-22T08:16:00+00:00,0.56088,0.560885,0.560845,0.560905,132
2026-05-22T08:17:00+00:00,0.560885,0.56101,0.560885,0.56102,90
2026-05-22T08:18:00+00:00,0.561015,0.561075,0.561005,0.561115,243
2026-05-22T08:19:00+00:00,0.561075,0.56105,0.561015,0.561085,210
2026-05-22T08:20:00+00:00,0.561055,0.561165,0.561025,0.561255,447
2026-05-22T08:21:00+00:00,0.56116,0.561,0.561,0.561175,291
2026-05-22T08:22:00+00:00,0.561005,0.560925,0.560895,0.56101,132
2026-05-22T08:23:00+00:00,0.56093,0.561025,0.560925,0.561025,117
2026-05-22T08:24:00+00:00,0.56102,0.56099,0.560945,0.561055,86
2026-05-22T08:25:00+00:00,0.560995,0.560975,0.560955,0.561005,140
2026-05-22T08:26:00+00:00,0.56098,0.56098,0.56095,0.560995,88
2026-05-22T08:27:00+00:00,0.560985,0.56095,0.56091,0.561025,97
2026-05-22T08:28:00+00:00,0.560945,0.56082,0.56081,0.560945,142
2026-05-22T08:29:00+00:00,0.560825,0.5608,0.560775,0.56084,100
2026-05-22T08:30:00+00:00,0.560805,0.560875,0.560785,0.56091,159
2026-05-22T08:31:00+00:00,0.56087,0.56092,0.56083,0.56092,117
2026-05-22T08:32:00+00:00,0.560925,0.560955,0.560925,0.56098,91
2026-05-22T08:33:00+00:00,0.560955,0.560865,0.560845,0.560955,92
2026-05-22T08:34:00+00:00,0.560865,0.560745,0.5607,0.56087,280
2026-05-22T08:35:00+00:00,0.560735,0.560675,0.56058,0.56074,448
2026-05-22T08:36:00+00:00,0.56067,0.56071,0.560645,0.560725,301
2026-05-22T08:37:00+00:00,0.560715,0.56079,0.560695,0.560835,229
2026-05-22T08:38:00+00:00,0.560785,0.560785,0.560755,0.56084,282
2026-05-22T08:39:00+00:00,0.560795,0.560635,0.5606,0.560795,239
2026-05-22T08:40:00+00:00,0.560635,0.56056,0.560535,0.56066,153
2026-05-22T08:41:00+00:00,0.560555,0.560565,0.560535,0.56059,155
2026-05-22T08:42:00+00:00,0.56056,0.560675,0.560555,0.560725,156
2026-05-22T08:43:00+00:00,0.56067,0.560705,0.560665,0.56074,188
2026-05-22T08:44:00+00:00,0.5607,0.560655,0.560625,0.5607,158
2026-05-22T08:45:00+00:00,0.560655,0.5607,0.560655,0.560735,143
2026-05-22T08:46:00+00:00,0.560695,0.56071,0.560695,0.56077,103
2026-05-22T08:47:00+00:00,0.560705,0.56074,0.560695,0.56074,103
2026-05-22T08:48:00+00:00,0.560735,0.560755,0.560695,0.56077,115
2026-05-22T08:49:00+00:00,0.560755,0.560725,0.560725,0.56078,120
2026-05-22T08:50:00+00:00,0.56073,0.560795,0.560675,0.5608,121
2026-05-22T08:51:00+00:00,0.56079,0.56079,0.56076,0.56082,121
2026-05-22T08:52:00+00:00,0.56079,0.560785,0.560755,0.56083,158
2026-05-22T08:53:00+00:00,0.560785,0.560765,0.56076,0.560815,150
2026-05-22T08:54:00+00:00,0.560765,0.560745,0.56073,0.56079,107
2026-05-22T08:55:00+00:00,0.56075,0.560775,0.56074,0.56079,91
2026-05-22T08:56:00+00:00,0.560775,0.560795,0.560765,0.560815,98
2026-05-22T08:57:00+00:00,0.56079,0.56084,0.56078,0.56085,104
2026-05-22T08:58:00+00:00,0.56084,0.56081,0.560785,0.560845,113
2026-05-22T08:59:00+00:00,0.560815,0.560815,0.560785,0.560835,95
2026-05-22T09:00:00+00:00,0.56081,0.56075,0.56071,0.560815,156
2026-05-22T09:01:00+00:00,0.560755,0.560685,0.560655,0.560755,151
2026-05-22T09:02:00+00:00,0.56068,0.56064,0.56064,0.56071,138
2026-05-22T09:03:00+00:00,0.560645,0.560705,0.56064,0.56071,130
2026-05-22T09:04:00+00:00,0.56071,0.56058,0.560575,0.56072,129
2026-05-22T09:05:00+00:00,0.560575,0.56051,0.56046,0.56058,193
2026-05-22T09:06:00+00:00,0.560515,0.56043,0.56043,0.56052,174
2026-05-22T09:07:00+00:00,0.56044,0.5604,0.560385,0.560445,194
2026-05-22T09:08:00+00:00,0.560395,0.56037,0.560325,0.56043,165
2026-05-22T09:09:00+00:00,0.560375,0.560385,0.560355,0.560425,154
2026-05-22T09:10:00+00:00,0.56039,0.56041,0.560385,0.56044,136
2026-05-22T09:11:00+00:00,0.560405,0.560515,0.560405,0.560545,76
2026-05-22T09:12:00+00:00,0.56051,0.560505,0.56048,0.560525,100
2026-05-22T09:13:00+00:00,0.560495,0.56048,0.56048,0.56055,161
2026-05-22T09:14:00+00:00,0.56048,0.5605,0.56045,0.560515,165
2026-05-22T09:15:00+00:00,0.560495,0.56042,0.56041,0.560525,187
2026-05-22T09:16:00+00:00,0.56042,0.560365,0.560355,0.56043,136
2026-05-22T09:17:00+00:00,0.56037,0.56034,0.560275,0.560375,160
2026-05-22T09:18:00+00:00,0.560335,0.560355,0.5603,0.560385,211
2026-05-22T09:19:00+00:00,0.56036,0.56036,0.560325,0.56038,122
2026-05-22T09:20:00+00:00,0.560355,0.56034,0.56034,0.56039,121
2026-05-22T09:21:00+00:00,0.560345,0.56035,0.56033,0.5604,147
2026-05-22T09:22:00+00:00,0.560345,0.560295,0.56029,0.560355,126
2026-05-22T09:23:00+00:00,0.5603,0.56031,0.56026,0.56032,143
2026-05-22T09:24:00+00:00,0.56031,0.560345,0.560285,0.560355,96
2026-05-22T09:25:00+00:00,0.56035,0.56037,0.56033,0.560405,119
2026-05-22T09:26:00+00:00,0.56037,0.560315,0.560295,0.56037,129
2026-05-22T09:27:00+00:00,0.56031,0.560395,0.560305,0.560425,125
2026-05-22T09:28:00+00:00,0.5604,0.56045,0.560395,0.56048,131
2026-05-22T09:29:00+00:00,0.560455,0.560565,0.560455,0.56057,63
2026-05-22T09:30:00+00:00,0.56057,0.56057,0.56055,0.560595,109
2026-05-22T09:31:00+00:00,0.560575,0.56051,0.56049,0.560585,137
2026-05-22T09:32:00+00:00,0.560515,0.56044,0.56044,0.560515,80
2026-05-22T09:33:00+00:00,0.560435,0.560415,0.560385,0.560435,61
2026-05-22T09:34:00+00:00,0.560405,0.56048,0.560405,0.560495,71
2026-05-22T09:35:00+00:00,0.560475,0.560425,0.560415,0.560485,81
2026-05-22T09:36:00+00:00,0.56043,0.560345,0.56033,0.560435,99
2026-05-22T09:37:00+00:00,0.56034,0.56026,0.56025,0.56034,97
2026-05-22T09:38:00+00:00,0.56026,0.56028,0.56025,0.560295,79
2026-05-22T09:39:00+00:00,0.560275,0.560445,0.560275,0.560445,143
2026-05-22T09:40:00+00:00,0.560445,0.560425,0.560395,0.560455,144
2026-05-22T09:41:00+00:00,0.56043,0.560435,0.560395,0.560445,135
2026-05-22T09:42:00+00:00,0.56044,0.5604,0.56039,0.560455,125
2026-05-22T09:43:00+00:00,0.560395,0.56034,0.560335,0.5604,74
2026-05-22T09:44:00+00:00,0.560345,0.560345,0.560305,0.56036,95
2026-05-22T09:45:00+00:00,0.56034,0.560375,0.560335,0.560385,56
2026-05-22T09:46:00+00:00,0.560375,0.560345,0.56031,0.56038,62
2026-05-22T09:47:00+00:00,0.56035,0.560385,0.560345,0.56039,47
2026-05-22T09:48:00+00:00,0.560385,0.560435,0.56038,0.56045,75
2026-05-22T09:49:00+00:00,0.56044,0.560505,0.56042,0.560515,78
2026-05-22T09:50:00+00:00,0.5605,0.56054,0.56049,0.560555,105
2026-05-22T09:51:00+00:00,0.560545,0.560635,0.560535,0.560655,114
2026-05-22T09:52:00+00:00,0.560635,0.56063,0.56061,0.560645,86
2026-05-22T09:53:00+00:00,0.560635,0.56061,0.560605,0.560645,81
2026-05-22T09:54:00+00:00,0.560605,0.560545,0.56054,0.560625,103
2026-05-22T09:55:00+00:00,0.56054,0.560555,0.560515,0.560575,129
2026-05-22T09:56:00+00:00,0.560555,0.560505,0.560505,0.56058,103
2026-05-22T09:57:00+00:00,0.56051,0.56045,0.56044,0.56051,100
2026-05-22T09:58:00+00:00,0.560445,0.560425,0.5604,0.560455,103
2026-05-22T09:59:00+00:00,0.56043,0.56044,0.56042,0.56048,136
2026-05-22T10:00:00+00:00,0.560445,0.560605,0.56042,0.560635,203
2026-05-22T10:01:00+00:00,0.560605,0.560555,0.56054,0.56065,122
2026-05-22T10:02:00+00:00,0.56055,0.560525,0.5605,0.560575,144
2026-05-22T10:03:00+00:00,0.56053,0.56048,0.56048,0.560545,125
2026-05-22T10:04:00+00:00,0.560475,0.56038,0.56038,0.56048,137
2026-05-22T10:05:00+00:00,0.560385,0.56046,0.56038,0.56047,121
2026-05-22T10:06:00+00:00,0.560455,0.56056,0.560455,0.56057,152
2026-05-22T10:07:00+00:00,0.560565,0.56058,0.56054,0.5606,92
2026-05-22T10:08:00+00:00,0.56058,0.56056,0.56054,0.56059,81
2026-05-22T10:09:00+00:00,0.560555,0.560545,0.560525,0.56057,74
2026-05-22T10:10:00+00:00,0.56055,0.560525,0.560505,0.56058,91
2026-05-22T10:11:00+00:00,0.56053,0.5604,0.560395,0.56053,50
2026-05-22T10:12:00+00:00,0.560395,0.560385,0.560365,0.56042,100
2026-05-22T10:13:00+00:00,0.56039,0.560355,0.560355,0.560415,105
2026-05-22T10:14:00+00:00,0.56036,0.560295,0.56029,0.56036,164
2026-05-22T10:15:00+00:00,0.56029,0.56033,0.560285,0.560335,82
2026-05-22T10:16:00+00:00,0.560325,0.56038,0.560315,0.56038,54
2026-05-22T10:17:00+00:00,0.560385,0.56038,0.560355,0.56039,72
2026-05-22T10:18:00+00:00,0.560375,0.5604,0.560355,0.56041,88
2026-05-22T10:19:00+00:00,0.560395,0.56036,0.560325,0.560395,99
2026-05-22T10:20:00+00:00,0.560365,0.56034,0.560335,0.56038,101
2026-05-22T10:21:00+00:00,0.560345,0.560365,0.56033,0.560395,95
2026-05-22T10:22:00+00:00,0.560365,0.5604,0.56033,0.56042,76
2026-05-22T10:23:00+00:00,0.5604,0.56041,0.560365,0.560415,65
2026-05-22T10:24:00+00:00,0.56041,0.56044,0.560385,0.560465,66
2026-05-22T10:25:00+00:00,0.56044,0.560455,0.56044,0.56047,59
2026-05-22T10:26:00+00:00,0.560455,0.560505,0.560455,0.560505,74
2026-05-22T10:27:00+00:00,0.560505,0.560425,0.56042,0.56053,79
2026-05-22T10:28:00+00:00,0.56043,0.56037,0.56036,0.560455,105
2026-05-22T10:29:00+00:00,0.560375,0.560345,0.560345,0.560415,86
2026-05-22T10:30:00+00:00,0.56034,0.5604,0.56034,0.560435,123
2026-05-22T10:31:00+00:00,0.560395,0.560315,0.5603,0.560405,133
2026-05-22T10:32:00+00:00,0.56032,0.560285,0.56023,0.56032,121
2026-05-22T10:33:00+00:00,0.56029,0.56045,0.56027,0.56045,142
2026-05-22T10:34:00+00:00,0.56045,0.560365,0.560365,0.56049,136
2026-05-22T10:35:00+00:00,0.56037,0.56035,0.56024,0.56037,193
2026-05-22T10:36:00+00:00,0.560355,0.56045,0.56034,0.56046,138
2026-05-22T10:37:00+00:00,0.56045,0.560475,0.56043,0.560485,145
2026-05-22T10:38:00+00:00,0.56048,0.5604,0.560375,0.560485,99
2026-05-22T10:39:00+00:00,0.560395,0.560315,0.560315,0.560395,130
2026-05-22T10:40:00+00:00,0.56032,0.560315,0.560305,0.560355,107
2026-05-22T10:41:00+00:00,0.56031,0.560385,0.56031,0.560385,110
2026-05-22T10:42:00+00:00,0.56039,0.560335,0.56033,0.56039,115
2026-05-22T10:43:00+00:00,0.56033,0.56037,0.56032,0.56038,101
2026-05-22T10:44:00+00:00,0.560375,0.560385,0.56035,0.560405,79
2026-05-22T10:45:00+00:00,0.56039,0.560395,0.560375,0.560415,88
2026-05-22T10:46:00+00:00,0.560395,0.56039,0.560355,0.560395,88
2026-05-22T10:47:00+00:00,0.56039,0.5604,0.560365,0.56041,69
2026-05-22T10:48:00+00:00,0.5604,0.560405,0.560395,0.560465,128
2026-05-22T10:49:00+00:00,0.560405,0.560435,0.560375,0.560435,119
2026-05-22T10:50:00+00:00,0.56043,0.56043,0.560425,0.56049,91
2026-05-22T10:51:00+00:00,0.560435,0.56044,0.56041,0.560455,62
2026-05-22T10:52:00+00:00,0.560435,0.56052,0.560425,0.56053,128
2026-05-22T10:53:00+00:00,0.560515,0.56057,0.560515,0.56057,110
2026-05-22T10:54:00+00:00,0.560575,0.560525,0.56051,0.56058,103
2026-05-22T10:55:00+00:00,0.560515,0.560565,0.5605,0.560565,95
2026-05-22T10:56:00+00:00,0.56056,0.560565,0.56054,0.56057,98
2026-05-22T10:57:00+00:00,0.560555,0.560575,0.56052,0.560595,114
2026-05-22T10:58:00+00:00,0.56057,0.560615,0.560565,0.560615,63
2026-05-22T10:59:00+00:00,0.560615,0.560575,0.56057,0.560635,114
2026-05-22T11:00:00+00:00,0.56058,0.560595,0.56057,0.560625,190
2026-05-22T11:01:00+00:00,0.560605,0.56061,0.560585,0.560655,130
2026-05-22T11:02:00+00:00,0.560605,0.56048,0.56045,0.560615,196
2026-05-22T11:03:00+00:00,0.560485,0.56049,0.560465,0.560505,90
2026-05-22T11:04:00+00:00,0.56049,0.560605,0.56049,0.560605,109
2026-05-22T11:05:00+00:00,0.5606,0.560575,0.56057,0.56064,146
2026-05-22T11:06:00+00:00,0.56058,0.56057,0.56057,0.560595,71
2026-05-22T11:07:00+00:00,0.56057,0.560515,0.5605,0.560585,128
2026-05-22T11:08:00+00:00,0.56052,0.56049,0.56048,0.56053,110
2026-05-22T11:09:00+00:00,0.56049,0.56049,0.56047,0.560525,68
2026-05-22T11:10:00+00:00,0.56049,0.560505,0.56045,0.56051,88
2026-05-22T11:11:00+00:00,0.560505,0.560485,0.560475,0.56051,104
2026-05-22T11:12:00+00:00,0.56048,0.560455,0.560435,0.560495,138
2026-05-22T11:13:00+00:00,0.560455,0.56045,0.560435,0.560465,64
2026-05-22T11:14:00+00:00,0.56045,0.560385,0.56034,0.560455,120
2026-05-22T11:15:00+00:00,0.56038,0.560465,0.56038,0.560505,178
2026-05-22T11:16:00+00:00,0.56046,0.560535,0.56045,0.56054,115
2026-05-22T11:17:00+00:00,0.56054,0.560555,0.56054,0.560585,48
2026-05-22T11:18:00+00:00,0.56055,0.56048,0.56046,0.56056,78
2026-05-22T11:19:00+00:00,0.560485,0.56047,0.56046,0.56052,68
2026-05-22T11:20:00+00:00,0.560475,0.560365,0.56035,0.56048,118
2026-05-22T11:21:00+00:00,0.56037,0.560355,0.560325,0.560375,90
2026-05-22T11:22:00+00:00,0.56036,0.560385,0.560345,0.560385,73
2026-05-22T11:23:00+00:00,0.560385,0.560345,0.56032,0.560385,96
2026-05-22T11:24:00+00:00,0.56034,0.56037,0.560325,0.560375,94
2026-05-22T11:25:00+00:00,0.56037,0.56038,0.560355,0.56039,40
2026-05-22T11:26:00+00:00,0.560385,0.56041,0.56038,0.56043,127
2026-05-22T11:27:00+00:00,0.5604,0.560435,0.5604,0.56047,82
2026-05-22T11:28:00+00:00,0.56044,0.560515,0.560435,0.56052,127
2026-05-22T11:29:00+00:00,0.560515,0.56047,0.560465,0.56053,68
2026-05-22T11:30:00+00:00,0.56047,0.560325,0.5603,0.560475,143
2026-05-22T11:31:00+00:00,0.56033,0.56029,0.56027,0.56035,158
2026-05-22T11:32:00+00:00,0.560295,0.560295,0.560275,0.56033,111
2026-05-22T11:33:00+00:00,0.56029,0.560295,0.560255,0.5603,73
2026-05-22T11:34:00+00:00,0.56029,0.560295,0.56027,0.560305,70
2026-05-22T11:35:00+00:00,0.56029,0.560295,0.56027,0.56032,85
2026-05-22T11:36:00+00:00,0.5603,0.560275,0.56026,0.56032,135
2026-05-22T11:37:00+00:00,0.56028,0.56031,0.56027,0.56033,89
2026-05-22T11:38:00+00:00,0.56031,0.560325,0.560285,0.560335,61
2026-05-22T11:39:00+00:00,0.56033,0.56033,0.560315,0.560355,147
2026-05-22T11:40:00+00:00,0.560335,0.560325,0.56031,0.56038,128
2026-05-22T11:41:00+00:00,0.560325,0.560255,0.56025,0.560335,90
2026-05-22T11:42:00+00:00,0.560255,0.560265,0.56024,0.56029,102
2026-05-22T11:43:00+00:00,0.56027,0.560265,0.56024,0.560275,75
2026-05-22T11:44:00+00:00,0.56026,0.56023,0.56023,0.560295,106
2026-05-22T11:45:00+00:00,0.560225,0.560245,0.56019,0.560255,106
2026-05-22T11:46:00+00:00,0.56025,0.560255,0.56024,0.56029,119
2026-05-22T11:47:00+00:00,0.56025,0.560215,0.56021,0.560315,329
2026-05-22T11:48:00+00:00,0.56021,0.560265,0.5602,0.56028,280
2026-05-22T11:49:00+00:00,0.56027,0.560175,0.56017,0.560325,139
2026-05-22T11:50:00+00:00,0.56018,0.560245,0.56015,0.56025,156
2026-05-22T11:51:00+00:00,0.56025,0.56027,0.56023,0.560315,160
2026-05-22T11:52:00+00:00,0.560275,0.560185,0.56017,0.560285,126
2026-05-22T11:53:00+00:00,0.56019,0.560205,0.560165,0.560215,99
2026-05-22T11:54:00+00:00,0.560205,0.56023,0.5602,0.56024,88
2026-05-22T11:55:00+00:00,0.560235,0.56012,0.56012,0.560235,166
2026-05-22T11:56:00+00:00,0.56013,0.56002,0.56001,0.56014,164
2026-05-22T11:57:00+00:00,0.56002,0.559965,0.559955,0.560055,171
2026-05-22T11:58:00+00:00,0.55997,0.559965,0.559945,0.560005,109
2026-05-22T11:59:00+00:00,0.559955,0.559975,0.55993,0.559995,119
2026-05-22T12:00:00+00:00,0.55998,0.560105,0.55996,0.560115,222
2026-05-22T12:01:00+00:00,0.560105,0.560055,0.560025,0.560105,126
2026-05-22T12:02:00+00:00,0.56006,0.559965,0.559965,0.56007,150
2026-05-22T12:03:00+00:00,0.55997,0.560025,0.559965,0.56005,174
2026-05-22T12:04:00+00:00,0.560025,0.560015,0.56,0.560065,127
2026-05-22T12:05:00+00:00,0.56001,0.55998,0.55994,0.560015,141
2026-05-22T12:06:00+00:00,0.559985,0.55994,0.559935,0.559985,96
2026-05-22T12:07:00+00:00,0.55994,0.559925,0.559915,0.55995,124
2026-05-22T12:08:00+00:00,0.55992,0.55992,0.55989,0.55995,179
2026-05-22T12:09:00+00:00,0.559925,0.559975,0.55991,0.55998,115
2026-05-22T12:10:00+00:00,0.559975,0.559955,0.559945,0.55999,116
2026-05-22T12:11:00+00:00,0.559955,0.559965,0.55993,0.559975,112
2026-05-22T12:12:00+00:00,0.55996,0.560045,0.55996,0.560225,882
2026-05-22T12:13:00+00:00,0.56005,0.560305,0.56003,0.56032,684
2026-05-22T12:14:00+00:00,0.56031,0.56012,0.56004,0.56038,508
2026-05-22T12:15:00+00:00,0.560125,0.56005,0.560025,0.56016,535
2026-05-22T12:16:00+00:00,0.560055,0.56016,0.560045,0.560185,393
2026-05-22T12:17:00+00:00,0.560165,0.56002,0.559985,0.560185,340
2026-05-22T12:18:00+00:00,0.560015,0.56017,0.560015,0.560185,259
2026-05-22T12:19:00+00:00,0.560165,0.56029,0.56013,0.56035,535
2026-05-22T12:20:00+00:00,0.560295,0.560155,0.56015,0.5603,346
2026-05-22T12:21:00+00:00,0.560165,0.560095,0.56004,0.56018,253
2026-05-22T12:22:00+00:00,0.5601,0.560065,0.56001,0.56016,282
2026-05-22T12:23:00+00:00,0.560065,0.560055,0.56002,0.560105,278
2026-05-22T12:24:00+00:00,0.56006,0.560015,0.55998,0.56006,227
2026-05-22T12:25:00+00:00,0.56002,0.560045,0.560005,0.56006,269
2026-05-22T12:26:00+00:00,0.56004,0.56011,0.56003,0.560115,189
2026-05-22T12:27:00+00:00,0.560115,0.56009,0.559995,0.56012,299
2026-05-22T12:28:00+00:00,0.560085,0.560065,0.56006,0.5601,175
2026-05-22T12:29:00+00:00,0.56006,0.56001,0.56001,0.560075,104
2026-05-22T12:30:00+00:00,0.560015,0.56008,0.56001,0.5601,148
2026-05-22T12:31:00+00:00,0.56008,0.560065,0.56005,0.560095,115
2026-05-22T12:32:00+00:00,0.56006,0.56008,0.56006,0.56014,159
2026-05-22T12:33:00+00:00,0.560075,0.56005,0.559995,0.56008,134
2026-05-22T12:34:00+00:00,0.560055,0.56006,0.55997,0.56006,195
2026-05-22T12:35:00+00:00,0.560055,0.5601,0.56003,0.56011,134
2026-05-22T12:36:00+00:00,0.560095,0.560125,0.560045,0.560135,135
2026-05-22T12:37:00+00:00,0.560125,0.560145,0.560125,0.560165,89
2026-05-22T12:38:00+00:00,0.560145,0.560145,0.560125,0.560195,104
2026-05-22T12:39:00+00:00,0.560145,0.56022,0.560135,0.56023,107
2026-05-22T12:40:00+00:00,0.560225,0.560165,0.560155,0.560245,130
2026-05-22T12:41:00+00:00,0.560165,0.560135,0.560075,0.56019,106
2026-05-22T12:42:00+00:00,0.56014,0.560105,0.560095,0.56019,114
2026-05-22T12:43:00+00:00,0.56011,0.560055,0.560025,0.56011,232
2026-05-22T12:44:00+00:00,0.56006,0.560065,0.560055,0.560105,88
2026-05-22T12:45:00+00:00,0.56007,0.56014,0.560065,0.560155,149
2026-05-22T12:46:00+00:00,0.560145,0.56009,0.56008,0.560145,108
2026-05-22T12:47:00+00:00,0.56009,0.560205,0.560065,0.560205,137
2026-05-22T12:48:00+00:00,0.560215,0.560225,0.560185,0.560245,112
2026-05-22T12:49:00+00:00,0.560225,0.56022,0.560215,0.56026,73
2026-05-22T12:50:00+00:00,0.560215,0.560155,0.560145,0.560215,82
2026-05-22T12:51:00+00:00,0.560155,0.56012,0.560105,0.56016,80
2026-05-22T12:52:00+00:00,0.56012,0.560155,0.560115,0.56017,84
2026-05-22T12:53:00+00:00,0.560155,0.560255,0.560155,0.56026,67
2026-05-22T12:54:00+00:00,0.56025,0.560205,0.560175,0.560265,83
2026-05-22T12:55:00+00:00,0.560195,0.560175,0.560165,0.560195,79
2026-05-22T12:56:00+00:00,0.560165,0.560355,0.560165,0.560355,89
2026-05-22T12:57:00+00:00,0.560365,0.560315,0.5603,0.560365,65
2026-05-22T12:58:00+00:00,0.560315,0.560345,0.5603,0.560355,179
2026-05-22T12:59:00+00:00,0.560355,0.56038,0.56029,0.560395,205
2026-05-22T13:00:00+00:00,0.560375,0.560335,0.560305,0.56045,367
2026-05-22T13:01:00+00:00,0.560345,0.56036,0.56031,0.560375,210
2026-05-22T13:02:00+00:00,0.56036,0.560395,0.560345,0.56042,176
2026-05-22T13:03:00+00:00,0.56039,0.56043,0.56036,0.56043,196
2026-05-22T13:04:00+00:00,0.560425,0.560405,0.560355,0.56044,198
2026-05-22T13:05:00+00:00,0.5604,0.560505,0.5604,0.560505,233
2026-05-22T13:06:00+00:00,0.5605,0.56046,0.560455,0.56055,152
2026-05-22T13:07:00+00:00,0.560465,0.560425,0.560405,0.560495,184
2026-05-22T13:08:00+00:00,0.56043,0.56039,0.56037,0.560435,144
2026-05-22T13:09:00+00:00,0.560385,0.560435,0.56036,0.56055,549
2026-05-22T13:10:00+00:00,0.56043,0.560335,0.560325,0.560465,612
2026-05-22T13:11:00+00:00,0.56033,0.56048,0.5603,0.560505,416
2026-05-22T13:12:00+00:00,0.560485,0.560325,0.560295,0.560485,391
2026-05-22T13:13:00+00:00,0.560315,0.560355,0.560315,0.56046,407
2026-05-22T13:14:00+00:00,0.56036,0.560395,0.5603,0.5604,273
2026-05-22T13:15:00+00:00,0.56039,0.56039,0.560365,0.56041,314
2026-05-22T13:16:00+00:00,0.560395,0.560275,0.56025,0.56043,284
2026-05-22T13:17:00+00:00,0.56028,0.560305,0.56026,0.56033,182
2026-05-22T13:18:00+00:00,0.56031,0.560245,0.560235,0.560335,170
2026-05-22T13:19:00+00:00,0.560235,0.560165,0.560165,0.560275,394
2026-05-22T13:20:00+00:00,0.56017,0.560065,0.560065,0.560185,267
2026-05-22T13:21:00+00:00,0.56007,0.559935,0.559925,0.56007,236
2026-05-22T13:22:00+00:00,0.55994,0.559995,0.55991,0.56,245
2026-05-22T13:23:00+00:00,0.56,0.560005,0.559965,0.560015,168
2026-05-22T13:24:00+00:00,0.56001,0.56005,0.559985,0.560055,151
2026-05-22T13:25:00+00:00,0.560055,0.559995,0.55995,0.56006,192
2026-05-22T13:26:00+00:00,0.56,0.560105,0.55999,0.56011,180
2026-05-22T13:27:00+00:00,0.560095,0.56011,0.560065,0.560115,188
2026-05-22T13:28:00+00:00,0.560105,0.560085,0.560065,0.560115,111
2026-05-22T13:29:00+00:00,0.560075,0.559975,0.559965,0.560085,147
2026-05-22T13:30:00+00:00,0.55998,0.560015,0.55994,0.560025,377
2026-05-22T13:31:00+00:00,0.56002,0.560005,0.559975,0.560055,236
2026-05-22T13:32:00+00:00,0.56,0.559985,0.559965,0.56003,206
2026-05-22T13:33:00+00:00,0.55999,0.559935,0.559925,0.56001,382
2026-05-22T13:34:00+00:00,0.55994,0.55993,0.559905,0.559965,397
2026-05-22T13:35:00+00:00,0.559925,0.559865,0.559835,0.55993,298
2026-05-22T13:36:00+00:00,0.55987,0.559855,0.55984,0.559935,252
2026-05-22T13:37:00+00:00,0.55986,0.559905,0.559855,0.559935,359
2026-05-22T13:38:00+00:00,0.55991,0.559915,0.559855,0.55993,334
2026-05-22T13:39:00+00:00,0.559905,0.559885,0.559865,0.55996,222
2026-05-22T13:40:00+00:00,0.55989,0.559895,0.55987,0.559945,401
2026-05-22T13:41:00+00:00,0.5599,0.55993,0.559875,0.559965,332
2026-05-22T13:42:00+00:00,0.559925,0.559885,0.55984,0.55994,554
2026-05-22T13:43:00+00:00,0.55989,0.55996,0.559875,0.559975,414
2026-05-22T13:44:00+00:00,0.55997,0.559975,0.55993,0.55998,259
2026-05-22T13:45:00+00:00,0.559965,0.55989,0.559875,0.559995,303
2026-05-22T13:46:00+00:00,0.559895,0.55979,0.559765,0.559935,302
2026-05-22T13:47:00+00:00,0.559785,0.55988,0.55978,0.5599,192
2026-05-22T13:48:00+00:00,0.559875,0.55983,0.559795,0.559875,304
2026-05-22T13:49:00+00:00,0.559825,0.55985,0.559825,0.559895,247
2026-05-22T13:50:00+00:00,0.559855,0.55988,0.55983,0.559895,283
2026-05-22T13:51:00+00:00,0.559885,0.560025,0.559865,0.56003,368
2026-05-22T13:52:00+00:00,0.56002,0.560055,0.560005,0.560085,247
2026-05-22T13:53:00+00:00,0.560075,0.56019,0.560075,0.56022,242
2026-05-22T13:54:00+00:00,0.560185,0.560255,0.560185,0.56026,199
2026-05-22T13:55:00+00:00,0.56025,0.560255,0.56023,0.560285,190
2026-05-22T13:56:00+00:00,0.560265,0.560245,0.560215,0.56027,159
2026-05-22T13:57:00+00:00,0.560245,0.560185,0.560165,0.5603,197
2026-05-22T13:58:00+00:00,0.56019,0.56017,0.560145,0.560215,98
2026-05-22T13:59:00+00:00,0.560175,0.56024,0.560175,0.560245,173
2026-05-22T14:00:00+00:00,0.56023,0.560035,0.56003,0.560305,752
2026-05-22T14:01:00+00:00,0.56004,0.55997,0.55995,0.560125,510
2026-05-22T14:02:00+00:00,0.55996,0.56002,0.559925,0.56003,497
2026-05-22T14:03:00+00:00,0.560025,0.560025,0.559985,0.560095,505
2026-05-22T14:04:00+00:00,0.56003,0.56001,0.560005,0.560085,477
2026-05-22T14:05:00+00:00,0.560015,0.56003,0.55996,0.560055,365
2026-05-22T14:06:00+00:00,0.560025,0.560035,0.559975,0.56009,375
2026-05-22T14:07:00+00:00,0.560035,0.560095,0.56001,0.560105,308
2026-05-22T14:08:00+00:00,0.56009,0.56023,0.560085,0.56023,283
2026-05-22T14:09:00+00:00,0.560225,0.560275,0.560195,0.56029,348
2026-05-22T14:10:00+00:00,0.56027,0.560285,0.56024,0.560315,343
2026-05-22T14:11:00+00:00,0.56029,0.560215,0.560205,0.560295,210
2026-05-22T14:12:00+00:00,0.56021,0.560215,0.560175,0.560235,249
2026-05-22T14:13:00+00:00,0.56021,0.560235,0.56019,0.56025,295
2026-05-22T14:14:00+00:00,0.56024,0.560165,0.560155,0.56026,248
2026-05-22T14:15:00+00:00,0.56016,0.560135,0.560105,0.560185,328
2026-05-22T14:16:00+00:00,0.56014,0.560185,0.560115,0.560215,324
2026-05-22T14:17:00+00:00,0.56018,0.560145,0.56012,0.560195,302
2026-05-22T14:18:00+00:00,0.56014,0.5602,0.56012,0.560205,266
2026-05-22T14:19:00+00:00,0.5602,0.56023,0.56018,0.560245,179
2026-05-22T14:20:00+00:00,0.560235,0.5603,0.56023,0.560305,199
2026-05-22T14:21:00+00:00,0.560305,0.56031,0.56028,0.56033,247
2026-05-22T14:22:00+00:00,0.560315,0.560215,0.560215,0.560315,293
2026-05-22T14:23:00+00:00,0.56021,0.560135,0.560115,0.560225,240
2026-05-22T14:24:00+00:00,0.56013,0.560165,0.560105,0.56017,303
2026-05-22T14:25:00+00:00,0.56016,0.560205,0.56014,0.56022,238
2026-05-22T14:26:00+00:00,0.56021,0.56018,0.56017,0.56025,242
2026-05-22T14:27:00+00:00,0.560185,0.56022,0.56015,0.56023,245
2026-05-22T14:28:00+00:00,0.560225,0.56023,0.56017,0.560255,338
2026-05-22T14:29:00+00:00,0.560225,0.560285,0.560225,0.5603,201
2026-05-22T14:30:00+00:00,0.56029,0.56029,0.560245,0.56032,267
2026-05-22T14:31:00+00:00,0.560295,0.56033,0.56029,0.560365,236
2026-05-22T14:32:00+00:00,0.560325,0.56033,0.560295,0.560355,311
2026-05-22T14:33:00+00:00,0.560325,0.56035,0.560315,0.56038,245
2026-05-22T14:34:00+00:00,0.560355,0.56043,0.56034,0.560445,211
2026-05-22T14:35:00+00:00,0.560425,0.560345,0.56033,0.56045,318
2026-05-22T14:36:00+00:00,0.56035,0.560455,0.56033,0.56046,200
2026-05-22T14:37:00+00:00,0.56046,0.56046,0.560425,0.560465,206
2026-05-22T14:38:00+00:00,0.560455,0.56036,0.56035,0.560465,252
2026-05-22T14:39:00+00:00,0.560355,0.560415,0.56035,0.56043,232
2026-05-22T14:40:00+00:00,0.56041,0.560465,0.56041,0.560505,283
2026-05-22T14:41:00+00:00,0.560455,0.56045,0.56042,0.560505,193
2026-05-22T14:42:00+00:00,0.560455,0.56041,0.56039,0.560465,201
2026-05-22T14:43:00+00:00,0.560405,0.560335,0.560335,0.560435,271
2026-05-22T14:44:00+00:00,0.56034,0.56038,0.5603,0.56039,267
2026-05-22T14:45:00+00:00,0.560385,0.56051,0.560375,0.560515,258
2026-05-22T14:46:00+00:00,0.560505,0.560415,0.560415,0.56051,191
2026-05-22T14:47:00+00:00,0.56042,0.56048,0.560405,0.560495,208
2026-05-22T14:48:00+00:00,0.560485,0.56049,0.560465,0.560535,146
2026-05-22T14:49:00+00:00,0.560495,0.56036,0.56036,0.560525,166
2026-05-22T14:50:00+00:00,0.560365,0.56043,0.560325,0.56046,258
2026-05-22T14:51:00+00:00,0.560425,0.560485,0.56036,0.560505,299
2026-05-22T14:52:00+00:00,0.56049,0.560435,0.56041,0.56051,258
2026-05-22T14:53:00+00:00,0.56044,0.560425,0.560405,0.560515,235
2026-05-22T14:54:00+00:00,0.56043,0.560365,0.560345,0.56044,267
2026-05-22T14:55:00+00:00,0.560375,0.560255,0.56024,0.56038,393
2026-05-22T14:56:00+00:00,0.56026,0.56025,0.56022,0.560365,302
2026-05-22T14:57:00+00:00,0.560245,0.560175,0.56017,0.56029,336
2026-05-22T14:58:00+00:00,0.56018,0.560105,0.5601,0.56019,277
2026-05-22T14:59:00+00:00,0.56011,0.56009,0.560085,0.56022,225
2026-05-22T15:00:00+00:00,0.560095,0.560135,0.560085,0.560195,271
2026-05-22T15:01:00+00:00,0.560145,0.560075,0.56007,0.56019,246
2026-05-22T15:02:00+00:00,0.56007,0.56014,0.56006,0.560175,248
2026-05-22T15:03:00+00:00,0.56015,0.560115,0.56005,0.56016,226
2026-05-22T15:04:00+00:00,0.56011,0.56016,0.56007,0.560225,201
2026-05-22T15:05:00+00:00,0.560165,0.560225,0.56016,0.560245,248
2026-05-22T15:06:00+00:00,0.56023,0.56032,0.560225,0.560325,326
2026-05-22T15:07:00+00:00,0.56033,0.56026,0.560255,0.560335,247
2026-05-22T15:08:00+00:00,0.560265,0.56026,0.56023,0.56029,210
2026-05-22T15:09:00+00:00,0.560255,0.56031,0.56024,0.56032,172
2026-05-22T15:10:00+00:00,0.560315,0.56033,0.56029,0.560355,170
2026-05-22T15:11:00+00:00,0.56032,0.56028,0.560265,0.56034,193
2026-05-22T15:12:00+00:00,0.560275,0.56025,0.56023,0.560285,188
2026-05-22T15:13:00+00:00,0.560245,0.5602,0.5602,0.56027,142
2026-05-22T15:14:00+00:00,0.560195,0.560225,0.560195,0.560245,126
2026-05-22T15:15:00+00:00,0.56023,0.560115,0.56011,0.56024,142
2026-05-22T15:16:00+00:00,0.56011,0.56009,0.56008,0.56016,227
2026-05-22T15:17:00+00:00,0.560095,0.56014,0.560085,0.560155,164
2026-05-22T15:18:00+00:00,0.560135,0.560125,0.56008,0.560135,179
2026-05-22T15:19:00+00:00,0.56013,0.560115,0.560095,0.56015,174
2026-05-22T15:20:00+00:00,0.560125,0.56016,0.56011,0.56016,161
2026-05-22T15:21:00+00:00,0.560165,0.56019,0.56016,0.56024,220
2026-05-22T15:22:00+00:00,0.560185,0.560235,0.56017,0.560235,189
2026-05-22T15:23:00+00:00,0.56024,0.560225,0.560185,0.560275,167
2026-05-22T15:24:00+00:00,0.56022,0.560125,0.56012,0.560225,210
2026-05-22T15:25:00+00:00,0.56013,0.56021,0.56011,0.560215,159
2026-05-22T15:26:00+00:00,0.560215,0.56013,0.560125,0.560245,239
2026-05-22T15:27:00+00:00,0.560135,0.560175,0.56011,0.560175,164
2026-05-22T15:28:00+00:00,0.56017,0.56017,0.56016,0.56024,163
2026-05-22T15:29:00+00:00,0.560175,0.56019,0.560155,0.56022,181
2026-05-22T15:30:00+00:00,0.560195,0.5602,0.56019,0.56027,273
2026-05-22T15:31:00+00:00,0.560195,0.56025,0.560155,0.560255,217
2026-05-22T15:32:00+00:00,0.560255,0.560215,0.560205,0.56026,179
2026-05-22T15:33:00+00:00,0.56021,0.56019,0.560185,0.560245,209
2026-05-22T15:34:00+00:00,0.560195,0.56021,0.56017,0.56026,228
2026-05-22T15:35:00+00:00,0.5602,0.560295,0.560185,0.56031,224
2026-05-22T15:36:00+00:00,0.5603,0.56027,0.560255,0.56031,161
2026-05-22T15:37:00+00:00,0.560275,0.5602,0.5602,0.56031,171
2026-05-22T15:38:00+00:00,0.560195,0.56028,0.560195,0.560285,184
2026-05-22T15:39:00+00:00,0.56028,0.56028,0.56025,0.560305,193
2026-05-22T15:40:00+00:00,0.560285,0.560315,0.560275,0.560325,186
2026-05-22T15:41:00+00:00,0.560315,0.56029,0.56027,0.56035,191
2026-05-22T15:42:00+00:00,0.560295,0.560315,0.56029,0.560325,125
2026-05-22T15:43:00+00:00,0.56032,0.56036,0.560285,0.560365,202
2026-05-22T15:44:00+00:00,0.560355,0.560345,0.56034,0.560395,113
2026-05-22T15:45:00+00:00,0.560345,0.56041,0.560325,0.56041,146
2026-05-22T15:46:00+00:00,0.560405,0.56034,0.56031,0.56041,155
2026-05-22T15:47:00+00:00,0.560345,0.560275,0.560275,0.560405,246
2026-05-22T15:48:00+00:00,0.56028,0.560295,0.56027,0.56033,238
2026-05-22T15:49:00+00:00,0.5603,0.560265,0.56025,0.56032,220
2026-05-22T15:50:00+00:00,0.56026,0.560295,0.56025,0.560305,148
2026-05-22T15:51:00+00:00,0.560295,0.56028,0.560265,0.56032,157
2026-05-22T15:52:00+00:00,0.560285,0.560315,0.56028,0.56034,101
2026-05-22T15:53:00+00:00,0.560325,0.56034,0.5603,0.56035,154
2026-05-22T15:54:00+00:00,0.56034,0.56036,0.56033,0.560385,155
2026-05-22T15:55:00+00:00,0.560365,0.56032,0.56031,0.560375,193
2026-05-22T15:56:00+00:00,0.560315,0.560335,0.560305,0.56035,174
2026-05-22T15:57:00+00:00,0.56033,0.560335,0.560295,0.56034,168
2026-05-22T15:58:00+00:00,0.560335,0.56032,0.56031,0.56038,131
2026-05-22T15:59:00+00:00,0.560315,0.56027,0.560265,0.56032,99
2026-05-22T16:00:00+00:00,0.56026,0.56029,0.56026,0.56031,255
2026-05-22T16:01:00+00:00,0.560285,0.560395,0.560285,0.560415,219
2026-05-22T16:02:00+00:00,0.56039,0.56039,0.560345,0.560405,158
2026-05-22T16:03:00+00:00,0.560385,0.56035,0.560315,0.560395,182
2026-05-22T16:04:00+00:00,0.560355,0.56037,0.56034,0.56039,121
2026-05-22T16:05:00+00:00,0.560365,0.560325,0.560325,0.560385,153
2026-05-22T16:06:00+00:00,0.56033,0.560265,0.56026,0.56035,112
2026-05-22T16:07:00+00:00,0.560245,0.560105,0.5601,0.560245,102
2026-05-22T16:08:00+00:00,0.560105,0.560095,0.560085,0.56014,113
2026-05-22T16:09:00+00:00,0.5601,0.56007,0.56007,0.560125,108
2026-05-22T16:10:00+00:00,0.560075,0.55998,0.55998,0.560105,152
2026-05-22T16:11:00+00:00,0.559985,0.55995,0.5599,0.56,190
2026-05-22T16:12:00+00:00,0.559955,0.560005,0.55995,0.560035,92
2026-05-22T16:13:00+00:00,0.56001,0.559945,0.559945,0.560115,98
2026-05-22T16:14:00+00:00,0.559955,0.559965,0.559935,0.55999,91
2026-05-22T16:15:00+00:00,0.559975,0.55986,0.55985,0.559985,163
2026-05-22T16:16:00+00:00,0.55987,0.56002,0.559855,0.56003,102
2026-05-22T16:17:00+00:00,0.56001,0.55997,0.559955,0.56001,84
2026-05-22T16:18:00+00:00,0.559975,0.559915,0.559905,0.560005,128
2026-05-22T16:19:00+00:00,0.55992,0.559895,0.55988,0.559935,104
2026-05-22T16:20:00+00:00,0.5599,0.559985,0.559885,0.55999,116
2026-05-22T16:21:00+00:00,0.559995,0.559755,0.559745,0.560005,176
2026-05-22T16:22:00+00:00,0.55975,0.55969,0.559685,0.559765,156
2026-05-22T16:23:00+00:00,0.559695,0.559675,0.55963,0.559735,110
2026-05-22T16:24:00+00:00,0.55968,0.559725,0.559675,0.55977,111
2026-05-22T16:25:00+00:00,0.55973,0.559765,0.5597,0.559785,171
2026-05-22T16:26:00+00:00,0.55976,0.5598,0.55974,0.55983,150
2026-05-22T16:27:00+00:00,0.559805,0.55984,0.559805,0.559865,81
2026-05-22T16:28:00+00:00,0.559845,0.5599,0.559835,0.5599,87
2026-05-22T16:29:00+00:00,0.559895,0.559865,0.559855,0.5599,98
2026-05-22T16:30:00+00:00,0.55987,0.55974,0.55972,0.559875,129
2026-05-22T16:31:00+00:00,0.55973,0.55975,0.55973,0.55978,147
2026-05-22T16:32:00+00:00,0.559745,0.5597,0.559685,0.55976,105
2026-05-22T16:33:00+00:00,0.559695,0.559775,0.559695,0.55978,121
2026-05-22T16:34:00+00:00,0.55977,0.559675,0.559665,0.559775,111
2026-05-22T16:35:00+00:00,0.559675,0.559605,0.559605,0.559675,73
2026-05-22T16:36:00+00:00,0.559595,0.559605,0.559575,0.55963,118
2026-05-22T16:37:00+00:00,0.5596,0.559645,0.5596,0.559675,65
2026-05-22T16:38:00+00:00,0.559635,0.559615,0.55959,0.559645,103
2026-05-22T16:39:00+00:00,0.559615,0.55967,0.559605,0.559685,96
2026-05-22T16:40:00+00:00,0.559675,0.559685,0.55967,0.559705,45
2026-05-22T16:41:00+00:00,0.55968,0.559715,0.55968,0.559745,52
2026-05-22T16:42:00+00:00,0.559715,0.559755,0.559715,0.559785,58
2026-05-22T16:43:00+00:00,0.55976,0.5597,0.559695,0.55977,85
2026-05-22T16:44:00+00:00,0.5597,0.55971,0.559695,0.55974,37
2026-05-22T16:45:00+00:00,0.55971,0.5597,0.559685,0.55973,65
2026-05-22T16:46:00+00:00,0.559705,0.559695,0.559645,0.559735,91
2026-05-22T16:47:00+00:00,0.5597,0.559755,0.559695,0.559765,57
2026-05-22T16:48:00+00:00,0.559745,0.559645,0.559645,0.559755,87
2026-05-22T16:49:00+00:00,0.559645,0.559655,0.559625,0.559675,108
2026-05-22T16:50:00+00:00,0.55966,0.55963,0.55959,0.559665,128
2026-05-22T16:51:00+00:00,0.559635,0.55961,0.55961,0.55966,128
2026-05-22T16:52:00+00:00,0.559605,0.559595,0.559585,0.55962,84
2026-05-22T16:53:00+00:00,0.55959,0.559595,0.55959,0.559655,70
2026-05-22T16:54:00+00:00,0.5596,0.55959,0.559585,0.55964,116
2026-05-22T16:55:00+00:00,0.55959,0.55961,0.559575,0.559625,63
2026-05-22T16:56:00+00:00,0.5596,0.559575,0.559565,0.55961,110
2026-05-22T16:57:00+00:00,0.559575,0.559565,0.559555,0.559615,108
2026-05-22T16:58:00+00:00,0.559575,0.55958,0.559555,0.559585,81
2026-05-22T16:59:00+00:00,0.559585,0.559605,0.55955,0.559605,117
2026-05-22T17:00:00+00:00,0.559595,0.55956,0.55953,0.559605,166
2026-05-22T17:01:00+00:00,0.559565,0.55956,0.559535,0.55957,117
2026-05-22T17:02:00+00:00,0.559555,0.55957,0.55951,0.55958,97
2026-05-22T17:03:00+00:00,0.559565,0.559575,0.559565,0.5596,60
2026-05-22T17:04:00+00:00,0.55958,0.559625,0.55958,0.559645,73
2026-05-22T17:05:00+00:00,0.559635,0.559605,0.559595,0.559645,58
2026-05-22T17:06:00+00:00,0.55961,0.55964,0.559575,0.55964,136
2026-05-22T17:07:00+00:00,0.55963,0.55967,0.559615,0.559695,102
2026-05-22T17:08:00+00:00,0.55967,0.559725,0.559645,0.559725,72
2026-05-22T17:09:00+00:00,0.559715,0.559775,0.559705,0.559785,57
2026-05-22T17:10:00+00:00,0.559765,0.55974,0.559725,0.559795,104
2026-05-22T17:11:00+00:00,0.559745,0.559745,0.559725,0.559775,72
2026-05-22T17:12:00+00:00,0.55975,0.559775,0.559735,0.55979,90
2026-05-22T17:13:00+00:00,0.559775,0.559755,0.559745,0.55981,76
2026-05-22T17:14:00+00:00,0.55975,0.559725,0.559725,0.559765,84
2026-05-22T17:15:00+00:00,0.55973,0.559695,0.559675,0.55974,92
2026-05-22T17:16:00+00:00,0.55969,0.559675,0.559665,0.559695,72
2026-05-22T17:17:00+00:00,0.559675,0.559695,0.559655,0.5597,83
2026-05-22T17:18:00+00:00,0.5597,0.559795,0.55969,0.5598,86
2026-05-22T17:19:00+00:00,0.559795,0.559705,0.559695,0.55982,144
2026-05-22T17:20:00+00:00,0.5597,0.559745,0.559685,0.55981,283
2026-05-22T17:21:00+00:00,0.559735,0.55976,0.559675,0.55978,180
2026-05-22T17:22:00+00:00,0.559745,0.559695,0.559665,0.55975,159
2026-05-22T17:23:00+00:00,0.5597,0.559725,0.559665,0.55973,127
2026-05-22T17:24:00+00:00,0.559725,0.55972,0.559665,0.559765,102
2026-05-22T17:25:00+00:00,0.559735,0.559695,0.559675,0.559765,129
2026-05-22T17:26:00+00:00,0.55969,0.559705,0.559675,0.559715,105
2026-05-22T17:27:00+00:00,0.559705,0.559705,0.559685,0.55973,109
2026-05-22T17:28:00+00:00,0.559695,0.559775,0.559625,0.55978,762
2026-05-22T17:29:00+00:00,0.559785,0.559835,0.559735,0.55989,606
2026-05-22T17:30:00+00:00,0.55983,0.559805,0.55977,0.559865,634
2026-05-22T17:31:00+00:00,0.55982,0.559775,0.559765,0.559845,391
2026-05-22T17:32:00+00:00,0.55977,0.559695,0.559675,0.559805,328
2026-05-22T17:33:00+00:00,0.559705,0.559705,0.55967,0.559725,193
2026-05-22T17:34:00+00:00,0.55971,0.559725,0.559695,0.559735,193
2026-05-22T17:35:00+00:00,0.55972,0.559745,0.559705,0.559765,117
2026-05-22T17:36:00+00:00,0.55974,0.559745,0.559695,0.559765,134
2026-05-22T17:37:00+00:00,0.55974,0.559775,0.55974,0.559795,132
2026-05-22T17:38:00+00:00,0.559775,0.55973,0.559715,0.55979,155
2026-05-22T17:39:00+00:00,0.559735,0.559775,0.559735,0.559815,173
2026-05-22T17:40:00+00:00,0.559765,0.559785,0.55974,0.5598,112
2026-05-22T17:41:00+00:00,0.55978,0.559745,0.55974,0.55981,118
2026-05-22T17:42:00+00:00,0.55974,0.559755,0.559735,0.559775,105
2026-05-22T17:43:00+00:00,0.559765,0.559775,0.559705,0.559775,81
2026-05-22T17:44:00+00:00,0.55977,0.55982,0.559765,0.55983,132
2026-05-22T17:45:00+00:00,0.55982,0.559825,0.5598,0.559845,145
2026-05-22T17:46:00+00:00,0.55983,0.559895,0.55983,0.55991,76
2026-05-22T17:47:00+00:00,0.559895,0.559905,0.559875,0.559935,89
2026-05-22T17:48:00+00:00,0.55991,0.559915,0.55989,0.559935,95
2026-05-22T17:49:00+00:00,0.55991,0.55996,0.55991,0.559975,49
2026-05-22T17:50:00+00:00,0.559965,0.559945,0.559925,0.559975,87
2026-05-22T17:51:00+00:00,0.55994,0.559965,0.559915,0.559965,139
2026-05-22T17:52:00+00:00,0.55997,0.559955,0.559925,0.55997,99
2026-05-22T17:53:00+00:00,0.55995,0.56001,0.55995,0.560025,77
2026-05-22T17:54:00+00:00,0.56001,0.559955,0.559955,0.560025,104
2026-05-22T17:55:00+00:00,0.55996,0.55995,0.559945,0.559985,67
2026-05-22T17:56:00+00:00,0.55995,0.559905,0.559905,0.559965,79
2026-05-22T17:57:00+00:00,0.55991,0.559905,0.55987,0.55994,86
2026-05-22T17:58:00+00:00,0.5599,0.559865,0.55985,0.5599,79
2026-05-22T17:59:00+00:00,0.559865,0.55989,0.559845,0.559895,162
2026-05-22T18:00:00+00:00,0.55988,0.559855,0.55985,0.55991,135
2026-05-22T18:01:00+00:00,0.559855,0.55983,0.55982,0.559875,124
2026-05-22T18:02:00+00:00,0.55983,0.559835,0.559815,0.55987,101
2026-05-22T18:03:00+00:00,0.55983,0.55985,0.559825,0.559875,95
2026-05-22T18:04:00+00:00,0.55984,0.559825,0.55978,0.55987,393
2026-05-22T18:05:00+00:00,0.55984,0.559815,0.55979,0.559845,139
2026-05-22T18:06:00+00:00,0.55982,0.559835,0.559815,0.55985,113
2026-05-22T18:07:00+00:00,0.55984,0.559915,0.559835,0.55993,133
2026-05-22T18:08:00+00:00,0.559905,0.559915,0.559885,0.559925,143
2026-05-22T18:09:00+00:00,0.559915,0.55992,0.559895,0.559945,125
2026-05-22T18:10:00+00:00,0.55992,0.55996,0.55991,0.55997,101
2026-05-22T18:11:00+00:00,0.559955,0.559965,0.55994,0.559975,90
2026-05-22T18:12:00+00:00,0.55997,0.559965,0.559945,0.559975,103
2026-05-22T18:13:00+00:00,0.559955,0.559985,0.559955,0.559995,50
2026-05-22T18:14:00+00:00,0.559985,0.560025,0.559965,0.560025,90
2026-05-22T18:15:00+00:00,0.56003,0.56002,0.56,0.56004,66
2026-05-22T18:16:00+00:00,0.560015,0.560025,0.559995,0.560045,39
2026-05-22T18:17:00+00:00,0.560015,0.560015,0.559995,0.560025,56
2026-05-22T18:18:00+00:00,0.560005,0.560025,0.560005,0.560055,85
2026-05-22T18:19:00+00:00,0.56003,0.56003,0.560015,0.560055,62
2026-05-22T18:20:00+00:00,0.560035,0.560035,0.560025,0.560055,54
2026-05-22T18:21:00+00:00,0.560035,0.56003,0.560005,0.560045,64
2026-05-22T18:22:00+00:00,0.560025,0.55999,0.55997,0.56003,81
2026-05-22T18:23:00+00:00,0.559985,0.559955,0.55995,0.559985,64
2026-05-22T18:24:00+00:00,0.559955,0.559965,0.559915,0.559965,75
2026-05-22T18:25:00+00:00,0.559965,0.55995,0.55995,0.559975,52
2026-05-22T18:26:00+00:00,0.559945,0.55996,0.559925,0.559975,112
2026-05-22T18:27:00+00:00,0.559955,0.559945,0.559945,0.55998,127
2026-05-22T18:28:00+00:00,0.559955,0.559955,0.559925,0.559975,70
2026-05-22T18:29:00+00:00,0.55996,0.559965,0.559945,0.55998,58
2026-05-22T18:30:00+00:00,0.559955,0.559975,0.559945,0.55998,62
2026-05-22T18:31:00+00:00,0.559965,0.559965,0.559945,0.55998,99
2026-05-22T18:32:00+00:00,0.55997,0.559955,0.559955,0.559995,80
2026-05-22T18:33:00+00:00,0.55996,0.55996,0.55995,0.559975,83
2026-05-22T18:34:00+00:00,0.559955,0.559945,0.55994,0.55997,37
2026-05-22T18:35:00+00:00,0.559945,0.559895,0.55988,0.559945,67
2026-05-22T18:36:00+00:00,0.5599,0.559895,0.559885,0.559915,51
2026-05-22T18:37:00+00:00,0.559885,0.559825,0.559825,0.559905,74
2026-05-22T18:38:00+00:00,0.55983,0.559905,0.55981,0.559915,94
2026-05-22T18:39:00+00:00,0.5599,0.559905,0.55984,0.55994,425
2026-05-22T18:40:00+00:00,0.559905,0.559955,0.559905,0.559965,139
2026-05-22T18:41:00+00:00,0.55995,0.55997,0.559925,0.55998,107
2026-05-22T18:42:00+00:00,0.559975,0.559955,0.55993,0.55998,70
2026-05-22T18:43:00+00:00,0.55995,0.55994,0.559925,0.559955,101
2026-05-22T18:44:00+00:00,0.559925,0.559875,0.559865,0.55994,63
2026-05-22T18:45:00+00:00,0.559875,0.559825,0.559805,0.559875,90
2026-05-22T18:46:00+00:00,0.559835,0.55982,0.559805,0.55984,39
2026-05-22T18:47:00+00:00,0.55982,0.559835,0.559815,0.55986,56
2026-05-22T18:48:00+00:00,0.55983,0.55985,0.55983,0.55986,69
2026-05-22T18:49:00+00:00,0.55985,0.559835,0.55983,0.55987,52
2026-05-22T18:50:00+00:00,0.559835,0.559835,0.559835,0.55986,54
2026-05-22T18:51:00+00:00,0.55984,0.559845,0.559835,0.55987,61
2026-05-22T18:52:00+00:00,0.559845,0.559855,0.559835,0.559875,46
2026-05-22T18:53:00+00:00,0.559855,0.559855,0.559835,0.559875,65
2026-05-22T18:54:00+00:00,0.55986,0.55986,0.559855,0.559905,52
2026-05-22T18:55:00+00:00,0.559855,0.559845,0.559805,0.559855,52
2026-05-22T18:56:00+00:00,0.559845,0.559845,0.55983,0.559855,44
2026-05-22T18:57:00+00:00,0.559845,0.55989,0.559845,0.559895,44
2026-05-22T18:58:00+00:00,0.559885,0.559895,0.55988,0.559915,49
2026-05-22T18:59:00+00:00,0.559895,0.55991,0.559895,0.559935,114
2026-05-22T19:00:00+00:00,0.559905,0.55986,0.559855,0.55992,89
2026-05-22T19:01:00+00:00,0.559865,0.559875,0.559835,0.559885,129
2026-05-22T19:02:00+00:00,0.55988,0.559895,0.559845,0.55991,228
2026-05-22T19:03:00+00:00,0.55989,0.5599,0.55987,0.55993,302
2026-05-22T19:04:00+00:00,0.559905,0.559905,0.559875,0.55992,154
2026-05-22T19:05:00+00:00,0.55991,0.559915,0.559895,0.559935,95
2026-05-22T19:06:00+00:00,0.55992,0.559885,0.55988,0.559935,113
2026-05-22T19:07:00+00:00,0.55988,0.55985,0.559845,0.559905,108
2026-05-22T19:08:00+00:00,0.559855,0.559855,0.559845,0.559885,66
2026-05-22T19:09:00+00:00,0.559855,0.55987,0.559835,0.55988,168
2026-05-22T19:10:00+00:00,0.559865,0.559895,0.55986,0.5599,170
2026-05-22T19:11:00+00:00,0.55989,0.559905,0.55989,0.55991,117
2026-05-22T19:12:00+00:00,0.559905,0.559935,0.559905,0.55994,79
2026-05-22T19:13:00+00:00,0.55993,0.55992,0.55991,0.559935,88
2026-05-22T19:14:00+00:00,0.559915,0.5599,0.55989,0.559925,100
2026-05-22T19:15:00+00:00,0.559895,0.559895,0.55988,0.55992,111
2026-05-22T19:16:00+00:00,0.5599,0.5599,0.55989,0.55991,117
2026-05-22T19:17:00+00:00,0.559895,0.559905,0.55987,0.559905,105
2026-05-22T19:18:00+00:00,0.559905,0.559935,0.559895,0.559935,111
2026-05-22T19:19:00+00:00,0.55993,0.55993,0.559915,0.55994,80
2026-05-22T19:20:00+00:00,0.559925,0.559855,0.559845,0.55993,93
2026-05-22T19:21:00+00:00,0.559855,0.559835,0.55982,0.55987,68
2026-05-22T19:22:00+00:00,0.55984,0.55982,0.5598,0.55984,104
2026-05-22T19:23:00+00:00,0.55983,0.559835,0.55982,0.55985,98
2026-05-22T19:24:00+00:00,0.55984,0.559815,0.559805,0.55984,70
2026-05-22T19:25:00+00:00,0.559815,0.559795,0.559785,0.559815,36
2026-05-22T19:26:00+00:00,0.559795,0.5598,0.55978,0.559815,92
2026-05-22T19:27:00+00:00,0.559795,0.55981,0.559785,0.55981,54
2026-05-22T19:28:00+00:00,0.55981,0.55981,0.559805,0.559825,61
2026-05-22T19:29:00+00:00,0.559805,0.559815,0.559785,0.55982,194
2026-05-22T19:30:00+00:00,0.55981,0.559775,0.559775,0.55983,174
2026-05-22T19:31:00+00:00,0.55978,0.55979,0.559765,0.559825,205
2026-05-22T19:32:00+00:00,0.55979,0.559835,0.559785,0.55985,117
2026-05-22T19:33:00+00:00,0.55983,0.55983,0.559805,0.55985,120
2026-05-22T19:34:00+00:00,0.559835,0.559835,0.55981,0.559845,97
2026-05-22T19:35:00+00:00,0.55983,0.559785,0.55978,0.559845,155
2026-05-22T19:36:00+00:00,0.559785,0.5598,0.55977,0.559805,88
2026-05-22T19:37:00+00:00,0.5598,0.55977,0.55975,0.5598,109
2026-05-22T19:38:00+00:00,0.559775,0.559795,0.55975,0.5598,86
2026-05-22T19:39:00+00:00,0.55979,0.559765,0.55976,0.55979,100
2026-05-22T19:40:00+00:00,0.559765,0.559755,0.559735,0.559775,73
2026-05-22T19:41:00+00:00,0.55975,0.559795,0.559735,0.559795,56
2026-05-22T19:42:00+00:00,0.559795,0.559795,0.559775,0.559815,115
2026-05-22T19:43:00+00:00,0.55979,0.5598,0.55979,0.55981,55
2026-05-22T19:44:00+00:00,0.5598,0.559795,0.559785,0.559805,85
2026-05-22T19:45:00+00:00,0.5598,0.559775,0.559775,0.559805,46
2026-05-22T19:46:00+00:00,0.559775,0.559775,0.559745,0.55978,35
2026-05-22T19:47:00+00:00,0.559775,0.559785,0.559755,0.559805,77
2026-05-22T19:48:00+00:00,0.55978,0.559765,0.55976,0.559785,43
2026-05-22T19:49:00+00:00,0.559765,0.559755,0.559745,0.559775,101
2026-05-22T19:50:00+00:00,0.55975,0.55977,0.5597,0.559775,132
2026-05-22T19:51:00+00:00,0.55977,0.55973,0.559725,0.559775,86
2026-05-22T19:52:00+00:00,0.559725,0.559745,0.55972,0.559755,43
2026-05-22T19:53:00+00:00,0.55974,0.55974,0.559735,0.55977,104
2026-05-22T19:54:00+00:00,0.559735,0.559735,0.55971,0.55975,63
2026-05-22T19:55:00+00:00,0.55974,0.559765,0.559725,0.559775,37
2026-05-22T19:56:00+00:00,0.559765,0.559745,0.559745,0.55977,49
2026-05-22T19:57:00+00:00,0.559745,0.559765,0.55974,0.559795,147
2026-05-22T19:58:00+00:00,0.55976,0.55978,0.55976,0.559785,91
2026-05-22T19:59:00+00:00,0.559775,0.55974,0.559725,0.55978,126
2026-05-22T20:00:00+00:00,0.559735,0.559725,0.55971,0.55975,91
2026-05-22T20:01:00+00:00,0.55973,0.55968,0.55968,0.55973,39
2026-05-22T20:02:00+00:00,0.55968,0.559665,0.55966,0.559715,59
2026-05-22T20:03:00+00:00,0.559665,0.559715,0.559655,0.559715,33
2026-05-22T20:04:00+00:00,0.55971,0.55971,0.559695,0.559725,55
2026-05-22T20:05:00+00:00,0.559715,0.55967,0.559645,0.559715,47
2026-05-22T20:06:00+00:00,0.55967,0.5597,0.559655,0.5597,27
2026-05-22T20:07:00+00:00,0.559705,0.55974,0.559695,0.55974,19
2026-05-22T20:08:00+00:00,0.55975,0.55975,0.55973,0.559765,20
2026-05-22T20:09:00+00:00,0.55975,0.559755,0.559745,0.559765,12
2026-05-22T20:10:00+00:00,0.559755,0.55975,0.55974,0.559765,11
2026-05-22T20:11:00+00:00,0.559755,0.55971,0.55971,0.559755,14
2026-05-22T20:12:00+00:00,0.55971,0.559695,0.559695,0.55971,2
2026-05-22T20:13:00+00:00,0.559695,0.559715,0.559695,0.55972,17
2026-05-22T20:14:00+00:00,0.55972,0.55974,0.55971,0.55974,11
2026-05-22T20:15:00+00:00,0.559745,0.559705,0.559695,0.559745,35
2026-05-22T20:16:00+00:00,0.559705,0.559665,0.559665,0.559725,53
2026-05-22T20:17:00+00:00,0.559665,0.55967,0.559655,0.559695,61
2026-05-22T20:18:00+00:00,0.55967,0.559675,0.559655,0.55968,27
2026-05-22T20:19:00+00:00,0.559675,0.559695,0.55966,0.5597,26
2026-05-22T20:20:00+00:00,0.559695,0.55968,0.559675,0.5597,17
2026-05-22T20:21:00+00:00,0.559675,0.559655,0.55965,0.55968,14
2026-05-22T20:22:00+00:00,0.559655,0.559635,0.55962,0.55966,15
2026-05-22T20:23:00+00:00,0.559635,0.559605,0.559585,0.559645,20
2026-05-22T20:24:00+00:00,0.559605,0.55962,0.559605,0.55962,2
2026-05-22T20:25:00+00:00,0.55962,0.55961,0.55961,0.55963,18
2026-05-22T20:26:00+00:00,0.559605,0.559625,0.5596,0.559625,17
2026-05-22T20:27:00+00:00,0.559625,0.55964,0.55962,0.55966,13
2026-05-22T20:28:00+00:00,0.55964,0.55965,0.55963,0.55966,28
2026-05-22T20:29:00+00:00,0.559645,0.55958,0.55958,0.55966,51
2026-05-22T20:30:00+00:00,0.55959,0.559565,0.55955,0.559615,57
2026-05-22T20:31:00+00:00,0.559565,0.55955,0.55951,0.559585,217
2026-05-22T20:32:00+00:00,0.55956,0.55953,0.559505,0.559575,111
2026-05-22T20:33:00+00:00,0.55954,0.559555,0.55954,0.55959,84
2026-05-22T20:34:00+00:00,0.559565,0.559555,0.559515,0.559575,131
2026-05-22T20:35:00+00:00,0.559545,0.559555,0.559525,0.559565,67
2026-05-22T20:36:00+00:00,0.559565,0.55957,0.55954,0.559595,51
2026-05-22T20:37:00+00:00,0.55957,0.559595,0.55956,0.55961,119
2026-05-22T20:38:00+00:00,0.559595,0.55966,0.55959,0.559665,325
2026-05-22T20:39:00+00:00,0.559665,0.559665,0.55964,0.55967,81
2026-05-22T20:40:00+00:00,0.55966,0.559635,0.559625,0.559695,199
2026-05-22T20:41:00+00:00,0.55964,0.55964,0.559625,0.55966,213
2026-05-22T20:42:00+00:00,0.559645,0.55957,0.55957,0.559665,209
2026-05-22T20:43:00+00:00,0.559575,0.55963,0.55957,0.559645,489
2026-05-22T20:44:00+00:00,0.559625,0.55964,0.55962,0.559665,273
2026-05-22T20:45:00+00:00,0.559645,0.559625,0.559615,0.55965,175
2026-05-22T20:46:00+00:00,0.55963,0.559625,0.55961,0.559655,194
2026-05-22T20:47:00+00:00,0.55963,0.5596,0.55957,0.55964,204
2026-05-22T20:48:00+00:00,0.55959,0.559555,0.559535,0.559625,119
2026-05-22T20:49:00+00:00,0.55955,0.55959,0.559535,0.5596,129
2026-05-22T20:50:00+00:00,0.559595,0.55958,0.55957,0.559615,114
2026-05-22T20:51:00+00:00,0.559575,0.559565,0.559535,0.5596,126
2026-05-22T20:52:00+00:00,0.55956,0.559585,0.55956,0.559605,78
2026-05-22T20:53:00+00:00,0.55959,0.559555,0.559525,0.559595,107
2026-05-22T20:54:00+00:00,0.55956,0.559625,0.55955,0.55964,133
2026-05-22T20:55:00+00:00,0.559615,0.55956,0.559515,0.559615,156
2026-05-22T20:56:00+00:00,0.559545,0.55968,0.55948,0.559705,148
2026-05-22T20:57:00+00:00,0.55967,0.55964,0.559615,0.559725,319
2026-05-22T20:58:00+00:00,0.55966,0.55964,0.559625,0.55972,113
2026-05-22T20:59:00+00:00,0.559655,0.55957,0.559375,0.559685,229
2026-05-24T21:01:00+00:00,0.55957,0.55957,0.55957,0.55957,0
2026-05-24T21:02:00+00:00,0.561435,0.56128,0.561275,0.561435,5
2026-05-24T21:03:00+00:00,0.56128,0.561295,0.561055,0.56132,8
2026-05-24T21:04:00+00:00,0.561295,0.56128,0.561265,0.561325,8
2026-05-24T21:05:00+00:00,0.56125,0.56128,0.56124,0.56128,8
2026-05-24T21:06:00+00:00,0.56128,0.56123,0.56123,0.56132,17
2026-05-24T21:07:00+00:00,0.56123,0.561305,0.56123,0.561305,3
2026-05-24T21:08:00+00:00,0.56129,0.56127,0.56127,0.561295,6
2026-05-24T21:09:00+00:00,0.56127,0.56128,0.56127,0.56128,1
2026-05-24T21:10:00+00:00,0.561295,0.561305,0.56123,0.56135,32
2026-05-24T21:11:00+00:00,0.561305,0.56123,0.56123,0.561305,5
2026-05-24T21:12:00+00:00,0.56123,0.56125,0.56123,0.561285,19
2026-05-24T21:13:00+00:00,0.56125,0.561245,0.56123,0.56129,9
2026-05-24T21:14:00+00:00,0.561245,0.561295,0.56121,0.56133,33
2026-05-24T21:15:00+00:00,0.56128,0.56126,0.561255,0.561335,19
2026-05-24T21:16:00+00:00,0.56126,0.561335,0.561245,0.561335,27
2026-05-24T21:17:00+00:00,0.561335,0.561225,0.5612,0.561335,33
2026-05-24T21:18:00+00:00,0.561225,0.56124,0.56122,0.56125,4
2026-05-24T21:19:00+00:00,0.56124,0.561235,0.561235,0.56125,2
2026-05-24T21:20:00+00:00,0.561235,0.56124,0.561235,0.561255,3
2026-05-24T21:21:00+00:00,0.56124,0.56124,0.561235,0.56126,6
2026-05-24T21:22:00+00:00,0.56124,0.561255,0.561235,0.561255,2
2026-05-24T21:23:00+00:00,0.561255,0.56134,0.561255,0.56134,4
2026-05-24T21:24:00+00:00,0.56134,0.56134,0.56134,0.56134,0
2026-05-24T21:25:00+00:00,0.56134,0.561335,0.561305,0.561365,12
2026-05-24T21:26:00+00:00,0.561335,0.5613,0.561295,0.56136,9
2026-05-24T21:27:00+00:00,0.5613,0.56135,0.561295,0.56135,7
2026-05-24T21:28:00+00:00,0.56135,0.561455,0.561345,0.561455,15
2026-05-24T21:29:00+00:00,0.561455,0.56136,0.56128,0.561455,6
2026-05-24T21:30:00+00:00,0.56136,0.561435,0.56134,0.56146,13
2026-05-24T21:31:00+00:00,0.561435,0.561325,0.56129,0.561445,32
2026-05-24T21:32:00+00:00,0.56129,0.561185,0.56118,0.56129,42
2026-05-24T21:33:00+00:00,0.561185,0.56118,0.56118,0.5612,4
2026-05-24T21:34:00+00:00,0.56118,0.561245,0.56117,0.561245,5
2026-05-24T21:35:00+00:00,0.561245,0.5612,0.561165,0.561245,17
2026-05-24T21:36:00+00:00,0.5612,0.561175,0.56115,0.5612,19
2026-05-24T21:37:00+00:00,0.561185,0.56119,0.56115,0.561315,21
2026-05-24T21:38:00+00:00,0.56119,0.56116,0.561145,0.56119,10
2026-05-24T21:39:00+00:00,0.56116,0.561175,0.561155,0.561185,10
2026-05-24T21:40:00+00:00,0.561175,0.561185,0.56116,0.561185,7
2026-05-24T21:41:00+00:00,0.561185,0.561175,0.561155,0.56119,6
2026-05-24T21:42:00+00:00,0.561175,0.561175,0.561165,0.56119,6
2026-05-24T21:43:00+00:00,0.561175,0.56118,0.56116,0.56118,17
2026-05-24T21:44:00+00:00,0.56118,0.56118,0.56115,0.561195,20
2026-05-24T21:45:00+00:00,0.561165,0.561185,0.561165,0.561185,2
2026-05-24T21:46:00+00:00,0.561185,0.561235,0.561185,0.561265,2
2026-05-24T21:47:00+00:00,0.561235,0.561185,0.56116,0.561265,27
2026-05-24T21:48:00+00:00,0.561185,0.561185,0.561125,0.56119,26
2026-05-24T21:49:00+00:00,0.561185,0.56118,0.561165,0.561185,7
2026-05-24T21:50:00+00:00,0.56118,0.56115,0.561135,0.561185,15
2026-05-24T21:51:00+00:00,0.56115,0.561105,0.561105,0.56115,9
2026-05-24T21:52:00+00:00,0.561105,0.561095,0.561095,0.561105,1
2026-05-24T21:53:00+00:00,0.561095,0.561095,0.561095,0.561095,0
2026-05-24T21:54:00+00:00,0.561095,0.5611,0.56109,0.5611,2
2026-05-24T21:55:00+00:00,0.5611,0.56115,0.561095,0.56119,23
2026-05-24T21:56:00+00:00,0.56115,0.561245,0.561045,0.56128,53
2026-05-24T21:57:00+00:00,0.561245,0.561245,0.56122,0.56125,11
2026-05-24T21:58:00+00:00,0.5612,0.561275,0.56111,0.561275,21
2026-05-24T21:59:00+00:00,0.561275,0.561305,0.561235,0.561305,7
2026-05-24T22:00:00+00:00,0.56127,0.560655,0.560385,0.56127,118
2026-05-24T22:01:00+00:00,0.56064,0.560785,0.560585,0.560845,213
2026-05-24T22:02:00+00:00,0.560775,0.56053,0.56048,0.56081,93
2026-05-24T22:03:00+00:00,0.560535,0.560585,0.56052,0.56063,75
2026-05-24T22:04:00+00:00,0.56059,0.56053,0.56051,0.560615,48
2026-05-24T22:05:00+00:00,0.560535,0.560595,0.56052,0.56062,122
2026-05-24T22:06:00+00:00,0.5606,0.56045,0.560415,0.560605,89
2026-05-24T22:07:00+00:00,0.560455,0.560305,0.56028,0.56046,29
2026-05-24T22:08:00+00:00,0.56031,0.56029,0.560255,0.56033,49
2026-05-24T22:09:00+00:00,0.56029,0.560275,0.56023,0.560295,92
2026-05-24T22:10:00+00:00,0.56027,0.560295,0.56022,0.56033,98
2026-05-24T22:11:00+00:00,0.560295,0.56033,0.560275,0.56034,66
2026-05-24T22:12:00+00:00,0.56032,0.560335,0.560305,0.560355,28
2026-05-24T22:13:00+00:00,0.560335,0.56034,0.56031,0.560355,53
2026-05-24T22:14:00+00:00,0.560335,0.56029,0.56028,0.56034,22
2026-05-24T22:15:00+00:00,0.560295,0.560325,0.56028,0.56038,80
2026-05-24T22:16:00+00:00,0.5603,0.56033,0.560275,0.56034,54
2026-05-24T22:17:00+00:00,0.560325,0.56036,0.56028,0.56039,64
2026-05-24T22:18:00+00:00,0.56036,0.56034,0.560325,0.560375,27
2026-05-24T22:19:00+00:00,0.56034,0.56032,0.560315,0.56035,25
2026-05-24T22:20:00+00:00,0.560305,0.560275,0.56026,0.560335,86
2026-05-24T22:21:00+00:00,0.56027,0.56019,0.56019,0.56027,107
2026-05-24T22:22:00+00:00,0.560195,0.560215,0.560165,0.56023,84
2026-05-24T22:23:00+00:00,0.560215,0.56018,0.560145,0.56022,104
2026-05-24T22:24:00+00:00,0.56018,0.56012,0.56011,0.560185,36
2026-05-24T22:25:00+00:00,0.56011,0.560125,0.5601,0.56014,63
2026-05-24T22:26:00+00:00,0.56013,0.56014,0.56012,0.56016,44
2026-05-24T22:27:00+00:00,0.56013,0.560095,0.56008,0.56015,111
2026-05-24T22:28:00+00:00,0.560105,0.55996,0.559955,0.56011,86
2026-05-24T22:29:00+00:00,0.55996,0.55983,0.55983,0.55997,74
2026-05-24T22:30:00+00:00,0.55982,0.559705,0.559705,0.55982,150
2026-05-24T22:31:00+00:00,0.5597,0.559675,0.559625,0.55971,102
2026-05-24T22:32:00+00:00,0.55968,0.559705,0.559645,0.55971,103
2026-05-24T22:33:00+00:00,0.5597,0.55972,0.559665,0.559735,80
2026-05-24T22:34:00+00:00,0.55972,0.559765,0.559715,0.55982,56
2026-05-24T22:35:00+00:00,0.559765,0.559765,0.559725,0.559785,84
2026-05-24T22:36:00+00:00,0.55977,0.55976,0.5597,0.55978,122
2026-05-24T22:37:00+00:00,0.559765,0.559805,0.559735,0.55981,89
2026-05-24T22:38:00+00:00,0.5598,0.55978,0.559765,0.559825,70
2026-05-24T22:39:00+00:00,0.559775,0.559745,0.559745,0.559795,69
2026-05-24T22:40:00+00:00,0.55974,0.559745,0.55974,0.559775,70
2026-05-24T22:41:00+00:00,0.559745,0.559715,0.5597,0.55976,113
2026-05-24T22:42:00+00:00,0.559715,0.55971,0.5597,0.559745,65
2026-05-24T22:43:00+00:00,0.559715,0.55966,0.559625,0.559715,116
2026-05-24T22:44:00+00:00,0.55965,0.559685,0.559635,0.559685,68
2026-05-24T22:45:00+00:00,0.559675,0.559695,0.559675,0.55971,70
2026-05-24T22:46:00+00:00,0.55969,0.559695,0.559665,0.55973,127
2026-05-24T22:47:00+00:00,0.55969,0.559745,0.559675,0.559795,110
2026-05-24T22:48:00+00:00,0.55975,0.5598,0.559745,0.559815,59
2026-05-24T22:49:00+00:00,0.559805,0.55987,0.559765,0.55988,97
2026-05-24T22:50:00+00:00,0.55987,0.55988,0.55985,0.55989,75
2026-05-24T22:51:00+00:00,0.55988,0.559885,0.55986,0.559905,47
2026-05-24T22:52:00+00:00,0.559885,0.55989,0.55986,0.5599,66
2026-05-24T22:53:00+00:00,0.55989,0.55992,0.55989,0.559935,73
2026-05-24T22:54:00+00:00,0.559915,0.5599,0.559885,0.55993,73
2026-05-24T22:55:00+00:00,0.559895,0.55988,0.55985,0.559935,55
2026-05-24T22:56:00+00:00,0.559865,0.55977,0.55977,0.55987,38
2026-05-24T22:57:00+00:00,0.559775,0.559815,0.55977,0.559825,33
2026-05-24T22:58:00+00:00,0.559815,0.55981,0.559805,0.55983,25
2026-05-24T22:59:00+00:00,0.559805,0.55978,0.55977,0.55981,30
2026-05-24T23:00:00+00:00,0.559785,0.559955,0.559785,0.559975,105
2026-05-24T23:01:00+00:00,0.55995,0.559865,0.559865,0.559975,61
2026-05-24T23:02:00+00:00,0.55987,0.559835,0.559835,0.55988,33
2026-05-24T23:03:00+00:00,0.55984,0.559845,0.55984,0.559875,53
2026-05-24T23:04:00+00:00,0.559835,0.55987,0.559815,0.55987,45
2026-05-24T23:05:00+00:00,0.559855,0.559915,0.559845,0.559915,71
2026-05-24T23:06:00+00:00,0.559915,0.559895,0.559885,0.559955,20
2026-05-24T23:07:00+00:00,0.559895,0.559895,0.559875,0.559915,45
2026-05-24T23:08:00+00:00,0.559895,0.55991,0.55989,0.55991,16
2026-05-24T23:09:00+00:00,0.55991,0.559875,0.559855,0.55991,36
2026-05-24T23:10:00+00:00,0.55987,0.559875,0.55986,0.559915,42
2026-05-24T23:11:00+00:00,0.55988,0.559875,0.55985,0.55989,40
2026-05-24T23:12:00+00:00,0.559875,0.55988,0.55985,0.55989,24
2026-05-24T23:13:00+00:00,0.55988,0.55986,0.559845,0.559885,32
2026-05-24T23:14:00+00:00,0.55986,0.55986,0.559835,0.55986,30
2026-05-24T23:15:00+00:00,0.559855,0.559845,0.559835,0.55987,20
2026-05-24T23:16:00+00:00,0.559845,0.559835,0.559825,0.559845,8
2026-05-24T23:17:00+00:00,0.559835,0.559845,0.559835,0.559855,26
2026-05-24T23:18:00+00:00,0.55985,0.559875,0.55985,0.559875,18
2026-05-24T23:19:00+00:00,0.559865,0.559865,0.559845,0.55987,31
2026-05-24T23:20:00+00:00,0.559865,0.559845,0.559835,0.559865,24
2026-05-24T23:21:00+00:00,0.559845,0.55982,0.55982,0.55985,19
2026-05-24T23:22:00+00:00,0.55982,0.5598,0.559785,0.559825,26
2026-05-24T23:23:00+00:00,0.559805,0.55987,0.559805,0.55989,55
2026-05-24T23:24:00+00:00,0.559875,0.559865,0.559855,0.55988,36
2026-05-24T23:25:00+00:00,0.559865,0.559785,0.559775,0.55988,33
2026-05-24T23:26:00+00:00,0.559795,0.55981,0.559775,0.55981,18
2026-05-24T23:27:00+00:00,0.55981,0.559845,0.559805,0.559865,15
2026-05-24T23:28:00+00:00,0.559845,0.559865,0.559835,0.559875,20
2026-05-24T23:29:00+00:00,0.559855,0.559835,0.55982,0.559865,36
2026-05-24T23:30:00+00:00,0.559825,0.559815,0.55979,0.559835,42
2026-05-24T23:31:00+00:00,0.559815,0.559865,0.559815,0.559885,37
2026-05-24T23:32:00+00:00,0.559875,0.559905,0.559865,0.559925,30
2026-05-24T23:33:00+00:00,0.559905,0.559935,0.559885,0.559935,16
2026-05-24T23:34:00+00:00,0.559925,0.559915,0.559885,0.559965,57
2026-05-24T23:35:00+00:00,0.559915,0.559965,0.559915,0.55997,83
2026-05-24T23:36:00+00:00,0.559965,0.559975,0.559955,0.559975,17
2026-05-24T23:37:00+00:00,0.559975,0.559965,0.55991,0.559975,34
2026-05-24T23:38:00+00:00,0.559965,0.559945,0.559945,0.559975,39
2026-05-24T23:39:00+00:00,0.559945,0.559955,0.55991,0.559955,32
2026-05-24T23:40:00+00:00,0.559955,0.559945,0.55993,0.559955,47
2026-05-24T23:41:00+00:00,0.559945,0.559925,0.559915,0.559955,55
2026-05-24T23:42:00+00:00,0.559915,0.55993,0.5599,0.55994,50
2026-05-24T23:43:00+00:00,0.55993,0.559955,0.559925,0.55996,83
2026-05-24T23:44:00+00:00,0.55995,0.559975,0.55993,0.559975,33
2026-05-24T23:45:00+00:00,0.559965,0.559955,0.559925,0.559985,93
2026-05-24T23:46:00+00:00,0.55995,0.559955,0.559935,0.559995,57
2026-05-24T23:47:00+00:00,0.559965,0.559935,0.55993,0.559965,43
2026-05-24T23:48:00+00:00,0.559935,0.559905,0.559905,0.559975,63
2026-05-24T23:49:00+00:00,0.559905,0.559865,0.55986,0.559915,50
2026-05-24T23:50:00+00:00,0.55987,0.559805,0.559795,0.55987,101
2026-05-24T23:51:00+00:00,0.559805,0.559845,0.559805,0.559865,95
2026-05-24T23:52:00+00:00,0.55985,0.559845,0.559825,0.55988,91
2026-05-24T23:53:00+00:00,0.55984,0.559895,0.55984,0.559915,86
2026-05-24T23:54:00+00:00,0.559895,0.559875,0.559855,0.559895,73
2026-05-24T23:55:00+00:00,0.55988,0.55989,0.55986,0.559905,50
2026-05-24T23:56:00+00:00,0.559885,0.55984,0.559835,0.559885,39
2026-05-24T23:57:00+00:00,0.559835,0.55985,0.559805,0.559865,101
2026-05-24T23:58:00+00:00,0.559855,0.55986,0.559835,0.559885,129
2026-05-24T23:59:00+00:00,0.559855,0.559895,0.559855,0.5599,123
2026-05-25T00:00:00+00:00,0.55989,0.559885,0.55981,0.559945,213
2026-05-25T00:01:00+00:00,0.559895,0.559845,0.559805,0.559895,115
2026-05-25T00:02:00+00:00,0.559845,0.559825,0.559775,0.559845,83
2026-05-25T00:03:00+00:00,0.559825,0.55975,0.559715,0.55987,111
2026-05-25T00:04:00+00:00,0.55975,0.55977,0.559715,0.559785,43
2026-05-25T00:05:00+00:00,0.55978,0.559815,0.559775,0.559835,40
2026-05-25T00:06:00+00:00,0.559805,0.559925,0.559805,0.559925,67
2026-05-25T00:07:00+00:00,0.559925,0.559965,0.559905,0.559985,33
2026-05-25T00:08:00+00:00,0.559975,0.559965,0.559935,0.55998,46
2026-05-25T00:09:00+00:00,0.55997,0.56001,0.559955,0.560015,40
2026-05-25T00:10:00+00:00,0.560005,0.56003,0.560005,0.560055,67
2026-05-25T00:11:00+00:00,0.560035,0.559915,0.559895,0.560035,101
2026-05-25T00:12:00+00:00,0.559905,0.559945,0.559905,0.559955,52
2026-05-25T00:13:00+00:00,0.55994,0.559935,0.559915,0.559955,76
2026-05-25T00:14:00+00:00,0.55993,0.559955,0.55993,0.559975,46
2026-05-25T00:15:00+00:00,0.55995,0.559935,0.559925,0.559985,85
2026-05-25T00:16:00+00:00,0.55994,0.559925,0.559915,0.559975,82
2026-05-25T00:17:00+00:00,0.55993,0.559855,0.559835,0.559935,60
2026-05-25T00:18:00+00:00,0.559855,0.559895,0.559855,0.559915,52
2026-05-25T00:19:00+00:00,0.5599,0.559875,0.559855,0.559905,75
2026-05-25T00:20:00+00:00,0.559885,0.559985,0.55987,0.559985,36
2026-05-25T00:21:00+00:00,0.55998,0.560015,0.559975,0.560025,44
2026-05-25T00:22:00+00:00,0.56002,0.560055,0.560015,0.5601,65
2026-05-25T00:23:00+00:00,0.56005,0.560065,0.56003,0.56008,78
2026-05-25T00:24:00+00:00,0.560065,0.560125,0.560055,0.560135,59
2026-05-25T00:25:00+00:00,0.560125,0.56003,0.56003,0.56015,64
2026-05-25T00:26:00+00:00,0.560035,0.560085,0.560005,0.560085,99
2026-05-25T00:27:00+00:00,0.56009,0.56008,0.56007,0.560115,51
2026-05-25T00:28:00+00:00,0.560085,0.560105,0.560075,0.560125,68
2026-05-25T00:29:00+00:00,0.56011,0.56016,0.560095,0.560165,77
2026-05-25T00:30:00+00:00,0.560155,0.560155,0.560135,0.560195,132
2026-05-25T00:31:00+00:00,0.560155,0.56009,0.56009,0.560155,71
2026-05-25T00:32:00+00:00,0.5601,0.560055,0.560055,0.560105,34
2026-05-25T00:33:00+00:00,0.560055,0.56,0.55997,0.56006,63
2026-05-25T00:34:00+00:00,0.560005,0.559995,0.559975,0.560015,38
2026-05-25T00:35:00+00:00,0.559995,0.560065,0.559995,0.560065,50
2026-05-25T00:36:00+00:00,0.560075,0.560065,0.560035,0.56008,102
2026-05-25T00:37:00+00:00,0.560075,0.560105,0.560055,0.560115,39
2026-05-25T00:38:00+00:00,0.560105,0.560105,0.560055,0.560115,44
2026-05-25T00:39:00+00:00,0.560105,0.560125,0.560095,0.560135,37
2026-05-25T00:40:00+00:00,0.560115,0.560065,0.560035,0.560115,39
2026-05-25T00:41:00+00:00,0.560065,0.56005,0.56005,0.560075,20
2026-05-25T00:42:00+00:00,0.560055,0.560045,0.56002,0.560055,48
2026-05-25T00:43:00+00:00,0.560055,0.56,0.56,0.560065,44
2026-05-25T00:44:00+00:00,0.560005,0.560015,0.559975,0.560015,42
2026-05-25T00:45:00+00:00,0.56001,0.560015,0.559985,0.560025,77
2026-05-25T00:46:00+00:00,0.560025,0.560005,0.56,0.560025,54
2026-05-25T00:47:00+00:00,0.56001,0.56002,0.559985,0.56002,61
2026-05-25T00:48:00+00:00,0.560015,0.560065,0.56001,0.560065,78
2026-05-25T00:49:00+00:00,0.560055,0.56003,0.56002,0.560105,252
2026-05-25T00:50:00+00:00,0.560035,0.55996,0.559945,0.560055,129
2026-05-25T00:51:00+00:00,0.559965,0.560025,0.559955,0.560035,103
2026-05-25T00:52:00+00:00,0.56003,0.560095,0.560025,0.560105,81
2026-05-25T00:53:00+00:00,0.560095,0.56008,0.560075,0.560115,68
2026-05-25T00:54:00+00:00,0.560085,0.560055,0.56002,0.560095,135
2026-05-25T00:55:00+00:00,0.56005,0.560085,0.560015,0.560145,185
2026-05-25T00:56:00+00:00,0.56008,0.56012,0.56007,0.560145,140
2026-05-25T00:57:00+00:00,0.560125,0.56009,0.560075,0.56018,163
2026-05-25T00:58:00+00:00,0.560085,0.56007,0.560025,0.560135,199
2026-05-25T00:59:00+00:00,0.560075,0.560105,0.560065,0.56012,173
2026-05-25T01:00:00+00:00,0.56011,0.56017,0.560085,0.5602,369
2026-05-25T01:01:00+00:00,0.560175,0.56016,0.56011,0.56018,269
2026-05-25T01:02:00+00:00,0.560155,0.560135,0.56008,0.560165,214
2026-05-25T01:03:00+00:00,0.56014,0.56021,0.560115,0.56022,157
2026-05-25T01:04:00+00:00,0.560205,0.5602,0.560165,0.56022,93
2026-05-25T01:05:00+00:00,0.560205,0.560245,0.560205,0.560275,133
2026-05-25T01:06:00+00:00,0.56024,0.5603,0.560235,0.560305,99
2026-05-25T01:07:00+00:00,0.560305,0.560295,0.56029,0.560335,110
2026-05-25T01:08:00+00:00,0.5603,0.56033,0.560295,0.560345,127
2026-05-25T01:09:00+00:00,0.56033,0.56033,0.5603,0.560355,114
2026-05-25T01:10:00+00:00,0.560335,0.56037,0.560335,0.56039,134
2026-05-25T01:11:00+00:00,0.560375,0.560465,0.560375,0.560465,120
2026-05-25T01:12:00+00:00,0.56046,0.560425,0.560425,0.56047,94
2026-05-25T01:13:00+00:00,0.56042,0.56043,0.560415,0.560475,162
2026-05-25T01:14:00+00:00,0.56043,0.560395,0.560375,0.560465,186
2026-05-25T01:15:00+00:00,0.56039,0.56035,0.56033,0.56044,204
2026-05-25T01:16:00+00:00,0.560355,0.560365,0.560305,0.560385,132
2026-05-25T01:17:00+00:00,0.560365,0.560445,0.560365,0.560455,109
2026-05-25T01:18:00+00:00,0.56044,0.56039,0.56039,0.560455,120
2026-05-25T01:19:00+00:00,0.560395,0.5604,0.560365,0.560435,123
2026-05-25T01:20:00+00:00,0.560405,0.56037,0.560345,0.560415,151
2026-05-25T01:21:00+00:00,0.560365,0.560405,0.560365,0.56043,62
2026-05-25T01:22:00+00:00,0.560405,0.56044,0.5604,0.56046,89
2026-05-25T01:23:00+00:00,0.560445,0.56036,0.560335,0.560465,119
2026-05-25T01:24:00+00:00,0.560355,0.56039,0.56035,0.560395,65
2026-05-25T01:25:00+00:00,0.560395,0.56037,0.56036,0.56042,131
2026-05-25T01:26:00+00:00,0.560375,0.560405,0.56037,0.560425,110
2026-05-25T01:27:00+00:00,0.56041,0.560465,0.560405,0.56047,88
2026-05-25T01:28:00+00:00,0.560465,0.56055,0.56046,0.56058,89
2026-05-25T01:29:00+00:00,0.560545,0.56066,0.56053,0.560665,172
2026-05-25T01:30:00+00:00,0.560655,0.560315,0.56026,0.560655,284
2026-05-25T01:31:00+00:00,0.56031,0.560415,0.56031,0.560485,196
2026-05-25T01:32:00+00:00,0.56041,0.560465,0.560395,0.56048,163
2026-05-25T01:33:00+00:00,0.56047,0.56049,0.56047,0.560545,120
2026-05-25T01:34:00+00:00,0.560485,0.560545,0.560485,0.560545,85
2026-05-25T01:35:00+00:00,0.560545,0.560605,0.560535,0.56064,114
2026-05-25T01:36:00+00:00,0.56061,0.560605,0.56058,0.560615,87
2026-05-25T01:37:00+00:00,0.560605,0.560645,0.56059,0.560685,121
2026-05-25T01:38:00+00:00,0.560635,0.560645,0.560615,0.56065,85
2026-05-25T01:39:00+00:00,0.56065,0.560635,0.560605,0.56066,81
2026-05-25T01:40:00+00:00,0.56063,0.560635,0.560605,0.56066,105
2026-05-25T01:41:00+00:00,0.56064,0.560675,0.56064,0.560715,96
2026-05-25T01:42:00+00:00,0.560665,0.560605,0.5606,0.56068,115
2026-05-25T01:43:00+00:00,0.56061,0.56061,0.560595,0.560625,81
2026-05-25T01:44:00+00:00,0.560615,0.56064,0.56061,0.560655,113
2026-05-25T01:45:00+00:00,0.560645,0.5606,0.5606,0.56066,65
2026-05-25T01:46:00+00:00,0.5606,0.560565,0.56055,0.56063,147
2026-05-25T01:47:00+00:00,0.56056,0.560575,0.560545,0.560585,77
2026-05-25T01:48:00+00:00,0.56057,0.56061,0.56055,0.56062,123
2026-05-25T01:49:00+00:00,0.560615,0.560575,0.56056,0.560615,104
2026-05-25T01:50:00+00:00,0.56057,0.56056,0.560545,0.560585,89
2026-05-25T01:51:00+00:00,0.560555,0.560565,0.560515,0.560575,93
2026-05-25T01:52:00+00:00,0.560565,0.56052,0.56051,0.56057,82
2026-05-25T01:53:00+00:00,0.560525,0.560515,0.5605,0.56053,73
2026-05-25T01:54:00+00:00,0.560525,0.5605,0.560485,0.560535,72
2026-05-25T01:55:00+00:00,0.5605,0.560515,0.5605,0.560545,74
2026-05-25T01:56:00+00:00,0.56052,0.560485,0.56047,0.560535,67
2026-05-25T01:57:00+00:00,0.560485,0.560435,0.560425,0.560495,75
2026-05-25T01:58:00+00:00,0.56043,0.56049,0.560425,0.560495,109
2026-05-25T01:59:00+00:00,0.560485,0.5605,0.56048,0.560505,67
2026-05-25T02:00:00+00:00,0.560505,0.56053,0.560505,0.56055,101
2026-05-25T02:01:00+00:00,0.560535,0.560575,0.560525,0.560575,59
2026-05-25T02:02:00+00:00,0.56057,0.56057,0.56055,0.560585,77
2026-05-25T02:03:00+00:00,0.56057,0.56054,0.560535,0.560575,58
2026-05-25T02:04:00+00:00,0.56054,0.560535,0.560515,0.560555,58
2026-05-25T02:05:00+00:00,0.56053,0.56052,0.56051,0.560535,99
2026-05-25T02:06:00+00:00,0.560525,0.5606,0.560505,0.560615,119
2026-05-25T02:07:00+00:00,0.560605,0.56067,0.56059,0.56068,137
2026-05-25T02:08:00+00:00,0.560665,0.56064,0.560605,0.560665,93
2026-05-25T02:09:00+00:00,0.56064,0.56064,0.56063,0.56069,112
2026-05-25T02:10:00+00:00,0.560635,0.56064,0.560635,0.560665,71
2026-05-25T02:11:00+00:00,0.560635,0.56052,0.56052,0.560635,113
2026-05-25T02:12:00+00:00,0.56052,0.56056,0.56051,0.560565,69
2026-05-25T02:13:00+00:00,0.56056,0.560525,0.560525,0.56058,54
2026-05-25T02:14:00+00:00,0.560525,0.560545,0.560525,0.56056,101
2026-05-25T02:15:00+00:00,0.560555,0.560535,0.56051,0.560555,86
2026-05-25T02:16:00+00:00,0.560525,0.560515,0.5605,0.560535,109
2026-05-25T02:17:00+00:00,0.56052,0.56052,0.56051,0.560525,75
2026-05-25T02:18:00+00:00,0.56052,0.560535,0.56049,0.560545,64
2026-05-25T02:19:00+00:00,0.560535,0.56053,0.560515,0.56055,72
2026-05-25T02:20:00+00:00,0.560535,0.56057,0.5605,0.56059,77
2026-05-25T02:21:00+00:00,0.56057,0.560575,0.560555,0.560585,38
2026-05-25T02:22:00+00:00,0.56058,0.56062,0.56058,0.560625,43
2026-05-25T02:23:00+00:00,0.560615,0.56069,0.56061,0.560695,70
2026-05-25T02:24:00+00:00,0.56069,0.560665,0.56065,0.5607,56
2026-05-25T02:25:00+00:00,0.56066,0.560675,0.56065,0.560685,56
2026-05-25T02:26:00+00:00,0.56067,0.560655,0.560615,0.560675,80
2026-05-25T02:27:00+00:00,0.560655,0.56063,0.56062,0.56067,60
2026-05-25T02:28:00+00:00,0.560635,0.560645,0.56061,0.560655,62
2026-05-25T02:29:00+00:00,0.560645,0.560625,0.560615,0.56065,28
2026-05-25T02:30:00+00:00,0.56062,0.56064,0.560595,0.560645,104
2026-05-25T02:31:00+00:00,0.560635,0.560625,0.56061,0.56065,68
2026-05-25T02:32:00+00:00,0.56063,0.560655,0.560605,0.560665,51
2026-05-25T02:33:00+00:00,0.56065,0.560635,0.560625,0.560675,82
2026-05-25T02:34:00+00:00,0.56063,0.5606,0.560595,0.56063,53
2026-05-25T02:35:00+00:00,0.5606,0.560595,0.56059,0.56063,79
2026-05-25T02:36:00+00:00,0.560595,0.560575,0.56057,0.560595,35
2026-05-25T02:37:00+00:00,0.560575,0.560575,0.560575,0.5606,24
2026-05-25T02:38:00+00:00,0.560575,0.56056,0.56055,0.560575,55
2026-05-25T02:39:00+00:00,0.56056,0.56052,0.560475,0.560595,77
2026-05-25T02:40:00+00:00,0.560515,0.560475,0.560435,0.56052,97
2026-05-25T02:41:00+00:00,0.56048,0.560505,0.560465,0.560505,26
2026-05-25T02:42:00+00:00,0.560505,0.56056,0.560505,0.56056,67
2026-05-25T02:43:00+00:00,0.560555,0.560565,0.56055,0.560575,30
2026-05-25T02:44:00+00:00,0.56056,0.56055,0.560545,0.560575,36
2026-05-25T02:45:00+00:00,0.56055,0.560515,0.560515,0.56055,52
2026-05-25T02:46:00+00:00,0.560515,0.560485,0.560465,0.560525,74
2026-05-25T02:47:00+00:00,0.560485,0.5605,0.560475,0.56052,99
2026-05-25T02:48:00+00:00,0.560505,0.560515,0.560475,0.56054,94
2026-05-25T02:49:00+00:00,0.56052,0.560475,0.560475,0.560525,50
2026-05-25T02:50:00+00:00,0.56047,0.560495,0.56047,0.5605,38
2026-05-25T02:51:00+00:00,0.560495,0.56044,0.56042,0.560505,54
2026-05-25T02:52:00+00:00,0.560435,0.560455,0.56043,0.560475,53
2026-05-25T02:53:00+00:00,0.56046,0.560435,0.56043,0.56046,26
2026-05-25T02:54:00+00:00,0.56044,0.56037,0.560365,0.560445,61
2026-05-25T02:55:00+00:00,0.560365,0.560345,0.560315,0.560365,60
2026-05-25T02:56:00+00:00,0.56035,0.560385,0.560335,0.56039,59
2026-05-25T02:57:00+00:00,0.56038,0.56038,0.56038,0.56041,62
2026-05-25T02:58:00+00:00,0.560385,0.56034,0.56033,0.560385,112
2026-05-25T02:59:00+00:00,0.56034,0.56034,0.560315,0.56036,102
2026-05-25T03:00:00+00:00,0.560335,0.56035,0.56033,0.56043,160
2026-05-25T03:01:00+00:00,0.560355,0.560375,0.560335,0.560385,80
2026-05-25T03:02:00+00:00,0.56038,0.56029,0.56028,0.560385,113
2026-05-25T03:03:00+00:00,0.560285,0.5603,0.560265,0.56032,105
2026-05-25T03:04:00+00:00,0.56031,0.56038,0.56025,0.56039,113
2026-05-25T03:05:00+00:00,0.560385,0.56033,0.56031,0.56039,106
2026-05-25T03:06:00+00:00,0.560335,0.560275,0.560275,0.56036,60
2026-05-25T03:07:00+00:00,0.56028,0.560245,0.56023,0.5603,104
2026-05-25T03:08:00+00:00,0.56025,0.56028,0.560245,0.56031,71
2026-05-25T03:09:00+00:00,0.56028,0.560255,0.56025,0.560295,90
2026-05-25T03:10:00+00:00,0.56025,0.560255,0.56023,0.560255,67
2026-05-25T03:11:00+00:00,0.56025,0.56029,0.560245,0.56031,70
2026-05-25T03:12:00+00:00,0.56029,0.560265,0.56026,0.560295,44
2026-05-25T03:13:00+00:00,0.56027,0.56024,0.560235,0.56028,71
2026-05-25T03:14:00+00:00,0.560235,0.56024,0.560225,0.56026,103
2026-05-25T03:15:00+00:00,0.56024,0.560255,0.56023,0.56027,64
2026-05-25T03:16:00+00:00,0.560255,0.560265,0.560225,0.56028,84
2026-05-25T03:17:00+00:00,0.56027,0.56028,0.56023,0.5603,127
2026-05-25T03:18:00+00:00,0.560275,0.5603,0.560275,0.56031,50
2026-05-25T03:19:00+00:00,0.560305,0.560285,0.56028,0.560315,66
2026-05-25T03:20:00+00:00,0.56029,0.560325,0.560285,0.560335,117
2026-05-25T03:21:00+00:00,0.56033,0.56027,0.56027,0.560335,123
2026-05-25T03:22:00+00:00,0.560265,0.560235,0.560215,0.56027,113
2026-05-25T03:23:00+00:00,0.56023,0.560215,0.56018,0.56023,56
2026-05-25T03:24:00+00:00,0.56021,0.5602,0.56019,0.560235,89
2026-05-25T03:25:00+00:00,0.560205,0.56021,0.560185,0.56022,66
2026-05-25T03:26:00+00:00,0.560215,0.560285,0.560215,0.56029,78
2026-05-25T03:27:00+00:00,0.56028,0.56031,0.560275,0.56032,86
2026-05-25T03:28:00+00:00,0.560315,0.560295,0.560275,0.56032,63
2026-05-25T03:29:00+00:00,0.56029,0.56029,0.560285,0.560305,62
2026-05-25T03:30:00+00:00,0.560295,0.56028,0.56027,0.560305,57
2026-05-25T03:31:00+00:00,0.560275,0.56023,0.560195,0.560275,116
2026-05-25T03:32:00+00:00,0.560225,0.56025,0.560205,0.56025,61
2026-05-25T03:33:00+00:00,0.56025,0.56023,0.560225,0.56026,40
2026-05-25T03:34:00+00:00,0.560225,0.56021,0.560205,0.56023,28
2026-05-25T03:35:00+00:00,0.56021,0.5602,0.56019,0.560245,151
2026-05-25T03:36:00+00:00,0.5602,0.560175,0.56016,0.5602,68
2026-05-25T03:37:00+00:00,0.560175,0.56019,0.56016,0.56019,20
2026-05-25T03:38:00+00:00,0.56019,0.560165,0.560165,0.560195,38
2026-05-25T03:39:00+00:00,0.56017,0.56009,0.56007,0.56018,99
2026-05-25T03:40:00+00:00,0.560095,0.560075,0.560075,0.560105,59
2026-05-25T03:41:00+00:00,0.560075,0.560085,0.560065,0.56009,34
2026-05-25T03:42:00+00:00,0.560085,0.56013,0.560085,0.560155,33
2026-05-25T03:43:00+00:00,0.56013,0.560125,0.56012,0.56015,26
2026-05-25T03:44:00+00:00,0.56012,0.56014,0.56011,0.56014,69
2026-05-25T03:45:00+00:00,0.560145,0.560135,0.560135,0.560165,63
2026-05-25T03:46:00+00:00,0.56014,0.5601,0.56009,0.560165,76
2026-05-25T03:47:00+00:00,0.560095,0.56013,0.560075,0.56013,81
2026-05-25T03:48:00+00:00,0.560125,0.560135,0.56011,0.56015,62
2026-05-25T03:49:00+00:00,0.560135,0.56011,0.5601,0.560135,49
2026-05-25T03:50:00+00:00,0.56011,0.56015,0.56011,0.56018,53
2026-05-25T03:51:00+00:00,0.560155,0.56017,0.560145,0.5602,59
2026-05-25T03:52:00+00:00,0.56017,0.560165,0.56015,0.56017,29
2026-05-25T03:53:00+00:00,0.56017,0.560175,0.56016,0.560175,29
2026-05-25T03:54:00+00:00,0.560175,0.560165,0.56016,0.56018,45
2026-05-25T03:55:00+00:00,0.56016,0.56018,0.560145,0.56019,50
2026-05-25T03:56:00+00:00,0.56018,0.56013,0.560095,0.56018,54
2026-05-25T03:57:00+00:00,0.56013,0.56017,0.56012,0.560175,73
2026-05-25T03:58:00+00:00,0.560165,0.56016,0.56016,0.560205,54
2026-05-25T03:59:00+00:00,0.56015,0.560165,0.56014,0.560185,55
2026-05-25T04:00:00+00:00,0.56016,0.560265,0.56016,0.560265,86
2026-05-25T04:01:00+00:00,0.56027,0.56027,0.56025,0.560285,56
2026-05-25T04:02:00+00:00,0.56027,0.560285,0.56026,0.56029,30
2026-05-25T04:03:00+00:00,0.56028,0.56032,0.560275,0.56032,46
2026-05-25T04:04:00+00:00,0.560315,0.56031,0.560305,0.56033,25
2026-05-25T04:05:00+00:00,0.560315,0.560315,0.56031,0.560335,36
2026-05-25T04:06:00+00:00,0.560315,0.56032,0.56031,0.56033,20
2026-05-25T04:07:00+00:00,0.56032,0.560335,0.5603,0.560365,58
2026-05-25T04:08:00+00:00,0.56033,0.560305,0.560295,0.56033,37
2026-05-25T04:09:00+00:00,0.560295,0.560265,0.56025,0.5603,43
2026-05-25T04:10:00+00:00,0.56027,0.56026,0.560245,0.56027,32
2026-05-25T04:11:00+00:00,0.56026,0.56022,0.56021,0.560265,66
2026-05-25T04:12:00+00:00,0.560225,0.56026,0.560215,0.560275,60
2026-05-25T04:13:00+00:00,0.560265,0.56027,0.560245,0.56027,53
2026-05-25T04:14:00+00:00,0.560265,0.56023,0.56022,0.56027,53
2026-05-25T04:15:00+00:00,0.560225,0.56023,0.56022,0.560255,63
2026-05-25T04:16:00+00:00,0.56023,0.560245,0.560225,0.56025,36
2026-05-25T04:17:00+00:00,0.56025,0.56025,0.560235,0.560255,36
2026-05-25T04:18:00+00:00,0.560255,0.56031,0.560255,0.56032,42
2026-05-25T04:19:00+00:00,0.56031,0.560265,0.560265,0.56032,20
2026-05-25T04:20:00+00:00,0.560265,0.560305,0.56023,0.560315,53
2026-05-25T04:21:00+00:00,0.5603,0.56032,0.560295,0.560345,52
2026-05-25T04:22:00+00:00,0.56032,0.56032,0.560315,0.560345,31
2026-05-25T04:23:00+00:00,0.56032,0.56033,0.56032,0.56034,19
2026-05-25T04:24:00+00:00,0.56033,0.56033,0.56032,0.560345,42
2026-05-25T04:25:00+00:00,0.56033,0.56034,0.560305,0.56035,59
2026-05-25T04:26:00+00:00,0.560345,0.560405,0.560345,0.56041,48
2026-05-25T04:27:00+00:00,0.560405,0.56043,0.5604,0.56044,24
2026-05-25T04:28:00+00:00,0.56044,0.56043,0.56042,0.56046,74
2026-05-25T04:29:00+00:00,0.560425,0.56042,0.560405,0.56044,35
2026-05-25T04:30:00+00:00,0.560425,0.5604,0.56039,0.560425,62
2026-05-25T04:31:00+00:00,0.560405,0.560425,0.560395,0.56043,80
2026-05-25T04:32:00+00:00,0.56042,0.56042,0.56039,0.56043,54
2026-05-25T04:33:00+00:00,0.56042,0.56044,0.560415,0.560445,50
2026-05-25T04:34:00+00:00,0.56044,0.56045,0.56043,0.560465,56
2026-05-25T04:35:00+00:00,0.56045,0.56048,0.56044,0.5605,70
2026-05-25T04:36:00+00:00,0.560485,0.560455,0.56045,0.56049,58
2026-05-25T04:37:00+00:00,0.56045,0.560515,0.560435,0.560515,84
2026-05-25T04:38:00+00:00,0.56052,0.56054,0.5605,0.56054,36
2026-05-25T04:39:00+00:00,0.560545,0.560555,0.560535,0.560565,26
2026-05-25T04:40:00+00:00,0.560555,0.560535,0.560525,0.56057,61
2026-05-25T04:41:00+00:00,0.560535,0.560555,0.56053,0.560555,40
2026-05-25T04:42:00+00:00,0.560555,0.560565,0.56053,0.560565,27
2026-05-25T04:43:00+00:00,0.56057,0.56056,0.560555,0.560585,31
2026-05-25T04:44:00+00:00,0.56056,0.560565,0.560545,0.560575,34
2026-05-25T04:45:00+00:00,0.560565,0.5606,0.560565,0.560605,36
2026-05-25T04:46:00+00:00,0.560605,0.56064,0.5606,0.560645,41
2026-05-25T04:47:00+00:00,0.56064,0.560625,0.56061,0.56069,80
2026-05-25T04:48:00+00:00,0.56062,0.560625,0.56058,0.56064,36
2026-05-25T04:49:00+00:00,0.560625,0.56064,0.56062,0.560645,17
2026-05-25T04:50:00+00:00,0.560635,0.560655,0.560635,0.560665,42
2026-05-25T04:51:00+00:00,0.56066,0.560595,0.560595,0.56066,66
2026-05-25T04:52:00+00:00,0.5606,0.56058,0.560565,0.560615,46
2026-05-25T04:53:00+00:00,0.560585,0.56059,0.56057,0.5606,28
2026-05-25T04:54:00+00:00,0.56059,0.560575,0.56057,0.5606,33
2026-05-25T04:55:00+00:00,0.56057,0.560585,0.560555,0.560595,56
2026-05-25T04:56:00+00:00,0.56058,0.56058,0.56056,0.5606,67
2026-05-25T04:57:00+00:00,0.560575,0.560615,0.56057,0.560665,81
2026-05-25T04:58:00+00:00,0.56062,0.56061,0.560585,0.560625,80
2026-05-25T04:59:00+00:00,0.560615,0.560555,0.56055,0.560615,63
2026-05-25T05:00:00+00:00,0.56055,0.560535,0.56051,0.560565,100
2026-05-25T05:01:00+00:00,0.560535,0.56058,0.560505,0.5606,94
2026-05-25T05:02:00+00:00,0.56058,0.560575,0.560565,0.560595,49
2026-05-25T05:03:00+00:00,0.560575,0.56057,0.56056,0.560595,66
2026-05-25T05:04:00+00:00,0.560575,0.56057,0.56056,0.56059,51
2026-05-25T05:05:00+00:00,0.56057,0.56058,0.560545,0.560585,53
2026-05-25T05:06:00+00:00,0.56058,0.56064,0.56058,0.56066,64
2026-05-25T05:07:00+00:00,0.56064,0.56062,0.56058,0.56065,75
2026-05-25T05:08:00+00:00,0.56062,0.56058,0.560565,0.56064,59
2026-05-25T05:09:00+00:00,0.560575,0.560525,0.56051,0.56058,94
2026-05-25T05:10:00+00:00,0.560525,0.56053,0.5605,0.56054,69
2026-05-25T05:11:00+00:00,0.560535,0.56055,0.56051,0.56057,102
2026-05-25T05:12:00+00:00,0.560555,0.56056,0.56052,0.56057,153
2026-05-25T05:13:00+00:00,0.560555,0.56054,0.56054,0.56056,84
2026-05-25T05:14:00+00:00,0.56054,0.56059,0.560535,0.56059,26
2026-05-25T05:15:00+00:00,0.56059,0.560595,0.56058,0.5606,42
2026-05-25T05:16:00+00:00,0.5606,0.56061,0.560595,0.560625,47
2026-05-25T05:17:00+00:00,0.560605,0.560585,0.56058,0.560635,94
2026-05-25T05:18:00+00:00,0.56058,0.56057,0.56057,0.56059,32
2026-05-25T05:19:00+00:00,0.560565,0.560545,0.56054,0.56057,32
2026-05-25T05:20:00+00:00,0.560545,0.56053,0.560525,0.560545,11
2026-05-25T05:21:00+00:00,0.56053,0.560495,0.560475,0.56053,110
2026-05-25T05:22:00+00:00,0.5605,0.5605,0.560495,0.56053,92
2026-05-25T05:23:00+00:00,0.560495,0.56049,0.56049,0.560515,24
2026-05-25T05:24:00+00:00,0.560495,0.56048,0.560465,0.5605,25
2026-05-25T05:25:00+00:00,0.560475,0.56046,0.560455,0.560495,53
2026-05-25T05:26:00+00:00,0.560465,0.56045,0.56044,0.560475,46
2026-05-25T05:27:00+00:00,0.560445,0.560445,0.56043,0.56046,49
2026-05-25T05:28:00+00:00,0.560445,0.560435,0.560435,0.560485,40
2026-05-25T05:29:00+00:00,0.56044,0.560435,0.5604,0.56044,32
2026-05-25T05:30:00+00:00,0.560435,0.560405,0.5604,0.56045,57
2026-05-25T05:31:00+00:00,0.5604,0.56043,0.560395,0.560465,68
2026-05-25T05:32:00+00:00,0.56043,0.56046,0.56043,0.56046,64
2026-05-25T05:33:00+00:00,0.56045,0.56046,0.56045,0.56048,73
2026-05-25T05:34:00+00:00,0.56046,0.56051,0.56046,0.560525,79
2026-05-25T05:35:00+00:00,0.560515,0.560495,0.56048,0.56052,51
2026-05-25T05:36:00+00:00,0.5605,0.560475,0.56046,0.5605,58
2026-05-25T05:37:00+00:00,0.560475,0.560535,0.56047,0.56054,54
2026-05-25T05:38:00+00:00,0.560535,0.56054,0.56053,0.560555,27
2026-05-25T05:39:00+00:00,0.56054,0.56054,0.56052,0.56054,26
2026-05-25T05:40:00+00:00,0.56054,0.56054,0.560525,0.560565,41
2026-05-25T05:41:00+00:00,0.560535,0.560555,0.56053,0.56056,43
2026-05-25T05:42:00+00:00,0.56055,0.56059,0.56055,0.560605,53
2026-05-25T05:43:00+00:00,0.56059,0.560555,0.56055,0.56062,46
2026-05-25T05:44:00+00:00,0.560555,0.56055,0.56053,0.56057,52
2026-05-25T05:45:00+00:00,0.560545,0.56054,0.560525,0.56057,74
2026-05-25T05:46:00+00:00,0.560545,0.560485,0.56047,0.560545,51
2026-05-25T05:47:00+00:00,0.560485,0.560525,0.56047,0.560525,36
2026-05-25T05:48:00+00:00,0.56053,0.56049,0.56048,0.56053,50
2026-05-25T05:49:00+00:00,0.560485,0.560455,0.560445,0.560505,66
2026-05-25T05:50:00+00:00,0.56045,0.560395,0.560395,0.560455,66
2026-05-25T05:51:00+00:00,0.5604,0.560385,0.56035,0.560405,69
2026-05-25T05:52:00+00:00,0.56038,0.56041,0.560375,0.560425,77
2026-05-25T05:53:00+00:00,0.56041,0.560385,0.56037,0.56042,59
2026-05-25T05:54:00+00:00,0.560385,0.560425,0.56038,0.560435,26
2026-05-25T05:55:00+00:00,0.56042,0.56042,0.560395,0.56042,72
2026-05-25T05:56:00+00:00,0.560425,0.56039,0.560385,0.56045,67
2026-05-25T05:57:00+00:00,0.560385,0.56039,0.560365,0.5604,90
2026-05-25T05:58:00+00:00,0.56039,0.560395,0.56037,0.5604,76
2026-05-25T05:59:00+00:00,0.56039,0.560425,0.56039,0.560455,91
2026-05-25T06:00:00+00:00,0.560415,0.56055,0.560375,0.56055,193
2026-05-25T06:01:00+00:00,0.56055,0.560575,0.56052,0.560575,152
2026-05-25T06:02:00+00:00,0.560575,0.56051,0.56049,0.56061,132
2026-05-25T06:03:00+00:00,0.56051,0.56055,0.560485,0.56055,68
2026-05-25T06:04:00+00:00,0.560545,0.560475,0.56047,0.56055,70
2026-05-25T06:05:00+00:00,0.56048,0.56046,0.56044,0.5605,62
2026-05-25T06:06:00+00:00,0.560465,0.5605,0.560455,0.56051,61
2026-05-25T06:07:00+00:00,0.560505,0.56052,0.560485,0.56052,52
2026-05-25T06:08:00+00:00,0.56052,0.56052,0.560515,0.56054,57
2026-05-25T06:09:00+00:00,0.56052,0.56055,0.560505,0.56055,46
2026-05-25T06:10:00+00:00,0.560555,0.560545,0.560535,0.56057,76
2026-05-25T06:11:00+00:00,0.560545,0.56048,0.56048,0.560545,48
2026-05-25T06:12:00+00:00,0.56048,0.560495,0.56048,0.560515,26
2026-05-25T06:13:00+00:00,0.560495,0.560475,0.56047,0.560505,39
2026-05-25T06:14:00+00:00,0.560475,0.560465,0.56045,0.56051,44
2026-05-25T06:15:00+00:00,0.560465,0.560395,0.560395,0.560465,55
2026-05-25T06:16:00+00:00,0.560395,0.560385,0.560375,0.560415,43
2026-05-25T06:17:00+00:00,0.56038,0.560375,0.560375,0.560405,47
2026-05-25T06:18:00+00:00,0.56038,0.56039,0.56038,0.56041,36
2026-05-25T06:19:00+00:00,0.560395,0.56037,0.56037,0.560405,25
2026-05-25T06:20:00+00:00,0.560365,0.560345,0.56034,0.560375,46
2026-05-25T06:21:00+00:00,0.56034,0.56032,0.56031,0.560345,77
2026-05-25T06:22:00+00:00,0.560315,0.560265,0.56026,0.560325,68
2026-05-25T06:23:00+00:00,0.560265,0.56028,0.560265,0.5603,54
2026-05-25T06:24:00+00:00,0.560285,0.56031,0.560285,0.56034,69
2026-05-25T06:25:00+00:00,0.56031,0.56029,0.560245,0.56031,98
2026-05-25T06:26:00+00:00,0.56029,0.56028,0.560265,0.56031,52
2026-05-25T06:27:00+00:00,0.560275,0.56029,0.560275,0.560305,64
2026-05-25T06:28:00+00:00,0.560285,0.560325,0.560285,0.560325,51
2026-05-25T06:29:00+00:00,0.56032,0.560335,0.560295,0.560335,66
2026-05-25T06:30:00+00:00,0.56033,0.5603,0.56027,0.560335,108
2026-05-25T06:31:00+00:00,0.560295,0.56033,0.560295,0.56034,68
2026-05-25T06:32:00+00:00,0.560335,0.56035,0.560315,0.560365,114
2026-05-25T06:33:00+00:00,0.56035,0.56032,0.560315,0.56038,71
2026-05-25T06:34:00+00:00,0.56032,0.56036,0.560305,0.560365,90
2026-05-25T06:35:00+00:00,0.560355,0.560305,0.56029,0.560365,71
2026-05-25T06:36:00+00:00,0.56031,0.560245,0.560235,0.560315,66
2026-05-25T06:37:00+00:00,0.560245,0.560255,0.560215,0.56027,55
2026-05-25T06:38:00+00:00,0.560255,0.560245,0.560225,0.560265,29
2026-05-25T06:39:00+00:00,0.560235,0.56025,0.560225,0.560275,71
2026-05-25T06:40:00+00:00,0.56025,0.560265,0.560225,0.560265,55
2026-05-25T06:41:00+00:00,0.56027,0.560235,0.560215,0.56027,39
2026-05-25T06:42:00+00:00,0.56024,0.560185,0.560175,0.56025,65
2026-05-25T06:43:00+00:00,0.560185,0.56013,0.560125,0.56019,56
2026-05-25T06:44:00+00:00,0.560135,0.56014,0.56012,0.560145,58
2026-05-25T06:45:00+00:00,0.560135,0.560165,0.560125,0.560175,52
2026-05-25T06:46:00+00:00,0.560165,0.56028,0.560165,0.5603,64
2026-05-25T06:47:00+00:00,0.56028,0.56025,0.56024,0.560295,95
2026-05-25T06:48:00+00:00,0.560245,0.560185,0.56016,0.56025,74
2026-05-25T06:49:00+00:00,0.560185,0.56019,0.56017,0.560215,40
2026-05-25T06:50:00+00:00,0.56019,0.560135,0.560135,0.560195,65
2026-05-25T06:51:00+00:00,0.560135,0.56013,0.560105,0.56014,85
2026-05-25T06:52:00+00:00,0.56013,0.56009,0.560055,0.56014,79
2026-05-25T06:53:00+00:00,0.56009,0.560035,0.560015,0.5601,91
2026-05-25T06:54:00+00:00,0.56004,0.56004,0.559995,0.56006,101
2026-05-25T06:55:00+00:00,0.560035,0.560075,0.559995,0.56009,110
2026-05-25T06:56:00+00:00,0.56007,0.560085,0.56006,0.560105,76
2026-05-25T06:57:00+00:00,0.56009,0.560195,0.560075,0.560215,98
2026-05-25T06:58:00+00:00,0.5602,0.560215,0.56019,0.560265,96
2026-05-25T06:59:00+00:00,0.560225,0.560145,0.560125,0.560225,69
2026-05-25T07:00:00+00:00,0.56014,0.56008,0.560065,0.560155,123
2026-05-25T07:01:00+00:00,0.560085,0.56005,0.560035,0.560095,105
2026-05-25T07:02:00+00:00,0.56005,0.560005,0.559995,0.56006,128
2026-05-25T07:03:00+00:00,0.560005,0.560065,0.560005,0.56007,82
2026-05-25T07:04:00+00:00,0.56006,0.560035,0.560025,0.56009,101
2026-05-25T07:05:00+00:00,0.56004,0.559985,0.55997,0.560055,127
2026-05-25T07:06:00+00:00,0.559985,0.559985,0.559895,0.559995,149
2026-05-25T07:07:00+00:00,0.55999,0.55994,0.55994,0.559995,110
2026-05-25T07:08:00+00:00,0.559935,0.559955,0.559935,0.559985,98
2026-05-25T07:09:00+00:00,0.559955,0.559855,0.559855,0.559955,77
2026-05-25T07:10:00+00:00,0.559865,0.559915,0.559865,0.560005,73
2026-05-25T07:11:00+00:00,0.559925,0.559925,0.559905,0.559945,87
2026-05-25T07:12:00+00:00,0.55992,0.559925,0.559905,0.559955,92
2026-05-25T07:13:00+00:00,0.55992,0.559875,0.559855,0.55992,105
2026-05-25T07:14:00+00:00,0.55987,0.559865,0.559855,0.559895,63
2026-05-25T07:15:00+00:00,0.559865,0.559825,0.559805,0.55988,64
2026-05-25T07:16:00+00:00,0.559825,0.5598,0.55978,0.55983,69
2026-05-25T07:17:00+00:00,0.5598,0.559695,0.55967,0.559805,143
2026-05-25T07:18:00+00:00,0.5597,0.559555,0.559545,0.55974,572
2026-05-25T07:19:00+00:00,0.559565,0.559595,0.559525,0.559655,260
2026-05-25T07:20:00+00:00,0.55959,0.559605,0.55956,0.559645,224
2026-05-25T07:21:00+00:00,0.5596,0.559645,0.55959,0.55967,165
2026-05-25T07:22:00+00:00,0.559655,0.559645,0.559625,0.559715,186
2026-05-25T07:23:00+00:00,0.55965,0.559645,0.559615,0.55968,97
2026-05-25T07:24:00+00:00,0.55964,0.559705,0.55963,0.559715,118
2026-05-25T07:25:00+00:00,0.559715,0.559695,0.559655,0.55972,155
2026-05-25T07:26:00+00:00,0.559705,0.559765,0.559675,0.559775,107
2026-05-25T07:27:00+00:00,0.559755,0.559845,0.559755,0.559865,131
2026-05-25T07:28:00+00:00,0.559855,0.559815,0.559795,0.559855,62
2026-05-25T07:29:00+00:00,0.559805,0.55981,0.559775,0.559825,113
2026-05-25T07:30:00+00:00,0.559805,0.559875,0.5598,0.559875,61
2026-05-25T07:31:00+00:00,0.559865,0.55992,0.559865,0.55995,101
2026-05-25T07:32:00+00:00,0.559925,0.559985,0.559885,0.559995,199
2026-05-25T07:33:00+00:00,0.55998,0.559975,0.55996,0.560065,312
2026-05-25T07:34:00+00:00,0.559985,0.559955,0.559915,0.559985,127
2026-05-25T07:35:00+00:00,0.559965,0.559965,0.559955,0.560005,95
2026-05-25T07:36:00+00:00,0.55997,0.559955,0.559925,0.559985,114
2026-05-25T07:37:00+00:00,0.559955,0.559935,0.55992,0.559975,58
2026-05-25T07:38:00+00:00,0.559935,0.559935,0.55992,0.55996,89
2026-05-25T07:39:00+00:00,0.559935,0.559935,0.559925,0.559955,45
2026-05-25T07:40:00+00:00,0.559925,0.559935,0.559915,0.559945,29
2026-05-25T07:41:00+00:00,0.559935,0.559925,0.559915,0.559965,43
2026-05-25T07:42:00+00:00,0.559935,0.559925,0.559915,0.559945,35
2026-05-25T07:43:00+00:00,0.559925,0.559935,0.559925,0.559965,58
2026-05-25T07:44:00+00:00,0.55994,0.559915,0.559915,0.559955,92
2026-05-25T07:45:00+00:00,0.559905,0.559945,0.559905,0.559955,39
2026-05-25T07:46:00+00:00,0.559955,0.55999,0.55994,0.559995,77
2026-05-25T07:47:00+00:00,0.56,0.559975,0.55996,0.560015,37
2026-05-25T07:48:00+00:00,0.559975,0.559935,0.55993,0.559995,34
2026-05-25T07:49:00+00:00,0.559935,0.559945,0.559935,0.55996,23
2026-05-25T07:50:00+00:00,0.55994,0.559895,0.559885,0.55994,50
2026-05-25T07:51:00+00:00,0.559895,0.559855,0.559855,0.5599,29
2026-05-25T07:52:00+00:00,0.559855,0.559865,0.559845,0.55989,51
2026-05-25T07:53:00+00:00,0.559865,0.559885,0.559845,0.559885,49
2026-05-25T07:54:00+00:00,0.559885,0.55988,0.559865,0.559905,40
2026-05-25T07:55:00+00:00,0.559885,0.559905,0.55988,0.559915,48
2026-05-25T07:56:00+00:00,0.559895,0.559925,0.559895,0.559935,34
2026-05-25T07:57:00+00:00,0.559925,0.559955,0.55991,0.559955,61
2026-05-25T07:58:00+00:00,0.55995,0.55995,0.559935,0.559975,80
2026-05-25T07:59:00+00:00,0.55995,0.559945,0.559935,0.559955,64
2026-05-25T08:00:00+00:00,0.55995,0.55994,0.559925,0.55997,125
2026-05-25T08:01:00+00:00,0.559935,0.559945,0.5599,0.559955,107
2026-05-25T08:02:00+00:00,0.55995,0.55993,0.559885,0.559955,159
2026-05-25T08:03:00+00:00,0.559925,0.559965,0.55991,0.56,92
2026-05-25T08:04:00+00:00,0.55996,0.559965,0.559955,0.559995,61
2026-05-25T08:05:00+00:00,0.559965,0.55995,0.559945,0.56,44
2026-05-25T08:06:00+00:00,0.559945,0.559945,0.559915,0.560005,90
2026-05-25T08:07:00+00:00,0.559945,0.55995,0.559935,0.559965,73
2026-05-25T08:08:00+00:00,0.55995,0.559915,0.559915,0.559955,57
2026-05-25T08:09:00+00:00,0.55991,0.559915,0.55989,0.55995,82
2026-05-25T08:10:00+00:00,0.55992,0.55989,0.55989,0.559935,74
2026-05-25T08:11:00+00:00,0.559895,0.559915,0.559885,0.559945,117
2026-05-25T08:12:00+00:00,0.55991,0.55988,0.559865,0.559915,73
2026-05-25T08:13:00+00:00,0.559875,0.559855,0.55984,0.559885,66
2026-05-25T08:14:00+00:00,0.55986,0.559875,0.55986,0.559885,47
2026-05-25T08:15:00+00:00,0.559875,0.55986,0.559835,0.559885,63
2026-05-25T08:16:00+00:00,0.559865,0.559875,0.559855,0.559895,45
2026-05-25T08:17:00+00:00,0.55988,0.559895,0.55988,0.559905,33
2026-05-25T08:18:00+00:00,0.5599,0.55992,0.559895,0.559925,55
2026-05-25T08:19:00+00:00,0.559925,0.559945,0.559915,0.559945,39
2026-05-25T08:20:00+00:00,0.55995,0.559945,0.55994,0.559985,79
2026-05-25T08:21:00+00:00,0.559945,0.559925,0.559915,0.559955,55
2026-05-25T08:22:00+00:00,0.55992,0.559905,0.559905,0.559935,78
2026-05-25T08:23:00+00:00,0.5599,0.55992,0.55989,0.559925,39
2026-05-25T08:24:00+00:00,0.55992,0.559955,0.55992,0.559955,29
2026-05-25T08:25:00+00:00,0.559965,0.559985,0.559945,0.559985,55
2026-05-25T08:26:00+00:00,0.559985,0.559975,0.559965,0.560005,53
2026-05-25T08:27:00+00:00,0.559975,0.560065,0.559975,0.560075,94
2026-05-25T08:28:00+00:00,0.56007,0.560055,0.560045,0.56009,50
2026-05-25T08:29:00+00:00,0.56006,0.560095,0.560045,0.560095,54
2026-05-25T08:30:00+00:00,0.56009,0.560105,0.56007,0.560125,104
2026-05-25T08:31:00+00:00,0.5601,0.560155,0.5601,0.56017,103
2026-05-25T08:32:00+00:00,0.56016,0.56024,0.56016,0.560245,90
2026-05-25T08:33:00+00:00,0.560245,0.560265,0.560225,0.560275,59
2026-05-25T08:34:00+00:00,0.56026,0.560315,0.560245,0.560335,46
2026-05-25T08:35:00+00:00,0.56032,0.560225,0.560225,0.560335,65
2026-05-25T08:36:00+00:00,0.560225,0.560195,0.560195,0.560235,38
2026-05-25T08:37:00+00:00,0.560195,0.560215,0.560185,0.560225,44
2026-05-25T08:38:00+00:00,0.560215,0.560195,0.560175,0.560215,37
2026-05-25T08:39:00+00:00,0.56019,0.560215,0.56019,0.560215,37
2026-05-25T08:40:00+00:00,0.560215,0.560225,0.560215,0.560265,82
2026-05-25T08:41:00+00:00,0.56023,0.560235,0.560185,0.560265,97
2026-05-25T08:42:00+00:00,0.56023,0.560195,0.560185,0.56023,53
2026-05-25T08:43:00+00:00,0.5602,0.56022,0.560185,0.56022,36
2026-05-25T08:44:00+00:00,0.56022,0.560275,0.560205,0.560275,34
2026-05-25T08:45:00+00:00,0.560275,0.560255,0.56022,0.560285,65
2026-05-25T08:46:00+00:00,0.560255,0.560295,0.560255,0.5603,53
2026-05-25T08:47:00+00:00,0.560295,0.560305,0.560285,0.56031,40
2026-05-25T08:48:00+00:00,0.560305,0.560325,0.560275,0.560325,49
2026-05-25T08:49:00+00:00,0.56032,0.560335,0.56031,0.560335,55
2026-05-25T08:50:00+00:00,0.560335,0.560365,0.56033,0.560375,61
2026-05-25T08:51:00+00:00,0.560365,0.560285,0.560285,0.560365,75
2026-05-25T08:52:00+00:00,0.560295,0.560225,0.560225,0.560305,47
2026-05-25T08:53:00+00:00,0.560235,0.560155,0.560155,0.560235,39
2026-05-25T08:54:00+00:00,0.560165,0.560155,0.56015,0.560185,55
2026-05-25T08:55:00+00:00,0.560155,0.560185,0.560145,0.560205,75
2026-05-25T08:56:00+00:00,0.560185,0.560175,0.560165,0.560205,34
2026-05-25T08:57:00+00:00,0.56018,0.56019,0.560165,0.5602,40
2026-05-25T08:58:00+00:00,0.560195,0.560265,0.560195,0.560275,55
2026-05-25T08:59:00+00:00,0.560255,0.560225,0.560225,0.560265,39
2026-05-25T09:00:00+00:00,0.56023,0.560245,0.56023,0.56025,34
2026-05-25T09:01:00+00:00,0.56025,0.560215,0.560195,0.56026,88
2026-05-25T09:02:00+00:00,0.560215,0.560265,0.560205,0.56027,65
2026-05-25T09:03:00+00:00,0.560265,0.560285,0.56026,0.5603,39
2026-05-25T09:04:00+00:00,0.560285,0.560295,0.560275,0.560305,33
2026-05-25T09:05:00+00:00,0.56029,0.560335,0.56027,0.56034,67
2026-05-25T09:06:00+00:00,0.560335,0.560315,0.560295,0.56035,72
2026-05-25T09:07:00+00:00,0.560315,0.560315,0.5603,0.560325,36
2026-05-25T09:08:00+00:00,0.56032,0.560325,0.560305,0.560325,51
2026-05-25T09:09:00+00:00,0.560315,0.560315,0.5603,0.560325,19
2026-05-25T09:10:00+00:00,0.56031,0.560325,0.560285,0.560325,40
2026-05-25T09:11:00+00:00,0.56032,0.560355,0.56032,0.560365,43
2026-05-25T09:12:00+00:00,0.560355,0.5602,0.560195,0.560355,69
2026-05-25T09:13:00+00:00,0.560205,0.56015,0.56012,0.560215,60
2026-05-25T09:14:00+00:00,0.56015,0.560135,0.56012,0.56016,40
2026-05-25T09:15:00+00:00,0.56014,0.560155,0.560135,0.56017,53
2026-05-25T09:16:00+00:00,0.560155,0.560095,0.560095,0.560155,86
2026-05-25T09:17:00+00:00,0.560095,0.560105,0.560085,0.56011,33
2026-05-25T09:18:00+00:00,0.56011,0.560135,0.560095,0.560135,48
2026-05-25T09:19:00+00:00,0.560135,0.560125,0.560085,0.560135,44
2026-05-25T09:20:00+00:00,0.56012,0.560105,0.560105,0.56013,59
2026-05-25T09:21:00+00:00,0.560105,0.56008,0.560075,0.560115,17
2026-05-25T09:22:00+00:00,0.560085,0.560075,0.56007,0.560095,58
2026-05-25T09:23:00+00:00,0.560075,0.56003,0.560025,0.56008,64
2026-05-25T09:24:00+00:00,0.56003,0.560035,0.56003,0.560045,30
2026-05-25T09:25:00+00:00,0.56003,0.560025,0.560025,0.56005,24
2026-05-25T09:26:00+00:00,0.560025,0.560015,0.559995,0.560035,40
2026-05-25T09:27:00+00:00,0.560015,0.56,0.55999,0.56003,50
2026-05-25T09:28:00+00:00,0.56,0.560015,0.56,0.56003,35
2026-05-25T09:29:00+00:00,0.56002,0.560055,0.560015,0.560065,39
2026-05-25T09:30:00+00:00,0.56006,0.56009,0.560045,0.56011,75
2026-05-25T09:31:00+00:00,0.560085,0.560085,0.56008,0.560115,85
2026-05-25T09:32:00+00:00,0.560085,0.560115,0.560075,0.560115,30
2026-05-25T09:33:00+00:00,0.560115,0.560115,0.560095,0.56012,45
2026-05-25T09:34:00+00:00,0.560115,0.56014,0.560115,0.560155,57
2026-05-25T09:35:00+00:00,0.56014,0.560145,0.560135,0.56016,32
2026-05-25T09:36:00+00:00,0.560145,0.56015,0.560135,0.560175,48
2026-05-25T09:37:00+00:00,0.56015,0.560145,0.56014,0.56017,38
2026-05-25T09:38:00+00:00,0.560145,0.56015,0.560145,0.560155,6
2026-05-25T09:39:00+00:00,0.56015,0.560185,0.560145,0.560195,29
2026-05-25T09:40:00+00:00,0.56018,0.560175,0.560175,0.560195,42
2026-05-25T09:41:00+00:00,0.56018,0.560225,0.56018,0.56023,43
2026-05-25T09:42:00+00:00,0.560225,0.56019,0.56019,0.560225,26
2026-05-25T09:43:00+00:00,0.560185,0.56017,0.560165,0.560185,19
2026-05-25T09:44:00+00:00,0.56017,0.560165,0.560165,0.560175,5
2026-05-25T09:45:00+00:00,0.560165,0.5602,0.560155,0.560205,43
2026-05-25T09:46:00+00:00,0.560195,0.560165,0.56015,0.560195,24
2026-05-25T09:47:00+00:00,0.560165,0.560165,0.560165,0.560175,9
2026-05-25T09:48:00+00:00,0.560165,0.560125,0.56012,0.560175,41
2026-05-25T09:49:00+00:00,0.56013,0.56012,0.56012,0.560135,21
2026-05-25T09:50:00+00:00,0.560125,0.560135,0.560115,0.560145,31
2026-05-25T09:51:00+00:00,0.560135,0.560165,0.560135,0.560165,27
2026-05-25T09:52:00+00:00,0.56017,0.56016,0.56015,0.560175,48
2026-05-25T09:53:00+00:00,0.56016,0.560185,0.56014,0.56019,24
2026-05-25T09:54:00+00:00,0.560185,0.560195,0.560165,0.560195,30
2026-05-25T09:55:00+00:00,0.560195,0.560185,0.560185,0.560205,24
2026-05-25T09:56:00+00:00,0.560185,0.560215,0.560185,0.560225,24
2026-05-25T09:57:00+00:00,0.560215,0.560195,0.560185,0.56022,25
2026-05-25T09:58:00+00:00,0.560195,0.560165,0.56016,0.5602,32
2026-05-25T09:59:00+00:00,0.560165,0.560155,0.56014,0.56018,39
2026-05-25T10:00:00+00:00,0.56015,0.560215,0.56013,0.56023,61
2026-05-25T10:01:00+00:00,0.560215,0.560175,0.560165,0.56023,65
2026-05-25T10:02:00+00:00,0.560175,0.560165,0.560155,0.560175,18
2026-05-25T10:03:00+00:00,0.560175,0.560185,0.560155,0.560185,29
2026-05-25T10:04:00+00:00,0.56018,0.560165,0.560165,0.5602,31
2026-05-25T10:05:00+00:00,0.56016,0.56017,0.56016,0.560185,32
2026-05-25T10:06:00+00:00,0.560175,0.560245,0.560175,0.560245,25
2026-05-25T10:07:00+00:00,0.560245,0.560245,0.560225,0.560245,22
2026-05-25T10:08:00+00:00,0.560245,0.56023,0.560225,0.56025,21
2026-05-25T10:09:00+00:00,0.56023,0.56021,0.560195,0.560245,29
2026-05-25T10:10:00+00:00,0.56021,0.560235,0.560185,0.560245,101
2026-05-25T10:11:00+00:00,0.560235,0.560225,0.560225,0.56025,47
2026-05-25T10:12:00+00:00,0.560225,0.560255,0.56022,0.560255,34
2026-05-25T10:13:00+00:00,0.56025,0.560225,0.56022,0.560255,55
2026-05-25T10:14:00+00:00,0.56023,0.560195,0.56019,0.560235,40
2026-05-25T10:15:00+00:00,0.560195,0.560225,0.560185,0.56023,30
2026-05-25T10:16:00+00:00,0.560225,0.560215,0.56021,0.560235,17
2026-05-25T10:17:00+00:00,0.56022,0.560195,0.56019,0.560225,27
2026-05-25T10:18:00+00:00,0.560195,0.560205,0.56017,0.560205,32
2026-05-25T10:19:00+00:00,0.5602,0.5602,0.560185,0.560205,23
2026-05-25T10:20:00+00:00,0.5602,0.560145,0.560135,0.5602,46
2026-05-25T10:21:00+00:00,0.560145,0.56016,0.56013,0.56016,64
2026-05-25T10:22:00+00:00,0.560155,0.56016,0.560145,0.560165,29
2026-05-25T10:23:00+00:00,0.56016,0.56017,0.560145,0.56019,24
2026-05-25T10:24:00+00:00,0.56017,0.56017,0.56017,0.560195,25
2026-05-25T10:25:00+00:00,0.560175,0.560165,0.560155,0.560185,38
2026-05-25T10:26:00+00:00,0.560165,0.560175,0.560155,0.560195,20
2026-05-25T10:27:00+00:00,0.56018,0.560155,0.560155,0.560185,29
2026-05-25T10:28:00+00:00,0.560165,0.560165,0.560145,0.560165,15
2026-05-25T10:29:00+00:00,0.560165,0.560145,0.560125,0.560165,20
2026-05-25T10:30:00+00:00,0.560145,0.56013,0.560115,0.560145,56
2026-05-25T10:31:00+00:00,0.56013,0.560075,0.560075,0.560135,31
2026-05-25T10:32:00+00:00,0.560075,0.560065,0.560055,0.56009,20
2026-05-25T10:33:00+00:00,0.560065,0.560045,0.560035,0.560065,19
2026-05-25T10:34:00+00:00,0.560045,0.560015,0.560015,0.560065,25
2026-05-25T10:35:00+00:00,0.560015,0.560005,0.560005,0.560035,36
2026-05-25T10:36:00+00:00,0.560015,0.55999,0.55997,0.560015,38
2026-05-25T10:37:00+00:00,0.559995,0.559975,0.55996,0.560005,38
2026-05-25T10:38:00+00:00,0.55998,0.559955,0.559955,0.55999,39
2026-05-25T10:39:00+00:00,0.559955,0.55994,0.55994,0.55997,11
2026-05-25T10:40:00+00:00,0.55994,0.559945,0.559925,0.559965,29
2026-05-25T10:41:00+00:00,0.559945,0.559925,0.559925,0.559955,65
2026-05-25T10:42:00+00:00,0.559925,0.55996,0.559925,0.55996,78
2026-05-25T10:43:00+00:00,0.559965,0.559955,0.559935,0.559965,18
2026-05-25T10:44:00+00:00,0.559955,0.559965,0.559945,0.559985,34
2026-05-25T10:45:00+00:00,0.559965,0.559985,0.55995,0.560015,57
2026-05-25T10:46:00+00:00,0.55999,0.560005,0.55999,0.56003,26
2026-05-25T10:47:00+00:00,0.560015,0.56005,0.560015,0.560055,24
2026-05-25T10:48:00+00:00,0.56005,0.560035,0.56003,0.560065,30
2026-05-25T10:49:00+00:00,0.560035,0.56001,0.560005,0.560035,18
2026-05-25T10:50:00+00:00,0.56001,0.559995,0.559995,0.560015,29
2026-05-25T10:51:00+00:00,0.56,0.559995,0.559985,0.56002,54
2026-05-25T10:52:00+00:00,0.559995,0.560045,0.559985,0.560045,51
2026-05-25T10:53:00+00:00,0.560045,0.560025,0.560025,0.560055,8
2026-05-25T10:54:00+00:00,0.560025,0.559985,0.559985,0.560045,21
2026-05-25T10:55:00+00:00,0.559985,0.559985,0.559985,0.559985,0
2026-05-25T10:56:00+00:00,0.559985,0.559975,0.559975,0.560005,28
2026-05-25T10:57:00+00:00,0.559975,0.560005,0.559975,0.560015,20
2026-05-25T10:58:00+00:00,0.560005,0.559965,0.559965,0.56001,41
2026-05-25T10:59:00+00:00,0.559965,0.560005,0.559965,0.560005,21
2026-05-25T11:00:00+00:00,0.56001,0.55999,0.55998,0.560015,52
2026-05-25T11:01:00+00:00,0.559985,0.559985,0.559985,0.56,27
2026-05-25T11:02:00+00:00,0.559985,0.559955,0.559955,0.56,46
2026-05-25T11:03:00+00:00,0.55996,0.559945,0.559935,0.559965,35
2026-05-25T11:04:00+00:00,0.55994,0.559955,0.559915,0.559955,23
2026-05-25T11:05:00+00:00,0.559955,0.559965,0.55994,0.55998,61
2026-05-25T11:06:00+00:00,0.559965,0.55994,0.559935,0.559965,29
2026-05-25T11:07:00+00:00,0.559945,0.559945,0.559935,0.559955,26
2026-05-25T11:08:00+00:00,0.559945,0.55998,0.559935,0.55998,35
2026-05-25T11:09:00+00:00,0.559975,0.56001,0.559975,0.56001,77
2026-05-25T11:10:00+00:00,0.560015,0.560045,0.560005,0.56006,45
2026-05-25T11:11:00+00:00,0.560045,0.560035,0.560025,0.560045,45
2026-05-25T11:12:00+00:00,0.56003,0.55997,0.55996,0.560045,71
2026-05-25T11:13:00+00:00,0.559965,0.56,0.55996,0.56,53
2026-05-25T11:14:00+00:00,0.559995,0.56,0.55999,0.56001,22
2026-05-25T11:15:00+00:00,0.559995,0.559995,0.55998,0.560015,52
2026-05-25T11:16:00+00:00,0.559995,0.55999,0.559975,0.56,35
2026-05-25T11:17:00+00:00,0.55999,0.55996,0.55996,0.55999,38
2026-05-25T11:18:00+00:00,0.55996,0.559985,0.559955,0.559985,46
2026-05-25T11:19:00+00:00,0.559985,0.56001,0.55998,0.56001,25
2026-05-25T11:20:00+00:00,0.56001,0.56001,0.56,0.560015,12
2026-05-25T11:21:00+00:00,0.560015,0.559995,0.55999,0.56002,33
2026-05-25T11:22:00+00:00,0.559985,0.559985,0.559975,0.560005,16
2026-05-25T11:23:00+00:00,0.55998,0.559975,0.55996,0.559995,26
2026-05-25T11:24:00+00:00,0.559975,0.56,0.559975,0.56001,28
2026-05-25T11:25:00+00:00,0.56,0.56,0.559985,0.56001,22
2026-05-25T11:26:00+00:00,0.56,0.56,0.559985,0.56001,46
2026-05-25T11:27:00+00:00,0.56,0.560015,0.55999,0.560025,29
2026-05-25T11:28:00+00:00,0.56002,0.56006,0.56002,0.560065,20
2026-05-25T11:29:00+00:00,0.56006,0.560055,0.56004,0.560065,37
2026-05-25T11:30:00+00:00,0.56006,0.560075,0.560055,0.560105,57
2026-05-25T11:31:00+00:00,0.560075,0.56008,0.560065,0.56011,69
2026-05-25T11:32:00+00:00,0.560085,0.560155,0.560075,0.560155,96
2026-05-25T11:33:00+00:00,0.560155,0.560185,0.560135,0.5602,141
2026-05-25T11:34:00+00:00,0.560185,0.560175,0.560165,0.56021,89
2026-05-25T11:35:00+00:00,0.56018,0.560205,0.560175,0.560215,50
2026-05-25T11:36:00+00:00,0.56021,0.56027,0.56021,0.560285,60
2026-05-25T11:37:00+00:00,0.560265,0.560295,0.560265,0.560305,93
2026-05-25T11:38:00+00:00,0.560295,0.560285,0.56027,0.560305,29
2026-05-25T11:39:00+00:00,0.560295,0.560305,0.560245,0.560305,57
2026-05-25T11:40:00+00:00,0.560305,0.560345,0.5603,0.56037,70
2026-05-25T11:41:00+00:00,0.560345,0.560335,0.5603,0.560355,82
2026-05-25T11:42:00+00:00,0.560335,0.56026,0.560245,0.560335,54
2026-05-25T11:43:00+00:00,0.56026,0.560265,0.56023,0.56028,91
2026-05-25T11:44:00+00:00,0.560265,0.560315,0.560265,0.560345,95
2026-05-25T11:45:00+00:00,0.56031,0.560285,0.56027,0.56032,131
2026-05-25T11:46:00+00:00,0.56029,0.56028,0.560225,0.5603,102
2026-05-25T11:47:00+00:00,0.560285,0.56027,0.560255,0.5603,76
2026-05-25T11:48:00+00:00,0.560265,0.560285,0.56025,0.5603,105
2026-05-25T11:49:00+00:00,0.56029,0.560285,0.560245,0.56029,82
2026-05-25T11:50:00+00:00,0.56028,0.560255,0.560225,0.560285,69
2026-05-25T11:51:00+00:00,0.56026,0.560245,0.56023,0.560265,57
2026-05-25T11:52:00+00:00,0.56025,0.56026,0.56024,0.560275,108
2026-05-25T11:53:00+00:00,0.560255,0.56026,0.560225,0.56026,103
2026-05-25T11:54:00+00:00,0.56026,0.56025,0.560235,0.560275,71
2026-05-25T11:55:00+00:00,0.560255,0.560235,0.56023,0.56026,86
2026-05-25T11:56:00+00:00,0.56024,0.560255,0.56023,0.560285,135
2026-05-25T11:57:00+00:00,0.56026,0.56028,0.560255,0.56031,115
2026-05-25T11:58:00+00:00,0.560285,0.56028,0.560255,0.560295,132
2026-05-25T11:59:00+00:00,0.560275,0.560225,0.560225,0.560305,83
2026-05-25T12:00:00+00:00,0.560215,0.56019,0.560165,0.560225,197
2026-05-25T12:01:00+00:00,0.560185,0.56017,0.560165,0.56021,102
2026-05-25T12:02:00+00:00,0.56017,0.56015,0.560145,0.5602,111
2026-05-25T12:03:00+00:00,0.560145,0.560185,0.560145,0.560195,79
2026-05-25T12:04:00+00:00,0.56018,0.560185,0.560165,0.560215,85
2026-05-25T12:05:00+00:00,0.56018,0.560175,0.560145,0.56018,68
2026-05-25T12:06:00+00:00,0.56017,0.56025,0.560165,0.56025,124
2026-05-25T12:07:00+00:00,0.560245,0.560205,0.560195,0.56025,83
2026-05-25T12:08:00+00:00,0.56021,0.560205,0.560185,0.56023,87
2026-05-25T12:09:00+00:00,0.56021,0.56029,0.560205,0.56029,90
2026-05-25T12:10:00+00:00,0.560285,0.560265,0.560255,0.560365,117
2026-05-25T12:11:00+00:00,0.56026,0.5603,0.56026,0.56033,82
2026-05-25T12:12:00+00:00,0.560305,0.560305,0.56029,0.560325,64
2026-05-25T12:13:00+00:00,0.5603,0.56028,0.560275,0.560315,76
2026-05-25T12:14:00+00:00,0.560285,0.560275,0.560265,0.560295,81
2026-05-25T12:15:00+00:00,0.56027,0.560265,0.560255,0.56032,76
2026-05-25T12:16:00+00:00,0.56027,0.56027,0.56025,0.560305,83
2026-05-25T12:17:00+00:00,0.56027,0.560225,0.56022,0.560275,50
2026-05-25T12:18:00+00:00,0.56022,0.56019,0.56018,0.560225,64
2026-05-25T12:19:00+00:00,0.560185,0.56016,0.56016,0.560195,52
2026-05-25T12:20:00+00:00,0.560155,0.560135,0.560115,0.560155,84
2026-05-25T12:21:00+00:00,0.560135,0.560165,0.560125,0.560175,46
2026-05-25T12:22:00+00:00,0.560165,0.560175,0.56015,0.560195,44
2026-05-25T12:23:00+00:00,0.560175,0.56017,0.56015,0.560225,248
2026-05-25T12:24:00+00:00,0.560165,0.560215,0.560155,0.56022,251
2026-05-25T12:25:00+00:00,0.56021,0.560215,0.5602,0.560245,151
2026-05-25T12:26:00+00:00,0.56021,0.560245,0.560205,0.56025,103
2026-05-25T12:27:00+00:00,0.56024,0.560205,0.560205,0.56024,112
2026-05-25T12:28:00+00:00,0.5602,0.560245,0.560195,0.560245,72
2026-05-25T12:29:00+00:00,0.560245,0.56025,0.56024,0.56027,145
2026-05-25T12:30:00+00:00,0.560255,0.560255,0.560245,0.56027,94
2026-05-25T12:31:00+00:00,0.560255,0.560165,0.560165,0.560265,103
2026-05-25T12:32:00+00:00,0.560165,0.560115,0.5601,0.560165,141
2026-05-25T12:33:00+00:00,0.56012,0.56014,0.56012,0.560145,93
2026-05-25T12:34:00+00:00,0.56014,0.560135,0.560115,0.56015,101
2026-05-25T12:35:00+00:00,0.56013,0.560145,0.56011,0.560145,100
2026-05-25T12:36:00+00:00,0.56014,0.560155,0.56014,0.560205,114
2026-05-25T12:37:00+00:00,0.560155,0.56016,0.56015,0.560185,48
2026-05-25T12:38:00+00:00,0.560165,0.56016,0.56014,0.56017,83
2026-05-25T12:39:00+00:00,0.56016,0.56015,0.56013,0.560165,80
2026-05-25T12:40:00+00:00,0.560145,0.560165,0.560135,0.56018,56
2026-05-25T12:41:00+00:00,0.560165,0.56022,0.560155,0.560225,55
2026-05-25T12:42:00+00:00,0.56022,0.560275,0.56021,0.56028,77
2026-05-25T12:43:00+00:00,0.560275,0.56028,0.56027,0.560295,62
2026-05-25T12:44:00+00:00,0.56028,0.560245,0.560235,0.5603,94
2026-05-25T12:45:00+00:00,0.56025,0.560175,0.56016,0.560265,262
2026-05-25T12:46:00+00:00,0.56017,0.56014,0.560125,0.560195,157
2026-05-25T12:47:00+00:00,0.560145,0.560145,0.560125,0.56017,100
2026-05-25T12:48:00+00:00,0.56014,0.56011,0.560105,0.56016,91
2026-05-25T12:49:00+00:00,0.56011,0.56011,0.5601,0.560145,75
2026-05-25T12:50:00+00:00,0.56011,0.56007,0.560045,0.56011,96
2026-05-25T12:51:00+00:00,0.560065,0.560025,0.56,0.56009,106
2026-05-25T12:52:00+00:00,0.560025,0.56003,0.56,0.56004,62
2026-05-25T12:53:00+00:00,0.560025,0.56005,0.560015,0.560075,54
2026-05-25T12:54:00+00:00,0.56005,0.560055,0.560045,0.560075,48
2026-05-25T12:55:00+00:00,0.560045,0.560005,0.55999,0.56005,41
2026-05-25T12:56:00+00:00,0.56,0.56001,0.559975,0.560025,62
2026-05-25T12:57:00+00:00,0.560015,0.56,0.559975,0.56005,98
2026-05-25T12:58:00+00:00,0.56,0.55997,0.55997,0.560025,100
2026-05-25T12:59:00+00:00,0.55998,0.56001,0.55998,0.560035,86
2026-05-25T13:00:00+00:00,0.560005,0.559965,0.55996,0.56001,142
2026-05-25T13:01:00+00:00,0.55997,0.56003,0.55997,0.560045,107
2026-05-25T13:02:00+00:00,0.560035,0.56005,0.56003,0.56007,88
2026-05-25T13:03:00+00:00,0.560055,0.56014,0.560055,0.560145,70
2026-05-25T13:04:00+00:00,0.56014,0.560125,0.560115,0.560165,95
2026-05-25T13:05:00+00:00,0.56012,0.56018,0.56012,0.560185,49
2026-05-25T13:06:00+00:00,0.560175,0.56016,0.560145,0.560175,51
2026-05-25T13:07:00+00:00,0.56017,0.56023,0.56016,0.560235,91
2026-05-25T13:08:00+00:00,0.560235,0.560245,0.56022,0.56027,74
2026-05-25T13:09:00+00:00,0.56024,0.56026,0.56022,0.560265,61
2026-05-25T13:10:00+00:00,0.560255,0.56024,0.56023,0.56027,84
2026-05-25T13:11:00+00:00,0.560235,0.560385,0.560235,0.560385,105
2026-05-25T13:12:00+00:00,0.56038,0.56032,0.560315,0.56043,123
2026-05-25T13:13:00+00:00,0.560325,0.560335,0.560325,0.560355,50
2026-05-25T13:14:00+00:00,0.560335,0.5604,0.56033,0.560405,38
2026-05-25T13:15:00+00:00,0.560395,0.560425,0.56039,0.56044,76
2026-05-25T13:16:00+00:00,0.56043,0.56048,0.560425,0.56049,81
2026-05-25T13:17:00+00:00,0.56048,0.560615,0.56048,0.560635,133
2026-05-25T13:18:00+00:00,0.56061,0.560635,0.56057,0.560635,69
2026-05-25T13:19:00+00:00,0.560635,0.56057,0.56055,0.560635,105
2026-05-25T13:20:00+00:00,0.560565,0.56059,0.56054,0.560595,49
2026-05-25T13:21:00+00:00,0.56059,0.56064,0.56058,0.560665,75
2026-05-25T13:22:00+00:00,0.56064,0.560665,0.560635,0.560705,87
2026-05-25T13:23:00+00:00,0.56066,0.560725,0.56066,0.560755,96
2026-05-25T13:24:00+00:00,0.56072,0.560785,0.56072,0.5608,78
2026-05-25T13:25:00+00:00,0.56079,0.560795,0.560785,0.56082,52
2026-05-25T13:26:00+00:00,0.56079,0.560845,0.56079,0.56086,75
2026-05-25T13:27:00+00:00,0.56084,0.56089,0.560835,0.56091,53
2026-05-25T13:28:00+00:00,0.560895,0.560935,0.56089,0.56096,88
2026-05-25T13:29:00+00:00,0.560925,0.56098,0.56092,0.560995,78
2026-05-25T13:30:00+00:00,0.560985,0.561125,0.560955,0.561125,177
2026-05-25T13:31:00+00:00,0.561125,0.5612,0.56108,0.5612,147
2026-05-25T13:32:00+00:00,0.561205,0.56135,0.561195,0.56135,126
2026-05-25T13:33:00+00:00,0.561355,0.561375,0.561295,0.561415,129
2026-05-25T13:34:00+00:00,0.56137,0.561365,0.56135,0.5614,105
2026-05-25T13:35:00+00:00,0.56136,0.561395,0.561335,0.56142,91
2026-05-25T13:36:00+00:00,0.5614,0.56143,0.56139,0.561455,85
2026-05-25T13:37:00+00:00,0.561425,0.561495,0.561415,0.5615,74
2026-05-25T13:38:00+00:00,0.56149,0.5616,0.561485,0.5616,102
2026-05-25T13:39:00+00:00,0.561595,0.561605,0.56158,0.56169,88
2026-05-25T13:40:00+00:00,0.5616,0.561545,0.561545,0.561635,103
2026-05-25T13:41:00+00:00,0.561545,0.561475,0.561445,0.561545,103
2026-05-25T13:42:00+00:00,0.561485,0.561465,0.561455,0.561595,93
2026-05-25T13:43:00+00:00,0.56147,0.561315,0.5613,0.561495,85
2026-05-25T13:44:00+00:00,0.561315,0.561275,0.561265,0.56133,66
2026-05-25T13:45:00+00:00,0.561275,0.561315,0.561275,0.561365,36
2026-05-25T13:46:00+00:00,0.56132,0.561355,0.56132,0.561415,48
2026-05-25T13:47:00+00:00,0.56136,0.561285,0.561275,0.561365,86
2026-05-25T13:48:00+00:00,0.56129,0.561285,0.56128,0.561325,60
2026-05-25T13:49:00+00:00,0.561285,0.561315,0.561275,0.561345,37
2026-05-25T13:50:00+00:00,0.56132,0.561285,0.561245,0.561325,42
2026-05-25T13:51:00+00:00,0.561285,0.561245,0.561245,0.56132,130
2026-05-25T13:52:00+00:00,0.56125,0.56132,0.561235,0.56132,98
2026-05-25T13:53:00+00:00,0.561325,0.561385,0.561315,0.56139,105
2026-05-25T13:54:00+00:00,0.56139,0.561425,0.561375,0.561425,118
2026-05-25T13:55:00+00:00,0.56143,0.561445,0.561405,0.561455,76
2026-05-25T13:56:00+00:00,0.561455,0.561475,0.561445,0.561485,103
2026-05-25T13:57:00+00:00,0.56147,0.561465,0.561425,0.56148,80
2026-05-25T13:58:00+00:00,0.56146,0.561465,0.56144,0.56149,90
2026-05-25T13:59:00+00:00,0.56147,0.561435,0.56138,0.561485,100
2026-05-25T14:00:00+00:00,0.561445,0.561575,0.561445,0.561585,105
2026-05-25T14:01:00+00:00,0.561565,0.561595,0.561525,0.561595,78
2026-05-25T14:02:00+00:00,0.5616,0.561555,0.561465,0.561615,107
2026-05-25T14:03:00+00:00,0.561555,0.561585,0.561525,0.561585,59
2026-05-25T14:04:00+00:00,0.56159,0.56156,0.561545,0.561625,75
2026-05-25T14:05:00+00:00,0.561555,0.56155,0.56154,0.5616,102
2026-05-25T14:06:00+00:00,0.561555,0.56157,0.56155,0.56158,107
2026-05-25T14:07:00+00:00,0.56157,0.561515,0.561515,0.56158,61
2026-05-25T14:08:00+00:00,0.56152,0.561535,0.561505,0.561545,54
2026-05-25T14:09:00+00:00,0.56153,0.561575,0.561525,0.561575,31
2026-05-25T14:10:00+00:00,0.56158,0.561645,0.561565,0.561645,49
2026-05-25T14:11:00+00:00,0.56165,0.561625,0.561615,0.561655,32
2026-05-25T14:12:00+00:00,0.561625,0.561595,0.561565,0.561635,44
2026-05-25T14:13:00+00:00,0.561605,0.561605,0.561585,0.56164,46
2026-05-25T14:14:00+00:00,0.561605,0.561615,0.561605,0.561625,35
2026-05-25T14:15:00+00:00,0.561615,0.561615,0.561615,0.561635,36
2026-05-25T14:16:00+00:00,0.561605,0.561605,0.561585,0.56162,81
2026-05-25T14:17:00+00:00,0.5616,0.56162,0.561585,0.56164,46
2026-05-25T14:18:00+00:00,0.561625,0.56166,0.561615,0.56166,56
2026-05-25T14:19:00+00:00,0.561655,0.56164,0.561615,0.561665,57
2026-05-25T14:20:00+00:00,0.561635,0.56167,0.561605,0.56169,123
2026-05-25T14:21:00+00:00,0.561675,0.561655,0.561645,0.561685,63
2026-05-25T14:22:00+00:00,0.561665,0.561665,0.56166,0.56169,69
2026-05-25T14:23:00+00:00,0.56166,0.561685,0.561655,0.56169,57
2026-05-25T14:24:00+00:00,0.56168,0.56169,0.561655,0.56169,56
2026-05-25T14:25:00+00:00,0.561685,0.56168,0.56166,0.561695,57
2026-05-25T14:26:00+00:00,0.561675,0.56167,0.561665,0.5617,47
2026-05-25T14:27:00+00:00,0.561665,0.56167,0.56166,0.561675,54
2026-05-25T14:28:00+00:00,0.561665,0.56167,0.56165,0.561675,79
2026-05-25T14:29:00+00:00,0.561665,0.56166,0.561615,0.56167,53
2026-05-25T14:30:00+00:00,0.56166,0.56165,0.561625,0.56168,89
2026-05-25T14:31:00+00:00,0.56165,0.561725,0.56164,0.561725,101
2026-05-25T14:32:00+00:00,0.56172,0.56168,0.56168,0.56172,76
2026-05-25T14:33:00+00:00,0.561685,0.56169,0.56168,0.561715,38
2026-05-25T14:34:00+00:00,0.56169,0.56165,0.561635,0.5617,67
2026-05-25T14:35:00+00:00,0.561645,0.56162,0.56159,0.561655,70
2026-05-25T14:36:00+00:00,0.561625,0.561655,0.56162,0.561665,76
2026-05-25T14:37:00+00:00,0.561655,0.56165,0.56163,0.56167,68
2026-05-25T14:38:00+00:00,0.56165,0.561615,0.56161,0.56166,57
2026-05-25T14:39:00+00:00,0.56161,0.5616,0.56157,0.561625,45
2026-05-25T14:40:00+00:00,0.561605,0.561595,0.56159,0.561615,29
2026-05-25T14:41:00+00:00,0.561595,0.561645,0.561575,0.561645,37
2026-05-25T14:42:00+00:00,0.561645,0.561665,0.561605,0.561665,32
2026-05-25T14:43:00+00:00,0.561665,0.561665,0.561655,0.561675,26
2026-05-25T14:44:00+00:00,0.561665,0.561655,0.561655,0.561675,17
2026-05-25T14:45:00+00:00,0.56166,0.56163,0.561625,0.56166,28
2026-05-25T14:46:00+00:00,0.561625,0.561645,0.561625,0.561685,43
2026-05-25T14:47:00+00:00,0.561655,0.561665,0.561645,0.561685,38
2026-05-25T14:48:00+00:00,0.561665,0.561595,0.561585,0.561685,37
2026-05-25T14:49:00+00:00,0.561585,0.561585,0.561585,0.561625,38
2026-05-25T14:50:00+00:00,0.56159,0.561605,0.561585,0.561645,56
2026-05-25T14:51:00+00:00,0.56161,0.56166,0.561605,0.561665,38
2026-05-25T14:52:00+00:00,0.561665,0.561625,0.561615,0.561665,38
2026-05-25T14:53:00+00:00,0.56163,0.561645,0.56161,0.561655,34
2026-05-25T14:54:00+00:00,0.561645,0.561665,0.561625,0.56167,82
2026-05-25T14:55:00+00:00,0.56167,0.56173,0.561655,0.56176,137
2026-05-25T14:56:00+00:00,0.56174,0.561785,0.56171,0.561785,104
2026-05-25T14:57:00+00:00,0.56179,0.562035,0.561755,0.56204,233
2026-05-25T14:58:00+00:00,0.56203,0.562105,0.56199,0.56211,201
2026-05-25T14:59:00+00:00,0.5621,0.562065,0.562055,0.562125,128
2026-05-25T15:00:00+00:00,0.56206,0.56205,0.56201,0.562075,116
2026-05-25T15:01:00+00:00,0.562055,0.56201,0.561975,0.562085,148
2026-05-25T15:02:00+00:00,0.56201,0.56213,0.56198,0.56213,234
2026-05-25T15:03:00+00:00,0.56212,0.56209,0.562065,0.562165,88
2026-05-25T15:04:00+00:00,0.562085,0.562155,0.56207,0.562175,80
2026-05-25T15:05:00+00:00,0.56216,0.562205,0.56216,0.56224,114
2026-05-25T15:06:00+00:00,0.5622,0.562145,0.56211,0.5622,95
2026-05-25T15:07:00+00:00,0.562145,0.56218,0.562125,0.56219,80
2026-05-25T15:08:00+00:00,0.562175,0.562135,0.562135,0.562185,89
2026-05-25T15:09:00+00:00,0.56214,0.562115,0.562115,0.562155,64
2026-05-25T15:10:00+00:00,0.562125,0.562185,0.56207,0.56221,320
2026-05-25T15:11:00+00:00,0.56219,0.56216,0.562115,0.5622,541
2026-05-25T15:12:00+00:00,0.562155,0.562065,0.56204,0.562175,349
2026-05-25T15:13:00+00:00,0.56207,0.56204,0.56202,0.562075,156
2026-05-25T15:14:00+00:00,0.562035,0.561935,0.561935,0.562085,184
2026-05-25T15:15:00+00:00,0.56194,0.56188,0.561865,0.561945,186
2026-05-25T15:16:00+00:00,0.561885,0.56185,0.56182,0.5619,145
2026-05-25T15:17:00+00:00,0.56185,0.56183,0.561775,0.561855,126
2026-05-25T15:18:00+00:00,0.561835,0.56186,0.561835,0.56189,88
2026-05-25T15:19:00+00:00,0.56186,0.561885,0.56183,0.561885,69
2026-05-25T15:20:00+00:00,0.56188,0.561875,0.561855,0.56189,88
2026-05-25T15:21:00+00:00,0.56188,0.561845,0.561835,0.5619,75
2026-05-25T15:22:00+00:00,0.56184,0.561825,0.561825,0.56185,23
2026-05-25T15:23:00+00:00,0.56183,0.561835,0.561815,0.56185,61
2026-05-25T15:24:00+00:00,0.56183,0.5618,0.56179,0.561835,101
2026-05-25T15:25:00+00:00,0.561795,0.561805,0.561785,0.561815,87
2026-05-25T15:26:00+00:00,0.561805,0.5618,0.56177,0.561835,175
2026-05-25T15:27:00+00:00,0.561795,0.561815,0.56177,0.561815,86
2026-05-25T15:28:00+00:00,0.56182,0.5618,0.561795,0.561835,76
2026-05-25T15:29:00+00:00,0.561805,0.561765,0.56175,0.561815,115
2026-05-25T15:30:00+00:00,0.56176,0.56174,0.56172,0.561765,69
2026-05-25T15:31:00+00:00,0.561735,0.561775,0.56172,0.56178,80
2026-05-25T15:32:00+00:00,0.56177,0.56176,0.56176,0.561795,41
2026-05-25T15:33:00+00:00,0.561765,0.56177,0.56176,0.5618,86
2026-05-25T15:34:00+00:00,0.56177,0.56176,0.561755,0.56179,45
2026-05-25T15:35:00+00:00,0.561765,0.56177,0.561745,0.56178,55
2026-05-25T15:36:00+00:00,0.561775,0.561785,0.56177,0.5618,28
2026-05-25T15:37:00+00:00,0.561785,0.56177,0.561755,0.561785,46
2026-05-25T15:38:00+00:00,0.561775,0.56175,0.561745,0.56181,32
2026-05-25T15:39:00+00:00,0.56175,0.56169,0.561685,0.56175,23
2026-05-25T15:40:00+00:00,0.561695,0.56174,0.561695,0.561745,40
2026-05-25T15:41:00+00:00,0.56174,0.561705,0.561675,0.56174,71
2026-05-25T15:42:00+00:00,0.56171,0.56173,0.56169,0.56174,57
2026-05-25T15:43:00+00:00,0.56173,0.56172,0.561705,0.56173,21
2026-05-25T15:44:00+00:00,0.561725,0.56172,0.56171,0.56174,48
2026-05-25T15:45:00+00:00,0.561715,0.56175,0.561715,0.56176,28
2026-05-25T15:46:00+00:00,0.56175,0.56173,0.56173,0.56177,57
2026-05-25T15:47:00+00:00,0.561735,0.56176,0.56173,0.56176,39
2026-05-25T15:48:00+00:00,0.56177,0.56178,0.561755,0.561785,42
2026-05-25T15:49:00+00:00,0.56178,0.56175,0.56175,0.5618,44
2026-05-25T15:50:00+00:00,0.56175,0.561715,0.561715,0.56178,44
2026-05-25T15:51:00+00:00,0.56171,0.56169,0.56169,0.56172,30
2026-05-25T15:52:00+00:00,0.56169,0.561675,0.561665,0.561705,39
2026-05-25T15:53:00+00:00,0.561675,0.56163,0.561625,0.561675,18
2026-05-25T15:54:00+00:00,0.56163,0.56164,0.56163,0.561645,9
2026-05-25T15:55:00+00:00,0.561635,0.56162,0.56162,0.56164,31
2026-05-25T15:56:00+00:00,0.56162,0.5616,0.5616,0.561625,25
2026-05-25T15:57:00+00:00,0.561595,0.56157,0.561565,0.561595,41
2026-05-25T15:58:00+00:00,0.561565,0.56151,0.56149,0.561575,60
2026-05-25T15:59:00+00:00,0.56152,0.561555,0.561505,0.56158,41
2026-05-25T16:00:00+00:00,0.56155,0.56158,0.56155,0.5616,79
2026-05-25T16:01:00+00:00,0.56158,0.561575,0.56153,0.56159,78
2026-05-25T16:02:00+00:00,0.56158,0.561615,0.56157,0.56162,57
2026-05-25T16:03:00+00:00,0.561625,0.56158,0.56158,0.561625,27
2026-05-25T16:04:00+00:00,0.56158,0.56158,0.56156,0.561585,25
2026-05-25T16:05:00+00:00,0.56158,0.561565,0.561555,0.56159,40
2026-05-25T16:06:00+00:00,0.56156,0.561565,0.56155,0.561585,42
2026-05-25T16:07:00+00:00,0.561575,0.561575,0.561565,0.561585,27
2026-05-25T16:08:00+00:00,0.561575,0.561535,0.56153,0.56158,27
2026-05-25T16:09:00+00:00,0.56154,0.56148,0.561475,0.56154,17
2026-05-25T16:10:00+00:00,0.561485,0.5615,0.561475,0.56152,92
2026-05-25T16:11:00+00:00,0.561505,0.561545,0.561505,0.56155,23
2026-05-25T16:12:00+00:00,0.561545,0.561645,0.56154,0.561655,70
2026-05-25T16:13:00+00:00,0.56164,0.561695,0.56162,0.5617,91
2026-05-25T16:14:00+00:00,0.561695,0.561695,0.561685,0.561755,51
2026-05-25T16:15:00+00:00,0.5617,0.561735,0.5617,0.56174,16
2026-05-25T16:16:00+00:00,0.561735,0.561765,0.561735,0.561775,53
2026-05-25T16:17:00+00:00,0.561765,0.56178,0.561765,0.561795,23
2026-05-25T16:18:00+00:00,0.56178,0.56174,0.561725,0.5618,53
2026-05-25T16:19:00+00:00,0.56174,0.561705,0.561685,0.56175,59
2026-05-25T16:20:00+00:00,0.56171,0.56166,0.561655,0.56171,62
2026-05-25T16:21:00+00:00,0.561655,0.561685,0.561655,0.56169,53
2026-05-25T16:22:00+00:00,0.56169,0.56171,0.561685,0.56172,45
2026-05-25T16:23:00+00:00,0.56171,0.56168,0.56167,0.561715,38
2026-05-25T16:24:00+00:00,0.561685,0.56167,0.56166,0.561695,50
2026-05-25T16:25:00+00:00,0.561665,0.56171,0.561665,0.56171,23
2026-05-25T16:26:00+00:00,0.56171,0.56171,0.561695,0.561725,31
2026-05-25T16:27:00+00:00,0.56172,0.5617,0.56169,0.561725,60
2026-05-25T16:28:00+00:00,0.56169,0.56169,0.56169,0.56169,1
2026-05-25T16:29:00+00:00,0.56169,0.561705,0.56169,0.561715,21
2026-05-25T16:30:00+00:00,0.561705,0.561685,0.561685,0.56171,24
2026-05-25T16:31:00+00:00,0.561685,0.56172,0.56168,0.56172,25
2026-05-25T16:32:00+00:00,0.561715,0.561705,0.56169,0.561715,72
2026-05-25T16:33:00+00:00,0.5617,0.561745,0.5617,0.561755,98
2026-05-25T16:34:00+00:00,0.56175,0.56175,0.561725,0.561765,108
2026-05-25T16:35:00+00:00,0.56175,0.561755,0.561735,0.56177,86
2026-05-25T16:36:00+00:00,0.561755,0.561745,0.56173,0.561755,50
2026-05-25T16:37:00+00:00,0.561745,0.56176,0.561745,0.561775,121
2026-05-25T16:38:00+00:00,0.561765,0.561785,0.56175,0.561785,44
2026-05-25T16:39:00+00:00,0.56179,0.56183,0.561785,0.56183,56
2026-05-25T16:40:00+00:00,0.561825,0.56179,0.56179,0.56183,46
2026-05-25T16:41:00+00:00,0.56179,0.561795,0.56176,0.561795,40
2026-05-25T16:42:00+00:00,0.561795,0.56181,0.561785,0.56181,21
2026-05-25T16:43:00+00:00,0.56181,0.5618,0.56177,0.56181,69
2026-05-25T16:44:00+00:00,0.561795,0.56181,0.561795,0.561815,10
2026-05-25T16:45:00+00:00,0.56181,0.561815,0.561795,0.561825,45
2026-05-25T16:46:00+00:00,0.56181,0.561795,0.56179,0.561815,14
2026-05-25T16:47:00+00:00,0.561795,0.561785,0.56177,0.561805,56
2026-05-25T16:48:00+00:00,0.56178,0.561785,0.56176,0.561795,96
2026-05-25T16:49:00+00:00,0.561785,0.56177,0.56177,0.56179,32
2026-05-25T16:50:00+00:00,0.56177,0.56174,0.56174,0.561775,85
2026-05-25T16:51:00+00:00,0.56174,0.561765,0.56174,0.561775,77
2026-05-25T16:52:00+00:00,0.56177,0.561755,0.56175,0.561785,62
2026-05-25T16:53:00+00:00,0.561755,0.56174,0.561705,0.56176,87
2026-05-25T16:54:00+00:00,0.561745,0.561735,0.561735,0.561755,45
2026-05-25T16:55:00+00:00,0.561725,0.56174,0.561725,0.56176,50
2026-05-25T16:56:00+00:00,0.561745,0.561745,0.56173,0.561765,47
2026-05-25T16:57:00+00:00,0.56174,0.56174,0.56172,0.561745,34
2026-05-25T16:58:00+00:00,0.561735,0.56174,0.561735,0.56177,38
2026-05-25T16:59:00+00:00,0.561745,0.56171,0.561705,0.56175,105
2026-05-25T17:00:00+00:00,0.561705,0.56172,0.561705,0.56174,80
2026-05-25T17:01:00+00:00,0.56172,0.56172,0.56171,0.561745,28
2026-05-25T17:02:00+00:00,0.56172,0.561745,0.561715,0.56175,11
2026-05-25T17:03:00+00:00,0.561745,0.56176,0.561745,0.56177,19
2026-05-25T17:04:00+00:00,0.56176,0.561765,0.56175,0.561765,13
2026-05-25T17:05:00+00:00,0.56177,0.561745,0.561745,0.56177,11
2026-05-25T17:06:00+00:00,0.56174,0.561715,0.561705,0.56175,26
2026-05-25T17:07:00+00:00,0.56171,0.561735,0.56171,0.561735,17
2026-05-25T17:08:00+00:00,0.561735,0.56172,0.56171,0.561735,19
2026-05-25T17:09:00+00:00,0.56172,0.56171,0.561705,0.56172,13
2026-05-25T17:10:00+00:00,0.56171,0.56171,0.561705,0.561725,19
2026-05-25T17:11:00+00:00,0.56171,0.561685,0.56168,0.56171,14
2026-05-25T17:12:00+00:00,0.561685,0.56167,0.56167,0.561695,16
2026-05-25T17:13:00+00:00,0.56167,0.56167,0.561655,0.56167,16
2026-05-25T17:14:00+00:00,0.56167,0.56166,0.561655,0.561675,22
2026-05-25T17:15:00+00:00,0.56166,0.5616,0.561575,0.56166,38
2026-05-25T17:16:00+00:00,0.5616,0.5616,0.561595,0.56162,47
2026-05-25T17:17:00+00:00,0.5616,0.56159,0.56157,0.5616,48
2026-05-25T17:18:00+00:00,0.56159,0.56163,0.56159,0.561635,34
2026-05-25T17:19:00+00:00,0.56163,0.56164,0.56163,0.561655,34
2026-05-25T17:20:00+00:00,0.561635,0.561635,0.56163,0.56164,40
2026-05-25T17:21:00+00:00,0.561635,0.56163,0.56161,0.56164,62
2026-05-25T17:22:00+00:00,0.56163,0.56161,0.5616,0.56164,21
2026-05-25T17:23:00+00:00,0.56161,0.56168,0.56161,0.56168,13
2026-05-25T17:24:00+00:00,0.56168,0.561695,0.561675,0.561715,20
2026-05-25T17:25:00+00:00,0.561695,0.56171,0.561695,0.561725,11
2026-05-25T17:26:00+00:00,0.56171,0.561715,0.5617,0.56172,44
2026-05-25T17:27:00+00:00,0.56172,0.56177,0.561715,0.56177,19
2026-05-25T17:28:00+00:00,0.561765,0.56174,0.561735,0.561775,42
2026-05-25T17:29:00+00:00,0.561745,0.56176,0.561715,0.561785,52
2026-05-25T17:30:00+00:00,0.561765,0.5618,0.56176,0.561805,28
2026-05-25T17:31:00+00:00,0.5618,0.56175,0.561745,0.5618,61
2026-05-25T17:32:00+00:00,0.56175,0.56174,0.56174,0.561755,37
2026-05-25T17:33:00+00:00,0.561735,0.561705,0.5617,0.56174,54
2026-05-25T17:34:00+00:00,0.561705,0.5617,0.561695,0.561705,21
2026-05-25T17:35:00+00:00,0.5617,0.5617,0.56169,0.561705,8
2026-05-25T17:36:00+00:00,0.5617,0.56171,0.561695,0.561715,38
2026-05-25T17:37:00+00:00,0.56171,0.5617,0.561685,0.561715,28
2026-05-25T17:38:00+00:00,0.561695,0.56171,0.561675,0.56173,36
2026-05-25T17:39:00+00:00,0.56171,0.5617,0.5617,0.56171,30
2026-05-25T17:40:00+00:00,0.5617,0.56169,0.561685,0.561705,31
2026-05-25T17:41:00+00:00,0.56169,0.56167,0.56167,0.561695,18
2026-05-25T17:42:00+00:00,0.561665,0.56163,0.56163,0.56167,26
2026-05-25T17:43:00+00:00,0.56163,0.56165,0.56163,0.56165,16
2026-05-25T17:44:00+00:00,0.561645,0.561635,0.561625,0.56165,25
2026-05-25T17:45:00+00:00,0.561635,0.561645,0.56162,0.56165,61
2026-05-25T17:46:00+00:00,0.561645,0.561645,0.561635,0.56165,15
2026-05-25T17:47:00+00:00,0.561645,0.56165,0.561635,0.561655,30
2026-05-25T17:48:00+00:00,0.56165,0.561635,0.561625,0.561665,45
2026-05-25T17:49:00+00:00,0.561635,0.561635,0.561625,0.561635,18
2026-05-25T17:50:00+00:00,0.56164,0.56162,0.56161,0.56164,33
2026-05-25T17:51:00+00:00,0.56162,0.56163,0.56161,0.56163,24
2026-05-25T17:52:00+00:00,0.56163,0.561625,0.561625,0.56163,1
2026-05-25T17:53:00+00:00,0.561625,0.561615,0.561605,0.561625,10
2026-05-25T17:54:00+00:00,0.561615,0.56161,0.56158,0.56162,32
2026-05-25T17:55:00+00:00,0.561605,0.56159,0.56159,0.561605,4
2026-05-25T17:56:00+00:00,0.561585,0.561585,0.56157,0.56159,14
2026-05-25T17:57:00+00:00,0.561585,0.5616,0.561585,0.561605,6
2026-05-25T17:58:00+00:00,0.561605,0.56161,0.561595,0.56161,11
2026-05-25T17:59:00+00:00,0.56161,0.5616,0.56159,0.561615,15
2026-05-25T18:00:00+00:00,0.561595,0.56156,0.56156,0.5616,19
2026-05-25T18:01:00+00:00,0.56156,0.561585,0.56156,0.56159,11
2026-05-25T18:02:00+00:00,0.561585,0.56159,0.561575,0.56159,17
2026-05-25T18:03:00+00:00,0.56159,0.5616,0.56159,0.561605,24
2026-05-25T18:04:00+00:00,0.5616,0.561595,0.56159,0.5616,13
2026-05-25T18:05:00+00:00,0.561595,0.561615,0.561595,0.56163,13
2026-05-25T18:06:00+00:00,0.561615,0.56162,0.56161,0.56163,9
2026-05-25T18:07:00+00:00,0.56162,0.56162,0.56162,0.56162,0
2026-05-25T18:08:00+00:00,0.56162,0.5616,0.5616,0.561625,15
2026-05-25T18:09:00+00:00,0.5616,0.561615,0.5616,0.56162,10
2026-05-25T18:10:00+00:00,0.561615,0.561605,0.561605,0.56162,23
2026-05-25T18:11:00+00:00,0.561605,0.5616,0.5616,0.561605,1
2026-05-25T18:12:00+00:00,0.5616,0.561605,0.5616,0.56161,3
2026-05-25T18:13:00+00:00,0.561605,0.56158,0.561575,0.561605,12
2026-05-25T18:14:00+00:00,0.56158,0.56158,0.561575,0.561585,4
2026-05-25T18:15:00+00:00,0.561575,0.561575,0.561575,0.56159,12
2026-05-25T18:16:00+00:00,0.561575,0.56157,0.56157,0.56158,3
2026-05-25T18:17:00+00:00,0.56157,0.56157,0.56157,0.561575,4
2026-05-25T18:18:00+00:00,0.56157,0.561565,0.561555,0.561575,20
2026-05-25T18:19:00+00:00,0.561565,0.561565,0.561555,0.561565,14
2026-05-25T18:20:00+00:00,0.561565,0.56156,0.56156,0.561565,5
2026-05-25T18:21:00+00:00,0.56156,0.56158,0.56156,0.56159,20
2026-05-25T18:22:00+00:00,0.56158,0.56155,0.56155,0.561585,9
2026-05-25T18:23:00+00:00,0.56155,0.561545,0.561535,0.56155,17
2026-05-25T18:24:00+00:00,0.561545,0.56155,0.561545,0.56155,15
2026-05-25T18:25:00+00:00,0.56155,0.561545,0.56154,0.56155,43
2026-05-25T18:26:00+00:00,0.561545,0.56154,0.561535,0.561545,15
2026-05-25T18:27:00+00:00,0.561535,0.561515,0.56151,0.56154,17
2026-05-25T18:28:00+00:00,0.561515,0.56151,0.56151,0.561525,7
2026-05-25T18:29:00+00:00,0.56151,0.56151,0.56151,0.56152,8
2026-05-25T18:30:00+00:00,0.561515,0.561525,0.56151,0.56155,17
2026-05-25T18:31:00+00:00,0.561525,0.56153,0.561515,0.56153,7
2026-05-25T18:32:00+00:00,0.56153,0.561545,0.56153,0.56155,17
2026-05-25T18:33:00+00:00,0.561545,0.561555,0.561545,0.56156,4
2026-05-25T18:34:00+00:00,0.561555,0.56155,0.56154,0.561555,7
2026-05-25T18:35:00+00:00,0.56155,0.561565,0.56154,0.56157,12
2026-05-25T18:36:00+00:00,0.561565,0.561555,0.561545,0.561565,16
2026-05-25T18:37:00+00:00,0.56155,0.561545,0.56154,0.56155,12
2026-05-25T18:38:00+00:00,0.561545,0.561545,0.56154,0.561545,10
2026-05-25T18:39:00+00:00,0.56155,0.561545,0.561545,0.56155,4
2026-05-25T18:40:00+00:00,0.561545,0.56156,0.561545,0.56157,15
2026-05-25T18:41:00+00:00,0.56156,0.561545,0.561535,0.56156,16
2026-05-25T18:42:00+00:00,0.561545,0.56153,0.56153,0.56155,22
2026-05-25T18:43:00+00:00,0.561535,0.56152,0.56151,0.56155,15
2026-05-25T18:44:00+00:00,0.56152,0.561515,0.56151,0.56152,6
2026-05-25T18:45:00+00:00,0.56152,0.56151,0.5615,0.56152,11
2026-05-25T18:46:00+00:00,0.56151,0.56149,0.56149,0.56152,20
2026-05-25T18:47:00+00:00,0.56149,0.561525,0.56149,0.561525,15
2026-05-25T18:48:00+00:00,0.561525,0.56153,0.56152,0.561535,7
2026-05-25T18:49:00+00:00,0.56153,0.56152,0.56152,0.56153,8
2026-05-25T18:50:00+00:00,0.56152,0.56154,0.56152,0.561545,12
2026-05-25T18:51:00+00:00,0.56154,0.561535,0.56153,0.561545,7
2026-05-25T18:52:00+00:00,0.561535,0.56152,0.56152,0.56155,14
2026-05-25T18:53:00+00:00,0.56152,0.561515,0.56151,0.561535,23
2026-05-25T18:54:00+00:00,0.561515,0.561515,0.5615,0.561525,18
2026-05-25T18:55:00+00:00,0.561515,0.56151,0.56149,0.561515,17
2026-05-25T18:56:00+00:00,0.56151,0.561505,0.5615,0.56151,3
2026-05-25T18:57:00+00:00,0.561505,0.56151,0.56148,0.56151,9
2026-05-25T18:58:00+00:00,0.56151,0.56151,0.561505,0.56152,12
2026-05-25T18:59:00+00:00,0.56151,0.56149,0.561485,0.56152,41
2026-05-25T19:00:00+00:00,0.561495,0.56151,0.561495,0.56152,21
2026-05-25T19:01:00+00:00,0.56151,0.56153,0.561505,0.56153,16
2026-05-25T19:02:00+00:00,0.56153,0.56152,0.56152,0.56153,12
2026-05-25T19:03:00+00:00,0.561515,0.56152,0.561505,0.561525,14
2026-05-25T19:04:00+00:00,0.56152,0.561525,0.561515,0.56153,20
2026-05-25T19:05:00+00:00,0.56153,0.561555,0.56153,0.561555,5
2026-05-25T19:06:00+00:00,0.56156,0.56158,0.56156,0.561585,21
2026-05-25T19:07:00+00:00,0.56158,0.56156,0.56156,0.561595,8
2026-05-25T19:08:00+00:00,0.56156,0.561555,0.56155,0.56158,30
2026-05-25T19:09:00+00:00,0.56156,0.561555,0.561545,0.561565,13
2026-05-25T19:10:00+00:00,0.561555,0.561565,0.561555,0.561565,12
2026-05-25T19:11:00+00:00,0.561565,0.561555,0.561555,0.56157,11
2026-05-25T19:12:00+00:00,0.561555,0.561565,0.561555,0.56157,19
2026-05-25T19:13:00+00:00,0.561565,0.561575,0.56156,0.561575,4
2026-05-25T19:14:00+00:00,0.561575,0.561575,0.56157,0.561575,4
2026-05-25T19:15:00+00:00,0.561575,0.56158,0.56157,0.56158,5
2026-05-25T19:16:00+00:00,0.561575,0.561575,0.56157,0.56158,11
2026-05-25T19:17:00+00:00,0.561575,0.561575,0.56157,0.561585,6
2026-05-25T19:18:00+00:00,0.561575,0.56155,0.56155,0.56158,9
2026-05-25T19:19:00+00:00,0.56155,0.56155,0.56155,0.561555,6
2026-05-25T19:20:00+00:00,0.56155,0.561565,0.56154,0.561565,22
2026-05-25T19:21:00+00:00,0.56156,0.561555,0.561545,0.561565,16
2026-05-25T19:22:00+00:00,0.561555,0.56155,0.561545,0.561555,11
2026-05-25T19:23:00+00:00,0.56155,0.561545,0.561535,0.56157,17
2026-05-25T19:24:00+00:00,0.561545,0.561555,0.56153,0.561555,12
2026-05-25T19:25:00+00:00,0.56155,0.56155,0.56155,0.561555,3
2026-05-25T19:26:00+00:00,0.56155,0.56155,0.561545,0.56156,5
2026-05-25T19:27:00+00:00,0.56155,0.56158,0.56155,0.56158,4
2026-05-25T19:28:00+00:00,0.56158,0.56158,0.561575,0.561585,7
2026-05-25T19:29:00+00:00,0.56158,0.561575,0.56156,0.561585,11
2026-05-25T19:30:00+00:00,0.561575,0.56158,0.561575,0.56158,5
2026-05-25T19:31:00+00:00,0.56158,0.56158,0.561575,0.56158,4
2026-05-25T19:32:00+00:00,0.56158,0.56159,0.56158,0.56159,2
2026-05-25T19:33:00+00:00,0.56159,0.56158,0.56158,0.561595,7
2026-05-25T19:34:00+00:00,0.56158,0.561585,0.56158,0.561595,17
2026-05-25T19:35:00+00:00,0.561585,0.5616,0.56158,0.56161,22
2026-05-25T19:36:00+00:00,0.5616,0.561605,0.56159,0.561605,6
2026-05-25T19:37:00+00:00,0.561605,0.56157,0.561565,0.561605,25
2026-05-25T19:38:00+00:00,0.56157,0.56158,0.56157,0.561585,15
2026-05-25T19:39:00+00:00,0.561585,0.56158,0.56158,0.561595,13
2026-05-25T19:40:00+00:00,0.561575,0.561575,0.56157,0.561585,26
2026-05-25T19:41:00+00:00,0.561575,0.56156,0.561555,0.56158,24
2026-05-25T19:42:00+00:00,0.56156,0.561545,0.56154,0.56157,23
2026-05-25T19:43:00+00:00,0.561545,0.561565,0.561535,0.561565,35
2026-05-25T19:44:00+00:00,0.561555,0.561555,0.56155,0.56156,5
2026-05-25T19:45:00+00:00,0.561555,0.56156,0.56155,0.561565,23
2026-05-25T19:46:00+00:00,0.56156,0.56156,0.56155,0.56157,24
2026-05-25T19:47:00+00:00,0.56156,0.56157,0.56156,0.561575,6
2026-05-25T19:48:00+00:00,0.56157,0.561575,0.561565,0.561585,26
2026-05-25T19:49:00+00:00,0.561575,0.561575,0.561575,0.561575,0
2026-05-25T19:50:00+00:00,0.56158,0.5616,0.561565,0.561605,33
2026-05-25T19:51:00+00:00,0.5616,0.56158,0.561575,0.5616,23
2026-05-25T19:52:00+00:00,0.56158,0.561575,0.56157,0.561585,35
2026-05-25T19:53:00+00:00,0.56158,0.56158,0.561565,0.56158,19
2026-05-25T19:54:00+00:00,0.56158,0.56158,0.561575,0.56158,4
2026-05-25T19:55:00+00:00,0.56157,0.56162,0.56157,0.561635,39
2026-05-25T19:56:00+00:00,0.561625,0.56163,0.561625,0.56164,13
2026-05-25T19:57:00+00:00,0.56163,0.56158,0.561565,0.561635,29
2026-05-25T19:58:00+00:00,0.56158,0.561575,0.561575,0.5616,39
2026-05-25T19:59:00+00:00,0.561575,0.56158,0.56157,0.56158,11
2026-05-25T20:00:00+00:00,0.56159,0.5616,0.561585,0.561615,30
2026-05-25T20:01:00+00:00,0.561595,0.5616,0.561585,0.561605,27
2026-05-25T20:02:00+00:00,0.561595,0.561605,0.561595,0.56161,10
2026-05-25T20:03:00+00:00,0.561605,0.561605,0.5616,0.56162,11
2026-05-25T20:04:00+00:00,0.561605,0.5616,0.5616,0.56161,11
2026-05-25T20:05:00+00:00,0.561605,0.56157,0.561565,0.561605,42
2026-05-25T20:06:00+00:00,0.561575,0.56158,0.561575,0.56158,2
2026-05-25T20:07:00+00:00,0.56158,0.56159,0.561575,0.561605,30
2026-05-25T20:08:00+00:00,0.56159,0.561595,0.561585,0.5616,9
2026-05-25T20:09:00+00:00,0.561595,0.56158,0.56158,0.561595,19
2026-05-25T20:10:00+00:00,0.56158,0.561595,0.56158,0.5616,23
2026-05-25T20:11:00+00:00,0.56159,0.561595,0.561585,0.5616,8
2026-05-25T20:12:00+00:00,0.561595,0.5616,0.561595,0.5616,1
2026-05-25T20:13:00+00:00,0.5616,0.561595,0.561595,0.561605,16
2026-05-25T20:14:00+00:00,0.561595,0.561585,0.561585,0.561595,2
2026-05-25T20:15:00+00:00,0.561585,0.56158,0.561575,0.5616,9
2026-05-25T20:16:00+00:00,0.56158,0.56161,0.56158,0.56161,16
2026-05-25T20:17:00+00:00,0.5616,0.56159,0.56158,0.5616,19
2026-05-25T20:18:00+00:00,0.56159,0.56162,0.56158,0.56163,19
2026-05-25T20:19:00+00:00,0.561625,0.561635,0.561625,0.56165,18
2026-05-25T20:20:00+00:00,0.561635,0.561635,0.561625,0.561635,10
2026-05-25T20:21:00+00:00,0.561635,0.561645,0.561635,0.561655,8
2026-05-25T20:22:00+00:00,0.561645,0.561645,0.56164,0.56166,7
2026-05-25T20:23:00+00:00,0.561645,0.561635,0.561615,0.561645,17
2026-05-25T20:24:00+00:00,0.561635,0.56163,0.56163,0.56164,3
2026-05-25T20:25:00+00:00,0.56163,0.561635,0.561625,0.56164,11
2026-05-25T20:26:00+00:00,0.56165,0.56164,0.561635,0.56165,10
2026-05-25T20:27:00+00:00,0.561635,0.56163,0.56163,0.561645,13
2026-05-25T20:28:00+00:00,0.56163,0.56162,0.56162,0.561645,15
2026-05-25T20:29:00+00:00,0.56162,0.5616,0.5616,0.561625,30
2026-05-25T20:30:00+00:00,0.561605,0.561635,0.5616,0.561635,8
2026-05-25T20:31:00+00:00,0.561635,0.56162,0.56162,0.56164,11
2026-05-25T20:32:00+00:00,0.56162,0.561625,0.56162,0.56163,5
2026-05-25T20:33:00+00:00,0.561625,0.56162,0.56162,0.56163,9
2026-05-25T20:34:00+00:00,0.56162,0.561625,0.56162,0.561625,7
2026-05-25T20:35:00+00:00,0.561625,0.56166,0.56162,0.56166,16
2026-05-25T20:36:00+00:00,0.56166,0.561645,0.56164,0.56166,6
2026-05-25T20:37:00+00:00,0.561645,0.5616,0.5616,0.561645,15
2026-05-25T20:38:00+00:00,0.5616,0.561595,0.56156,0.5616,29
2026-05-25T20:39:00+00:00,0.56159,0.56157,0.561555,0.561605,27
2026-05-25T20:40:00+00:00,0.561575,0.561545,0.561505,0.561575,39
2026-05-25T20:41:00+00:00,0.561545,0.561605,0.56154,0.561605,24
2026-05-25T20:42:00+00:00,0.5616,0.561575,0.561575,0.561605,15
2026-05-25T20:43:00+00:00,0.561575,0.56156,0.56156,0.561575,15
2026-05-25T20:44:00+00:00,0.561565,0.561595,0.56156,0.561595,37
2026-05-25T20:45:00+00:00,0.56159,0.56164,0.56159,0.56164,23
2026-05-25T20:46:00+00:00,0.561635,0.561615,0.561615,0.561635,14
2026-05-25T20:47:00+00:00,0.561625,0.56163,0.56162,0.56165,24
2026-05-25T20:48:00+00:00,0.56163,0.56163,0.561615,0.561645,38
2026-05-25T20:49:00+00:00,0.561625,0.561595,0.561595,0.561635,20
2026-05-25T20:50:00+00:00,0.5616,0.56156,0.56156,0.561635,60
2026-05-25T20:51:00+00:00,0.561555,0.561525,0.561525,0.561555,23
2026-05-25T20:52:00+00:00,0.56152,0.561555,0.56152,0.561555,24
2026-05-25T20:53:00+00:00,0.561545,0.561565,0.56154,0.56158,23
2026-05-25T20:54:00+00:00,0.561565,0.56156,0.561555,0.561575,9
2026-05-25T20:55:00+00:00,0.561565,0.561585,0.561565,0.561595,37
2026-05-25T20:56:00+00:00,0.56158,0.56159,0.561575,0.5616,28
2026-05-25T20:57:00+00:00,0.56159,0.5616,0.561575,0.561605,8
2026-05-25T20:58:00+00:00,0.5616,0.561585,0.561585,0.5616,18
2026-05-25T20:59:00+00:00,0.56159,0.56139,0.56139,0.561605,198
2026-05-25T21:00:00+00:00,0.561335,0.561255,0.561245,0.56143,7
2026-05-25T21:01:00+00:00,0.561255,0.56129,0.561255,0.56129,2
2026-05-25T21:02:00+00:00,0.56129,0.561305,0.56129,0.561305,1
2026-05-25T21:03:00+00:00,0.561305,0.561325,0.561305,0.561325,1
2026-05-25T21:04:00+00:00,0.561325,0.56132,0.56132,0.561325,1
2026-05-25T21:05:00+00:00,0.56132,0.561335,0.56132,0.561335,1
2026-05-25T21:06:00+00:00,0.561335,0.56134,0.56133,0.561375,5
2026-05-25T21:07:00+00:00,0.56134,0.561585,0.561325,0.561595,9
2026-05-25T21:08:00+00:00,0.561585,0.56148,0.56147,0.561595,15
2026-05-25T21:09:00+00:00,0.56148,0.56146,0.561455,0.56148,7
2026-05-25T21:10:00+00:00,0.56146,0.56143,0.561325,0.561465,7
2026-05-25T21:11:00+00:00,0.56143,0.56145,0.56143,0.561485,2
2026-05-25T21:12:00+00:00,0.56145,0.561405,0.561405,0.56156,11
2026-05-25T21:13:00+00:00,0.561405,0.561405,0.561405,0.56145,4
2026-05-25T21:14:00+00:00,0.561405,0.561385,0.56136,0.561405,2
2026-05-25T21:15:00+00:00,0.561385,0.5614,0.561375,0.561455,15
2026-05-25T21:16:00+00:00,0.5614,0.56142,0.5614,0.56142,1
2026-05-25T21:17:00+00:00,0.56142,0.561495,0.5614,0.561495,6
2026-05-25T21:18:00+00:00,0.561495,0.561465,0.561445,0.561495,3
2026-05-25T21:19:00+00:00,0.561465,0.561445,0.561445,0.561465,1
2026-05-25T21:20:00+00:00,0.561445,0.561505,0.561425,0.561505,11
2026-05-25T21:21:00+00:00,0.561505,0.561475,0.561455,0.561505,4
2026-05-25T21:22:00+00:00,0.56141,0.56144,0.56141,0.56144,2
2026-05-25T21:23:00+00:00,0.56148,0.56148,0.56148,0.56148,1
2026-05-25T21:24:00+00:00,0.56148,0.561475,0.5614,0.56148,10
2026-05-25T21:25:00+00:00,0.561475,0.56153,0.561475,0.56155,7
2026-05-25T21:26:00+00:00,0.56153,0.561545,0.561515,0.56157,6
2026-05-25T21:27:00+00:00,0.561545,0.561505,0.561485,0.561545,2
2026-05-25T21:28:00+00:00,0.561505,0.561615,0.561505,0.561615,3
2026-05-25T21:29:00+00:00,0.561615,0.561495,0.56144,0.561615,5
2026-05-25T21:30:00+00:00,0.56157,0.56142,0.56142,0.56157,17
2026-05-25T21:31:00+00:00,0.56142,0.561485,0.56142,0.561485,9
2026-05-25T21:32:00+00:00,0.561485,0.56145,0.56145,0.56151,5
2026-05-25T21:33:00+00:00,0.56145,0.561365,0.561365,0.56146,4
2026-05-25T21:34:00+00:00,0.561365,0.561455,0.561365,0.561455,2
2026-05-25T21:35:00+00:00,0.561455,0.56144,0.56144,0.561455,2
2026-05-25T21:36:00+00:00,0.56144,0.56143,0.561425,0.56144,3
2026-05-25T21:37:00+00:00,0.56143,0.561425,0.561425,0.561565,11
2026-05-25T21:38:00+00:00,0.561425,0.56141,0.561395,0.561585,17
2026-05-25T21:39:00+00:00,0.56141,0.561355,0.56115,0.56141,24
2026-05-25T21:40:00+00:00,0.561425,0.561375,0.561375,0.56148,5
2026-05-25T21:41:00+00:00,0.56136,0.561405,0.561355,0.561445,5
2026-05-25T21:42:00+00:00,0.561405,0.561525,0.561405,0.561525,6
2026-05-25T21:43:00+00:00,0.561525,0.561325,0.56124,0.5616,36
2026-05-25T21:44:00+00:00,0.561385,0.561335,0.56127,0.561385,15
2026-05-25T21:45:00+00:00,0.56134,0.561395,0.561325,0.561395,12
2026-05-25T21:46:00+00:00,0.561395,0.56138,0.56138,0.56145,5
2026-05-25T21:47:00+00:00,0.56139,0.561415,0.56133,0.56143,16
2026-05-25T21:48:00+00:00,0.561415,0.561425,0.561365,0.56145,7
2026-05-25T21:49:00+00:00,0.561405,0.561375,0.561355,0.56141,7
2026-05-25T21:50:00+00:00,0.561375,0.561415,0.56134,0.561415,5
2026-05-25T21:51:00+00:00,0.561415,0.56138,0.56138,0.56142,3
2026-05-25T21:52:00+00:00,0.56138,0.56141,0.56135,0.56145,6
2026-05-25T21:53:00+00:00,0.56141,0.56142,0.56141,0.56142,2
2026-05-25T21:54:00+00:00,0.56142,0.561395,0.56138,0.561435,6
2026-05-25T21:55:00+00:00,0.561395,0.561495,0.561395,0.5615,8
2026-05-25T21:56:00+00:00,0.561495,0.56164,0.561495,0.5617,22
2026-05-25T21:57:00+00:00,0.561595,0.56155,0.56155,0.561625,10
2026-05-25T21:58:00+00:00,0.56155,0.561565,0.56155,0.561595,2
2026-05-25T21:59:00+00:00,0.561565,0.56141,0.56129,0.561565,33
2026-05-25T22:00:00+00:00,0.56144,0.561535,0.56141,0.561775,130
2026-05-25T22:01:00+00:00,0.561545,0.56156,0.561515,0.56158,30
2026-05-25T22:02:00+00:00,0.561565,0.561555,0.56153,0.56158,33
2026-05-25T22:03:00+00:00,0.56155,0.561595,0.561545,0.56161,35
2026-05-25T22:04:00+00:00,0.561605,0.56165,0.56158,0.561655,53
2026-05-25T22:05:00+00:00,0.561655,0.56167,0.561645,0.56169,34
2026-05-25T22:06:00+00:00,0.56167,0.56165,0.56165,0.561685,20
2026-05-25T22:07:00+00:00,0.561655,0.561665,0.56164,0.561735,54
2026-05-25T22:08:00+00:00,0.56167,0.56165,0.561635,0.56168,59
2026-05-25T22:09:00+00:00,0.561645,0.561495,0.561495,0.561645,42
2026-05-25T22:10:00+00:00,0.561495,0.56149,0.56149,0.561505,7
2026-05-25T22:11:00+00:00,0.56149,0.561495,0.561465,0.56153,63
2026-05-25T22:12:00+00:00,0.561495,0.561495,0.56149,0.561515,16
2026-05-25T22:13:00+00:00,0.561505,0.561525,0.561485,0.561535,25
2026-05-25T22:14:00+00:00,0.56152,0.56151,0.56148,0.561535,20
2026-05-25T22:15:00+00:00,0.56151,0.561535,0.56151,0.561535,11
2026-05-25T22:16:00+00:00,0.561535,0.561475,0.561475,0.561535,23
2026-05-25T22:17:00+00:00,0.56147,0.56145,0.561405,0.56148,41
2026-05-25T22:18:00+00:00,0.561445,0.561455,0.56144,0.56146,10
2026-05-25T22:19:00+00:00,0.561455,0.56144,0.56144,0.56146,7
2026-05-25T22:20:00+00:00,0.56144,0.561435,0.56143,0.561455,6
2026-05-25T22:21:00+00:00,0.561445,0.561475,0.561445,0.561475,12
2026-05-25T22:22:00+00:00,0.56146,0.561515,0.56146,0.561515,19
2026-05-25T22:23:00+00:00,0.561515,0.561555,0.561515,0.561555,22
2026-05-25T22:24:00+00:00,0.56154,0.561555,0.56154,0.561565,8
2026-05-25T22:25:00+00:00,0.561555,0.561555,0.56154,0.561555,10
2026-05-25T22:26:00+00:00,0.561555,0.56154,0.56154,0.561555,8
2026-05-25T22:27:00+00:00,0.56154,0.56151,0.56151,0.561555,21
2026-05-25T22:28:00+00:00,0.56151,0.561535,0.56151,0.561535,31
2026-05-25T22:29:00+00:00,0.561535,0.56155,0.56152,0.561565,38
2026-05-25T22:30:00+00:00,0.561565,0.561525,0.56149,0.561565,84
2026-05-25T22:31:00+00:00,0.56152,0.56148,0.56148,0.561535,51
2026-05-25T22:32:00+00:00,0.561485,0.56155,0.561485,0.561565,18
2026-05-25T22:33:00+00:00,0.56154,0.56156,0.56153,0.561565,26
2026-05-25T22:34:00+00:00,0.561565,0.56157,0.56154,0.561585,38
2026-05-25T22:35:00+00:00,0.56157,0.56155,0.56154,0.561585,20
2026-05-25T22:36:00+00:00,0.56155,0.5615,0.5615,0.561555,41
2026-05-25T22:37:00+00:00,0.56151,0.561515,0.5615,0.56152,13
2026-05-25T22:38:00+00:00,0.561515,0.56148,0.56148,0.561515,22
2026-05-25T22:39:00+00:00,0.56148,0.56148,0.56146,0.561485,18
2026-05-25T22:40:00+00:00,0.56147,0.56149,0.56145,0.56149,29
2026-05-25T22:41:00+00:00,0.56149,0.56149,0.56148,0.561495,38
2026-05-25T22:42:00+00:00,0.561495,0.56151,0.56148,0.561515,32
2026-05-25T22:43:00+00:00,0.5615,0.561505,0.56149,0.56151,12
2026-05-25T22:44:00+00:00,0.561505,0.5615,0.5615,0.56151,20
2026-05-25T22:45:00+00:00,0.5615,0.5615,0.56149,0.561505,6
2026-05-25T22:46:00+00:00,0.5615,0.561555,0.5615,0.561555,15
2026-05-25T22:47:00+00:00,0.56155,0.56156,0.56153,0.56156,25
2026-05-25T22:48:00+00:00,0.56156,0.561565,0.56153,0.561565,15
2026-05-25T22:49:00+00:00,0.561565,0.56161,0.561565,0.56161,19
2026-05-25T22:50:00+00:00,0.56161,0.56161,0.5616,0.561615,10
2026-05-25T22:51:00+00:00,0.56161,0.561615,0.56161,0.56164,26
2026-05-25T22:52:00+00:00,0.561615,0.561605,0.5616,0.561615,14
2026-05-25T22:53:00+00:00,0.561605,0.561605,0.56159,0.561605,6
2026-05-25T22:54:00+00:00,0.561605,0.56163,0.56159,0.56163,13
2026-05-25T22:55:00+00:00,0.56163,0.561585,0.56157,0.56163,34
2026-05-25T22:56:00+00:00,0.561585,0.56159,0.56157,0.5616,32
2026-05-25T22:57:00+00:00,0.5616,0.56159,0.56158,0.561615,14
2026-05-25T22:58:00+00:00,0.56159,0.561585,0.56157,0.56161,18
2026-05-25T22:59:00+00:00,0.56158,0.56158,0.56157,0.561585,17
2026-05-25T23:00:00+00:00,0.56158,0.561605,0.56157,0.561605,32
2026-05-25T23:01:00+00:00,0.561605,0.5616,0.561585,0.56162,28
2026-05-25T23:02:00+00:00,0.561595,0.561625,0.561595,0.561635,16
2026-05-25T23:03:00+00:00,0.56162,0.56163,0.561615,0.56163,15
2026-05-25T23:04:00+00:00,0.561625,0.56164,0.561615,0.56165,18
2026-05-25T23:05:00+00:00,0.561645,0.561675,0.56164,0.561675,8
2026-05-25T23:06:00+00:00,0.561675,0.561605,0.561605,0.561685,17
2026-05-25T23:07:00+00:00,0.56161,0.561585,0.561585,0.561615,17
2026-05-25T23:08:00+00:00,0.561585,0.561595,0.561575,0.561595,10
2026-05-25T23:09:00+00:00,0.561595,0.561615,0.561595,0.56162,28
2026-05-25T23:10:00+00:00,0.56161,0.561615,0.561595,0.561625,19
2026-05-25T23:11:00+00:00,0.561615,0.561615,0.561605,0.561625,16
2026-05-25T23:12:00+00:00,0.561615,0.56158,0.561575,0.561615,10
2026-05-25T23:13:00+00:00,0.561585,0.561575,0.561575,0.561605,14
2026-05-25T23:14:00+00:00,0.561575,0.561585,0.561575,0.561585,28
2026-05-25T23:15:00+00:00,0.561585,0.561585,0.561575,0.561585,13
2026-05-25T23:16:00+00:00,0.561585,0.56159,0.56157,0.56159,19
2026-05-25T23:17:00+00:00,0.56159,0.56158,0.561575,0.561605,32
2026-05-25T23:18:00+00:00,0.56158,0.56161,0.56158,0.56161,24
2026-05-25T23:19:00+00:00,0.56161,0.56163,0.56161,0.56165,26
2026-05-25T23:20:00+00:00,0.561635,0.56162,0.561615,0.56167,30
2026-05-25T23:21:00+00:00,0.56162,0.56163,0.56161,0.56164,19
2026-05-25T23:22:00+00:00,0.56163,0.561635,0.561615,0.561635,9
2026-05-25T23:23:00+00:00,0.56163,0.561655,0.56162,0.56167,22
2026-05-25T23:24:00+00:00,0.561655,0.5616,0.56157,0.56168,78
2026-05-25T23:25:00+00:00,0.5616,0.56164,0.5616,0.56164,22
2026-05-25T23:26:00+00:00,0.561635,0.56163,0.561615,0.56164,12
2026-05-25T23:27:00+00:00,0.561635,0.561625,0.56162,0.561645,21
2026-05-25T23:28:00+00:00,0.561625,0.56161,0.56161,0.56164,24
2026-05-25T23:29:00+00:00,0.56161,0.561605,0.5616,0.561625,12
2026-05-25T23:30:00+00:00,0.561605,0.561595,0.56159,0.56161,25
2026-05-25T23:31:00+00:00,0.561595,0.56159,0.561575,0.561605,22
2026-05-25T23:32:00+00:00,0.561585,0.56155,0.56155,0.56159,28
2026-05-25T23:33:00+00:00,0.56155,0.56152,0.56151,0.56155,31
2026-05-25T23:34:00+00:00,0.56152,0.56155,0.561515,0.561555,23
2026-05-25T23:35:00+00:00,0.561555,0.561545,0.561535,0.56156,21
2026-05-25T23:36:00+00:00,0.56154,0.56155,0.561535,0.56159,36
2026-05-25T23:37:00+00:00,0.56155,0.56151,0.56149,0.56155,48
2026-05-25T23:38:00+00:00,0.56151,0.56152,0.56151,0.56153,25
2026-05-25T23:39:00+00:00,0.56152,0.5615,0.561475,0.56152,29
2026-05-25T23:40:00+00:00,0.5615,0.561515,0.5615,0.56154,22
2026-05-25T23:41:00+00:00,0.56153,0.561515,0.56151,0.56153,9
2026-05-25T23:42:00+00:00,0.56152,0.561525,0.561495,0.561555,35
2026-05-25T23:43:00+00:00,0.56152,0.561535,0.561515,0.56154,21
2026-05-25T23:44:00+00:00,0.56153,0.561515,0.561505,0.56154,37
2026-05-25T23:45:00+00:00,0.561515,0.56158,0.561515,0.561595,90
2026-05-25T23:46:00+00:00,0.561575,0.561575,0.561535,0.56158,72
2026-05-25T23:47:00+00:00,0.56157,0.561495,0.561475,0.56158,96
2026-05-25T23:48:00+00:00,0.561495,0.561445,0.561395,0.561495,81
2026-05-25T23:49:00+00:00,0.56144,0.561465,0.561435,0.561465,37
2026-05-25T23:50:00+00:00,0.561465,0.561435,0.561435,0.561485,51
2026-05-25T23:51:00+00:00,0.56144,0.56145,0.561435,0.5615,59
2026-05-25T23:52:00+00:00,0.56145,0.56146,0.56142,0.56148,51
2026-05-25T23:53:00+00:00,0.561465,0.56144,0.561435,0.56149,30
2026-05-25T23:54:00+00:00,0.561435,0.561465,0.561435,0.561475,45
2026-05-25T23:55:00+00:00,0.561465,0.561445,0.561445,0.561475,35
2026-05-25T23:56:00+00:00,0.56145,0.561445,0.561435,0.56147,34
2026-05-25T23:57:00+00:00,0.561445,0.561505,0.56144,0.561505,55
2026-05-25T23:58:00+00:00,0.56151,0.561455,0.56144,0.561515,44
2026-05-25T23:59:00+00:00,0.56146,0.561455,0.56143,0.561465,91
2026-05-26T00:00:00+00:00,0.56146,0.56143,0.561425,0.56152,242
2026-05-26T00:01:00+00:00,0.561435,0.56144,0.56141,0.56149,298
2026-05-26T00:02:00+00:00,0.561445,0.56147,0.561435,0.561495,155
2026-05-26T00:03:00+00:00,0.561465,0.5614,0.5614,0.561485,135
2026-05-26T00:04:00+00:00,0.561405,0.56141,0.56138,0.56143,171
2026-05-26T00:05:00+00:00,0.561405,0.56142,0.5614,0.561455,167
2026-05-26T00:06:00+00:00,0.561415,0.56143,0.561415,0.561465,151
2026-05-26T00:07:00+00:00,0.561435,0.561465,0.56143,0.561485,122
2026-05-26T00:08:00+00:00,0.56147,0.56152,0.561465,0.56152,129
2026-05-26T00:09:00+00:00,0.561515,0.561495,0.561465,0.561525,112
2026-05-26T00:10:00+00:00,0.561495,0.56154,0.56149,0.561575,107
2026-05-26T00:11:00+00:00,0.561545,0.561625,0.561525,0.56163,95
2026-05-26T00:12:00+00:00,0.561625,0.561645,0.56161,0.561665,103
2026-05-26T00:13:00+00:00,0.561645,0.561595,0.561585,0.561645,95
2026-05-26T00:14:00+00:00,0.561595,0.56156,0.561555,0.56161,80
2026-05-26T00:15:00+00:00,0.561555,0.56156,0.561535,0.561575,113
2026-05-26T00:16:00+00:00,0.561555,0.5615,0.561475,0.561555,130
2026-05-26T00:17:00+00:00,0.561495,0.56151,0.561495,0.56156,132
2026-05-26T00:18:00+00:00,0.56151,0.56151,0.5615,0.56156,131
2026-05-26T00:19:00+00:00,0.561505,0.561505,0.561445,0.56151,152
2026-05-26T00:20:00+00:00,0.56151,0.56154,0.5615,0.561585,147
2026-05-26T00:21:00+00:00,0.56155,0.561565,0.56154,0.561585,97
2026-05-26T00:22:00+00:00,0.56157,0.561535,0.56152,0.561575,149
2026-05-26T00:23:00+00:00,0.56153,0.56149,0.56147,0.56154,91
2026-05-26T00:24:00+00:00,0.561495,0.56154,0.561495,0.561565,118
2026-05-26T00:25:00+00:00,0.56154,0.561565,0.56154,0.561575,54
2026-05-26T00:26:00+00:00,0.561565,0.561585,0.56154,0.561595,86
2026-05-26T00:27:00+00:00,0.561585,0.56159,0.561565,0.5616,103
2026-05-26T00:28:00+00:00,0.561595,0.56163,0.561595,0.56164,69
2026-05-26T00:29:00+00:00,0.561635,0.561615,0.5616,0.561635,86
2026-05-26T00:30:00+00:00,0.56162,0.56159,0.561575,0.561655,133
2026-05-26T00:31:00+00:00,0.56159,0.56167,0.561585,0.56168,73
2026-05-26T00:32:00+00:00,0.561675,0.561705,0.56165,0.561715,95
2026-05-26T00:33:00+00:00,0.561705,0.56166,0.56165,0.56173,122
2026-05-26T00:34:00+00:00,0.561655,0.561655,0.56162,0.561665,109
2026-05-26T00:35:00+00:00,0.56165,0.561645,0.561625,0.56167,80
2026-05-26T00:36:00+00:00,0.561645,0.561715,0.561645,0.56172,91
2026-05-26T00:37:00+00:00,0.56171,0.56167,0.561665,0.56171,74
2026-05-26T00:38:00+00:00,0.56167,0.561635,0.56163,0.56168,46
2026-05-26T00:39:00+00:00,0.561635,0.56163,0.561625,0.561645,62
2026-05-26T00:40:00+00:00,0.56163,0.561565,0.56155,0.56163,79
2026-05-26T00:41:00+00:00,0.56157,0.561555,0.56154,0.561605,115
2026-05-26T00:42:00+00:00,0.56156,0.561635,0.56156,0.561675,115
2026-05-26T00:43:00+00:00,0.56164,0.561615,0.56158,0.56164,98
2026-05-26T00:44:00+00:00,0.56162,0.56159,0.56158,0.561625,70
2026-05-26T00:45:00+00:00,0.561585,0.561555,0.56155,0.56159,89
2026-05-26T00:46:00+00:00,0.56155,0.56157,0.561535,0.561595,115
2026-05-26T00:47:00+00:00,0.56157,0.56153,0.56151,0.56158,94
2026-05-26T00:48:00+00:00,0.561525,0.56157,0.561525,0.56159,131
2026-05-26T00:49:00+00:00,0.561565,0.561535,0.56149,0.561575,96
2026-05-26T00:50:00+00:00,0.56153,0.561565,0.56153,0.56158,121
2026-05-26T00:51:00+00:00,0.561565,0.56151,0.561505,0.561595,100
2026-05-26T00:52:00+00:00,0.56152,0.561465,0.561455,0.561525,68
2026-05-26T00:53:00+00:00,0.561465,0.56153,0.561465,0.56153,88
2026-05-26T00:54:00+00:00,0.561525,0.56147,0.561455,0.56153,113
2026-05-26T00:55:00+00:00,0.561475,0.561545,0.561475,0.561575,128
2026-05-26T00:56:00+00:00,0.561545,0.56156,0.561525,0.561575,76
2026-05-26T00:57:00+00:00,0.56155,0.561585,0.561545,0.561585,72
2026-05-26T00:58:00+00:00,0.561595,0.561645,0.56158,0.561655,85
2026-05-26T00:59:00+00:00,0.56164,0.561665,0.56162,0.56167,109
2026-05-26T01:00:00+00:00,0.56166,0.561635,0.561615,0.561675,201
2026-05-26T01:01:00+00:00,0.56163,0.561705,0.56161,0.561715,162
2026-05-26T01:02:00+00:00,0.56171,0.561625,0.561625,0.561725,169
2026-05-26T01:03:00+00:00,0.56163,0.5616,0.56159,0.56163,101
2026-05-26T01:04:00+00:00,0.5616,0.5616,0.56159,0.56166,140
2026-05-26T01:05:00+00:00,0.561605,0.56162,0.56157,0.561635,131
2026-05-26T01:06:00+00:00,0.56161,0.56153,0.5615,0.56161,155
2026-05-26T01:07:00+00:00,0.56152,0.561395,0.56138,0.561525,166
2026-05-26T01:08:00+00:00,0.561395,0.56144,0.561395,0.561445,108
2026-05-26T01:09:00+00:00,0.56144,0.56143,0.561325,0.56144,146
2026-05-26T01:10:00+00:00,0.561425,0.561355,0.561345,0.56143,153
2026-05-26T01:11:00+00:00,0.56135,0.56133,0.561325,0.56137,86
2026-05-26T01:12:00+00:00,0.561335,0.56141,0.561325,0.561415,133
2026-05-26T01:13:00+00:00,0.561405,0.561425,0.561405,0.56147,142
2026-05-26T01:14:00+00:00,0.56142,0.56145,0.5614,0.56146,168
2026-05-26T01:15:00+00:00,0.561445,0.561435,0.561425,0.56149,125
2026-05-26T01:16:00+00:00,0.56144,0.561435,0.561435,0.56147,128
2026-05-26T01:17:00+00:00,0.56144,0.56145,0.561435,0.56147,116
2026-05-26T01:18:00+00:00,0.561455,0.561375,0.56137,0.561455,112
2026-05-26T01:19:00+00:00,0.56138,0.56138,0.56136,0.561425,115
2026-05-26T01:20:00+00:00,0.561385,0.56131,0.561285,0.5614,123
2026-05-26T01:21:00+00:00,0.561305,0.56132,0.56124,0.561325,131
2026-05-26T01:22:00+00:00,0.56132,0.561405,0.561305,0.561405,122
2026-05-26T01:23:00+00:00,0.5614,0.561465,0.561375,0.56147,125
2026-05-26T01:24:00+00:00,0.561475,0.561515,0.561445,0.561525,138
2026-05-26T01:25:00+00:00,0.56151,0.561535,0.56146,0.56157,147
2026-05-26T01:26:00+00:00,0.56153,0.56151,0.561495,0.56155,101
2026-05-26T01:27:00+00:00,0.561505,0.561555,0.561505,0.561555,90
2026-05-26T01:28:00+00:00,0.56155,0.56154,0.561535,0.56157,85
2026-05-26T01:29:00+00:00,0.561545,0.56151,0.56148,0.56156,147
2026-05-26T01:30:00+00:00,0.561515,0.56152,0.561485,0.561545,186
2026-05-26T01:31:00+00:00,0.561525,0.56146,0.561435,0.56155,182
2026-05-26T01:32:00+00:00,0.561455,0.56147,0.561435,0.561485,98
2026-05-26T01:33:00+00:00,0.56147,0.56148,0.561465,0.561505,68
2026-05-26T01:34:00+00:00,0.56148,0.5615,0.56146,0.561525,108
2026-05-26T01:35:00+00:00,0.561495,0.561475,0.56147,0.5615,82
2026-05-26T01:36:00+00:00,0.56147,0.56143,0.56142,0.56151,115
2026-05-26T01:37:00+00:00,0.56143,0.56147,0.56142,0.561495,110
2026-05-26T01:38:00+00:00,0.561475,0.56147,0.56143,0.56151,143
2026-05-26T01:39:00+00:00,0.56147,0.561395,0.56136,0.561505,184
2026-05-26T01:40:00+00:00,0.5614,0.56143,0.561375,0.56146,190
2026-05-26T01:41:00+00:00,0.561425,0.56139,0.561355,0.56144,142
2026-05-26T01:42:00+00:00,0.56139,0.56138,0.561345,0.561415,164
2026-05-26T01:43:00+00:00,0.561385,0.56141,0.561355,0.561435,139
2026-05-26T01:44:00+00:00,0.561405,0.56144,0.5614,0.56145,114
2026-05-26T01:45:00+00:00,0.56144,0.561435,0.56142,0.56149,131
2026-05-26T01:46:00+00:00,0.56143,0.56144,0.561405,0.561455,74
2026-05-26T01:47:00+00:00,0.561445,0.56144,0.56142,0.56149,89
2026-05-26T01:48:00+00:00,0.56144,0.56143,0.561395,0.561465,84
2026-05-26T01:49:00+00:00,0.561435,0.561515,0.56143,0.56156,141
2026-05-26T01:50:00+00:00,0.56151,0.5615,0.561485,0.56153,127
2026-05-26T01:51:00+00:00,0.561505,0.561455,0.56144,0.56152,77
2026-05-26T01:52:00+00:00,0.561455,0.561405,0.561395,0.56146,34
2026-05-26T01:53:00+00:00,0.56141,0.561395,0.561385,0.561415,51
2026-05-26T01:54:00+00:00,0.5614,0.56143,0.561395,0.56143,75
2026-05-26T01:55:00+00:00,0.56143,0.561495,0.56143,0.561505,80
2026-05-26T01:56:00+00:00,0.5615,0.561515,0.561475,0.56156,78
2026-05-26T01:57:00+00:00,0.561515,0.561475,0.561455,0.561525,74
2026-05-26T01:58:00+00:00,0.561475,0.56149,0.561465,0.56151,48
2026-05-26T01:59:00+00:00,0.561485,0.561365,0.561355,0.56149,96
2026-05-26T02:00:00+00:00,0.56136,0.56136,0.561305,0.56138,99
2026-05-26T02:01:00+00:00,0.561365,0.56139,0.561365,0.56142,63
2026-05-26T02:02:00+00:00,0.561385,0.5614,0.561355,0.561405,110
2026-05-26T02:03:00+00:00,0.5614,0.5614,0.561385,0.56144,75
2026-05-26T02:04:00+00:00,0.561405,0.561345,0.56134,0.561415,48
2026-05-26T02:05:00+00:00,0.56135,0.56141,0.561345,0.561415,94
2026-05-26T02:06:00+00:00,0.561415,0.561445,0.561385,0.56146,62
2026-05-26T02:07:00+00:00,0.56144,0.561395,0.561395,0.561455,71
2026-05-26T02:08:00+00:00,0.561395,0.561395,0.561385,0.56141,36
2026-05-26T02:09:00+00:00,0.561395,0.561355,0.561355,0.56142,49
2026-05-26T02:10:00+00:00,0.56136,0.561375,0.561345,0.561395,66
2026-05-26T02:11:00+00:00,0.561375,0.561355,0.561345,0.561375,35
2026-05-26T02:12:00+00:00,0.561355,0.56137,0.561345,0.561375,50
2026-05-26T02:13:00+00:00,0.561365,0.56134,0.56133,0.561365,53
2026-05-26T02:14:00+00:00,0.56134,0.561335,0.56132,0.56135,59
2026-05-26T02:15:00+00:00,0.56134,0.561375,0.561325,0.56138,65
2026-05-26T02:16:00+00:00,0.561375,0.561375,0.56136,0.561385,27
2026-05-26T02:17:00+00:00,0.561375,0.56136,0.561335,0.561385,65
2026-05-26T02:18:00+00:00,0.561355,0.561335,0.5613,0.56136,72
2026-05-26T02:19:00+00:00,0.56133,0.56138,0.56133,0.561385,41
2026-05-26T02:20:00+00:00,0.561375,0.561375,0.56136,0.56138,59
2026-05-26T02:21:00+00:00,0.561375,0.561435,0.561365,0.56144,79
2026-05-26T02:22:00+00:00,0.56144,0.561415,0.5614,0.56146,53
2026-05-26T02:23:00+00:00,0.56142,0.56143,0.561405,0.561435,28
2026-05-26T02:24:00+00:00,0.56143,0.5614,0.561395,0.56143,26
2026-05-26T02:25:00+00:00,0.561395,0.561425,0.561385,0.56146,75
2026-05-26T02:26:00+00:00,0.56143,0.56149,0.561425,0.561495,51
2026-05-26T02:27:00+00:00,0.561495,0.56154,0.561495,0.56155,82
2026-05-26T02:28:00+00:00,0.56154,0.561535,0.561525,0.56155,46
2026-05-26T02:29:00+00:00,0.56153,0.56149,0.561485,0.561535,77
2026-05-26T02:30:00+00:00,0.561495,0.561525,0.56149,0.56153,74
2026-05-26T02:31:00+00:00,0.56152,0.561485,0.56148,0.561535,79
2026-05-26T02:32:00+00:00,0.561485,0.56148,0.561455,0.5615,65
2026-05-26T02:33:00+00:00,0.561485,0.56146,0.56146,0.56149,72
2026-05-26T02:34:00+00:00,0.561455,0.561495,0.561455,0.561495,30
2026-05-26T02:35:00+00:00,0.561495,0.561465,0.561455,0.56151,62
2026-05-26T02:36:00+00:00,0.561465,0.56143,0.561425,0.56147,38
2026-05-26T02:37:00+00:00,0.561425,0.561425,0.561385,0.561445,114
2026-05-26T02:38:00+00:00,0.561425,0.561435,0.56142,0.561465,63
2026-05-26T02:39:00+00:00,0.56144,0.561405,0.561385,0.56144,53
2026-05-26T02:40:00+00:00,0.5614,0.561365,0.56136,0.561415,42
2026-05-26T02:41:00+00:00,0.56136,0.561275,0.56127,0.56136,59
2026-05-26T02:42:00+00:00,0.561275,0.5613,0.561265,0.56132,44
2026-05-26T02:43:00+00:00,0.5613,0.561285,0.561245,0.56131,57
2026-05-26T02:44:00+00:00,0.56129,0.561265,0.561255,0.56129,40
2026-05-26T02:45:00+00:00,0.561265,0.561285,0.561265,0.56129,26
2026-05-26T02:46:00+00:00,0.561285,0.56138,0.561285,0.561385,71
2026-05-26T02:47:00+00:00,0.56138,0.56137,0.56136,0.561395,65
2026-05-26T02:48:00+00:00,0.561365,0.561375,0.56136,0.561385,29
2026-05-26T02:49:00+00:00,0.56138,0.561385,0.561355,0.56139,31
2026-05-26T02:50:00+00:00,0.561385,0.561365,0.561335,0.561385,75
2026-05-26T02:51:00+00:00,0.561365,0.56136,0.56136,0.56139,43
2026-05-26T02:52:00+00:00,0.56136,0.561285,0.56126,0.56137,73
2026-05-26T02:53:00+00:00,0.561285,0.56134,0.561275,0.561345,36
2026-05-26T02:54:00+00:00,0.561335,0.56132,0.561305,0.561335,37
2026-05-26T02:55:00+00:00,0.561325,0.561445,0.561325,0.561445,46
2026-05-26T02:56:00+00:00,0.56145,0.56146,0.561445,0.56148,44
2026-05-26T02:57:00+00:00,0.56146,0.561435,0.561435,0.561465,26
2026-05-26T02:58:00+00:00,0.561435,0.56146,0.561435,0.56147,20
2026-05-26T02:59:00+00:00,0.56146,0.561435,0.561435,0.56147,51
2026-05-26T03:00:00+00:00,0.561435,0.561405,0.561405,0.561445,26
2026-05-26T03:01:00+00:00,0.561405,0.561445,0.561385,0.561465,76
2026-05-26T03:02:00+00:00,0.561455,0.561445,0.56143,0.561455,34
2026-05-26T03:03:00+00:00,0.561445,0.561455,0.561435,0.56147,50
2026-05-26T03:04:00+00:00,0.561455,0.56144,0.561435,0.561455,30
2026-05-26T03:05:00+00:00,0.56143,0.56152,0.56143,0.56153,49
2026-05-26T03:06:00+00:00,0.56152,0.561555,0.561515,0.56156,77
2026-05-26T03:07:00+00:00,0.561555,0.561585,0.56155,0.561585,28
2026-05-26T03:08:00+00:00,0.56158,0.56161,0.561575,0.56161,34
2026-05-26T03:09:00+00:00,0.56161,0.561625,0.56161,0.561665,94
2026-05-26T03:10:00+00:00,0.56163,0.56163,0.561615,0.561655,43
2026-05-26T03:11:00+00:00,0.56163,0.561585,0.56157,0.561645,76
2026-05-26T03:12:00+00:00,0.561575,0.561585,0.561565,0.561605,51
2026-05-26T03:13:00+00:00,0.561595,0.561555,0.56155,0.561595,51
2026-05-26T03:14:00+00:00,0.56155,0.56153,0.561525,0.561555,53
2026-05-26T03:15:00+00:00,0.561535,0.561535,0.56149,0.56155,94
2026-05-26T03:16:00+00:00,0.56154,0.56157,0.561535,0.56157,66
2026-05-26T03:17:00+00:00,0.56157,0.56157,0.56156,0.561575,35
2026-05-26T03:18:00+00:00,0.561575,0.56159,0.56156,0.56161,91
2026-05-26T03:19:00+00:00,0.561585,0.561555,0.561555,0.5616,56
2026-05-26T03:20:00+00:00,0.561555,0.56159,0.56155,0.56159,65
2026-05-26T03:21:00+00:00,0.561585,0.561595,0.561555,0.561625,64
2026-05-26T03:22:00+00:00,0.561595,0.5616,0.561595,0.56162,33
2026-05-26T03:23:00+00:00,0.561595,0.56161,0.56157,0.56162,62
2026-05-26T03:24:00+00:00,0.561615,0.56159,0.56158,0.56162,52
2026-05-26T03:25:00+00:00,0.561595,0.561645,0.56159,0.561665,64
2026-05-26T03:26:00+00:00,0.561645,0.561615,0.56161,0.561655,46
2026-05-26T03:27:00+00:00,0.56161,0.561585,0.56158,0.56163,62
2026-05-26T03:28:00+00:00,0.56158,0.5616,0.561575,0.561605,35
2026-05-26T03:29:00+00:00,0.561605,0.56158,0.56157,0.561605,69
2026-05-26T03:30:00+00:00,0.561585,0.5616,0.56158,0.56164,71
2026-05-26T03:31:00+00:00,0.561605,0.56161,0.56158,0.56163,63
2026-05-26T03:32:00+00:00,0.56161,0.561595,0.56159,0.56164,64
2026-05-26T03:33:00+00:00,0.561595,0.5616,0.56159,0.5616,27
2026-05-26T03:34:00+00:00,0.5616,0.561585,0.561585,0.5616,29
2026-05-26T03:35:00+00:00,0.56158,0.561555,0.561555,0.56159,22
2026-05-26T03:36:00+00:00,0.56155,0.56155,0.56154,0.56155,49
2026-05-26T03:37:00+00:00,0.56155,0.56157,0.56155,0.56157,34
2026-05-26T03:38:00+00:00,0.56157,0.561555,0.56153,0.561575,64
2026-05-26T03:39:00+00:00,0.56155,0.561515,0.561515,0.56156,35
2026-05-26T03:40:00+00:00,0.56151,0.561535,0.56151,0.561535,20
2026-05-26T03:41:00+00:00,0.56153,0.561555,0.56152,0.56156,29
2026-05-26T03:42:00+00:00,0.561555,0.56154,0.56152,0.561555,41
2026-05-26T03:43:00+00:00,0.561535,0.561585,0.561535,0.56159,42
2026-05-26T03:44:00+00:00,0.56158,0.561645,0.561575,0.561655,37
2026-05-26T03:45:00+00:00,0.56164,0.56158,0.561575,0.56164,58
2026-05-26T03:46:00+00:00,0.561585,0.56159,0.561575,0.56161,81
2026-05-26T03:47:00+00:00,0.561595,0.561555,0.561555,0.561605,44
2026-05-26T03:48:00+00:00,0.561555,0.561545,0.561535,0.561565,21
2026-05-26T03:49:00+00:00,0.56154,0.56157,0.56154,0.56157,18
2026-05-26T03:50:00+00:00,0.56157,0.56154,0.561535,0.56158,44
2026-05-26T03:51:00+00:00,0.561545,0.56153,0.561505,0.561545,52
2026-05-26T03:52:00+00:00,0.56152,0.561555,0.5615,0.561565,76
2026-05-26T03:53:00+00:00,0.561555,0.561515,0.561515,0.561555,19
2026-05-26T03:54:00+00:00,0.561515,0.56152,0.561515,0.561535,15
2026-05-26T03:55:00+00:00,0.56152,0.56147,0.56147,0.561525,47
2026-05-26T03:56:00+00:00,0.56148,0.561495,0.56147,0.56151,54
2026-05-26T03:57:00+00:00,0.5615,0.56145,0.56144,0.5615,57
2026-05-26T03:58:00+00:00,0.56145,0.561465,0.56144,0.56147,40
2026-05-26T03:59:00+00:00,0.561465,0.561475,0.56146,0.561495,27
2026-05-26T04:00:00+00:00,0.561475,0.56147,0.561455,0.561485,39
2026-05-26T04:01:00+00:00,0.56147,0.561475,0.56145,0.561485,48
2026-05-26T04:02:00+00:00,0.561475,0.56154,0.561475,0.561545,41
2026-05-26T04:03:00+00:00,0.561535,0.561395,0.561375,0.561535,108
2026-05-26T04:04:00+00:00,0.5614,0.56135,0.56131,0.561405,38
2026-05-26T04:05:00+00:00,0.56135,0.56138,0.56135,0.561395,61
2026-05-26T04:06:00+00:00,0.56138,0.561385,0.56137,0.561395,27
2026-05-26T04:07:00+00:00,0.56139,0.561415,0.561375,0.561415,73
2026-05-26T04:08:00+00:00,0.56142,0.561425,0.5614,0.56143,29
2026-05-26T04:09:00+00:00,0.56144,0.561425,0.561415,0.561445,54
2026-05-26T04:10:00+00:00,0.561425,0.561425,0.56141,0.56144,40
2026-05-26T04:11:00+00:00,0.561425,0.561445,0.561405,0.56145,60
2026-05-26T04:12:00+00:00,0.561455,0.561435,0.56143,0.561465,44
2026-05-26T04:13:00+00:00,0.561435,0.561455,0.56143,0.561485,34
2026-05-26T04:14:00+00:00,0.56145,0.561465,0.56144,0.56148,94
2026-05-26T04:15:00+00:00,0.56146,0.561435,0.561435,0.56146,46
2026-05-26T04:16:00+00:00,0.56144,0.56142,0.561405,0.561465,52
2026-05-26T04:17:00+00:00,0.56142,0.561415,0.561405,0.561435,40
2026-05-26T04:18:00+00:00,0.561415,0.561405,0.561395,0.561425,36
2026-05-26T04:19:00+00:00,0.561415,0.561405,0.561405,0.56142,22
2026-05-26T04:20:00+00:00,0.561405,0.561425,0.5614,0.56143,18
2026-05-26T04:21:00+00:00,0.561425,0.56143,0.561405,0.56144,29
2026-05-26T04:22:00+00:00,0.56143,0.561455,0.5614,0.56146,45
2026-05-26T04:23:00+00:00,0.561455,0.56143,0.56142,0.561455,18
2026-05-26T04:24:00+00:00,0.56143,0.56144,0.561425,0.56146,27
2026-05-26T04:25:00+00:00,0.561435,0.561485,0.561435,0.561485,52
2026-05-26T04:26:00+00:00,0.561485,0.561455,0.561445,0.561485,27
2026-05-26T04:27:00+00:00,0.561455,0.56145,0.561445,0.561455,6
2026-05-26T04:28:00+00:00,0.561445,0.561445,0.561415,0.561455,54
2026-05-26T04:29:00+00:00,0.56144,0.561405,0.561395,0.56144,42
2026-05-26T04:30:00+00:00,0.5614,0.56138,0.561355,0.561405,39
2026-05-26T04:31:00+00:00,0.561375,0.561355,0.561355,0.56139,48
2026-05-26T04:32:00+00:00,0.56135,0.56136,0.56132,0.56137,55
2026-05-26T04:33:00+00:00,0.56136,0.561265,0.561265,0.56137,59
2026-05-26T04:34:00+00:00,0.561265,0.56127,0.56126,0.561325,61
2026-05-26T04:35:00+00:00,0.56127,0.561245,0.561245,0.561295,46
2026-05-26T04:36:00+00:00,0.561245,0.56123,0.56122,0.56127,69
2026-05-26T04:37:00+00:00,0.561225,0.56121,0.5612,0.561235,30
2026-05-26T04:38:00+00:00,0.56121,0.56115,0.56113,0.56121,69
2026-05-26T04:39:00+00:00,0.56115,0.561135,0.561115,0.561175,36
2026-05-26T04:40:00+00:00,0.56113,0.56114,0.56109,0.56114,46
2026-05-26T04:41:00+00:00,0.561145,0.561135,0.56113,0.561155,36
2026-05-26T04:42:00+00:00,0.56112,0.56101,0.561005,0.56112,71
2026-05-26T04:43:00+00:00,0.561005,0.560965,0.560965,0.56102,54
2026-05-26T04:44:00+00:00,0.56097,0.56103,0.560965,0.56104,50
2026-05-26T04:45:00+00:00,0.561025,0.561095,0.56102,0.561105,39
2026-05-26T04:46:00+00:00,0.56109,0.561135,0.561065,0.56114,67
2026-05-26T04:47:00+00:00,0.56114,0.561125,0.561115,0.561145,49
2026-05-26T04:48:00+00:00,0.561115,0.561085,0.561085,0.561125,40
2026-05-26T04:49:00+00:00,0.561085,0.561105,0.56107,0.56111,26
2026-05-26T04:50:00+00:00,0.561105,0.561115,0.561075,0.561115,41
2026-05-26T04:51:00+00:00,0.561115,0.56108,0.561065,0.561115,30
2026-05-26T04:52:00+00:00,0.561085,0.561075,0.56107,0.5611,51
2026-05-26T04:53:00+00:00,0.561075,0.561085,0.56107,0.5611,38
2026-05-26T04:54:00+00:00,0.561085,0.5611,0.56108,0.561115,25
2026-05-26T04:55:00+00:00,0.561095,0.56103,0.561025,0.561095,62
2026-05-26T04:56:00+00:00,0.56103,0.561035,0.561025,0.561055,31
2026-05-26T04:57:00+00:00,0.561035,0.561055,0.561025,0.561065,50
2026-05-26T04:58:00+00:00,0.561055,0.56109,0.56105,0.56109,40
2026-05-26T04:59:00+00:00,0.561085,0.56105,0.561045,0.561085,68
2026-05-26T05:00:00+00:00,0.561045,0.560975,0.560955,0.561085,156
2026-05-26T05:01:00+00:00,0.56098,0.560935,0.560905,0.56098,83
2026-05-26T05:02:00+00:00,0.56094,0.56091,0.56089,0.560945,85
2026-05-26T05:03:00+00:00,0.560905,0.560825,0.56082,0.560915,93
2026-05-26T05:04:00+00:00,0.560825,0.56072,0.560705,0.560825,98
2026-05-26T05:05:00+00:00,0.560725,0.56074,0.56071,0.56075,80
2026-05-26T05:06:00+00:00,0.560745,0.56076,0.5607,0.56076,76
2026-05-26T05:07:00+00:00,0.56076,0.56081,0.56075,0.56081,60
2026-05-26T05:08:00+00:00,0.560805,0.56083,0.5608,0.56086,73
2026-05-26T05:09:00+00:00,0.560825,0.560795,0.56079,0.56084,88
2026-05-26T05:10:00+00:00,0.560795,0.560785,0.560775,0.560835,74
2026-05-26T05:11:00+00:00,0.560785,0.560785,0.560775,0.5608,55
2026-05-26T05:12:00+00:00,0.56079,0.560815,0.56078,0.560825,65
2026-05-26T05:13:00+00:00,0.56081,0.560825,0.560805,0.56085,63
2026-05-26T05:14:00+00:00,0.56082,0.56084,0.560815,0.560855,38
2026-05-26T05:15:00+00:00,0.560845,0.560895,0.56083,0.560895,70
2026-05-26T05:16:00+00:00,0.5609,0.560935,0.560895,0.56094,55
2026-05-26T05:17:00+00:00,0.56094,0.56093,0.56091,0.560945,47
2026-05-26T05:18:00+00:00,0.560925,0.56093,0.56092,0.56096,55
2026-05-26T05:19:00+00:00,0.56093,0.560955,0.56093,0.560965,78
2026-05-26T05:20:00+00:00,0.560955,0.56101,0.560945,0.56102,63
2026-05-26T05:21:00+00:00,0.56101,0.561,0.56099,0.561015,39
2026-05-26T05:22:00+00:00,0.561,0.561,0.560985,0.56101,18
2026-05-26T05:23:00+00:00,0.561,0.560975,0.56097,0.561015,29
2026-05-26T05:24:00+00:00,0.56097,0.560985,0.560965,0.561,26
2026-05-26T05:25:00+00:00,0.560985,0.560995,0.560975,0.561,35
2026-05-26T05:26:00+00:00,0.56099,0.56097,0.56097,0.561015,52
2026-05-26T05:27:00+00:00,0.56098,0.56095,0.560945,0.561005,68
2026-05-26T05:28:00+00:00,0.560955,0.561,0.56095,0.561005,77
2026-05-26T05:29:00+00:00,0.561,0.561,0.56098,0.561005,45
2026-05-26T05:30:00+00:00,0.560995,0.561065,0.560995,0.561085,131
2026-05-26T05:31:00+00:00,0.56107,0.56109,0.56107,0.5611,104
2026-05-26T05:32:00+00:00,0.561085,0.561095,0.56108,0.561105,71
2026-05-26T05:33:00+00:00,0.561105,0.561085,0.561075,0.56111,57
2026-05-26T05:34:00+00:00,0.56108,0.561125,0.561075,0.561125,41
2026-05-26T05:35:00+00:00,0.561125,0.561045,0.561045,0.561125,60
2026-05-26T05:36:00+00:00,0.56105,0.561035,0.56102,0.561065,37
2026-05-26T05:37:00+00:00,0.561035,0.56103,0.560985,0.561045,51
2026-05-26T05:38:00+00:00,0.561025,0.56103,0.561,0.561035,46
2026-05-26T05:39:00+00:00,0.56103,0.561055,0.561025,0.561075,100
2026-05-26T05:40:00+00:00,0.56106,0.561035,0.561035,0.561075,54
2026-05-26T05:41:00+00:00,0.561035,0.56105,0.561005,0.56106,77
2026-05-26T05:42:00+00:00,0.561045,0.561085,0.561045,0.561085,27
2026-05-26T05:43:00+00:00,0.56108,0.561155,0.561075,0.561165,66
2026-05-26T05:44:00+00:00,0.561155,0.56115,0.561135,0.56116,18
2026-05-26T05:45:00+00:00,0.56115,0.56115,0.561125,0.56116,48
2026-05-26T05:46:00+00:00,0.561155,0.561135,0.561135,0.561185,50
2026-05-26T05:47:00+00:00,0.561135,0.56112,0.561095,0.56114,86
2026-05-26T05:48:00+00:00,0.561125,0.561165,0.56112,0.561165,79
2026-05-26T05:49:00+00:00,0.561165,0.561175,0.56113,0.561205,86
2026-05-26T05:50:00+00:00,0.561165,0.5612,0.561165,0.5612,35
2026-05-26T05:51:00+00:00,0.561195,0.561175,0.561175,0.56121,54
2026-05-26T05:52:00+00:00,0.561175,0.56117,0.56115,0.56118,42
2026-05-26T05:53:00+00:00,0.561165,0.561145,0.56114,0.56118,40
2026-05-26T05:54:00+00:00,0.561145,0.56116,0.561135,0.561165,49
2026-05-26T05:55:00+00:00,0.561165,0.56116,0.561145,0.561175,79
2026-05-26T05:56:00+00:00,0.561165,0.561175,0.561155,0.561185,67
2026-05-26T05:57:00+00:00,0.56118,0.561225,0.561175,0.561225,61
2026-05-26T05:58:00+00:00,0.561225,0.561215,0.561215,0.56125,49
2026-05-26T05:59:00+00:00,0.56121,0.56121,0.5612,0.56123,75
2026-05-26T06:00:00+00:00,0.561215,0.561225,0.561145,0.561245,206
2026-05-26T06:01:00+00:00,0.56122,0.561215,0.561175,0.56126,140
2026-05-26T06:02:00+00:00,0.561205,0.561315,0.5612,0.56132,134
2026-05-26T06:03:00+00:00,0.56131,0.561315,0.561295,0.561365,75
2026-05-26T06:04:00+00:00,0.56131,0.56132,0.561285,0.561345,55
2026-05-26T06:05:00+00:00,0.56132,0.5614,0.56132,0.561405,63
2026-05-26T06:06:00+00:00,0.561405,0.56142,0.56138,0.56144,65
2026-05-26T06:07:00+00:00,0.56142,0.56145,0.561405,0.561455,59
2026-05-26T06:08:00+00:00,0.561445,0.561395,0.561395,0.56145,57
2026-05-26T06:09:00+00:00,0.56139,0.561405,0.561365,0.561425,48
2026-05-26T06:10:00+00:00,0.561405,0.561455,0.561375,0.561465,60
2026-05-26T06:11:00+00:00,0.56146,0.5615,0.56146,0.561525,94
2026-05-26T06:12:00+00:00,0.561495,0.561435,0.56143,0.561495,68
2026-05-26T06:13:00+00:00,0.561435,0.561475,0.56141,0.561475,86
2026-05-26T06:14:00+00:00,0.561475,0.561515,0.561455,0.561525,45
2026-05-26T06:15:00+00:00,0.56151,0.56147,0.56146,0.561525,93
2026-05-26T06:16:00+00:00,0.561465,0.56147,0.56146,0.561485,72
2026-05-26T06:17:00+00:00,0.561475,0.56144,0.561435,0.56148,54
2026-05-26T06:18:00+00:00,0.561435,0.56143,0.561405,0.561445,73
2026-05-26T06:19:00+00:00,0.56143,0.561425,0.56138,0.561445,84
2026-05-26T06:20:00+00:00,0.56143,0.561435,0.561405,0.561455,63
2026-05-26T06:21:00+00:00,0.561435,0.561465,0.561435,0.56148,37
2026-05-26T06:22:00+00:00,0.56147,0.561455,0.561425,0.56147,46
2026-05-26T06:23:00+00:00,0.561455,0.56145,0.56143,0.561465,72
2026-05-26T06:24:00+00:00,0.561445,0.561575,0.561445,0.56161,112
2026-05-26T06:25:00+00:00,0.56157,0.561635,0.561565,0.561665,162
2026-05-26T06:26:00+00:00,0.56164,0.561665,0.56162,0.56171,149
2026-05-26T06:27:00+00:00,0.561655,0.56167,0.56162,0.561685,130
2026-05-26T06:28:00+00:00,0.561675,0.56158,0.561545,0.561735,230
2026-05-26T06:29:00+00:00,0.561585,0.561575,0.561515,0.561625,273
2026-05-26T06:30:00+00:00,0.56157,0.561565,0.561535,0.561615,184
2026-05-26T06:31:00+00:00,0.56156,0.561625,0.56156,0.561655,137
2026-05-26T06:32:00+00:00,0.561635,0.561675,0.561635,0.561725,155
2026-05-26T06:33:00+00:00,0.56167,0.561865,0.56167,0.56189,119
2026-05-26T06:34:00+00:00,0.56186,0.561785,0.561755,0.561865,112
2026-05-26T06:35:00+00:00,0.5618,0.561865,0.56179,0.561875,95
2026-05-26T06:36:00+00:00,0.56187,0.561895,0.56186,0.561915,112
2026-05-26T06:37:00+00:00,0.561895,0.56193,0.561885,0.561955,86
2026-05-26T06:38:00+00:00,0.561925,0.56196,0.56189,0.56196,98
2026-05-26T06:39:00+00:00,0.561965,0.56199,0.561965,0.562035,89
2026-05-26T06:40:00+00:00,0.561995,0.56204,0.56197,0.56204,67
2026-05-26T06:41:00+00:00,0.562035,0.561975,0.561975,0.562075,67
2026-05-26T06:42:00+00:00,0.561975,0.562015,0.561955,0.56204,73
2026-05-26T06:43:00+00:00,0.56202,0.56206,0.562005,0.56206,69
2026-05-26T06:44:00+00:00,0.562055,0.561955,0.561945,0.562065,98
2026-05-26T06:45:00+00:00,0.56196,0.562,0.56196,0.56202,145
2026-05-26T06:46:00+00:00,0.562005,0.562045,0.562005,0.562065,102
2026-05-26T06:47:00+00:00,0.56205,0.56203,0.562005,0.56205,46
2026-05-26T06:48:00+00:00,0.56203,0.56204,0.562005,0.56204,105
2026-05-26T06:49:00+00:00,0.562045,0.561955,0.56195,0.56205,78
2026-05-26T06:50:00+00:00,0.56195,0.562025,0.56195,0.562035,79
2026-05-26T06:51:00+00:00,0.56202,0.562035,0.561995,0.562035,59
2026-05-26T06:52:00+00:00,0.562035,0.56199,0.56198,0.562045,69
2026-05-26T06:53:00+00:00,0.561995,0.562035,0.561995,0.562055,49
2026-05-26T06:54:00+00:00,0.56203,0.56222,0.562025,0.56226,152
2026-05-26T06:55:00+00:00,0.562225,0.562375,0.562225,0.562375,209
2026-05-26T06:56:00+00:00,0.56237,0.56254,0.562365,0.562575,207
2026-05-26T06:57:00+00:00,0.562535,0.56257,0.562485,0.562605,182
2026-05-26T06:58:00+00:00,0.562565,0.56259,0.562515,0.562635,151
2026-05-26T06:59:00+00:00,0.562595,0.562365,0.56236,0.562595,237
2026-05-26T07:00:00+00:00,0.56237,0.56212,0.562105,0.562395,238
2026-05-26T07:01:00+00:00,0.562125,0.562095,0.562075,0.56215,141
2026-05-26T07:02:00+00:00,0.56209,0.56208,0.562075,0.56213,154
2026-05-26T07:03:00+00:00,0.56208,0.561915,0.561915,0.562085,192
2026-05-26T07:04:00+00:00,0.56191,0.56185,0.561815,0.56199,362
2026-05-26T07:05:00+00:00,0.561845,0.561875,0.56183,0.56197,330
2026-05-26T07:06:00+00:00,0.56187,0.562095,0.561855,0.56212,385
2026-05-26T07:07:00+00:00,0.5621,0.562205,0.5621,0.562235,239
2026-05-26T07:08:00+00:00,0.56221,0.56203,0.561995,0.56222,191
2026-05-26T07:09:00+00:00,0.562025,0.56194,0.561925,0.562065,190
2026-05-26T07:10:00+00:00,0.561935,0.561965,0.56187,0.561965,202
2026-05-26T07:11:00+00:00,0.56197,0.562105,0.56196,0.562125,115
2026-05-26T07:12:00+00:00,0.5621,0.56212,0.5621,0.562175,117
2026-05-26T07:13:00+00:00,0.562125,0.562115,0.562055,0.56214,164
2026-05-26T07:14:00+00:00,0.56211,0.562125,0.5621,0.562175,158
2026-05-26T07:15:00+00:00,0.56212,0.562035,0.562025,0.562125,165
2026-05-26T07:16:00+00:00,0.56203,0.562045,0.56202,0.5621,117
2026-05-26T07:17:00+00:00,0.56205,0.56198,0.561975,0.562055,114
2026-05-26T07:18:00+00:00,0.561985,0.56192,0.56192,0.56199,166
2026-05-26T07:19:00+00:00,0.561925,0.561975,0.56191,0.561975,156
2026-05-26T07:20:00+00:00,0.56198,0.561975,0.561975,0.562035,129
2026-05-26T07:21:00+00:00,0.56198,0.56197,0.561955,0.562005,107
2026-05-26T07:22:00+00:00,0.561965,0.56202,0.561965,0.56204,94
2026-05-26T07:23:00+00:00,0.562025,0.56204,0.56202,0.56206,107
2026-05-26T07:24:00+00:00,0.56204,0.562035,0.562,0.56206,109
2026-05-26T07:25:00+00:00,0.562035,0.56206,0.56196,0.562085,156
2026-05-26T07:26:00+00:00,0.562055,0.56207,0.562035,0.56211,99
2026-05-26T07:27:00+00:00,0.56207,0.562,0.562,0.562085,98
2026-05-26T07:28:00+00:00,0.562005,0.56197,0.561965,0.56202,85
2026-05-26T07:29:00+00:00,0.56197,0.56194,0.5619,0.56197,103
2026-05-26T07:30:00+00:00,0.561935,0.56186,0.56185,0.56196,160
2026-05-26T07:31:00+00:00,0.561855,0.561995,0.56185,0.56202,267
2026-05-26T07:32:00+00:00,0.56199,0.561855,0.561855,0.562075,517
2026-05-26T07:33:00+00:00,0.56186,0.561935,0.561795,0.561945,360
2026-05-26T07:34:00+00:00,0.56193,0.561905,0.561865,0.56195,145
2026-05-26T07:35:00+00:00,0.561905,0.5619,0.561835,0.561945,192
2026-05-26T07:36:00+00:00,0.561905,0.5619,0.56182,0.56191,172
2026-05-26T07:37:00+00:00,0.561895,0.56188,0.56179,0.56192,172
2026-05-26T07:38:00+00:00,0.561875,0.56181,0.5618,0.561895,136
2026-05-26T07:39:00+00:00,0.561815,0.561815,0.56179,0.561855,116
2026-05-26T07:40:00+00:00,0.56181,0.561755,0.561735,0.56181,131
2026-05-26T07:41:00+00:00,0.56176,0.561695,0.56167,0.56176,101
2026-05-26T07:42:00+00:00,0.561705,0.561785,0.561705,0.561785,97
2026-05-26T07:43:00+00:00,0.56179,0.56176,0.561725,0.561805,102
2026-05-26T07:44:00+00:00,0.561755,0.56176,0.56173,0.561785,73
2026-05-26T07:45:00+00:00,0.56176,0.561775,0.56176,0.56181,91
2026-05-26T07:46:00+00:00,0.56177,0.561785,0.561725,0.561795,87
2026-05-26T07:47:00+00:00,0.561785,0.561765,0.561755,0.5618,69
2026-05-26T07:48:00+00:00,0.56177,0.561865,0.561765,0.5619,85
2026-05-26T07:49:00+00:00,0.561875,0.561875,0.561795,0.561885,162
2026-05-26T07:50:00+00:00,0.56188,0.561895,0.56185,0.561915,115
2026-05-26T07:51:00+00:00,0.561905,0.561875,0.561865,0.561935,102
2026-05-26T07:52:00+00:00,0.561875,0.561785,0.561785,0.561875,70
2026-05-26T07:53:00+00:00,0.561795,0.56179,0.561755,0.561815,81
2026-05-26T07:54:00+00:00,0.56179,0.561735,0.561735,0.56179,65
2026-05-26T07:55:00+00:00,0.561735,0.56172,0.561715,0.56177,99
2026-05-26T07:56:00+00:00,0.56172,0.561725,0.561705,0.56173,62
2026-05-26T07:57:00+00:00,0.56172,0.561845,0.56172,0.561855,53
2026-05-26T07:58:00+00:00,0.561845,0.56188,0.561825,0.561885,97
2026-05-26T07:59:00+00:00,0.561875,0.561935,0.561875,0.561935,76
2026-05-26T08:00:00+00:00,0.56194,0.561775,0.561765,0.56199,265
2026-05-26T08:01:00+00:00,0.56178,0.561845,0.56175,0.56185,195
2026-05-26T08:02:00+00:00,0.56184,0.56183,0.56181,0.561915,103
2026-05-26T08:03:00+00:00,0.56183,0.561895,0.5618,0.561895,169
2026-05-26T08:04:00+00:00,0.5619,0.56194,0.5619,0.561965,82
2026-05-26T08:05:00+00:00,0.56194,0.562025,0.561935,0.562025,71
2026-05-26T08:06:00+00:00,0.562015,0.561965,0.56195,0.562015,92
2026-05-26T08:07:00+00:00,0.561965,0.561955,0.56195,0.561995,74
2026-05-26T08:08:00+00:00,0.56195,0.561975,0.561915,0.561995,60
2026-05-26T08:09:00+00:00,0.56198,0.561995,0.56197,0.562015,49
2026-05-26T08:10:00+00:00,0.561995,0.562005,0.561975,0.56202,82
2026-05-26T08:11:00+00:00,0.562005,0.56197,0.56194,0.562025,133
2026-05-26T08:12:00+00:00,0.561965,0.561955,0.561915,0.56199,120
2026-05-26T08:13:00+00:00,0.561955,0.561895,0.561895,0.561965,82
2026-05-26T08:14:00+00:00,0.561895,0.561905,0.561885,0.561935,85
2026-05-26T08:15:00+00:00,0.561905,0.561935,0.561895,0.561945,50
2026-05-26T08:16:00+00:00,0.56193,0.56185,0.56185,0.56193,61
2026-05-26T08:17:00+00:00,0.561845,0.561875,0.561815,0.561875,70
2026-05-26T08:18:00+00:00,0.561875,0.561905,0.561875,0.561945,86
2026-05-26T08:19:00+00:00,0.561905,0.561975,0.561905,0.56199,108
2026-05-26T08:20:00+00:00,0.56197,0.56199,0.561955,0.562005,71
2026-05-26T08:21:00+00:00,0.56199,0.56211,0.561965,0.562125,93
2026-05-26T08:22:00+00:00,0.56211,0.56213,0.562105,0.56214,44
2026-05-26T08:23:00+00:00,0.56213,0.56217,0.562125,0.56219,55
2026-05-26T08:24:00+00:00,0.562175,0.562185,0.56214,0.56221,69
2026-05-26T08:25:00+00:00,0.562185,0.562125,0.562105,0.562195,58
2026-05-26T08:26:00+00:00,0.562125,0.56209,0.562065,0.56213,105
2026-05-26T08:27:00+00:00,0.562095,0.562065,0.56203,0.562095,98
2026-05-26T08:28:00+00:00,0.562065,0.56207,0.562055,0.562095,71
2026-05-26T08:29:00+00:00,0.562065,0.562035,0.56197,0.56207,168
2026-05-26T08:30:00+00:00,0.56204,0.56206,0.562025,0.56209,119
2026-05-26T08:31:00+00:00,0.562055,0.562065,0.562045,0.5621,94
2026-05-26T08:32:00+00:00,0.562065,0.561995,0.561985,0.562095,98
2026-05-26T08:33:00+00:00,0.562,0.561985,0.56198,0.562015,53
2026-05-26T08:34:00+00:00,0.56199,0.56203,0.56196,0.562035,114
2026-05-26T08:35:00+00:00,0.562025,0.562015,0.562005,0.562055,77
2026-05-26T08:36:00+00:00,0.56201,0.562025,0.56201,0.562095,131
2026-05-26T08:37:00+00:00,0.56202,0.562075,0.561995,0.56208,120
2026-05-26T08:38:00+00:00,0.56208,0.562065,0.56205,0.56209,60
2026-05-26T08:39:00+00:00,0.562065,0.562025,0.562025,0.56207,80
2026-05-26T08:40:00+00:00,0.56203,0.562075,0.562,0.56208,72
2026-05-26T08:41:00+00:00,0.56208,0.56214,0.56208,0.562145,79
2026-05-26T08:42:00+00:00,0.562145,0.562105,0.56208,0.56215,94
2026-05-26T08:43:00+00:00,0.56211,0.562065,0.56205,0.56214,103
2026-05-26T08:44:00+00:00,0.56207,0.562085,0.562055,0.56214,122
2026-05-26T08:45:00+00:00,0.56208,0.562065,0.56199,0.56209,113
2026-05-26T08:46:00+00:00,0.56206,0.56209,0.56205,0.562095,82
2026-05-26T08:47:00+00:00,0.562085,0.56205,0.56205,0.56211,62
2026-05-26T08:48:00+00:00,0.56205,0.56205,0.562025,0.56205,81
2026-05-26T08:49:00+00:00,0.562055,0.562065,0.56204,0.56207,57
2026-05-26T08:50:00+00:00,0.56205,0.56194,0.561915,0.56205,86
2026-05-26T08:51:00+00:00,0.561935,0.56193,0.561885,0.561955,99
2026-05-26T08:52:00+00:00,0.561925,0.56188,0.56187,0.561945,96
2026-05-26T08:53:00+00:00,0.561875,0.561985,0.561865,0.561985,73
2026-05-26T08:54:00+00:00,0.561985,0.562005,0.56194,0.56201,70
2026-05-26T08:55:00+00:00,0.562005,0.562045,0.562005,0.56205,74
2026-05-26T08:56:00+00:00,0.56205,0.56204,0.562035,0.562055,38
2026-05-26T08:57:00+00:00,0.562035,0.562005,0.562005,0.56206,121
2026-05-26T08:58:00+00:00,0.562,0.562055,0.56199,0.562065,65
2026-05-26T08:59:00+00:00,0.56206,0.562085,0.562055,0.5621,158
2026-05-26T09:00:00+00:00,0.56209,0.56212,0.562075,0.56215,185
2026-05-26T09:01:00+00:00,0.562115,0.56205,0.56204,0.562145,161
2026-05-26T09:02:00+00:00,0.562045,0.561905,0.56189,0.562055,117
2026-05-26T09:03:00+00:00,0.561905,0.56181,0.561805,0.56193,91
2026-05-26T09:04:00+00:00,0.561805,0.561795,0.561785,0.56186,134
2026-05-26T09:05:00+00:00,0.5618,0.561785,0.56174,0.561815,151
2026-05-26T09:06:00+00:00,0.56178,0.561675,0.56167,0.56181,74
2026-05-26T09:07:00+00:00,0.56167,0.56159,0.561585,0.561695,104
2026-05-26T09:08:00+00:00,0.561585,0.561605,0.561555,0.561615,73
2026-05-26T09:09:00+00:00,0.5616,0.561645,0.56159,0.561645,86
2026-05-26T09:10:00+00:00,0.56164,0.561635,0.561615,0.561665,43
2026-05-26T09:11:00+00:00,0.56164,0.56178,0.561625,0.56178,35
2026-05-26T09:12:00+00:00,0.56178,0.561835,0.561755,0.561855,47
2026-05-26T09:13:00+00:00,0.561835,0.56182,0.561795,0.561845,58
2026-05-26T09:14:00+00:00,0.56182,0.56183,0.561795,0.56185,36
2026-05-26T09:15:00+00:00,0.561835,0.561825,0.561815,0.561855,63
2026-05-26T09:16:00+00:00,0.561835,0.56193,0.561835,0.561965,70
2026-05-26T09:17:00+00:00,0.561925,0.561905,0.561865,0.561955,247
2026-05-26T09:18:00+00:00,0.5619,0.561865,0.561855,0.56193,73
2026-05-26T09:19:00+00:00,0.561865,0.561855,0.561845,0.5619,87
2026-05-26T09:20:00+00:00,0.561855,0.561885,0.561815,0.561905,115
2026-05-26T09:21:00+00:00,0.561885,0.56188,0.56183,0.5619,55
2026-05-26T09:22:00+00:00,0.561885,0.561785,0.56178,0.56189,97
2026-05-26T09:23:00+00:00,0.561785,0.561775,0.56175,0.56182,120
2026-05-26T09:24:00+00:00,0.56178,0.56181,0.561775,0.56183,95
2026-05-26T09:25:00+00:00,0.561805,0.561815,0.56178,0.561845,95
2026-05-26T09:26:00+00:00,0.56181,0.561815,0.561795,0.56185,94
2026-05-26T09:27:00+00:00,0.56182,0.56189,0.561815,0.561905,83
2026-05-26T09:28:00+00:00,0.56189,0.56183,0.561805,0.561895,89
2026-05-26T09:29:00+00:00,0.561825,0.561805,0.5618,0.56186,92
2026-05-26T09:30:00+00:00,0.561815,0.561775,0.56173,0.561845,112
2026-05-26T09:31:00+00:00,0.561785,0.56184,0.561775,0.561845,67
2026-05-26T09:32:00+00:00,0.561845,0.561865,0.56183,0.561875,88
2026-05-26T09:33:00+00:00,0.56187,0.561835,0.561815,0.561885,57
2026-05-26T09:34:00+00:00,0.561835,0.561855,0.561805,0.561875,74
2026-05-26T09:35:00+00:00,0.561855,0.56184,0.561835,0.561865,41
2026-05-26T09:36:00+00:00,0.561845,0.561815,0.561805,0.561845,35
2026-05-26T09:37:00+00:00,0.56182,0.56186,0.561815,0.56189,37
2026-05-26T09:38:00+00:00,0.561855,0.561935,0.561835,0.56194,47
2026-05-26T09:39:00+00:00,0.561925,0.561905,0.561905,0.561945,23
2026-05-26T09:40:00+00:00,0.561895,0.56184,0.561835,0.561915,77
2026-05-26T09:41:00+00:00,0.561835,0.561835,0.561815,0.561885,85
2026-05-26T09:42:00+00:00,0.56184,0.561785,0.561785,0.561845,95
2026-05-26T09:43:00+00:00,0.56179,0.56177,0.561745,0.56181,72
2026-05-26T09:44:00+00:00,0.561765,0.56176,0.561735,0.5618,98
2026-05-26T09:45:00+00:00,0.561755,0.56176,0.56173,0.56178,78
2026-05-26T09:46:00+00:00,0.561755,0.56173,0.561715,0.561755,105
2026-05-26T09:47:00+00:00,0.56173,0.561765,0.561725,0.56177,45
2026-05-26T09:48:00+00:00,0.56176,0.561805,0.561755,0.561805,54
2026-05-26T09:49:00+00:00,0.56181,0.56184,0.5618,0.56185,74
2026-05-26T09:50:00+00:00,0.561835,0.56186,0.561805,0.56189,112
2026-05-26T09:51:00+00:00,0.56186,0.56176,0.56175,0.561865,54
2026-05-26T09:52:00+00:00,0.56176,0.56173,0.56169,0.56177,78
2026-05-26T09:53:00+00:00,0.561735,0.561755,0.561735,0.56178,55
2026-05-26T09:54:00+00:00,0.56176,0.56169,0.561685,0.56177,94
2026-05-26T09:55:00+00:00,0.5617,0.56176,0.561675,0.561775,111
2026-05-26T09:56:00+00:00,0.561755,0.561785,0.561755,0.561795,53
2026-05-26T09:57:00+00:00,0.56178,0.56183,0.56178,0.561865,81
2026-05-26T09:58:00+00:00,0.56183,0.56181,0.561785,0.56183,53
2026-05-26T09:59:00+00:00,0.561815,0.56183,0.561795,0.561835,61
2026-05-26T10:00:00+00:00,0.561835,0.561815,0.561795,0.561845,148
2026-05-26T10:01:00+00:00,0.56182,0.56185,0.561785,0.561875,89
2026-05-26T10:02:00+00:00,0.56185,0.561815,0.561795,0.56185,94
2026-05-26T10:03:00+00:00,0.56182,0.56181,0.5618,0.561855,81
2026-05-26T10:04:00+00:00,0.561815,0.5618,0.56179,0.56184,76
2026-05-26T10:05:00+00:00,0.561805,0.561785,0.56176,0.561805,120
2026-05-26T10:06:00+00:00,0.561785,0.5618,0.561765,0.561805,100
2026-05-26T10:07:00+00:00,0.5618,0.5618,0.561745,0.56183,76
2026-05-26T10:08:00+00:00,0.561805,0.56177,0.56174,0.561805,108
2026-05-26T10:09:00+00:00,0.56177,0.56177,0.56172,0.5618,84
2026-05-26T10:10:00+00:00,0.561765,0.561815,0.561765,0.561825,81
2026-05-26T10:11:00+00:00,0.56182,0.561845,0.561805,0.56185,79
2026-05-26T10:12:00+00:00,0.56184,0.56181,0.561795,0.56185,83
2026-05-26T10:13:00+00:00,0.56181,0.5618,0.561785,0.56183,49
2026-05-26T10:14:00+00:00,0.561795,0.56182,0.56179,0.56185,63
2026-05-26T10:15:00+00:00,0.561815,0.5618,0.561795,0.561855,71
2026-05-26T10:16:00+00:00,0.561795,0.561815,0.561785,0.56183,74
2026-05-26T10:17:00+00:00,0.561815,0.56186,0.56181,0.56186,100
2026-05-26T10:18:00+00:00,0.561855,0.56183,0.56182,0.561855,53
2026-05-26T10:19:00+00:00,0.56183,0.56186,0.56182,0.561865,85
2026-05-26T10:20:00+00:00,0.561865,0.5619,0.561865,0.56193,97
2026-05-26T10:21:00+00:00,0.561905,0.56194,0.561905,0.561955,56
2026-05-26T10:22:00+00:00,0.561935,0.561855,0.561855,0.561935,106
2026-05-26T10:23:00+00:00,0.561855,0.561855,0.561845,0.56189,73
2026-05-26T10:24:00+00:00,0.561845,0.561875,0.561845,0.56193,91
2026-05-26T10:25:00+00:00,0.561875,0.561895,0.56187,0.561925,98
2026-05-26T10:26:00+00:00,0.5619,0.56193,0.561865,0.56193,48
2026-05-26T10:27:00+00:00,0.561925,0.561895,0.561885,0.56196,81
2026-05-26T10:28:00+00:00,0.5619,0.56187,0.56184,0.561925,221
2026-05-26T10:29:00+00:00,0.56187,0.561815,0.56179,0.56187,194
2026-05-26T10:30:00+00:00,0.56182,0.5619,0.561815,0.56193,370
2026-05-26T10:31:00+00:00,0.561895,0.561845,0.56182,0.561905,169
2026-05-26T10:32:00+00:00,0.56184,0.56179,0.56179,0.56186,172
2026-05-26T10:33:00+00:00,0.561785,0.561845,0.561775,0.56185,137
2026-05-26T10:34:00+00:00,0.56185,0.56189,0.56184,0.5619,144
2026-05-26T10:35:00+00:00,0.561895,0.56191,0.56188,0.561965,148
2026-05-26T10:36:00+00:00,0.561915,0.561875,0.56187,0.561925,124
2026-05-26T10:37:00+00:00,0.56188,0.561905,0.56187,0.56193,93
2026-05-26T10:38:00+00:00,0.56191,0.561895,0.561895,0.561915,79
2026-05-26T10:39:00+00:00,0.5619,0.56191,0.561885,0.56193,91
2026-05-26T10:40:00+00:00,0.561905,0.561905,0.561885,0.561945,108
2026-05-26T10:41:00+00:00,0.5619,0.56191,0.56188,0.561915,86
2026-05-26T10:42:00+00:00,0.56191,0.56198,0.56191,0.56198,83
2026-05-26T10:43:00+00:00,0.56198,0.56201,0.561965,0.562035,97
2026-05-26T10:44:00+00:00,0.562015,0.56203,0.561985,0.562035,91
2026-05-26T10:45:00+00:00,0.56203,0.561915,0.56191,0.56203,84
2026-05-26T10:46:00+00:00,0.561915,0.561845,0.561835,0.561925,70
2026-05-26T10:47:00+00:00,0.56184,0.561885,0.561835,0.56189,92
2026-05-26T10:48:00+00:00,0.56189,0.5619,0.561885,0.5619,47
2026-05-26T10:49:00+00:00,0.5619,0.561985,0.56188,0.561985,77
2026-05-26T10:50:00+00:00,0.56199,0.562005,0.56198,0.56202,67
2026-05-26T10:51:00+00:00,0.56201,0.56207,0.561985,0.56207,94
2026-05-26T10:52:00+00:00,0.56207,0.56212,0.562045,0.56212,118
2026-05-26T10:53:00+00:00,0.56212,0.56213,0.5621,0.562145,80
2026-05-26T10:54:00+00:00,0.562135,0.56214,0.56213,0.56218,80
2026-05-26T10:55:00+00:00,0.56215,0.56224,0.56215,0.56226,99
2026-05-26T10:56:00+00:00,0.562235,0.56228,0.562225,0.562295,109
2026-05-26T10:57:00+00:00,0.562275,0.562295,0.562225,0.562315,80
2026-05-26T10:58:00+00:00,0.5623,0.5623,0.56228,0.56232,68
2026-05-26T10:59:00+00:00,0.562305,0.562185,0.562175,0.562305,93
2026-05-26T11:00:00+00:00,0.56218,0.56222,0.562155,0.56223,99
2026-05-26T11:01:00+00:00,0.562225,0.562255,0.56221,0.562265,113
2026-05-26T11:02:00+00:00,0.56225,0.562185,0.562175,0.562275,79
2026-05-26T11:03:00+00:00,0.56218,0.56223,0.56215,0.562235,90
2026-05-26T11:04:00+00:00,0.56223,0.562235,0.562225,0.562275,64
2026-05-26T11:05:00+00:00,0.56224,0.56223,0.562215,0.56227,103
2026-05-26T11:06:00+00:00,0.56223,0.562165,0.562165,0.562255,71
2026-05-26T11:07:00+00:00,0.56216,0.56223,0.56216,0.562235,68
2026-05-26T11:08:00+00:00,0.56223,0.56219,0.562185,0.562235,58
2026-05-26T11:09:00+00:00,0.56219,0.56216,0.56214,0.562205,53
2026-05-26T11:10:00+00:00,0.56216,0.56216,0.562125,0.562175,50
2026-05-26T11:11:00+00:00,0.56216,0.562225,0.56215,0.562255,79
2026-05-26T11:12:00+00:00,0.56223,0.562275,0.562225,0.562315,64
2026-05-26T11:13:00+00:00,0.562275,0.562255,0.56221,0.562285,78
2026-05-26T11:14:00+00:00,0.562255,0.562225,0.562225,0.562285,64
2026-05-26T11:15:00+00:00,0.56223,0.562285,0.56223,0.56229,74
2026-05-26T11:16:00+00:00,0.562285,0.56231,0.562265,0.56231,40
2026-05-26T11:17:00+00:00,0.56231,0.5623,0.562285,0.56232,77
2026-05-26T11:18:00+00:00,0.562295,0.562285,0.56228,0.56233,78
2026-05-26T11:19:00+00:00,0.562285,0.562315,0.562255,0.562325,64
2026-05-26T11:20:00+00:00,0.56232,0.562305,0.56228,0.56233,72
2026-05-26T11:21:00+00:00,0.5623,0.56232,0.56228,0.56233,84
2026-05-26T11:22:00+00:00,0.562315,0.562345,0.56231,0.562345,44
2026-05-26T11:23:00+00:00,0.562355,0.56236,0.562335,0.56237,39
2026-05-26T11:24:00+00:00,0.56236,0.562355,0.562345,0.562385,50
2026-05-26T11:25:00+00:00,0.562355,0.562355,0.562345,0.562375,46
2026-05-26T11:26:00+00:00,0.562355,0.562315,0.562295,0.562375,49
2026-05-26T11:27:00+00:00,0.562315,0.562325,0.562285,0.562345,57
2026-05-26T11:28:00+00:00,0.562325,0.56239,0.562315,0.56239,32
2026-05-26T11:29:00+00:00,0.56239,0.5624,0.562375,0.562415,66
2026-05-26T11:30:00+00:00,0.5624,0.56239,0.562385,0.56241,65
2026-05-26T11:31:00+00:00,0.562395,0.562375,0.56237,0.56242,57
2026-05-26T11:32:00+00:00,0.562375,0.562405,0.562375,0.56245,71
2026-05-26T11:33:00+00:00,0.56241,0.562405,0.562355,0.56241,69
2026-05-26T11:34:00+00:00,0.562405,0.562365,0.5623,0.56241,374
2026-05-26T11:35:00+00:00,0.562355,0.562235,0.562225,0.5624,272
2026-05-26T11:36:00+00:00,0.56224,0.5622,0.562185,0.562275,347
2026-05-26T11:37:00+00:00,0.562195,0.562165,0.56216,0.56222,137
2026-05-26T11:38:00+00:00,0.56216,0.562245,0.562155,0.562245,118
2026-05-26T11:39:00+00:00,0.562245,0.562405,0.562245,0.562415,80
2026-05-26T11:40:00+00:00,0.562415,0.562455,0.562395,0.562485,94
2026-05-26T11:41:00+00:00,0.562455,0.562425,0.562405,0.562455,51
2026-05-26T11:42:00+00:00,0.56243,0.562475,0.562375,0.562495,102
2026-05-26T11:43:00+00:00,0.562475,0.562525,0.56245,0.56255,105
2026-05-26T11:44:00+00:00,0.56252,0.562535,0.562505,0.562545,80
2026-05-26T11:45:00+00:00,0.56254,0.562435,0.562425,0.56254,149
2026-05-26T11:46:00+00:00,0.56243,0.562445,0.562405,0.562475,105
2026-05-26T11:47:00+00:00,0.56244,0.562465,0.562435,0.562485,51
2026-05-26T11:48:00+00:00,0.562475,0.562475,0.562445,0.562495,113
2026-05-26T11:49:00+00:00,0.56248,0.56252,0.562475,0.562525,43
2026-05-26T11:50:00+00:00,0.56252,0.562635,0.56252,0.562665,70
2026-05-26T11:51:00+00:00,0.562635,0.562545,0.562545,0.562635,50
2026-05-26T11:52:00+00:00,0.562545,0.562595,0.562525,0.562595,58
2026-05-26T11:53:00+00:00,0.562595,0.56263,0.562585,0.562645,66
2026-05-26T11:54:00+00:00,0.562625,0.562555,0.56254,0.562625,45
2026-05-26T11:55:00+00:00,0.562555,0.56256,0.562545,0.562585,54
2026-05-26T11:56:00+00:00,0.562565,0.56268,0.562565,0.56269,87
2026-05-26T11:57:00+00:00,0.56268,0.56258,0.56258,0.562685,72
2026-05-26T11:58:00+00:00,0.56259,0.56265,0.562585,0.562675,107
2026-05-26T11:59:00+00:00,0.562645,0.562645,0.56263,0.562655,47
2026-05-26T12:00:00+00:00,0.56264,0.562595,0.56257,0.562665,119
2026-05-26T12:01:00+00:00,0.562595,0.562625,0.562595,0.56264,76
2026-05-26T12:02:00+00:00,0.56262,0.56256,0.562555,0.562635,70
2026-05-26T12:03:00+00:00,0.56256,0.56253,0.562525,0.562565,38
2026-05-26T12:04:00+00:00,0.562535,0.56253,0.562505,0.562535,59
2026-05-26T12:05:00+00:00,0.562535,0.562605,0.562535,0.56263,88
2026-05-26T12:06:00+00:00,0.562595,0.562635,0.562595,0.56264,89
2026-05-26T12:07:00+00:00,0.562635,0.562615,0.562595,0.56264,49
2026-05-26T12:08:00+00:00,0.562615,0.56257,0.562535,0.562615,195
2026-05-26T12:09:00+00:00,0.562575,0.56267,0.562555,0.562685,218
2026-05-26T12:10:00+00:00,0.562665,0.562615,0.562595,0.562675,86
2026-05-26T12:11:00+00:00,0.562615,0.5626,0.562585,0.562635,58
2026-05-26T12:12:00+00:00,0.562595,0.562595,0.562565,0.562625,98
2026-05-26T12:13:00+00:00,0.562605,0.562595,0.56257,0.562605,29
2026-05-26T12:14:00+00:00,0.562595,0.56264,0.56258,0.56266,80
2026-05-26T12:15:00+00:00,0.56264,0.562675,0.5626,0.562695,73
2026-05-26T12:16:00+00:00,0.562685,0.562655,0.562635,0.56269,57
2026-05-26T12:17:00+00:00,0.562655,0.562645,0.56263,0.562695,58
2026-05-26T12:18:00+00:00,0.56264,0.56263,0.562625,0.562665,67
2026-05-26T12:19:00+00:00,0.562635,0.562685,0.562625,0.562695,48
2026-05-26T12:20:00+00:00,0.56268,0.56256,0.56256,0.562715,60
2026-05-26T12:21:00+00:00,0.56256,0.562535,0.562515,0.562565,60
2026-05-26T12:22:00+00:00,0.562545,0.562635,0.562545,0.56264,47
2026-05-26T12:23:00+00:00,0.562635,0.562595,0.562545,0.562635,37
2026-05-26T12:24:00+00:00,0.562595,0.562605,0.562555,0.56262,38
2026-05-26T12:25:00+00:00,0.562605,0.562635,0.562585,0.56265,28
2026-05-26T12:26:00+00:00,0.562645,0.56259,0.56256,0.562645,69
2026-05-26T12:27:00+00:00,0.56259,0.562605,0.562585,0.562625,24
2026-05-26T12:28:00+00:00,0.562605,0.562675,0.562605,0.562685,43
2026-05-26T12:29:00+00:00,0.562675,0.562725,0.562675,0.562725,50
2026-05-26T12:30:00+00:00,0.56272,0.562675,0.562675,0.562745,40
2026-05-26T12:31:00+00:00,0.56268,0.562695,0.562655,0.562705,34
2026-05-26T12:32:00+00:00,0.562705,0.562735,0.562685,0.562745,41
2026-05-26T12:33:00+00:00,0.562725,0.562725,0.562725,0.562745,38
2026-05-26T12:34:00+00:00,0.562725,0.562745,0.562725,0.562755,26
2026-05-26T12:35:00+00:00,0.56274,0.562675,0.562645,0.56274,74
2026-05-26T12:36:00+00:00,0.562675,0.562695,0.562635,0.562705,41
2026-05-26T12:37:00+00:00,0.562695,0.562705,0.562665,0.562725,61
2026-05-26T12:38:00+00:00,0.562695,0.562705,0.562685,0.562725,46
2026-05-26T12:39:00+00:00,0.562705,0.562695,0.56267,0.562715,33
2026-05-26T12:40:00+00:00,0.562685,0.56269,0.562675,0.562735,42
2026-05-26T12:41:00+00:00,0.562685,0.562775,0.562685,0.562795,61
2026-05-26T12:42:00+00:00,0.56278,0.562835,0.562765,0.562855,91
2026-05-26T12:43:00+00:00,0.56284,0.562815,0.562785,0.562845,68
2026-05-26T12:44:00+00:00,0.5628,0.562755,0.562755,0.5628,62
2026-05-26T12:45:00+00:00,0.562755,0.562645,0.562645,0.56276,60
2026-05-26T12:46:00+00:00,0.562655,0.562635,0.562615,0.562675,67
2026-05-26T12:47:00+00:00,0.562635,0.562595,0.562595,0.562655,48
2026-05-26T12:48:00+00:00,0.562595,0.562615,0.56258,0.562625,37
2026-05-26T12:49:00+00:00,0.562615,0.562595,0.562575,0.562645,48
2026-05-26T12:50:00+00:00,0.562595,0.562595,0.562575,0.562615,61
2026-05-26T12:51:00+00:00,0.5626,0.562675,0.5626,0.562685,76
2026-05-26T12:52:00+00:00,0.56267,0.562665,0.56266,0.562735,90
2026-05-26T12:53:00+00:00,0.56266,0.5627,0.562655,0.562715,67
2026-05-26T12:54:00+00:00,0.562705,0.56272,0.562695,0.562755,86
2026-05-26T12:55:00+00:00,0.56272,0.56275,0.56271,0.562765,127
2026-05-26T12:56:00+00:00,0.562755,0.56277,0.562745,0.56278,75
2026-05-26T12:57:00+00:00,0.562765,0.562835,0.562765,0.56284,62
2026-05-26T12:58:00+00:00,0.562835,0.562795,0.56277,0.562835,93
2026-05-26T12:59:00+00:00,0.5628,0.562775,0.562755,0.5628,59
2026-05-26T13:00:00+00:00,0.56278,0.562765,0.56272,0.562785,104
2026-05-26T13:01:00+00:00,0.56276,0.562805,0.562745,0.562815,79
2026-05-26T13:02:00+00:00,0.5628,0.56273,0.562705,0.5628,141
2026-05-26T13:03:00+00:00,0.562725,0.562785,0.562725,0.562805,103
2026-05-26T13:04:00+00:00,0.56278,0.562835,0.562775,0.56287,91
2026-05-26T13:05:00+00:00,0.562845,0.562915,0.562825,0.562935,139
2026-05-26T13:06:00+00:00,0.562915,0.56293,0.562895,0.56294,94
2026-05-26T13:07:00+00:00,0.562925,0.562865,0.562825,0.562925,98
2026-05-26T13:08:00+00:00,0.562865,0.56289,0.562845,0.562895,63
2026-05-26T13:09:00+00:00,0.56289,0.56288,0.562875,0.56291,49
2026-05-26T13:10:00+00:00,0.56288,0.562955,0.562865,0.562955,71
2026-05-26T13:11:00+00:00,0.562955,0.56292,0.562885,0.562955,123
2026-05-26T13:12:00+00:00,0.562915,0.562945,0.562895,0.562955,96
2026-05-26T13:13:00+00:00,0.562945,0.56296,0.562915,0.562975,77
2026-05-26T13:14:00+00:00,0.562965,0.563035,0.562955,0.563075,139
2026-05-26T13:15:00+00:00,0.56303,0.56305,0.562995,0.563055,114
2026-05-26T13:16:00+00:00,0.563045,0.563025,0.56301,0.56305,108
2026-05-26T13:17:00+00:00,0.56303,0.563105,0.563005,0.56311,93
2026-05-26T13:18:00+00:00,0.56311,0.563105,0.563095,0.56313,107
2026-05-26T13:19:00+00:00,0.563105,0.563065,0.56306,0.563145,100
2026-05-26T13:20:00+00:00,0.563055,0.563025,0.56301,0.563085,114
2026-05-26T13:21:00+00:00,0.56303,0.56299,0.56294,0.56303,137
2026-05-26T13:22:00+00:00,0.562985,0.563005,0.562965,0.563045,103
2026-05-26T13:23:00+00:00,0.563,0.56302,0.56298,0.563045,77
2026-05-26T13:24:00+00:00,0.56302,0.56305,0.563005,0.56305,96
2026-05-26T13:25:00+00:00,0.563045,0.56302,0.56299,0.56305,85
2026-05-26T13:26:00+00:00,0.563015,0.56301,0.562985,0.56305,108
2026-05-26T13:27:00+00:00,0.56301,0.56307,0.563005,0.563075,73
2026-05-26T13:28:00+00:00,0.563065,0.563075,0.56297,0.563075,149
2026-05-26T13:29:00+00:00,0.56308,0.56314,0.563055,0.563155,186
2026-05-26T13:30:00+00:00,0.563135,0.562995,0.562995,0.56317,310
2026-05-26T13:31:00+00:00,0.56299,0.56293,0.562895,0.56301,229
2026-05-26T13:32:00+00:00,0.562935,0.56292,0.56291,0.56301,226
2026-05-26T13:33:00+00:00,0.562925,0.562785,0.56278,0.56295,197
2026-05-26T13:34:00+00:00,0.56279,0.56287,0.562785,0.56292,190
2026-05-26T13:35:00+00:00,0.562865,0.562755,0.562745,0.562885,226
2026-05-26T13:36:00+00:00,0.56276,0.562745,0.56274,0.56279,157
2026-05-26T13:37:00+00:00,0.56275,0.56285,0.562745,0.562865,190
2026-05-26T13:38:00+00:00,0.562855,0.562915,0.562835,0.562915,201
2026-05-26T13:39:00+00:00,0.56292,0.56289,0.56287,0.56294,174
2026-05-26T13:40:00+00:00,0.562885,0.562875,0.56285,0.56293,224
2026-05-26T13:41:00+00:00,0.56288,0.562935,0.56287,0.56294,164
2026-05-26T13:42:00+00:00,0.56293,0.562985,0.562895,0.563,226
2026-05-26T13:43:00+00:00,0.562995,0.563075,0.562985,0.563075,163
2026-05-26T13:44:00+00:00,0.56308,0.56299,0.56298,0.563125,209
2026-05-26T13:45:00+00:00,0.562985,0.563025,0.56296,0.56306,165
2026-05-26T13:46:00+00:00,0.56303,0.563235,0.562995,0.563245,199
2026-05-26T13:47:00+00:00,0.56324,0.563095,0.56308,0.563275,211
2026-05-26T13:48:00+00:00,0.5631,0.56306,0.563025,0.563135,139
2026-05-26T13:49:00+00:00,0.56306,0.563055,0.56305,0.56313,107
2026-05-26T13:50:00+00:00,0.56306,0.56298,0.562965,0.56309,214
2026-05-26T13:51:00+00:00,0.562985,0.563025,0.562895,0.56311,440
2026-05-26T13:52:00+00:00,0.56302,0.562985,0.562985,0.56312,315
2026-05-26T13:53:00+00:00,0.56298,0.56297,0.56285,0.563005,513
2026-05-26T13:54:00+00:00,0.562965,0.562905,0.562905,0.56299,265
2026-05-26T13:55:00+00:00,0.56291,0.56293,0.56284,0.562945,296
2026-05-26T13:56:00+00:00,0.562925,0.56289,0.56286,0.56295,199
2026-05-26T13:57:00+00:00,0.562895,0.562955,0.562895,0.56298,161
2026-05-26T13:58:00+00:00,0.562945,0.56294,0.562935,0.56299,80
2026-05-26T13:59:00+00:00,0.562935,0.56291,0.56291,0.563005,134
2026-05-26T14:00:00+00:00,0.56292,0.56302,0.56291,0.563045,285
2026-05-26T14:01:00+00:00,0.563015,0.56299,0.562965,0.56303,210
2026-05-26T14:02:00+00:00,0.563,0.563045,0.562985,0.563065,199
2026-05-26T14:03:00+00:00,0.56305,0.563055,0.56301,0.563075,206
2026-05-26T14:04:00+00:00,0.56306,0.563025,0.563015,0.563085,106
2026-05-26T14:05:00+00:00,0.563015,0.562845,0.56284,0.563025,215
2026-05-26T14:06:00+00:00,0.56285,0.56284,0.562795,0.56286,211
2026-05-26T14:07:00+00:00,0.562835,0.562805,0.56279,0.562875,226
2026-05-26T14:08:00+00:00,0.562805,0.56285,0.562765,0.562865,180
2026-05-26T14:09:00+00:00,0.562845,0.562815,0.562785,0.56288,194
2026-05-26T14:10:00+00:00,0.56282,0.56287,0.562815,0.562885,139
2026-05-26T14:11:00+00:00,0.562875,0.56281,0.56278,0.562885,151
2026-05-26T14:12:00+00:00,0.562815,0.56281,0.562795,0.562855,108
2026-05-26T14:13:00+00:00,0.562805,0.562865,0.56278,0.562905,158
2026-05-26T14:14:00+00:00,0.56286,0.56288,0.562835,0.56289,117
2026-05-26T14:15:00+00:00,0.562875,0.562845,0.56284,0.56289,97
2026-05-26T14:16:00+00:00,0.56285,0.562965,0.562825,0.562975,130
2026-05-26T14:17:00+00:00,0.56296,0.563025,0.56293,0.563035,106
2026-05-26T14:18:00+00:00,0.56302,0.563105,0.563,0.563105,91
2026-05-26T14:19:00+00:00,0.563105,0.5631,0.56303,0.563115,95
2026-05-26T14:20:00+00:00,0.563095,0.563045,0.563035,0.563165,101
2026-05-26T14:21:00+00:00,0.56304,0.562925,0.56292,0.56306,85
2026-05-26T14:22:00+00:00,0.56292,0.562935,0.562905,0.563075,136
2026-05-26T14:23:00+00:00,0.56294,0.56292,0.562905,0.56299,155
2026-05-26T14:24:00+00:00,0.562925,0.56292,0.562835,0.56295,118
2026-05-26T14:25:00+00:00,0.562915,0.562885,0.562885,0.562955,173
2026-05-26T14:26:00+00:00,0.56288,0.5628,0.562775,0.562885,118
2026-05-26T14:27:00+00:00,0.562795,0.562815,0.562795,0.56286,101
2026-05-26T14:28:00+00:00,0.562815,0.56278,0.562755,0.562835,125
2026-05-26T14:29:00+00:00,0.562775,0.562745,0.562745,0.562795,91
2026-05-26T14:30:00+00:00,0.56274,0.56275,0.562685,0.562765,129
2026-05-26T14:31:00+00:00,0.562745,0.562655,0.562655,0.56276,122
2026-05-26T14:32:00+00:00,0.562655,0.562585,0.562565,0.56267,140
2026-05-26T14:33:00+00:00,0.56258,0.56255,0.56248,0.56258,155
2026-05-26T14:34:00+00:00,0.562555,0.562565,0.56249,0.56258,162
2026-05-26T14:35:00+00:00,0.56257,0.56271,0.56257,0.562745,274
2026-05-26T14:36:00+00:00,0.562705,0.56265,0.56261,0.562735,258
2026-05-26T14:37:00+00:00,0.562655,0.56268,0.56262,0.562705,221
2026-05-26T14:38:00+00:00,0.562675,0.56267,0.562655,0.5627,199
2026-05-26T14:39:00+00:00,0.562665,0.562615,0.562595,0.562685,214
2026-05-26T14:40:00+00:00,0.562605,0.562675,0.5626,0.56269,184
2026-05-26T14:41:00+00:00,0.562675,0.56263,0.562605,0.562705,122
2026-05-26T14:42:00+00:00,0.562615,0.56272,0.5626,0.562725,170
2026-05-26T14:43:00+00:00,0.562715,0.56259,0.562585,0.562735,187
2026-05-26T14:44:00+00:00,0.56259,0.562695,0.5625,0.562695,187
2026-05-26T14:45:00+00:00,0.562695,0.562645,0.5626,0.562695,150
2026-05-26T14:46:00+00:00,0.56264,0.562635,0.56261,0.562675,158
2026-05-26T14:47:00+00:00,0.56263,0.562635,0.56263,0.5627,162
2026-05-26T14:48:00+00:00,0.56264,0.56269,0.56261,0.56271,245
2026-05-26T14:49:00+00:00,0.562685,0.56271,0.562655,0.56272,156
2026-05-26T14:50:00+00:00,0.562705,0.562735,0.56269,0.56277,157
2026-05-26T14:51:00+00:00,0.56273,0.56274,0.562715,0.56277,172
2026-05-26T14:52:00+00:00,0.562745,0.56278,0.5627,0.56278,165
2026-05-26T14:53:00+00:00,0.562775,0.56292,0.56277,0.56292,205
2026-05-26T14:54:00+00:00,0.562925,0.56291,0.562815,0.562935,201
2026-05-26T14:55:00+00:00,0.562905,0.562865,0.562845,0.56299,233
2026-05-26T14:56:00+00:00,0.56286,0.56279,0.56278,0.56291,237
2026-05-26T14:57:00+00:00,0.562795,0.562925,0.562755,0.562925,257
2026-05-26T14:58:00+00:00,0.562935,0.562985,0.562915,0.56301,197
2026-05-26T14:59:00+00:00,0.56298,0.563015,0.56297,0.563035,179
2026-05-26T15:00:00+00:00,0.56301,0.56299,0.56295,0.56302,201
2026-05-26T15:01:00+00:00,0.56299,0.562975,0.562945,0.56301,168
2026-05-26T15:02:00+00:00,0.56298,0.563,0.56293,0.563045,252
2026-05-26T15:03:00+00:00,0.562995,0.562995,0.56296,0.563055,224
2026-05-26T15:04:00+00:00,0.56299,0.56301,0.562965,0.56302,135
2026-05-26T15:05:00+00:00,0.563015,0.562975,0.562945,0.56302,176
2026-05-26T15:06:00+00:00,0.562975,0.562985,0.56292,0.562995,205
2026-05-26T15:07:00+00:00,0.562975,0.56303,0.56296,0.56304,125
2026-05-26T15:08:00+00:00,0.563025,0.563005,0.563005,0.563075,184
2026-05-26T15:09:00+00:00,0.56301,0.56297,0.56297,0.563035,176
2026-05-26T15:10:00+00:00,0.562965,0.56292,0.56292,0.56297,116
2026-05-26T15:11:00+00:00,0.56292,0.562945,0.562915,0.562985,114
2026-05-26T15:12:00+00:00,0.562955,0.563045,0.562945,0.563045,107
2026-05-26T15:13:00+00:00,0.56305,0.56302,0.56301,0.563075,144
2026-05-26T15:14:00+00:00,0.563015,0.563035,0.562995,0.563045,217
2026-05-26T15:15:00+00:00,0.563025,0.563015,0.562955,0.563045,144
2026-05-26T15:16:00+00:00,0.563015,0.562985,0.562965,0.56302,75
2026-05-26T15:17:00+00:00,0.56298,0.56296,0.562955,0.563005,119
2026-05-26T15:18:00+00:00,0.562965,0.562925,0.562915,0.562975,101
2026-05-26T15:19:00+00:00,0.562915,0.56291,0.56289,0.56294,126
2026-05-26T15:20:00+00:00,0.562905,0.562875,0.562845,0.56292,117
2026-05-26T15:21:00+00:00,0.56287,0.562845,0.562835,0.562885,87
2026-05-26T15:22:00+00:00,0.562835,0.562855,0.562825,0.562885,89
2026-05-26T15:23:00+00:00,0.562855,0.562865,0.562835,0.562865,91
2026-05-26T15:24:00+00:00,0.56287,0.56286,0.562825,0.562895,112
2026-05-26T15:25:00+00:00,0.56286,0.562905,0.56286,0.562925,117
2026-05-26T15:26:00+00:00,0.562905,0.562885,0.56288,0.56293,104
2026-05-26T15:27:00+00:00,0.56288,0.56286,0.562835,0.562885,97
2026-05-26T15:28:00+00:00,0.562855,0.562815,0.562815,0.56291,94
2026-05-26T15:29:00+00:00,0.56282,0.56281,0.562795,0.56285,99
2026-05-26T15:30:00+00:00,0.562815,0.56281,0.562795,0.56285,130
2026-05-26T15:31:00+00:00,0.562815,0.562845,0.562785,0.562865,123
2026-05-26T15:32:00+00:00,0.56284,0.562915,0.562825,0.562965,172
2026-05-26T15:33:00+00:00,0.562905,0.562945,0.562905,0.562965,62
2026-05-26T15:34:00+00:00,0.56294,0.56298,0.562915,0.562995,137
2026-05-26T15:35:00+00:00,0.562975,0.56299,0.56296,0.563035,104
2026-05-26T15:36:00+00:00,0.562985,0.56294,0.562935,0.563035,151
2026-05-26T15:37:00+00:00,0.562935,0.562995,0.5629,0.563,196
2026-05-26T15:38:00+00:00,0.562985,0.56297,0.562905,0.562985,132
2026-05-26T15:39:00+00:00,0.562965,0.56303,0.56296,0.56305,77
2026-05-26T15:40:00+00:00,0.563025,0.562945,0.562925,0.56303,98
2026-05-26T15:41:00+00:00,0.562955,0.56299,0.562925,0.563005,115
2026-05-26T15:42:00+00:00,0.562995,0.563015,0.562985,0.563035,116
2026-05-26T15:43:00+00:00,0.56301,0.563005,0.562995,0.563035,114
2026-05-26T15:44:00+00:00,0.562995,0.563005,0.562985,0.56303,89
2026-05-26T15:45:00+00:00,0.563005,0.562975,0.562925,0.563015,115
2026-05-26T15:46:00+00:00,0.562965,0.562905,0.562875,0.56297,110
2026-05-26T15:47:00+00:00,0.562905,0.562915,0.5629,0.56293,92
2026-05-26T15:48:00+00:00,0.56292,0.562895,0.56288,0.562945,106
2026-05-26T15:49:00+00:00,0.56289,0.562905,0.562885,0.562935,92
2026-05-26T15:50:00+00:00,0.562905,0.562905,0.562885,0.56292,139
2026-05-26T15:51:00+00:00,0.562895,0.56286,0.562855,0.562915,108
2026-05-26T15:52:00+00:00,0.562855,0.562885,0.56283,0.562905,98
2026-05-26T15:53:00+00:00,0.562875,0.562825,0.56282,0.56288,62
2026-05-26T15:54:00+00:00,0.56282,0.562805,0.562765,0.562855,97
2026-05-26T15:55:00+00:00,0.5628,0.562785,0.562785,0.562845,89
2026-05-26T15:56:00+00:00,0.562795,0.562815,0.562765,0.56282,133
2026-05-26T15:57:00+00:00,0.56282,0.56287,0.56282,0.56289,147
2026-05-26T15:58:00+00:00,0.562865,0.562835,0.562795,0.56287,98
2026-05-26T15:59:00+00:00,0.56283,0.56284,0.56282,0.562855,66
2026-05-26T16:00:00+00:00,0.562835,0.562785,0.562785,0.562855,91
2026-05-26T16:01:00+00:00,0.56278,0.562855,0.562775,0.562875,94
2026-05-26T16:02:00+00:00,0.56286,0.562925,0.562855,0.562935,129
2026-05-26T16:03:00+00:00,0.56293,0.562945,0.562925,0.56297,89
2026-05-26T16:04:00+00:00,0.56295,0.56294,0.562925,0.562955,79
2026-05-26T16:05:00+00:00,0.562935,0.562945,0.562935,0.562965,63
2026-05-26T16:06:00+00:00,0.562945,0.562875,0.56287,0.562945,63
2026-05-26T16:07:00+00:00,0.56287,0.562885,0.56287,0.562905,56
2026-05-26T16:08:00+00:00,0.56289,0.56289,0.562855,0.562915,45
2026-05-26T16:09:00+00:00,0.562895,0.562955,0.56289,0.562955,90
2026-05-26T16:10:00+00:00,0.562965,0.562975,0.562935,0.562985,90
2026-05-26T16:11:00+00:00,0.56298,0.562965,0.562955,0.56299,92
2026-05-26T16:12:00+00:00,0.56296,0.562935,0.562915,0.56296,114
2026-05-26T16:13:00+00:00,0.56293,0.562965,0.56293,0.56297,92
2026-05-26T16:14:00+00:00,0.562965,0.562955,0.56293,0.56298,111
2026-05-26T16:15:00+00:00,0.562945,0.562985,0.562915,0.563005,115
2026-05-26T16:16:00+00:00,0.56298,0.56303,0.562955,0.56303,99
2026-05-26T16:17:00+00:00,0.563025,0.56303,0.56302,0.563045,72
2026-05-26T16:18:00+00:00,0.563025,0.56302,0.563015,0.563055,73
2026-05-26T16:19:00+00:00,0.56302,0.563,0.562965,0.563025,174
2026-05-26T16:20:00+00:00,0.562995,0.562955,0.56295,0.563005,91
2026-05-26T16:21:00+00:00,0.56295,0.56291,0.56289,0.56296,86
2026-05-26T16:22:00+00:00,0.562915,0.562915,0.56289,0.562925,83
2026-05-26T16:23:00+00:00,0.56291,0.56291,0.562895,0.56293,83
2026-05-26T16:24:00+00:00,0.562905,0.562945,0.562905,0.562955,87
2026-05-26T16:25:00+00:00,0.562945,0.56284,0.562835,0.56295,97
2026-05-26T16:26:00+00:00,0.562845,0.56283,0.562815,0.562855,74
2026-05-26T16:27:00+00:00,0.56283,0.56285,0.562825,0.56286,46
2026-05-26T16:28:00+00:00,0.56285,0.562855,0.562835,0.562875,71
2026-05-26T16:29:00+00:00,0.56286,0.562845,0.562835,0.56287,72
2026-05-26T16:30:00+00:00,0.56285,0.5628,0.562795,0.562855,72
2026-05-26T16:31:00+00:00,0.5628,0.56279,0.56277,0.5628,34
2026-05-26T16:32:00+00:00,0.56279,0.562795,0.56278,0.56282,56
2026-05-26T16:33:00+00:00,0.562795,0.562825,0.562765,0.562825,205
2026-05-26T16:34:00+00:00,0.56283,0.56286,0.56282,0.562875,141
2026-05-26T16:35:00+00:00,0.562865,0.562805,0.562805,0.56288,77
2026-05-26T16:36:00+00:00,0.562815,0.56276,0.56275,0.562815,119
2026-05-26T16:37:00+00:00,0.562765,0.562755,0.56274,0.562775,101
2026-05-26T16:38:00+00:00,0.562755,0.56275,0.56274,0.562765,110
2026-05-26T16:39:00+00:00,0.562745,0.562725,0.562695,0.562745,77
2026-05-26T16:40:00+00:00,0.562725,0.5627,0.562695,0.562735,101
2026-05-26T16:41:00+00:00,0.562695,0.56269,0.56267,0.562705,107
2026-05-26T16:42:00+00:00,0.56268,0.562685,0.56267,0.5627,83
2026-05-26T16:43:00+00:00,0.56268,0.562785,0.56268,0.5628,122
2026-05-26T16:44:00+00:00,0.562785,0.562795,0.562775,0.562805,84
2026-05-26T16:45:00+00:00,0.5628,0.562805,0.562785,0.56284,111
2026-05-26T16:46:00+00:00,0.5628,0.56281,0.562795,0.56283,97
2026-05-26T16:47:00+00:00,0.562815,0.5628,0.562785,0.56283,106
2026-05-26T16:48:00+00:00,0.562795,0.56276,0.56275,0.56281,113
2026-05-26T16:49:00+00:00,0.562765,0.56277,0.56276,0.562815,96
2026-05-26T16:50:00+00:00,0.562765,0.56281,0.56276,0.562815,96
2026-05-26T16:51:00+00:00,0.562815,0.56281,0.56277,0.56282,81
2026-05-26T16:52:00+00:00,0.562815,0.562765,0.56274,0.562815,88
2026-05-26T16:53:00+00:00,0.56276,0.56278,0.56276,0.562785,113
2026-05-26T16:54:00+00:00,0.562775,0.56281,0.56277,0.56282,68
2026-05-26T16:55:00+00:00,0.562805,0.5628,0.562755,0.562815,121
2026-05-26T16:56:00+00:00,0.562805,0.562835,0.5628,0.56284,82
2026-05-26T16:57:00+00:00,0.56283,0.56284,0.56283,0.56286,87
2026-05-26T16:58:00+00:00,0.562845,0.56286,0.56283,0.56287,73
2026-05-26T16:59:00+00:00,0.562865,0.562845,0.56282,0.56287,71
2026-05-26T17:00:00+00:00,0.562845,0.56286,0.56282,0.562865,77
2026-05-26T17:01:00+00:00,0.562865,0.562905,0.562855,0.562915,121
2026-05-26T17:02:00+00:00,0.56291,0.56291,0.56288,0.562915,99
2026-05-26T17:03:00+00:00,0.56291,0.56294,0.562895,0.56294,80
2026-05-26T17:04:00+00:00,0.56294,0.562915,0.5629,0.56294,93
2026-05-26T17:05:00+00:00,0.562915,0.5629,0.56287,0.562915,99
2026-05-26T17:06:00+00:00,0.562895,0.562915,0.562875,0.56293,116
2026-05-26T17:07:00+00:00,0.56291,0.56285,0.562845,0.562915,91
2026-05-26T17:08:00+00:00,0.56285,0.562845,0.56284,0.562885,102
2026-05-26T17:09:00+00:00,0.562845,0.562835,0.562825,0.56286,85
2026-05-26T17:10:00+00:00,0.56284,0.562855,0.562805,0.562855,123
2026-05-26T17:11:00+00:00,0.562855,0.56287,0.562845,0.56289,102
2026-05-26T17:12:00+00:00,0.56287,0.56285,0.562835,0.56287,63
2026-05-26T17:13:00+00:00,0.56285,0.56287,0.56285,0.56288,90
2026-05-26T17:14:00+00:00,0.56287,0.56287,0.56285,0.562885,64
2026-05-26T17:15:00+00:00,0.562875,0.56289,0.562875,0.562895,58
2026-05-26T17:16:00+00:00,0.56289,0.56285,0.56285,0.5629,53
2026-05-26T17:17:00+00:00,0.562855,0.56285,0.562835,0.56287,76
2026-05-26T17:18:00+00:00,0.562845,0.56285,0.562835,0.562875,95
2026-05-26T17:19:00+00:00,0.56285,0.56282,0.56282,0.56286,49
2026-05-26T17:20:00+00:00,0.562825,0.56288,0.56282,0.56288,104
2026-05-26T17:21:00+00:00,0.562875,0.56289,0.562865,0.562915,89
2026-05-26T17:22:00+00:00,0.562895,0.56289,0.56288,0.562925,90
2026-05-26T17:23:00+00:00,0.56289,0.56292,0.562885,0.562935,103
2026-05-26T17:24:00+00:00,0.56293,0.562905,0.56287,0.56294,122
2026-05-26T17:25:00+00:00,0.562905,0.56283,0.56283,0.562905,105
2026-05-26T17:26:00+00:00,0.562835,0.56284,0.562825,0.56286,96
2026-05-26T17:27:00+00:00,0.562835,0.562865,0.562835,0.562875,48
2026-05-26T17:28:00+00:00,0.562865,0.56287,0.56284,0.562885,89
2026-05-26T17:29:00+00:00,0.562875,0.56288,0.562865,0.562905,106
2026-05-26T17:30:00+00:00,0.562885,0.56284,0.56282,0.56289,94
2026-05-26T17:31:00+00:00,0.56284,0.562875,0.56281,0.56288,107
2026-05-26T17:32:00+00:00,0.56288,0.56292,0.56287,0.56292,98
2026-05-26T17:33:00+00:00,0.562925,0.562925,0.562885,0.56293,109
2026-05-26T17:34:00+00:00,0.562925,0.562895,0.56289,0.56293,122
2026-05-26T17:35:00+00:00,0.5629,0.5629,0.56288,0.56291,105
2026-05-26T17:36:00+00:00,0.56289,0.56291,0.56288,0.56292,97
2026-05-26T17:37:00+00:00,0.5629,0.56292,0.562895,0.562925,95
2026-05-26T17:38:00+00:00,0.56292,0.562945,0.562905,0.562945,63
2026-05-26T17:39:00+00:00,0.56295,0.56293,0.562925,0.56296,84
2026-05-26T17:40:00+00:00,0.56293,0.5629,0.56288,0.56293,98
2026-05-26T17:41:00+00:00,0.5629,0.562845,0.562845,0.5629,103
2026-05-26T17:42:00+00:00,0.56285,0.562835,0.562825,0.56285,44
2026-05-26T17:43:00+00:00,0.56284,0.562885,0.562835,0.56289,74
2026-05-26T17:44:00+00:00,0.56288,0.56285,0.56285,0.562885,59
2026-05-26T17:45:00+00:00,0.562855,0.562875,0.56285,0.562875,67
2026-05-26T17:46:00+00:00,0.562875,0.56288,0.56284,0.56291,80
2026-05-26T17:47:00+00:00,0.56287,0.56291,0.56287,0.562925,70
2026-05-26T17:48:00+00:00,0.562915,0.562905,0.562895,0.56293,81
2026-05-26T17:49:00+00:00,0.562905,0.562945,0.562905,0.562955,67
2026-05-26T17:50:00+00:00,0.56295,0.562945,0.56292,0.562965,78
2026-05-26T17:51:00+00:00,0.562945,0.56296,0.562945,0.562975,65
2026-05-26T17:52:00+00:00,0.56296,0.562945,0.562925,0.56296,72
2026-05-26T17:53:00+00:00,0.562945,0.56294,0.562935,0.56297,59
2026-05-26T17:54:00+00:00,0.562935,0.56294,0.56292,0.56295,63
2026-05-26T17:55:00+00:00,0.56293,0.562915,0.562905,0.56295,51
2026-05-26T17:56:00+00:00,0.562925,0.562925,0.5629,0.562935,64
2026-05-26T17:57:00+00:00,0.562925,0.56293,0.562895,0.56294,74
2026-05-26T17:58:00+00:00,0.56293,0.562915,0.5629,0.56294,63
2026-05-26T17:59:00+00:00,0.56291,0.5629,0.5629,0.56294,46
2026-05-26T18:00:00+00:00,0.562905,0.56292,0.56289,0.56293,97
2026-05-26T18:01:00+00:00,0.56292,0.56294,0.562915,0.56295,56
2026-05-26T18:02:00+00:00,0.56294,0.56294,0.562915,0.562945,63
2026-05-26T18:03:00+00:00,0.562935,0.56295,0.562915,0.56296,87
2026-05-26T18:04:00+00:00,0.56295,0.56298,0.56293,0.56299,74
2026-05-26T18:05:00+00:00,0.56299,0.562965,0.562955,0.563,96
2026-05-26T18:06:00+00:00,0.56297,0.562995,0.562965,0.563005,62
2026-05-26T18:07:00+00:00,0.563,0.56302,0.563,0.56303,47
2026-05-26T18:08:00+00:00,0.56302,0.563025,0.56302,0.563045,62
2026-05-26T18:09:00+00:00,0.56303,0.56302,0.563,0.563035,52
2026-05-26T18:10:00+00:00,0.56302,0.56306,0.56299,0.56306,64
2026-05-26T18:11:00+00:00,0.563065,0.563065,0.56304,0.56307,69
2026-05-26T18:12:00+00:00,0.56306,0.56307,0.56304,0.563095,54
2026-05-26T18:13:00+00:00,0.56307,0.56307,0.56305,0.56308,43
2026-05-26T18:14:00+00:00,0.563065,0.56304,0.56303,0.563085,81
2026-05-26T18:15:00+00:00,0.563045,0.56304,0.563035,0.563075,78
2026-05-26T18:16:00+00:00,0.563035,0.56301,0.563005,0.563045,60
2026-05-26T18:17:00+00:00,0.563005,0.56303,0.563,0.56305,96
2026-05-26T18:18:00+00:00,0.563025,0.563025,0.563015,0.563035,74
2026-05-26T18:19:00+00:00,0.563025,0.563045,0.56302,0.56305,64
2026-05-26T18:20:00+00:00,0.563045,0.56303,0.562995,0.56305,59
2026-05-26T18:21:00+00:00,0.56303,0.563055,0.563005,0.563075,72
2026-05-26T18:22:00+00:00,0.563055,0.563065,0.56305,0.563095,79
2026-05-26T18:23:00+00:00,0.563065,0.56309,0.563055,0.563095,97
2026-05-26T18:24:00+00:00,0.563085,0.563025,0.563015,0.563085,88
2026-05-26T18:25:00+00:00,0.56303,0.563025,0.56301,0.563035,72
2026-05-26T18:26:00+00:00,0.56302,0.56305,0.56301,0.56305,66
2026-05-26T18:27:00+00:00,0.563055,0.56308,0.563025,0.56308,82
2026-05-26T18:28:00+00:00,0.563075,0.56308,0.56307,0.563095,72
2026-05-26T18:29:00+00:00,0.563085,0.563125,0.56308,0.56313,59
2026-05-26T18:30:00+00:00,0.56313,0.563165,0.56313,0.563185,112
2026-05-26T18:31:00+00:00,0.56316,0.5632,0.56316,0.563205,114
2026-05-26T18:32:00+00:00,0.563195,0.563145,0.56314,0.563195,144
2026-05-26T18:33:00+00:00,0.56315,0.563165,0.56314,0.563185,86
2026-05-26T18:34:00+00:00,0.563175,0.563175,0.563155,0.563185,69
2026-05-26T18:35:00+00:00,0.56318,0.563135,0.56312,0.563185,73
2026-05-26T18:36:00+00:00,0.563145,0.56317,0.563115,0.563175,89
2026-05-26T18:37:00+00:00,0.56317,0.563165,0.563155,0.563185,38
2026-05-26T18:38:00+00:00,0.563175,0.563165,0.563145,0.563185,88
2026-05-26T18:39:00+00:00,0.563175,0.56317,0.563135,0.563175,62
2026-05-26T18:40:00+00:00,0.563175,0.56313,0.563125,0.56318,60
2026-05-26T18:41:00+00:00,0.56313,0.56312,0.563105,0.56313,75
2026-05-26T18:42:00+00:00,0.56312,0.563155,0.56309,0.56316,83
2026-05-26T18:43:00+00:00,0.563155,0.563175,0.563145,0.563175,59
2026-05-26T18:44:00+00:00,0.563175,0.563165,0.563155,0.56318,62
2026-05-26T18:45:00+00:00,0.563165,0.563195,0.56315,0.5632,46
2026-05-26T18:46:00+00:00,0.5632,0.5632,0.56318,0.56321,46
2026-05-26T18:47:00+00:00,0.56319,0.563115,0.563115,0.5632,66
2026-05-26T18:48:00+00:00,0.563125,0.56316,0.56311,0.56316,36
2026-05-26T18:49:00+00:00,0.56315,0.56315,0.56314,0.56318,51
2026-05-26T18:50:00+00:00,0.56315,0.56317,0.563125,0.563185,71
2026-05-26T18:51:00+00:00,0.56317,0.5632,0.56317,0.56322,76
2026-05-26T18:52:00+00:00,0.5632,0.56314,0.56314,0.5632,55
2026-05-26T18:53:00+00:00,0.563145,0.56311,0.56308,0.56318,85
2026-05-26T18:54:00+00:00,0.563105,0.56313,0.563095,0.56314,50
2026-05-26T18:55:00+00:00,0.563135,0.563125,0.56311,0.56315,52
2026-05-26T18:56:00+00:00,0.563125,0.56313,0.56311,0.563145,62
2026-05-26T18:57:00+00:00,0.563135,0.563235,0.56312,0.563235,111
2026-05-26T18:58:00+00:00,0.56323,0.563255,0.56322,0.563275,107
2026-05-26T18:59:00+00:00,0.56325,0.563185,0.563185,0.56326,100
2026-05-26T19:00:00+00:00,0.5632,0.56317,0.56315,0.56321,141
2026-05-26T19:01:00+00:00,0.56317,0.563145,0.56314,0.563175,90
2026-05-26T19:02:00+00:00,0.56315,0.563125,0.563105,0.56317,66
2026-05-26T19:03:00+00:00,0.563135,0.563165,0.563115,0.563175,63
2026-05-26T19:04:00+00:00,0.56316,0.56317,0.563145,0.563175,57
2026-05-26T19:05:00+00:00,0.563165,0.56317,0.56315,0.5632,63
2026-05-26T19:06:00+00:00,0.563175,0.56318,0.56315,0.563185,76
2026-05-26T19:07:00+00:00,0.563185,0.563185,0.56318,0.563215,56
2026-05-26T19:08:00+00:00,0.563195,0.563205,0.563185,0.56321,73
2026-05-26T19:09:00+00:00,0.563205,0.56321,0.56319,0.563225,44
2026-05-26T19:10:00+00:00,0.56321,0.56318,0.563165,0.563215,55
2026-05-26T19:11:00+00:00,0.563175,0.563195,0.563165,0.563205,88
2026-05-26T19:12:00+00:00,0.5632,0.563225,0.56319,0.56323,75
2026-05-26T19:13:00+00:00,0.563225,0.56323,0.56321,0.56325,61
2026-05-26T19:14:00+00:00,0.563235,0.5632,0.563195,0.56324,50
2026-05-26T19:15:00+00:00,0.563195,0.563185,0.56317,0.5632,39
2026-05-26T19:16:00+00:00,0.563185,0.563165,0.56316,0.563185,63
2026-05-26T19:17:00+00:00,0.563175,0.56319,0.563165,0.563195,59
2026-05-26T19:18:00+00:00,0.56319,0.56323,0.56318,0.56323,44
2026-05-26T19:19:00+00:00,0.563235,0.563235,0.56322,0.563245,38
2026-05-26T19:20:00+00:00,0.563235,0.56323,0.56322,0.563245,61
2026-05-26T19:21:00+00:00,0.563235,0.563215,0.563205,0.563235,68
2026-05-26T19:22:00+00:00,0.563215,0.563225,0.563215,0.56324,27
2026-05-26T19:23:00+00:00,0.563225,0.56325,0.563225,0.56326,47
2026-05-26T19:24:00+00:00,0.56325,0.56328,0.56325,0.56328,63
2026-05-26T19:25:00+00:00,0.563275,0.563265,0.563245,0.56328,43
2026-05-26T19:26:00+00:00,0.56326,0.56326,0.56324,0.563265,39
2026-05-26T19:27:00+00:00,0.56326,0.563215,0.563215,0.56326,23
2026-05-26T19:28:00+00:00,0.563215,0.563185,0.56318,0.56322,48
2026-05-26T19:29:00+00:00,0.56318,0.56321,0.56318,0.563225,59
2026-05-26T19:30:00+00:00,0.563215,0.56322,0.563205,0.56323,55
2026-05-26T19:31:00+00:00,0.56322,0.56324,0.563215,0.56324,35
2026-05-26T19:32:00+00:00,0.56324,0.563185,0.563175,0.56324,50
2026-05-26T19:33:00+00:00,0.563185,0.563205,0.56318,0.56322,25
2026-05-26T19:34:00+00:00,0.56321,0.56324,0.56321,0.56325,93
2026-05-26T19:35:00+00:00,0.563235,0.563225,0.563225,0.563235,30
2026-05-26T19:36:00+00:00,0.563225,0.563235,0.56321,0.563245,66
2026-05-26T19:37:00+00:00,0.563235,0.563245,0.563235,0.563245,28
2026-05-26T19:38:00+00:00,0.56324,0.56325,0.56322,0.563255,66
2026-05-26T19:39:00+00:00,0.563255,0.56325,0.563235,0.56326,55
2026-05-26T19:40:00+00:00,0.56325,0.563255,0.56325,0.56327,14
2026-05-26T19:41:00+00:00,0.563255,0.56327,0.563245,0.56328,47
2026-05-26T19:42:00+00:00,0.563275,0.563275,0.563255,0.563285,45
2026-05-26T19:43:00+00:00,0.563265,0.563275,0.56326,0.563285,35
2026-05-26T19:44:00+00:00,0.56328,0.563285,0.563265,0.563295,39
2026-05-26T19:45:00+00:00,0.563275,0.563265,0.56325,0.56328,52
2026-05-26T19:46:00+00:00,0.56327,0.563275,0.563265,0.563295,55
2026-05-26T19:47:00+00:00,0.563275,0.56327,0.56327,0.56328,15
2026-05-26T19:48:00+00:00,0.56327,0.563275,0.56326,0.563275,23
2026-05-26T19:49:00+00:00,0.563275,0.5633,0.56326,0.5633,52
2026-05-26T19:50:00+00:00,0.563305,0.563275,0.56327,0.56332,63
2026-05-26T19:51:00+00:00,0.56327,0.56324,0.56324,0.563305,50
2026-05-26T19:52:00+00:00,0.56324,0.563285,0.563235,0.563285,67
2026-05-26T19:53:00+00:00,0.563285,0.563275,0.563265,0.56329,47
2026-05-26T19:54:00+00:00,0.563265,0.563315,0.563265,0.56333,68
2026-05-26T19:55:00+00:00,0.563305,0.563305,0.563285,0.56333,66
2026-05-26T19:56:00+00:00,0.5633,0.563275,0.563245,0.563315,105
2026-05-26T19:57:00+00:00,0.563265,0.563365,0.563265,0.56337,144
2026-05-26T19:58:00+00:00,0.56336,0.5633,0.56327,0.56336,131
2026-05-26T19:59:00+00:00,0.563305,0.563325,0.563275,0.563335,144
2026-05-26T20:00:00+00:00,0.56333,0.56325,0.563235,0.563345,147
2026-05-26T20:01:00+00:00,0.563255,0.563265,0.563245,0.563305,93
2026-05-26T20:02:00+00:00,0.56326,0.5633,0.563255,0.5633,65
2026-05-26T20:03:00+00:00,0.5633,0.563305,0.563295,0.56332,35
2026-05-26T20:04:00+00:00,0.563305,0.56324,0.56324,0.563305,32
2026-05-26T20:05:00+00:00,0.563245,0.5632,0.563165,0.563255,55
2026-05-26T20:06:00+00:00,0.563205,0.56319,0.563185,0.56322,28
2026-05-26T20:07:00+00:00,0.56319,0.5632,0.563185,0.5632,11
2026-05-26T20:08:00+00:00,0.5632,0.563185,0.563185,0.5632,11
2026-05-26T20:09:00+00:00,0.563185,0.56318,0.56318,0.5632,17
2026-05-26T20:10:00+00:00,0.56318,0.5632,0.563175,0.5632,16
2026-05-26T20:11:00+00:00,0.563195,0.56321,0.56319,0.563225,23
2026-05-26T20:12:00+00:00,0.56321,0.563195,0.563185,0.56321,27
2026-05-26T20:13:00+00:00,0.563195,0.563185,0.563185,0.5632,12
2026-05-26T20:14:00+00:00,0.56319,0.56318,0.56317,0.563195,21
2026-05-26T20:15:00+00:00,0.56318,0.563185,0.56316,0.563195,20
2026-05-26T20:16:00+00:00,0.563185,0.563165,0.56316,0.563195,25
2026-05-26T20:17:00+00:00,0.56317,0.56316,0.56316,0.563175,17
2026-05-26T20:18:00+00:00,0.56317,0.563155,0.56315,0.56317,27
2026-05-26T20:19:00+00:00,0.563155,0.563165,0.563155,0.56317,18
2026-05-26T20:20:00+00:00,0.563165,0.563175,0.563165,0.563185,9
2026-05-26T20:21:00+00:00,0.563175,0.56318,0.563165,0.563185,9
2026-05-26T20:22:00+00:00,0.56318,0.56319,0.56318,0.56319,18
2026-05-26T20:23:00+00:00,0.563195,0.56319,0.56319,0.56321,35
2026-05-26T20:24:00+00:00,0.56319,0.56318,0.563175,0.56321,29
2026-05-26T20:25:00+00:00,0.563185,0.5632,0.563185,0.5632,20
2026-05-26T20:26:00+00:00,0.5632,0.563215,0.563195,0.563215,24
2026-05-26T20:27:00+00:00,0.563215,0.563225,0.563205,0.563245,23
2026-05-26T20:28:00+00:00,0.563225,0.563235,0.563225,0.56324,8
2026-05-26T20:29:00+00:00,0.56324,0.56324,0.56323,0.56326,46
2026-05-26T20:30:00+00:00,0.563235,0.563205,0.5632,0.563235,31
2026-05-26T20:31:00+00:00,0.563205,0.5632,0.5632,0.563225,23
2026-05-26T20:32:00+00:00,0.5632,0.56323,0.5632,0.563235,10
2026-05-26T20:33:00+00:00,0.563235,0.563225,0.563225,0.56325,21
2026-05-26T20:34:00+00:00,0.563225,0.563225,0.563215,0.563235,9
2026-05-26T20:35:00+00:00,0.563225,0.563245,0.563225,0.563245,20
2026-05-26T20:36:00+00:00,0.56324,0.563255,0.56324,0.56326,16
2026-05-26T20:37:00+00:00,0.56326,0.56326,0.56324,0.563265,15
2026-05-26T20:38:00+00:00,0.563255,0.56326,0.56324,0.56326,26
2026-05-26T20:39:00+00:00,0.56326,0.563235,0.56323,0.56326,28
2026-05-26T20:40:00+00:00,0.56323,0.56324,0.563215,0.56324,35
2026-05-26T20:41:00+00:00,0.56324,0.56323,0.563225,0.56324,10
2026-05-26T20:42:00+00:00,0.56323,0.56323,0.56323,0.56324,6
2026-05-26T20:43:00+00:00,0.56323,0.563225,0.563225,0.56324,19
2026-05-26T20:44:00+00:00,0.563225,0.56321,0.56321,0.563225,14
2026-05-26T20:45:00+00:00,0.563215,0.563165,0.563155,0.563215,23
2026-05-26T20:46:00+00:00,0.563165,0.563165,0.563155,0.563165,13
2026-05-26T20:47:00+00:00,0.563165,0.563165,0.56316,0.563175,20
2026-05-26T20:48:00+00:00,0.563165,0.56316,0.56315,0.56317,25
2026-05-26T20:49:00+00:00,0.56316,0.56314,0.56314,0.56316,45
2026-05-26T20:50:00+00:00,0.563145,0.56306,0.56305,0.563145,39
2026-05-26T20:51:00+00:00,0.56307,0.56306,0.56303,0.56307,28
2026-05-26T20:52:00+00:00,0.56306,0.56307,0.56306,0.56308,32
2026-05-26T20:53:00+00:00,0.563075,0.563075,0.56306,0.56308,30
2026-05-26T20:54:00+00:00,0.563075,0.563085,0.563065,0.563085,13
2026-05-26T20:55:00+00:00,0.563085,0.563115,0.563085,0.56312,26
2026-05-26T20:56:00+00:00,0.563115,0.56312,0.56309,0.56312,30
2026-05-26T20:57:00+00:00,0.56312,0.5631,0.56309,0.563135,26
2026-05-26T20:58:00+00:00,0.5631,0.563125,0.563095,0.563135,58
2026-05-26T20:59:00+00:00,0.56312,0.5632,0.56307,0.56322,202
2026-05-26T21:00:00+00:00,0.563215,0.56343,0.563155,0.563695,64
2026-05-26T21:01:00+00:00,0.563425,0.563425,0.563425,0.563425,24
2026-05-26T21:02:00+00:00,0.5635,0.563425,0.563425,0.56351,28
2026-05-26T21:03:00+00:00,0.563425,0.563425,0.563425,0.563425,22
2026-05-26T21:04:00+00:00,0.563425,0.563405,0.563405,0.563425,21
2026-05-26T21:05:00+00:00,0.563405,0.563375,0.563365,0.563415,126
2026-05-26T21:06:00+00:00,0.563385,0.56337,0.56335,0.56341,114
2026-05-26T21:07:00+00:00,0.56337,0.56338,0.563345,0.563435,123
2026-05-26T21:08:00+00:00,0.563375,0.56338,0.56337,0.563435,69
2026-05-26T21:09:00+00:00,0.56334,0.563385,0.56324,0.56343,170
2026-05-26T21:10:00+00:00,0.563375,0.563445,0.563375,0.563445,148
2026-05-26T21:11:00+00:00,0.563445,0.56347,0.56344,0.563505,24
2026-05-26T21:12:00+00:00,0.56347,0.56351,0.56346,0.563515,16
2026-05-26T21:13:00+00:00,0.56351,0.56347,0.563465,0.56352,17
2026-05-26T21:14:00+00:00,0.56347,0.56324,0.56324,0.56348,14
2026-05-26T21:15:00+00:00,0.56325,0.56333,0.563145,0.563445,39
2026-05-26T21:16:00+00:00,0.56332,0.56329,0.563285,0.56334,38
2026-05-26T21:17:00+00:00,0.56329,0.56318,0.56318,0.56331,23
2026-05-26T21:18:00+00:00,0.56318,0.563365,0.563135,0.563365,29
2026-05-26T21:19:00+00:00,0.563365,0.563375,0.563345,0.5634,36
2026-05-26T21:20:00+00:00,0.563375,0.563415,0.563375,0.56354,38
2026-05-26T21:21:00+00:00,0.563415,0.563415,0.56341,0.563425,7
2026-05-26T21:22:00+00:00,0.563415,0.563415,0.56341,0.563425,9
2026-05-26T21:23:00+00:00,0.563415,0.563415,0.563405,0.563415,7
2026-05-26T21:24:00+00:00,0.563415,0.563265,0.563265,0.563415,8
2026-05-26T21:25:00+00:00,0.563265,0.563265,0.56326,0.563265,2
2026-05-26T21:26:00+00:00,0.563265,0.56326,0.56325,0.563285,13
2026-05-26T21:27:00+00:00,0.56326,0.56329,0.563255,0.56329,2
2026-05-26T21:28:00+00:00,0.56329,0.56327,0.56327,0.56329,9
2026-05-26T21:29:00+00:00,0.56327,0.563225,0.563215,0.56327,9
2026-05-26T21:30:00+00:00,0.563215,0.563235,0.563215,0.56326,25
2026-05-26T21:31:00+00:00,0.563235,0.56324,0.56322,0.56324,9
2026-05-26T21:32:00+00:00,0.563245,0.56323,0.56323,0.56325,12
2026-05-26T21:33:00+00:00,0.56323,0.563235,0.56322,0.56326,20
2026-05-26T21:34:00+00:00,0.563235,0.563225,0.56322,0.56325,8
2026-05-26T21:35:00+00:00,0.56323,0.563275,0.56321,0.563275,22
2026-05-26T21:36:00+00:00,0.563275,0.56327,0.563265,0.56328,10
2026-05-26T21:37:00+00:00,0.56327,0.56324,0.56322,0.563295,31
2026-05-26T21:38:00+00:00,0.563235,0.563235,0.56321,0.563265,42
2026-05-26T21:39:00+00:00,0.563235,0.563235,0.563205,0.56325,55
2026-05-26T21:40:00+00:00,0.56323,0.56321,0.5632,0.56326,63
2026-05-26T21:41:00+00:00,0.56321,0.56325,0.5632,0.56328,119
2026-05-26T21:42:00+00:00,0.56325,0.563215,0.5632,0.56329,56
2026-05-26T21:43:00+00:00,0.563215,0.563225,0.5632,0.563275,62
2026-05-26T21:44:00+00:00,0.563225,0.56322,0.5632,0.56323,19
2026-05-26T21:45:00+00:00,0.56322,0.5632,0.56319,0.56322,20
2026-05-26T21:46:00+00:00,0.5632,0.56319,0.56318,0.56323,34
2026-05-26T21:47:00+00:00,0.563195,0.56319,0.563175,0.563215,24
2026-05-26T21:48:00+00:00,0.56319,0.563195,0.56318,0.56326,40
2026-05-26T21:49:00+00:00,0.563195,0.56317,0.56314,0.563225,93
2026-05-26T21:50:00+00:00,0.56317,0.56315,0.56315,0.563235,61
2026-05-26T21:51:00+00:00,0.56316,0.563175,0.56315,0.56326,81
2026-05-26T21:52:00+00:00,0.563175,0.56318,0.563165,0.563265,44
2026-05-26T21:53:00+00:00,0.56318,0.563165,0.563155,0.56325,9
2026-05-26T21:54:00+00:00,0.563165,0.563175,0.56316,0.56326,43
2026-05-26T21:55:00+00:00,0.563175,0.56328,0.56316,0.56333,142
2026-05-26T21:56:00+00:00,0.56328,0.56329,0.563265,0.56332,80
2026-05-26T21:57:00+00:00,0.56329,0.56327,0.563245,0.563295,75
2026-05-26T21:58:00+00:00,0.56327,0.56327,0.56325,0.563275,58
2026-05-26T21:59:00+00:00,0.56327,0.563265,0.56324,0.56327,62
2026-05-26T22:00:00+00:00,0.56326,0.56316,0.563135,0.56326,52
2026-05-26T22:01:00+00:00,0.56317,0.56313,0.5631,0.56321,15
2026-05-26T22:02:00+00:00,0.56312,0.563105,0.563085,0.56313,51
2026-05-26T22:03:00+00:00,0.563105,0.5631,0.563095,0.56312,24
2026-05-26T22:04:00+00:00,0.56311,0.56312,0.563105,0.56314,49
2026-05-26T22:05:00+00:00,0.563125,0.56314,0.56308,0.563155,129
2026-05-26T22:06:00+00:00,0.563155,0.56309,0.56307,0.56317,32
2026-05-26T22:07:00+00:00,0.56309,0.563095,0.56307,0.563105,15
2026-05-26T22:08:00+00:00,0.563095,0.563075,0.56304,0.563125,65
2026-05-26T22:09:00+00:00,0.563075,0.563075,0.563045,0.5631,70
2026-05-26T22:10:00+00:00,0.563085,0.563085,0.56305,0.56309,142
2026-05-26T22:11:00+00:00,0.563085,0.56306,0.56305,0.563095,25
2026-05-26T22:12:00+00:00,0.56306,0.563085,0.563045,0.56309,25
2026-05-26T22:13:00+00:00,0.563085,0.563075,0.563055,0.56309,31
2026-05-26T22:14:00+00:00,0.56306,0.56302,0.562985,0.56306,153
2026-05-26T22:15:00+00:00,0.56301,0.563095,0.56301,0.5631,34
2026-05-26T22:16:00+00:00,0.56309,0.563095,0.56305,0.563095,36
2026-05-26T22:17:00+00:00,0.563095,0.5631,0.56308,0.563105,28
2026-05-26T22:18:00+00:00,0.563105,0.563115,0.563105,0.56314,24
2026-05-26T22:19:00+00:00,0.563115,0.56311,0.563085,0.56312,36
2026-05-26T22:20:00+00:00,0.563105,0.563095,0.563095,0.56312,28
2026-05-26T22:21:00+00:00,0.563095,0.56307,0.563065,0.563105,28
2026-05-26T22:22:00+00:00,0.563055,0.563045,0.56304,0.563065,34
2026-05-26T22:23:00+00:00,0.56305,0.563065,0.563045,0.563075,24
2026-05-26T22:24:00+00:00,0.56306,0.563045,0.56304,0.56306,18
2026-05-26T22:25:00+00:00,0.563045,0.562995,0.562975,0.563065,52
2026-05-26T22:26:00+00:00,0.562995,0.56299,0.56299,0.56302,6
2026-05-26T22:27:00+00:00,0.56299,0.563,0.56299,0.563015,25
2026-05-26T22:28:00+00:00,0.56299,0.56301,0.56298,0.56301,13
2026-05-26T22:29:00+00:00,0.56301,0.56298,0.56297,0.563015,24
2026-05-26T22:30:00+00:00,0.56298,0.563005,0.56298,0.563005,60
2026-05-26T22:31:00+00:00,0.56299,0.563035,0.56299,0.563045,33
2026-05-26T22:32:00+00:00,0.563035,0.563045,0.56302,0.56305,26
2026-05-26T22:33:00+00:00,0.56303,0.56303,0.56303,0.563045,10
2026-05-26T22:34:00+00:00,0.56304,0.56306,0.56303,0.56306,13
2026-05-26T22:35:00+00:00,0.56306,0.563065,0.56304,0.563065,16
2026-05-26T22:36:00+00:00,0.563065,0.56302,0.56302,0.563065,21
2026-05-26T22:37:00+00:00,0.563015,0.56299,0.56298,0.563015,9
2026-05-26T22:38:00+00:00,0.56299,0.56299,0.56298,0.563,5
2026-05-26T22:39:00+00:00,0.56299,0.56302,0.56299,0.563035,17
2026-05-26T22:40:00+00:00,0.563045,0.56306,0.563045,0.563075,10
2026-05-26T22:41:00+00:00,0.56306,0.56306,0.56305,0.563065,23
2026-05-26T22:42:00+00:00,0.56305,0.56306,0.56304,0.56306,20
2026-05-26T22:43:00+00:00,0.56305,0.56305,0.56305,0.56306,18
2026-05-26T22:44:00+00:00,0.56305,0.56302,0.56302,0.56305,6
2026-05-26T22:45:00+00:00,0.56302,0.56301,0.56301,0.563025,9
2026-05-26T22:46:00+00:00,0.563,0.56298,0.56297,0.563015,23
2026-05-26T22:47:00+00:00,0.56298,0.56297,0.56297,0.56298,3
2026-05-26T22:48:00+00:00,0.56297,0.56293,0.56293,0.562975,11
2026-05-26T22:49:00+00:00,0.56293,0.562945,0.56293,0.562945,12
2026-05-26T22:50:00+00:00,0.56293,0.56295,0.56293,0.56296,19
2026-05-26T22:51:00+00:00,0.56295,0.56296,0.56294,0.56296,3
2026-05-26T22:52:00+00:00,0.56296,0.562965,0.56295,0.562965,16
2026-05-26T22:53:00+00:00,0.562965,0.56295,0.56295,0.562975,45
2026-05-26T22:54:00+00:00,0.562965,0.56295,0.56295,0.562965,22
2026-05-26T22:55:00+00:00,0.56295,0.562955,0.56295,0.562965,9
2026-05-26T22:56:00+00:00,0.562955,0.56299,0.56295,0.563005,63
2026-05-26T22:57:00+00:00,0.56299,0.563005,0.56297,0.563005,63
2026-05-26T22:58:00+00:00,0.563005,0.56299,0.56297,0.563005,12
