timestamp_utc,open,close,min,max,volume
2026-05-20T10:28:00+00:00,0.98055,0.980595,0.98055,0.980625,86
2026-05-20T10:29:00+00:00,0.98059,0.980595,0.980575,0.98065,131
2026-05-20T10:30:00+00:00,0.9806,0.98064,0.980575,0.98065,112
2026-05-20T10:31:00+00:00,0.98064,0.980665,0.98063,0.980725,199
2026-05-20T10:32:00+00:00,0.98066,0.980725,0.98065,0.98077,106
2026-05-20T10:33:00+00:00,0.980725,0.980685,0.980575,0.980725,174
2026-05-20T10:34:00+00:00,0.98068,0.98066,0.98058,0.980695,141
2026-05-20T10:35:00+00:00,0.98066,0.98104,0.98063,0.98105,291
2026-05-20T10:36:00+00:00,0.981035,0.981135,0.980975,0.9812,348
2026-05-20T10:37:00+00:00,0.98113,0.98094,0.980925,0.98115,298
2026-05-20T10:38:00+00:00,0.980935,0.98092,0.9809,0.981005,263
2026-05-20T10:39:00+00:00,0.980915,0.980885,0.980875,0.980985,179
2026-05-20T10:40:00+00:00,0.98088,0.980745,0.980745,0.980885,200
2026-05-20T10:41:00+00:00,0.98075,0.98063,0.9806,0.980795,264
2026-05-20T10:42:00+00:00,0.98064,0.980595,0.980535,0.980675,158
2026-05-20T10:43:00+00:00,0.9806,0.980705,0.980595,0.980705,77
2026-05-20T10:44:00+00:00,0.980715,0.98093,0.980715,0.98098,177
2026-05-20T10:45:00+00:00,0.98094,0.98081,0.98081,0.98096,127
2026-05-20T10:46:00+00:00,0.98082,0.98093,0.980785,0.98096,168
2026-05-20T10:47:00+00:00,0.98093,0.980935,0.980895,0.98101,197
2026-05-20T10:48:00+00:00,0.98093,0.98081,0.980795,0.980975,156
2026-05-20T10:49:00+00:00,0.980805,0.980845,0.98078,0.980895,194
2026-05-20T10:50:00+00:00,0.980845,0.98082,0.980765,0.98087,238
2026-05-20T10:51:00+00:00,0.98082,0.98082,0.980765,0.980865,138
2026-05-20T10:52:00+00:00,0.980815,0.980795,0.980755,0.980825,145
2026-05-20T10:53:00+00:00,0.980785,0.9808,0.980765,0.980835,118
2026-05-20T10:54:00+00:00,0.980785,0.980875,0.980775,0.98089,147
2026-05-20T10:55:00+00:00,0.980875,0.98087,0.980795,0.9809,177
2026-05-20T10:56:00+00:00,0.980865,0.980935,0.98082,0.980995,160
2026-05-20T10:57:00+00:00,0.98094,0.980995,0.98093,0.981035,123
2026-05-20T10:58:00+00:00,0.980995,0.980995,0.980985,0.98105,128
2026-05-20T10:59:00+00:00,0.981005,0.980985,0.980955,0.981015,67
2026-05-20T11:00:00+00:00,0.98099,0.980865,0.98081,0.98099,114
2026-05-20T11:01:00+00:00,0.98086,0.980935,0.98082,0.98094,128
2026-05-20T11:02:00+00:00,0.980935,0.980835,0.980755,0.980935,231
2026-05-20T11:03:00+00:00,0.98083,0.980885,0.98079,0.98093,247
2026-05-20T11:04:00+00:00,0.9809,0.980765,0.980735,0.9809,159
2026-05-20T11:05:00+00:00,0.980775,0.98076,0.980755,0.98081,144
2026-05-20T11:06:00+00:00,0.980755,0.980725,0.98072,0.98081,105
2026-05-20T11:07:00+00:00,0.98073,0.98063,0.98061,0.98075,137
2026-05-20T11:08:00+00:00,0.98063,0.980635,0.98058,0.98064,105
2026-05-20T11:09:00+00:00,0.980625,0.98059,0.98059,0.980675,119
2026-05-20T11:10:00+00:00,0.980585,0.980685,0.98058,0.98074,96
2026-05-20T11:11:00+00:00,0.98069,0.98078,0.980675,0.98082,176
2026-05-20T11:12:00+00:00,0.980785,0.98072,0.980675,0.98081,159
2026-05-20T11:13:00+00:00,0.98073,0.980775,0.98065,0.9808,110
2026-05-20T11:14:00+00:00,0.98078,0.980715,0.98067,0.980785,176
2026-05-20T11:15:00+00:00,0.98072,0.98071,0.98067,0.980745,110
2026-05-20T11:16:00+00:00,0.980705,0.98077,0.980665,0.98079,133
2026-05-20T11:17:00+00:00,0.980765,0.980715,0.9807,0.980805,161
2026-05-20T11:18:00+00:00,0.98071,0.98076,0.980705,0.980805,162
2026-05-20T11:19:00+00:00,0.98076,0.980765,0.980725,0.980805,141
2026-05-20T11:20:00+00:00,0.98076,0.980725,0.98072,0.98084,153
2026-05-20T11:21:00+00:00,0.980725,0.980695,0.98063,0.980755,196
2026-05-20T11:22:00+00:00,0.98069,0.980785,0.98066,0.98083,211
2026-05-20T11:23:00+00:00,0.98078,0.98086,0.980745,0.980865,122
2026-05-20T11:24:00+00:00,0.980855,0.980845,0.98082,0.980915,94
2026-05-20T11:25:00+00:00,0.980845,0.98095,0.98083,0.98096,183
2026-05-20T11:26:00+00:00,0.98095,0.981,0.980865,0.981,126
2026-05-20T11:27:00+00:00,0.980995,0.980995,0.98095,0.981095,142
2026-05-20T11:28:00+00:00,0.980995,0.980935,0.980905,0.981005,123
2026-05-20T11:29:00+00:00,0.98093,0.98104,0.980905,0.98106,154
2026-05-20T11:30:00+00:00,0.981045,0.98105,0.981015,0.981095,217
2026-05-20T11:31:00+00:00,0.981055,0.9809,0.980885,0.98106,211
2026-05-20T11:32:00+00:00,0.9809,0.980925,0.980885,0.980945,176
2026-05-20T11:33:00+00:00,0.98092,0.98098,0.98092,0.980995,105
2026-05-20T11:34:00+00:00,0.980975,0.980975,0.98093,0.981075,164
2026-05-20T11:35:00+00:00,0.98098,0.98116,0.980955,0.98117,130
2026-05-20T11:36:00+00:00,0.98117,0.981145,0.981145,0.98123,144
2026-05-20T11:37:00+00:00,0.981145,0.981135,0.98109,0.98126,204
2026-05-20T11:38:00+00:00,0.981135,0.981045,0.98104,0.98119,195
2026-05-20T11:39:00+00:00,0.98105,0.981125,0.98101,0.98114,155
2026-05-20T11:40:00+00:00,0.98113,0.981215,0.981065,0.981215,131
2026-05-20T11:41:00+00:00,0.981205,0.98123,0.98119,0.981285,136
2026-05-20T11:42:00+00:00,0.981225,0.981125,0.980995,0.98126,274
2026-05-20T11:43:00+00:00,0.98112,0.981005,0.98093,0.98112,204
2026-05-20T11:44:00+00:00,0.981005,0.98102,0.980965,0.981075,162
2026-05-20T11:45:00+00:00,0.981025,0.980955,0.980925,0.981025,170
2026-05-20T11:46:00+00:00,0.98095,0.980885,0.98086,0.980975,133
2026-05-20T11:47:00+00:00,0.98088,0.98084,0.98079,0.98093,216
2026-05-20T11:48:00+00:00,0.980845,0.98068,0.98067,0.980855,182
2026-05-20T11:49:00+00:00,0.980685,0.980575,0.98053,0.98072,330
2026-05-20T11:50:00+00:00,0.980565,0.980485,0.98047,0.9806,239
2026-05-20T11:51:00+00:00,0.98048,0.98052,0.98046,0.980575,244
2026-05-20T11:52:00+00:00,0.980525,0.980515,0.98043,0.980545,415
2026-05-20T11:53:00+00:00,0.980525,0.980425,0.98035,0.980565,364
2026-05-20T11:54:00+00:00,0.98043,0.980465,0.980415,0.98048,202
2026-05-20T11:55:00+00:00,0.98047,0.98049,0.98044,0.98055,243
2026-05-20T11:56:00+00:00,0.980485,0.98045,0.980435,0.980585,191
2026-05-20T11:57:00+00:00,0.980455,0.98041,0.980355,0.980485,164
2026-05-20T11:58:00+00:00,0.980405,0.980305,0.980285,0.980415,231
2026-05-20T11:59:00+00:00,0.9803,0.980305,0.98027,0.980335,95
2026-05-20T12:00:00+00:00,0.98032,0.980575,0.980195,0.9806,272
2026-05-20T12:01:00+00:00,0.980585,0.980845,0.980585,0.980875,314
2026-05-20T12:02:00+00:00,0.98085,0.98083,0.980795,0.98089,352
2026-05-20T12:03:00+00:00,0.980825,0.980775,0.98075,0.98083,208
2026-05-20T12:04:00+00:00,0.980785,0.980805,0.980755,0.98082,141
2026-05-20T12:05:00+00:00,0.980805,0.980765,0.980745,0.980865,161
2026-05-20T12:06:00+00:00,0.98076,0.98078,0.98067,0.9808,142
2026-05-20T12:07:00+00:00,0.980775,0.980795,0.98075,0.980805,128
2026-05-20T12:08:00+00:00,0.98078,0.9808,0.98071,0.980825,89
2026-05-20T12:09:00+00:00,0.9808,0.98081,0.980725,0.980855,241
2026-05-20T12:10:00+00:00,0.980805,0.980815,0.98073,0.980855,238
2026-05-20T12:11:00+00:00,0.98081,0.980755,0.98071,0.980815,171
2026-05-20T12:12:00+00:00,0.98075,0.980875,0.98075,0.980875,136
2026-05-20T12:13:00+00:00,0.980865,0.980865,0.98085,0.980935,205
2026-05-20T12:14:00+00:00,0.98085,0.980895,0.98083,0.9809,79
2026-05-20T12:15:00+00:00,0.980885,0.980805,0.980785,0.980885,136
2026-05-20T12:16:00+00:00,0.980805,0.980795,0.980695,0.980805,144
2026-05-20T12:17:00+00:00,0.98079,0.980695,0.98069,0.9808,168
2026-05-20T12:18:00+00:00,0.9807,0.98067,0.980605,0.98073,157
2026-05-20T12:19:00+00:00,0.980665,0.98068,0.98062,0.98077,159
2026-05-20T12:20:00+00:00,0.98066,0.98054,0.980525,0.980685,253
2026-05-20T12:21:00+00:00,0.980535,0.9807,0.98053,0.980705,222
2026-05-20T12:22:00+00:00,0.98069,0.980725,0.980665,0.980765,189
2026-05-20T12:23:00+00:00,0.98074,0.980765,0.980735,0.980855,208
2026-05-20T12:24:00+00:00,0.98077,0.980895,0.98077,0.980905,196
2026-05-20T12:25:00+00:00,0.98089,0.98089,0.980805,0.98099,410
2026-05-20T12:26:00+00:00,0.980895,0.98087,0.980825,0.981055,337
2026-05-20T12:27:00+00:00,0.980865,0.980855,0.980835,0.980915,228
2026-05-20T12:28:00+00:00,0.980845,0.98106,0.98084,0.981065,268
2026-05-20T12:29:00+00:00,0.981065,0.981275,0.98106,0.981305,205
2026-05-20T12:30:00+00:00,0.98129,0.98121,0.981205,0.98141,273
2026-05-20T12:31:00+00:00,0.9812,0.9814,0.9812,0.9814,214
2026-05-20T12:32:00+00:00,0.9814,0.98136,0.981315,0.98141,231
2026-05-20T12:33:00+00:00,0.981365,0.98145,0.981285,0.981475,165
2026-05-20T12:34:00+00:00,0.981455,0.98151,0.98141,0.98151,207
2026-05-20T12:35:00+00:00,0.98149,0.981295,0.981285,0.981525,179
2026-05-20T12:36:00+00:00,0.9813,0.98122,0.9812,0.98132,152
2026-05-20T12:37:00+00:00,0.981215,0.981185,0.981155,0.981275,148
2026-05-20T12:38:00+00:00,0.981175,0.98113,0.981125,0.98121,122
2026-05-20T12:39:00+00:00,0.98114,0.98115,0.98113,0.98124,81
2026-05-20T12:40:00+00:00,0.981145,0.981015,0.980975,0.981225,196
2026-05-20T12:41:00+00:00,0.98101,0.98091,0.9809,0.981015,180
2026-05-20T12:42:00+00:00,0.980925,0.98093,0.980915,0.980975,111
2026-05-20T12:43:00+00:00,0.980925,0.98094,0.980905,0.981,137
2026-05-20T12:44:00+00:00,0.980935,0.980845,0.980825,0.98094,147
2026-05-20T12:45:00+00:00,0.98085,0.980875,0.9808,0.98091,118
2026-05-20T12:46:00+00:00,0.98088,0.98077,0.98077,0.980945,165
2026-05-20T12:47:00+00:00,0.98077,0.98091,0.980755,0.98091,101
2026-05-20T12:48:00+00:00,0.98091,0.980975,0.980875,0.98099,97
2026-05-20T12:49:00+00:00,0.980975,0.98103,0.980975,0.9811,192
2026-05-20T12:50:00+00:00,0.98103,0.980965,0.98089,0.98107,178
2026-05-20T12:51:00+00:00,0.98096,0.980975,0.980875,0.980975,154
2026-05-20T12:52:00+00:00,0.98097,0.98094,0.98092,0.980975,105
2026-05-20T12:53:00+00:00,0.980945,0.98092,0.980865,0.980945,132
2026-05-20T12:54:00+00:00,0.980915,0.980775,0.980765,0.98094,172
2026-05-20T12:55:00+00:00,0.980785,0.980715,0.980585,0.980785,218
2026-05-20T12:56:00+00:00,0.98072,0.980535,0.980515,0.980795,215
2026-05-20T12:57:00+00:00,0.98054,0.980545,0.980525,0.98069,178
2026-05-20T12:58:00+00:00,0.98055,0.980355,0.980335,0.98055,280
2026-05-20T12:59:00+00:00,0.98036,0.980415,0.980305,0.980415,209
2026-05-20T13:00:00+00:00,0.98041,0.980525,0.980335,0.980585,341
2026-05-20T13:01:00+00:00,0.98053,0.980265,0.980265,0.980535,238
2026-05-20T13:02:00+00:00,0.98027,0.980235,0.980205,0.98034,274
2026-05-20T13:03:00+00:00,0.98023,0.98018,0.98015,0.98032,297
2026-05-20T13:04:00+00:00,0.980175,0.980175,0.980115,0.980295,246
2026-05-20T13:05:00+00:00,0.980165,0.9801,0.980095,0.980275,246
2026-05-20T13:06:00+00:00,0.9801,0.97997,0.97992,0.98013,225
2026-05-20T13:07:00+00:00,0.979975,0.979815,0.979805,0.98,217
2026-05-20T13:08:00+00:00,0.97982,0.98,0.979785,0.980025,290
2026-05-20T13:09:00+00:00,0.979995,0.979935,0.97988,0.98008,212
2026-05-20T13:10:00+00:00,0.97994,0.979975,0.97994,0.980025,129
2026-05-20T13:11:00+00:00,0.979975,0.980065,0.97996,0.98009,172
2026-05-20T13:12:00+00:00,0.98006,0.980155,0.98006,0.980195,110
2026-05-20T13:13:00+00:00,0.98016,0.9802,0.980105,0.98022,165
2026-05-20T13:14:00+00:00,0.980195,0.980265,0.980165,0.98028,163
2026-05-20T13:15:00+00:00,0.98027,0.980175,0.980155,0.98031,225
2026-05-20T13:16:00+00:00,0.98018,0.980135,0.98013,0.98024,128
2026-05-20T13:17:00+00:00,0.98014,0.980125,0.980115,0.980225,155
2026-05-20T13:18:00+00:00,0.980135,0.980095,0.980015,0.98017,263
2026-05-20T13:19:00+00:00,0.9801,0.980045,0.97999,0.980115,203
2026-05-20T13:20:00+00:00,0.98005,0.98017,0.980025,0.980175,180
2026-05-20T13:21:00+00:00,0.980165,0.980135,0.980085,0.98018,208
2026-05-20T13:22:00+00:00,0.98014,0.979935,0.979935,0.98018,143
2026-05-20T13:23:00+00:00,0.97994,0.98001,0.97993,0.98001,144
2026-05-20T13:24:00+00:00,0.980005,0.979915,0.979875,0.98003,311
2026-05-20T13:25:00+00:00,0.97991,0.980045,0.979875,0.98007,222
2026-05-20T13:26:00+00:00,0.98004,0.98,0.97987,0.98008,320
2026-05-20T13:27:00+00:00,0.979995,0.97993,0.97986,0.980015,250
2026-05-20T13:28:00+00:00,0.979925,0.97981,0.979725,0.979935,331
2026-05-20T13:29:00+00:00,0.979805,0.97968,0.979665,0.97981,332
2026-05-20T13:30:00+00:00,0.979685,0.97969,0.97959,0.97979,650
2026-05-20T13:31:00+00:00,0.9797,0.979715,0.97967,0.979885,603
2026-05-20T13:32:00+00:00,0.97972,0.979785,0.979715,0.97984,476
2026-05-20T13:33:00+00:00,0.97979,0.980095,0.979785,0.980135,461
2026-05-20T13:34:00+00:00,0.98009,0.980155,0.980045,0.98017,377
2026-05-20T13:35:00+00:00,0.98015,0.979825,0.979805,0.980165,497
2026-05-20T13:36:00+00:00,0.97982,0.979825,0.979705,0.979865,510
2026-05-20T13:37:00+00:00,0.979815,0.979885,0.979715,0.979925,340
2026-05-20T13:38:00+00:00,0.97989,0.979905,0.979835,0.97995,412
2026-05-20T13:39:00+00:00,0.9799,0.98,0.979855,0.98001,345
2026-05-20T13:40:00+00:00,0.980005,0.980195,0.97995,0.9802,396
2026-05-20T13:41:00+00:00,0.9802,0.980005,0.97994,0.980225,433
2026-05-20T13:42:00+00:00,0.98,0.98008,0.979975,0.980095,362
2026-05-20T13:43:00+00:00,0.980075,0.9802,0.980055,0.980215,350
2026-05-20T13:44:00+00:00,0.980185,0.980505,0.980115,0.980535,471
2026-05-20T13:45:00+00:00,0.9805,0.980885,0.98049,0.980965,637
2026-05-20T13:46:00+00:00,0.98088,0.98113,0.980855,0.981155,516
2026-05-20T13:47:00+00:00,0.98112,0.980925,0.98087,0.98115,413
2026-05-20T13:48:00+00:00,0.98092,0.980885,0.980855,0.980975,365
2026-05-20T13:49:00+00:00,0.980875,0.980775,0.980725,0.980905,487
2026-05-20T13:50:00+00:00,0.980765,0.980855,0.98067,0.98087,385
2026-05-20T13:51:00+00:00,0.98085,0.980865,0.980635,0.980875,333
2026-05-20T13:52:00+00:00,0.98086,0.98089,0.98075,0.98095,334
2026-05-20T13:53:00+00:00,0.98089,0.980775,0.980775,0.980955,295
2026-05-20T13:54:00+00:00,0.98078,0.98055,0.980525,0.98081,359
2026-05-20T13:55:00+00:00,0.980555,0.98047,0.980455,0.9806,387
2026-05-20T13:56:00+00:00,0.980465,0.980445,0.980425,0.98058,298
2026-05-20T13:57:00+00:00,0.98043,0.980645,0.980425,0.980705,293
2026-05-20T13:58:00+00:00,0.980655,0.98071,0.98058,0.980725,343
2026-05-20T13:59:00+00:00,0.980715,0.98075,0.980575,0.98075,368
2026-05-20T14:00:00+00:00,0.980745,0.980715,0.9806,0.980815,480
2026-05-20T14:01:00+00:00,0.980725,0.980655,0.9806,0.980775,320
2026-05-20T14:02:00+00:00,0.98065,0.98052,0.98048,0.980725,348
2026-05-20T14:03:00+00:00,0.980525,0.980535,0.98044,0.980575,354
2026-05-20T14:04:00+00:00,0.980545,0.980425,0.980405,0.980605,269
2026-05-20T14:05:00+00:00,0.98042,0.98027,0.980235,0.98044,355
2026-05-20T14:06:00+00:00,0.980275,0.980345,0.980185,0.98036,328
2026-05-20T14:07:00+00:00,0.98036,0.980435,0.98031,0.980435,274
2026-05-20T14:08:00+00:00,0.98044,0.980325,0.9803,0.980475,294
2026-05-20T14:09:00+00:00,0.980315,0.980205,0.980155,0.98035,396
2026-05-20T14:10:00+00:00,0.98021,0.98021,0.98018,0.980365,339
2026-05-20T14:11:00+00:00,0.980195,0.98021,0.980115,0.980255,455
2026-05-20T14:12:00+00:00,0.980205,0.980265,0.980075,0.980295,462
2026-05-20T14:13:00+00:00,0.98027,0.98013,0.980035,0.98027,406
2026-05-20T14:14:00+00:00,0.980125,0.980795,0.980125,0.98113,1389
2026-05-20T14:15:00+00:00,0.980805,0.9813,0.980805,0.98141,1233
2026-05-20T14:16:00+00:00,0.981295,0.98281,0.981155,0.98282,1626
2026-05-20T14:17:00+00:00,0.982805,0.98186,0.981795,0.98302,1358
2026-05-20T14:18:00+00:00,0.981855,0.982345,0.981845,0.982425,1276
2026-05-20T14:19:00+00:00,0.982335,0.98267,0.98226,0.98268,1224
2026-05-20T14:20:00+00:00,0.982665,0.982215,0.982175,0.98284,1128
2026-05-20T14:21:00+00:00,0.98222,0.98278,0.98207,0.982805,1137
2026-05-20T14:22:00+00:00,0.982785,0.982885,0.982775,0.983065,1132
2026-05-20T14:23:00+00:00,0.982875,0.982385,0.982365,0.982935,877
2026-05-20T14:24:00+00:00,0.98238,0.982065,0.98189,0.98249,960
2026-05-20T14:25:00+00:00,0.98207,0.98213,0.98187,0.98216,836
2026-05-20T14:26:00+00:00,0.982125,0.98207,0.98205,0.98232,693
2026-05-20T14:27:00+00:00,0.982075,0.98203,0.98198,0.98217,621
2026-05-20T14:28:00+00:00,0.982025,0.98221,0.98198,0.982255,692
2026-05-20T14:29:00+00:00,0.982205,0.982265,0.982075,0.98227,730
2026-05-20T14:30:00+00:00,0.982275,0.982805,0.982255,0.98285,956
2026-05-20T14:31:00+00:00,0.9828,0.98297,0.982605,0.98298,970
2026-05-20T14:32:00+00:00,0.982975,0.982865,0.98279,0.983035,949
2026-05-20T14:33:00+00:00,0.98286,0.982675,0.982665,0.98298,810
2026-05-20T14:34:00+00:00,0.98267,0.98273,0.98262,0.98292,515
2026-05-20T14:35:00+00:00,0.982735,0.98253,0.98241,0.98282,707
2026-05-20T14:36:00+00:00,0.982535,0.98292,0.982535,0.982935,588
2026-05-20T14:37:00+00:00,0.98294,0.982575,0.98252,0.98296,660
2026-05-20T14:38:00+00:00,0.98257,0.982535,0.982455,0.98263,585
2026-05-20T14:39:00+00:00,0.98254,0.98276,0.98254,0.982915,573
2026-05-20T14:40:00+00:00,0.982765,0.98261,0.98243,0.982765,379
2026-05-20T14:41:00+00:00,0.982615,0.982525,0.98242,0.982625,428
2026-05-20T14:42:00+00:00,0.98253,0.982485,0.982365,0.98253,395
2026-05-20T14:43:00+00:00,0.9825,0.982625,0.98243,0.98267,401
2026-05-20T14:44:00+00:00,0.982625,0.98281,0.982625,0.982815,412
2026-05-20T14:45:00+00:00,0.982815,0.982725,0.982665,0.982885,529
2026-05-20T14:46:00+00:00,0.98272,0.982705,0.98263,0.982875,536
2026-05-20T14:47:00+00:00,0.98271,0.982585,0.982535,0.98278,388
2026-05-20T14:48:00+00:00,0.982575,0.98258,0.9825,0.982665,354
2026-05-20T14:49:00+00:00,0.98259,0.98245,0.98238,0.98266,462
2026-05-20T14:50:00+00:00,0.982455,0.98258,0.982425,0.982665,475
2026-05-20T14:51:00+00:00,0.982585,0.98291,0.982455,0.982915,807
2026-05-20T14:52:00+00:00,0.982905,0.98258,0.98256,0.98302,969
2026-05-20T14:53:00+00:00,0.982585,0.98268,0.98257,0.982805,654
2026-05-20T14:54:00+00:00,0.982685,0.98281,0.982685,0.98287,460
2026-05-20T14:55:00+00:00,0.9828,0.98317,0.982725,0.983265,696
2026-05-20T14:56:00+00:00,0.983175,0.9831,0.98302,0.98328,571
2026-05-20T14:57:00+00:00,0.98309,0.982915,0.982775,0.98309,620
2026-05-20T14:58:00+00:00,0.98291,0.98285,0.982795,0.98298,402
2026-05-20T14:59:00+00:00,0.982855,0.9829,0.982825,0.982935,328
2026-05-20T15:00:00+00:00,0.982895,0.983015,0.98286,0.98305,414
2026-05-20T15:01:00+00:00,0.983,0.983335,0.98294,0.983335,511
2026-05-20T15:02:00+00:00,0.98333,0.983125,0.98308,0.983415,640
2026-05-20T15:03:00+00:00,0.983135,0.98302,0.982965,0.98319,599
2026-05-20T15:04:00+00:00,0.983025,0.982855,0.982815,0.98304,636
2026-05-20T15:05:00+00:00,0.98285,0.982825,0.982755,0.982975,436
2026-05-20T15:06:00+00:00,0.98282,0.982735,0.982635,0.98287,440
2026-05-20T15:07:00+00:00,0.982745,0.982725,0.982655,0.98281,489
2026-05-20T15:08:00+00:00,0.982715,0.982775,0.982645,0.98283,483
2026-05-20T15:09:00+00:00,0.98278,0.982775,0.982695,0.982875,427
2026-05-20T15:10:00+00:00,0.982785,0.982855,0.98268,0.982905,291
2026-05-20T15:11:00+00:00,0.98285,0.98298,0.982825,0.98298,371
2026-05-20T15:12:00+00:00,0.982985,0.98299,0.98293,0.98304,316
2026-05-20T15:13:00+00:00,0.982995,0.9832,0.982975,0.9832,311
2026-05-20T15:14:00+00:00,0.983195,0.983145,0.98311,0.983225,345
2026-05-20T15:15:00+00:00,0.98315,0.98434,0.98302,0.9845,886
2026-05-20T15:16:00+00:00,0.984325,0.98493,0.984305,0.98521,1550
2026-05-20T15:17:00+00:00,0.98492,0.984905,0.98464,0.98543,1855
2026-05-20T15:18:00+00:00,0.98491,0.984545,0.984405,0.984915,1437
2026-05-20T15:19:00+00:00,0.98455,0.984695,0.98436,0.984875,1076
2026-05-20T15:20:00+00:00,0.98469,0.98453,0.9844,0.984705,1112
2026-05-20T15:21:00+00:00,0.984545,0.984395,0.98417,0.984635,971
2026-05-20T15:22:00+00:00,0.98439,0.98447,0.984385,0.9846,936
2026-05-20T15:23:00+00:00,0.984475,0.98443,0.984355,0.984665,817
2026-05-20T15:24:00+00:00,0.98442,0.9839,0.98389,0.984495,888
2026-05-20T15:25:00+00:00,0.983905,0.983655,0.98356,0.983905,943
2026-05-20T15:26:00+00:00,0.983645,0.983485,0.98344,0.98379,854
2026-05-20T15:27:00+00:00,0.98348,0.983425,0.9833,0.983525,833
2026-05-20T15:28:00+00:00,0.98342,0.98347,0.983395,0.98362,786
2026-05-20T15:29:00+00:00,0.983465,0.98334,0.983225,0.983545,618
2026-05-20T15:30:00+00:00,0.983325,0.983765,0.98329,0.98378,859
2026-05-20T15:31:00+00:00,0.98376,0.983745,0.983525,0.98386,862
2026-05-20T15:32:00+00:00,0.98375,0.98394,0.9837,0.98396,623
2026-05-20T15:33:00+00:00,0.983945,0.9842,0.98393,0.9842,537
2026-05-20T15:34:00+00:00,0.984195,0.984045,0.983925,0.98421,479
2026-05-20T15:35:00+00:00,0.98406,0.984145,0.984005,0.984225,505
2026-05-20T15:36:00+00:00,0.984155,0.983895,0.983805,0.984215,558
2026-05-20T15:37:00+00:00,0.98389,0.98371,0.983615,0.983915,605
2026-05-20T15:38:00+00:00,0.983705,0.983625,0.983625,0.98389,501
2026-05-20T15:39:00+00:00,0.98363,0.983795,0.98363,0.983865,342
2026-05-20T15:40:00+00:00,0.9838,0.983865,0.98372,0.98401,515
2026-05-20T15:41:00+00:00,0.98386,0.983875,0.98369,0.98393,445
2026-05-20T15:42:00+00:00,0.98387,0.98365,0.983645,0.983885,508
2026-05-20T15:43:00+00:00,0.983655,0.9836,0.98352,0.98369,402
2026-05-20T15:44:00+00:00,0.98359,0.983695,0.983575,0.983705,294
2026-05-20T15:45:00+00:00,0.98369,0.98384,0.98368,0.98389,404
2026-05-20T15:46:00+00:00,0.983835,0.983695,0.98369,0.98394,348
2026-05-20T15:47:00+00:00,0.9837,0.983775,0.98366,0.983795,289
2026-05-20T15:48:00+00:00,0.98378,0.983765,0.983675,0.98383,487
2026-05-20T15:49:00+00:00,0.98377,0.983955,0.983725,0.98397,458
2026-05-20T15:50:00+00:00,0.98396,0.98393,0.98392,0.98412,347
2026-05-20T15:51:00+00:00,0.983925,0.983785,0.983765,0.983985,378
2026-05-20T15:52:00+00:00,0.983775,0.983645,0.983605,0.98381,273
2026-05-20T15:53:00+00:00,0.983655,0.98338,0.98335,0.98366,359
2026-05-20T15:54:00+00:00,0.983385,0.98355,0.98338,0.983575,407
2026-05-20T15:55:00+00:00,0.983545,0.98361,0.983545,0.983675,544
2026-05-20T15:56:00+00:00,0.983605,0.98368,0.98357,0.98378,480
2026-05-20T15:57:00+00:00,0.983675,0.983025,0.982805,0.98368,794
2026-05-20T15:58:00+00:00,0.983015,0.98313,0.982985,0.98321,450
2026-05-20T15:59:00+00:00,0.983125,0.983005,0.983,0.98317,251
2026-05-20T16:00:00+00:00,0.983,0.983115,0.98295,0.98315,464
2026-05-20T16:01:00+00:00,0.98311,0.983345,0.98309,0.983355,481
2026-05-20T16:02:00+00:00,0.98335,0.983245,0.983175,0.98335,292
2026-05-20T16:03:00+00:00,0.98324,0.98313,0.983125,0.98327,404
2026-05-20T16:04:00+00:00,0.983125,0.983425,0.983115,0.98346,318
2026-05-20T16:05:00+00:00,0.98343,0.983565,0.983425,0.9836,246
2026-05-20T16:06:00+00:00,0.983565,0.983675,0.983555,0.983725,336
2026-05-20T16:07:00+00:00,0.983675,0.983845,0.983635,0.98385,296
2026-05-20T16:08:00+00:00,0.98384,0.98354,0.983505,0.98386,202
2026-05-20T16:09:00+00:00,0.98353,0.98356,0.983455,0.98357,192
2026-05-20T16:10:00+00:00,0.98357,0.98365,0.98357,0.98367,238
2026-05-20T16:11:00+00:00,0.983635,0.983625,0.98358,0.983725,171
2026-05-20T16:12:00+00:00,0.983625,0.98368,0.98358,0.983685,129
2026-05-20T16:13:00+00:00,0.983675,0.98377,0.983675,0.9838,225
2026-05-20T16:14:00+00:00,0.983775,0.983625,0.98362,0.983775,184
2026-05-20T16:15:00+00:00,0.98363,0.983575,0.983525,0.983645,164
2026-05-20T16:16:00+00:00,0.983575,0.98351,0.983475,0.983595,212
2026-05-20T16:17:00+00:00,0.98352,0.983575,0.98352,0.983615,123
2026-05-20T16:18:00+00:00,0.983575,0.98371,0.983555,0.98376,203
2026-05-20T16:19:00+00:00,0.983705,0.98362,0.98352,0.98374,286
2026-05-20T16:20:00+00:00,0.983625,0.983175,0.98317,0.98363,415
2026-05-20T16:21:00+00:00,0.98316,0.98293,0.98284,0.983175,647
2026-05-20T16:22:00+00:00,0.982925,0.983005,0.98292,0.98305,494
2026-05-20T16:23:00+00:00,0.983,0.982995,0.98291,0.983075,346
2026-05-20T16:24:00+00:00,0.983,0.9829,0.982775,0.98302,580
2026-05-20T16:25:00+00:00,0.982895,0.982875,0.98272,0.98294,437
2026-05-20T16:26:00+00:00,0.982865,0.98302,0.982845,0.983045,392
2026-05-20T16:27:00+00:00,0.983025,0.98303,0.982975,0.983115,260
2026-05-20T16:28:00+00:00,0.983025,0.982785,0.98272,0.98304,355
2026-05-20T16:29:00+00:00,0.982775,0.98296,0.982775,0.98298,270
2026-05-20T16:30:00+00:00,0.982965,0.98273,0.982605,0.98301,336
2026-05-20T16:31:00+00:00,0.982725,0.98277,0.98266,0.982825,280
2026-05-20T16:32:00+00:00,0.982765,0.982675,0.9826,0.982895,330
2026-05-20T16:33:00+00:00,0.982665,0.982625,0.98248,0.982665,328
2026-05-20T16:34:00+00:00,0.98262,0.982625,0.98252,0.98265,192
2026-05-20T16:35:00+00:00,0.982625,0.982675,0.982605,0.982755,214
2026-05-20T16:36:00+00:00,0.98269,0.982875,0.982675,0.98293,314
2026-05-20T16:37:00+00:00,0.982875,0.982745,0.982695,0.98292,299
2026-05-20T16:38:00+00:00,0.98275,0.982925,0.982725,0.982945,339
2026-05-20T16:39:00+00:00,0.98293,0.982775,0.982775,0.982945,306
2026-05-20T16:40:00+00:00,0.982785,0.982915,0.982775,0.982915,314
2026-05-20T16:41:00+00:00,0.982905,0.982985,0.98286,0.983025,248
2026-05-20T16:42:00+00:00,0.98299,0.982925,0.982875,0.983045,295
2026-05-20T16:43:00+00:00,0.982915,0.983185,0.982855,0.983285,619
2026-05-20T16:44:00+00:00,0.98319,0.98333,0.983115,0.98334,453
2026-05-20T16:45:00+00:00,0.983335,0.983275,0.983195,0.983385,356
2026-05-20T16:46:00+00:00,0.98327,0.983425,0.983265,0.98347,409
2026-05-20T16:47:00+00:00,0.98342,0.983325,0.983245,0.983445,370
2026-05-20T16:48:00+00:00,0.98332,0.98309,0.983055,0.98334,472
2026-05-20T16:49:00+00:00,0.983085,0.983175,0.98297,0.983205,302
2026-05-20T16:50:00+00:00,0.983185,0.983105,0.983095,0.983275,292
2026-05-20T16:51:00+00:00,0.98311,0.98324,0.9831,0.98326,283
2026-05-20T16:52:00+00:00,0.983245,0.98321,0.983185,0.983275,296
2026-05-20T16:53:00+00:00,0.983205,0.983355,0.983175,0.983365,411
2026-05-20T16:54:00+00:00,0.98336,0.983365,0.983325,0.98346,296
2026-05-20T16:55:00+00:00,0.983375,0.98332,0.9833,0.983415,220
2026-05-20T16:56:00+00:00,0.983315,0.98355,0.983275,0.983635,401
2026-05-20T16:57:00+00:00,0.983545,0.98344,0.98342,0.983545,361
2026-05-20T16:58:00+00:00,0.98343,0.98353,0.983325,0.98354,484
2026-05-20T16:59:00+00:00,0.983535,0.983575,0.98347,0.983685,445
2026-05-20T17:00:00+00:00,0.98356,0.983535,0.983375,0.98361,681
2026-05-20T17:01:00+00:00,0.98354,0.983585,0.98348,0.983605,373
2026-05-20T17:02:00+00:00,0.98358,0.98339,0.98339,0.98358,340
2026-05-20T17:03:00+00:00,0.983385,0.983425,0.983355,0.98347,266
2026-05-20T17:04:00+00:00,0.98342,0.983445,0.98328,0.983445,222
2026-05-20T17:05:00+00:00,0.98344,0.983445,0.983355,0.98353,257
2026-05-20T17:06:00+00:00,0.98343,0.983625,0.9834,0.98365,268
2026-05-20T17:07:00+00:00,0.98363,0.98363,0.98357,0.983675,238
2026-05-20T17:08:00+00:00,0.983635,0.983575,0.983475,0.98366,211
2026-05-20T17:09:00+00:00,0.98356,0.983725,0.983525,0.983725,198
2026-05-20T17:10:00+00:00,0.98373,0.98375,0.983645,0.983775,227
2026-05-20T17:11:00+00:00,0.983735,0.98376,0.983695,0.983845,180
2026-05-20T17:12:00+00:00,0.98375,0.983755,0.98366,0.98379,224
2026-05-20T17:13:00+00:00,0.983745,0.983775,0.98361,0.984035,588
2026-05-20T17:14:00+00:00,0.98379,0.983865,0.983775,0.984005,526
2026-05-20T17:15:00+00:00,0.98386,0.9838,0.98378,0.983925,327
2026-05-20T17:16:00+00:00,0.98379,0.98361,0.98361,0.98379,288
2026-05-20T17:17:00+00:00,0.983615,0.98381,0.98361,0.983825,280
2026-05-20T17:18:00+00:00,0.9838,0.98396,0.98379,0.98401,353
2026-05-20T17:19:00+00:00,0.983955,0.983875,0.98384,0.983985,240
2026-05-20T17:20:00+00:00,0.983865,0.98388,0.983825,0.983925,266
2026-05-20T17:21:00+00:00,0.983885,0.9839,0.98387,0.98396,257
2026-05-20T17:22:00+00:00,0.98389,0.983785,0.98378,0.9839,251
2026-05-20T17:23:00+00:00,0.98378,0.983805,0.98376,0.983835,189
2026-05-20T17:24:00+00:00,0.98381,0.98362,0.983535,0.98382,268
2026-05-20T17:25:00+00:00,0.983625,0.983625,0.98356,0.9837,308
2026-05-20T17:26:00+00:00,0.98363,0.983795,0.9836,0.98381,304
2026-05-20T17:27:00+00:00,0.983775,0.98394,0.983755,0.983985,322
2026-05-20T17:28:00+00:00,0.98393,0.983925,0.983835,0.983975,221
2026-05-20T17:29:00+00:00,0.98392,0.983955,0.983845,0.984005,474
2026-05-20T17:30:00+00:00,0.98396,0.983975,0.983955,0.984075,432
2026-05-20T17:31:00+00:00,0.98397,0.983815,0.983695,0.98403,332
2026-05-20T17:32:00+00:00,0.98382,0.98376,0.983725,0.98382,276
2026-05-20T17:33:00+00:00,0.98375,0.98359,0.98351,0.98378,200
2026-05-20T17:34:00+00:00,0.983595,0.9836,0.98359,0.9837,195
2026-05-20T17:35:00+00:00,0.983595,0.983745,0.98347,0.983755,428
2026-05-20T17:36:00+00:00,0.983735,0.983935,0.983705,0.984055,630
2026-05-20T17:37:00+00:00,0.98394,0.983785,0.983775,0.984065,337
2026-05-20T17:38:00+00:00,0.98379,0.9838,0.98374,0.983855,277
2026-05-20T17:39:00+00:00,0.983795,0.983735,0.9837,0.983825,207
2026-05-20T17:40:00+00:00,0.983725,0.983625,0.983625,0.983765,233
2026-05-20T17:41:00+00:00,0.98362,0.983675,0.983615,0.983715,209
2026-05-20T17:42:00+00:00,0.983675,0.98375,0.983665,0.98377,128
2026-05-20T17:43:00+00:00,0.983745,0.983765,0.98372,0.983775,158
2026-05-20T17:44:00+00:00,0.983755,0.98368,0.98364,0.983775,148
2026-05-20T17:45:00+00:00,0.983685,0.983725,0.983675,0.98382,166
2026-05-20T17:46:00+00:00,0.98374,0.983795,0.98372,0.983825,189
2026-05-20T17:47:00+00:00,0.983795,0.983775,0.983725,0.983825,211
2026-05-20T17:48:00+00:00,0.983775,0.983775,0.983725,0.983825,130
2026-05-20T17:49:00+00:00,0.98378,0.983945,0.983735,0.98395,195
2026-05-20T17:50:00+00:00,0.98395,0.9838,0.98378,0.983965,248
2026-05-20T17:51:00+00:00,0.983795,0.983875,0.983785,0.98393,266
2026-05-20T17:52:00+00:00,0.98387,0.983775,0.983755,0.98387,152
2026-05-20T17:53:00+00:00,0.983785,0.983755,0.98375,0.983825,106
2026-05-20T17:54:00+00:00,0.98376,0.983715,0.983705,0.98381,209
2026-05-20T17:55:00+00:00,0.98373,0.983725,0.983675,0.983795,227
2026-05-20T17:56:00+00:00,0.983725,0.983735,0.983725,0.983815,186
2026-05-20T17:57:00+00:00,0.98376,0.983725,0.9837,0.983775,121
2026-05-20T17:58:00+00:00,0.98373,0.983675,0.98365,0.983745,136
2026-05-20T17:59:00+00:00,0.98367,0.98367,0.9836,0.983725,90
2026-05-20T18:00:00+00:00,0.983675,0.983645,0.983425,0.983695,303
2026-05-20T18:01:00+00:00,0.98365,0.983705,0.98356,0.983765,147
2026-05-20T18:02:00+00:00,0.98371,0.983675,0.983575,0.983715,115
2026-05-20T18:03:00+00:00,0.983685,0.983655,0.98356,0.983705,157
2026-05-20T18:04:00+00:00,0.98365,0.98365,0.983575,0.98371,231
2026-05-20T18:05:00+00:00,0.98366,0.983545,0.98354,0.983665,205
2026-05-20T18:06:00+00:00,0.983545,0.983535,0.9835,0.9836,118
2026-05-20T18:07:00+00:00,0.983525,0.98365,0.983525,0.983735,278
2026-05-20T18:08:00+00:00,0.983645,0.98361,0.98359,0.983675,156
2026-05-20T18:09:00+00:00,0.983605,0.983675,0.983575,0.983675,137
2026-05-20T18:10:00+00:00,0.983665,0.983725,0.983645,0.983745,220
2026-05-20T18:11:00+00:00,0.983725,0.983755,0.983685,0.98376,126
2026-05-20T18:12:00+00:00,0.98376,0.98376,0.983755,0.983845,175
2026-05-20T18:13:00+00:00,0.983765,0.98379,0.983745,0.983875,227
2026-05-20T18:14:00+00:00,0.9838,0.983775,0.98368,0.983805,208
2026-05-20T18:15:00+00:00,0.98378,0.983875,0.983755,0.983895,185
2026-05-20T18:16:00+00:00,0.98387,0.98389,0.983805,0.983935,315
2026-05-20T18:17:00+00:00,0.983895,0.98389,0.983855,0.983925,206
2026-05-20T18:18:00+00:00,0.983895,0.983995,0.983875,0.983995,185
2026-05-20T18:19:00+00:00,0.984,0.98395,0.983925,0.984005,123
2026-05-20T18:20:00+00:00,0.983945,0.983865,0.98385,0.983975,260
2026-05-20T18:21:00+00:00,0.98386,0.983835,0.983805,0.98389,179
2026-05-20T18:22:00+00:00,0.983845,0.983785,0.983755,0.983845,199
2026-05-20T18:23:00+00:00,0.98378,0.983865,0.98374,0.9839,224
2026-05-20T18:24:00+00:00,0.98386,0.98377,0.983695,0.98389,322
2026-05-20T18:25:00+00:00,0.983765,0.983565,0.98355,0.98382,423
2026-05-20T18:26:00+00:00,0.983575,0.98368,0.98356,0.98368,411
2026-05-20T18:27:00+00:00,0.983675,0.983735,0.983615,0.983745,266
2026-05-20T18:28:00+00:00,0.98374,0.983775,0.983735,0.98385,276
2026-05-20T18:29:00+00:00,0.983775,0.98379,0.98373,0.98383,256
2026-05-20T18:30:00+00:00,0.9838,0.98384,0.983795,0.983905,266
2026-05-20T18:31:00+00:00,0.983845,0.98384,0.983815,0.983905,188
2026-05-20T18:32:00+00:00,0.983835,0.983845,0.983805,0.98389,114
2026-05-20T18:33:00+00:00,0.983835,0.98383,0.98379,0.98387,139
2026-05-20T18:34:00+00:00,0.98383,0.983835,0.9838,0.98389,117
2026-05-20T18:35:00+00:00,0.98384,0.983905,0.983825,0.983915,217
2026-05-20T18:36:00+00:00,0.9839,0.98398,0.983895,0.984005,245
2026-05-20T18:37:00+00:00,0.98399,0.983995,0.9839,0.984005,165
2026-05-20T18:38:00+00:00,0.983995,0.984035,0.98398,0.98406,72
2026-05-20T18:39:00+00:00,0.98404,0.98415,0.984025,0.98423,200
2026-05-20T18:40:00+00:00,0.98414,0.98413,0.984115,0.9842,170
2026-05-20T18:41:00+00:00,0.984135,0.984065,0.98406,0.984155,145
2026-05-20T18:42:00+00:00,0.98406,0.98398,0.98397,0.984075,177
2026-05-20T18:43:00+00:00,0.983985,0.98395,0.9839,0.98403,379
2026-05-20T18:44:00+00:00,0.983955,0.983635,0.98361,0.98396,348
2026-05-20T18:45:00+00:00,0.983635,0.983725,0.983605,0.983825,594
2026-05-20T18:46:00+00:00,0.983725,0.983875,0.98371,0.983885,233
2026-05-20T18:47:00+00:00,0.983885,0.983905,0.9838,0.983915,247
2026-05-20T18:48:00+00:00,0.9839,0.98397,0.98386,0.983995,243
2026-05-20T18:49:00+00:00,0.983975,0.98392,0.98389,0.983995,199
2026-05-20T18:50:00+00:00,0.983925,0.98395,0.983905,0.98404,276
2026-05-20T18:51:00+00:00,0.98394,0.983915,0.983895,0.983965,274
2026-05-20T18:52:00+00:00,0.983905,0.98409,0.983905,0.9841,248
2026-05-20T18:53:00+00:00,0.984085,0.984195,0.984065,0.984205,243
2026-05-20T18:54:00+00:00,0.98419,0.984165,0.98412,0.98422,269
2026-05-20T18:55:00+00:00,0.98416,0.98425,0.98414,0.98431,239
2026-05-20T18:56:00+00:00,0.98426,0.984085,0.984085,0.984275,263
2026-05-20T18:57:00+00:00,0.984095,0.984075,0.984025,0.98411,260
2026-05-20T18:58:00+00:00,0.98407,0.984125,0.98404,0.98417,200
2026-05-20T18:59:00+00:00,0.98414,0.98405,0.983985,0.984165,362
2026-05-20T19:00:00+00:00,0.984055,0.984275,0.984035,0.98428,352
2026-05-20T19:01:00+00:00,0.984285,0.98435,0.984265,0.9844,100
2026-05-20T19:02:00+00:00,0.98435,0.984335,0.98432,0.984365,129
2026-05-20T19:03:00+00:00,0.984345,0.98413,0.984105,0.98435,105
2026-05-20T19:04:00+00:00,0.984135,0.98404,0.984035,0.98415,119
2026-05-20T19:05:00+00:00,0.984035,0.98401,0.983945,0.984045,143
2026-05-20T19:06:00+00:00,0.984005,0.984035,0.98397,0.984055,198
2026-05-20T19:07:00+00:00,0.98403,0.984,0.983975,0.98404,99
2026-05-20T19:08:00+00:00,0.984005,0.983985,0.98398,0.984025,120
2026-05-20T19:09:00+00:00,0.98399,0.98403,0.98396,0.984035,70
2026-05-20T19:10:00+00:00,0.984025,0.984085,0.983965,0.984085,157
2026-05-20T19:11:00+00:00,0.98408,0.984,0.98398,0.98409,151
2026-05-20T19:12:00+00:00,0.983995,0.984005,0.983955,0.984015,111
2026-05-20T19:13:00+00:00,0.98401,0.983955,0.983915,0.98401,178
2026-05-20T19:14:00+00:00,0.983965,0.984015,0.98395,0.98403,133
2026-05-20T19:15:00+00:00,0.98401,0.984065,0.984,0.98408,137
2026-05-20T19:16:00+00:00,0.98406,0.98415,0.98406,0.98417,99
2026-05-20T19:17:00+00:00,0.98415,0.98415,0.98412,0.98416,65
2026-05-20T19:18:00+00:00,0.984155,0.98417,0.984135,0.984185,81
2026-05-20T19:19:00+00:00,0.984175,0.98421,0.984175,0.984245,126
2026-05-20T19:20:00+00:00,0.984205,0.984185,0.984155,0.984225,148
2026-05-20T19:21:00+00:00,0.98418,0.984135,0.984135,0.984195,118
2026-05-20T19:22:00+00:00,0.984135,0.98411,0.98411,0.984205,122
2026-05-20T19:23:00+00:00,0.984105,0.984215,0.98408,0.984215,125
2026-05-20T19:24:00+00:00,0.984215,0.98423,0.984175,0.98424,92
2026-05-20T19:25:00+00:00,0.984235,0.984225,0.984195,0.98429,111
2026-05-20T19:26:00+00:00,0.98423,0.98419,0.984185,0.984275,146
2026-05-20T19:27:00+00:00,0.984195,0.984175,0.984135,0.984245,104
2026-05-20T19:28:00+00:00,0.984175,0.98414,0.984135,0.98421,74
2026-05-20T19:29:00+00:00,0.98414,0.984245,0.98413,0.98425,103
2026-05-20T19:30:00+00:00,0.984255,0.98415,0.984145,0.98428,167
2026-05-20T19:31:00+00:00,0.984155,0.9841,0.984095,0.984155,109
2026-05-20T19:32:00+00:00,0.984095,0.984075,0.984035,0.98412,150
2026-05-20T19:33:00+00:00,0.984075,0.984105,0.984005,0.98412,87
2026-05-20T19:34:00+00:00,0.9841,0.984095,0.984055,0.98413,96
2026-05-20T19:35:00+00:00,0.98409,0.9841,0.98409,0.98413,45
2026-05-20T19:36:00+00:00,0.984105,0.98414,0.98408,0.98415,178
2026-05-20T19:37:00+00:00,0.984145,0.984115,0.984075,0.984145,168
2026-05-20T19:38:00+00:00,0.98412,0.984055,0.98405,0.98414,110
2026-05-20T19:39:00+00:00,0.98405,0.98413,0.984045,0.984295,331
2026-05-20T19:40:00+00:00,0.984125,0.98404,0.984035,0.98415,277
2026-05-20T19:41:00+00:00,0.984045,0.983995,0.983975,0.984045,163
2026-05-20T19:42:00+00:00,0.98399,0.983995,0.983975,0.984025,123
2026-05-20T19:43:00+00:00,0.984,0.983935,0.983935,0.984005,130
2026-05-20T19:44:00+00:00,0.98394,0.983965,0.98387,0.98397,214
2026-05-20T19:45:00+00:00,0.98396,0.98397,0.98387,0.983975,130
2026-05-20T19:46:00+00:00,0.983965,0.983915,0.98391,0.984025,88
2026-05-20T19:47:00+00:00,0.98391,0.9839,0.983865,0.98394,143
2026-05-20T19:48:00+00:00,0.98391,0.98387,0.98387,0.983945,115
2026-05-20T19:49:00+00:00,0.98387,0.983805,0.98379,0.98392,91
2026-05-20T19:50:00+00:00,0.9838,0.98369,0.98366,0.9838,271
2026-05-20T19:51:00+00:00,0.983705,0.983775,0.983685,0.983785,217
2026-05-20T19:52:00+00:00,0.98378,0.98389,0.98378,0.983905,131
2026-05-20T19:53:00+00:00,0.983895,0.983985,0.98389,0.983995,169
2026-05-20T19:54:00+00:00,0.983975,0.98386,0.98384,0.983985,220
2026-05-20T19:55:00+00:00,0.983865,0.98383,0.9838,0.98392,356
2026-05-20T19:56:00+00:00,0.983815,0.98386,0.98377,0.983915,261
2026-05-20T19:57:00+00:00,0.983855,0.98384,0.98379,0.983915,236
2026-05-20T19:58:00+00:00,0.983845,0.983785,0.98376,0.983885,240
2026-05-20T19:59:00+00:00,0.98378,0.98384,0.98377,0.98389,212
2026-05-20T20:00:00+00:00,0.983845,0.983625,0.98359,0.98385,298
2026-05-20T20:01:00+00:00,0.98363,0.98362,0.98358,0.983675,167
2026-05-20T20:02:00+00:00,0.983625,0.98368,0.983575,0.9837,147
2026-05-20T20:03:00+00:00,0.983675,0.983575,0.983565,0.983685,101
2026-05-20T20:04:00+00:00,0.983565,0.98354,0.983495,0.983585,112
2026-05-20T20:05:00+00:00,0.983535,0.983555,0.98352,0.983605,116
2026-05-20T20:06:00+00:00,0.98356,0.983555,0.9835,0.983575,68
2026-05-20T20:07:00+00:00,0.983555,0.983515,0.983485,0.98357,64
2026-05-20T20:08:00+00:00,0.983515,0.983595,0.983515,0.98362,95
2026-05-20T20:09:00+00:00,0.9836,0.98362,0.98356,0.983635,108
2026-05-20T20:10:00+00:00,0.983625,0.983665,0.9836,0.98373,325
2026-05-20T20:11:00+00:00,0.98366,0.983545,0.983525,0.983665,222
2026-05-20T20:12:00+00:00,0.98355,0.98353,0.983495,0.983555,100
2026-05-20T20:13:00+00:00,0.983525,0.983535,0.983485,0.98356,127
2026-05-20T20:14:00+00:00,0.983555,0.98357,0.98352,0.983575,85
2026-05-20T20:15:00+00:00,0.983575,0.983515,0.983515,0.98358,65
2026-05-20T20:16:00+00:00,0.98351,0.98339,0.98336,0.983555,181
2026-05-20T20:17:00+00:00,0.983395,0.983365,0.983365,0.98345,124
2026-05-20T20:18:00+00:00,0.98338,0.98341,0.983355,0.98342,78
2026-05-20T20:19:00+00:00,0.9834,0.983485,0.983385,0.983485,97
2026-05-20T20:20:00+00:00,0.983465,0.98343,0.983385,0.98355,528
2026-05-20T20:21:00+00:00,0.983425,0.983335,0.98327,0.983455,340
2026-05-20T20:22:00+00:00,0.98334,0.98331,0.983275,0.983415,234
2026-05-20T20:23:00+00:00,0.983315,0.98331,0.98327,0.98335,165
2026-05-20T20:24:00+00:00,0.983325,0.983425,0.9833,0.98346,252
2026-05-20T20:25:00+00:00,0.98343,0.983375,0.983355,0.98348,260
2026-05-20T20:26:00+00:00,0.98338,0.98336,0.98335,0.98346,111
2026-05-20T20:27:00+00:00,0.98336,0.98332,0.9833,0.983385,215
2026-05-20T20:28:00+00:00,0.983325,0.98339,0.98332,0.9834,100
2026-05-20T20:29:00+00:00,0.983395,0.98345,0.983395,0.98349,50
2026-05-20T20:30:00+00:00,0.983445,0.983395,0.983375,0.98346,255
2026-05-20T20:31:00+00:00,0.9834,0.983375,0.983345,0.9834,105
2026-05-20T20:32:00+00:00,0.98337,0.983355,0.983325,0.983385,244
2026-05-20T20:33:00+00:00,0.98336,0.983265,0.983245,0.983395,147
2026-05-20T20:34:00+00:00,0.983265,0.983125,0.983125,0.983285,137
2026-05-20T20:35:00+00:00,0.98314,0.983155,0.983085,0.98316,98
2026-05-20T20:36:00+00:00,0.98316,0.98311,0.983105,0.983175,112
2026-05-20T20:37:00+00:00,0.983105,0.983065,0.98301,0.983115,95
2026-05-20T20:38:00+00:00,0.98307,0.983065,0.983065,0.98313,91
2026-05-20T20:39:00+00:00,0.983065,0.98307,0.983025,0.983085,93
2026-05-20T20:40:00+00:00,0.983075,0.98306,0.983035,0.983095,67
2026-05-20T20:41:00+00:00,0.98305,0.983135,0.983045,0.983135,46
2026-05-20T20:42:00+00:00,0.983135,0.983195,0.983105,0.9832,62
2026-05-20T20:43:00+00:00,0.98319,0.983245,0.983155,0.983245,107
2026-05-20T20:44:00+00:00,0.983245,0.983205,0.9832,0.983255,55
2026-05-20T20:45:00+00:00,0.9832,0.98315,0.983125,0.98321,86
2026-05-20T20:46:00+00:00,0.983155,0.98319,0.983155,0.983205,31
2026-05-20T20:47:00+00:00,0.98319,0.983145,0.983145,0.9832,34
2026-05-20T20:48:00+00:00,0.983145,0.983195,0.983105,0.983205,51
2026-05-20T20:49:00+00:00,0.983175,0.983125,0.983125,0.983205,27
2026-05-20T20:50:00+00:00,0.98311,0.98306,0.98304,0.983165,53
2026-05-20T20:51:00+00:00,0.98306,0.983095,0.98306,0.983105,48
2026-05-20T20:52:00+00:00,0.98309,0.983135,0.98308,0.98314,64
2026-05-20T20:53:00+00:00,0.98314,0.983125,0.98309,0.98314,29
2026-05-20T20:54:00+00:00,0.983135,0.98313,0.98309,0.98314,61
2026-05-20T20:55:00+00:00,0.98311,0.98321,0.983085,0.983245,93
2026-05-20T20:56:00+00:00,0.983205,0.98314,0.983135,0.983215,31
2026-05-20T20:57:00+00:00,0.98314,0.98314,0.9831,0.98315,64
2026-05-20T20:58:00+00:00,0.98314,0.98315,0.98311,0.9832,59
2026-05-20T20:59:00+00:00,0.98314,0.98285,0.98285,0.98315,82
2026-05-20T21:00:00+00:00,0.98285,0.98285,0.98285,0.98285,0
2026-05-20T21:01:00+00:00,0.98285,0.98285,0.98285,0.98285,0
2026-05-20T21:02:00+00:00,0.98285,0.98285,0.98285,0.98285,0
2026-05-20T21:03:00+00:00,0.98285,0.98275,0.98275,0.98285,1
2026-05-20T21:04:00+00:00,0.98275,0.9826,0.9826,0.98275,4
2026-05-20T21:05:00+00:00,0.9826,0.982725,0.9826,0.982725,6
2026-05-20T21:06:00+00:00,0.982725,0.982595,0.982525,0.982725,7
2026-05-20T21:07:00+00:00,0.982595,0.98262,0.982595,0.98262,1
2026-05-20T21:08:00+00:00,0.98262,0.98264,0.98262,0.982645,2
2026-05-20T21:09:00+00:00,0.98264,0.98265,0.98264,0.98265,1
2026-05-20T21:10:00+00:00,0.98265,0.98255,0.982525,0.98265,12
2026-05-20T21:11:00+00:00,0.98255,0.98275,0.98255,0.98275,3
2026-05-20T21:12:00+00:00,0.98275,0.982725,0.982725,0.98275,1
2026-05-20T21:13:00+00:00,0.982725,0.982775,0.982725,0.982775,1
2026-05-20T21:14:00+00:00,0.982775,0.982775,0.982775,0.982775,0
2026-05-20T21:15:00+00:00,0.982775,0.982775,0.982775,0.982775,0
2026-05-20T21:16:00+00:00,0.982775,0.982605,0.982525,0.982775,15
2026-05-20T21:17:00+00:00,0.982605,0.98254,0.98254,0.982605,2
2026-05-20T21:18:00+00:00,0.98254,0.98254,0.98254,0.98254,0
2026-05-20T21:19:00+00:00,0.98254,0.98254,0.98254,0.98254,0
2026-05-20T21:20:00+00:00,0.98254,0.98252,0.98252,0.98254,8
2026-05-20T21:21:00+00:00,0.98252,0.982495,0.982495,0.98252,1
2026-05-20T21:22:00+00:00,0.982495,0.982495,0.982485,0.9825,5
2026-05-20T21:23:00+00:00,0.982495,0.9825,0.982495,0.9825,1
2026-05-20T21:24:00+00:00,0.9825,0.982535,0.98249,0.982535,2
2026-05-20T21:25:00+00:00,0.982535,0.983075,0.982535,0.983075,7
2026-05-20T21:26:00+00:00,0.983075,0.98301,0.98301,0.983075,1
2026-05-20T21:27:00+00:00,0.98301,0.9831,0.98301,0.9831,2
2026-05-20T21:28:00+00:00,0.9831,0.9831,0.9831,0.9831,0
2026-05-20T21:29:00+00:00,0.982985,0.982995,0.98298,0.98302,12
2026-05-20T21:30:00+00:00,0.98299,0.982975,0.982965,0.983025,42
2026-05-20T21:31:00+00:00,0.982975,0.983095,0.98294,0.983095,4
2026-05-20T21:32:00+00:00,0.983095,0.983095,0.983095,0.983095,0
2026-05-20T21:33:00+00:00,0.983095,0.983095,0.983095,0.983095,0
2026-05-20T21:34:00+00:00,0.983095,0.98306,0.98306,0.983095,1
2026-05-20T21:35:00+00:00,0.98306,0.983165,0.98299,0.983165,10
2026-05-20T21:36:00+00:00,0.9832,0.983155,0.98314,0.9832,10
2026-05-20T21:37:00+00:00,0.983155,0.983185,0.983135,0.983225,17
2026-05-20T21:38:00+00:00,0.983185,0.983145,0.983145,0.983185,2
2026-05-20T21:39:00+00:00,0.983145,0.98323,0.983025,0.983315,63
2026-05-20T21:40:00+00:00,0.98323,0.983205,0.98317,0.98323,4
2026-05-20T21:41:00+00:00,0.983205,0.98321,0.983205,0.98325,5
2026-05-20T21:42:00+00:00,0.98321,0.983195,0.983195,0.983225,4
2026-05-20T21:43:00+00:00,0.983195,0.983315,0.983195,0.98334,6
2026-05-20T21:44:00+00:00,0.983315,0.98336,0.98331,0.983385,9
2026-05-20T21:45:00+00:00,0.983345,0.983405,0.983325,0.983405,16
2026-05-20T21:46:00+00:00,0.983405,0.98344,0.983375,0.983475,27
2026-05-20T21:47:00+00:00,0.98344,0.9835,0.98343,0.983505,9
2026-05-20T21:48:00+00:00,0.9835,0.98351,0.98349,0.983555,23
2026-05-20T21:49:00+00:00,0.98351,0.98338,0.98338,0.98352,13
2026-05-20T21:50:00+00:00,0.98338,0.98324,0.983215,0.98338,23
2026-05-20T21:51:00+00:00,0.98324,0.98298,0.982965,0.98324,34
2026-05-20T21:52:00+00:00,0.98298,0.983065,0.98296,0.983065,13
2026-05-20T21:53:00+00:00,0.983065,0.983055,0.983055,0.983085,11
2026-05-20T21:54:00+00:00,0.983055,0.98308,0.98304,0.98308,10
2026-05-20T21:55:00+00:00,0.98308,0.983005,0.983005,0.98308,5
2026-05-20T21:56:00+00:00,0.983005,0.983025,0.983005,0.983025,1
2026-05-20T21:57:00+00:00,0.983025,0.983025,0.983025,0.983025,0
2026-05-20T21:58:00+00:00,0.983025,0.98329,0.983025,0.98332,28
2026-05-20T21:59:00+00:00,0.98329,0.98328,0.983265,0.98329,6
2026-05-20T22:00:00+00:00,0.9833,0.98325,0.983,0.9833,48
2026-05-20T22:01:00+00:00,0.983265,0.98315,0.9831,0.983265,17
2026-05-20T22:02:00+00:00,0.98315,0.98314,0.98314,0.98315,1
2026-05-20T22:03:00+00:00,0.98314,0.98307,0.98301,0.98314,19
2026-05-20T22:04:00+00:00,0.98307,0.98307,0.98307,0.983095,4
2026-05-20T22:05:00+00:00,0.98307,0.982965,0.982945,0.983075,31
2026-05-20T22:06:00+00:00,0.98297,0.983,0.982945,0.98301,15
2026-05-20T22:07:00+00:00,0.98301,0.98292,0.98275,0.98301,73
2026-05-20T22:08:00+00:00,0.98292,0.982885,0.982835,0.98292,82
2026-05-20T22:09:00+00:00,0.98288,0.982765,0.98276,0.98292,68
2026-05-20T22:10:00+00:00,0.98277,0.982845,0.98276,0.9829,147
2026-05-20T22:11:00+00:00,0.98285,0.98286,0.982785,0.98293,61
2026-05-20T22:12:00+00:00,0.98286,0.982875,0.982815,0.98294,59
2026-05-20T22:13:00+00:00,0.98289,0.982915,0.982875,0.982945,53
2026-05-20T22:14:00+00:00,0.982915,0.9829,0.982895,0.982945,28
2026-05-20T22:15:00+00:00,0.9829,0.98288,0.98286,0.982935,53
2026-05-20T22:16:00+00:00,0.982885,0.982895,0.982865,0.982955,34
2026-05-20T22:17:00+00:00,0.982895,0.98289,0.982865,0.982965,52
2026-05-20T22:18:00+00:00,0.98289,0.98291,0.98286,0.98295,48
2026-05-20T22:19:00+00:00,0.9829,0.982895,0.98286,0.982935,45
2026-05-20T22:20:00+00:00,0.982895,0.982865,0.98285,0.982935,69
2026-05-20T22:21:00+00:00,0.98286,0.982925,0.982825,0.98294,111
2026-05-20T22:22:00+00:00,0.982925,0.9828,0.982785,0.982935,65
2026-05-20T22:23:00+00:00,0.9828,0.982835,0.9828,0.982865,42
2026-05-20T22:24:00+00:00,0.982835,0.98286,0.98283,0.982865,37
2026-05-20T22:25:00+00:00,0.98287,0.982855,0.9828,0.982875,82
2026-05-20T22:26:00+00:00,0.982855,0.982865,0.98285,0.982885,34
2026-05-20T22:27:00+00:00,0.982865,0.98285,0.98283,0.98287,19
2026-05-20T22:28:00+00:00,0.982845,0.982845,0.98283,0.982945,79
2026-05-20T22:29:00+00:00,0.982845,0.982945,0.98283,0.98295,45
2026-05-20T22:30:00+00:00,0.98294,0.98292,0.982895,0.98295,62
2026-05-20T22:31:00+00:00,0.98292,0.98296,0.98292,0.98297,53
2026-05-20T22:32:00+00:00,0.98296,0.98294,0.9829,0.98296,58
2026-05-20T22:33:00+00:00,0.98293,0.982955,0.98292,0.982975,59
2026-05-20T22:34:00+00:00,0.982965,0.98299,0.982965,0.98302,70
2026-05-20T22:35:00+00:00,0.982985,0.98303,0.982975,0.983035,72
2026-05-20T22:36:00+00:00,0.98303,0.982995,0.982995,0.983045,36
2026-05-20T22:37:00+00:00,0.982995,0.98302,0.982985,0.983035,75
2026-05-20T22:38:00+00:00,0.983025,0.983035,0.98302,0.98309,64
2026-05-20T22:39:00+00:00,0.98304,0.983025,0.98302,0.983065,42
2026-05-20T22:40:00+00:00,0.98302,0.983,0.982985,0.98303,70
2026-05-20T22:41:00+00:00,0.982995,0.983005,0.982985,0.98304,75
2026-05-20T22:42:00+00:00,0.983005,0.98304,0.983,0.98304,68
2026-05-20T22:43:00+00:00,0.983035,0.98306,0.98302,0.98307,41
2026-05-20T22:44:00+00:00,0.98305,0.983045,0.98301,0.98306,78
2026-05-20T22:45:00+00:00,0.98304,0.98303,0.98302,0.98306,41
2026-05-20T22:46:00+00:00,0.98303,0.983055,0.98303,0.98306,19
2026-05-20T22:47:00+00:00,0.98306,0.98302,0.98302,0.98306,52
2026-05-20T22:48:00+00:00,0.983015,0.983005,0.983,0.983025,34
2026-05-20T22:49:00+00:00,0.983,0.983,0.982995,0.98301,23
2026-05-20T22:50:00+00:00,0.983,0.98298,0.982945,0.98301,65
2026-05-20T22:51:00+00:00,0.982975,0.982985,0.982965,0.98301,76
2026-05-20T22:52:00+00:00,0.982985,0.98297,0.982965,0.98301,41
2026-05-20T22:53:00+00:00,0.98297,0.98296,0.98295,0.98298,42
2026-05-20T22:54:00+00:00,0.982955,0.98299,0.982935,0.98301,73
2026-05-20T22:55:00+00:00,0.98299,0.98298,0.982975,0.983025,42
2026-05-20T22:56:00+00:00,0.98298,0.98299,0.982965,0.983,41
2026-05-20T22:57:00+00:00,0.983,0.982985,0.98296,0.983,40
2026-05-20T22:58:00+00:00,0.98298,0.983005,0.98298,0.983005,39
2026-05-20T22:59:00+00:00,0.982995,0.98305,0.98296,0.98305,44
2026-05-20T23:00:00+00:00,0.98305,0.983025,0.983015,0.98305,25
2026-05-20T23:01:00+00:00,0.983025,0.98298,0.982945,0.983025,41
2026-05-20T23:02:00+00:00,0.98297,0.982965,0.982945,0.98302,75
2026-05-20T23:03:00+00:00,0.982955,0.98295,0.98294,0.982955,10
2026-05-20T23:04:00+00:00,0.982945,0.98295,0.98294,0.982975,22
2026-05-20T23:05:00+00:00,0.982955,0.98296,0.98294,0.982965,18
2026-05-20T23:06:00+00:00,0.98296,0.98292,0.98291,0.982985,52
2026-05-20T23:07:00+00:00,0.98292,0.98296,0.982915,0.98298,30
2026-05-20T23:08:00+00:00,0.98296,0.98296,0.98295,0.98296,11
2026-05-20T23:09:00+00:00,0.98296,0.9828,0.98279,0.98296,60
2026-05-20T23:10:00+00:00,0.982805,0.982875,0.982795,0.98292,53
2026-05-20T23:11:00+00:00,0.982865,0.982885,0.98286,0.9829,25
2026-05-20T23:12:00+00:00,0.98289,0.98295,0.98286,0.98295,30
2026-05-20T23:13:00+00:00,0.98295,0.982925,0.98291,0.98296,52
2026-05-20T23:14:00+00:00,0.982925,0.982915,0.982915,0.98293,10
2026-05-20T23:15:00+00:00,0.982915,0.98292,0.98291,0.98296,17
2026-05-20T23:16:00+00:00,0.98292,0.98293,0.98287,0.98293,31
2026-05-20T23:17:00+00:00,0.98293,0.982935,0.982925,0.982965,39
2026-05-20T23:18:00+00:00,0.98293,0.98283,0.98282,0.982935,66
2026-05-20T23:19:00+00:00,0.982825,0.98282,0.982805,0.982855,74
2026-05-20T23:20:00+00:00,0.98282,0.98286,0.98281,0.98287,32
2026-05-20T23:21:00+00:00,0.98286,0.98286,0.982845,0.98288,46
2026-05-20T23:22:00+00:00,0.982865,0.982875,0.982825,0.98291,52
2026-05-20T23:23:00+00:00,0.98287,0.982855,0.982825,0.98287,72
2026-05-20T23:24:00+00:00,0.982845,0.982905,0.982825,0.98291,54
2026-05-20T23:25:00+00:00,0.982905,0.982915,0.982875,0.982945,45
2026-05-20T23:26:00+00:00,0.98291,0.9829,0.98289,0.982925,48
2026-05-20T23:27:00+00:00,0.9829,0.982925,0.982865,0.982925,13
2026-05-20T23:28:00+00:00,0.982925,0.982915,0.982915,0.982925,8
2026-05-20T23:29:00+00:00,0.982915,0.98296,0.98291,0.98296,12
2026-05-20T23:30:00+00:00,0.98297,0.98292,0.982915,0.98297,55
2026-05-20T23:31:00+00:00,0.98292,0.98292,0.98291,0.98292,8
2026-05-20T23:32:00+00:00,0.98292,0.982915,0.9829,0.98292,13
2026-05-20T23:33:00+00:00,0.98292,0.98291,0.982905,0.98292,8
2026-05-20T23:34:00+00:00,0.98291,0.98287,0.98286,0.982915,56
2026-05-20T23:35:00+00:00,0.98286,0.98286,0.982835,0.982865,39
2026-05-20T23:36:00+00:00,0.98286,0.982865,0.982845,0.98287,61
2026-05-20T23:37:00+00:00,0.98286,0.98292,0.98286,0.98292,26
2026-05-20T23:38:00+00:00,0.98292,0.98291,0.982905,0.98295,24
2026-05-20T23:39:00+00:00,0.982905,0.982925,0.982895,0.982925,19
2026-05-20T23:40:00+00:00,0.982915,0.98291,0.98289,0.982915,25
2026-05-20T23:41:00+00:00,0.98291,0.98286,0.982845,0.98291,16
2026-05-20T23:42:00+00:00,0.98286,0.982895,0.982855,0.982905,24
2026-05-20T23:43:00+00:00,0.982895,0.9829,0.982875,0.982905,24
2026-05-20T23:44:00+00:00,0.9829,0.982905,0.98284,0.98291,45
2026-05-20T23:45:00+00:00,0.9829,0.98289,0.982835,0.982905,111
2026-05-20T23:46:00+00:00,0.982865,0.98297,0.98285,0.98297,104
2026-05-20T23:47:00+00:00,0.98297,0.98296,0.982955,0.983015,55
2026-05-20T23:48:00+00:00,0.98296,0.98305,0.982955,0.983095,58
2026-05-20T23:49:00+00:00,0.98305,0.98291,0.98291,0.98305,56
2026-05-20T23:50:00+00:00,0.982925,0.982955,0.982925,0.982975,81
2026-05-20T23:51:00+00:00,0.98295,0.982925,0.982905,0.982955,96
2026-05-20T23:52:00+00:00,0.98291,0.982845,0.9828,0.98291,91
2026-05-20T23:53:00+00:00,0.982835,0.98284,0.982815,0.982875,68
2026-05-20T23:54:00+00:00,0.98284,0.982805,0.982795,0.98284,52
2026-05-20T23:55:00+00:00,0.982795,0.98284,0.98279,0.98287,106
2026-05-20T23:56:00+00:00,0.982845,0.98281,0.982795,0.98286,124
2026-05-20T23:57:00+00:00,0.982815,0.982725,0.982725,0.982835,92
2026-05-20T23:58:00+00:00,0.982725,0.9828,0.98271,0.98281,163
2026-05-20T23:59:00+00:00,0.982805,0.982775,0.98276,0.98286,170
2026-05-21T00:00:00+00:00,0.982795,0.982685,0.982575,0.98283,453
2026-05-21T00:01:00+00:00,0.98268,0.98255,0.98252,0.98272,408
2026-05-21T00:02:00+00:00,0.982545,0.982565,0.98248,0.982615,352
2026-05-21T00:03:00+00:00,0.982555,0.982585,0.982495,0.982615,222
2026-05-21T00:04:00+00:00,0.982595,0.982665,0.982595,0.982715,217
2026-05-21T00:05:00+00:00,0.982655,0.98265,0.98258,0.98267,265
2026-05-21T00:06:00+00:00,0.982655,0.982535,0.982525,0.9827,315
2026-05-21T00:07:00+00:00,0.982525,0.98254,0.98252,0.98267,234
2026-05-21T00:08:00+00:00,0.982545,0.98252,0.982415,0.982565,323
2026-05-21T00:09:00+00:00,0.982515,0.98261,0.982505,0.98264,313
2026-05-21T00:10:00+00:00,0.982615,0.982515,0.98249,0.982655,286
2026-05-21T00:11:00+00:00,0.98252,0.982565,0.982515,0.9826,227
2026-05-21T00:12:00+00:00,0.98256,0.982625,0.98254,0.982645,228
2026-05-21T00:13:00+00:00,0.98263,0.98266,0.982605,0.98268,216
2026-05-21T00:14:00+00:00,0.98265,0.98261,0.98257,0.98267,243
2026-05-21T00:15:00+00:00,0.982615,0.982765,0.982605,0.982845,302
2026-05-21T00:16:00+00:00,0.982755,0.98267,0.98263,0.982755,351
2026-05-21T00:17:00+00:00,0.982665,0.98263,0.982605,0.982665,168
2026-05-21T00:18:00+00:00,0.98264,0.982395,0.982285,0.98265,407
2026-05-21T00:19:00+00:00,0.98241,0.982405,0.982295,0.982435,203
2026-05-21T00:20:00+00:00,0.982405,0.982395,0.982305,0.982465,295
2026-05-21T00:21:00+00:00,0.982395,0.98244,0.98236,0.982485,240
2026-05-21T00:22:00+00:00,0.982445,0.98237,0.982335,0.9825,219
2026-05-21T00:23:00+00:00,0.98236,0.982345,0.982285,0.982415,185
2026-05-21T00:24:00+00:00,0.98235,0.98242,0.98233,0.98245,196
2026-05-21T00:25:00+00:00,0.982415,0.982415,0.982395,0.982525,251
2026-05-21T00:26:00+00:00,0.98241,0.982405,0.982375,0.98245,213
2026-05-21T00:27:00+00:00,0.98241,0.98246,0.98241,0.9825,172
2026-05-21T00:28:00+00:00,0.982465,0.982525,0.98242,0.98254,130
2026-05-21T00:29:00+00:00,0.982525,0.98269,0.98251,0.98271,207
2026-05-21T00:30:00+00:00,0.982685,0.982585,0.982575,0.982715,311
2026-05-21T00:31:00+00:00,0.982575,0.982475,0.982455,0.982585,178
2026-05-21T00:32:00+00:00,0.982475,0.982535,0.982475,0.98261,169
2026-05-21T00:33:00+00:00,0.982535,0.982515,0.98244,0.98256,157
2026-05-21T00:34:00+00:00,0.98252,0.982585,0.982505,0.982635,246
2026-05-21T00:35:00+00:00,0.98259,0.982595,0.982565,0.982645,243
2026-05-21T00:36:00+00:00,0.982585,0.982495,0.982495,0.9826,135
2026-05-21T00:37:00+00:00,0.982505,0.98249,0.982475,0.982535,103
2026-05-21T00:38:00+00:00,0.982485,0.982555,0.98242,0.98256,157
2026-05-21T00:39:00+00:00,0.98256,0.982585,0.98253,0.9826,161
2026-05-21T00:40:00+00:00,0.982585,0.982555,0.982545,0.98261,182
2026-05-21T00:41:00+00:00,0.98256,0.982565,0.98248,0.98257,139
2026-05-21T00:42:00+00:00,0.982555,0.98254,0.982515,0.982605,204
2026-05-21T00:43:00+00:00,0.98253,0.98248,0.982465,0.982545,113
2026-05-21T00:44:00+00:00,0.982475,0.982505,0.982465,0.982525,97
2026-05-21T00:45:00+00:00,0.982495,0.982515,0.982475,0.982545,128
2026-05-21T00:46:00+00:00,0.98251,0.982505,0.982475,0.982555,121
2026-05-21T00:47:00+00:00,0.9825,0.98245,0.982385,0.982525,147
2026-05-21T00:48:00+00:00,0.982455,0.982395,0.982375,0.982455,108
2026-05-21T00:49:00+00:00,0.9824,0.98254,0.98239,0.982555,153
2026-05-21T00:50:00+00:00,0.982535,0.98251,0.982495,0.98256,112
2026-05-21T00:51:00+00:00,0.982505,0.982565,0.9825,0.982605,133
2026-05-21T00:52:00+00:00,0.98257,0.98258,0.98254,0.9826,128
2026-05-21T00:53:00+00:00,0.982585,0.982725,0.98258,0.98276,211
2026-05-21T00:54:00+00:00,0.982735,0.98275,0.982675,0.982755,212
2026-05-21T00:55:00+00:00,0.98274,0.982615,0.982595,0.98274,193
2026-05-21T00:56:00+00:00,0.98261,0.982625,0.982555,0.982655,212
2026-05-21T00:57:00+00:00,0.98262,0.982695,0.982595,0.9827,184
2026-05-21T00:58:00+00:00,0.982685,0.982645,0.982605,0.982695,138
2026-05-21T00:59:00+00:00,0.98264,0.982665,0.982625,0.98272,138
2026-05-21T01:00:00+00:00,0.98266,0.98266,0.982595,0.98274,310
2026-05-21T01:01:00+00:00,0.98265,0.982825,0.982635,0.982865,276
2026-05-21T01:02:00+00:00,0.98282,0.98294,0.98279,0.98297,325
2026-05-21T01:03:00+00:00,0.98295,0.98275,0.98274,0.982975,251
2026-05-21T01:04:00+00:00,0.98275,0.982835,0.98274,0.98289,150
2026-05-21T01:05:00+00:00,0.98285,0.982935,0.9828,0.982955,203
2026-05-21T01:06:00+00:00,0.98293,0.98305,0.982885,0.98307,185
2026-05-21T01:07:00+00:00,0.98304,0.98314,0.98299,0.98315,158
2026-05-21T01:08:00+00:00,0.983135,0.98318,0.983135,0.98321,195
2026-05-21T01:09:00+00:00,0.98318,0.983375,0.98318,0.98346,267
2026-05-21T01:10:00+00:00,0.98338,0.98344,0.98328,0.983455,285
2026-05-21T01:11:00+00:00,0.983425,0.98338,0.98335,0.98344,206
2026-05-21T01:12:00+00:00,0.983375,0.98326,0.983215,0.983375,224
2026-05-21T01:13:00+00:00,0.983265,0.9833,0.983245,0.98331,167
2026-05-21T01:14:00+00:00,0.983295,0.98335,0.983285,0.98336,146
2026-05-21T01:15:00+00:00,0.98336,0.983485,0.98336,0.98364,403
2026-05-21T01:16:00+00:00,0.98349,0.983415,0.98338,0.98351,225
2026-05-21T01:17:00+00:00,0.98342,0.98341,0.9834,0.98348,198
2026-05-21T01:18:00+00:00,0.9834,0.98321,0.98321,0.983435,224
2026-05-21T01:19:00+00:00,0.98321,0.983195,0.983185,0.98328,189
2026-05-21T01:20:00+00:00,0.9832,0.98322,0.983145,0.983235,240
2026-05-21T01:21:00+00:00,0.98321,0.983205,0.98318,0.983235,165
2026-05-21T01:22:00+00:00,0.9832,0.983175,0.98315,0.98324,185
2026-05-21T01:23:00+00:00,0.983175,0.983215,0.983165,0.983265,256
2026-05-21T01:24:00+00:00,0.983215,0.983195,0.983145,0.983235,132
2026-05-21T01:25:00+00:00,0.983185,0.983155,0.98313,0.983195,155
2026-05-21T01:26:00+00:00,0.98315,0.983095,0.98306,0.983165,112
2026-05-21T01:27:00+00:00,0.98309,0.98304,0.983,0.98315,166
2026-05-21T01:28:00+00:00,0.98304,0.983105,0.98304,0.983205,182
2026-05-21T01:29:00+00:00,0.98311,0.98321,0.983095,0.983215,277
2026-05-21T01:30:00+00:00,0.98322,0.980675,0.980485,0.98323,1078
2026-05-21T01:31:00+00:00,0.980665,0.98052,0.98045,0.98084,742
2026-05-21T01:32:00+00:00,0.980525,0.98141,0.980525,0.98142,685
2026-05-21T01:33:00+00:00,0.981415,0.98131,0.981275,0.98172,658
2026-05-21T01:34:00+00:00,0.98132,0.98116,0.981065,0.981405,630
2026-05-21T01:35:00+00:00,0.981165,0.98065,0.98065,0.981245,570
2026-05-21T01:36:00+00:00,0.980655,0.98097,0.980655,0.98104,526
2026-05-21T01:37:00+00:00,0.98098,0.981045,0.9809,0.98106,285
2026-05-21T01:38:00+00:00,0.98105,0.98093,0.980895,0.981125,316
2026-05-21T01:39:00+00:00,0.98092,0.98121,0.98085,0.98135,374
2026-05-21T01:40:00+00:00,0.9812,0.981335,0.981065,0.981355,292
2026-05-21T01:41:00+00:00,0.98134,0.98134,0.981325,0.98158,343
2026-05-21T01:42:00+00:00,0.981335,0.98131,0.981165,0.98145,360
2026-05-21T01:43:00+00:00,0.98131,0.981245,0.98123,0.98137,176
2026-05-21T01:44:00+00:00,0.98124,0.98107,0.981035,0.98128,258
2026-05-21T01:45:00+00:00,0.981065,0.980875,0.980875,0.981065,343
2026-05-21T01:46:00+00:00,0.98087,0.980735,0.98064,0.98087,423
2026-05-21T01:47:00+00:00,0.980725,0.98059,0.98054,0.980745,384
2026-05-21T01:48:00+00:00,0.980595,0.98053,0.98045,0.980685,340
2026-05-21T01:49:00+00:00,0.980535,0.98022,0.98022,0.980635,367
2026-05-21T01:50:00+00:00,0.98023,0.97998,0.97991,0.980295,443
2026-05-21T01:51:00+00:00,0.979975,0.980015,0.979895,0.98009,478
2026-05-21T01:52:00+00:00,0.98002,0.979455,0.979455,0.98002,474
2026-05-21T01:53:00+00:00,0.97946,0.97866,0.978495,0.97953,731
2026-05-21T01:54:00+00:00,0.978665,0.978565,0.978255,0.978775,779
2026-05-21T01:55:00+00:00,0.97857,0.97867,0.97857,0.978915,833
2026-05-21T01:56:00+00:00,0.978665,0.97924,0.978545,0.97924,630
2026-05-21T01:57:00+00:00,0.979245,0.979115,0.97911,0.979555,592
2026-05-21T01:58:00+00:00,0.97911,0.97924,0.97911,0.979415,388
2026-05-21T01:59:00+00:00,0.979245,0.979285,0.97905,0.979295,463
2026-05-21T02:00:00+00:00,0.97929,0.97961,0.979255,0.97967,463
2026-05-21T02:01:00+00:00,0.979615,0.97971,0.97955,0.97971,418
2026-05-21T02:02:00+00:00,0.979705,0.97997,0.97953,0.98001,478
2026-05-21T02:03:00+00:00,0.979975,0.97962,0.97952,0.97999,279
2026-05-21T02:04:00+00:00,0.97967,0.979515,0.979475,0.9797,325
2026-05-21T02:05:00+00:00,0.97952,0.97915,0.979085,0.979545,480
2026-05-21T02:06:00+00:00,0.979145,0.9789,0.97879,0.9792,508
2026-05-21T02:07:00+00:00,0.978885,0.97931,0.978845,0.97955,564
2026-05-21T02:08:00+00:00,0.979315,0.979235,0.9792,0.979395,206
2026-05-21T02:09:00+00:00,0.97924,0.979085,0.979,0.979315,391
2026-05-21T02:10:00+00:00,0.97909,0.979375,0.97909,0.979435,259
2026-05-21T02:11:00+00:00,0.979385,0.97939,0.979275,0.979505,311
2026-05-21T02:12:00+00:00,0.979395,0.97941,0.979375,0.979595,258
2026-05-21T02:13:00+00:00,0.979415,0.979255,0.979135,0.97945,339
2026-05-21T02:14:00+00:00,0.979245,0.979225,0.979195,0.97937,234
2026-05-21T02:15:00+00:00,0.97923,0.979415,0.979215,0.979545,185
2026-05-21T02:16:00+00:00,0.979425,0.979295,0.97928,0.979485,278
2026-05-21T02:17:00+00:00,0.979305,0.979085,0.97906,0.979335,286
2026-05-21T02:18:00+00:00,0.979085,0.97882,0.97879,0.979095,354
2026-05-21T02:19:00+00:00,0.978815,0.97854,0.978415,0.97882,436
2026-05-21T02:20:00+00:00,0.978535,0.9785,0.978465,0.978735,339
2026-05-21T02:21:00+00:00,0.97849,0.97878,0.978485,0.97883,374
2026-05-21T02:22:00+00:00,0.978785,0.97883,0.978745,0.979085,501
2026-05-21T02:23:00+00:00,0.978835,0.97899,0.978775,0.97905,385
2026-05-21T02:24:00+00:00,0.978995,0.979085,0.978975,0.979085,168
2026-05-21T02:25:00+00:00,0.979075,0.978755,0.97873,0.979085,236
2026-05-21T02:26:00+00:00,0.97876,0.978545,0.978465,0.97881,326
2026-05-21T02:27:00+00:00,0.97854,0.978505,0.97835,0.978605,298
2026-05-21T02:28:00+00:00,0.97851,0.97852,0.978485,0.978585,169
2026-05-21T02:29:00+00:00,0.978515,0.97836,0.978355,0.97852,218
2026-05-21T02:30:00+00:00,0.978355,0.978495,0.978195,0.978515,391
2026-05-21T02:31:00+00:00,0.9785,0.97869,0.978465,0.97875,306
2026-05-21T02:32:00+00:00,0.978685,0.978295,0.97824,0.97871,270
2026-05-21T02:33:00+00:00,0.97829,0.9783,0.97824,0.978425,313
2026-05-21T02:34:00+00:00,0.978305,0.97788,0.977815,0.97844,504
2026-05-21T02:35:00+00:00,0.977885,0.97826,0.977875,0.97827,376
2026-05-21T02:36:00+00:00,0.97827,0.97834,0.978245,0.978415,306
2026-05-21T02:37:00+00:00,0.97833,0.97829,0.978265,0.97846,354
2026-05-21T02:38:00+00:00,0.978295,0.978085,0.97804,0.97833,324
2026-05-21T02:39:00+00:00,0.97807,0.97809,0.97803,0.978105,230
2026-05-21T02:40:00+00:00,0.978085,0.978135,0.978025,0.978225,198
2026-05-21T02:41:00+00:00,0.97814,0.97806,0.977915,0.97818,369
2026-05-21T02:42:00+00:00,0.978065,0.97801,0.977805,0.978065,434
2026-05-21T02:43:00+00:00,0.978,0.978105,0.97792,0.978125,308
2026-05-21T02:44:00+00:00,0.97811,0.978115,0.97807,0.978165,236
2026-05-21T02:45:00+00:00,0.978105,0.978065,0.978045,0.97836,278
2026-05-21T02:46:00+00:00,0.978065,0.977325,0.977245,0.978125,530
2026-05-21T02:47:00+00:00,0.97734,0.977775,0.97733,0.977905,541
2026-05-21T02:48:00+00:00,0.977755,0.977765,0.977715,0.97784,435
2026-05-21T02:49:00+00:00,0.97777,0.977725,0.977665,0.977785,332
2026-05-21T02:50:00+00:00,0.97774,0.977865,0.977685,0.97789,303
2026-05-21T02:51:00+00:00,0.977865,0.97806,0.977845,0.978115,215
2026-05-21T02:52:00+00:00,0.97805,0.978035,0.977995,0.978075,214
2026-05-21T02:53:00+00:00,0.97804,0.977915,0.977905,0.978045,179
2026-05-21T02:54:00+00:00,0.97791,0.97784,0.97784,0.978005,236
2026-05-21T02:55:00+00:00,0.97784,0.97798,0.97784,0.978005,231
2026-05-21T02:56:00+00:00,0.977985,0.97789,0.97783,0.977995,251
2026-05-21T02:57:00+00:00,0.977885,0.97823,0.97788,0.978275,319
2026-05-21T02:58:00+00:00,0.97824,0.97823,0.978185,0.9784,319
2026-05-21T02:59:00+00:00,0.978225,0.978165,0.97809,0.978295,287
2026-05-21T03:00:00+00:00,0.97816,0.978335,0.97811,0.978385,328
2026-05-21T03:01:00+00:00,0.978345,0.97841,0.97832,0.97843,314
2026-05-21T03:02:00+00:00,0.978415,0.97846,0.97838,0.97852,338
2026-05-21T03:03:00+00:00,0.978465,0.97861,0.978465,0.978645,236
2026-05-21T03:04:00+00:00,0.97861,0.978485,0.978465,0.978625,116
2026-05-21T03:05:00+00:00,0.978475,0.978645,0.97847,0.97866,140
2026-05-21T03:06:00+00:00,0.97864,0.97892,0.97864,0.979005,456
2026-05-21T03:07:00+00:00,0.978925,0.97875,0.97873,0.97895,192
2026-05-21T03:08:00+00:00,0.978755,0.97895,0.978735,0.978955,207
2026-05-21T03:09:00+00:00,0.978945,0.97908,0.97893,0.97911,193
2026-05-21T03:10:00+00:00,0.97909,0.979015,0.979,0.979165,180
2026-05-21T03:11:00+00:00,0.979025,0.978915,0.978885,0.979085,233
2026-05-21T03:12:00+00:00,0.97892,0.97874,0.97871,0.97894,245
2026-05-21T03:13:00+00:00,0.978735,0.97885,0.978735,0.978865,198
2026-05-21T03:14:00+00:00,0.97885,0.978945,0.97884,0.978995,264
2026-05-21T03:15:00+00:00,0.978945,0.97877,0.978745,0.97895,259
2026-05-21T03:16:00+00:00,0.978765,0.978725,0.97869,0.978815,226
2026-05-21T03:17:00+00:00,0.97873,0.979005,0.97872,0.97907,206
2026-05-21T03:18:00+00:00,0.97901,0.979165,0.979005,0.979185,182
2026-05-21T03:19:00+00:00,0.979155,0.97918,0.97912,0.97927,137
2026-05-21T03:20:00+00:00,0.97918,0.979165,0.979155,0.979255,183
2026-05-21T03:21:00+00:00,0.97917,0.97921,0.979145,0.97922,144
2026-05-21T03:22:00+00:00,0.979215,0.979275,0.97919,0.979305,111
2026-05-21T03:23:00+00:00,0.979275,0.9792,0.979195,0.97932,168
2026-05-21T03:24:00+00:00,0.97919,0.979215,0.979185,0.9793,68
2026-05-21T03:25:00+00:00,0.979215,0.979215,0.979185,0.97926,117
2026-05-21T03:26:00+00:00,0.97921,0.979145,0.979085,0.97921,97
2026-05-21T03:27:00+00:00,0.97913,0.97915,0.979085,0.979185,125
2026-05-21T03:28:00+00:00,0.979135,0.97917,0.979115,0.979195,91
2026-05-21T03:29:00+00:00,0.97918,0.979155,0.97912,0.9792,106
2026-05-21T03:30:00+00:00,0.979165,0.979215,0.979145,0.979235,119
2026-05-21T03:31:00+00:00,0.979215,0.97911,0.97908,0.979215,80
2026-05-21T03:32:00+00:00,0.979095,0.97913,0.97905,0.97916,150
2026-05-21T03:33:00+00:00,0.97914,0.979145,0.97907,0.97915,121
2026-05-21T03:34:00+00:00,0.979135,0.979105,0.97906,0.97916,153
2026-05-21T03:35:00+00:00,0.979115,0.979035,0.978995,0.97912,172
2026-05-21T03:36:00+00:00,0.979035,0.97915,0.97902,0.979155,98
2026-05-21T03:37:00+00:00,0.979145,0.97909,0.979075,0.979145,39
2026-05-21T03:38:00+00:00,0.97909,0.979125,0.97909,0.979165,82
2026-05-21T03:39:00+00:00,0.979125,0.979095,0.97907,0.97915,122
2026-05-21T03:40:00+00:00,0.9791,0.97919,0.979095,0.97926,159
2026-05-21T03:41:00+00:00,0.97919,0.979185,0.97913,0.97921,91
2026-05-21T03:42:00+00:00,0.9792,0.979355,0.979185,0.979385,181
2026-05-21T03:43:00+00:00,0.97936,0.979465,0.97935,0.979485,164
2026-05-21T03:44:00+00:00,0.97947,0.979525,0.97944,0.97956,149
2026-05-21T03:45:00+00:00,0.97952,0.97958,0.97951,0.979605,170
2026-05-21T03:46:00+00:00,0.979575,0.97959,0.97955,0.97961,95
2026-05-21T03:47:00+00:00,0.97958,0.979585,0.97956,0.97969,133
2026-05-21T03:48:00+00:00,0.97958,0.979585,0.979535,0.97959,61
2026-05-21T03:49:00+00:00,0.97957,0.97964,0.97952,0.97967,108
2026-05-21T03:50:00+00:00,0.979645,0.979465,0.97943,0.97965,146
2026-05-21T03:51:00+00:00,0.97946,0.97955,0.97946,0.9796,156
2026-05-21T03:52:00+00:00,0.97955,0.9795,0.979475,0.97958,135
2026-05-21T03:53:00+00:00,0.97949,0.979485,0.97946,0.979555,146
2026-05-21T03:54:00+00:00,0.979475,0.979485,0.97943,0.979535,205
2026-05-21T03:55:00+00:00,0.97948,0.979615,0.979475,0.97962,140
2026-05-21T03:56:00+00:00,0.97961,0.979645,0.979565,0.979645,140
2026-05-21T03:57:00+00:00,0.97965,0.9797,0.97964,0.979765,176
2026-05-21T03:58:00+00:00,0.979695,0.97966,0.979645,0.97972,218
2026-05-21T03:59:00+00:00,0.97966,0.979685,0.979645,0.97976,170
2026-05-21T04:00:00+00:00,0.97968,0.979715,0.979625,0.979755,224
2026-05-21T04:01:00+00:00,0.97971,0.97971,0.97967,0.97974,185
2026-05-21T04:02:00+00:00,0.97971,0.979755,0.97968,0.97977,104
2026-05-21T04:03:00+00:00,0.979755,0.979805,0.979705,0.979825,85
2026-05-21T04:04:00+00:00,0.97981,0.979875,0.979755,0.979875,165
2026-05-21T04:05:00+00:00,0.97988,0.98005,0.97988,0.980055,148
2026-05-21T04:06:00+00:00,0.980045,0.980025,0.979995,0.98007,121
2026-05-21T04:07:00+00:00,0.98003,0.98,0.979985,0.98007,127
2026-05-21T04:08:00+00:00,0.98,0.97975,0.979745,0.98001,176
2026-05-21T04:09:00+00:00,0.979735,0.979855,0.979735,0.97997,136
2026-05-21T04:10:00+00:00,0.97985,0.979925,0.9798,0.97996,132
2026-05-21T04:11:00+00:00,0.979925,0.979905,0.979905,0.979945,57
2026-05-21T04:12:00+00:00,0.979905,0.980005,0.9799,0.980015,45
2026-05-21T04:13:00+00:00,0.98,0.980035,0.97999,0.980045,69
2026-05-21T04:14:00+00:00,0.980035,0.980225,0.980025,0.980225,119
2026-05-21T04:15:00+00:00,0.980225,0.98012,0.98008,0.980225,134
2026-05-21T04:16:00+00:00,0.980105,0.98016,0.980105,0.98018,60
2026-05-21T04:17:00+00:00,0.98016,0.980165,0.980155,0.980255,122
2026-05-21T04:18:00+00:00,0.98017,0.980145,0.98011,0.980195,98
2026-05-21T04:19:00+00:00,0.980135,0.980185,0.98009,0.98021,112
2026-05-21T04:20:00+00:00,0.980185,0.98019,0.98015,0.980225,71
2026-05-21T04:21:00+00:00,0.980185,0.98025,0.98018,0.980285,91
2026-05-21T04:22:00+00:00,0.98026,0.980175,0.980175,0.98029,102
2026-05-21T04:23:00+00:00,0.980175,0.980225,0.980175,0.980255,84
2026-05-21T04:24:00+00:00,0.980225,0.980315,0.980205,0.98032,100
2026-05-21T04:25:00+00:00,0.98032,0.98041,0.980295,0.98043,109
2026-05-21T04:26:00+00:00,0.98041,0.980375,0.98032,0.98041,131
2026-05-21T04:27:00+00:00,0.980375,0.980515,0.980375,0.980575,161
2026-05-21T04:28:00+00:00,0.980525,0.98055,0.980505,0.980565,99
2026-05-21T04:29:00+00:00,0.980555,0.98061,0.980515,0.98062,169
2026-05-21T04:30:00+00:00,0.980615,0.9807,0.980575,0.98071,92
2026-05-21T04:31:00+00:00,0.98069,0.980675,0.980645,0.980695,71
2026-05-21T04:32:00+00:00,0.98067,0.98054,0.98048,0.980685,179
2026-05-21T04:33:00+00:00,0.980545,0.980435,0.980415,0.980545,182
2026-05-21T04:34:00+00:00,0.98044,0.98047,0.980425,0.980505,131
2026-05-21T04:35:00+00:00,0.980465,0.98046,0.980395,0.98047,114
2026-05-21T04:36:00+00:00,0.980445,0.980405,0.98039,0.980475,120
2026-05-21T04:37:00+00:00,0.9804,0.980415,0.980365,0.98046,153
2026-05-21T04:38:00+00:00,0.980405,0.98038,0.98038,0.98045,158
2026-05-21T04:39:00+00:00,0.980375,0.980375,0.980295,0.98045,139
2026-05-21T04:40:00+00:00,0.980385,0.98036,0.98032,0.98039,114
2026-05-21T04:41:00+00:00,0.980355,0.98028,0.980275,0.98038,156
2026-05-21T04:42:00+00:00,0.98029,0.980335,0.980275,0.98035,70
2026-05-21T04:43:00+00:00,0.980345,0.98046,0.98029,0.98047,134
2026-05-21T04:44:00+00:00,0.980455,0.980555,0.980435,0.980585,141
2026-05-21T04:45:00+00:00,0.98056,0.98062,0.980555,0.980645,90
2026-05-21T04:46:00+00:00,0.980625,0.98057,0.980545,0.98065,116
2026-05-21T04:47:00+00:00,0.980555,0.980625,0.98055,0.98065,103
2026-05-21T04:48:00+00:00,0.980635,0.98068,0.980625,0.980705,102
2026-05-21T04:49:00+00:00,0.98069,0.980745,0.980655,0.980775,104
2026-05-21T04:50:00+00:00,0.98074,0.98079,0.98074,0.98086,118
2026-05-21T04:51:00+00:00,0.980795,0.980745,0.980725,0.980805,80
2026-05-21T04:52:00+00:00,0.980745,0.98066,0.98066,0.98079,118
2026-05-21T04:53:00+00:00,0.98066,0.98063,0.98057,0.98072,119
2026-05-21T04:54:00+00:00,0.98063,0.98077,0.98058,0.980775,126
2026-05-21T04:55:00+00:00,0.980765,0.981025,0.980765,0.98106,216
2026-05-21T04:56:00+00:00,0.98102,0.98091,0.98088,0.98103,131
2026-05-21T04:57:00+00:00,0.9809,0.98095,0.980875,0.980965,162
2026-05-21T04:58:00+00:00,0.98095,0.98086,0.980805,0.98097,123
2026-05-21T04:59:00+00:00,0.980865,0.980745,0.98073,0.980925,135
2026-05-21T05:00:00+00:00,0.98075,0.980805,0.980735,0.98083,272
2026-05-21T05:01:00+00:00,0.980815,0.98086,0.980805,0.98095,167
2026-05-21T05:02:00+00:00,0.98086,0.98087,0.98085,0.98088,85
2026-05-21T05:03:00+00:00,0.98087,0.98075,0.98062,0.98088,180
2026-05-21T05:04:00+00:00,0.980755,0.98077,0.980655,0.980785,137
2026-05-21T05:05:00+00:00,0.980755,0.980645,0.980635,0.980795,156
2026-05-21T05:06:00+00:00,0.98065,0.98065,0.980565,0.980675,199
2026-05-21T05:07:00+00:00,0.98064,0.980475,0.98045,0.98068,198
2026-05-21T05:08:00+00:00,0.98048,0.98034,0.980325,0.980585,200
2026-05-21T05:09:00+00:00,0.980335,0.980325,0.980325,0.98041,131
2026-05-21T05:10:00+00:00,0.980325,0.98034,0.980245,0.98034,168
2026-05-21T05:11:00+00:00,0.98033,0.980295,0.980215,0.980365,158
2026-05-21T05:12:00+00:00,0.98029,0.980465,0.980285,0.980465,192
2026-05-21T05:13:00+00:00,0.980465,0.980535,0.98046,0.980575,117
2026-05-21T05:14:00+00:00,0.980545,0.98049,0.980425,0.980545,146
2026-05-21T05:15:00+00:00,0.980475,0.98045,0.980415,0.98048,83
2026-05-21T05:16:00+00:00,0.98045,0.980555,0.980425,0.98056,153
2026-05-21T05:17:00+00:00,0.980545,0.980575,0.980535,0.98059,142
2026-05-21T05:18:00+00:00,0.980575,0.980375,0.980375,0.980625,168
2026-05-21T05:19:00+00:00,0.980385,0.98038,0.98037,0.980425,133
2026-05-21T05:20:00+00:00,0.980375,0.980525,0.980365,0.98057,136
2026-05-21T05:21:00+00:00,0.98051,0.980425,0.980375,0.980525,174
2026-05-21T05:22:00+00:00,0.980425,0.9803,0.980275,0.980425,107
2026-05-21T05:23:00+00:00,0.980295,0.98029,0.980245,0.98031,105
2026-05-21T05:24:00+00:00,0.980295,0.980385,0.980275,0.98047,153
2026-05-21T05:25:00+00:00,0.98038,0.98031,0.98031,0.980415,142
2026-05-21T05:26:00+00:00,0.980315,0.98011,0.980015,0.9804,433
2026-05-21T05:27:00+00:00,0.980115,0.98017,0.980075,0.98019,274
2026-05-21T05:28:00+00:00,0.980165,0.98003,0.980025,0.98022,234
2026-05-21T05:29:00+00:00,0.98005,0.980015,0.979965,0.98005,216
2026-05-21T05:30:00+00:00,0.98001,0.97993,0.979655,0.980035,494
2026-05-21T05:31:00+00:00,0.979925,0.979835,0.979765,0.979925,348
2026-05-21T05:32:00+00:00,0.97984,0.98007,0.97984,0.98009,307
2026-05-21T05:33:00+00:00,0.980085,0.9801,0.98003,0.980155,260
2026-05-21T05:34:00+00:00,0.980095,0.980085,0.98,0.980125,272
2026-05-21T05:35:00+00:00,0.980075,0.980065,0.97996,0.9801,229
2026-05-21T05:36:00+00:00,0.980055,0.979885,0.97987,0.98009,210
2026-05-21T05:37:00+00:00,0.97989,0.980115,0.979885,0.980115,258
2026-05-21T05:38:00+00:00,0.980105,0.98016,0.980095,0.980215,220
2026-05-21T05:39:00+00:00,0.98015,0.98001,0.979995,0.98019,190
2026-05-21T05:40:00+00:00,0.980015,0.97997,0.97991,0.980075,155
2026-05-21T05:41:00+00:00,0.979975,0.980015,0.979915,0.98005,203
2026-05-21T05:42:00+00:00,0.98001,0.980015,0.979985,0.980065,190
2026-05-21T05:43:00+00:00,0.98002,0.980145,0.979995,0.980145,149
2026-05-21T05:44:00+00:00,0.98014,0.980125,0.980095,0.98018,149
2026-05-21T05:45:00+00:00,0.980135,0.97998,0.979945,0.980165,207
2026-05-21T05:46:00+00:00,0.979965,0.979865,0.97985,0.97997,216
2026-05-21T05:47:00+00:00,0.979865,0.97956,0.979545,0.97987,263
2026-05-21T05:48:00+00:00,0.979565,0.979635,0.979505,0.97976,466
2026-05-21T05:49:00+00:00,0.97963,0.97997,0.979575,0.97999,554
2026-05-21T05:50:00+00:00,0.97996,0.980155,0.979915,0.980185,389
2026-05-21T05:51:00+00:00,0.980145,0.980195,0.979945,0.98025,316
2026-05-21T05:52:00+00:00,0.9802,0.98022,0.980165,0.980275,242
2026-05-21T05:53:00+00:00,0.980215,0.98032,0.980195,0.98035,225
2026-05-21T05:54:00+00:00,0.98033,0.98048,0.980305,0.9805,297
2026-05-21T05:55:00+00:00,0.980485,0.980385,0.98029,0.980485,243
2026-05-21T05:56:00+00:00,0.980395,0.98033,0.98033,0.9805,256
2026-05-21T05:57:00+00:00,0.98034,0.980465,0.980305,0.98051,314
2026-05-21T05:58:00+00:00,0.980455,0.98045,0.98041,0.980565,288
2026-05-21T05:59:00+00:00,0.980445,0.980425,0.98037,0.980445,188
2026-05-21T06:00:00+00:00,0.980415,0.980615,0.98037,0.980675,520
2026-05-21T06:01:00+00:00,0.98061,0.98066,0.980545,0.98068,398
2026-05-21T06:02:00+00:00,0.980665,0.980785,0.98066,0.980865,423
2026-05-21T06:03:00+00:00,0.98079,0.980665,0.98062,0.980795,336
2026-05-21T06:04:00+00:00,0.980675,0.980695,0.98064,0.98075,366
2026-05-21T06:05:00+00:00,0.9807,0.980815,0.9807,0.98082,335
2026-05-21T06:06:00+00:00,0.98082,0.98076,0.980745,0.98087,277
2026-05-21T06:07:00+00:00,0.980755,0.98068,0.980645,0.980795,296
2026-05-21T06:08:00+00:00,0.980675,0.98076,0.980605,0.98076,187
2026-05-21T06:09:00+00:00,0.980755,0.980645,0.980575,0.98081,307
2026-05-21T06:10:00+00:00,0.980635,0.980475,0.98042,0.98065,255
2026-05-21T06:11:00+00:00,0.980485,0.980595,0.980485,0.980665,246
2026-05-21T06:12:00+00:00,0.980585,0.98053,0.980525,0.98063,189
2026-05-21T06:13:00+00:00,0.980525,0.980335,0.980325,0.980535,223
2026-05-21T06:14:00+00:00,0.980335,0.98057,0.980295,0.980575,252
2026-05-21T06:15:00+00:00,0.980555,0.98056,0.98047,0.980645,268
2026-05-21T06:16:00+00:00,0.980565,0.980385,0.980385,0.98058,260
2026-05-21T06:17:00+00:00,0.98038,0.980175,0.98017,0.98038,254
2026-05-21T06:18:00+00:00,0.98016,0.98008,0.980075,0.98018,293
2026-05-21T06:19:00+00:00,0.980085,0.980025,0.97994,0.980125,214
2026-05-21T06:20:00+00:00,0.98002,0.97989,0.979835,0.98004,277
2026-05-21T06:21:00+00:00,0.979885,0.980225,0.979885,0.98052,614
2026-05-21T06:22:00+00:00,0.98023,0.9802,0.980175,0.98047,590
2026-05-21T06:23:00+00:00,0.980205,0.98016,0.980155,0.98029,421
2026-05-21T06:24:00+00:00,0.980165,0.98023,0.980165,0.98031,319
2026-05-21T06:25:00+00:00,0.98023,0.980115,0.980115,0.98027,227
2026-05-21T06:26:00+00:00,0.98012,0.980105,0.980105,0.98026,290
2026-05-21T06:27:00+00:00,0.980115,0.9801,0.979985,0.98013,260
2026-05-21T06:28:00+00:00,0.980105,0.98016,0.98004,0.980175,227
2026-05-21T06:29:00+00:00,0.980155,0.980205,0.980045,0.980215,237
2026-05-21T06:30:00+00:00,0.9802,0.980185,0.980115,0.980325,293
2026-05-21T06:31:00+00:00,0.980175,0.980085,0.980035,0.980185,184
2026-05-21T06:32:00+00:00,0.98008,0.98004,0.98002,0.98008,129
2026-05-21T06:33:00+00:00,0.980035,0.979705,0.979615,0.98006,235
2026-05-21T06:34:00+00:00,0.979705,0.979825,0.979655,0.979835,184
2026-05-21T06:35:00+00:00,0.97982,0.97946,0.97943,0.97983,230
2026-05-21T06:36:00+00:00,0.979465,0.97939,0.97939,0.9795,179
2026-05-21T06:37:00+00:00,0.979395,0.979355,0.979305,0.979495,231
2026-05-21T06:38:00+00:00,0.97934,0.97938,0.979245,0.9794,321
2026-05-21T06:39:00+00:00,0.979375,0.979205,0.979195,0.979405,269
2026-05-21T06:40:00+00:00,0.979215,0.979,0.97899,0.979215,349
2026-05-21T06:41:00+00:00,0.978995,0.978995,0.978815,0.97905,311
2026-05-21T06:42:00+00:00,0.979,0.978835,0.978785,0.97904,296
2026-05-21T06:43:00+00:00,0.97883,0.97844,0.978345,0.978835,365
2026-05-21T06:44:00+00:00,0.978445,0.97852,0.978415,0.97856,182
2026-05-21T06:45:00+00:00,0.978515,0.978405,0.9784,0.978565,336
2026-05-21T06:46:00+00:00,0.97841,0.978775,0.97837,0.978785,254
2026-05-21T06:47:00+00:00,0.97877,0.978835,0.978735,0.97897,302
2026-05-21T06:48:00+00:00,0.97883,0.97871,0.97865,0.97884,138
2026-05-21T06:49:00+00:00,0.97871,0.978695,0.97866,0.9788,173
2026-05-21T06:50:00+00:00,0.9787,0.978695,0.978655,0.978765,200
2026-05-21T06:51:00+00:00,0.9787,0.97871,0.978625,0.978745,165
2026-05-21T06:52:00+00:00,0.978705,0.97869,0.978645,0.97876,165
2026-05-21T06:53:00+00:00,0.9787,0.978615,0.97855,0.978705,159
2026-05-21T06:54:00+00:00,0.978605,0.97851,0.97845,0.97862,236
2026-05-21T06:55:00+00:00,0.978505,0.97874,0.9785,0.97876,312
2026-05-21T06:56:00+00:00,0.97873,0.97885,0.97872,0.978855,221
2026-05-21T06:57:00+00:00,0.978865,0.97897,0.978795,0.978985,282
2026-05-21T06:58:00+00:00,0.978975,0.978725,0.97872,0.979,247
2026-05-21T06:59:00+00:00,0.97873,0.978925,0.97872,0.97895,172
2026-05-21T07:00:00+00:00,0.97894,0.97907,0.97889,0.97914,366
2026-05-21T07:01:00+00:00,0.979065,0.97905,0.978865,0.97911,513
2026-05-21T07:02:00+00:00,0.979055,0.979045,0.97898,0.979165,377
2026-05-21T07:03:00+00:00,0.97904,0.979065,0.97885,0.97908,531
2026-05-21T07:04:00+00:00,0.97906,0.979,0.978925,0.979085,374
2026-05-21T07:05:00+00:00,0.978995,0.97927,0.978995,0.979285,427
2026-05-21T07:06:00+00:00,0.979275,0.97916,0.97897,0.97928,489
2026-05-21T07:07:00+00:00,0.979155,0.9792,0.979155,0.979325,298
2026-05-21T07:08:00+00:00,0.9792,0.979205,0.97914,0.9793,444
2026-05-21T07:09:00+00:00,0.9792,0.97928,0.979155,0.97929,385
2026-05-21T07:10:00+00:00,0.979275,0.97936,0.97924,0.979385,528
2026-05-21T07:11:00+00:00,0.97935,0.97941,0.979285,0.97948,417
2026-05-21T07:12:00+00:00,0.979415,0.979505,0.97939,0.979505,367
2026-05-21T07:13:00+00:00,0.9795,0.979475,0.97941,0.979555,507
2026-05-21T07:14:00+00:00,0.97947,0.97941,0.97938,0.97956,507
2026-05-21T07:15:00+00:00,0.97942,0.979135,0.979045,0.97942,1176
2026-05-21T07:16:00+00:00,0.97913,0.978955,0.978875,0.979205,961
2026-05-21T07:17:00+00:00,0.97895,0.97901,0.97893,0.979055,588
2026-05-21T07:18:00+00:00,0.979005,0.978835,0.97882,0.979095,725
2026-05-21T07:19:00+00:00,0.97883,0.97885,0.97873,0.978915,564
2026-05-21T07:20:00+00:00,0.978845,0.979085,0.978845,0.979145,562
2026-05-21T07:21:00+00:00,0.97908,0.97924,0.979065,0.979385,641
2026-05-21T07:22:00+00:00,0.979235,0.979135,0.97904,0.97926,556
2026-05-21T07:23:00+00:00,0.979125,0.97931,0.97906,0.979335,596
2026-05-21T07:24:00+00:00,0.979305,0.97924,0.979215,0.979365,460
2026-05-21T07:25:00+00:00,0.97925,0.979075,0.97903,0.979265,707
2026-05-21T07:26:00+00:00,0.97908,0.978835,0.978765,0.97908,606
2026-05-21T07:27:00+00:00,0.97884,0.97907,0.97884,0.979135,519
2026-05-21T07:28:00+00:00,0.979065,0.979,0.979,0.97914,396
2026-05-21T07:29:00+00:00,0.979005,0.97899,0.97897,0.97905,356
2026-05-21T07:30:00+00:00,0.978995,0.979155,0.97895,0.979215,672
2026-05-21T07:31:00+00:00,0.97915,0.97926,0.979115,0.97927,538
2026-05-21T07:32:00+00:00,0.979255,0.9793,0.979235,0.979345,415
2026-05-21T07:33:00+00:00,0.979305,0.979175,0.979075,0.979305,519
2026-05-21T07:34:00+00:00,0.97918,0.97944,0.979165,0.97946,537
2026-05-21T07:35:00+00:00,0.97945,0.97937,0.97933,0.97951,561
2026-05-21T07:36:00+00:00,0.979365,0.97948,0.97936,0.97951,380
2026-05-21T07:37:00+00:00,0.979485,0.979415,0.979365,0.979515,527
2026-05-21T07:38:00+00:00,0.97942,0.979425,0.97934,0.979465,411
2026-05-21T07:39:00+00:00,0.97942,0.979415,0.979335,0.97948,398
2026-05-21T07:40:00+00:00,0.97941,0.979375,0.97927,0.97942,246
2026-05-21T07:41:00+00:00,0.97938,0.97932,0.97929,0.97939,319
2026-05-21T07:42:00+00:00,0.97932,0.97957,0.97928,0.97958,291
2026-05-21T07:43:00+00:00,0.979575,0.979685,0.979495,0.979715,417
2026-05-21T07:44:00+00:00,0.9797,0.979715,0.97964,0.979795,275
2026-05-21T07:45:00+00:00,0.97972,0.979865,0.979695,0.97992,578
2026-05-21T07:46:00+00:00,0.97986,0.97986,0.979815,0.97991,418
2026-05-21T07:47:00+00:00,0.979865,0.980005,0.97982,0.98007,395
2026-05-21T07:48:00+00:00,0.980005,0.979985,0.979935,0.98006,413
2026-05-21T07:49:00+00:00,0.97999,0.9802,0.979975,0.980205,461
2026-05-21T07:50:00+00:00,0.980195,0.98032,0.980065,0.980325,369
2026-05-21T07:51:00+00:00,0.98033,0.98046,0.98032,0.98046,459
2026-05-21T07:52:00+00:00,0.980455,0.98047,0.98041,0.980535,498
2026-05-21T07:53:00+00:00,0.980475,0.980625,0.980415,0.980665,407
2026-05-21T07:54:00+00:00,0.980615,0.98036,0.98035,0.980635,308
2026-05-21T07:55:00+00:00,0.98035,0.98013,0.980125,0.98036,335
2026-05-21T07:56:00+00:00,0.980125,0.980255,0.980125,0.980295,304
2026-05-21T07:57:00+00:00,0.980255,0.980175,0.980135,0.9803,265
2026-05-21T07:58:00+00:00,0.980175,0.98028,0.980125,0.98031,278
2026-05-21T07:59:00+00:00,0.980295,0.98033,0.98027,0.9804,234
2026-05-21T08:00:00+00:00,0.980345,0.980225,0.98018,0.980355,366
2026-05-21T08:01:00+00:00,0.98022,0.98026,0.980205,0.980385,293
2026-05-21T08:02:00+00:00,0.980265,0.98031,0.98024,0.98037,307
2026-05-21T08:03:00+00:00,0.980315,0.980715,0.98031,0.980765,310
2026-05-21T08:04:00+00:00,0.980725,0.98085,0.98071,0.9809,325
2026-05-21T08:05:00+00:00,0.980855,0.98089,0.9808,0.980915,243
2026-05-21T08:06:00+00:00,0.98089,0.98095,0.98081,0.980965,210
2026-05-21T08:07:00+00:00,0.980945,0.981005,0.980915,0.98104,215
2026-05-21T08:08:00+00:00,0.98101,0.981015,0.980935,0.9811,236
2026-05-21T08:09:00+00:00,0.98101,0.980955,0.980935,0.98104,258
2026-05-21T08:10:00+00:00,0.98095,0.981025,0.98088,0.981125,306
2026-05-21T08:11:00+00:00,0.98103,0.981515,0.98103,0.981515,601
2026-05-21T08:12:00+00:00,0.98152,0.981305,0.981145,0.98154,564
2026-05-21T08:13:00+00:00,0.9813,0.98156,0.98129,0.981585,452
2026-05-21T08:14:00+00:00,0.98155,0.98182,0.98144,0.98188,450
2026-05-21T08:15:00+00:00,0.98183,0.9824,0.981825,0.9824,885
2026-05-21T08:16:00+00:00,0.982395,0.98181,0.981805,0.982505,911
2026-05-21T08:17:00+00:00,0.981805,0.98175,0.981685,0.981905,414
2026-05-21T08:18:00+00:00,0.981745,0.98141,0.98134,0.98176,416
2026-05-21T08:19:00+00:00,0.981405,0.98126,0.98123,0.98144,492
2026-05-21T08:20:00+00:00,0.981265,0.981225,0.98117,0.981295,379
2026-05-21T08:21:00+00:00,0.98122,0.9812,0.98115,0.981255,408
2026-05-21T08:22:00+00:00,0.98119,0.981245,0.981135,0.98139,459
2026-05-21T08:23:00+00:00,0.98124,0.98126,0.981175,0.981375,456
2026-05-21T08:24:00+00:00,0.981255,0.981455,0.981215,0.981565,499
2026-05-21T08:25:00+00:00,0.981455,0.9815,0.9813,0.98156,433
2026-05-21T08:26:00+00:00,0.981495,0.981325,0.981285,0.981505,467
2026-05-21T08:27:00+00:00,0.98132,0.981655,0.98132,0.981755,433
2026-05-21T08:28:00+00:00,0.98166,0.981735,0.981515,0.98174,334
2026-05-21T08:29:00+00:00,0.981725,0.982215,0.98169,0.9824,742
2026-05-21T08:30:00+00:00,0.98221,0.981905,0.981875,0.982215,490
2026-05-21T08:31:00+00:00,0.9819,0.981845,0.9818,0.98207,393
2026-05-21T08:32:00+00:00,0.98184,0.981795,0.9817,0.98186,342
2026-05-21T08:33:00+00:00,0.98179,0.981765,0.981765,0.981985,456
2026-05-21T08:34:00+00:00,0.98176,0.98185,0.98174,0.98186,370
2026-05-21T08:35:00+00:00,0.981855,0.981795,0.981785,0.98195,333
2026-05-21T08:36:00+00:00,0.98179,0.981895,0.98174,0.98192,350
2026-05-21T08:37:00+00:00,0.98189,0.981955,0.9818,0.98201,312
2026-05-21T08:38:00+00:00,0.98195,0.981905,0.9819,0.982035,277
2026-05-21T08:39:00+00:00,0.9819,0.98176,0.98173,0.98191,234
2026-05-21T08:40:00+00:00,0.981765,0.982155,0.98174,0.98218,336
2026-05-21T08:41:00+00:00,0.98215,0.98213,0.982075,0.982245,382
2026-05-21T08:42:00+00:00,0.98212,0.98212,0.98203,0.98213,277
2026-05-21T08:43:00+00:00,0.982115,0.98201,0.98199,0.982145,273
2026-05-21T08:44:00+00:00,0.982,0.981845,0.981775,0.98202,215
2026-05-21T08:45:00+00:00,0.98185,0.98184,0.981805,0.98192,326
2026-05-21T08:46:00+00:00,0.981845,0.982135,0.98178,0.982275,601
2026-05-21T08:47:00+00:00,0.982145,0.982255,0.9821,0.982375,491
2026-05-21T08:48:00+00:00,0.98226,0.982105,0.982095,0.982285,346
2026-05-21T08:49:00+00:00,0.98211,0.982055,0.982,0.982205,291
2026-05-21T08:50:00+00:00,0.98205,0.982165,0.982,0.98221,422
2026-05-21T08:51:00+00:00,0.98216,0.98201,0.981945,0.982185,218
2026-05-21T08:52:00+00:00,0.98201,0.98199,0.981895,0.982025,284
2026-05-21T08:53:00+00:00,0.98198,0.981835,0.98178,0.982005,287
2026-05-21T08:54:00+00:00,0.98184,0.98183,0.981785,0.9819,268
2026-05-21T08:55:00+00:00,0.98183,0.982015,0.98182,0.982055,230
2026-05-21T08:56:00+00:00,0.982035,0.9821,0.982005,0.982175,260
2026-05-21T08:57:00+00:00,0.982095,0.981805,0.98174,0.982095,284
2026-05-21T08:58:00+00:00,0.98181,0.98176,0.981725,0.981865,255
2026-05-21T08:59:00+00:00,0.98175,0.981745,0.981715,0.9818,224
2026-05-21T09:00:00+00:00,0.98174,0.981805,0.981695,0.981855,315
2026-05-21T09:01:00+00:00,0.981795,0.981815,0.98176,0.98185,193
2026-05-21T09:02:00+00:00,0.98181,0.98195,0.98178,0.981975,248
2026-05-21T09:03:00+00:00,0.981955,0.98208,0.981925,0.982085,166
2026-05-21T09:04:00+00:00,0.982085,0.9821,0.981985,0.98215,237
2026-05-21T09:05:00+00:00,0.982095,0.982285,0.98208,0.98237,395
2026-05-21T09:06:00+00:00,0.98228,0.982395,0.982225,0.982395,380
2026-05-21T09:07:00+00:00,0.98239,0.982205,0.982165,0.982425,264
2026-05-21T09:08:00+00:00,0.98221,0.9824,0.98221,0.982425,201
2026-05-21T09:09:00+00:00,0.982395,0.98238,0.982335,0.98254,220
2026-05-21T09:10:00+00:00,0.98237,0.982405,0.98225,0.982435,205
2026-05-21T09:11:00+00:00,0.982415,0.98262,0.98238,0.982635,322
2026-05-21T09:12:00+00:00,0.982615,0.982535,0.98246,0.982645,164
2026-05-21T09:13:00+00:00,0.98254,0.982655,0.982535,0.9827,213
2026-05-21T09:14:00+00:00,0.982655,0.98268,0.982615,0.98276,224
2026-05-21T09:15:00+00:00,0.98267,0.98269,0.98262,0.982825,221
2026-05-21T09:16:00+00:00,0.982695,0.982565,0.98254,0.9827,238
2026-05-21T09:17:00+00:00,0.98256,0.98273,0.98251,0.982755,215
2026-05-21T09:18:00+00:00,0.982735,0.98278,0.982705,0.98284,213
2026-05-21T09:19:00+00:00,0.98277,0.982835,0.98277,0.9829,115
2026-05-21T09:20:00+00:00,0.982825,0.982785,0.98273,0.982845,227
2026-05-21T09:21:00+00:00,0.982775,0.98272,0.98268,0.98282,155
2026-05-21T09:22:00+00:00,0.982715,0.982745,0.982675,0.982745,180
2026-05-21T09:23:00+00:00,0.98274,0.98287,0.9827,0.982995,257
2026-05-21T09:24:00+00:00,0.982865,0.98275,0.982725,0.98289,226
2026-05-21T09:25:00+00:00,0.982745,0.98272,0.982675,0.982765,124
2026-05-21T09:26:00+00:00,0.982715,0.982625,0.98262,0.982765,175
2026-05-21T09:27:00+00:00,0.98263,0.98264,0.98251,0.98267,234
2026-05-21T09:28:00+00:00,0.982635,0.982835,0.982635,0.982845,244
2026-05-21T09:29:00+00:00,0.982845,0.982785,0.98276,0.98294,214
2026-05-21T09:30:00+00:00,0.98279,0.98282,0.98273,0.98293,266
2026-05-21T09:31:00+00:00,0.982815,0.982625,0.982585,0.98283,275
2026-05-21T09:32:00+00:00,0.98263,0.98263,0.982485,0.98271,252
2026-05-21T09:33:00+00:00,0.982635,0.98255,0.982535,0.982655,180
2026-05-21T09:34:00+00:00,0.982545,0.982675,0.982535,0.982705,283
2026-05-21T09:35:00+00:00,0.982665,0.98264,0.98258,0.9827,200
2026-05-21T09:36:00+00:00,0.98265,0.98265,0.982585,0.982695,253
2026-05-21T09:37:00+00:00,0.982645,0.98247,0.98246,0.98267,191
2026-05-21T09:38:00+00:00,0.98248,0.982295,0.98229,0.9825,234
2026-05-21T09:39:00+00:00,0.9823,0.982255,0.98223,0.982365,284
2026-05-21T09:40:00+00:00,0.982255,0.98227,0.982225,0.98233,210
2026-05-21T09:41:00+00:00,0.98227,0.98233,0.98224,0.982365,202
2026-05-21T09:42:00+00:00,0.982335,0.982255,0.98222,0.98235,206
2026-05-21T09:43:00+00:00,0.982255,0.982185,0.982185,0.982265,147
2026-05-21T09:44:00+00:00,0.982185,0.982085,0.982,0.98226,385
2026-05-21T09:45:00+00:00,0.982075,0.98206,0.982015,0.982135,285
2026-05-21T09:46:00+00:00,0.982055,0.982175,0.981995,0.98221,329
2026-05-21T09:47:00+00:00,0.982175,0.982155,0.982085,0.9822,204
2026-05-21T09:48:00+00:00,0.98215,0.98221,0.982145,0.982245,189
2026-05-21T09:49:00+00:00,0.982205,0.98217,0.982125,0.982215,184
2026-05-21T09:50:00+00:00,0.982175,0.98217,0.98209,0.982195,215
2026-05-21T09:51:00+00:00,0.982175,0.98218,0.982155,0.98222,142
2026-05-21T09:52:00+00:00,0.982185,0.98218,0.98212,0.98221,168
2026-05-21T09:53:00+00:00,0.982175,0.982085,0.982085,0.98219,207
2026-05-21T09:54:00+00:00,0.982085,0.98214,0.982065,0.98217,205
2026-05-21T09:55:00+00:00,0.98213,0.982195,0.98212,0.982235,125
2026-05-21T09:56:00+00:00,0.9822,0.98226,0.982145,0.98228,190
2026-05-21T09:57:00+00:00,0.982265,0.982255,0.98224,0.982345,231
2026-05-21T09:58:00+00:00,0.982245,0.98223,0.982165,0.982275,242
2026-05-21T09:59:00+00:00,0.982235,0.982245,0.982215,0.982265,252
2026-05-21T10:00:00+00:00,0.98225,0.982285,0.9822,0.98233,333
2026-05-21T10:01:00+00:00,0.98229,0.982465,0.98229,0.98248,255
2026-05-21T10:02:00+00:00,0.982455,0.98243,0.98242,0.982555,286
2026-05-21T10:03:00+00:00,0.982435,0.982365,0.982305,0.982465,218
2026-05-21T10:04:00+00:00,0.98237,0.98249,0.982305,0.982515,196
2026-05-21T10:05:00+00:00,0.982495,0.9823,0.9823,0.982515,204
2026-05-21T10:06:00+00:00,0.982305,0.982355,0.982295,0.982365,265
2026-05-21T10:07:00+00:00,0.98235,0.98248,0.98233,0.98249,205
2026-05-21T10:08:00+00:00,0.982465,0.98255,0.98243,0.982645,300
2026-05-21T10:09:00+00:00,0.982555,0.9825,0.98241,0.98259,248
2026-05-21T10:10:00+00:00,0.98249,0.982435,0.982435,0.98256,272
2026-05-21T10:11:00+00:00,0.982445,0.982465,0.98236,0.982465,250
2026-05-21T10:12:00+00:00,0.98246,0.982435,0.98237,0.982475,247
2026-05-21T10:13:00+00:00,0.982435,0.982385,0.982355,0.98245,201
2026-05-21T10:14:00+00:00,0.982395,0.982355,0.98233,0.982415,147
2026-05-21T10:15:00+00:00,0.98235,0.98247,0.982315,0.98247,172
2026-05-21T10:16:00+00:00,0.98246,0.982615,0.98245,0.982615,181
2026-05-21T10:17:00+00:00,0.98261,0.9825,0.98246,0.98261,235
2026-05-21T10:18:00+00:00,0.9825,0.982415,0.982385,0.98256,231
2026-05-21T10:19:00+00:00,0.982425,0.982425,0.98234,0.98248,250
2026-05-21T10:20:00+00:00,0.982425,0.98238,0.98233,0.98244,202
2026-05-21T10:21:00+00:00,0.982365,0.982335,0.982305,0.98238,238
2026-05-21T10:22:00+00:00,0.982335,0.982385,0.98229,0.982425,209
2026-05-21T10:23:00+00:00,0.98238,0.982345,0.982295,0.98239,207
2026-05-21T10:24:00+00:00,0.982345,0.982315,0.982305,0.982365,192
2026-05-21T10:25:00+00:00,0.982335,0.98167,0.981615,0.98234,1116
2026-05-21T10:26:00+00:00,0.981665,0.98076,0.980685,0.981665,1415
2026-05-21T10:27:00+00:00,0.980755,0.981275,0.9807,0.98131,1149
2026-05-21T10:28:00+00:00,0.98128,0.981115,0.981035,0.98128,854
2026-05-21T10:29:00+00:00,0.98111,0.98092,0.98084,0.98116,882
2026-05-21T10:30:00+00:00,0.980935,0.980815,0.98064,0.980975,993
2026-05-21T10:31:00+00:00,0.98082,0.98041,0.98033,0.980875,979
2026-05-21T10:32:00+00:00,0.980405,0.98059,0.980345,0.980745,858
2026-05-21T10:33:00+00:00,0.980585,0.98058,0.980475,0.980705,819
2026-05-21T10:34:00+00:00,0.980575,0.98097,0.980505,0.98098,777
2026-05-21T10:35:00+00:00,0.980965,0.980665,0.980655,0.98097,580
2026-05-21T10:36:00+00:00,0.98066,0.980715,0.98049,0.98075,470
2026-05-21T10:37:00+00:00,0.98072,0.98114,0.980695,0.98116,456
2026-05-21T10:38:00+00:00,0.981145,0.980665,0.980645,0.981195,556
2026-05-21T10:39:00+00:00,0.98064,0.98027,0.980205,0.980685,618
2026-05-21T10:40:00+00:00,0.980265,0.980055,0.980015,0.980265,607
2026-05-21T10:41:00+00:00,0.98005,0.98016,0.980015,0.980195,629
2026-05-21T10:42:00+00:00,0.980155,0.980485,0.980055,0.980485,569
2026-05-21T10:43:00+00:00,0.98049,0.980795,0.98042,0.980865,503
2026-05-21T10:44:00+00:00,0.98079,0.980725,0.98071,0.980835,377
2026-05-21T10:45:00+00:00,0.980735,0.98065,0.980495,0.98084,458
2026-05-21T10:46:00+00:00,0.98066,0.98066,0.98052,0.980695,569
2026-05-21T10:47:00+00:00,0.980655,0.98051,0.980435,0.980665,437
2026-05-21T10:48:00+00:00,0.980515,0.980605,0.98033,0.980615,514
2026-05-21T10:49:00+00:00,0.98061,0.980755,0.98046,0.98078,453
2026-05-21T10:50:00+00:00,0.98076,0.98072,0.980545,0.98079,427
2026-05-21T10:51:00+00:00,0.98073,0.980695,0.980555,0.98077,347
2026-05-21T10:52:00+00:00,0.98071,0.980435,0.98038,0.980755,483
2026-05-21T10:53:00+00:00,0.98043,0.98042,0.9804,0.98058,469
2026-05-21T10:54:00+00:00,0.980425,0.980535,0.98038,0.980575,488
2026-05-21T10:55:00+00:00,0.98053,0.980585,0.980515,0.98084,499
2026-05-21T10:56:00+00:00,0.980575,0.98068,0.980545,0.980715,443
2026-05-21T10:57:00+00:00,0.980675,0.98091,0.980625,0.98092,440
2026-05-21T10:58:00+00:00,0.980895,0.98072,0.98068,0.9809,354
2026-05-21T10:59:00+00:00,0.980725,0.980605,0.98057,0.98076,382
2026-05-21T11:00:00+00:00,0.9806,0.980765,0.980555,0.98085,518
2026-05-21T11:01:00+00:00,0.980775,0.980755,0.980665,0.980795,392
2026-05-21T11:02:00+00:00,0.980745,0.98101,0.98073,0.981095,395
2026-05-21T11:03:00+00:00,0.981005,0.98103,0.980945,0.98108,575
2026-05-21T11:04:00+00:00,0.98104,0.98097,0.98097,0.98124,562
2026-05-21T11:05:00+00:00,0.980975,0.98085,0.9808,0.981025,355
2026-05-21T11:06:00+00:00,0.980845,0.980775,0.98077,0.980955,422
2026-05-21T11:07:00+00:00,0.98077,0.98079,0.98061,0.98081,435
2026-05-21T11:08:00+00:00,0.980785,0.98086,0.980725,0.98088,437
2026-05-21T11:09:00+00:00,0.980865,0.980905,0.98083,0.980925,233
2026-05-21T11:10:00+00:00,0.9809,0.981075,0.98088,0.98108,225
2026-05-21T11:11:00+00:00,0.98107,0.98119,0.98105,0.98121,257
2026-05-21T11:12:00+00:00,0.98118,0.98102,0.980895,0.9812,210
2026-05-21T11:13:00+00:00,0.981015,0.9812,0.98098,0.9812,205
2026-05-21T11:14:00+00:00,0.9812,0.981295,0.98113,0.98136,193
2026-05-21T11:15:00+00:00,0.981285,0.98142,0.9812,0.98142,227
2026-05-21T11:16:00+00:00,0.981415,0.98131,0.981185,0.98147,254
2026-05-21T11:17:00+00:00,0.981305,0.981495,0.9813,0.981495,175
2026-05-21T11:18:00+00:00,0.9815,0.981465,0.98142,0.981515,275
2026-05-21T11:19:00+00:00,0.98146,0.981395,0.98138,0.98151,159
2026-05-21T11:20:00+00:00,0.981385,0.981465,0.98135,0.9816,302
2026-05-21T11:21:00+00:00,0.98147,0.981755,0.981385,0.98181,568
2026-05-21T11:22:00+00:00,0.981765,0.982095,0.981765,0.982105,443
2026-05-21T11:23:00+00:00,0.98209,0.98168,0.981645,0.98209,540
2026-05-21T11:24:00+00:00,0.981675,0.98198,0.981635,0.982055,429
2026-05-21T11:25:00+00:00,0.981975,0.981825,0.981795,0.98198,303
2026-05-21T11:26:00+00:00,0.98183,0.981665,0.981635,0.98183,233
2026-05-21T11:27:00+00:00,0.98166,0.98177,0.98165,0.98177,178
2026-05-21T11:28:00+00:00,0.98178,0.98188,0.981775,0.98192,323
2026-05-21T11:29:00+00:00,0.981875,0.981935,0.981855,0.98195,247
2026-05-21T11:30:00+00:00,0.98193,0.981935,0.981865,0.981965,310
2026-05-21T11:31:00+00:00,0.981935,0.98189,0.981865,0.981945,250
2026-05-21T11:32:00+00:00,0.981885,0.98196,0.981875,0.98199,231
2026-05-21T11:33:00+00:00,0.98195,0.9819,0.981845,0.98195,242
2026-05-21T11:34:00+00:00,0.981895,0.98179,0.98177,0.98195,196
2026-05-21T11:35:00+00:00,0.981795,0.98162,0.981595,0.981795,332
2026-05-21T11:36:00+00:00,0.98161,0.981405,0.98139,0.981635,258
2026-05-21T11:37:00+00:00,0.9814,0.98125,0.981245,0.98145,380
2026-05-21T11:38:00+00:00,0.981245,0.98123,0.98118,0.9813,200
2026-05-21T11:39:00+00:00,0.981225,0.981465,0.981185,0.98147,243
2026-05-21T11:40:00+00:00,0.98147,0.981425,0.98139,0.98148,316
2026-05-21T11:41:00+00:00,0.98143,0.981395,0.98137,0.981435,205
2026-05-21T11:42:00+00:00,0.98139,0.981485,0.98137,0.981585,181
2026-05-21T11:43:00+00:00,0.981475,0.98137,0.981345,0.981505,169
2026-05-21T11:44:00+00:00,0.981375,0.981365,0.981345,0.981445,165
2026-05-21T11:45:00+00:00,0.98137,0.981535,0.981365,0.981535,161
2026-05-21T11:46:00+00:00,0.981545,0.981585,0.981485,0.98159,146
2026-05-21T11:47:00+00:00,0.98159,0.981535,0.9815,0.98159,146
2026-05-21T11:48:00+00:00,0.981535,0.981425,0.981395,0.981535,92
2026-05-21T11:49:00+00:00,0.981425,0.981265,0.98126,0.981445,85
2026-05-21T11:50:00+00:00,0.981265,0.981255,0.981205,0.981315,177
2026-05-21T11:51:00+00:00,0.98126,0.981295,0.981205,0.981315,166
2026-05-21T11:52:00+00:00,0.98129,0.981285,0.981145,0.98131,166
2026-05-21T11:53:00+00:00,0.98129,0.98125,0.981205,0.98133,116
2026-05-21T11:54:00+00:00,0.981245,0.981115,0.981065,0.981335,224
2026-05-21T11:55:00+00:00,0.9811,0.98068,0.980655,0.981125,444
2026-05-21T11:56:00+00:00,0.98069,0.980955,0.98067,0.98096,316
2026-05-21T11:57:00+00:00,0.980945,0.980805,0.980765,0.98096,330
2026-05-21T11:58:00+00:00,0.9808,0.980855,0.98075,0.98092,242
2026-05-21T11:59:00+00:00,0.98085,0.981,0.980825,0.981015,239
2026-05-21T12:00:00+00:00,0.980995,0.98128,0.980935,0.981485,613
2026-05-21T12:01:00+00:00,0.98127,0.981335,0.98125,0.98144,410
2026-05-21T12:02:00+00:00,0.98133,0.981405,0.981315,0.98151,293
2026-05-21T12:03:00+00:00,0.981415,0.98151,0.981415,0.98161,304
2026-05-21T12:04:00+00:00,0.981505,0.98135,0.98128,0.98152,376
2026-05-21T12:05:00+00:00,0.981355,0.981325,0.98127,0.98138,351
2026-05-21T12:06:00+00:00,0.98133,0.98141,0.98127,0.981415,331
2026-05-21T12:07:00+00:00,0.981405,0.981355,0.981325,0.981405,214
2026-05-21T12:08:00+00:00,0.981365,0.98121,0.98108,0.981365,326
2026-05-21T12:09:00+00:00,0.981205,0.981315,0.98117,0.981365,427
2026-05-21T12:10:00+00:00,0.98131,0.98139,0.981275,0.981425,276
2026-05-21T12:11:00+00:00,0.981395,0.98128,0.98124,0.981425,300
2026-05-21T12:12:00+00:00,0.981285,0.981305,0.981245,0.98133,227
2026-05-21T12:13:00+00:00,0.98131,0.98115,0.981085,0.98133,316
2026-05-21T12:14:00+00:00,0.981155,0.98128,0.981135,0.981285,208
2026-05-21T12:15:00+00:00,0.981285,0.981045,0.98103,0.981285,255
2026-05-21T12:16:00+00:00,0.981055,0.98092,0.98091,0.981055,210
2026-05-21T12:17:00+00:00,0.980925,0.98095,0.980865,0.98097,263
2026-05-21T12:18:00+00:00,0.98094,0.98108,0.980905,0.981105,229
2026-05-21T12:19:00+00:00,0.981085,0.981235,0.98106,0.981315,217
2026-05-21T12:20:00+00:00,0.981255,0.981035,0.981005,0.981275,227
2026-05-21T12:21:00+00:00,0.98104,0.98099,0.98085,0.98105,359
2026-05-21T12:22:00+00:00,0.98099,0.98084,0.980835,0.981005,270
2026-05-21T12:23:00+00:00,0.980835,0.980985,0.98076,0.981015,268
2026-05-21T12:24:00+00:00,0.98099,0.98109,0.980955,0.98109,250
2026-05-21T12:25:00+00:00,0.9811,0.98106,0.981025,0.98116,243
2026-05-21T12:26:00+00:00,0.981055,0.980875,0.980875,0.98106,206
2026-05-21T12:27:00+00:00,0.980885,0.981135,0.980865,0.98114,225
2026-05-21T12:28:00+00:00,0.98113,0.981185,0.98105,0.98119,273
2026-05-21T12:29:00+00:00,0.98119,0.981105,0.981055,0.98119,411
2026-05-21T12:30:00+00:00,0.981085,0.981345,0.98105,0.98138,299
2026-05-21T12:31:00+00:00,0.98134,0.981375,0.98128,0.98139,166
2026-05-21T12:32:00+00:00,0.98137,0.981155,0.981155,0.98145,213
2026-05-21T12:33:00+00:00,0.98116,0.98156,0.98106,0.98178,1222
2026-05-21T12:34:00+00:00,0.981565,0.981805,0.981545,0.98192,644
2026-05-21T12:35:00+00:00,0.981795,0.98166,0.981555,0.98185,581
2026-05-21T12:36:00+00:00,0.981665,0.98167,0.981565,0.981845,551
2026-05-21T12:37:00+00:00,0.981675,0.98178,0.981485,0.98179,645
2026-05-21T12:38:00+00:00,0.981775,0.98193,0.98174,0.98194,571
2026-05-21T12:39:00+00:00,0.981925,0.98196,0.981855,0.98199,504
2026-05-21T12:40:00+00:00,0.981955,0.981775,0.981715,0.982,484
2026-05-21T12:41:00+00:00,0.98177,0.98157,0.981545,0.98187,549
2026-05-21T12:42:00+00:00,0.981575,0.981665,0.98157,0.98174,551
2026-05-21T12:43:00+00:00,0.98166,0.981555,0.981455,0.98169,353
2026-05-21T12:44:00+00:00,0.98156,0.98167,0.981495,0.98167,485
2026-05-21T12:45:00+00:00,0.981665,0.981745,0.981625,0.981775,440
2026-05-21T12:46:00+00:00,0.98174,0.981605,0.981605,0.98183,452
2026-05-21T12:47:00+00:00,0.98161,0.981545,0.9815,0.98162,396
2026-05-21T12:48:00+00:00,0.98154,0.98169,0.981515,0.98175,381
2026-05-21T12:49:00+00:00,0.981685,0.981725,0.9816,0.98174,302
2026-05-21T12:50:00+00:00,0.98173,0.98168,0.981635,0.98176,243
2026-05-21T12:51:00+00:00,0.981675,0.981535,0.98148,0.98168,347
2026-05-21T12:52:00+00:00,0.98153,0.981415,0.981385,0.98155,418
2026-05-21T12:53:00+00:00,0.98142,0.98134,0.981335,0.9815,340
2026-05-21T12:54:00+00:00,0.981335,0.98161,0.98133,0.981645,449
2026-05-21T12:55:00+00:00,0.981615,0.981475,0.981445,0.981735,379
2026-05-21T12:56:00+00:00,0.98147,0.981325,0.981275,0.981475,286
2026-05-21T12:57:00+00:00,0.98133,0.981375,0.981305,0.98158,318
2026-05-21T12:58:00+00:00,0.98138,0.981475,0.98136,0.98148,244
2026-05-21T12:59:00+00:00,0.98147,0.981375,0.98132,0.98147,313
2026-05-21T13:00:00+00:00,0.98137,0.981395,0.981215,0.98147,528
2026-05-21T13:01:00+00:00,0.9814,0.981385,0.981295,0.981405,279
2026-05-21T13:02:00+00:00,0.98138,0.981635,0.98136,0.98168,283
2026-05-21T13:03:00+00:00,0.98163,0.98166,0.98153,0.98172,356
2026-05-21T13:04:00+00:00,0.981665,0.98189,0.981645,0.981905,348
2026-05-21T13:05:00+00:00,0.981905,0.98193,0.981885,0.982005,370
2026-05-21T13:06:00+00:00,0.98194,0.98194,0.98184,0.98197,283
2026-05-21T13:07:00+00:00,0.981945,0.981835,0.981805,0.98198,286
2026-05-21T13:08:00+00:00,0.98183,0.981565,0.981435,0.98183,376
2026-05-21T13:09:00+00:00,0.981575,0.981565,0.9814,0.981615,271
2026-05-21T13:10:00+00:00,0.98157,0.98148,0.98139,0.98159,390
2026-05-21T13:11:00+00:00,0.981475,0.98164,0.98141,0.98164,415
2026-05-21T13:12:00+00:00,0.98162,0.98174,0.98162,0.98177,274
2026-05-21T13:13:00+00:00,0.98175,0.981615,0.9816,0.98179,375
2026-05-21T13:14:00+00:00,0.98162,0.98166,0.981585,0.981705,302
2026-05-21T13:15:00+00:00,0.981665,0.981515,0.98142,0.981665,323
2026-05-21T13:16:00+00:00,0.98151,0.98164,0.981475,0.98166,282
2026-05-21T13:17:00+00:00,0.98165,0.981675,0.9816,0.9817,204
2026-05-21T13:18:00+00:00,0.981685,0.98154,0.98153,0.98169,354
2026-05-21T13:19:00+00:00,0.98155,0.9814,0.981355,0.981555,441
2026-05-21T13:20:00+00:00,0.981405,0.981525,0.98133,0.98157,405
2026-05-21T13:21:00+00:00,0.98152,0.98157,0.98132,0.981605,422
2026-05-21T13:22:00+00:00,0.981575,0.98168,0.981555,0.98171,330
2026-05-21T13:23:00+00:00,0.981695,0.981695,0.98162,0.98175,250
2026-05-21T13:24:00+00:00,0.98169,0.98161,0.981535,0.981745,330
2026-05-21T13:25:00+00:00,0.98162,0.981625,0.98154,0.98169,243
2026-05-21T13:26:00+00:00,0.981615,0.9816,0.981555,0.9817,246
2026-05-21T13:27:00+00:00,0.98161,0.981625,0.981555,0.981645,176
2026-05-21T13:28:00+00:00,0.981615,0.98168,0.98153,0.98168,216
2026-05-21T13:29:00+00:00,0.981675,0.98188,0.981615,0.98188,310
2026-05-21T13:30:00+00:00,0.98189,0.981725,0.9817,0.981925,781
2026-05-21T13:31:00+00:00,0.98172,0.981385,0.98133,0.98173,558
2026-05-21T13:32:00+00:00,0.981375,0.981375,0.98134,0.9815,463
2026-05-21T13:33:00+00:00,0.981365,0.981075,0.981055,0.98138,444
2026-05-21T13:34:00+00:00,0.98108,0.9813,0.981045,0.9813,499
2026-05-21T13:35:00+00:00,0.981305,0.981335,0.981235,0.9814,704
2026-05-21T13:36:00+00:00,0.98133,0.981375,0.98125,0.981435,484
2026-05-21T13:37:00+00:00,0.981385,0.98142,0.981225,0.981445,483
2026-05-21T13:38:00+00:00,0.981425,0.98125,0.981225,0.981555,581
2026-05-21T13:39:00+00:00,0.981245,0.98117,0.98116,0.98142,639
2026-05-21T13:40:00+00:00,0.981155,0.98148,0.981105,0.98151,579
2026-05-21T13:41:00+00:00,0.98149,0.981225,0.981165,0.98149,474
2026-05-21T13:42:00+00:00,0.981225,0.981245,0.98118,0.9813,382
2026-05-21T13:43:00+00:00,0.98125,0.98127,0.981235,0.98137,408
2026-05-21T13:44:00+00:00,0.981275,0.981145,0.981145,0.98138,695
2026-05-21T13:45:00+00:00,0.98114,0.981295,0.98114,0.981395,435
2026-05-21T13:46:00+00:00,0.98129,0.98134,0.981215,0.98134,398
2026-05-21T13:47:00+00:00,0.981345,0.98136,0.98124,0.98141,379
2026-05-21T13:48:00+00:00,0.98137,0.981545,0.981275,0.98156,419
2026-05-21T13:49:00+00:00,0.98154,0.981425,0.98141,0.981585,415
2026-05-21T13:50:00+00:00,0.981435,0.98173,0.981415,0.981735,410
2026-05-21T13:51:00+00:00,0.981725,0.98193,0.98152,0.98198,529
2026-05-21T13:52:00+00:00,0.981915,0.982085,0.981885,0.98234,1540
2026-05-21T13:53:00+00:00,0.98209,0.98274,0.98209,0.98274,926
2026-05-21T13:54:00+00:00,0.982745,0.982925,0.982615,0.983185,1040
2026-05-21T13:55:00+00:00,0.982935,0.9828,0.98279,0.983225,922
2026-05-21T13:56:00+00:00,0.982805,0.98259,0.98257,0.98286,782
2026-05-21T13:57:00+00:00,0.982585,0.982675,0.982575,0.98306,688
2026-05-21T13:58:00+00:00,0.98267,0.98273,0.982575,0.982845,607
2026-05-21T13:59:00+00:00,0.982715,0.982835,0.98267,0.982925,565
2026-05-21T14:00:00+00:00,0.98284,0.98286,0.982685,0.983015,699
2026-05-21T14:01:00+00:00,0.982855,0.982805,0.98276,0.98292,603
2026-05-21T14:02:00+00:00,0.9828,0.982645,0.98263,0.982955,539
2026-05-21T14:03:00+00:00,0.98264,0.98272,0.982615,0.98279,555
2026-05-21T14:04:00+00:00,0.982715,0.982615,0.982575,0.982805,595
2026-05-21T14:05:00+00:00,0.98261,0.98269,0.98259,0.982805,536
2026-05-21T14:06:00+00:00,0.982695,0.98266,0.98252,0.98276,503
2026-05-21T14:07:00+00:00,0.982665,0.98282,0.982665,0.982835,562
2026-05-21T14:08:00+00:00,0.98281,0.982765,0.982675,0.982875,414
2026-05-21T14:09:00+00:00,0.982775,0.982795,0.982755,0.982915,445
2026-05-21T14:10:00+00:00,0.98279,0.982835,0.982745,0.98288,407
2026-05-21T14:11:00+00:00,0.98284,0.98275,0.98272,0.982875,352
2026-05-21T14:12:00+00:00,0.982745,0.98251,0.982505,0.982795,386
2026-05-21T14:13:00+00:00,0.982515,0.982515,0.98238,0.982535,401
2026-05-21T14:14:00+00:00,0.98252,0.982885,0.98247,0.982985,518
2026-05-21T14:15:00+00:00,0.982875,0.982535,0.982535,0.98297,613
2026-05-21T14:16:00+00:00,0.982525,0.982495,0.98229,0.98258,421
2026-05-21T14:17:00+00:00,0.9825,0.98263,0.982475,0.982705,293
2026-05-21T14:18:00+00:00,0.982645,0.982565,0.98245,0.982675,368
2026-05-21T14:19:00+00:00,0.98256,0.982605,0.98249,0.98263,422
2026-05-21T14:20:00+00:00,0.9826,0.98235,0.982345,0.982615,490
2026-05-21T14:21:00+00:00,0.982345,0.98257,0.982335,0.982575,473
2026-05-21T14:22:00+00:00,0.982565,0.982695,0.982525,0.982755,521
2026-05-21T14:23:00+00:00,0.982705,0.982675,0.98259,0.982835,649
2026-05-21T14:24:00+00:00,0.98267,0.98288,0.98264,0.98297,448
2026-05-21T14:25:00+00:00,0.982875,0.98296,0.982875,0.983,462
2026-05-21T14:26:00+00:00,0.982955,0.982845,0.98277,0.982955,434
2026-05-21T14:27:00+00:00,0.98284,0.983005,0.9828,0.983005,590
2026-05-21T14:28:00+00:00,0.982995,0.98292,0.98284,0.983005,410
2026-05-21T14:29:00+00:00,0.982915,0.982845,0.982785,0.982925,309
2026-05-21T14:30:00+00:00,0.98285,0.983075,0.982845,0.98313,452
2026-05-21T14:31:00+00:00,0.98307,0.9831,0.983015,0.98319,451
2026-05-21T14:32:00+00:00,0.983105,0.98327,0.9831,0.98327,338
2026-05-21T14:33:00+00:00,0.983265,0.98316,0.98315,0.983285,333
2026-05-21T14:34:00+00:00,0.983155,0.983175,0.98308,0.98321,300
2026-05-21T14:35:00+00:00,0.983165,0.98326,0.98308,0.98329,386
2026-05-21T14:36:00+00:00,0.98327,0.98328,0.983185,0.98335,339
2026-05-21T14:37:00+00:00,0.983295,0.983395,0.98325,0.98342,278
2026-05-21T14:38:00+00:00,0.98339,0.98354,0.983365,0.98357,280
2026-05-21T14:39:00+00:00,0.983535,0.98346,0.98344,0.98359,252
2026-05-21T14:40:00+00:00,0.983465,0.983275,0.98322,0.98348,470
2026-05-21T14:41:00+00:00,0.98328,0.983525,0.98324,0.98354,314
2026-05-21T14:42:00+00:00,0.98352,0.9836,0.98342,0.983625,239
2026-05-21T14:43:00+00:00,0.983595,0.983515,0.9835,0.983635,261
2026-05-21T14:44:00+00:00,0.98352,0.983575,0.98347,0.9836,286
2026-05-21T14:45:00+00:00,0.983575,0.983675,0.98351,0.98369,395
2026-05-21T14:46:00+00:00,0.98368,0.98355,0.9835,0.983725,415
2026-05-21T14:47:00+00:00,0.983545,0.98336,0.983275,0.98361,394
2026-05-21T14:48:00+00:00,0.983365,0.98328,0.98327,0.98355,377
2026-05-21T14:49:00+00:00,0.983275,0.98336,0.983275,0.983425,309
2026-05-21T14:50:00+00:00,0.983365,0.983265,0.983215,0.983415,335
2026-05-21T14:51:00+00:00,0.98326,0.983375,0.98312,0.983375,424
2026-05-21T14:52:00+00:00,0.983385,0.983525,0.98333,0.983555,442
2026-05-21T14:53:00+00:00,0.98352,0.98347,0.983435,0.983705,533
2026-05-21T14:54:00+00:00,0.98346,0.983455,0.983405,0.98358,402
2026-05-21T14:55:00+00:00,0.98346,0.98353,0.98342,0.983585,448
2026-05-21T14:56:00+00:00,0.983525,0.98365,0.983475,0.98375,400
2026-05-21T14:57:00+00:00,0.98364,0.983765,0.983575,0.983845,508
2026-05-21T14:58:00+00:00,0.983755,0.983965,0.983715,0.983975,297
2026-05-21T14:59:00+00:00,0.98396,0.983875,0.98385,0.98399,341
2026-05-21T15:00:00+00:00,0.98388,0.983665,0.983575,0.983935,359
2026-05-21T15:01:00+00:00,0.98365,0.983695,0.98359,0.983725,372
2026-05-21T15:02:00+00:00,0.9837,0.983785,0.98361,0.983815,358
2026-05-21T15:03:00+00:00,0.98378,0.98357,0.98352,0.98385,527
2026-05-21T15:04:00+00:00,0.983565,0.983395,0.98337,0.983575,439
2026-05-21T15:05:00+00:00,0.9834,0.983175,0.983135,0.983475,459
2026-05-21T15:06:00+00:00,0.983165,0.98302,0.98292,0.983295,663
2026-05-21T15:07:00+00:00,0.983015,0.982635,0.982535,0.983045,820
2026-05-21T15:08:00+00:00,0.98264,0.982475,0.982405,0.982675,737
2026-05-21T15:09:00+00:00,0.98248,0.982795,0.982455,0.98281,467
2026-05-21T15:10:00+00:00,0.98279,0.982725,0.982455,0.98279,503
2026-05-21T15:11:00+00:00,0.98272,0.982575,0.982495,0.98276,406
2026-05-21T15:12:00+00:00,0.982565,0.982815,0.982525,0.982845,533
2026-05-21T15:13:00+00:00,0.98282,0.98322,0.982785,0.983265,766
2026-05-21T15:14:00+00:00,0.98321,0.983015,0.982955,0.9833,846
2026-05-21T15:15:00+00:00,0.983005,0.983125,0.982985,0.983225,590
2026-05-21T15:16:00+00:00,0.983135,0.983065,0.98299,0.983195,470
2026-05-21T15:17:00+00:00,0.98307,0.983245,0.98307,0.98328,517
2026-05-21T15:18:00+00:00,0.98326,0.983285,0.983205,0.983305,530
2026-05-21T15:19:00+00:00,0.98329,0.9833,0.983195,0.98334,432
2026-05-21T15:20:00+00:00,0.983295,0.98324,0.983175,0.98333,391
2026-05-21T15:21:00+00:00,0.983235,0.983025,0.983025,0.983245,413
2026-05-21T15:22:00+00:00,0.98302,0.982985,0.98292,0.98308,391
2026-05-21T15:23:00+00:00,0.98298,0.982745,0.98273,0.98302,393
2026-05-21T15:24:00+00:00,0.98275,0.982735,0.982705,0.98282,369
2026-05-21T15:25:00+00:00,0.982725,0.982755,0.98268,0.98282,324
2026-05-21T15:26:00+00:00,0.98275,0.982665,0.982645,0.98278,374
2026-05-21T15:27:00+00:00,0.98266,0.982705,0.98265,0.982795,386
2026-05-21T15:28:00+00:00,0.982695,0.982755,0.982675,0.982755,347
2026-05-21T15:29:00+00:00,0.98277,0.98268,0.982645,0.982805,306
2026-05-21T15:30:00+00:00,0.98267,0.982705,0.982635,0.982825,444
2026-05-21T15:31:00+00:00,0.9827,0.982625,0.9826,0.982725,359
2026-05-21T15:32:00+00:00,0.98263,0.982675,0.98262,0.982725,300
2026-05-21T15:33:00+00:00,0.982685,0.982705,0.982575,0.98272,325
2026-05-21T15:34:00+00:00,0.98272,0.98264,0.98252,0.98272,449
2026-05-21T15:35:00+00:00,0.98263,0.98282,0.982585,0.982865,396
2026-05-21T15:36:00+00:00,0.98283,0.98287,0.98268,0.982895,325
2026-05-21T15:37:00+00:00,0.982875,0.98289,0.982845,0.98293,367
2026-05-21T15:38:00+00:00,0.982885,0.982985,0.982885,0.983025,318
2026-05-21T15:39:00+00:00,0.982975,0.9832,0.982965,0.983225,245
2026-05-21T15:40:00+00:00,0.98321,0.98324,0.98316,0.98325,296
2026-05-21T15:41:00+00:00,0.983235,0.98317,0.983145,0.98328,366
2026-05-21T15:42:00+00:00,0.983165,0.9831,0.983055,0.98321,332
2026-05-21T15:43:00+00:00,0.983105,0.98304,0.983025,0.98314,261
2026-05-21T15:44:00+00:00,0.98304,0.98294,0.98286,0.983045,226
2026-05-21T15:45:00+00:00,0.982935,0.98304,0.982895,0.983075,255
2026-05-21T15:46:00+00:00,0.983035,0.98298,0.982955,0.98309,298
2026-05-21T15:47:00+00:00,0.982975,0.983125,0.98294,0.98313,300
2026-05-21T15:48:00+00:00,0.983135,0.983075,0.983075,0.983235,296
2026-05-21T15:49:00+00:00,0.98307,0.983125,0.983065,0.98316,267
2026-05-21T15:50:00+00:00,0.98313,0.98308,0.983025,0.983135,255
2026-05-21T15:51:00+00:00,0.983075,0.983095,0.98307,0.98322,260
2026-05-21T15:52:00+00:00,0.9831,0.983125,0.98305,0.98315,347
2026-05-21T15:53:00+00:00,0.98312,0.98319,0.983055,0.983195,262
2026-05-21T15:54:00+00:00,0.983185,0.98328,0.98317,0.983325,260
2026-05-21T15:55:00+00:00,0.983275,0.983225,0.98321,0.9833,351
2026-05-21T15:56:00+00:00,0.98322,0.98327,0.9832,0.983275,240
2026-05-21T15:57:00+00:00,0.983255,0.983325,0.98322,0.98337,235
2026-05-21T15:58:00+00:00,0.983325,0.983325,0.98332,0.98338,169
2026-05-21T15:59:00+00:00,0.98332,0.98337,0.9833,0.983375,202
2026-05-21T16:00:00+00:00,0.983375,0.983625,0.98336,0.98364,343
2026-05-21T16:01:00+00:00,0.98362,0.9837,0.98362,0.983875,376
2026-05-21T16:02:00+00:00,0.983695,0.983675,0.983615,0.983775,306
2026-05-21T16:03:00+00:00,0.98368,0.9838,0.983635,0.98382,226
2026-05-21T16:04:00+00:00,0.983805,0.983745,0.98367,0.983825,222
2026-05-21T16:05:00+00:00,0.983765,0.983815,0.98372,0.98387,305
2026-05-21T16:06:00+00:00,0.98382,0.983785,0.983635,0.98382,350
2026-05-21T16:07:00+00:00,0.983775,0.983925,0.983745,0.983935,346
2026-05-21T16:08:00+00:00,0.98391,0.98407,0.983835,0.984085,321
2026-05-21T16:09:00+00:00,0.984065,0.984025,0.984,0.984115,241
2026-05-21T16:10:00+00:00,0.98401,0.98394,0.983855,0.984025,381
2026-05-21T16:11:00+00:00,0.98393,0.983895,0.98375,0.983975,434
2026-05-21T16:12:00+00:00,0.98389,0.9839,0.983835,0.983935,362
2026-05-21T16:13:00+00:00,0.983905,0.98384,0.98368,0.983925,706
2026-05-21T16:14:00+00:00,0.983845,0.983935,0.98375,0.98395,295
2026-05-21T16:15:00+00:00,0.983915,0.98384,0.983735,0.98396,303
2026-05-21T16:16:00+00:00,0.983825,0.983925,0.98378,0.98393,254
2026-05-21T16:17:00+00:00,0.98393,0.984025,0.98392,0.984075,273
2026-05-21T16:18:00+00:00,0.98401,0.9839,0.983885,0.98403,222
2026-05-21T16:19:00+00:00,0.983895,0.983845,0.983775,0.983925,230
2026-05-21T16:20:00+00:00,0.98384,0.98392,0.98383,0.983975,311
2026-05-21T16:21:00+00:00,0.983905,0.983955,0.983895,0.98398,212
2026-05-21T16:22:00+00:00,0.98397,0.983775,0.98375,0.983975,413
2026-05-21T16:23:00+00:00,0.983765,0.98375,0.983725,0.983825,321
2026-05-21T16:24:00+00:00,0.983735,0.98381,0.98369,0.983825,212
2026-05-21T16:25:00+00:00,0.983805,0.983875,0.983795,0.9839,166
2026-05-21T16:26:00+00:00,0.98387,0.98387,0.983815,0.983975,143
2026-05-21T16:27:00+00:00,0.983875,0.983935,0.98382,0.983965,200
2026-05-21T16:28:00+00:00,0.983925,0.98393,0.983875,0.98397,128
2026-05-21T16:29:00+00:00,0.983935,0.983945,0.9839,0.98397,123
2026-05-21T16:30:00+00:00,0.98395,0.983945,0.98386,0.983965,232
2026-05-21T16:31:00+00:00,0.98394,0.98389,0.983785,0.98394,266
2026-05-21T16:32:00+00:00,0.983885,0.983795,0.983745,0.983905,240
2026-05-21T16:33:00+00:00,0.9838,0.983835,0.983765,0.98385,253
2026-05-21T16:34:00+00:00,0.98384,0.983825,0.98375,0.98384,157
2026-05-21T16:35:00+00:00,0.983815,0.983875,0.983775,0.98389,172
2026-05-21T16:36:00+00:00,0.983865,0.983785,0.98375,0.98392,281
2026-05-21T16:37:00+00:00,0.98379,0.98389,0.983785,0.983925,253
2026-05-21T16:38:00+00:00,0.98389,0.983695,0.98368,0.98391,303
2026-05-21T16:39:00+00:00,0.9837,0.98389,0.98365,0.98392,237
2026-05-21T16:40:00+00:00,0.983895,0.98392,0.983785,0.98394,175
2026-05-21T16:41:00+00:00,0.9839,0.9839,0.983845,0.983935,247
2026-05-21T16:42:00+00:00,0.983905,0.983925,0.983875,0.983965,133
2026-05-21T16:43:00+00:00,0.98392,0.98387,0.983825,0.983925,148
2026-05-21T16:44:00+00:00,0.98387,0.983895,0.98387,0.98393,133
2026-05-21T16:45:00+00:00,0.983915,0.983885,0.98387,0.983945,186
2026-05-21T16:46:00+00:00,0.98389,0.9838,0.983785,0.98392,280
2026-05-21T16:47:00+00:00,0.98379,0.9838,0.983705,0.98381,160
2026-05-21T16:48:00+00:00,0.983805,0.983775,0.983745,0.98388,150
2026-05-21T16:49:00+00:00,0.98378,0.983785,0.983695,0.983825,113
2026-05-21T16:50:00+00:00,0.98379,0.983675,0.98364,0.98379,158
2026-05-21T16:51:00+00:00,0.98366,0.983785,0.983655,0.98382,175
2026-05-21T16:52:00+00:00,0.983785,0.98373,0.983725,0.983825,106
2026-05-21T16:53:00+00:00,0.983725,0.98378,0.983685,0.983815,139
2026-05-21T16:54:00+00:00,0.983775,0.983735,0.983695,0.983785,111
2026-05-21T16:55:00+00:00,0.983735,0.98362,0.983595,0.983745,158
2026-05-21T16:56:00+00:00,0.983615,0.983685,0.983575,0.983695,265
2026-05-21T16:57:00+00:00,0.98368,0.983625,0.98354,0.98369,290
2026-05-21T16:58:00+00:00,0.983615,0.983755,0.983585,0.98376,268
2026-05-21T16:59:00+00:00,0.98376,0.98374,0.983685,0.983785,144
2026-05-21T17:00:00+00:00,0.983745,0.983775,0.983745,0.983885,305
2026-05-21T17:01:00+00:00,0.98377,0.98379,0.98377,0.983845,357
2026-05-21T17:02:00+00:00,0.983795,0.983745,0.983735,0.98385,421
2026-05-21T17:03:00+00:00,0.98375,0.983735,0.983705,0.983805,258
2026-05-21T17:04:00+00:00,0.98374,0.98367,0.98364,0.98377,187
2026-05-21T17:05:00+00:00,0.983655,0.9837,0.983635,0.983705,195
2026-05-21T17:06:00+00:00,0.983695,0.98369,0.983615,0.983755,208
2026-05-21T17:07:00+00:00,0.98368,0.98366,0.98365,0.98373,260
2026-05-21T17:08:00+00:00,0.98367,0.98365,0.98361,0.98369,194
2026-05-21T17:09:00+00:00,0.983655,0.98371,0.98362,0.983725,258
2026-05-21T17:10:00+00:00,0.98371,0.98434,0.98368,0.98437,1253
2026-05-21T17:11:00+00:00,0.98435,0.98446,0.984325,0.98476,1179
2026-05-21T17:12:00+00:00,0.984475,0.98449,0.98434,0.98474,921
2026-05-21T17:13:00+00:00,0.984495,0.98435,0.98411,0.9845,833
2026-05-21T17:14:00+00:00,0.984355,0.98468,0.984305,0.984695,564
2026-05-21T17:15:00+00:00,0.984685,0.985585,0.98466,0.98562,913
2026-05-21T17:16:00+00:00,0.985575,0.98591,0.98553,0.98599,1260
2026-05-21T17:17:00+00:00,0.985905,0.985625,0.985575,0.986055,1147
2026-05-21T17:18:00+00:00,0.98564,0.985485,0.985395,0.985775,1000
2026-05-21T17:19:00+00:00,0.98548,0.985405,0.985195,0.985485,690
2026-05-21T17:20:00+00:00,0.98541,0.985885,0.98536,0.985955,826
2026-05-21T17:21:00+00:00,0.98588,0.986055,0.98583,0.986105,700
2026-05-21T17:22:00+00:00,0.98606,0.985895,0.98574,0.98621,834
2026-05-21T17:23:00+00:00,0.9859,0.98564,0.985455,0.98596,781
2026-05-21T17:24:00+00:00,0.985645,0.98591,0.98562,0.98596,509
2026-05-21T17:25:00+00:00,0.985915,0.98591,0.985845,0.98611,568
2026-05-21T17:26:00+00:00,0.985915,0.985915,0.985855,0.98598,442
2026-05-21T17:27:00+00:00,0.98592,0.986035,0.98586,0.986165,537
2026-05-21T17:28:00+00:00,0.98603,0.98611,0.985965,0.986165,536
2026-05-21T17:29:00+00:00,0.986115,0.98619,0.98609,0.986255,465
2026-05-21T17:30:00+00:00,0.986195,0.98632,0.9861,0.98638,535
2026-05-21T17:31:00+00:00,0.986315,0.98656,0.98618,0.986565,546
2026-05-21T17:32:00+00:00,0.986565,0.98645,0.986415,0.98666,701
2026-05-21T17:33:00+00:00,0.986445,0.98598,0.985945,0.9865,703
2026-05-21T17:34:00+00:00,0.98596,0.98618,0.985865,0.98623,604
2026-05-21T17:35:00+00:00,0.986175,0.986285,0.9861,0.9863,572
2026-05-21T17:36:00+00:00,0.986275,0.986345,0.986235,0.98638,499
2026-05-21T17:37:00+00:00,0.98634,0.9864,0.986335,0.986465,490
2026-05-21T17:38:00+00:00,0.986395,0.986445,0.98636,0.98649,535
2026-05-21T17:39:00+00:00,0.98644,0.986635,0.98642,0.98666,544
2026-05-21T17:40:00+00:00,0.98664,0.98687,0.986585,0.986875,558
2026-05-21T17:41:00+00:00,0.986875,0.98693,0.98684,0.986965,450
2026-05-21T17:42:00+00:00,0.98692,0.986975,0.98688,0.98705,544
2026-05-21T17:43:00+00:00,0.986985,0.98694,0.98684,0.987,511
2026-05-21T17:44:00+00:00,0.986935,0.98709,0.98693,0.98715,457
2026-05-21T17:45:00+00:00,0.987085,0.986685,0.986685,0.987085,674
2026-05-21T17:46:00+00:00,0.98669,0.9868,0.986665,0.9868,464
2026-05-21T17:47:00+00:00,0.98678,0.98681,0.986775,0.986935,507
2026-05-21T17:48:00+00:00,0.98682,0.986745,0.986735,0.98691,466
2026-05-21T17:49:00+00:00,0.98674,0.98689,0.986635,0.986965,450
2026-05-21T17:50:00+00:00,0.986895,0.98687,0.986815,0.9869,383
2026-05-21T17:51:00+00:00,0.98688,0.987145,0.986875,0.98717,604
2026-05-21T17:52:00+00:00,0.98715,0.987135,0.987045,0.987195,536
2026-05-21T17:53:00+00:00,0.98714,0.98713,0.98705,0.987185,581
2026-05-21T17:54:00+00:00,0.987135,0.987175,0.987095,0.987245,508
2026-05-21T17:55:00+00:00,0.987185,0.987315,0.98716,0.987355,466
2026-05-21T17:56:00+00:00,0.98731,0.98724,0.98714,0.987375,534
2026-05-21T17:57:00+00:00,0.987245,0.98709,0.987085,0.98736,478
2026-05-21T17:58:00+00:00,0.987085,0.986965,0.986905,0.98723,524
2026-05-21T17:59:00+00:00,0.98697,0.98673,0.986725,0.987015,364
2026-05-21T18:00:00+00:00,0.986725,0.986875,0.98664,0.98691,573
2026-05-21T18:01:00+00:00,0.98689,0.986595,0.98652,0.98695,503
2026-05-21T18:02:00+00:00,0.98659,0.986525,0.98649,0.986625,475
2026-05-21T18:03:00+00:00,0.98652,0.98662,0.986425,0.986645,345
2026-05-21T18:04:00+00:00,0.986625,0.986095,0.986035,0.986625,761
2026-05-21T18:05:00+00:00,0.9861,0.98599,0.985875,0.986105,809
2026-05-21T18:06:00+00:00,0.985995,0.985965,0.985935,0.986125,495
2026-05-21T18:07:00+00:00,0.985975,0.985985,0.985875,0.986025,363
2026-05-21T18:08:00+00:00,0.98598,0.986115,0.98592,0.986125,479
2026-05-21T18:09:00+00:00,0.98612,0.986165,0.986075,0.986185,332
2026-05-21T18:10:00+00:00,0.98617,0.985875,0.98586,0.986195,302
2026-05-21T18:11:00+00:00,0.98587,0.98594,0.985765,0.98601,464
2026-05-21T18:12:00+00:00,0.985945,0.986,0.98588,0.98604,306
2026-05-21T18:13:00+00:00,0.98602,0.98587,0.9858,0.98602,282
2026-05-21T18:14:00+00:00,0.985865,0.985875,0.98578,0.985905,300
2026-05-21T18:15:00+00:00,0.98588,0.985785,0.98574,0.985925,302
2026-05-21T18:16:00+00:00,0.98579,0.98576,0.985725,0.98586,359
2026-05-21T18:17:00+00:00,0.985765,0.9858,0.98571,0.985805,328
2026-05-21T18:18:00+00:00,0.985795,0.98591,0.98578,0.985955,245
2026-05-21T18:19:00+00:00,0.985905,0.985995,0.985875,0.98605,324
2026-05-21T18:20:00+00:00,0.98599,0.98601,0.985935,0.98608,264
2026-05-21T18:21:00+00:00,0.986005,0.985925,0.985925,0.986085,298
2026-05-21T18:22:00+00:00,0.985935,0.985925,0.985915,0.986005,221
2026-05-21T18:23:00+00:00,0.98593,0.98594,0.985875,0.986025,320
2026-05-21T18:24:00+00:00,0.985945,0.98609,0.98593,0.986105,243
2026-05-21T18:25:00+00:00,0.986085,0.986055,0.986015,0.98613,332
2026-05-21T18:26:00+00:00,0.98605,0.985915,0.985895,0.986075,297
2026-05-21T18:27:00+00:00,0.985925,0.985935,0.985905,0.986015,294
2026-05-21T18:28:00+00:00,0.98594,0.98599,0.985925,0.98604,369
2026-05-21T18:29:00+00:00,0.985995,0.98589,0.98588,0.986035,279
2026-05-21T18:30:00+00:00,0.985885,0.985885,0.985815,0.98596,249
2026-05-21T18:31:00+00:00,0.985895,0.985875,0.98586,0.985945,262
2026-05-21T18:32:00+00:00,0.985875,0.98585,0.98584,0.98598,239
2026-05-21T18:33:00+00:00,0.985845,0.985805,0.98575,0.985865,385
2026-05-21T18:34:00+00:00,0.9858,0.98585,0.985705,0.98586,291
2026-05-21T18:35:00+00:00,0.98586,0.98571,0.985705,0.98586,248
2026-05-21T18:36:00+00:00,0.985715,0.985855,0.98571,0.985865,278
2026-05-21T18:37:00+00:00,0.98586,0.985905,0.985845,0.985955,239
2026-05-21T18:38:00+00:00,0.98591,0.985915,0.985835,0.985945,216
2026-05-21T18:39:00+00:00,0.985925,0.98596,0.98585,0.985995,311
2026-05-21T18:40:00+00:00,0.985965,0.986155,0.985965,0.98616,371
2026-05-21T18:41:00+00:00,0.98615,0.986215,0.9861,0.986305,442
2026-05-21T18:42:00+00:00,0.98622,0.98619,0.98614,0.98625,303
2026-05-21T18:43:00+00:00,0.986195,0.986105,0.98609,0.986225,314
2026-05-21T18:44:00+00:00,0.986095,0.98608,0.986075,0.986155,223
2026-05-21T18:45:00+00:00,0.986085,0.986065,0.985995,0.986135,317
2026-05-21T18:46:00+00:00,0.986065,0.986075,0.98602,0.986125,252
2026-05-21T18:47:00+00:00,0.98607,0.986055,0.98603,0.98614,218
2026-05-21T18:48:00+00:00,0.986055,0.98585,0.98547,0.986105,754
2026-05-21T18:49:00+00:00,0.985855,0.98551,0.985475,0.98586,669
2026-05-21T18:50:00+00:00,0.985515,0.98564,0.985455,0.98571,519
2026-05-21T18:51:00+00:00,0.985645,0.985655,0.98546,0.985655,392
2026-05-21T18:52:00+00:00,0.98565,0.985015,0.984995,0.985655,1068
2026-05-21T18:53:00+00:00,0.98501,0.984765,0.984755,0.9852,828
2026-05-21T18:54:00+00:00,0.98477,0.984535,0.984525,0.985025,945
2026-05-21T18:55:00+00:00,0.98454,0.98462,0.98448,0.9848,855
2026-05-21T18:56:00+00:00,0.984615,0.984605,0.98454,0.984745,641
2026-05-21T18:57:00+00:00,0.9846,0.984735,0.984545,0.98479,604
2026-05-21T18:58:00+00:00,0.98474,0.98478,0.984695,0.984845,404
2026-05-21T18:59:00+00:00,0.984785,0.98493,0.98472,0.984955,382
2026-05-21T19:00:00+00:00,0.984935,0.98501,0.98491,0.985085,365
2026-05-21T19:01:00+00:00,0.985005,0.985135,0.984895,0.98519,394
2026-05-21T19:02:00+00:00,0.98514,0.985025,0.98502,0.985185,338
2026-05-21T19:03:00+00:00,0.98503,0.985275,0.985025,0.98529,467
2026-05-21T19:04:00+00:00,0.98527,0.98528,0.985205,0.98533,348
2026-05-21T19:05:00+00:00,0.985285,0.98516,0.985135,0.985295,298
2026-05-21T19:06:00+00:00,0.985155,0.984945,0.984805,0.98525,390
2026-05-21T19:07:00+00:00,0.98494,0.98494,0.984775,0.984955,471
2026-05-21T19:08:00+00:00,0.984935,0.9852,0.984915,0.985255,405
2026-05-21T19:09:00+00:00,0.985195,0.985225,0.98515,0.985235,246
2026-05-21T19:10:00+00:00,0.985215,0.98507,0.985035,0.98524,302
2026-05-21T19:11:00+00:00,0.98508,0.98506,0.985,0.985145,180
2026-05-21T19:12:00+00:00,0.98506,0.98514,0.985015,0.98515,157
2026-05-21T19:13:00+00:00,0.985135,0.9852,0.985095,0.985235,230
2026-05-21T19:14:00+00:00,0.98519,0.985235,0.985125,0.98524,201
2026-05-21T19:15:00+00:00,0.98524,0.985425,0.985225,0.985425,199
2026-05-21T19:16:00+00:00,0.985435,0.985445,0.98541,0.98549,176
2026-05-21T19:17:00+00:00,0.985445,0.985555,0.9854,0.98556,192
2026-05-21T19:18:00+00:00,0.985555,0.985565,0.985495,0.985595,97
2026-05-21T19:19:00+00:00,0.98556,0.98554,0.985485,0.98556,147
2026-05-21T19:20:00+00:00,0.98554,0.985435,0.98543,0.985575,266
2026-05-21T19:21:00+00:00,0.98544,0.985445,0.985425,0.98549,212
2026-05-21T19:22:00+00:00,0.98544,0.985585,0.985405,0.985585,138
2026-05-21T19:23:00+00:00,0.985575,0.985585,0.98554,0.98561,99
2026-05-21T19:24:00+00:00,0.98558,0.98556,0.98551,0.985625,150
2026-05-21T19:25:00+00:00,0.98556,0.985545,0.985485,0.98561,161
2026-05-21T19:26:00+00:00,0.985545,0.98556,0.985525,0.9856,98
2026-05-21T19:27:00+00:00,0.985555,0.9856,0.985545,0.9856,104
2026-05-21T19:28:00+00:00,0.985605,0.98574,0.985555,0.98576,145
2026-05-21T19:29:00+00:00,0.985745,0.985695,0.98565,0.98578,225
2026-05-21T19:30:00+00:00,0.985705,0.985855,0.985705,0.9859,199
2026-05-21T19:31:00+00:00,0.98585,0.9859,0.985825,0.985915,126
2026-05-21T19:32:00+00:00,0.98591,0.985935,0.98586,0.985975,164
2026-05-21T19:33:00+00:00,0.98592,0.986005,0.98591,0.986035,203
2026-05-21T19:34:00+00:00,0.986,0.98594,0.98592,0.98602,176
2026-05-21T19:35:00+00:00,0.98593,0.98594,0.985905,0.986035,217
2026-05-21T19:36:00+00:00,0.985945,0.98585,0.98584,0.985945,147
2026-05-21T19:37:00+00:00,0.985845,0.98582,0.985805,0.985935,149
2026-05-21T19:38:00+00:00,0.98583,0.985925,0.9858,0.985945,149
2026-05-21T19:39:00+00:00,0.985925,0.985905,0.98589,0.985955,131
2026-05-21T19:40:00+00:00,0.9859,0.985795,0.98579,0.98596,194
2026-05-21T19:41:00+00:00,0.98579,0.98574,0.98573,0.98581,116
2026-05-21T19:42:00+00:00,0.985735,0.98558,0.985565,0.985745,228
2026-05-21T19:43:00+00:00,0.985575,0.98569,0.985515,0.985715,187
2026-05-21T19:44:00+00:00,0.98569,0.98558,0.98558,0.9857,189
2026-05-21T19:45:00+00:00,0.985565,0.985595,0.98555,0.985625,176
2026-05-21T19:46:00+00:00,0.985585,0.98559,0.985565,0.98567,190
2026-05-21T19:47:00+00:00,0.98559,0.98569,0.98556,0.98573,117
2026-05-21T19:48:00+00:00,0.985685,0.98562,0.98562,0.9857,78
2026-05-21T19:49:00+00:00,0.985625,0.98569,0.985575,0.98569,93
2026-05-21T19:50:00+00:00,0.985685,0.985805,0.985675,0.985835,297
2026-05-21T19:51:00+00:00,0.985805,0.98567,0.98566,0.985825,137
2026-05-21T19:52:00+00:00,0.985665,0.98569,0.98565,0.98573,73
2026-05-21T19:53:00+00:00,0.98568,0.98554,0.985525,0.985725,231
2026-05-21T19:54:00+00:00,0.985525,0.985275,0.98508,0.98554,532
2026-05-21T19:55:00+00:00,0.985285,0.985465,0.98519,0.98553,297
2026-05-21T19:56:00+00:00,0.98546,0.98587,0.98544,0.98587,411
2026-05-21T19:57:00+00:00,0.985875,0.985925,0.98581,0.98596,282
2026-05-21T19:58:00+00:00,0.985915,0.98583,0.9858,0.98596,233
2026-05-21T19:59:00+00:00,0.985825,0.985675,0.98563,0.985825,381
2026-05-21T20:00:00+00:00,0.98568,0.9858,0.98563,0.985815,353
2026-05-21T20:01:00+00:00,0.985805,0.985725,0.98568,0.985825,172
2026-05-21T20:02:00+00:00,0.98572,0.985725,0.9857,0.98576,98
2026-05-21T20:03:00+00:00,0.985725,0.98559,0.98557,0.98576,165
2026-05-21T20:04:00+00:00,0.985595,0.9855,0.985485,0.985625,209
2026-05-21T20:05:00+00:00,0.98549,0.985435,0.98539,0.9855,225
2026-05-21T20:06:00+00:00,0.985445,0.98539,0.98538,0.98546,154
2026-05-21T20:07:00+00:00,0.98538,0.98529,0.985285,0.985435,294
2026-05-21T20:08:00+00:00,0.98529,0.985195,0.985185,0.98531,180
2026-05-21T20:09:00+00:00,0.985195,0.985195,0.98515,0.98521,80
2026-05-21T20:10:00+00:00,0.985195,0.98517,0.985155,0.98523,59
2026-05-21T20:11:00+00:00,0.985175,0.98511,0.98511,0.98521,72
2026-05-21T20:12:00+00:00,0.985115,0.985195,0.985105,0.98521,72
2026-05-21T20:13:00+00:00,0.98518,0.985225,0.985175,0.98526,130
2026-05-21T20:14:00+00:00,0.985225,0.985225,0.98519,0.985225,78
2026-05-21T20:15:00+00:00,0.98521,0.98515,0.985125,0.98521,123
2026-05-21T20:16:00+00:00,0.985145,0.985085,0.98505,0.98516,89
2026-05-21T20:17:00+00:00,0.985085,0.985095,0.985025,0.985125,92
2026-05-21T20:18:00+00:00,0.98508,0.985005,0.984975,0.9851,100
2026-05-21T20:19:00+00:00,0.985005,0.985,0.984995,0.985025,23
2026-05-21T20:20:00+00:00,0.985015,0.98503,0.98499,0.98507,92
2026-05-21T20:21:00+00:00,0.985025,0.985015,0.985005,0.985045,44
2026-05-21T20:22:00+00:00,0.98502,0.98498,0.98496,0.985025,61
2026-05-21T20:23:00+00:00,0.984985,0.98501,0.98496,0.98506,105
2026-05-21T20:24:00+00:00,0.985015,0.984975,0.984975,0.985045,34
2026-05-21T20:25:00+00:00,0.98498,0.985065,0.984965,0.985075,85
2026-05-21T20:26:00+00:00,0.98506,0.985075,0.985025,0.985115,98
2026-05-21T20:27:00+00:00,0.985075,0.985075,0.98506,0.985105,53
2026-05-21T20:28:00+00:00,0.985075,0.98505,0.985045,0.985075,21
2026-05-21T20:29:00+00:00,0.985055,0.98503,0.985025,0.985065,51
2026-05-21T20:30:00+00:00,0.985025,0.985125,0.985025,0.98515,64
2026-05-21T20:31:00+00:00,0.98512,0.98517,0.98512,0.9852,55
2026-05-21T20:32:00+00:00,0.98517,0.985145,0.985145,0.985185,59
2026-05-21T20:33:00+00:00,0.985145,0.98513,0.9851,0.98516,21
2026-05-21T20:34:00+00:00,0.98513,0.985125,0.985105,0.985155,44
2026-05-21T20:35:00+00:00,0.98512,0.98515,0.98512,0.98515,26
2026-05-21T20:36:00+00:00,0.98515,0.985085,0.98508,0.985155,33
2026-05-21T20:37:00+00:00,0.985085,0.98509,0.985075,0.985105,42
2026-05-21T20:38:00+00:00,0.98509,0.985015,0.984975,0.985105,102
2026-05-21T20:39:00+00:00,0.985015,0.985075,0.985015,0.985115,66
2026-05-21T20:40:00+00:00,0.98508,0.985095,0.985075,0.985155,51
2026-05-21T20:41:00+00:00,0.985095,0.9851,0.985075,0.985125,38
2026-05-21T20:42:00+00:00,0.9851,0.98503,0.98503,0.98511,72
2026-05-21T20:43:00+00:00,0.985035,0.98506,0.98501,0.98506,52
2026-05-21T20:44:00+00:00,0.98506,0.98505,0.985025,0.985105,56
2026-05-21T20:45:00+00:00,0.985055,0.985125,0.98505,0.985125,30
2026-05-21T20:46:00+00:00,0.985125,0.985155,0.985125,0.985175,12
2026-05-21T20:47:00+00:00,0.985155,0.98516,0.985155,0.98518,13
2026-05-21T20:48:00+00:00,0.98516,0.98516,0.985155,0.985175,12
2026-05-21T20:49:00+00:00,0.985155,0.9851,0.985095,0.985205,58
2026-05-21T20:50:00+00:00,0.98509,0.98519,0.98504,0.985205,50
2026-05-21T20:51:00+00:00,0.98519,0.98515,0.98512,0.985195,36
2026-05-21T20:52:00+00:00,0.98515,0.98515,0.985145,0.98516,8
2026-05-21T20:53:00+00:00,0.985155,0.985255,0.985125,0.985255,62
2026-05-21T20:54:00+00:00,0.985255,0.98525,0.985225,0.985255,18
2026-05-21T20:55:00+00:00,0.985235,0.984995,0.984995,0.985235,34
2026-05-21T20:56:00+00:00,0.984995,0.98494,0.984905,0.984995,21
2026-05-21T20:57:00+00:00,0.984935,0.98495,0.98493,0.98501,76
2026-05-21T20:58:00+00:00,0.98495,0.984855,0.98482,0.98495,157
2026-05-21T20:59:00+00:00,0.98486,0.984875,0.98485,0.984945,117
2026-05-21T21:00:00+00:00,0.984875,0.984875,0.984875,0.984875,0
2026-05-21T21:01:00+00:00,0.984875,0.984875,0.984875,0.984875,0
2026-05-21T21:02:00+00:00,0.984875,0.984875,0.984875,0.984875,0
2026-05-21T21:03:00+00:00,0.984875,0.985575,0.984875,0.985575,1
2026-05-21T21:04:00+00:00,0.985575,0.985625,0.985575,0.98565,4
2026-05-21T21:05:00+00:00,0.985625,0.9856,0.9856,0.985625,1
2026-05-21T21:06:00+00:00,0.985625,0.985625,0.985625,0.985625,1
2026-05-21T21:07:00+00:00,0.985625,0.985565,0.985465,0.985625,6
2026-05-21T21:08:00+00:00,0.98557,0.985475,0.98539,0.985585,21
2026-05-21T21:09:00+00:00,0.985475,0.985365,0.985365,0.98548,19
2026-05-21T21:10:00+00:00,0.985365,0.985365,0.985365,0.985365,0
2026-05-21T21:11:00+00:00,0.985365,0.985365,0.985365,0.985365,0
2026-05-21T21:12:00+00:00,0.985365,0.985365,0.985365,0.985365,0
2026-05-21T21:13:00+00:00,0.985365,0.985365,0.985365,0.985365,0
2026-05-21T21:14:00+00:00,0.985365,0.985305,0.9853,0.985365,17
2026-05-21T21:15:00+00:00,0.985305,0.985585,0.985305,0.985585,2
2026-05-21T21:16:00+00:00,0.985585,0.985585,0.985585,0.985585,0
2026-05-21T21:17:00+00:00,0.985585,0.985305,0.985275,0.985585,2
2026-05-21T21:18:00+00:00,0.985305,0.98525,0.98525,0.985585,3
2026-05-21T21:19:00+00:00,0.98525,0.98529,0.98525,0.985335,46
2026-05-21T21:20:00+00:00,0.98529,0.98526,0.98525,0.9853,76
2026-05-21T21:21:00+00:00,0.98526,0.98536,0.98526,0.98538,4
2026-05-21T21:22:00+00:00,0.98536,0.9853,0.9853,0.98536,2
2026-05-21T21:23:00+00:00,0.9853,0.9853,0.9853,0.9853,0
2026-05-21T21:24:00+00:00,0.9853,0.9855,0.9853,0.98553,4
2026-05-21T21:25:00+00:00,0.9855,0.9855,0.9855,0.9855,0
2026-05-21T21:26:00+00:00,0.9855,0.985645,0.9855,0.985665,15
2026-05-21T21:27:00+00:00,0.985645,0.985615,0.985615,0.98565,7
2026-05-21T21:28:00+00:00,0.985615,0.98564,0.985615,0.985675,17
2026-05-21T21:29:00+00:00,0.98564,0.985645,0.98562,0.98567,12
2026-05-21T21:30:00+00:00,0.98565,0.98551,0.98546,0.98565,54
2026-05-21T21:31:00+00:00,0.98551,0.985535,0.98551,0.985575,7
2026-05-21T21:32:00+00:00,0.985535,0.98558,0.98552,0.9856,5
2026-05-21T21:33:00+00:00,0.98558,0.98553,0.9855,0.98558,5
2026-05-21T21:34:00+00:00,0.98553,0.985395,0.985395,0.985565,5
2026-05-21T21:35:00+00:00,0.985395,0.98518,0.98518,0.985395,4
2026-05-21T21:36:00+00:00,0.98518,0.9849,0.9849,0.98518,16
2026-05-21T21:37:00+00:00,0.98488,0.984975,0.98488,0.984985,4
2026-05-21T21:38:00+00:00,0.984975,0.984975,0.984975,0.984975,0
2026-05-21T21:39:00+00:00,0.985085,0.984925,0.984925,0.985095,10
2026-05-21T21:40:00+00:00,0.984925,0.984885,0.98487,0.984925,5
2026-05-21T21:41:00+00:00,0.984885,0.984885,0.984875,0.984905,3
2026-05-21T21:42:00+00:00,0.984885,0.98486,0.98486,0.984985,7
2026-05-21T21:43:00+00:00,0.98486,0.98487,0.98485,0.98489,15
2026-05-21T21:44:00+00:00,0.98487,0.98487,0.98487,0.9849,2
2026-05-21T21:45:00+00:00,0.98487,0.98505,0.98487,0.98505,4
2026-05-21T21:46:00+00:00,0.98505,0.98495,0.98495,0.98505,1
2026-05-21T21:47:00+00:00,0.98495,0.984975,0.98495,0.984975,1
2026-05-21T21:48:00+00:00,0.984975,0.984975,0.984975,0.984975,0
2026-05-21T21:49:00+00:00,0.984975,0.985025,0.984975,0.985025,2
2026-05-21T21:50:00+00:00,0.985025,0.984975,0.984975,0.985025,1
2026-05-21T21:51:00+00:00,0.984975,0.984975,0.984975,0.984975,0
2026-05-21T21:52:00+00:00,0.984975,0.984925,0.984925,0.985,8
2026-05-21T21:53:00+00:00,0.985,0.985,0.984925,0.985,9
2026-05-21T21:54:00+00:00,0.985,0.984875,0.984875,0.985,3
2026-05-21T21:55:00+00:00,0.984875,0.98485,0.98485,0.984875,1
2026-05-21T21:56:00+00:00,0.98485,0.98485,0.98485,0.98485,0
2026-05-21T21:57:00+00:00,0.98485,0.98487,0.98485,0.98487,5
2026-05-21T21:58:00+00:00,0.98487,0.9849,0.98485,0.98491,7
2026-05-21T21:59:00+00:00,0.9849,0.9849,0.9849,0.9849,0
2026-05-21T22:00:00+00:00,0.98495,0.98505,0.984875,0.98525,40
2026-05-21T22:01:00+00:00,0.98505,0.98505,0.985,0.98505,4
2026-05-21T22:02:00+00:00,0.98505,0.98515,0.985045,0.9852,21
2026-05-21T22:03:00+00:00,0.985155,0.985165,0.98512,0.985165,40
2026-05-21T22:04:00+00:00,0.985165,0.985155,0.985135,0.98517,23
2026-05-21T22:05:00+00:00,0.985165,0.98515,0.985085,0.985215,32
2026-05-21T22:06:00+00:00,0.98515,0.98517,0.985105,0.985185,11
2026-05-21T22:07:00+00:00,0.98517,0.985225,0.985155,0.98523,8
2026-05-21T22:08:00+00:00,0.985225,0.985245,0.985225,0.985325,22
2026-05-21T22:09:00+00:00,0.98525,0.985245,0.985225,0.985275,24
2026-05-21T22:10:00+00:00,0.985255,0.98525,0.985135,0.985275,43
2026-05-21T22:11:00+00:00,0.98524,0.985275,0.985225,0.985275,18
2026-05-21T22:12:00+00:00,0.98527,0.985275,0.98522,0.98529,24
2026-05-21T22:13:00+00:00,0.985275,0.98527,0.98523,0.98528,22
2026-05-21T22:14:00+00:00,0.985265,0.98529,0.98522,0.98529,39
2026-05-21T22:15:00+00:00,0.985285,0.98528,0.98525,0.98531,33
2026-05-21T22:16:00+00:00,0.985275,0.98527,0.985265,0.985315,10
2026-05-21T22:17:00+00:00,0.98527,0.985195,0.985185,0.98527,17
2026-05-21T22:18:00+00:00,0.985195,0.985195,0.98517,0.9852,9
2026-05-21T22:19:00+00:00,0.985195,0.9852,0.98519,0.9852,3
2026-05-21T22:20:00+00:00,0.9852,0.985205,0.9852,0.98521,3
2026-05-21T22:21:00+00:00,0.985205,0.985225,0.985155,0.98524,16
2026-05-21T22:22:00+00:00,0.985225,0.985215,0.985215,0.985225,6
2026-05-21T22:23:00+00:00,0.985215,0.985215,0.98521,0.985225,9
2026-05-21T22:24:00+00:00,0.985215,0.985225,0.98521,0.985225,3
2026-05-21T22:25:00+00:00,0.985225,0.985135,0.98512,0.985225,18
2026-05-21T22:26:00+00:00,0.985135,0.985145,0.985135,0.985145,6
2026-05-21T22:27:00+00:00,0.985145,0.985155,0.98514,0.985155,2
2026-05-21T22:28:00+00:00,0.985155,0.98516,0.985155,0.985225,35
2026-05-21T22:29:00+00:00,0.98517,0.985185,0.985155,0.98519,20
2026-05-21T22:30:00+00:00,0.98519,0.98509,0.98509,0.98519,53
2026-05-21T22:31:00+00:00,0.98509,0.98508,0.985075,0.98509,19
2026-05-21T22:32:00+00:00,0.98509,0.985015,0.98501,0.98509,34
2026-05-21T22:33:00+00:00,0.985015,0.98504,0.985015,0.98505,12
2026-05-21T22:34:00+00:00,0.98504,0.985015,0.985015,0.98504,10
2026-05-21T22:35:00+00:00,0.985015,0.985015,0.985005,0.98502,14
2026-05-21T22:36:00+00:00,0.98501,0.98501,0.985005,0.985025,15
2026-05-21T22:37:00+00:00,0.98501,0.985015,0.98501,0.98503,19
2026-05-21T22:38:00+00:00,0.985015,0.98503,0.98501,0.985075,38
2026-05-21T22:39:00+00:00,0.98503,0.98502,0.98502,0.98504,20
2026-05-21T22:40:00+00:00,0.98503,0.985205,0.98503,0.985225,68
2026-05-21T22:41:00+00:00,0.985205,0.98515,0.985145,0.98525,54
2026-05-21T22:42:00+00:00,0.98515,0.985215,0.985145,0.985215,14
2026-05-21T22:43:00+00:00,0.98522,0.985245,0.98522,0.9853,51
2026-05-21T22:44:00+00:00,0.98524,0.985225,0.9852,0.98524,37
2026-05-21T22:45:00+00:00,0.98523,0.98524,0.98521,0.985285,61
2026-05-21T22:46:00+00:00,0.985245,0.985235,0.9852,0.98525,25
2026-05-21T22:47:00+00:00,0.98524,0.985295,0.98522,0.985325,50
2026-05-21T22:48:00+00:00,0.985285,0.98526,0.98522,0.985295,55
2026-05-21T22:49:00+00:00,0.985265,0.985275,0.98526,0.98529,17
2026-05-21T22:50:00+00:00,0.985275,0.985295,0.985265,0.98532,29
2026-05-21T22:51:00+00:00,0.98529,0.985305,0.98528,0.985305,14
2026-05-21T22:52:00+00:00,0.985305,0.98529,0.98526,0.985305,26
2026-05-21T22:53:00+00:00,0.98529,0.98526,0.98523,0.98529,24
2026-05-21T22:54:00+00:00,0.98526,0.98525,0.985245,0.985285,20
2026-05-21T22:55:00+00:00,0.98525,0.98532,0.98525,0.98532,19
2026-05-21T22:56:00+00:00,0.985315,0.9852,0.9852,0.985315,46
2026-05-21T22:57:00+00:00,0.98521,0.985195,0.985185,0.985225,41
2026-05-21T22:58:00+00:00,0.985185,0.985155,0.985155,0.985215,20
2026-05-21T22:59:00+00:00,0.985155,0.98516,0.98515,0.985205,39
2026-05-21T23:00:00+00:00,0.985155,0.985165,0.985145,0.98521,88
2026-05-21T23:01:00+00:00,0.985165,0.98516,0.985115,0.98518,40
2026-05-21T23:02:00+00:00,0.985165,0.985095,0.985095,0.98518,26
2026-05-21T23:03:00+00:00,0.985105,0.985075,0.98507,0.985105,23
2026-05-21T23:04:00+00:00,0.985075,0.985095,0.985075,0.9851,22
2026-05-21T23:05:00+00:00,0.985095,0.98508,0.985075,0.985095,8
2026-05-21T23:06:00+00:00,0.985075,0.98515,0.985075,0.985175,39
2026-05-21T23:07:00+00:00,0.98515,0.98509,0.98509,0.985155,35
2026-05-21T23:08:00+00:00,0.98509,0.985085,0.985075,0.985095,22
2026-05-21T23:09:00+00:00,0.985085,0.9851,0.985075,0.9851,9
2026-05-21T23:10:00+00:00,0.9851,0.985145,0.98509,0.98515,11
2026-05-21T23:11:00+00:00,0.985145,0.98515,0.985125,0.985175,24
2026-05-21T23:12:00+00:00,0.98513,0.98512,0.985115,0.98515,17
2026-05-21T23:13:00+00:00,0.985125,0.985145,0.985105,0.985165,30
2026-05-21T23:14:00+00:00,0.98515,0.985125,0.98512,0.98516,31
2026-05-21T23:15:00+00:00,0.98514,0.985135,0.985115,0.985155,36
2026-05-21T23:16:00+00:00,0.985135,0.98512,0.98512,0.98514,8
2026-05-21T23:17:00+00:00,0.985115,0.9851,0.985095,0.98512,15
2026-05-21T23:18:00+00:00,0.985105,0.98503,0.98501,0.985105,29
2026-05-21T23:19:00+00:00,0.98503,0.98499,0.98496,0.98503,15
2026-05-21T23:20:00+00:00,0.98499,0.98496,0.98496,0.98499,4
2026-05-21T23:21:00+00:00,0.984965,0.98483,0.984745,0.984965,75
2026-05-21T23:22:00+00:00,0.98483,0.984845,0.984825,0.98491,22
2026-05-21T23:23:00+00:00,0.98485,0.984865,0.98485,0.984865,4
2026-05-21T23:24:00+00:00,0.984865,0.984865,0.98485,0.984865,22
2026-05-21T23:25:00+00:00,0.984865,0.98495,0.984855,0.985005,52
2026-05-21T23:26:00+00:00,0.984945,0.98498,0.984945,0.984985,12
2026-05-21T23:27:00+00:00,0.98498,0.98503,0.984945,0.985035,22
2026-05-21T23:28:00+00:00,0.98503,0.985045,0.985005,0.985045,13
2026-05-21T23:29:00+00:00,0.985065,0.98511,0.985025,0.98511,45
2026-05-21T23:30:00+00:00,0.9851,0.98507,0.98505,0.985115,53
2026-05-21T23:31:00+00:00,0.985075,0.985075,0.985065,0.985085,9
2026-05-21T23:32:00+00:00,0.985075,0.985065,0.985065,0.98509,10
2026-05-21T23:33:00+00:00,0.985065,0.985045,0.985025,0.985085,32
2026-05-21T23:34:00+00:00,0.985045,0.985125,0.985045,0.985125,38
2026-05-21T23:35:00+00:00,0.985125,0.985095,0.985075,0.985125,22
2026-05-21T23:36:00+00:00,0.985095,0.985105,0.985095,0.985105,2
2026-05-21T23:37:00+00:00,0.985105,0.98503,0.984995,0.985105,35
2026-05-21T23:38:00+00:00,0.98503,0.985055,0.985025,0.98507,11
2026-05-21T23:39:00+00:00,0.985055,0.985025,0.985025,0.985055,3
2026-05-21T23:40:00+00:00,0.985035,0.98499,0.98495,0.985035,20
2026-05-21T23:41:00+00:00,0.98499,0.984955,0.984955,0.985,27
2026-05-21T23:42:00+00:00,0.98496,0.98494,0.98494,0.98497,25
2026-05-21T23:43:00+00:00,0.98494,0.984875,0.984875,0.98497,81
2026-05-21T23:44:00+00:00,0.984865,0.98483,0.98482,0.984895,62
2026-05-21T23:45:00+00:00,0.984825,0.984825,0.98481,0.984845,91
2026-05-21T23:46:00+00:00,0.984825,0.984885,0.984775,0.984885,70
2026-05-21T23:47:00+00:00,0.984875,0.98489,0.984865,0.98493,103
2026-05-21T23:48:00+00:00,0.9849,0.984895,0.984885,0.98496,101
2026-05-21T23:49:00+00:00,0.984895,0.984885,0.98488,0.984905,43
2026-05-21T23:50:00+00:00,0.98489,0.984955,0.984885,0.984955,48
2026-05-21T23:51:00+00:00,0.984965,0.984975,0.984935,0.985005,106
2026-05-21T23:52:00+00:00,0.984975,0.984945,0.984905,0.984985,62
2026-05-21T23:53:00+00:00,0.984945,0.984865,0.984845,0.984945,60
2026-05-21T23:54:00+00:00,0.98486,0.984675,0.98464,0.984875,77
2026-05-21T23:55:00+00:00,0.984675,0.984665,0.984635,0.984715,88
2026-05-21T23:56:00+00:00,0.984665,0.984685,0.984645,0.984705,75
2026-05-21T23:57:00+00:00,0.98468,0.9846,0.984535,0.98468,79
2026-05-21T23:58:00+00:00,0.98459,0.984685,0.984575,0.984715,73
2026-05-21T23:59:00+00:00,0.984705,0.984745,0.98468,0.984775,78
2026-05-22T00:00:00+00:00,0.98474,0.984615,0.98448,0.98474,325
2026-05-22T00:01:00+00:00,0.98462,0.984735,0.984605,0.984735,244
2026-05-22T00:02:00+00:00,0.98473,0.984705,0.984615,0.984825,448
2026-05-22T00:03:00+00:00,0.98471,0.984645,0.98459,0.984755,317
2026-05-22T00:04:00+00:00,0.984655,0.98476,0.98463,0.9848,221
2026-05-22T00:05:00+00:00,0.984765,0.98496,0.98473,0.98496,190
2026-05-22T00:06:00+00:00,0.984955,0.984895,0.984865,0.98501,311
2026-05-22T00:07:00+00:00,0.984905,0.98487,0.98482,0.98498,154
2026-05-22T00:08:00+00:00,0.984865,0.984855,0.9848,0.984915,319
2026-05-22T00:09:00+00:00,0.98485,0.984935,0.98485,0.984985,240
2026-05-22T00:10:00+00:00,0.984925,0.98508,0.984905,0.985085,186
2026-05-22T00:11:00+00:00,0.985085,0.98511,0.985075,0.985145,226
2026-05-22T00:12:00+00:00,0.98511,0.98508,0.985045,0.98523,165
2026-05-22T00:13:00+00:00,0.985075,0.98489,0.98486,0.985085,176
2026-05-22T00:14:00+00:00,0.984885,0.984755,0.984745,0.984885,206
2026-05-22T00:15:00+00:00,0.98476,0.98461,0.984605,0.984805,302
2026-05-22T00:16:00+00:00,0.984605,0.98456,0.984545,0.98469,188
2026-05-22T00:17:00+00:00,0.98455,0.984615,0.98453,0.984685,208
2026-05-22T00:18:00+00:00,0.98462,0.984655,0.984605,0.98471,223
2026-05-22T00:19:00+00:00,0.98466,0.98458,0.984545,0.984675,178
2026-05-22T00:20:00+00:00,0.984575,0.984525,0.984515,0.984595,124
2026-05-22T00:21:00+00:00,0.984535,0.984675,0.984525,0.98469,176
2026-05-22T00:22:00+00:00,0.984665,0.9846,0.98458,0.984725,208
2026-05-22T00:23:00+00:00,0.984605,0.984655,0.984585,0.98469,140
2026-05-22T00:24:00+00:00,0.98467,0.984725,0.98464,0.98475,114
2026-05-22T00:25:00+00:00,0.98472,0.984675,0.98463,0.984735,98
2026-05-22T00:26:00+00:00,0.98467,0.98479,0.984635,0.98484,171
2026-05-22T00:27:00+00:00,0.984795,0.984925,0.98479,0.98502,237
2026-05-22T00:28:00+00:00,0.984935,0.984985,0.984875,0.98499,148
2026-05-22T00:29:00+00:00,0.984975,0.98494,0.98492,0.985,178
2026-05-22T00:30:00+00:00,0.984945,0.984915,0.98491,0.984995,142
2026-05-22T00:31:00+00:00,0.98492,0.98486,0.98479,0.984925,174
2026-05-22T00:32:00+00:00,0.984865,0.98497,0.98483,0.984985,147
2026-05-22T00:33:00+00:00,0.984965,0.98484,0.98484,0.984965,175
2026-05-22T00:34:00+00:00,0.98484,0.984785,0.98477,0.984865,95
2026-05-22T00:35:00+00:00,0.984775,0.98473,0.984595,0.984775,214
2026-05-22T00:36:00+00:00,0.984725,0.984725,0.984665,0.984765,211
2026-05-22T00:37:00+00:00,0.98473,0.984835,0.984725,0.98486,151
2026-05-22T00:38:00+00:00,0.98485,0.98491,0.984835,0.984925,152
2026-05-22T00:39:00+00:00,0.9849,0.984845,0.984825,0.984925,108
2026-05-22T00:40:00+00:00,0.98484,0.98491,0.98482,0.98492,130
2026-05-22T00:41:00+00:00,0.98491,0.98488,0.984865,0.984955,116
2026-05-22T00:42:00+00:00,0.98488,0.984865,0.98482,0.984925,108
2026-05-22T00:43:00+00:00,0.984875,0.984945,0.984875,0.984955,68
2026-05-22T00:44:00+00:00,0.984945,0.985005,0.984945,0.98502,88
2026-05-22T00:45:00+00:00,0.984995,0.984955,0.984955,0.985065,158
2026-05-22T00:46:00+00:00,0.98495,0.984955,0.98493,0.984985,83
2026-05-22T00:47:00+00:00,0.984945,0.984925,0.984895,0.984955,122
2026-05-22T00:48:00+00:00,0.98492,0.98482,0.98482,0.984935,96
2026-05-22T00:49:00+00:00,0.9848,0.984825,0.984795,0.98486,92
2026-05-22T00:50:00+00:00,0.984825,0.98488,0.98482,0.98493,116
2026-05-22T00:51:00+00:00,0.984875,0.98483,0.98481,0.984895,106
2026-05-22T00:52:00+00:00,0.984825,0.984695,0.984685,0.98485,155
2026-05-22T00:53:00+00:00,0.984715,0.98472,0.98467,0.984735,195
2026-05-22T00:54:00+00:00,0.984695,0.984665,0.984665,0.984785,197
2026-05-22T00:55:00+00:00,0.984665,0.984575,0.984575,0.984665,171
2026-05-22T00:56:00+00:00,0.984575,0.984575,0.984545,0.9846,126
2026-05-22T00:57:00+00:00,0.98457,0.984435,0.98441,0.98459,126
2026-05-22T00:58:00+00:00,0.98444,0.984385,0.984305,0.98445,190
2026-05-22T00:59:00+00:00,0.984375,0.984335,0.98431,0.984395,121
2026-05-22T01:00:00+00:00,0.984325,0.984275,0.984165,0.98436,315
2026-05-22T01:01:00+00:00,0.98428,0.984175,0.98417,0.98431,220
2026-05-22T01:02:00+00:00,0.98418,0.98394,0.98379,0.984195,282
2026-05-22T01:03:00+00:00,0.983925,0.983885,0.98388,0.98404,221
2026-05-22T01:04:00+00:00,0.983885,0.98401,0.983855,0.98402,226
2026-05-22T01:05:00+00:00,0.984005,0.984115,0.984005,0.984125,223
2026-05-22T01:06:00+00:00,0.984115,0.98406,0.984005,0.98414,245
2026-05-22T01:07:00+00:00,0.984065,0.98409,0.98405,0.984135,213
2026-05-22T01:08:00+00:00,0.98409,0.984065,0.984055,0.984145,138
2026-05-22T01:09:00+00:00,0.984065,0.984085,0.98401,0.98411,194
2026-05-22T01:10:00+00:00,0.98408,0.984065,0.98399,0.984105,156
2026-05-22T01:11:00+00:00,0.98407,0.984075,0.984055,0.98415,178
2026-05-22T01:12:00+00:00,0.98407,0.984085,0.984015,0.98415,107
2026-05-22T01:13:00+00:00,0.9841,0.984195,0.98409,0.984195,134
2026-05-22T01:14:00+00:00,0.9842,0.9842,0.984175,0.984265,181
2026-05-22T01:15:00+00:00,0.9842,0.984255,0.98419,0.98428,317
2026-05-22T01:16:00+00:00,0.98425,0.98415,0.984135,0.98426,170
2026-05-22T01:17:00+00:00,0.984145,0.984165,0.984095,0.98418,94
2026-05-22T01:18:00+00:00,0.984175,0.984185,0.98411,0.98423,154
2026-05-22T01:19:00+00:00,0.98419,0.98422,0.984115,0.98424,189
2026-05-22T01:20:00+00:00,0.984215,0.984295,0.984195,0.98433,138
2026-05-22T01:21:00+00:00,0.9843,0.984335,0.984285,0.984365,113
2026-05-22T01:22:00+00:00,0.984345,0.98426,0.98422,0.98435,121
2026-05-22T01:23:00+00:00,0.984265,0.984235,0.98422,0.9843,82
2026-05-22T01:24:00+00:00,0.98423,0.98384,0.98383,0.98423,182
2026-05-22T01:25:00+00:00,0.98383,0.983975,0.983825,0.983975,200
2026-05-22T01:26:00+00:00,0.98397,0.984325,0.983965,0.984365,204
2026-05-22T01:27:00+00:00,0.98434,0.984325,0.984265,0.98434,82
2026-05-22T01:28:00+00:00,0.98432,0.98441,0.984285,0.98442,119
2026-05-22T01:29:00+00:00,0.984415,0.98445,0.984415,0.98452,134
2026-05-22T01:30:00+00:00,0.98444,0.98442,0.98433,0.98446,285
2026-05-22T01:31:00+00:00,0.984415,0.9844,0.984355,0.98449,220
2026-05-22T01:32:00+00:00,0.984395,0.984375,0.984335,0.98445,164
2026-05-22T01:33:00+00:00,0.98437,0.98431,0.98428,0.984395,153
2026-05-22T01:34:00+00:00,0.984315,0.984315,0.984265,0.98432,112
2026-05-22T01:35:00+00:00,0.984295,0.984275,0.984125,0.984295,235
2026-05-22T01:36:00+00:00,0.98427,0.98442,0.984245,0.98442,160
2026-05-22T01:37:00+00:00,0.984415,0.984165,0.98416,0.984425,166
2026-05-22T01:38:00+00:00,0.984175,0.98418,0.984135,0.98419,163
2026-05-22T01:39:00+00:00,0.984185,0.98405,0.98397,0.984185,177
2026-05-22T01:40:00+00:00,0.984055,0.98399,0.983975,0.98406,113
2026-05-22T01:41:00+00:00,0.983995,0.98413,0.98397,0.98415,230
2026-05-22T01:42:00+00:00,0.98414,0.98431,0.98412,0.984345,226
2026-05-22T01:43:00+00:00,0.984305,0.98414,0.984125,0.984345,245
2026-05-22T01:44:00+00:00,0.984145,0.984175,0.984075,0.98421,253
2026-05-22T01:45:00+00:00,0.984175,0.984255,0.984165,0.98427,154
2026-05-22T01:46:00+00:00,0.984265,0.984325,0.98422,0.98434,152
2026-05-22T01:47:00+00:00,0.984335,0.98443,0.98432,0.98444,110
2026-05-22T01:48:00+00:00,0.984435,0.984485,0.984425,0.9845,75
2026-05-22T01:49:00+00:00,0.98449,0.98449,0.984445,0.984515,191
2026-05-22T01:50:00+00:00,0.9845,0.98456,0.984475,0.984575,217
2026-05-22T01:51:00+00:00,0.984565,0.984725,0.98455,0.98475,198
2026-05-22T01:52:00+00:00,0.98472,0.984575,0.984545,0.984725,156
2026-05-22T01:53:00+00:00,0.98457,0.984525,0.9845,0.98463,187
2026-05-22T01:54:00+00:00,0.984525,0.984395,0.984375,0.98455,152
2026-05-22T01:55:00+00:00,0.98439,0.98435,0.984325,0.984425,250
2026-05-22T01:56:00+00:00,0.984345,0.9843,0.984275,0.98439,240
2026-05-22T01:57:00+00:00,0.984305,0.984325,0.98429,0.984375,242
2026-05-22T01:58:00+00:00,0.98432,0.984185,0.984175,0.984355,199
2026-05-22T01:59:00+00:00,0.98418,0.98414,0.98413,0.984225,131
2026-05-22T02:00:00+00:00,0.984145,0.98431,0.98413,0.984325,196
2026-05-22T02:01:00+00:00,0.984305,0.984355,0.984275,0.984375,130
2026-05-22T02:02:00+00:00,0.984355,0.984375,0.984355,0.984445,116
2026-05-22T02:03:00+00:00,0.98437,0.984415,0.98435,0.98443,154
2026-05-22T02:04:00+00:00,0.984425,0.984455,0.98441,0.98449,104
2026-05-22T02:05:00+00:00,0.98444,0.9845,0.98444,0.984505,147
2026-05-22T02:06:00+00:00,0.984505,0.984525,0.984465,0.984545,82
2026-05-22T02:07:00+00:00,0.98454,0.984495,0.98448,0.984575,140
2026-05-22T02:08:00+00:00,0.98449,0.984555,0.98448,0.984575,90
2026-05-22T02:09:00+00:00,0.98456,0.98448,0.984475,0.98456,104
2026-05-22T02:10:00+00:00,0.984495,0.984515,0.984445,0.98455,174
2026-05-22T02:11:00+00:00,0.984505,0.98446,0.984455,0.98454,115
2026-05-22T02:12:00+00:00,0.98446,0.98439,0.984375,0.984475,133
2026-05-22T02:13:00+00:00,0.9844,0.98451,0.984395,0.984515,108
2026-05-22T02:14:00+00:00,0.98451,0.984575,0.98451,0.984605,91
2026-05-22T02:15:00+00:00,0.984585,0.984595,0.984525,0.984605,92
2026-05-22T02:16:00+00:00,0.98459,0.984575,0.98454,0.984625,80
2026-05-22T02:17:00+00:00,0.984575,0.98459,0.984545,0.984635,152
2026-05-22T02:18:00+00:00,0.984595,0.984645,0.98459,0.984675,90
2026-05-22T02:19:00+00:00,0.984645,0.98461,0.98458,0.984645,82
2026-05-22T02:20:00+00:00,0.984615,0.98453,0.984525,0.984615,92
2026-05-22T02:21:00+00:00,0.984525,0.98448,0.98448,0.98458,96
2026-05-22T02:22:00+00:00,0.984475,0.984565,0.984435,0.984595,147
2026-05-22T02:23:00+00:00,0.98456,0.984615,0.98454,0.984635,191
2026-05-22T02:24:00+00:00,0.984615,0.984505,0.984495,0.98462,143
2026-05-22T02:25:00+00:00,0.9845,0.98448,0.98446,0.98453,108
2026-05-22T02:26:00+00:00,0.98448,0.984455,0.984405,0.98448,121
2026-05-22T02:27:00+00:00,0.984455,0.984525,0.98444,0.984525,59
2026-05-22T02:28:00+00:00,0.98452,0.984505,0.984485,0.984535,86
2026-05-22T02:29:00+00:00,0.98451,0.984545,0.98449,0.984545,106
2026-05-22T02:30:00+00:00,0.984535,0.9846,0.98448,0.984655,128
2026-05-22T02:31:00+00:00,0.98459,0.98462,0.984565,0.98463,111
2026-05-22T02:32:00+00:00,0.984625,0.984625,0.98459,0.984665,167
2026-05-22T02:33:00+00:00,0.98462,0.984545,0.98451,0.98462,160
2026-05-22T02:34:00+00:00,0.984535,0.98447,0.98447,0.98457,118
2026-05-22T02:35:00+00:00,0.984475,0.984465,0.9844,0.984525,110
2026-05-22T02:36:00+00:00,0.984475,0.98463,0.98447,0.98463,114
2026-05-22T02:37:00+00:00,0.98462,0.984685,0.98462,0.984705,68
2026-05-22T02:38:00+00:00,0.984685,0.984705,0.984625,0.984715,80
2026-05-22T02:39:00+00:00,0.984705,0.984705,0.984675,0.984725,105
2026-05-22T02:40:00+00:00,0.984695,0.98479,0.984675,0.9848,95
2026-05-22T02:41:00+00:00,0.984795,0.98482,0.984775,0.98483,102
2026-05-22T02:42:00+00:00,0.984815,0.98483,0.9848,0.98486,96
2026-05-22T02:43:00+00:00,0.98483,0.98489,0.984815,0.984925,134
2026-05-22T02:44:00+00:00,0.9849,0.984825,0.98482,0.984925,93
2026-05-22T02:45:00+00:00,0.98482,0.98481,0.98479,0.98484,59
2026-05-22T02:46:00+00:00,0.98481,0.9847,0.984655,0.98481,88
2026-05-22T02:47:00+00:00,0.984695,0.984675,0.984675,0.984715,75
2026-05-22T02:48:00+00:00,0.984675,0.984645,0.98464,0.984685,70
2026-05-22T02:49:00+00:00,0.98464,0.98467,0.98462,0.984695,101
2026-05-22T02:50:00+00:00,0.984665,0.9846,0.9846,0.98469,102
2026-05-22T02:51:00+00:00,0.984595,0.984605,0.984575,0.984715,146
2026-05-22T02:52:00+00:00,0.984615,0.98457,0.98451,0.984625,186
2026-05-22T02:53:00+00:00,0.984565,0.984305,0.984295,0.98457,181
2026-05-22T02:54:00+00:00,0.9843,0.98432,0.98429,0.98435,210
2026-05-22T02:55:00+00:00,0.984325,0.984275,0.98423,0.984325,147
2026-05-22T02:56:00+00:00,0.98427,0.984295,0.98422,0.984315,144
2026-05-22T02:57:00+00:00,0.984285,0.984325,0.984245,0.98435,81
2026-05-22T02:58:00+00:00,0.98432,0.984475,0.984235,0.984515,229
2026-05-22T02:59:00+00:00,0.98447,0.98446,0.984455,0.984535,141
2026-05-22T03:00:00+00:00,0.984465,0.984495,0.98444,0.98456,169
2026-05-22T03:01:00+00:00,0.9845,0.98446,0.98441,0.98452,148
2026-05-22T03:02:00+00:00,0.98446,0.984375,0.98436,0.984515,125
2026-05-22T03:03:00+00:00,0.984375,0.984375,0.984325,0.984405,96
2026-05-22T03:04:00+00:00,0.98438,0.984415,0.984365,0.98445,151
2026-05-22T03:05:00+00:00,0.984425,0.98426,0.984245,0.984425,123
2026-05-22T03:06:00+00:00,0.984265,0.984265,0.98421,0.984325,150
2026-05-22T03:07:00+00:00,0.984265,0.984275,0.984235,0.984305,172
2026-05-22T03:08:00+00:00,0.984275,0.984225,0.98417,0.984275,134
2026-05-22T03:09:00+00:00,0.984225,0.984225,0.984185,0.98424,82
2026-05-22T03:10:00+00:00,0.98423,0.984215,0.98417,0.984245,112
2026-05-22T03:11:00+00:00,0.98422,0.984155,0.9841,0.98422,190
2026-05-22T03:12:00+00:00,0.98416,0.98417,0.984105,0.984175,95
2026-05-22T03:13:00+00:00,0.98417,0.983995,0.983985,0.984175,131
2026-05-22T03:14:00+00:00,0.984005,0.98401,0.98398,0.984025,141
2026-05-22T03:15:00+00:00,0.984,0.984075,0.983985,0.984085,176
2026-05-22T03:16:00+00:00,0.98408,0.98409,0.98406,0.984125,128
2026-05-22T03:17:00+00:00,0.984095,0.984075,0.984025,0.984125,103
2026-05-22T03:18:00+00:00,0.984075,0.984055,0.98405,0.984185,201
2026-05-22T03:19:00+00:00,0.98406,0.984105,0.984025,0.984125,161
2026-05-22T03:20:00+00:00,0.98411,0.98406,0.98403,0.984155,135
2026-05-22T03:21:00+00:00,0.98406,0.984065,0.98402,0.98409,124
2026-05-22T03:22:00+00:00,0.98406,0.98404,0.98403,0.984095,147
2026-05-22T03:23:00+00:00,0.984035,0.984,0.983965,0.984095,128
2026-05-22T03:24:00+00:00,0.984005,0.984055,0.983995,0.984065,76
2026-05-22T03:25:00+00:00,0.984035,0.98407,0.98403,0.984085,111
2026-05-22T03:26:00+00:00,0.98407,0.984095,0.984045,0.98414,99
2026-05-22T03:27:00+00:00,0.98408,0.984115,0.984075,0.984135,131
2026-05-22T03:28:00+00:00,0.98411,0.98412,0.984065,0.984125,118
2026-05-22T03:29:00+00:00,0.984125,0.98416,0.984115,0.984165,114
2026-05-22T03:30:00+00:00,0.984165,0.98426,0.98416,0.984275,177
2026-05-22T03:31:00+00:00,0.984255,0.984265,0.98423,0.984275,92
2026-05-22T03:32:00+00:00,0.984265,0.98429,0.984245,0.98434,99
2026-05-22T03:33:00+00:00,0.984285,0.984325,0.984275,0.984375,103
2026-05-22T03:34:00+00:00,0.98434,0.98432,0.984265,0.98435,113
2026-05-22T03:35:00+00:00,0.98432,0.98422,0.9842,0.984325,95
2026-05-22T03:36:00+00:00,0.984225,0.98426,0.984225,0.98428,40
2026-05-22T03:37:00+00:00,0.984265,0.98425,0.98421,0.98428,68
2026-05-22T03:38:00+00:00,0.984255,0.984195,0.984195,0.984305,93
2026-05-22T03:39:00+00:00,0.9842,0.984175,0.98417,0.984225,79
2026-05-22T03:40:00+00:00,0.984175,0.98423,0.984175,0.98425,54
2026-05-22T03:41:00+00:00,0.984225,0.984205,0.9842,0.984235,68
2026-05-22T03:42:00+00:00,0.984215,0.98422,0.98418,0.984225,104
2026-05-22T03:43:00+00:00,0.984225,0.984205,0.984175,0.98426,138
2026-05-22T03:44:00+00:00,0.9842,0.98424,0.98418,0.98424,77
2026-05-22T03:45:00+00:00,0.984235,0.98424,0.98421,0.984255,77
2026-05-22T03:46:00+00:00,0.984245,0.98426,0.98423,0.98427,65
2026-05-22T03:47:00+00:00,0.98426,0.98425,0.98423,0.98427,61
2026-05-22T03:48:00+00:00,0.984245,0.98418,0.984175,0.98426,70
2026-05-22T03:49:00+00:00,0.98418,0.984205,0.98418,0.984215,70
2026-05-22T03:50:00+00:00,0.984205,0.984195,0.984175,0.984235,83
2026-05-22T03:51:00+00:00,0.98419,0.984165,0.984145,0.98419,66
2026-05-22T03:52:00+00:00,0.984175,0.984195,0.98415,0.984205,63
2026-05-22T03:53:00+00:00,0.984195,0.984195,0.984195,0.98425,68
2026-05-22T03:54:00+00:00,0.98419,0.984255,0.984185,0.984265,104
2026-05-22T03:55:00+00:00,0.984255,0.98426,0.98424,0.984265,69
2026-05-22T03:56:00+00:00,0.98426,0.984265,0.984245,0.984295,60
2026-05-22T03:57:00+00:00,0.98427,0.984565,0.984265,0.984575,106
2026-05-22T03:58:00+00:00,0.98456,0.98465,0.984525,0.98466,119
2026-05-22T03:59:00+00:00,0.98466,0.984715,0.98464,0.984765,135
2026-05-22T04:00:00+00:00,0.98471,0.984645,0.984625,0.984755,189
2026-05-22T04:01:00+00:00,0.98465,0.98466,0.98464,0.98472,147
2026-05-22T04:02:00+00:00,0.98466,0.984585,0.984555,0.98468,97
2026-05-22T04:03:00+00:00,0.98459,0.9846,0.984525,0.98461,71
2026-05-22T04:04:00+00:00,0.9846,0.98467,0.98458,0.984695,101
2026-05-22T04:05:00+00:00,0.984665,0.98478,0.98463,0.98479,155
2026-05-22T04:06:00+00:00,0.98478,0.984825,0.98475,0.984865,111
2026-05-22T04:07:00+00:00,0.984825,0.9848,0.984775,0.98484,83
2026-05-22T04:08:00+00:00,0.984795,0.984775,0.98475,0.98482,63
2026-05-22T04:09:00+00:00,0.984785,0.984655,0.984635,0.984785,118
2026-05-22T04:10:00+00:00,0.98467,0.984635,0.98459,0.98467,74
2026-05-22T04:11:00+00:00,0.98464,0.984665,0.98464,0.984675,43
2026-05-22T04:12:00+00:00,0.984665,0.984725,0.98465,0.984745,41
2026-05-22T04:13:00+00:00,0.984725,0.98479,0.984725,0.98485,124
2026-05-22T04:14:00+00:00,0.98479,0.984785,0.98477,0.9848,30
2026-05-22T04:15:00+00:00,0.9848,0.984775,0.984725,0.98482,66
2026-05-22T04:16:00+00:00,0.984775,0.984675,0.984675,0.984775,63
2026-05-22T04:17:00+00:00,0.98468,0.984665,0.98466,0.984715,75
2026-05-22T04:18:00+00:00,0.98466,0.984755,0.98466,0.984775,85
2026-05-22T04:19:00+00:00,0.98475,0.98474,0.984705,0.984765,78
2026-05-22T04:20:00+00:00,0.984745,0.984645,0.98464,0.984775,97
2026-05-22T04:21:00+00:00,0.984645,0.98474,0.984645,0.984775,105
2026-05-22T04:22:00+00:00,0.98474,0.984725,0.984725,0.984785,66
2026-05-22T04:23:00+00:00,0.98473,0.98467,0.984665,0.984735,63
2026-05-22T04:24:00+00:00,0.98467,0.98466,0.984655,0.984685,38
2026-05-22T04:25:00+00:00,0.984655,0.98466,0.984635,0.984675,55
2026-05-22T04:26:00+00:00,0.98465,0.984605,0.984575,0.98466,64
2026-05-22T04:27:00+00:00,0.984595,0.98461,0.98458,0.984615,59
2026-05-22T04:28:00+00:00,0.984605,0.984625,0.984585,0.984625,49
2026-05-22T04:29:00+00:00,0.98462,0.98461,0.98459,0.98465,59
2026-05-22T04:30:00+00:00,0.98462,0.984425,0.98442,0.984625,129
2026-05-22T04:31:00+00:00,0.984425,0.984505,0.984425,0.98452,71
2026-05-22T04:32:00+00:00,0.984505,0.984525,0.9845,0.984525,26
2026-05-22T04:33:00+00:00,0.984525,0.984555,0.98452,0.984595,62
2026-05-22T04:34:00+00:00,0.98456,0.984545,0.98453,0.984575,80
2026-05-22T04:35:00+00:00,0.984555,0.98455,0.984525,0.984575,96
2026-05-22T04:36:00+00:00,0.98453,0.98451,0.984485,0.984575,80
2026-05-22T04:37:00+00:00,0.98451,0.984485,0.984475,0.984525,29
2026-05-22T04:38:00+00:00,0.984485,0.98451,0.984485,0.984545,63
2026-05-22T04:39:00+00:00,0.9845,0.984425,0.984415,0.98451,60
2026-05-22T04:40:00+00:00,0.984425,0.98448,0.984425,0.98448,70
2026-05-22T04:41:00+00:00,0.98448,0.984575,0.98448,0.98458,35
2026-05-22T04:42:00+00:00,0.984575,0.984575,0.98455,0.984625,91
2026-05-22T04:43:00+00:00,0.98457,0.984615,0.984525,0.984615,85
2026-05-22T04:44:00+00:00,0.984615,0.984615,0.98458,0.98464,78
2026-05-22T04:45:00+00:00,0.984615,0.984565,0.984525,0.984615,56
2026-05-22T04:46:00+00:00,0.98456,0.98453,0.984525,0.984565,59
2026-05-22T04:47:00+00:00,0.984525,0.984525,0.984525,0.98465,87
2026-05-22T04:48:00+00:00,0.984525,0.98452,0.98451,0.984535,20
2026-05-22T04:49:00+00:00,0.984515,0.984575,0.984505,0.984575,69
2026-05-22T04:50:00+00:00,0.984575,0.984625,0.984555,0.984625,38
2026-05-22T04:51:00+00:00,0.98462,0.984585,0.98457,0.98464,57
2026-05-22T04:52:00+00:00,0.98458,0.984605,0.984575,0.984605,59
2026-05-22T04:53:00+00:00,0.984605,0.984635,0.984605,0.98465,80
2026-05-22T04:54:00+00:00,0.98465,0.98459,0.984575,0.98465,42
2026-05-22T04:55:00+00:00,0.984595,0.984575,0.984575,0.984625,75
2026-05-22T04:56:00+00:00,0.984575,0.984525,0.984525,0.98458,70
2026-05-22T04:57:00+00:00,0.984525,0.98452,0.984505,0.98455,38
2026-05-22T04:58:00+00:00,0.984525,0.984525,0.984495,0.984525,50
2026-05-22T04:59:00+00:00,0.984525,0.984625,0.984525,0.98463,35
2026-05-22T05:00:00+00:00,0.98463,0.984705,0.984575,0.98481,183
2026-05-22T05:01:00+00:00,0.984695,0.984725,0.984655,0.984725,117
2026-05-22T05:02:00+00:00,0.98472,0.984675,0.984625,0.984725,138
2026-05-22T05:03:00+00:00,0.984675,0.984675,0.98465,0.9847,44
2026-05-22T05:04:00+00:00,0.98467,0.98473,0.98467,0.98479,132
2026-05-22T05:05:00+00:00,0.984725,0.9848,0.984725,0.984815,138
2026-05-22T05:06:00+00:00,0.98481,0.98487,0.984795,0.9849,84
2026-05-22T05:07:00+00:00,0.984875,0.98482,0.98481,0.98489,134
2026-05-22T05:08:00+00:00,0.984825,0.984835,0.98482,0.984865,81
2026-05-22T05:09:00+00:00,0.984825,0.984925,0.984775,0.98494,104
2026-05-22T05:10:00+00:00,0.984925,0.98492,0.98487,0.98496,123
2026-05-22T05:11:00+00:00,0.984925,0.984915,0.98491,0.984925,46
2026-05-22T05:12:00+00:00,0.984925,0.98487,0.984855,0.984925,47
2026-05-22T05:13:00+00:00,0.98487,0.98483,0.984825,0.984875,62
2026-05-22T05:14:00+00:00,0.98483,0.984815,0.98478,0.98483,71
2026-05-22T05:15:00+00:00,0.98482,0.984865,0.984815,0.984865,86
2026-05-22T05:16:00+00:00,0.984865,0.98485,0.984835,0.984875,57
2026-05-22T05:17:00+00:00,0.984835,0.98485,0.984815,0.98487,96
2026-05-22T05:18:00+00:00,0.98486,0.984875,0.98485,0.98488,51
2026-05-22T05:19:00+00:00,0.98487,0.984875,0.984845,0.98488,77
2026-05-22T05:20:00+00:00,0.98487,0.984775,0.984765,0.984875,136
2026-05-22T05:21:00+00:00,0.984785,0.984855,0.984785,0.984865,94
2026-05-22T05:22:00+00:00,0.984855,0.98483,0.9848,0.98486,112
2026-05-22T05:23:00+00:00,0.984825,0.984755,0.984755,0.98486,90
2026-05-22T05:24:00+00:00,0.98476,0.984775,0.98475,0.9848,133
2026-05-22T05:25:00+00:00,0.98479,0.984855,0.984775,0.98487,100
2026-05-22T05:26:00+00:00,0.98485,0.9848,0.98479,0.984865,85
2026-05-22T05:27:00+00:00,0.98481,0.98485,0.984795,0.98488,116
2026-05-22T05:28:00+00:00,0.98485,0.98489,0.984805,0.984905,133
2026-05-22T05:29:00+00:00,0.984885,0.984875,0.984795,0.984895,108
2026-05-22T05:30:00+00:00,0.98488,0.98497,0.984875,0.984985,188
2026-05-22T05:31:00+00:00,0.984975,0.984985,0.984955,0.98503,163
2026-05-22T05:32:00+00:00,0.984995,0.98498,0.98494,0.985015,179
2026-05-22T05:33:00+00:00,0.98498,0.984955,0.98491,0.985005,171
2026-05-22T05:34:00+00:00,0.984955,0.985005,0.984945,0.98502,165
2026-05-22T05:35:00+00:00,0.98501,0.985005,0.984985,0.98502,93
2026-05-22T05:36:00+00:00,0.985,0.984985,0.984955,0.98504,158
2026-05-22T05:37:00+00:00,0.98498,0.985035,0.984975,0.98506,161
2026-05-22T05:38:00+00:00,0.98504,0.984925,0.984925,0.98507,148
2026-05-22T05:39:00+00:00,0.98492,0.98493,0.984905,0.984945,104
2026-05-22T05:40:00+00:00,0.984925,0.984885,0.98487,0.984945,89
2026-05-22T05:41:00+00:00,0.98489,0.984995,0.984885,0.984995,92
2026-05-22T05:42:00+00:00,0.98499,0.984915,0.98491,0.984995,141
2026-05-22T05:43:00+00:00,0.98491,0.984885,0.984825,0.98493,192
2026-05-22T05:44:00+00:00,0.984885,0.98501,0.98485,0.98502,143
2026-05-22T05:45:00+00:00,0.985005,0.985045,0.98499,0.985075,156
2026-05-22T05:46:00+00:00,0.985045,0.985045,0.985005,0.985075,117
2026-05-22T05:47:00+00:00,0.98504,0.98508,0.985035,0.985125,113
2026-05-22T05:48:00+00:00,0.985075,0.985155,0.985045,0.985175,160
2026-05-22T05:49:00+00:00,0.985165,0.98522,0.98513,0.985295,169
2026-05-22T05:50:00+00:00,0.985215,0.985315,0.985165,0.98532,157
2026-05-22T05:51:00+00:00,0.985305,0.98521,0.985135,0.985325,249
2026-05-22T05:52:00+00:00,0.985225,0.984925,0.98491,0.98523,208
2026-05-22T05:53:00+00:00,0.98493,0.98481,0.984805,0.984985,128
2026-05-22T05:54:00+00:00,0.984815,0.984845,0.984795,0.984905,128
2026-05-22T05:55:00+00:00,0.98484,0.98471,0.984565,0.98485,290
2026-05-22T05:56:00+00:00,0.98472,0.984565,0.98454,0.98475,253
2026-05-22T05:57:00+00:00,0.984575,0.984515,0.984495,0.984675,302
2026-05-22T05:58:00+00:00,0.98451,0.9845,0.984395,0.984575,378
2026-05-22T05:59:00+00:00,0.984495,0.984515,0.984465,0.98455,174
2026-05-22T06:00:00+00:00,0.98452,0.984605,0.984465,0.98466,268
2026-05-22T06:01:00+00:00,0.98461,0.98469,0.98456,0.984755,249
2026-05-22T06:02:00+00:00,0.984685,0.984645,0.984625,0.98471,304
2026-05-22T06:03:00+00:00,0.98465,0.9847,0.984645,0.984745,226
2026-05-22T06:04:00+00:00,0.984695,0.984725,0.98467,0.98473,193
2026-05-22T06:05:00+00:00,0.984725,0.984585,0.984565,0.984795,272
2026-05-22T06:06:00+00:00,0.984575,0.98474,0.984555,0.984795,304
2026-05-22T06:07:00+00:00,0.984745,0.984645,0.98463,0.98476,228
2026-05-22T06:08:00+00:00,0.98465,0.98472,0.984595,0.98475,257
2026-05-22T06:09:00+00:00,0.98473,0.98486,0.984715,0.984885,253
2026-05-22T06:10:00+00:00,0.984855,0.984705,0.98469,0.984855,195
2026-05-22T06:11:00+00:00,0.984705,0.98472,0.98465,0.984755,143
2026-05-22T06:12:00+00:00,0.984705,0.9847,0.984645,0.984725,142
2026-05-22T06:13:00+00:00,0.984695,0.984625,0.98462,0.98472,75
2026-05-22T06:14:00+00:00,0.98463,0.984565,0.984565,0.98467,156
2026-05-22T06:15:00+00:00,0.98456,0.98443,0.98436,0.984565,225
2026-05-22T06:16:00+00:00,0.984435,0.98429,0.984285,0.9845,248
2026-05-22T06:17:00+00:00,0.98428,0.98403,0.984,0.98428,285
2026-05-22T06:18:00+00:00,0.984025,0.984225,0.98401,0.98426,237
2026-05-22T06:19:00+00:00,0.98422,0.98435,0.984215,0.984355,114
2026-05-22T06:20:00+00:00,0.98435,0.98437,0.984315,0.984515,210
2026-05-22T06:21:00+00:00,0.984375,0.984285,0.984285,0.98443,215
2026-05-22T06:22:00+00:00,0.984295,0.98406,0.984055,0.984315,156
2026-05-22T06:23:00+00:00,0.984065,0.984155,0.98406,0.98417,189
2026-05-22T06:24:00+00:00,0.98415,0.984035,0.98403,0.984165,165
2026-05-22T06:25:00+00:00,0.98404,0.983965,0.98393,0.984135,281
2026-05-22T06:26:00+00:00,0.98397,0.983855,0.98375,0.984005,365
2026-05-22T06:27:00+00:00,0.98386,0.98389,0.983835,0.98401,392
2026-05-22T06:28:00+00:00,0.9839,0.98402,0.98389,0.98413,329
2026-05-22T06:29:00+00:00,0.984015,0.9842,0.98398,0.98423,337
2026-05-22T06:30:00+00:00,0.984205,0.984115,0.98409,0.98429,401
2026-05-22T06:31:00+00:00,0.98411,0.98413,0.9841,0.98423,219
2026-05-22T06:32:00+00:00,0.984135,0.98403,0.983995,0.984135,218
2026-05-22T06:33:00+00:00,0.984035,0.984055,0.983995,0.98408,170
2026-05-22T06:34:00+00:00,0.984045,0.984145,0.98404,0.984175,175
2026-05-22T06:35:00+00:00,0.98414,0.9842,0.98414,0.984295,177
2026-05-22T06:36:00+00:00,0.984205,0.984135,0.98405,0.98422,256
2026-05-22T06:37:00+00:00,0.984125,0.98418,0.9841,0.98418,183
2026-05-22T06:38:00+00:00,0.984175,0.98416,0.984095,0.9842,222
2026-05-22T06:39:00+00:00,0.984145,0.98402,0.983995,0.98416,181
2026-05-22T06:40:00+00:00,0.984015,0.983995,0.983925,0.984035,167
2026-05-22T06:41:00+00:00,0.98399,0.98394,0.98389,0.984015,130
2026-05-22T06:42:00+00:00,0.98395,0.984085,0.98394,0.98409,184
2026-05-22T06:43:00+00:00,0.98408,0.98399,0.98397,0.98408,103
2026-05-22T06:44:00+00:00,0.984,0.98404,0.983905,0.984085,257
2026-05-22T06:45:00+00:00,0.984035,0.98394,0.9839,0.98404,164
2026-05-22T06:46:00+00:00,0.983935,0.98398,0.98392,0.98405,242
2026-05-22T06:47:00+00:00,0.983985,0.98405,0.983965,0.984085,199
2026-05-22T06:48:00+00:00,0.98405,0.984115,0.98403,0.98413,208
2026-05-22T06:49:00+00:00,0.98411,0.984005,0.983985,0.984125,257
2026-05-22T06:50:00+00:00,0.98401,0.984085,0.98397,0.98409,176
2026-05-22T06:51:00+00:00,0.98409,0.984105,0.984085,0.984165,158
2026-05-22T06:52:00+00:00,0.98411,0.9841,0.984035,0.98412,165
2026-05-22T06:53:00+00:00,0.984095,0.984055,0.984005,0.98411,199
2026-05-22T06:54:00+00:00,0.984055,0.983925,0.98387,0.98407,245
2026-05-22T06:55:00+00:00,0.983935,0.98409,0.98386,0.98411,279
2026-05-22T06:56:00+00:00,0.984085,0.98408,0.98403,0.984095,259
2026-05-22T06:57:00+00:00,0.984075,0.983975,0.983965,0.98415,296
2026-05-22T06:58:00+00:00,0.983975,0.98403,0.983965,0.984075,243
2026-05-22T06:59:00+00:00,0.98403,0.984065,0.98401,0.984085,359
2026-05-22T07:00:00+00:00,0.98407,0.983845,0.983815,0.984115,381
2026-05-22T07:01:00+00:00,0.98384,0.983685,0.983645,0.98385,313
2026-05-22T07:02:00+00:00,0.983675,0.98362,0.983585,0.983755,344
2026-05-22T07:03:00+00:00,0.98361,0.983675,0.983585,0.983725,239
2026-05-22T07:04:00+00:00,0.98367,0.98356,0.983555,0.983695,161
2026-05-22T07:05:00+00:00,0.983555,0.98352,0.98345,0.983575,265
2026-05-22T07:06:00+00:00,0.983525,0.98346,0.98342,0.983575,286
2026-05-22T07:07:00+00:00,0.983465,0.98337,0.98335,0.98349,193
2026-05-22T07:08:00+00:00,0.983375,0.98326,0.983255,0.98339,135
2026-05-22T07:09:00+00:00,0.98326,0.98328,0.98325,0.98337,230
2026-05-22T07:10:00+00:00,0.983265,0.983375,0.983255,0.983405,254
2026-05-22T07:11:00+00:00,0.98337,0.98339,0.983325,0.98348,181
2026-05-22T07:12:00+00:00,0.983395,0.98338,0.983295,0.98343,165
2026-05-22T07:13:00+00:00,0.98338,0.983325,0.983305,0.98338,60
2026-05-22T07:14:00+00:00,0.983335,0.983325,0.98322,0.9834,194
2026-05-22T07:15:00+00:00,0.98333,0.98358,0.98332,0.98358,191
2026-05-22T07:16:00+00:00,0.983595,0.983645,0.98348,0.983645,214
2026-05-22T07:17:00+00:00,0.983655,0.983645,0.98363,0.98376,177
2026-05-22T07:18:00+00:00,0.983655,0.98359,0.98356,0.98366,143
2026-05-22T07:19:00+00:00,0.983595,0.983605,0.98357,0.98364,166
2026-05-22T07:20:00+00:00,0.9836,0.983545,0.983485,0.98361,100
2026-05-22T07:21:00+00:00,0.983535,0.983575,0.98348,0.983595,160
2026-05-22T07:22:00+00:00,0.983575,0.983615,0.983575,0.98373,159
2026-05-22T07:23:00+00:00,0.983615,0.983545,0.98351,0.983625,147
2026-05-22T07:24:00+00:00,0.98354,0.98357,0.98351,0.98357,92
2026-05-22T07:25:00+00:00,0.98358,0.983755,0.98358,0.983795,207
2026-05-22T07:26:00+00:00,0.983765,0.983815,0.983705,0.98382,175
2026-05-22T07:27:00+00:00,0.983815,0.98392,0.983815,0.984035,148
2026-05-22T07:28:00+00:00,0.983915,0.9838,0.983765,0.983925,167
2026-05-22T07:29:00+00:00,0.983795,0.983675,0.983545,0.983795,171
2026-05-22T07:30:00+00:00,0.98368,0.98368,0.983655,0.98372,167
2026-05-22T07:31:00+00:00,0.983675,0.983465,0.983415,0.983675,262
2026-05-22T07:32:00+00:00,0.98346,0.98352,0.98346,0.983595,263
2026-05-22T07:33:00+00:00,0.983525,0.98363,0.98348,0.983635,275
2026-05-22T07:34:00+00:00,0.983625,0.98363,0.983575,0.983655,143
2026-05-22T07:35:00+00:00,0.983625,0.98368,0.983595,0.98373,194
2026-05-22T07:36:00+00:00,0.98368,0.98361,0.983555,0.983705,222
2026-05-22T07:37:00+00:00,0.983605,0.98357,0.983525,0.983625,176
2026-05-22T07:38:00+00:00,0.98356,0.983705,0.98355,0.983705,166
2026-05-22T07:39:00+00:00,0.983705,0.983565,0.983545,0.983705,216
2026-05-22T07:40:00+00:00,0.98356,0.98372,0.983555,0.983745,146
2026-05-22T07:41:00+00:00,0.983725,0.98372,0.983685,0.983785,175
2026-05-22T07:42:00+00:00,0.983715,0.98375,0.983715,0.98378,143
2026-05-22T07:43:00+00:00,0.983745,0.98367,0.98364,0.983825,176
2026-05-22T07:44:00+00:00,0.983675,0.983685,0.98363,0.983705,196
2026-05-22T07:45:00+00:00,0.983675,0.983475,0.983465,0.983675,230
2026-05-22T07:46:00+00:00,0.98347,0.983405,0.983365,0.98348,160
2026-05-22T07:47:00+00:00,0.98341,0.98349,0.983395,0.98351,154
2026-05-22T07:48:00+00:00,0.983475,0.983555,0.983475,0.983605,113
2026-05-22T07:49:00+00:00,0.983555,0.98348,0.98344,0.983555,147
2026-05-22T07:50:00+00:00,0.983485,0.98351,0.98338,0.983525,198
2026-05-22T07:51:00+00:00,0.983515,0.98352,0.98351,0.983575,218
2026-05-22T07:52:00+00:00,0.983515,0.98353,0.983465,0.98363,153
2026-05-22T07:53:00+00:00,0.98353,0.983365,0.983365,0.98353,150
2026-05-22T07:54:00+00:00,0.983365,0.98335,0.98335,0.98348,156
2026-05-22T07:55:00+00:00,0.98336,0.983585,0.98332,0.983585,246
2026-05-22T07:56:00+00:00,0.983585,0.983595,0.98351,0.98363,166
2026-05-22T07:57:00+00:00,0.9836,0.983655,0.983575,0.98368,140
2026-05-22T07:58:00+00:00,0.98366,0.98375,0.98363,0.983775,145
2026-05-22T07:59:00+00:00,0.98375,0.983875,0.983705,0.98388,136
2026-05-22T08:00:00+00:00,0.98387,0.983675,0.983625,0.98388,264
2026-05-22T08:01:00+00:00,0.983675,0.983675,0.983565,0.9837,289
2026-05-22T08:02:00+00:00,0.98368,0.983585,0.983575,0.98372,255
2026-05-22T08:03:00+00:00,0.983595,0.98378,0.983595,0.983825,221
2026-05-22T08:04:00+00:00,0.983775,0.98376,0.98374,0.983865,165
2026-05-22T08:05:00+00:00,0.983755,0.983705,0.9837,0.9838,180
2026-05-22T08:06:00+00:00,0.9837,0.98368,0.98366,0.98372,151
2026-05-22T08:07:00+00:00,0.983675,0.98363,0.983575,0.983705,166
2026-05-22T08:08:00+00:00,0.983625,0.983555,0.98353,0.9837,241
2026-05-22T08:09:00+00:00,0.98355,0.98361,0.98353,0.983735,289
2026-05-22T08:10:00+00:00,0.98362,0.983665,0.983525,0.983665,164
2026-05-22T08:11:00+00:00,0.98366,0.983665,0.983625,0.98371,169
2026-05-22T08:12:00+00:00,0.98366,0.983625,0.98361,0.983665,168
2026-05-22T08:13:00+00:00,0.98362,0.98355,0.983515,0.98369,143
2026-05-22T08:14:00+00:00,0.983555,0.983615,0.98355,0.98362,78
2026-05-22T08:15:00+00:00,0.983615,0.983835,0.98361,0.983925,219
2026-05-22T08:16:00+00:00,0.98383,0.98382,0.98373,0.983875,249
2026-05-22T08:17:00+00:00,0.983825,0.984075,0.983815,0.98408,167
2026-05-22T08:18:00+00:00,0.984085,0.98425,0.98408,0.98434,292
2026-05-22T08:19:00+00:00,0.984245,0.98428,0.984175,0.98429,198
2026-05-22T08:20:00+00:00,0.98429,0.984725,0.984285,0.984795,467
2026-05-22T08:21:00+00:00,0.98473,0.984095,0.984095,0.98476,500
2026-05-22T08:22:00+00:00,0.984075,0.983975,0.983915,0.9841,254
2026-05-22T08:23:00+00:00,0.98398,0.984145,0.983975,0.984145,186
2026-05-22T08:24:00+00:00,0.984165,0.9842,0.984125,0.98421,176
2026-05-22T08:25:00+00:00,0.9842,0.98417,0.98409,0.98425,202
2026-05-22T08:26:00+00:00,0.984165,0.984125,0.98405,0.98417,158
2026-05-22T08:27:00+00:00,0.98412,0.98402,0.983985,0.98413,131
2026-05-22T08:28:00+00:00,0.98401,0.98378,0.98378,0.98401,176
2026-05-22T08:29:00+00:00,0.983785,0.98395,0.983725,0.98395,233
2026-05-22T08:30:00+00:00,0.983945,0.983945,0.983885,0.98403,307
2026-05-22T08:31:00+00:00,0.983945,0.984075,0.983895,0.98408,179
2026-05-22T08:32:00+00:00,0.98408,0.984105,0.98407,0.984145,181
2026-05-22T08:33:00+00:00,0.98411,0.983925,0.98392,0.98411,136
2026-05-22T08:34:00+00:00,0.98392,0.98359,0.9835,0.983945,405
2026-05-22T08:35:00+00:00,0.98358,0.983535,0.983255,0.983585,765
2026-05-22T08:36:00+00:00,0.98354,0.983655,0.983415,0.98366,523
2026-05-22T08:37:00+00:00,0.98366,0.98371,0.9836,0.98389,440
2026-05-22T08:38:00+00:00,0.983685,0.98388,0.98366,0.98396,498
2026-05-22T08:39:00+00:00,0.983875,0.98353,0.98347,0.98388,452
2026-05-22T08:40:00+00:00,0.983525,0.983535,0.98348,0.983605,279
2026-05-22T08:41:00+00:00,0.98353,0.98362,0.983485,0.98366,296
2026-05-22T08:42:00+00:00,0.983615,0.983815,0.983615,0.983835,251
2026-05-22T08:43:00+00:00,0.98381,0.983775,0.983735,0.98386,273
2026-05-22T08:44:00+00:00,0.983785,0.983615,0.98357,0.983785,298
2026-05-22T08:45:00+00:00,0.983615,0.98376,0.983615,0.9838,227
2026-05-22T08:46:00+00:00,0.983755,0.98372,0.983715,0.98382,143
2026-05-22T08:47:00+00:00,0.983715,0.983755,0.98369,0.98378,225
2026-05-22T08:48:00+00:00,0.98375,0.98376,0.9837,0.983785,155
2026-05-22T08:49:00+00:00,0.98376,0.98367,0.98366,0.983765,212
2026-05-22T08:50:00+00:00,0.98369,0.98376,0.98357,0.98377,202
2026-05-22T08:51:00+00:00,0.983755,0.9837,0.983655,0.9838,193
2026-05-22T08:52:00+00:00,0.983705,0.98373,0.983555,0.983745,256
2026-05-22T08:53:00+00:00,0.983745,0.98359,0.983585,0.983785,251
2026-05-22T08:54:00+00:00,0.983585,0.983525,0.983515,0.98363,209
2026-05-22T08:55:00+00:00,0.98352,0.983515,0.98349,0.983565,141
2026-05-22T08:56:00+00:00,0.983515,0.983465,0.98346,0.98357,124
2026-05-22T08:57:00+00:00,0.983455,0.983475,0.98342,0.9835,165
2026-05-22T08:58:00+00:00,0.98347,0.98337,0.98336,0.9835,129
2026-05-22T08:59:00+00:00,0.983375,0.983355,0.983295,0.98341,159
2026-05-22T09:00:00+00:00,0.98335,0.983355,0.983225,0.98336,269
2026-05-22T09:01:00+00:00,0.983365,0.98332,0.983215,0.98337,242
2026-05-22T09:02:00+00:00,0.98331,0.983405,0.98331,0.98344,225
2026-05-22T09:03:00+00:00,0.983415,0.983425,0.983375,0.98347,155
2026-05-22T09:04:00+00:00,0.98342,0.983275,0.983275,0.98344,189
2026-05-22T09:05:00+00:00,0.98328,0.983275,0.98317,0.9833,293
2026-05-22T09:06:00+00:00,0.983265,0.983075,0.983075,0.983275,207
2026-05-22T09:07:00+00:00,0.98307,0.98301,0.98296,0.983125,309
2026-05-22T09:08:00+00:00,0.983015,0.982895,0.98283,0.983025,358
2026-05-22T09:09:00+00:00,0.982895,0.982945,0.98281,0.982985,288
2026-05-22T09:10:00+00:00,0.98294,0.98304,0.982925,0.983075,217
2026-05-22T09:11:00+00:00,0.983045,0.9831,0.983015,0.98312,170
2026-05-22T09:12:00+00:00,0.98309,0.98304,0.98297,0.98309,228
2026-05-22T09:13:00+00:00,0.983035,0.98307,0.983015,0.983145,232
2026-05-22T09:14:00+00:00,0.983075,0.98302,0.982995,0.983095,287
2026-05-22T09:15:00+00:00,0.983015,0.98296,0.982925,0.98311,350
2026-05-22T09:16:00+00:00,0.98295,0.982915,0.982905,0.982975,200
2026-05-22T09:17:00+00:00,0.98292,0.982805,0.98275,0.98293,320
2026-05-22T09:18:00+00:00,0.98281,0.982915,0.982775,0.982965,320
2026-05-22T09:19:00+00:00,0.982925,0.98287,0.98285,0.982965,256
2026-05-22T09:20:00+00:00,0.982865,0.982865,0.982855,0.982945,223
2026-05-22T09:21:00+00:00,0.98286,0.98278,0.98275,0.98291,262
2026-05-22T09:22:00+00:00,0.982775,0.98276,0.98276,0.982835,239
2026-05-22T09:23:00+00:00,0.982755,0.98274,0.982705,0.98278,207
2026-05-22T09:24:00+00:00,0.98274,0.982755,0.982685,0.982775,146
2026-05-22T09:25:00+00:00,0.98276,0.98277,0.98272,0.98285,219
2026-05-22T09:26:00+00:00,0.982765,0.982735,0.982675,0.98279,197
2026-05-22T09:27:00+00:00,0.98274,0.982965,0.982725,0.98297,226
2026-05-22T09:28:00+00:00,0.98297,0.983035,0.98297,0.98307,231
2026-05-22T09:29:00+00:00,0.98303,0.983025,0.98296,0.983055,169
2026-05-22T09:30:00+00:00,0.983035,0.98301,0.982965,0.98305,230
2026-05-22T09:31:00+00:00,0.983,0.983015,0.98292,0.98304,219
2026-05-22T09:32:00+00:00,0.983025,0.982955,0.982935,0.98305,173
2026-05-22T09:33:00+00:00,0.98295,0.98296,0.982855,0.98296,123
2026-05-22T09:34:00+00:00,0.982955,0.98297,0.98291,0.98299,154
2026-05-22T09:35:00+00:00,0.98297,0.982975,0.982925,0.983005,109
2026-05-22T09:36:00+00:00,0.982985,0.982965,0.98291,0.98303,157
2026-05-22T09:37:00+00:00,0.98297,0.98293,0.982875,0.982975,191
2026-05-22T09:38:00+00:00,0.982935,0.98302,0.98293,0.983045,158
2026-05-22T09:39:00+00:00,0.983015,0.983355,0.983015,0.983365,236
2026-05-22T09:40:00+00:00,0.98336,0.983375,0.98327,0.98342,249
2026-05-22T09:41:00+00:00,0.98339,0.983445,0.98335,0.983465,208
2026-05-22T09:42:00+00:00,0.983445,0.98333,0.983315,0.983455,111
2026-05-22T09:43:00+00:00,0.983325,0.98323,0.983225,0.98333,84
2026-05-22T09:44:00+00:00,0.983235,0.98328,0.983205,0.98328,148
2026-05-22T09:45:00+00:00,0.98329,0.98321,0.98319,0.983295,114
2026-05-22T09:46:00+00:00,0.983215,0.98317,0.983125,0.983235,119
2026-05-22T09:47:00+00:00,0.983175,0.983275,0.983145,0.983285,121
2026-05-22T09:48:00+00:00,0.98327,0.98331,0.98327,0.983345,158
2026-05-22T09:49:00+00:00,0.983315,0.98338,0.98327,0.98342,124
2026-05-22T09:50:00+00:00,0.983385,0.983385,0.983355,0.98345,172
2026-05-22T09:51:00+00:00,0.983395,0.98348,0.98335,0.983495,199
2026-05-22T09:52:00+00:00,0.983495,0.983455,0.983425,0.98351,179
2026-05-22T09:53:00+00:00,0.98346,0.983485,0.983415,0.98353,193
2026-05-22T09:54:00+00:00,0.98348,0.983425,0.98342,0.98356,180
2026-05-22T09:55:00+00:00,0.98342,0.98347,0.98342,0.98351,236
2026-05-22T09:56:00+00:00,0.983475,0.983415,0.98337,0.98351,225
2026-05-22T09:57:00+00:00,0.983405,0.98329,0.983265,0.983415,142
2026-05-22T09:58:00+00:00,0.98328,0.983225,0.983175,0.98329,176
2026-05-22T09:59:00+00:00,0.983215,0.983225,0.98318,0.983275,188
2026-05-22T10:00:00+00:00,0.98323,0.983515,0.983175,0.98357,335
2026-05-22T10:01:00+00:00,0.98352,0.98342,0.983375,0.98357,262
2026-05-22T10:02:00+00:00,0.98341,0.983425,0.983335,0.98347,214
2026-05-22T10:03:00+00:00,0.98343,0.983325,0.98332,0.983465,251
2026-05-22T10:04:00+00:00,0.983315,0.98321,0.9832,0.98332,231
2026-05-22T10:05:00+00:00,0.983215,0.98336,0.98321,0.983375,178
2026-05-22T10:06:00+00:00,0.98335,0.983515,0.98333,0.983525,192
2026-05-22T10:07:00+00:00,0.98351,0.983515,0.98347,0.98356,152
2026-05-22T10:08:00+00:00,0.98352,0.983665,0.98352,0.98367,199
2026-05-22T10:09:00+00:00,0.983665,0.983665,0.98362,0.98371,130
2026-05-22T10:10:00+00:00,0.98366,0.983725,0.98366,0.983725,160
2026-05-22T10:11:00+00:00,0.98372,0.983665,0.983615,0.983725,91
2026-05-22T10:12:00+00:00,0.983655,0.983665,0.983625,0.983705,151
2026-05-22T10:13:00+00:00,0.98367,0.98348,0.98348,0.98371,161
2026-05-22T10:14:00+00:00,0.983475,0.983315,0.983315,0.983475,198
2026-05-22T10:15:00+00:00,0.98331,0.9834,0.983295,0.983405,199
2026-05-22T10:16:00+00:00,0.98339,0.98344,0.98336,0.983445,127
2026-05-22T10:17:00+00:00,0.983435,0.983555,0.983425,0.983565,204
2026-05-22T10:18:00+00:00,0.98355,0.98366,0.983535,0.98366,170
2026-05-22T10:19:00+00:00,0.983655,0.98363,0.983585,0.98366,186
2026-05-22T10:20:00+00:00,0.98364,0.98353,0.98352,0.983655,136
2026-05-22T10:21:00+00:00,0.983535,0.98357,0.983515,0.98362,246
2026-05-22T10:22:00+00:00,0.983565,0.98356,0.983515,0.98359,155
2026-05-22T10:23:00+00:00,0.983555,0.98357,0.98351,0.98359,129
2026-05-22T10:24:00+00:00,0.983565,0.983645,0.983515,0.983655,176
2026-05-22T10:25:00+00:00,0.983645,0.983645,0.983625,0.98369,62
2026-05-22T10:26:00+00:00,0.983645,0.9837,0.983625,0.9837,143
2026-05-22T10:27:00+00:00,0.983705,0.983525,0.98352,0.983705,113
2026-05-22T10:28:00+00:00,0.983525,0.98352,0.983505,0.983595,199
2026-05-22T10:29:00+00:00,0.983535,0.98337,0.983355,0.98354,187
2026-05-22T10:30:00+00:00,0.983355,0.98339,0.983355,0.983475,204
2026-05-22T10:31:00+00:00,0.983395,0.983135,0.98309,0.983395,270
2026-05-22T10:32:00+00:00,0.983125,0.983075,0.982885,0.983135,225
2026-05-22T10:33:00+00:00,0.983075,0.98329,0.983075,0.9833,219
2026-05-22T10:34:00+00:00,0.98329,0.983055,0.98304,0.98332,170
2026-05-22T10:35:00+00:00,0.98306,0.983115,0.98283,0.983125,290
2026-05-22T10:36:00+00:00,0.98312,0.983185,0.98306,0.983265,252
2026-05-22T10:37:00+00:00,0.9832,0.983325,0.983175,0.983355,237
2026-05-22T10:38:00+00:00,0.98332,0.98319,0.983155,0.98335,258
2026-05-22T10:39:00+00:00,0.983185,0.983135,0.98313,0.983205,319
2026-05-22T10:40:00+00:00,0.98313,0.98314,0.983115,0.9832,204
2026-05-22T10:41:00+00:00,0.983145,0.983245,0.98314,0.983265,165
2026-05-22T10:42:00+00:00,0.98325,0.98321,0.98317,0.983275,189
2026-05-22T10:43:00+00:00,0.983205,0.98327,0.983145,0.983275,173
2026-05-22T10:44:00+00:00,0.983265,0.98324,0.983215,0.98327,140
2026-05-22T10:45:00+00:00,0.98323,0.983275,0.983215,0.98329,127
2026-05-22T10:46:00+00:00,0.98327,0.98326,0.98325,0.983315,148
2026-05-22T10:47:00+00:00,0.983255,0.98316,0.983125,0.98326,93
2026-05-22T10:48:00+00:00,0.98316,0.983125,0.983115,0.98323,196
2026-05-22T10:49:00+00:00,0.983135,0.98307,0.983025,0.983135,227
2026-05-22T10:50:00+00:00,0.983075,0.98314,0.98306,0.98314,124
2026-05-22T10:51:00+00:00,0.98314,0.983115,0.9831,0.983175,114
2026-05-22T10:52:00+00:00,0.98311,0.983175,0.98311,0.983225,196
2026-05-22T10:53:00+00:00,0.98318,0.98326,0.98318,0.983275,167
2026-05-22T10:54:00+00:00,0.983265,0.98315,0.983135,0.983275,129
2026-05-22T10:55:00+00:00,0.983155,0.98307,0.98304,0.983155,184
2026-05-22T10:56:00+00:00,0.98306,0.983125,0.983055,0.983135,152
2026-05-22T10:57:00+00:00,0.983125,0.983125,0.983075,0.983175,157
2026-05-22T10:58:00+00:00,0.983125,0.983105,0.983075,0.98313,103
2026-05-22T10:59:00+00:00,0.9831,0.98312,0.9831,0.983175,196
2026-05-22T11:00:00+00:00,0.983125,0.983205,0.983125,0.98323,193
2026-05-22T11:01:00+00:00,0.98321,0.98313,0.98313,0.983275,172
2026-05-22T11:02:00+00:00,0.983125,0.983025,0.982965,0.983125,208
2026-05-22T11:03:00+00:00,0.983035,0.98305,0.983005,0.9831,128
2026-05-22T11:04:00+00:00,0.983055,0.98315,0.983055,0.98315,157
2026-05-22T11:05:00+00:00,0.983155,0.983075,0.98307,0.98316,186
2026-05-22T11:06:00+00:00,0.98308,0.983125,0.983075,0.98316,153
2026-05-22T11:07:00+00:00,0.98312,0.98293,0.982925,0.983135,210
2026-05-22T11:08:00+00:00,0.982925,0.98297,0.982885,0.98303,187
2026-05-22T11:09:00+00:00,0.982975,0.982875,0.982865,0.983,106
2026-05-22T11:10:00+00:00,0.982865,0.982855,0.98278,0.982895,126
2026-05-22T11:11:00+00:00,0.982865,0.98281,0.982785,0.982865,148
2026-05-22T11:12:00+00:00,0.98281,0.982775,0.982715,0.98281,136
2026-05-22T11:13:00+00:00,0.98278,0.982755,0.982725,0.9828,88
2026-05-22T11:14:00+00:00,0.982735,0.982675,0.982615,0.982765,148
2026-05-22T11:15:00+00:00,0.982675,0.982865,0.982625,0.98293,190
2026-05-22T11:16:00+00:00,0.98286,0.982875,0.982825,0.982895,140
2026-05-22T11:17:00+00:00,0.98287,0.98285,0.98283,0.982905,46
2026-05-22T11:18:00+00:00,0.98286,0.982785,0.982755,0.98288,116
2026-05-22T11:19:00+00:00,0.98279,0.982715,0.9827,0.982825,83
2026-05-22T11:20:00+00:00,0.982725,0.982675,0.98264,0.98274,85
2026-05-22T11:21:00+00:00,0.982675,0.982625,0.98258,0.982675,151
2026-05-22T11:22:00+00:00,0.982625,0.98266,0.982535,0.982665,147
2026-05-22T11:23:00+00:00,0.982665,0.982625,0.982605,0.982695,118
2026-05-22T11:24:00+00:00,0.982615,0.98267,0.982615,0.9827,105
2026-05-22T11:25:00+00:00,0.982675,0.982675,0.982625,0.98268,100
2026-05-22T11:26:00+00:00,0.982665,0.982775,0.982665,0.98282,184
2026-05-22T11:27:00+00:00,0.98278,0.982845,0.982765,0.98288,113
2026-05-22T11:28:00+00:00,0.98284,0.982835,0.982755,0.982875,222
2026-05-22T11:29:00+00:00,0.982835,0.982735,0.98273,0.982875,195
2026-05-22T11:30:00+00:00,0.98273,0.982505,0.982475,0.982755,178
2026-05-22T11:31:00+00:00,0.98252,0.98251,0.982425,0.98257,225
2026-05-22T11:32:00+00:00,0.982515,0.982665,0.9825,0.982665,133
2026-05-22T11:33:00+00:00,0.98266,0.982695,0.982615,0.9827,90
2026-05-22T11:34:00+00:00,0.982695,0.98268,0.98263,0.9827,114
2026-05-22T11:35:00+00:00,0.982675,0.982775,0.982665,0.982775,112
2026-05-22T11:36:00+00:00,0.98278,0.982785,0.98277,0.98285,144
2026-05-22T11:37:00+00:00,0.98279,0.982895,0.98278,0.982925,121
2026-05-22T11:38:00+00:00,0.9829,0.982845,0.982825,0.982925,83
2026-05-22T11:39:00+00:00,0.982855,0.982875,0.98285,0.982955,187
2026-05-22T11:40:00+00:00,0.98287,0.982785,0.982785,0.98291,191
2026-05-22T11:41:00+00:00,0.9828,0.982675,0.982675,0.982825,113
2026-05-22T11:42:00+00:00,0.982675,0.9827,0.982625,0.982755,115
2026-05-22T11:43:00+00:00,0.982715,0.982675,0.982675,0.98273,77
2026-05-22T11:44:00+00:00,0.982675,0.982725,0.982675,0.98278,122
2026-05-22T11:45:00+00:00,0.98272,0.98291,0.982705,0.98292,163
2026-05-22T11:46:00+00:00,0.982915,0.982875,0.98283,0.982925,194
2026-05-22T11:47:00+00:00,0.982875,0.9829,0.982825,0.983065,457
2026-05-22T11:48:00+00:00,0.982905,0.98303,0.982845,0.98306,364
2026-05-22T11:49:00+00:00,0.983025,0.982915,0.982915,0.98312,201
2026-05-22T11:50:00+00:00,0.98292,0.982825,0.98273,0.98296,178
2026-05-22T11:51:00+00:00,0.98282,0.98298,0.98282,0.98298,235
2026-05-22T11:52:00+00:00,0.98299,0.98293,0.982925,0.983045,120
2026-05-22T11:53:00+00:00,0.98295,0.983045,0.98293,0.98306,156
2026-05-22T11:54:00+00:00,0.98305,0.983025,0.983005,0.983075,59
2026-05-22T11:55:00+00:00,0.983025,0.982935,0.982925,0.98305,186
2026-05-22T11:56:00+00:00,0.98294,0.982975,0.982925,0.98303,175
2026-05-22T11:57:00+00:00,0.982975,0.982925,0.982875,0.982975,210
2026-05-22T11:58:00+00:00,0.982915,0.9829,0.982875,0.98294,107
2026-05-22T11:59:00+00:00,0.982895,0.98286,0.98282,0.982895,131
2026-05-22T12:00:00+00:00,0.982855,0.983015,0.982735,0.98303,356
2026-05-22T12:01:00+00:00,0.98302,0.983,0.982845,0.983025,232
2026-05-22T12:02:00+00:00,0.983005,0.982965,0.982925,0.983035,153
2026-05-22T12:03:00+00:00,0.98297,0.982825,0.98282,0.983005,304
2026-05-22T12:04:00+00:00,0.982825,0.98287,0.982825,0.98298,156
2026-05-22T12:05:00+00:00,0.98286,0.98291,0.982795,0.98292,184
2026-05-22T12:06:00+00:00,0.982905,0.982835,0.982825,0.98291,111
2026-05-22T12:07:00+00:00,0.982835,0.982725,0.982715,0.98284,148
2026-05-22T12:08:00+00:00,0.98273,0.982775,0.982685,0.982775,237
2026-05-22T12:09:00+00:00,0.982775,0.982725,0.9827,0.982785,192
2026-05-22T12:10:00+00:00,0.982725,0.982775,0.98269,0.982815,160
2026-05-22T12:11:00+00:00,0.98278,0.98283,0.982765,0.98286,166
2026-05-22T12:12:00+00:00,0.98283,0.983455,0.98283,0.98384,1080
2026-05-22T12:13:00+00:00,0.983465,0.984175,0.98342,0.98419,995
2026-05-22T12:14:00+00:00,0.984185,0.983865,0.983655,0.984295,808
2026-05-22T12:15:00+00:00,0.98386,0.983885,0.98373,0.98401,782
2026-05-22T12:16:00+00:00,0.983895,0.984015,0.98388,0.984115,589
2026-05-22T12:17:00+00:00,0.98401,0.983655,0.983645,0.98404,483
2026-05-22T12:18:00+00:00,0.98366,0.98383,0.98356,0.983845,417
2026-05-22T12:19:00+00:00,0.983825,0.984175,0.983755,0.98438,790
2026-05-22T12:20:00+00:00,0.98418,0.983745,0.9837,0.98418,576
2026-05-22T12:21:00+00:00,0.98375,0.98361,0.983585,0.9838,368
2026-05-22T12:22:00+00:00,0.983615,0.983425,0.983345,0.983665,360
2026-05-22T12:23:00+00:00,0.98342,0.983655,0.983395,0.98371,445
2026-05-22T12:24:00+00:00,0.983665,0.983825,0.983645,0.983835,299
2026-05-22T12:25:00+00:00,0.98383,0.98382,0.98377,0.98387,361
2026-05-22T12:26:00+00:00,0.983815,0.983785,0.983725,0.98389,286
2026-05-22T12:27:00+00:00,0.98379,0.98357,0.983565,0.983815,380
2026-05-22T12:28:00+00:00,0.983575,0.98361,0.98357,0.98365,174
2026-05-22T12:29:00+00:00,0.983625,0.983625,0.98357,0.98364,112
2026-05-22T12:30:00+00:00,0.98362,0.98359,0.983495,0.983645,343
2026-05-22T12:31:00+00:00,0.98359,0.983555,0.983545,0.983675,190
2026-05-22T12:32:00+00:00,0.983545,0.983485,0.983485,0.98364,217
2026-05-22T12:33:00+00:00,0.98348,0.98339,0.98336,0.983485,199
2026-05-22T12:34:00+00:00,0.983395,0.983275,0.983125,0.98341,289
2026-05-22T12:35:00+00:00,0.983285,0.98333,0.983205,0.983365,249
2026-05-22T12:36:00+00:00,0.983335,0.9834,0.98322,0.98341,282
2026-05-22T12:37:00+00:00,0.9834,0.983485,0.98337,0.9835,181
2026-05-22T12:38:00+00:00,0.983485,0.983515,0.983465,0.983585,161
2026-05-22T12:39:00+00:00,0.98352,0.983525,0.98352,0.98364,206
2026-05-22T12:40:00+00:00,0.98352,0.98339,0.98338,0.983545,266
2026-05-22T12:41:00+00:00,0.983395,0.98344,0.983375,0.98345,138
2026-05-22T12:42:00+00:00,0.983435,0.983215,0.98319,0.9835,251
2026-05-22T12:43:00+00:00,0.98322,0.983305,0.983085,0.983345,252
2026-05-22T12:44:00+00:00,0.9833,0.983385,0.9833,0.98346,184
2026-05-22T12:45:00+00:00,0.98339,0.98364,0.983385,0.98369,275
2026-05-22T12:46:00+00:00,0.983635,0.98355,0.983495,0.983635,202
2026-05-22T12:47:00+00:00,0.98355,0.983805,0.98354,0.983805,252
2026-05-22T12:48:00+00:00,0.983815,0.98392,0.9838,0.98392,174
2026-05-22T12:49:00+00:00,0.983925,0.98408,0.983915,0.984115,175
2026-05-22T12:50:00+00:00,0.984075,0.983925,0.98392,0.98408,141
2026-05-22T12:51:00+00:00,0.983925,0.98392,0.983875,0.983955,194
2026-05-22T12:52:00+00:00,0.98392,0.98398,0.98392,0.98407,131
2026-05-22T12:53:00+00:00,0.983985,0.984175,0.983975,0.98418,168
2026-05-22T12:54:00+00:00,0.984155,0.984045,0.984015,0.98422,195
2026-05-22T12:55:00+00:00,0.98405,0.98398,0.983975,0.984085,224
2026-05-22T12:56:00+00:00,0.983975,0.984265,0.983975,0.98427,205
2026-05-22T12:57:00+00:00,0.98427,0.9842,0.984175,0.98429,173
2026-05-22T12:58:00+00:00,0.984195,0.984165,0.98411,0.984215,259
2026-05-22T12:59:00+00:00,0.98417,0.98446,0.984105,0.984495,326
2026-05-22T13:00:00+00:00,0.984455,0.98439,0.98435,0.984605,575
2026-05-22T13:01:00+00:00,0.9844,0.984355,0.98435,0.98446,333
2026-05-22T13:02:00+00:00,0.98436,0.984185,0.98418,0.984375,301
2026-05-22T13:03:00+00:00,0.98419,0.98449,0.984155,0.9845,242
2026-05-22T13:04:00+00:00,0.9845,0.984275,0.98424,0.984525,231
2026-05-22T13:05:00+00:00,0.98427,0.98431,0.984255,0.98441,291
2026-05-22T13:06:00+00:00,0.98431,0.984275,0.9842,0.984355,226
2026-05-22T13:07:00+00:00,0.98428,0.984335,0.98425,0.984425,310
2026-05-22T13:08:00+00:00,0.98433,0.9844,0.984265,0.9844,224
2026-05-22T13:09:00+00:00,0.984395,0.984865,0.98435,0.985,544
2026-05-22T13:10:00+00:00,0.98487,0.98484,0.984625,0.98496,697
2026-05-22T13:11:00+00:00,0.984825,0.985105,0.984775,0.985105,651
2026-05-22T13:12:00+00:00,0.98511,0.98492,0.984835,0.98511,512
2026-05-22T13:13:00+00:00,0.984915,0.98488,0.98485,0.9852,522
2026-05-22T13:14:00+00:00,0.984885,0.984835,0.984695,0.98495,414
2026-05-22T13:15:00+00:00,0.984825,0.984905,0.984745,0.98493,410
2026-05-22T13:16:00+00:00,0.9849,0.98479,0.984685,0.98497,406
2026-05-22T13:17:00+00:00,0.984795,0.98464,0.984605,0.984815,299
2026-05-22T13:18:00+00:00,0.984645,0.984675,0.98464,0.98479,261
2026-05-22T13:19:00+00:00,0.984685,0.984615,0.98446,0.984745,534
2026-05-22T13:20:00+00:00,0.98462,0.98441,0.98441,0.98468,421
2026-05-22T13:21:00+00:00,0.984405,0.98411,0.9841,0.98443,379
2026-05-22T13:22:00+00:00,0.984115,0.98421,0.98407,0.984225,298
2026-05-22T13:23:00+00:00,0.984205,0.9842,0.98411,0.98421,222
2026-05-22T13:24:00+00:00,0.984205,0.984155,0.984135,0.984245,286
2026-05-22T13:25:00+00:00,0.98416,0.984265,0.98413,0.984275,255
2026-05-22T13:26:00+00:00,0.98426,0.984455,0.984255,0.98446,273
2026-05-22T13:27:00+00:00,0.984435,0.98446,0.984395,0.984485,284
2026-05-22T13:28:00+00:00,0.984455,0.984525,0.9844,0.984555,189
2026-05-22T13:29:00+00:00,0.98452,0.98433,0.984325,0.98453,230
2026-05-22T13:30:00+00:00,0.984325,0.984405,0.984275,0.984445,580
2026-05-22T13:31:00+00:00,0.9844,0.98443,0.984345,0.98453,387
2026-05-22T13:32:00+00:00,0.98444,0.984385,0.984375,0.984475,267
2026-05-22T13:33:00+00:00,0.98439,0.98413,0.984125,0.984535,597
2026-05-22T13:34:00+00:00,0.984145,0.98422,0.984095,0.98424,553
2026-05-22T13:35:00+00:00,0.984215,0.98435,0.98416,0.984425,423
2026-05-22T13:36:00+00:00,0.984355,0.984305,0.9843,0.984425,375
2026-05-22T13:37:00+00:00,0.9843,0.9843,0.984195,0.984355,457
2026-05-22T13:38:00+00:00,0.984305,0.9842,0.98416,0.98432,435
2026-05-22T13:39:00+00:00,0.984195,0.984175,0.984105,0.984285,308
2026-05-22T13:40:00+00:00,0.98417,0.984115,0.98399,0.984365,561
2026-05-22T13:41:00+00:00,0.984105,0.984055,0.98397,0.98417,434
2026-05-22T13:42:00+00:00,0.98405,0.9838,0.98366,0.984085,659
2026-05-22T13:43:00+00:00,0.983805,0.983945,0.983735,0.98396,513
2026-05-22T13:44:00+00:00,0.98394,0.983825,0.983775,0.98395,409
2026-05-22T13:45:00+00:00,0.983815,0.98364,0.98363,0.983855,374
2026-05-22T13:46:00+00:00,0.983635,0.98348,0.98348,0.98368,306
2026-05-22T13:47:00+00:00,0.983485,0.98353,0.983455,0.983585,268
2026-05-22T13:48:00+00:00,0.983525,0.983245,0.983185,0.983525,458
2026-05-22T13:49:00+00:00,0.983255,0.983225,0.98317,0.98334,349
2026-05-22T13:50:00+00:00,0.983235,0.98325,0.98309,0.98333,469
2026-05-22T13:51:00+00:00,0.983255,0.983545,0.983215,0.983555,499
2026-05-22T13:52:00+00:00,0.98355,0.98358,0.983475,0.983615,336
2026-05-22T13:53:00+00:00,0.98356,0.983805,0.9835,0.983815,380
2026-05-22T13:54:00+00:00,0.98381,0.98388,0.98376,0.98389,387
2026-05-22T13:55:00+00:00,0.983865,0.983785,0.983755,0.983865,376
2026-05-22T13:56:00+00:00,0.983775,0.9838,0.98376,0.983825,252
2026-05-22T13:57:00+00:00,0.98381,0.983755,0.98369,0.98394,282
2026-05-22T13:58:00+00:00,0.98376,0.983675,0.98366,0.9838,254
2026-05-22T13:59:00+00:00,0.98367,0.98371,0.98367,0.983765,187
2026-05-22T14:00:00+00:00,0.983715,0.98297,0.982965,0.983745,919
2026-05-22T14:01:00+00:00,0.98296,0.98284,0.98273,0.983125,673
2026-05-22T14:02:00+00:00,0.982835,0.982795,0.9826,0.982975,745
2026-05-22T14:03:00+00:00,0.982805,0.982745,0.982645,0.98291,792
2026-05-22T14:04:00+00:00,0.98275,0.982775,0.982705,0.98295,740
2026-05-22T14:05:00+00:00,0.98277,0.982835,0.9827,0.982915,595
2026-05-22T14:06:00+00:00,0.98284,0.98269,0.98263,0.982875,562
2026-05-22T14:07:00+00:00,0.982685,0.98273,0.982635,0.982775,484
2026-05-22T14:08:00+00:00,0.982725,0.98299,0.982695,0.983,396
2026-05-22T14:09:00+00:00,0.982995,0.983245,0.98291,0.983265,490
2026-05-22T14:10:00+00:00,0.98324,0.983335,0.98318,0.98335,419
2026-05-22T14:11:00+00:00,0.98333,0.98317,0.983125,0.98333,326
2026-05-22T14:12:00+00:00,0.983175,0.983115,0.98308,0.9832,270
2026-05-22T14:13:00+00:00,0.98311,0.98301,0.98286,0.983115,471
2026-05-22T14:14:00+00:00,0.983015,0.98301,0.982955,0.9831,402
2026-05-22T14:15:00+00:00,0.983015,0.983135,0.98296,0.983165,473
2026-05-22T14:16:00+00:00,0.98314,0.983165,0.98307,0.98327,521
2026-05-22T14:17:00+00:00,0.98316,0.982985,0.982965,0.983255,401
2026-05-22T14:18:00+00:00,0.982975,0.98305,0.982945,0.983115,458
2026-05-22T14:19:00+00:00,0.983045,0.983215,0.98302,0.983215,270
2026-05-22T14:20:00+00:00,0.98322,0.98331,0.983215,0.98334,326
2026-05-22T14:21:00+00:00,0.983315,0.983345,0.9832,0.983355,351
2026-05-22T14:22:00+00:00,0.983355,0.98317,0.983165,0.983355,347
2026-05-22T14:23:00+00:00,0.983165,0.983025,0.983025,0.983275,353
2026-05-22T14:24:00+00:00,0.98304,0.983145,0.982995,0.98316,348
2026-05-22T14:25:00+00:00,0.98315,0.983375,0.983125,0.98338,295
2026-05-22T14:26:00+00:00,0.983375,0.983425,0.983355,0.983535,310
2026-05-22T14:27:00+00:00,0.98343,0.98349,0.98337,0.98351,387
2026-05-22T14:28:00+00:00,0.9835,0.98356,0.98341,0.98356,399
2026-05-22T14:29:00+00:00,0.983555,0.983675,0.983525,0.983675,281
2026-05-22T14:30:00+00:00,0.98367,0.9838,0.983565,0.983825,357
2026-05-22T14:31:00+00:00,0.983805,0.984015,0.98379,0.984035,281
2026-05-22T14:32:00+00:00,0.98402,0.984125,0.983975,0.98416,356
2026-05-22T14:33:00+00:00,0.98412,0.984135,0.984055,0.984175,334
2026-05-22T14:34:00+00:00,0.98413,0.984235,0.984095,0.984275,376
2026-05-22T14:35:00+00:00,0.98424,0.984075,0.984075,0.98429,445
2026-05-22T14:36:00+00:00,0.98408,0.98421,0.984055,0.984225,316
2026-05-22T14:37:00+00:00,0.984205,0.984235,0.98414,0.984275,240
2026-05-22T14:38:00+00:00,0.98423,0.984125,0.98406,0.98425,375
2026-05-22T14:39:00+00:00,0.984115,0.983995,0.983965,0.98413,391
2026-05-22T14:40:00+00:00,0.984,0.984175,0.98399,0.98425,394
2026-05-22T14:41:00+00:00,0.98417,0.984275,0.984115,0.984295,251
2026-05-22T14:42:00+00:00,0.98427,0.984255,0.98415,0.984275,239
2026-05-22T14:43:00+00:00,0.98425,0.98411,0.984085,0.984275,296
2026-05-22T14:44:00+00:00,0.984125,0.98423,0.984075,0.984275,270
2026-05-22T14:45:00+00:00,0.984225,0.98448,0.984225,0.984495,345
2026-05-22T14:46:00+00:00,0.984475,0.98441,0.984365,0.98449,300
2026-05-22T14:47:00+00:00,0.984415,0.984425,0.9844,0.984475,322
2026-05-22T14:48:00+00:00,0.98442,0.98432,0.9843,0.98447,202
2026-05-22T14:49:00+00:00,0.984325,0.984045,0.98404,0.984405,320
2026-05-22T14:50:00+00:00,0.984045,0.984115,0.984015,0.98417,329
2026-05-22T14:51:00+00:00,0.98412,0.984475,0.98408,0.984475,527
2026-05-22T14:52:00+00:00,0.98448,0.984575,0.984435,0.984625,430
2026-05-22T14:53:00+00:00,0.98457,0.984865,0.984555,0.984875,453
2026-05-22T14:54:00+00:00,0.98487,0.984855,0.984795,0.9849,405
2026-05-22T14:55:00+00:00,0.98486,0.984935,0.98471,0.98496,439
2026-05-22T14:56:00+00:00,0.98494,0.984745,0.98472,0.985025,444
2026-05-22T14:57:00+00:00,0.98475,0.985025,0.984695,0.98508,511
2026-05-22T14:58:00+00:00,0.98502,0.984975,0.984925,0.985025,372
2026-05-22T14:59:00+00:00,0.98498,0.984925,0.984855,0.985025,273
2026-05-22T15:00:00+00:00,0.984915,0.984875,0.984765,0.98493,407
2026-05-22T15:01:00+00:00,0.98487,0.984775,0.984725,0.984935,311
2026-05-22T15:02:00+00:00,0.98478,0.98479,0.984695,0.984875,287
2026-05-22T15:03:00+00:00,0.984785,0.98482,0.984625,0.984825,282
2026-05-22T15:04:00+00:00,0.98481,0.98493,0.98474,0.985,262
2026-05-22T15:05:00+00:00,0.984935,0.985175,0.9849,0.985225,339
2026-05-22T15:06:00+00:00,0.98518,0.98512,0.985075,0.98532,475
2026-05-22T15:07:00+00:00,0.985125,0.985225,0.985075,0.98527,376
2026-05-22T15:08:00+00:00,0.98522,0.985085,0.98507,0.985255,358
2026-05-22T15:09:00+00:00,0.985085,0.985095,0.984975,0.985125,268
2026-05-22T15:10:00+00:00,0.9851,0.98511,0.98503,0.98512,208
2026-05-22T15:11:00+00:00,0.985105,0.985125,0.98502,0.985135,240
2026-05-22T15:12:00+00:00,0.98512,0.985065,0.985025,0.985125,223
2026-05-22T15:13:00+00:00,0.98507,0.985105,0.985025,0.98514,150
2026-05-22T15:14:00+00:00,0.985095,0.985075,0.98507,0.98514,203
2026-05-22T15:15:00+00:00,0.98508,0.985105,0.98505,0.985125,166
2026-05-22T15:16:00+00:00,0.9851,0.98498,0.984975,0.985205,228
2026-05-22T15:17:00+00:00,0.984975,0.98494,0.984895,0.98498,206
2026-05-22T15:18:00+00:00,0.984935,0.9849,0.98487,0.984975,239
2026-05-22T15:19:00+00:00,0.984895,0.984905,0.984875,0.984995,244
2026-05-22T15:20:00+00:00,0.98491,0.985005,0.984845,0.985015,247
2026-05-22T15:21:00+00:00,0.985,0.984855,0.98484,0.985,293
2026-05-22T15:22:00+00:00,0.984845,0.985005,0.984825,0.985005,252
2026-05-22T15:23:00+00:00,0.98501,0.98502,0.98497,0.98504,234
2026-05-22T15:24:00+00:00,0.985005,0.98492,0.98491,0.98503,271
2026-05-22T15:25:00+00:00,0.984925,0.984955,0.984805,0.98497,236
2026-05-22T15:26:00+00:00,0.98495,0.98496,0.98495,0.9851,270
2026-05-22T15:27:00+00:00,0.984965,0.985155,0.984945,0.985175,195
2026-05-22T15:28:00+00:00,0.98515,0.985175,0.98512,0.985245,159
2026-05-22T15:29:00+00:00,0.985185,0.985125,0.985075,0.985195,190
2026-05-22T15:30:00+00:00,0.98513,0.985175,0.98503,0.98519,345
2026-05-22T15:31:00+00:00,0.98518,0.985235,0.985125,0.985275,259
2026-05-22T15:32:00+00:00,0.985255,0.98515,0.98515,0.985275,289
2026-05-22T15:33:00+00:00,0.985155,0.985105,0.98505,0.98522,254
2026-05-22T15:34:00+00:00,0.98511,0.985075,0.98505,0.985165,268
2026-05-22T15:35:00+00:00,0.98507,0.98511,0.984935,0.98511,301
2026-05-22T15:36:00+00:00,0.985105,0.98521,0.98509,0.98522,260
2026-05-22T15:37:00+00:00,0.985215,0.985175,0.985175,0.98529,250
2026-05-22T15:38:00+00:00,0.985185,0.985235,0.985175,0.985275,293
2026-05-22T15:39:00+00:00,0.98524,0.985275,0.985215,0.985325,277
2026-05-22T15:40:00+00:00,0.98527,0.98529,0.98523,0.985305,230
2026-05-22T15:41:00+00:00,0.985285,0.985285,0.985275,0.98535,214
2026-05-22T15:42:00+00:00,0.98529,0.985365,0.98528,0.985375,163
2026-05-22T15:43:00+00:00,0.98537,0.985545,0.98531,0.98555,266
2026-05-22T15:44:00+00:00,0.98554,0.98553,0.985525,0.98563,180
2026-05-22T15:45:00+00:00,0.985535,0.985725,0.9855,0.985725,203
2026-05-22T15:46:00+00:00,0.985725,0.985535,0.985525,0.985725,213
2026-05-22T15:47:00+00:00,0.985545,0.985525,0.985485,0.985625,281
2026-05-22T15:48:00+00:00,0.985525,0.985425,0.985415,0.985545,328
2026-05-22T15:49:00+00:00,0.98543,0.985385,0.985355,0.98546,247
2026-05-22T15:50:00+00:00,0.985395,0.98539,0.98536,0.985425,199
2026-05-22T15:51:00+00:00,0.98539,0.985455,0.985385,0.985475,195
2026-05-22T15:52:00+00:00,0.985465,0.98547,0.9854,0.985505,206
2026-05-22T15:53:00+00:00,0.985475,0.985585,0.98547,0.98561,255
2026-05-22T15:54:00+00:00,0.98558,0.98553,0.985525,0.985625,227
2026-05-22T15:55:00+00:00,0.985535,0.9854,0.98538,0.985575,306
2026-05-22T15:56:00+00:00,0.985405,0.985375,0.985355,0.985445,241
2026-05-22T15:57:00+00:00,0.98538,0.985325,0.985295,0.98538,240
2026-05-22T15:58:00+00:00,0.985325,0.985475,0.985325,0.98555,207
2026-05-22T15:59:00+00:00,0.985475,0.98538,0.985345,0.98548,156
2026-05-22T16:00:00+00:00,0.985375,0.98535,0.98521,0.98541,344
2026-05-22T16:01:00+00:00,0.985345,0.98562,0.98533,0.985635,303
2026-05-22T16:02:00+00:00,0.985615,0.985645,0.98554,0.98565,277
2026-05-22T16:03:00+00:00,0.98564,0.985525,0.98544,0.985645,223
2026-05-22T16:04:00+00:00,0.985515,0.985645,0.985495,0.985655,225
2026-05-22T16:05:00+00:00,0.98565,0.985575,0.98555,0.98567,212
2026-05-22T16:06:00+00:00,0.985565,0.9855,0.98547,0.98558,214
2026-05-22T16:07:00+00:00,0.98549,0.985525,0.985445,0.985575,256
2026-05-22T16:08:00+00:00,0.98553,0.985585,0.98547,0.98559,200
2026-05-22T16:09:00+00:00,0.98559,0.985495,0.985435,0.98562,245
2026-05-22T16:10:00+00:00,0.98549,0.985475,0.985405,0.98552,283
2026-05-22T16:11:00+00:00,0.98547,0.98558,0.985465,0.98558,252
2026-05-22T16:12:00+00:00,0.985585,0.98556,0.98553,0.98565,176
2026-05-22T16:13:00+00:00,0.985555,0.98542,0.985405,0.9856,142
2026-05-22T16:14:00+00:00,0.985415,0.98538,0.98535,0.98544,148
2026-05-22T16:15:00+00:00,0.985375,0.98516,0.98512,0.985375,273
2026-05-22T16:16:00+00:00,0.985165,0.985365,0.98515,0.985375,218
2026-05-22T16:17:00+00:00,0.98538,0.985375,0.98535,0.985445,222
2026-05-22T16:18:00+00:00,0.98538,0.985345,0.98523,0.985395,229
2026-05-22T16:19:00+00:00,0.985355,0.985215,0.985185,0.985355,193
2026-05-22T16:20:00+00:00,0.98521,0.98534,0.985185,0.98534,243
2026-05-22T16:21:00+00:00,0.985335,0.98533,0.985285,0.98536,215
2026-05-22T16:22:00+00:00,0.985325,0.985415,0.985315,0.98544,190
2026-05-22T16:23:00+00:00,0.98541,0.98542,0.98536,0.98547,299
2026-05-22T16:24:00+00:00,0.985425,0.985455,0.98538,0.985475,273
2026-05-22T16:25:00+00:00,0.98546,0.985575,0.98543,0.985575,241
2026-05-22T16:26:00+00:00,0.985565,0.98562,0.98554,0.98563,249
2026-05-22T16:27:00+00:00,0.985625,0.985585,0.985575,0.985635,264
2026-05-22T16:28:00+00:00,0.98559,0.985665,0.985575,0.985665,175
2026-05-22T16:29:00+00:00,0.98567,0.985715,0.98563,0.98573,230
2026-05-22T16:30:00+00:00,0.98571,0.985765,0.985705,0.985825,197
2026-05-22T16:31:00+00:00,0.98577,0.985735,0.98569,0.98583,232
2026-05-22T16:32:00+00:00,0.98574,0.985625,0.98561,0.98577,254
2026-05-22T16:33:00+00:00,0.985635,0.9855,0.98545,0.98569,259
2026-05-22T16:34:00+00:00,0.98551,0.98538,0.98537,0.98551,275
2026-05-22T16:35:00+00:00,0.98538,0.985315,0.98531,0.9854,195
2026-05-22T16:36:00+00:00,0.98531,0.985305,0.985255,0.985325,270
2026-05-22T16:37:00+00:00,0.9853,0.985445,0.9853,0.985445,206
2026-05-22T16:38:00+00:00,0.98545,0.98535,0.9853,0.98545,219
2026-05-22T16:39:00+00:00,0.98535,0.98534,0.985285,0.985385,273
2026-05-22T16:40:00+00:00,0.985335,0.985295,0.985275,0.985345,139
2026-05-22T16:41:00+00:00,0.985295,0.985375,0.98527,0.98539,179
2026-05-22T16:42:00+00:00,0.98538,0.98532,0.985315,0.98539,188
2026-05-22T16:43:00+00:00,0.985325,0.985275,0.98526,0.98533,222
2026-05-22T16:44:00+00:00,0.985275,0.98525,0.98524,0.98534,106
2026-05-22T16:45:00+00:00,0.98526,0.98529,0.98524,0.98534,190
2026-05-22T16:46:00+00:00,0.985285,0.985395,0.98528,0.985435,225
2026-05-22T16:47:00+00:00,0.985405,0.98537,0.985355,0.98542,153
2026-05-22T16:48:00+00:00,0.985375,0.9853,0.9853,0.9854,197
2026-05-22T16:49:00+00:00,0.985295,0.9853,0.98529,0.98536,211
2026-05-22T16:50:00+00:00,0.985305,0.985315,0.985285,0.985385,176
2026-05-22T16:51:00+00:00,0.98531,0.985315,0.985265,0.985365,187
2026-05-22T16:52:00+00:00,0.985305,0.9853,0.985265,0.98534,228
2026-05-22T16:53:00+00:00,0.985295,0.985335,0.985295,0.98536,191
2026-05-22T16:54:00+00:00,0.98534,0.985295,0.985295,0.98539,252
2026-05-22T16:55:00+00:00,0.9853,0.985265,0.985245,0.985325,138
2026-05-22T16:56:00+00:00,0.98526,0.985205,0.985205,0.985305,215
2026-05-22T16:57:00+00:00,0.9852,0.98517,0.985125,0.98524,214
2026-05-22T16:58:00+00:00,0.985175,0.985245,0.98515,0.985245,138
2026-05-22T16:59:00+00:00,0.98525,0.985255,0.98521,0.985265,131
2026-05-22T17:00:00+00:00,0.98527,0.985435,0.98526,0.985465,241
2026-05-22T17:01:00+00:00,0.98544,0.985495,0.985425,0.985495,110
2026-05-22T17:02:00+00:00,0.98549,0.98555,0.98549,0.985565,105
2026-05-22T17:03:00+00:00,0.985545,0.985595,0.985545,0.985635,168
2026-05-22T17:04:00+00:00,0.9856,0.98566,0.98559,0.98567,119
2026-05-22T17:05:00+00:00,0.98566,0.98566,0.985615,0.985695,150
2026-05-22T17:06:00+00:00,0.985665,0.985625,0.98561,0.985705,213
2026-05-22T17:07:00+00:00,0.98563,0.985645,0.98558,0.98568,190
2026-05-22T17:08:00+00:00,0.98564,0.985645,0.98559,0.985655,116
2026-05-22T17:09:00+00:00,0.98565,0.985705,0.98562,0.985725,121
2026-05-22T17:10:00+00:00,0.98571,0.985765,0.985705,0.98578,162
2026-05-22T17:11:00+00:00,0.98577,0.98579,0.98573,0.9858,128
2026-05-22T17:12:00+00:00,0.985785,0.98569,0.985645,0.985785,148
2026-05-22T17:13:00+00:00,0.98569,0.98566,0.98563,0.98573,84
2026-05-22T17:14:00+00:00,0.985655,0.98568,0.985605,0.985695,155
2026-05-22T17:15:00+00:00,0.98568,0.98571,0.98567,0.985745,137
2026-05-22T17:16:00+00:00,0.985715,0.98572,0.985685,0.98574,111
2026-05-22T17:17:00+00:00,0.985725,0.985715,0.9857,0.98578,166
2026-05-22T17:18:00+00:00,0.98572,0.985515,0.98551,0.98573,142
2026-05-22T17:19:00+00:00,0.98551,0.985265,0.98524,0.98556,220
2026-05-22T17:20:00+00:00,0.98528,0.985315,0.985195,0.98542,572
2026-05-22T17:21:00+00:00,0.98531,0.985185,0.98508,0.98531,371
2026-05-22T17:22:00+00:00,0.98518,0.98514,0.98512,0.98523,279
2026-05-22T17:23:00+00:00,0.985145,0.985175,0.98506,0.985185,281
2026-05-22T17:24:00+00:00,0.98518,0.985225,0.985065,0.985235,167
2026-05-22T17:25:00+00:00,0.98522,0.9853,0.98521,0.985315,359
2026-05-22T17:26:00+00:00,0.985295,0.9853,0.985255,0.98533,245
2026-05-22T17:27:00+00:00,0.98531,0.98544,0.98531,0.985485,272
2026-05-22T17:28:00+00:00,0.985435,0.985485,0.985235,0.985785,1278
2026-05-22T17:29:00+00:00,0.98549,0.985915,0.98531,0.98597,1029
2026-05-22T17:30:00+00:00,0.98592,0.986175,0.98591,0.98621,1067
2026-05-22T17:31:00+00:00,0.98618,0.986065,0.986025,0.98634,864
2026-05-22T17:32:00+00:00,0.98606,0.985945,0.985865,0.986165,708
2026-05-22T17:33:00+00:00,0.98595,0.98586,0.985835,0.98595,467
2026-05-22T17:34:00+00:00,0.985855,0.985865,0.985855,0.985995,416
2026-05-22T17:35:00+00:00,0.985855,0.98583,0.985795,0.985885,248
2026-05-22T17:36:00+00:00,0.985825,0.985825,0.985735,0.985885,328
2026-05-22T17:37:00+00:00,0.98582,0.985895,0.985815,0.98592,219
2026-05-22T17:38:00+00:00,0.985905,0.985955,0.98587,0.98598,321
2026-05-22T17:39:00+00:00,0.98596,0.986075,0.985935,0.986095,261
2026-05-22T17:40:00+00:00,0.98607,0.985955,0.98591,0.986095,204
2026-05-22T17:41:00+00:00,0.98595,0.98592,0.985905,0.986,177
2026-05-22T17:42:00+00:00,0.985925,0.98608,0.985915,0.986085,199
2026-05-22T17:43:00+00:00,0.986075,0.986045,0.98602,0.9861,212
2026-05-22T17:44:00+00:00,0.98606,0.985945,0.985935,0.986085,216
2026-05-22T17:45:00+00:00,0.985955,0.985965,0.98593,0.98601,435
2026-05-22T17:46:00+00:00,0.98596,0.985915,0.985905,0.986005,134
2026-05-22T17:47:00+00:00,0.985925,0.985935,0.985865,0.986,246
2026-05-22T17:48:00+00:00,0.985945,0.985935,0.985915,0.98601,152
2026-05-22T17:49:00+00:00,0.98594,0.98596,0.985905,0.986015,121
2026-05-22T17:50:00+00:00,0.985955,0.98595,0.985875,0.98598,154
2026-05-22T17:51:00+00:00,0.985945,0.98605,0.985885,0.98606,265
2026-05-22T17:52:00+00:00,0.986055,0.98599,0.985945,0.986065,216
2026-05-22T17:53:00+00:00,0.985985,0.986005,0.98598,0.986035,180
2026-05-22T17:54:00+00:00,0.986,0.98588,0.98583,0.98604,228
2026-05-22T17:55:00+00:00,0.985875,0.98594,0.98586,0.98595,176
2026-05-22T17:56:00+00:00,0.985945,0.98593,0.985885,0.98597,151
2026-05-22T17:57:00+00:00,0.98593,0.98595,0.98593,0.986065,214
2026-05-22T17:58:00+00:00,0.985945,0.985895,0.985875,0.98595,237
2026-05-22T17:59:00+00:00,0.985895,0.985815,0.98579,0.985895,238
2026-05-22T18:00:00+00:00,0.985805,0.985875,0.985785,0.985895,246
2026-05-22T18:01:00+00:00,0.985885,0.98582,0.98575,0.985895,247
2026-05-22T18:02:00+00:00,0.98583,0.98586,0.98579,0.98589,210
2026-05-22T18:03:00+00:00,0.985855,0.985745,0.985735,0.985855,202
2026-05-22T18:04:00+00:00,0.98575,0.985665,0.985335,0.985775,464
2026-05-22T18:05:00+00:00,0.98565,0.985625,0.985585,0.985685,375
2026-05-22T18:06:00+00:00,0.985625,0.985565,0.985505,0.985645,251
2026-05-22T18:07:00+00:00,0.985555,0.98573,0.98553,0.98573,300
2026-05-22T18:08:00+00:00,0.985725,0.98572,0.985675,0.98577,248
2026-05-22T18:09:00+00:00,0.98572,0.985645,0.98564,0.98572,249
2026-05-22T18:10:00+00:00,0.98565,0.985585,0.985575,0.98566,195
2026-05-22T18:11:00+00:00,0.98558,0.985505,0.98549,0.985645,217
2026-05-22T18:12:00+00:00,0.9855,0.985395,0.985375,0.985505,227
2026-05-22T18:13:00+00:00,0.9854,0.98546,0.985365,0.985485,159
2026-05-22T18:14:00+00:00,0.985465,0.985525,0.98542,0.985545,249
2026-05-22T18:15:00+00:00,0.98552,0.985505,0.98546,0.98557,202
2026-05-22T18:16:00+00:00,0.9855,0.985565,0.98549,0.9856,176
2026-05-22T18:17:00+00:00,0.98556,0.98556,0.98551,0.985585,194
2026-05-22T18:18:00+00:00,0.98557,0.98562,0.985565,0.985725,206
2026-05-22T18:19:00+00:00,0.985625,0.985635,0.985605,0.98568,173
2026-05-22T18:20:00+00:00,0.98564,0.98567,0.98563,0.9857,168
2026-05-22T18:21:00+00:00,0.98567,0.98561,0.985605,0.985715,139
2026-05-22T18:22:00+00:00,0.985615,0.985635,0.985515,0.985645,201
2026-05-22T18:23:00+00:00,0.98563,0.98556,0.98553,0.98563,192
2026-05-22T18:24:00+00:00,0.98557,0.98556,0.985485,0.985585,228
2026-05-22T18:25:00+00:00,0.98556,0.985515,0.9855,0.9856,137
2026-05-22T18:26:00+00:00,0.98551,0.985475,0.985455,0.98554,227
2026-05-22T18:27:00+00:00,0.98548,0.985535,0.985455,0.985585,152
2026-05-22T18:28:00+00:00,0.985545,0.98548,0.985445,0.985545,180
2026-05-22T18:29:00+00:00,0.985485,0.985445,0.985425,0.98549,145
2026-05-22T18:30:00+00:00,0.98544,0.98536,0.985315,0.98545,120
2026-05-22T18:31:00+00:00,0.985365,0.985405,0.98532,0.985405,140
2026-05-22T18:32:00+00:00,0.985405,0.98539,0.985375,0.985425,70
2026-05-22T18:33:00+00:00,0.985395,0.98544,0.985395,0.98548,119
2026-05-22T18:34:00+00:00,0.98544,0.985435,0.985415,0.98548,65
2026-05-22T18:35:00+00:00,0.985435,0.98533,0.98532,0.985435,98
2026-05-22T18:36:00+00:00,0.985335,0.985375,0.985325,0.98538,131
2026-05-22T18:37:00+00:00,0.98537,0.985335,0.98532,0.985385,146
2026-05-22T18:38:00+00:00,0.98533,0.98543,0.985275,0.985455,210
2026-05-22T18:39:00+00:00,0.98542,0.98553,0.98539,0.985735,518
2026-05-22T18:40:00+00:00,0.98552,0.98558,0.985515,0.985635,263
2026-05-22T18:41:00+00:00,0.985585,0.98559,0.985525,0.985615,297
2026-05-22T18:42:00+00:00,0.985595,0.98555,0.985505,0.98561,142
2026-05-22T18:43:00+00:00,0.985555,0.985635,0.98555,0.985655,143
2026-05-22T18:44:00+00:00,0.98564,0.98559,0.985575,0.98564,159
2026-05-22T18:45:00+00:00,0.985585,0.985545,0.98554,0.985645,207
2026-05-22T18:46:00+00:00,0.985545,0.98556,0.985545,0.98561,105
2026-05-22T18:47:00+00:00,0.985565,0.98549,0.985475,0.985585,163
2026-05-22T18:48:00+00:00,0.985485,0.9855,0.98547,0.98552,168
2026-05-22T18:49:00+00:00,0.985505,0.98551,0.985465,0.98554,182
2026-05-22T18:50:00+00:00,0.985515,0.98556,0.985515,0.98559,125
2026-05-22T18:51:00+00:00,0.985565,0.985575,0.98555,0.985605,220
2026-05-22T18:52:00+00:00,0.985575,0.98554,0.98553,0.985585,123
2026-05-22T18:53:00+00:00,0.985545,0.985615,0.98553,0.98565,196
2026-05-22T18:54:00+00:00,0.98561,0.985615,0.985605,0.985665,177
2026-05-22T18:55:00+00:00,0.985605,0.98555,0.98552,0.985615,109
2026-05-22T18:56:00+00:00,0.98555,0.985565,0.98551,0.98559,115
2026-05-22T18:57:00+00:00,0.985565,0.9857,0.985565,0.98571,112
2026-05-22T18:58:00+00:00,0.985705,0.985675,0.98565,0.985705,74
2026-05-22T18:59:00+00:00,0.98567,0.985725,0.98567,0.98574,107
2026-05-22T19:00:00+00:00,0.98572,0.98576,0.98566,0.985775,144
2026-05-22T19:01:00+00:00,0.98576,0.98562,0.98559,0.98578,158
2026-05-22T19:02:00+00:00,0.985625,0.98547,0.985415,0.98571,271
2026-05-22T19:03:00+00:00,0.98546,0.98535,0.98535,0.98547,339
2026-05-22T19:04:00+00:00,0.98534,0.98541,0.98532,0.98545,177
2026-05-22T19:05:00+00:00,0.985415,0.985395,0.98533,0.985435,152
2026-05-22T19:06:00+00:00,0.985385,0.985275,0.985255,0.985395,173
2026-05-22T19:07:00+00:00,0.98527,0.98534,0.985265,0.98538,126
2026-05-22T19:08:00+00:00,0.98534,0.98532,0.985305,0.98538,126
2026-05-22T19:09:00+00:00,0.985315,0.985345,0.98526,0.985365,230
2026-05-22T19:10:00+00:00,0.985355,0.98534,0.985315,0.98538,153
2026-05-22T19:11:00+00:00,0.985335,0.985335,0.98532,0.98537,198
2026-05-22T19:12:00+00:00,0.98533,0.98543,0.985305,0.985435,108
2026-05-22T19:13:00+00:00,0.985425,0.985385,0.98537,0.985435,82
2026-05-22T19:14:00+00:00,0.985385,0.98534,0.985315,0.985385,110
2026-05-22T19:15:00+00:00,0.985345,0.985405,0.98534,0.98544,161
2026-05-22T19:16:00+00:00,0.9854,0.985395,0.98536,0.985405,177
2026-05-22T19:17:00+00:00,0.98539,0.985415,0.98538,0.98544,199
2026-05-22T19:18:00+00:00,0.985425,0.985465,0.98541,0.985505,251
2026-05-22T19:19:00+00:00,0.98546,0.98546,0.98544,0.985475,120
2026-05-22T19:20:00+00:00,0.98546,0.985315,0.985295,0.98546,79
2026-05-22T19:21:00+00:00,0.985305,0.985305,0.985275,0.98533,99
2026-05-22T19:22:00+00:00,0.98531,0.985205,0.9852,0.985315,131
2026-05-22T19:23:00+00:00,0.98521,0.985205,0.9852,0.985245,114
2026-05-22T19:24:00+00:00,0.98521,0.985185,0.985155,0.985245,157
2026-05-22T19:25:00+00:00,0.985185,0.98511,0.98511,0.985185,51
2026-05-22T19:26:00+00:00,0.98511,0.98508,0.98505,0.98511,68
2026-05-22T19:27:00+00:00,0.985075,0.98509,0.985065,0.9851,48
2026-05-22T19:28:00+00:00,0.98509,0.985055,0.985045,0.98509,45
2026-05-22T19:29:00+00:00,0.98505,0.98498,0.98495,0.98507,141
2026-05-22T19:30:00+00:00,0.98499,0.984855,0.984855,0.98501,221
2026-05-22T19:31:00+00:00,0.98486,0.98486,0.984825,0.98492,141
2026-05-22T19:32:00+00:00,0.984855,0.984925,0.98484,0.98495,110
2026-05-22T19:33:00+00:00,0.98492,0.98495,0.984895,0.98496,88
2026-05-22T19:34:00+00:00,0.984945,0.98497,0.98489,0.98499,92
2026-05-22T19:35:00+00:00,0.984965,0.984985,0.9849,0.98499,155
2026-05-22T19:36:00+00:00,0.984985,0.985015,0.984955,0.98502,103
2026-05-22T19:37:00+00:00,0.985015,0.985,0.98494,0.985015,159
2026-05-22T19:38:00+00:00,0.985005,0.984995,0.984945,0.98502,140
2026-05-22T19:39:00+00:00,0.984995,0.98499,0.984975,0.985025,89
2026-05-22T19:40:00+00:00,0.98499,0.98496,0.98494,0.985015,95
2026-05-22T19:41:00+00:00,0.98496,0.98498,0.98491,0.98502,136
2026-05-22T19:42:00+00:00,0.98498,0.98495,0.98491,0.98498,106
2026-05-22T19:43:00+00:00,0.984945,0.984975,0.984915,0.98498,127
2026-05-22T19:44:00+00:00,0.98498,0.985055,0.98498,0.98508,144
2026-05-22T19:45:00+00:00,0.985065,0.985055,0.98505,0.98511,197
2026-05-22T19:46:00+00:00,0.98505,0.98505,0.985015,0.98509,213
2026-05-22T19:47:00+00:00,0.985045,0.98511,0.985045,0.98514,160
2026-05-22T19:48:00+00:00,0.985105,0.985085,0.98506,0.985105,80
2026-05-22T19:49:00+00:00,0.985075,0.985045,0.98504,0.98509,147
2026-05-22T19:50:00+00:00,0.98505,0.98513,0.98498,0.98513,222
2026-05-22T19:51:00+00:00,0.985125,0.985065,0.98501,0.98513,156
2026-05-22T19:52:00+00:00,0.98506,0.98504,0.98501,0.9851,173
2026-05-22T19:53:00+00:00,0.985035,0.98501,0.984995,0.98509,84
2026-05-22T19:54:00+00:00,0.985,0.98502,0.98497,0.98503,89
2026-05-22T19:55:00+00:00,0.985015,0.985155,0.98501,0.98517,82
2026-05-22T19:56:00+00:00,0.98516,0.985155,0.98513,0.98519,96
2026-05-22T19:57:00+00:00,0.985155,0.98531,0.98514,0.985345,218
2026-05-22T19:58:00+00:00,0.985305,0.9853,0.985275,0.98532,107
2026-05-22T19:59:00+00:00,0.985295,0.985265,0.985205,0.98531,133
2026-05-22T20:00:00+00:00,0.985275,0.98526,0.98523,0.98532,174
2026-05-22T20:01:00+00:00,0.985255,0.98516,0.98516,0.98529,94
2026-05-22T20:02:00+00:00,0.985155,0.985045,0.98504,0.98519,92
2026-05-22T20:03:00+00:00,0.985045,0.98505,0.98502,0.98509,74
2026-05-22T20:04:00+00:00,0.98506,0.98504,0.98501,0.98506,131
2026-05-22T20:05:00+00:00,0.985045,0.98503,0.984995,0.985065,146
2026-05-22T20:06:00+00:00,0.985035,0.985095,0.98501,0.98513,97
2026-05-22T20:07:00+00:00,0.985085,0.985045,0.985035,0.98511,78
2026-05-22T20:08:00+00:00,0.98505,0.985085,0.98501,0.98509,60
2026-05-22T20:09:00+00:00,0.985085,0.985095,0.985045,0.985115,139
2026-05-22T20:10:00+00:00,0.985095,0.985095,0.985075,0.98511,52
2026-05-22T20:11:00+00:00,0.985085,0.985025,0.98499,0.98509,60
2026-05-22T20:12:00+00:00,0.985025,0.98503,0.98501,0.985045,12
2026-05-22T20:13:00+00:00,0.98503,0.98508,0.98502,0.98509,61
2026-05-22T20:14:00+00:00,0.985085,0.98516,0.985085,0.98516,122
2026-05-22T20:15:00+00:00,0.985155,0.9851,0.985085,0.985165,114
2026-05-22T20:16:00+00:00,0.985095,0.98507,0.98507,0.98517,122
2026-05-22T20:17:00+00:00,0.98507,0.98505,0.985035,0.98511,164
2026-05-22T20:18:00+00:00,0.985045,0.985045,0.98501,0.98506,149
2026-05-22T20:19:00+00:00,0.985045,0.985105,0.98503,0.98511,132
2026-05-22T20:20:00+00:00,0.98511,0.98504,0.98503,0.985115,56
2026-05-22T20:21:00+00:00,0.98504,0.98504,0.985025,0.98509,61
2026-05-22T20:22:00+00:00,0.98504,0.98503,0.98503,0.985055,19
2026-05-22T20:23:00+00:00,0.985025,0.98504,0.985025,0.98506,65
2026-05-22T20:24:00+00:00,0.98504,0.98504,0.98503,0.98507,19
2026-05-22T20:25:00+00:00,0.985045,0.984995,0.98499,0.98506,37
2026-05-22T20:26:00+00:00,0.98499,0.984985,0.984985,0.98502,59
2026-05-22T20:27:00+00:00,0.984985,0.985035,0.984985,0.985075,267
2026-05-22T20:28:00+00:00,0.985035,0.985045,0.985035,0.985085,61
2026-05-22T20:29:00+00:00,0.98505,0.98494,0.98494,0.98507,167
2026-05-22T20:30:00+00:00,0.984945,0.984925,0.984875,0.98495,124
2026-05-22T20:31:00+00:00,0.984925,0.984865,0.984665,0.984945,377
2026-05-22T20:32:00+00:00,0.98486,0.984755,0.984725,0.98495,501
2026-05-22T20:33:00+00:00,0.98476,0.984875,0.98474,0.98495,270
2026-05-22T20:34:00+00:00,0.98489,0.98495,0.98479,0.985,436
2026-05-22T20:35:00+00:00,0.984945,0.98496,0.9849,0.984975,219
2026-05-22T20:36:00+00:00,0.984965,0.98503,0.984925,0.98504,172
2026-05-22T20:37:00+00:00,0.98503,0.985005,0.98499,0.98506,201
2026-05-22T20:38:00+00:00,0.985005,0.985045,0.98494,0.98508,602
2026-05-22T20:39:00+00:00,0.985055,0.98509,0.985025,0.98509,205
2026-05-22T20:40:00+00:00,0.98508,0.985055,0.98503,0.985155,189
2026-05-22T20:41:00+00:00,0.985055,0.985055,0.98502,0.98508,126
2026-05-22T20:42:00+00:00,0.98505,0.985055,0.98501,0.98509,136
2026-05-22T20:43:00+00:00,0.98503,0.98509,0.985015,0.985115,429
2026-05-22T20:44:00+00:00,0.985085,0.985095,0.985045,0.98512,367
2026-05-22T20:45:00+00:00,0.98507,0.985055,0.98501,0.985095,189
2026-05-22T20:46:00+00:00,0.98508,0.98499,0.98498,0.98508,185
2026-05-22T20:47:00+00:00,0.984995,0.984975,0.984925,0.98503,171
2026-05-22T20:48:00+00:00,0.984945,0.984885,0.984885,0.985015,89
2026-05-22T20:49:00+00:00,0.984885,0.985025,0.98485,0.985025,71
2026-05-22T20:50:00+00:00,0.985,0.984925,0.9849,0.985025,26
2026-05-22T20:51:00+00:00,0.98495,0.984875,0.984825,0.984975,54
2026-05-22T20:52:00+00:00,0.984875,0.985075,0.984875,0.985075,32
2026-05-22T20:53:00+00:00,0.9851,0.985175,0.9851,0.98525,55
2026-05-22T20:54:00+00:00,0.985175,0.9854,0.985155,0.985425,37
2026-05-22T20:55:00+00:00,0.9854,0.9853,0.985185,0.985425,67
2026-05-22T20:56:00+00:00,0.985275,0.98525,0.985085,0.98535,197
2026-05-22T20:57:00+00:00,0.98524,0.98515,0.98509,0.985325,133
2026-05-22T20:58:00+00:00,0.9851,0.98514,0.985045,0.985225,71
2026-05-22T20:59:00+00:00,0.98518,0.985095,0.985005,0.985305,41
2026-05-24T21:01:00+00:00,0.985095,0.985095,0.985095,0.985095,0
2026-05-24T21:02:00+00:00,0.985095,0.98796,0.985095,0.98837,6
2026-05-24T21:03:00+00:00,0.98796,0.987985,0.98792,0.98799,19
2026-05-24T21:04:00+00:00,0.98798,0.988015,0.987915,0.98802,23
2026-05-24T21:05:00+00:00,0.988025,0.98899,0.988025,0.989115,27
2026-05-24T21:06:00+00:00,0.98898,0.9889,0.988895,0.988985,19
2026-05-24T21:07:00+00:00,0.9889,0.988905,0.98888,0.98891,9
2026-05-24T21:08:00+00:00,0.988895,0.98888,0.98888,0.9889,12
2026-05-24T21:09:00+00:00,0.98888,0.98886,0.98886,0.988895,6
2026-05-24T21:10:00+00:00,0.98886,0.988495,0.988475,0.98886,16
2026-05-24T21:11:00+00:00,0.988495,0.988495,0.988485,0.98851,7
2026-05-24T21:12:00+00:00,0.988495,0.988425,0.988425,0.98861,33
2026-05-24T21:13:00+00:00,0.988425,0.988425,0.988395,0.98853,27
2026-05-24T21:14:00+00:00,0.988435,0.98869,0.988435,0.988695,51
2026-05-24T21:15:00+00:00,0.988695,0.988595,0.988595,0.9887,46
2026-05-24T21:16:00+00:00,0.988565,0.98851,0.98832,0.988605,50
2026-05-24T21:17:00+00:00,0.98851,0.98847,0.988295,0.988525,39
2026-05-24T21:18:00+00:00,0.988455,0.988435,0.98839,0.98847,17
2026-05-24T21:19:00+00:00,0.988435,0.98844,0.988435,0.988445,5
2026-05-24T21:20:00+00:00,0.98844,0.988865,0.98844,0.988875,19
2026-05-24T21:21:00+00:00,0.988865,0.9888,0.988755,0.98903,23
2026-05-24T21:22:00+00:00,0.9888,0.9888,0.9888,0.9888,0
2026-05-24T21:23:00+00:00,0.9888,0.98836,0.98833,0.9888,19
2026-05-24T21:24:00+00:00,0.98836,0.988355,0.988345,0.98837,16
2026-05-24T21:25:00+00:00,0.988345,0.9883,0.98823,0.988355,40
2026-05-24T21:26:00+00:00,0.988305,0.98828,0.988195,0.988315,47
2026-05-24T21:27:00+00:00,0.98829,0.988465,0.988245,0.98848,26
2026-05-24T21:28:00+00:00,0.988465,0.98843,0.988425,0.988495,17
2026-05-24T21:29:00+00:00,0.988445,0.988475,0.988425,0.988485,14
2026-05-24T21:30:00+00:00,0.98848,0.98838,0.98838,0.988485,17
2026-05-24T21:31:00+00:00,0.98838,0.98826,0.98817,0.98838,27
2026-05-24T21:32:00+00:00,0.98821,0.98812,0.988015,0.98821,28
2026-05-24T21:33:00+00:00,0.98812,0.98812,0.98811,0.98813,9
2026-05-24T21:34:00+00:00,0.98812,0.988115,0.988115,0.98814,4
2026-05-24T21:35:00+00:00,0.988115,0.98813,0.98807,0.988145,14
2026-05-24T21:36:00+00:00,0.98813,0.988105,0.988105,0.98815,12
2026-05-24T21:37:00+00:00,0.988115,0.988095,0.988095,0.98815,15
2026-05-24T21:38:00+00:00,0.988095,0.988055,0.988055,0.9881,33
2026-05-24T21:39:00+00:00,0.988055,0.988045,0.988045,0.988065,8
2026-05-24T21:40:00+00:00,0.988045,0.988205,0.988,0.988215,39
2026-05-24T21:41:00+00:00,0.9882,0.988475,0.988195,0.98865,37
2026-05-24T21:42:00+00:00,0.98849,0.988485,0.98842,0.98854,28
2026-05-24T21:43:00+00:00,0.988485,0.988575,0.988455,0.98859,24
2026-05-24T21:44:00+00:00,0.988575,0.98853,0.988505,0.98861,42
2026-05-24T21:45:00+00:00,0.9885,0.988475,0.98845,0.988525,46
2026-05-24T21:46:00+00:00,0.988455,0.988465,0.98841,0.9885,22
2026-05-24T21:47:00+00:00,0.988465,0.98847,0.988435,0.98851,3
2026-05-24T21:48:00+00:00,0.98847,0.98847,0.98847,0.98847,0
2026-05-24T21:49:00+00:00,0.98823,0.988445,0.988225,0.98851,8
2026-05-24T21:50:00+00:00,0.988445,0.98837,0.98837,0.98847,4
2026-05-24T21:51:00+00:00,0.98837,0.98841,0.98828,0.988445,23
2026-05-24T21:52:00+00:00,0.98841,0.98842,0.988365,0.988475,10
2026-05-24T21:53:00+00:00,0.98842,0.98817,0.98817,0.98853,13
2026-05-24T21:54:00+00:00,0.98817,0.98842,0.98817,0.98842,14
2026-05-24T21:55:00+00:00,0.98842,0.988485,0.988255,0.98849,33
2026-05-24T21:56:00+00:00,0.98849,0.988375,0.988375,0.98849,5
2026-05-24T21:57:00+00:00,0.988375,0.988515,0.988325,0.988515,5
2026-05-24T21:58:00+00:00,0.98846,0.988525,0.988385,0.98853,33
2026-05-24T21:59:00+00:00,0.988525,0.988575,0.988515,0.98858,10
2026-05-24T22:00:00+00:00,0.988555,0.98883,0.988115,0.988855,210
2026-05-24T22:01:00+00:00,0.988835,0.98895,0.98868,0.98905,251
2026-05-24T22:02:00+00:00,0.988965,0.988745,0.98862,0.98901,168
2026-05-24T22:03:00+00:00,0.98875,0.988705,0.98854,0.988805,171
2026-05-24T22:04:00+00:00,0.988715,0.988545,0.98849,0.98874,82
2026-05-24T22:05:00+00:00,0.988545,0.988605,0.988475,0.988605,203
2026-05-24T22:06:00+00:00,0.988615,0.98849,0.988395,0.988635,184
2026-05-24T22:07:00+00:00,0.988495,0.98845,0.988425,0.988525,36
2026-05-24T22:08:00+00:00,0.98845,0.98837,0.98828,0.988455,69
2026-05-24T22:09:00+00:00,0.98838,0.988385,0.98827,0.98842,142
2026-05-24T22:10:00+00:00,0.9884,0.98839,0.988275,0.98848,172
2026-05-24T22:11:00+00:00,0.988395,0.9883,0.988265,0.988435,108
2026-05-24T22:12:00+00:00,0.988295,0.988315,0.988205,0.988355,65
2026-05-24T22:13:00+00:00,0.988315,0.988215,0.98815,0.98833,165
2026-05-24T22:14:00+00:00,0.988215,0.988145,0.988135,0.98823,66
2026-05-24T22:15:00+00:00,0.988155,0.9881,0.988085,0.988295,233
2026-05-24T22:16:00+00:00,0.988095,0.98808,0.98803,0.98814,186
2026-05-24T22:17:00+00:00,0.988085,0.98812,0.98805,0.988185,177
2026-05-24T22:18:00+00:00,0.98811,0.988045,0.988015,0.98816,122
2026-05-24T22:19:00+00:00,0.988045,0.98802,0.987985,0.98805,86
2026-05-24T22:20:00+00:00,0.988025,0.988015,0.988,0.988095,150
2026-05-24T22:21:00+00:00,0.98801,0.987935,0.98791,0.988015,222
2026-05-24T22:22:00+00:00,0.98793,0.988005,0.987855,0.98802,172
2026-05-24T22:23:00+00:00,0.988005,0.987935,0.98791,0.988035,153
2026-05-24T22:24:00+00:00,0.987935,0.987855,0.98782,0.987945,75
2026-05-24T22:25:00+00:00,0.987865,0.98793,0.98782,0.98794,119
2026-05-24T22:26:00+00:00,0.987925,0.98785,0.987835,0.987995,122
2026-05-24T22:27:00+00:00,0.987845,0.98799,0.987845,0.98801,228
2026-05-24T22:28:00+00:00,0.987985,0.987795,0.98778,0.988005,209
2026-05-24T22:29:00+00:00,0.98779,0.98762,0.987535,0.9878,162
2026-05-24T22:30:00+00:00,0.98761,0.98754,0.98752,0.98762,271
2026-05-24T22:31:00+00:00,0.98754,0.98757,0.98743,0.987635,256
2026-05-24T22:32:00+00:00,0.987575,0.98765,0.98752,0.98765,105
2026-05-24T22:33:00+00:00,0.987645,0.98759,0.987565,0.98767,60
2026-05-24T22:34:00+00:00,0.98759,0.98758,0.987575,0.98763,44
2026-05-24T22:35:00+00:00,0.98758,0.98757,0.987515,0.987635,80
2026-05-24T22:36:00+00:00,0.987575,0.98757,0.987495,0.987585,180
2026-05-24T22:37:00+00:00,0.987565,0.98759,0.98749,0.987595,146
2026-05-24T22:38:00+00:00,0.987585,0.98759,0.987545,0.987625,102
2026-05-24T22:39:00+00:00,0.98759,0.987585,0.98757,0.987615,40
2026-05-24T22:40:00+00:00,0.98758,0.987565,0.987535,0.98759,99
2026-05-24T22:41:00+00:00,0.987565,0.987575,0.98744,0.987595,161
2026-05-24T22:42:00+00:00,0.987575,0.987585,0.987555,0.98763,113
2026-05-24T22:43:00+00:00,0.98758,0.987505,0.987435,0.987585,77
2026-05-24T22:44:00+00:00,0.987495,0.98759,0.987485,0.987595,90
2026-05-24T22:45:00+00:00,0.987585,0.98765,0.98757,0.987665,66
2026-05-24T22:46:00+00:00,0.98765,0.987825,0.98763,0.98785,181
2026-05-24T22:47:00+00:00,0.987825,0.987895,0.98781,0.987925,125
2026-05-24T22:48:00+00:00,0.987895,0.98795,0.987875,0.987955,26
2026-05-24T22:49:00+00:00,0.98795,0.988025,0.987915,0.98805,95
2026-05-24T22:50:00+00:00,0.988025,0.98802,0.987985,0.988035,107
2026-05-24T22:51:00+00:00,0.988015,0.988005,0.987925,0.988025,124
2026-05-24T22:52:00+00:00,0.988005,0.98796,0.98794,0.988005,117
2026-05-24T22:53:00+00:00,0.98796,0.98796,0.98794,0.98799,93
2026-05-24T22:54:00+00:00,0.98796,0.987915,0.987905,0.987975,63
2026-05-24T22:55:00+00:00,0.9879,0.987925,0.98787,0.98796,63
2026-05-24T22:56:00+00:00,0.98789,0.9878,0.9878,0.98791,50
2026-05-24T22:57:00+00:00,0.9878,0.98784,0.9878,0.98786,77
2026-05-24T22:58:00+00:00,0.987835,0.98791,0.98783,0.98791,35
2026-05-24T22:59:00+00:00,0.9879,0.98793,0.98788,0.987935,18
2026-05-24T23:00:00+00:00,0.98794,0.988195,0.98794,0.988265,169
2026-05-24T23:01:00+00:00,0.98821,0.988135,0.988135,0.988255,114
2026-05-24T23:02:00+00:00,0.98814,0.988095,0.988085,0.98814,44
2026-05-24T23:03:00+00:00,0.9881,0.98812,0.98809,0.988165,60
2026-05-24T23:04:00+00:00,0.988115,0.98818,0.988085,0.988185,96
2026-05-24T23:05:00+00:00,0.988175,0.988115,0.988115,0.988185,74
2026-05-24T23:06:00+00:00,0.98812,0.988115,0.9881,0.988155,54
2026-05-24T23:07:00+00:00,0.988115,0.988145,0.98809,0.98817,99
2026-05-24T23:08:00+00:00,0.98814,0.988155,0.98814,0.988165,37
2026-05-24T23:09:00+00:00,0.98816,0.98813,0.98809,0.988165,63
2026-05-24T23:10:00+00:00,0.988135,0.98813,0.98811,0.988195,80
2026-05-24T23:11:00+00:00,0.988125,0.988095,0.988075,0.98813,68
2026-05-24T23:12:00+00:00,0.9881,0.98804,0.988025,0.98811,84
2026-05-24T23:13:00+00:00,0.988035,0.98801,0.988,0.98805,94
2026-05-24T23:14:00+00:00,0.98801,0.98798,0.987975,0.988035,61
2026-05-24T23:15:00+00:00,0.98798,0.98798,0.98796,0.987985,42
2026-05-24T23:16:00+00:00,0.987975,0.987935,0.98792,0.98798,58
2026-05-24T23:17:00+00:00,0.98793,0.987985,0.98793,0.988,56
2026-05-24T23:18:00+00:00,0.98799,0.98795,0.98794,0.98799,45
2026-05-24T23:19:00+00:00,0.987945,0.987955,0.987905,0.98796,70
2026-05-24T23:20:00+00:00,0.98796,0.98795,0.987935,0.98796,46
2026-05-24T23:21:00+00:00,0.987945,0.98795,0.987935,0.987975,68
2026-05-24T23:22:00+00:00,0.98795,0.98795,0.98791,0.987955,28
2026-05-24T23:23:00+00:00,0.98795,0.98803,0.987945,0.988075,68
2026-05-24T23:24:00+00:00,0.988025,0.98798,0.98798,0.98805,66
2026-05-24T23:25:00+00:00,0.98798,0.987815,0.987815,0.987985,56
2026-05-24T23:26:00+00:00,0.987815,0.987865,0.987815,0.98787,30
2026-05-24T23:27:00+00:00,0.98787,0.987925,0.987845,0.987945,69
2026-05-24T23:28:00+00:00,0.98792,0.988015,0.987905,0.98802,121
2026-05-24T23:29:00+00:00,0.98801,0.98794,0.98793,0.988015,76
2026-05-24T23:30:00+00:00,0.987935,0.987905,0.98785,0.98795,91
2026-05-24T23:31:00+00:00,0.98791,0.988015,0.987905,0.988045,87
2026-05-24T23:32:00+00:00,0.98802,0.988085,0.988015,0.988115,78
2026-05-24T23:33:00+00:00,0.988085,0.98809,0.98804,0.98809,32
2026-05-24T23:34:00+00:00,0.98809,0.988075,0.98803,0.988105,127
2026-05-24T23:35:00+00:00,0.98807,0.988175,0.98807,0.988195,192
2026-05-24T23:36:00+00:00,0.988175,0.9882,0.98816,0.988205,53
2026-05-24T23:37:00+00:00,0.9882,0.98821,0.988155,0.98823,91
2026-05-24T23:38:00+00:00,0.988205,0.988225,0.988175,0.98824,58
2026-05-24T23:39:00+00:00,0.988225,0.98831,0.98821,0.988315,47
2026-05-24T23:40:00+00:00,0.988305,0.988325,0.988265,0.98834,107
2026-05-24T23:41:00+00:00,0.988325,0.9883,0.988275,0.98834,81
2026-05-24T23:42:00+00:00,0.9883,0.98833,0.988275,0.98834,83
2026-05-24T23:43:00+00:00,0.98834,0.98842,0.98834,0.988435,105
2026-05-24T23:44:00+00:00,0.98842,0.98836,0.98836,0.98843,38
2026-05-24T23:45:00+00:00,0.988355,0.98836,0.988235,0.988365,160
2026-05-24T23:46:00+00:00,0.988365,0.98833,0.988315,0.988395,120
2026-05-24T23:47:00+00:00,0.988325,0.98835,0.988325,0.98835,115
2026-05-24T23:48:00+00:00,0.988345,0.988275,0.988265,0.988355,115
2026-05-24T23:49:00+00:00,0.98828,0.988165,0.98815,0.98828,88
2026-05-24T23:50:00+00:00,0.98817,0.98806,0.988005,0.988175,169
2026-05-24T23:51:00+00:00,0.988065,0.98805,0.988015,0.988075,147
2026-05-24T23:52:00+00:00,0.988055,0.98802,0.98801,0.988125,108
2026-05-24T23:53:00+00:00,0.988025,0.9881,0.988015,0.988165,170
2026-05-24T23:54:00+00:00,0.9881,0.98807,0.988045,0.98812,154
2026-05-24T23:55:00+00:00,0.988065,0.98805,0.988015,0.98813,121
2026-05-24T23:56:00+00:00,0.988045,0.987945,0.98794,0.988055,149
2026-05-24T23:57:00+00:00,0.987955,0.987925,0.98787,0.987955,168
2026-05-24T23:58:00+00:00,0.987935,0.987895,0.987865,0.98798,160
2026-05-24T23:59:00+00:00,0.98789,0.987815,0.98775,0.987905,241
2026-05-25T00:00:00+00:00,0.98781,0.987885,0.987775,0.987915,377
2026-05-25T00:01:00+00:00,0.98788,0.9877,0.98768,0.9879,237
2026-05-25T00:02:00+00:00,0.9877,0.987735,0.987605,0.98774,214
2026-05-25T00:03:00+00:00,0.987735,0.987675,0.987675,0.98782,195
2026-05-25T00:04:00+00:00,0.98768,0.98761,0.98758,0.98768,78
2026-05-25T00:05:00+00:00,0.98762,0.98774,0.987605,0.98778,113
2026-05-25T00:06:00+00:00,0.987725,0.987925,0.987725,0.987925,137
2026-05-25T00:07:00+00:00,0.987915,0.988015,0.98789,0.988025,104
2026-05-25T00:08:00+00:00,0.988025,0.98795,0.98794,0.98803,143
2026-05-25T00:09:00+00:00,0.987945,0.98803,0.98794,0.98804,89
2026-05-25T00:10:00+00:00,0.988025,0.98815,0.988025,0.988175,169
2026-05-25T00:11:00+00:00,0.98814,0.988115,0.9881,0.98816,271
2026-05-25T00:12:00+00:00,0.98811,0.9881,0.988085,0.98815,148
2026-05-25T00:13:00+00:00,0.988095,0.988095,0.988065,0.98811,143
2026-05-25T00:14:00+00:00,0.9881,0.98806,0.987995,0.98811,158
2026-05-25T00:15:00+00:00,0.988055,0.988075,0.988005,0.98816,233
2026-05-25T00:16:00+00:00,0.98807,0.988145,0.98807,0.98819,290
2026-05-25T00:17:00+00:00,0.988155,0.98803,0.987985,0.988155,238
2026-05-25T00:18:00+00:00,0.988035,0.98817,0.98802,0.98817,194
2026-05-25T00:19:00+00:00,0.98818,0.98823,0.988165,0.98824,186
2026-05-25T00:20:00+00:00,0.988225,0.988205,0.98815,0.98824,186
2026-05-25T00:21:00+00:00,0.98821,0.98831,0.988185,0.98831,206
2026-05-25T00:22:00+00:00,0.988315,0.98843,0.988305,0.98848,232
2026-05-25T00:23:00+00:00,0.98844,0.988495,0.98843,0.988525,199
2026-05-25T00:24:00+00:00,0.9885,0.988605,0.98849,0.988625,314
2026-05-25T00:25:00+00:00,0.988605,0.98837,0.988365,0.988615,224
2026-05-25T00:26:00+00:00,0.988375,0.988455,0.988345,0.98846,262
2026-05-25T00:27:00+00:00,0.98845,0.98844,0.988425,0.98851,175
2026-05-25T00:28:00+00:00,0.988435,0.988455,0.988425,0.98851,215
2026-05-25T00:29:00+00:00,0.988465,0.988675,0.98845,0.98869,219
2026-05-25T00:30:00+00:00,0.98868,0.98874,0.98867,0.98879,232
2026-05-25T00:31:00+00:00,0.988745,0.98866,0.98865,0.988745,168
2026-05-25T00:32:00+00:00,0.988665,0.98858,0.98857,0.988705,128
2026-05-25T00:33:00+00:00,0.98859,0.98848,0.988415,0.9886,193
2026-05-25T00:34:00+00:00,0.988475,0.988445,0.988425,0.9885,123
2026-05-25T00:35:00+00:00,0.98845,0.988535,0.988445,0.988575,167
2026-05-25T00:36:00+00:00,0.98855,0.9885,0.98846,0.98857,135
2026-05-25T00:37:00+00:00,0.988505,0.9886,0.98849,0.988615,142
2026-05-25T00:38:00+00:00,0.98861,0.988615,0.988505,0.988615,151
2026-05-25T00:39:00+00:00,0.98862,0.98858,0.98858,0.988665,174
2026-05-25T00:40:00+00:00,0.98857,0.988445,0.988405,0.98857,138
2026-05-25T00:41:00+00:00,0.988445,0.988415,0.98841,0.98846,78
2026-05-25T00:42:00+00:00,0.98841,0.988295,0.988285,0.98841,155
2026-05-25T00:43:00+00:00,0.9883,0.98824,0.988225,0.98834,128
2026-05-25T00:44:00+00:00,0.98824,0.988295,0.98823,0.9883,156
2026-05-25T00:45:00+00:00,0.9883,0.988405,0.988295,0.98841,205
2026-05-25T00:46:00+00:00,0.98841,0.988465,0.988395,0.9885,101
2026-05-25T00:47:00+00:00,0.988475,0.98859,0.98844,0.98859,145
2026-05-25T00:48:00+00:00,0.988585,0.9887,0.988545,0.98871,134
2026-05-25T00:49:00+00:00,0.9887,0.98882,0.98869,0.98899,546
2026-05-25T00:50:00+00:00,0.988815,0.98874,0.988695,0.988875,304
2026-05-25T00:51:00+00:00,0.988735,0.988835,0.988685,0.98886,204
2026-05-25T00:52:00+00:00,0.98883,0.988835,0.988745,0.988875,162
2026-05-25T00:53:00+00:00,0.98884,0.988845,0.988835,0.98891,167
2026-05-25T00:54:00+00:00,0.98885,0.988745,0.988735,0.988885,271
2026-05-25T00:55:00+00:00,0.98875,0.988605,0.988605,0.988815,415
2026-05-25T00:56:00+00:00,0.988595,0.98851,0.988495,0.988615,386
2026-05-25T00:57:00+00:00,0.988515,0.98823,0.988215,0.988545,306
2026-05-25T00:58:00+00:00,0.988225,0.98811,0.98806,0.988315,327
2026-05-25T00:59:00+00:00,0.988105,0.98813,0.988035,0.98814,248
2026-05-25T01:00:00+00:00,0.98814,0.98836,0.98812,0.988375,559
2026-05-25T01:01:00+00:00,0.988365,0.988375,0.988285,0.9884,399
2026-05-25T01:02:00+00:00,0.98837,0.9884,0.988295,0.988435,394
2026-05-25T01:03:00+00:00,0.988405,0.988425,0.988355,0.98848,309
2026-05-25T01:04:00+00:00,0.988435,0.9884,0.98833,0.988465,220
2026-05-25T01:05:00+00:00,0.988405,0.988485,0.988405,0.98854,243
2026-05-25T01:06:00+00:00,0.988495,0.98861,0.988445,0.988615,218
2026-05-25T01:07:00+00:00,0.988615,0.988625,0.988585,0.98868,229
2026-05-25T01:08:00+00:00,0.98863,0.98852,0.98849,0.98865,218
2026-05-25T01:09:00+00:00,0.988515,0.98854,0.988475,0.98858,177
2026-05-25T01:10:00+00:00,0.988545,0.98855,0.988515,0.98863,177
2026-05-25T01:11:00+00:00,0.98856,0.98871,0.988555,0.98873,242
2026-05-25T01:12:00+00:00,0.988705,0.988665,0.988665,0.98873,182
2026-05-25T01:13:00+00:00,0.98866,0.98879,0.988645,0.988885,261
2026-05-25T01:14:00+00:00,0.988785,0.988925,0.988735,0.989005,333
2026-05-25T01:15:00+00:00,0.98892,0.9888,0.988755,0.988995,293
2026-05-25T01:16:00+00:00,0.988805,0.98882,0.988685,0.988875,200
2026-05-25T01:17:00+00:00,0.98882,0.988975,0.98882,0.98898,115
2026-05-25T01:18:00+00:00,0.98897,0.98887,0.988865,0.98898,186
2026-05-25T01:19:00+00:00,0.988875,0.98894,0.98883,0.98898,207
2026-05-25T01:20:00+00:00,0.988945,0.98886,0.988825,0.988965,245
2026-05-25T01:21:00+00:00,0.98886,0.988855,0.988835,0.98892,120
2026-05-25T01:22:00+00:00,0.988855,0.988925,0.98885,0.98895,109
2026-05-25T01:23:00+00:00,0.98892,0.988865,0.988835,0.988985,154
2026-05-25T01:24:00+00:00,0.98887,0.988845,0.988815,0.988885,125
2026-05-25T01:25:00+00:00,0.988855,0.988885,0.98885,0.988985,193
2026-05-25T01:26:00+00:00,0.98888,0.988955,0.98885,0.988965,184
2026-05-25T01:27:00+00:00,0.98896,0.98903,0.98895,0.98903,97
2026-05-25T01:28:00+00:00,0.98903,0.98921,0.989025,0.98924,154
2026-05-25T01:29:00+00:00,0.989205,0.98951,0.989205,0.98952,295
2026-05-25T01:30:00+00:00,0.989515,0.988785,0.98868,0.989515,422
2026-05-25T01:31:00+00:00,0.988785,0.98886,0.988785,0.989035,270
2026-05-25T01:32:00+00:00,0.98885,0.988825,0.988745,0.98893,259
2026-05-25T01:33:00+00:00,0.98883,0.988905,0.98883,0.988985,162
2026-05-25T01:34:00+00:00,0.9889,0.98895,0.9889,0.988985,182
2026-05-25T01:35:00+00:00,0.988945,0.989205,0.988945,0.98922,140
2026-05-25T01:36:00+00:00,0.98921,0.989215,0.98916,0.98923,207
2026-05-25T01:37:00+00:00,0.989215,0.9893,0.9892,0.98935,169
2026-05-25T01:38:00+00:00,0.989295,0.98925,0.989235,0.9893,102
2026-05-25T01:39:00+00:00,0.98926,0.98929,0.98922,0.989315,124
2026-05-25T01:40:00+00:00,0.989285,0.98923,0.98923,0.98932,120
2026-05-25T01:41:00+00:00,0.989235,0.98929,0.989235,0.989385,159
2026-05-25T01:42:00+00:00,0.989285,0.98911,0.989105,0.989285,175
2026-05-25T01:43:00+00:00,0.989125,0.989115,0.98908,0.989135,124
2026-05-25T01:44:00+00:00,0.989125,0.989085,0.989055,0.989155,163
2026-05-25T01:45:00+00:00,0.98909,0.989035,0.989,0.989095,129
2026-05-25T01:46:00+00:00,0.98903,0.988975,0.98893,0.9891,190
2026-05-25T01:47:00+00:00,0.988975,0.98904,0.988975,0.989055,98
2026-05-25T01:48:00+00:00,0.98904,0.989085,0.988965,0.98911,127
2026-05-25T01:49:00+00:00,0.98909,0.989025,0.988985,0.98909,142
2026-05-25T01:50:00+00:00,0.98901,0.988915,0.98891,0.98903,130
2026-05-25T01:51:00+00:00,0.988915,0.988975,0.98888,0.989005,145
2026-05-25T01:52:00+00:00,0.98898,0.98893,0.988905,0.989,103
2026-05-25T01:53:00+00:00,0.988935,0.988945,0.988905,0.98896,86
2026-05-25T01:54:00+00:00,0.98895,0.988895,0.988855,0.988965,109
2026-05-25T01:55:00+00:00,0.988895,0.98896,0.988895,0.98898,126
2026-05-25T01:56:00+00:00,0.988965,0.98883,0.98879,0.98897,84
2026-05-25T01:57:00+00:00,0.98883,0.988735,0.98873,0.988835,104
2026-05-25T01:58:00+00:00,0.98873,0.98884,0.988715,0.98884,129
2026-05-25T01:59:00+00:00,0.988845,0.98885,0.988835,0.988885,70
2026-05-25T02:00:00+00:00,0.98886,0.98894,0.98884,0.988985,204
2026-05-25T02:01:00+00:00,0.98894,0.988975,0.988895,0.988985,99
2026-05-25T02:02:00+00:00,0.98898,0.98898,0.98898,0.98903,93
2026-05-25T02:03:00+00:00,0.988985,0.98896,0.988955,0.989,144
2026-05-25T02:04:00+00:00,0.988955,0.98895,0.988915,0.988985,95
2026-05-25T02:05:00+00:00,0.988945,0.98898,0.988915,0.98899,84
2026-05-25T02:06:00+00:00,0.988975,0.989135,0.988945,0.98918,173
2026-05-25T02:07:00+00:00,0.989135,0.989275,0.989115,0.9893,146
2026-05-25T02:08:00+00:00,0.989265,0.98919,0.989135,0.989265,174
2026-05-25T02:09:00+00:00,0.98919,0.989205,0.989185,0.989305,135
2026-05-25T02:10:00+00:00,0.989205,0.989225,0.989195,0.989265,121
2026-05-25T02:11:00+00:00,0.989205,0.989045,0.98899,0.98922,159
2026-05-25T02:12:00+00:00,0.989035,0.98913,0.989015,0.98913,116
2026-05-25T02:13:00+00:00,0.989125,0.988995,0.988995,0.98916,88
2026-05-25T02:14:00+00:00,0.98899,0.989045,0.98899,0.989075,132
2026-05-25T02:15:00+00:00,0.98905,0.98903,0.98898,0.98907,125
2026-05-25T02:16:00+00:00,0.989035,0.988935,0.98889,0.989035,176
2026-05-25T02:17:00+00:00,0.988935,0.988935,0.988915,0.988945,54
2026-05-25T02:18:00+00:00,0.988935,0.989055,0.988935,0.98906,80
2026-05-25T02:19:00+00:00,0.989055,0.98907,0.989005,0.989105,86
2026-05-25T02:20:00+00:00,0.989065,0.989155,0.989005,0.98917,83
2026-05-25T02:21:00+00:00,0.989155,0.98917,0.989115,0.989185,71
2026-05-25T02:22:00+00:00,0.989165,0.98921,0.989155,0.98922,72
2026-05-25T02:23:00+00:00,0.98921,0.989405,0.9892,0.989425,125
2026-05-25T02:24:00+00:00,0.989405,0.98944,0.989385,0.98947,85
2026-05-25T02:25:00+00:00,0.989435,0.98941,0.98937,0.989465,88
2026-05-25T02:26:00+00:00,0.98941,0.989345,0.989285,0.989415,77
2026-05-25T02:27:00+00:00,0.98935,0.98928,0.98928,0.989375,85
2026-05-25T02:28:00+00:00,0.98928,0.989305,0.98923,0.989335,117
2026-05-25T02:29:00+00:00,0.989305,0.989295,0.989275,0.98932,65
2026-05-25T02:30:00+00:00,0.9893,0.98927,0.98926,0.98931,100
2026-05-25T02:31:00+00:00,0.989275,0.989225,0.989215,0.989295,73
2026-05-25T02:32:00+00:00,0.98922,0.98934,0.989215,0.98937,103
2026-05-25T02:33:00+00:00,0.98934,0.98929,0.98927,0.989365,112
2026-05-25T02:34:00+00:00,0.989285,0.989235,0.989225,0.989285,64
2026-05-25T02:35:00+00:00,0.98924,0.989235,0.98923,0.98929,70
2026-05-25T02:36:00+00:00,0.989235,0.98921,0.989205,0.989235,26
2026-05-25T02:37:00+00:00,0.989215,0.989215,0.98921,0.98927,41
2026-05-25T02:38:00+00:00,0.989215,0.989215,0.98919,0.989235,76
2026-05-25T02:39:00+00:00,0.989215,0.9891,0.989025,0.98927,102
2026-05-25T02:40:00+00:00,0.989095,0.988985,0.9889,0.989095,160
2026-05-25T02:41:00+00:00,0.988985,0.989035,0.98897,0.989035,57
2026-05-25T02:42:00+00:00,0.98903,0.98913,0.989025,0.98913,85
2026-05-25T02:43:00+00:00,0.989125,0.989125,0.98911,0.98916,61
2026-05-25T02:44:00+00:00,0.98912,0.98912,0.989095,0.98914,62
2026-05-25T02:45:00+00:00,0.98912,0.989115,0.989115,0.98914,51
2026-05-25T02:46:00+00:00,0.989115,0.989035,0.989025,0.98913,106
2026-05-25T02:47:00+00:00,0.989035,0.98909,0.989035,0.98913,123
2026-05-25T02:48:00+00:00,0.98909,0.989085,0.989045,0.98912,109
2026-05-25T02:49:00+00:00,0.989075,0.989015,0.989015,0.989095,59
2026-05-25T02:50:00+00:00,0.98902,0.989045,0.989015,0.989055,35
2026-05-25T02:51:00+00:00,0.989045,0.98893,0.988925,0.98906,68
2026-05-25T02:52:00+00:00,0.988925,0.988945,0.988925,0.988995,63
2026-05-25T02:53:00+00:00,0.988945,0.988925,0.988915,0.988955,62
2026-05-25T02:54:00+00:00,0.98892,0.98878,0.988765,0.98893,84
2026-05-25T02:55:00+00:00,0.988775,0.988675,0.98863,0.988775,102
2026-05-25T02:56:00+00:00,0.98868,0.988655,0.98863,0.988685,101
2026-05-25T02:57:00+00:00,0.98865,0.988695,0.988645,0.988715,79
2026-05-25T02:58:00+00:00,0.9887,0.988615,0.988595,0.98871,119
2026-05-25T02:59:00+00:00,0.98861,0.98868,0.98858,0.988695,126
2026-05-25T03:00:00+00:00,0.988675,0.98877,0.98867,0.988885,255
2026-05-25T03:01:00+00:00,0.988775,0.98881,0.98872,0.988825,125
2026-05-25T03:02:00+00:00,0.988815,0.988595,0.988595,0.988835,151
2026-05-25T03:03:00+00:00,0.988605,0.988615,0.988545,0.988645,145
2026-05-25T03:04:00+00:00,0.98862,0.98874,0.988515,0.98875,180
2026-05-25T03:05:00+00:00,0.988745,0.98865,0.98862,0.98876,124
2026-05-25T03:06:00+00:00,0.988645,0.9886,0.9886,0.98869,83
2026-05-25T03:07:00+00:00,0.9886,0.988665,0.988565,0.98868,137
2026-05-25T03:08:00+00:00,0.98867,0.988675,0.98867,0.98875,107
2026-05-25T03:09:00+00:00,0.988675,0.988655,0.988645,0.988725,81
2026-05-25T03:10:00+00:00,0.988655,0.98868,0.988625,0.988685,67
2026-05-25T03:11:00+00:00,0.98867,0.988745,0.988645,0.98877,84
2026-05-25T03:12:00+00:00,0.988745,0.98871,0.98869,0.98875,79
2026-05-25T03:13:00+00:00,0.988705,0.98865,0.988645,0.98872,101
2026-05-25T03:14:00+00:00,0.988645,0.98866,0.988615,0.9887,148
2026-05-25T03:15:00+00:00,0.98866,0.98858,0.98858,0.98867,72
2026-05-25T03:16:00+00:00,0.98858,0.988605,0.988545,0.98863,82
2026-05-25T03:17:00+00:00,0.988605,0.98866,0.988545,0.988705,162
2026-05-25T03:18:00+00:00,0.988655,0.98867,0.98864,0.988695,65
2026-05-25T03:19:00+00:00,0.988675,0.988685,0.98866,0.98874,113
2026-05-25T03:20:00+00:00,0.98869,0.988795,0.988685,0.9888,133
2026-05-25T03:21:00+00:00,0.98879,0.98876,0.988755,0.988865,193
2026-05-25T03:22:00+00:00,0.988765,0.98873,0.988615,0.988765,200
2026-05-25T03:23:00+00:00,0.988715,0.98866,0.988625,0.988715,100
2026-05-25T03:24:00+00:00,0.988655,0.988615,0.98857,0.988675,116
2026-05-25T03:25:00+00:00,0.98862,0.98867,0.988605,0.98867,71
2026-05-25T03:26:00+00:00,0.98867,0.98876,0.988655,0.988765,132
2026-05-25T03:27:00+00:00,0.988765,0.988895,0.988755,0.9889,116
2026-05-25T03:28:00+00:00,0.9889,0.98884,0.98882,0.98891,79
2026-05-25T03:29:00+00:00,0.98884,0.988835,0.988805,0.98885,85
2026-05-25T03:30:00+00:00,0.988835,0.98887,0.988835,0.9889,82
2026-05-25T03:31:00+00:00,0.988865,0.98884,0.98881,0.988925,177
2026-05-25T03:32:00+00:00,0.988845,0.98889,0.98884,0.988915,90
2026-05-25T03:33:00+00:00,0.98889,0.988895,0.98888,0.988925,50
2026-05-25T03:34:00+00:00,0.988895,0.98888,0.98885,0.9889,95
2026-05-25T03:35:00+00:00,0.98888,0.988925,0.988875,0.989025,208
2026-05-25T03:36:00+00:00,0.98893,0.98889,0.988875,0.98894,86
2026-05-25T03:37:00+00:00,0.988895,0.988935,0.988895,0.98894,34
2026-05-25T03:38:00+00:00,0.98893,0.98893,0.98892,0.98897,116
2026-05-25T03:39:00+00:00,0.988935,0.988825,0.98878,0.98895,207
2026-05-25T03:40:00+00:00,0.98883,0.988795,0.988775,0.98883,129
2026-05-25T03:41:00+00:00,0.988785,0.988815,0.988775,0.988825,122
2026-05-25T03:42:00+00:00,0.988815,0.98888,0.988815,0.988925,94
2026-05-25T03:43:00+00:00,0.98888,0.98892,0.988875,0.98892,38
2026-05-25T03:44:00+00:00,0.98891,0.988885,0.98883,0.98891,77
2026-05-25T03:45:00+00:00,0.98889,0.98887,0.98887,0.98892,147
2026-05-25T03:46:00+00:00,0.988875,0.98874,0.98874,0.988895,206
2026-05-25T03:47:00+00:00,0.98874,0.988835,0.98873,0.98884,84
2026-05-25T03:48:00+00:00,0.98883,0.98883,0.98878,0.988865,91
2026-05-25T03:49:00+00:00,0.98883,0.988815,0.988785,0.98884,83
2026-05-25T03:50:00+00:00,0.988815,0.988915,0.9888,0.98894,138
2026-05-25T03:51:00+00:00,0.988905,0.988905,0.98888,0.988955,126
2026-05-25T03:52:00+00:00,0.98891,0.98897,0.988895,0.98897,76
2026-05-25T03:53:00+00:00,0.98897,0.98897,0.988935,0.988975,51
2026-05-25T03:54:00+00:00,0.98897,0.988935,0.988915,0.988975,65
2026-05-25T03:55:00+00:00,0.98894,0.98895,0.98892,0.988985,80
2026-05-25T03:56:00+00:00,0.98895,0.98882,0.98878,0.98895,88
2026-05-25T03:57:00+00:00,0.98882,0.988825,0.98882,0.988935,121
2026-05-25T03:58:00+00:00,0.98883,0.988785,0.988775,0.988855,122
2026-05-25T03:59:00+00:00,0.988785,0.988845,0.98878,0.988865,84
2026-05-25T04:00:00+00:00,0.98884,0.98883,0.98881,0.988925,157
2026-05-25T04:01:00+00:00,0.988835,0.98882,0.988805,0.988835,50
2026-05-25T04:02:00+00:00,0.98882,0.988905,0.98882,0.98891,54
2026-05-25T04:03:00+00:00,0.988895,0.988975,0.98888,0.98898,43
2026-05-25T04:04:00+00:00,0.988975,0.98895,0.988945,0.98899,29
2026-05-25T04:05:00+00:00,0.98896,0.988995,0.988945,0.98903,61
2026-05-25T04:06:00+00:00,0.988995,0.989005,0.98898,0.98901,53
2026-05-25T04:07:00+00:00,0.989005,0.98905,0.988985,0.989085,108
2026-05-25T04:08:00+00:00,0.98904,0.98902,0.98899,0.989065,80
2026-05-25T04:09:00+00:00,0.989025,0.988935,0.988905,0.989025,107
2026-05-25T04:10:00+00:00,0.988935,0.98893,0.988915,0.988945,41
2026-05-25T04:11:00+00:00,0.98893,0.9889,0.988875,0.98896,113
2026-05-25T04:12:00+00:00,0.98891,0.98893,0.98888,0.98896,120
2026-05-25T04:13:00+00:00,0.988935,0.988945,0.988905,0.988955,117
2026-05-25T04:14:00+00:00,0.988935,0.988925,0.98892,0.988955,79
2026-05-25T04:15:00+00:00,0.988935,0.988945,0.988925,0.989005,142
2026-05-25T04:16:00+00:00,0.988935,0.988975,0.98893,0.989005,59
2026-05-25T04:17:00+00:00,0.988975,0.988975,0.988965,0.988975,11
2026-05-25T04:18:00+00:00,0.988985,0.989,0.988985,0.989075,103
2026-05-25T04:19:00+00:00,0.988995,0.98896,0.988955,0.989025,41
2026-05-25T04:20:00+00:00,0.98896,0.989025,0.988915,0.989055,103
2026-05-25T04:21:00+00:00,0.989015,0.989045,0.989015,0.989115,101
2026-05-25T04:22:00+00:00,0.989045,0.989025,0.98902,0.98906,40
2026-05-25T04:23:00+00:00,0.989025,0.98904,0.989,0.989045,58
2026-05-25T04:24:00+00:00,0.98904,0.989075,0.989025,0.989075,76
2026-05-25T04:25:00+00:00,0.989075,0.98915,0.989065,0.98916,81
2026-05-25T04:26:00+00:00,0.989155,0.989265,0.989145,0.98927,88
2026-05-25T04:27:00+00:00,0.98926,0.989315,0.98925,0.989315,60
2026-05-25T04:28:00+00:00,0.989305,0.989285,0.989275,0.98933,119
2026-05-25T04:29:00+00:00,0.989275,0.98932,0.989235,0.98933,56
2026-05-25T04:30:00+00:00,0.989325,0.989275,0.989245,0.989335,70
2026-05-25T04:31:00+00:00,0.989275,0.989345,0.989235,0.989345,146
2026-05-25T04:32:00+00:00,0.98933,0.989295,0.989265,0.989335,70
2026-05-25T04:33:00+00:00,0.989295,0.989325,0.989285,0.989345,52
2026-05-25T04:34:00+00:00,0.989325,0.989365,0.98929,0.98939,109
2026-05-25T04:35:00+00:00,0.989365,0.989465,0.989355,0.98949,97
2026-05-25T04:36:00+00:00,0.98947,0.989435,0.989385,0.989475,91
2026-05-25T04:37:00+00:00,0.98944,0.989545,0.989415,0.989545,106
2026-05-25T04:38:00+00:00,0.989545,0.989575,0.989515,0.98958,63
2026-05-25T04:39:00+00:00,0.989575,0.989575,0.989535,0.98958,44
2026-05-25T04:40:00+00:00,0.989575,0.98957,0.989535,0.989635,98
2026-05-25T04:41:00+00:00,0.989575,0.98957,0.989555,0.9896,77
2026-05-25T04:42:00+00:00,0.98957,0.989625,0.989565,0.989635,67
2026-05-25T04:43:00+00:00,0.989625,0.98961,0.989605,0.98965,78
2026-05-25T04:44:00+00:00,0.98961,0.989675,0.989605,0.98969,60
2026-05-25T04:45:00+00:00,0.989675,0.9897,0.989675,0.989725,78
2026-05-25T04:46:00+00:00,0.98971,0.989775,0.989695,0.98978,61
2026-05-25T04:47:00+00:00,0.98977,0.989745,0.989745,0.989885,94
2026-05-25T04:48:00+00:00,0.98975,0.989805,0.98972,0.989835,70
2026-05-25T04:49:00+00:00,0.989805,0.98981,0.989795,0.98983,38
2026-05-25T04:50:00+00:00,0.98982,0.98987,0.98982,0.989895,86
2026-05-25T04:51:00+00:00,0.98987,0.989865,0.98986,0.989975,173
2026-05-25T04:52:00+00:00,0.989865,0.98978,0.98978,0.989885,224
2026-05-25T04:53:00+00:00,0.989775,0.989815,0.989755,0.989815,58
2026-05-25T04:54:00+00:00,0.98981,0.989785,0.98978,0.989875,83
2026-05-25T04:55:00+00:00,0.9898,0.98983,0.989785,0.98984,111
2026-05-25T04:56:00+00:00,0.98984,0.98973,0.989715,0.989845,137
2026-05-25T04:57:00+00:00,0.989725,0.989845,0.98972,0.98992,117
2026-05-25T04:58:00+00:00,0.98985,0.989825,0.989795,0.989875,94
2026-05-25T04:59:00+00:00,0.98983,0.98973,0.989725,0.989835,77
2026-05-25T05:00:00+00:00,0.989725,0.98968,0.98967,0.98978,154
2026-05-25T05:01:00+00:00,0.98968,0.989825,0.989665,0.989855,135
2026-05-25T05:02:00+00:00,0.989825,0.98984,0.989825,0.989885,116
2026-05-25T05:03:00+00:00,0.989835,0.989825,0.989795,0.98987,119
2026-05-25T05:04:00+00:00,0.989815,0.989795,0.989775,0.98982,92
2026-05-25T05:05:00+00:00,0.9898,0.989845,0.98977,0.989845,88
2026-05-25T05:06:00+00:00,0.989845,0.9899,0.9898,0.989915,98
2026-05-25T05:07:00+00:00,0.9899,0.989865,0.98979,0.989945,151
2026-05-25T05:08:00+00:00,0.989865,0.98976,0.989745,0.989905,107
2026-05-25T05:09:00+00:00,0.989755,0.98977,0.98967,0.98978,175
2026-05-25T05:10:00+00:00,0.989765,0.989795,0.989745,0.989825,144
2026-05-25T05:11:00+00:00,0.989805,0.989915,0.989785,0.98995,143
2026-05-25T05:12:00+00:00,0.98992,0.98976,0.989745,0.989945,222
2026-05-25T05:13:00+00:00,0.989765,0.98982,0.98976,0.989845,90
2026-05-25T05:14:00+00:00,0.98982,0.989915,0.989815,0.989915,52
2026-05-25T05:15:00+00:00,0.989915,0.989915,0.989885,0.989925,83
2026-05-25T05:16:00+00:00,0.989925,0.989945,0.989915,0.98996,73
2026-05-25T05:17:00+00:00,0.98996,0.98992,0.9899,0.989975,128
2026-05-25T05:18:00+00:00,0.989925,0.989885,0.989885,0.989925,78
2026-05-25T05:19:00+00:00,0.989875,0.989845,0.989835,0.989875,41
2026-05-25T05:20:00+00:00,0.989845,0.989825,0.989825,0.98985,13
2026-05-25T05:21:00+00:00,0.989835,0.98977,0.98973,0.989835,99
2026-05-25T05:22:00+00:00,0.989775,0.989785,0.989775,0.98983,113
2026-05-25T05:23:00+00:00,0.989785,0.989775,0.98977,0.989835,37
2026-05-25T05:24:00+00:00,0.98978,0.989775,0.989765,0.989795,51
2026-05-25T05:25:00+00:00,0.989775,0.989805,0.989755,0.98981,64
2026-05-25T05:26:00+00:00,0.98981,0.98977,0.989765,0.989825,62
2026-05-25T05:27:00+00:00,0.98976,0.989725,0.989725,0.98976,59
2026-05-25T05:28:00+00:00,0.989725,0.989705,0.9897,0.98974,42
2026-05-25T05:29:00+00:00,0.9897,0.98967,0.989625,0.989705,35
2026-05-25T05:30:00+00:00,0.989675,0.989555,0.989525,0.989675,102
2026-05-25T05:31:00+00:00,0.98955,0.989575,0.989525,0.989645,127
2026-05-25T05:32:00+00:00,0.989585,0.989695,0.989585,0.9897,125
2026-05-25T05:33:00+00:00,0.9897,0.989745,0.9897,0.98979,94
2026-05-25T05:34:00+00:00,0.98974,0.989835,0.98974,0.989845,104
2026-05-25T05:35:00+00:00,0.989845,0.989875,0.98982,0.989875,78
2026-05-25T05:36:00+00:00,0.989865,0.98985,0.98983,0.989895,67
2026-05-25T05:37:00+00:00,0.98985,0.99002,0.98985,0.990035,65
2026-05-25T05:38:00+00:00,0.99002,0.98999,0.98998,0.99006,55
2026-05-25T05:39:00+00:00,0.989985,0.989945,0.989945,0.989985,31
2026-05-25T05:40:00+00:00,0.98995,0.98992,0.989885,0.98996,70
2026-05-25T05:41:00+00:00,0.989905,0.989865,0.98982,0.98995,118
2026-05-25T05:42:00+00:00,0.989865,0.989815,0.98977,0.989865,68
2026-05-25T05:43:00+00:00,0.98981,0.989855,0.989805,0.98991,105
2026-05-25T05:44:00+00:00,0.989855,0.98982,0.989815,0.98986,52
2026-05-25T05:45:00+00:00,0.989825,0.98988,0.989805,0.989925,110
2026-05-25T05:46:00+00:00,0.989885,0.989745,0.98974,0.98989,78
2026-05-25T05:47:00+00:00,0.989745,0.989805,0.989725,0.98982,86
2026-05-25T05:48:00+00:00,0.98982,0.989665,0.989665,0.98982,69
2026-05-25T05:49:00+00:00,0.989675,0.98964,0.989605,0.989725,102
2026-05-25T05:50:00+00:00,0.98963,0.98952,0.989515,0.989635,131
2026-05-25T05:51:00+00:00,0.98951,0.989575,0.98947,0.989605,103
2026-05-25T05:52:00+00:00,0.989575,0.989565,0.98952,0.989575,157
2026-05-25T05:53:00+00:00,0.98956,0.98956,0.98952,0.989595,140
2026-05-25T05:54:00+00:00,0.989565,0.989655,0.98956,0.989675,53
2026-05-25T05:55:00+00:00,0.98966,0.989625,0.9896,0.989675,124
2026-05-25T05:56:00+00:00,0.98963,0.989525,0.989525,0.98971,117
2026-05-25T05:57:00+00:00,0.98952,0.989525,0.989455,0.98954,161
2026-05-25T05:58:00+00:00,0.989525,0.989485,0.989435,0.989525,113
2026-05-25T05:59:00+00:00,0.98948,0.9895,0.989465,0.98962,190
2026-05-25T06:00:00+00:00,0.98949,0.98969,0.989365,0.9897,350
2026-05-25T06:01:00+00:00,0.989685,0.98982,0.98968,0.98985,298
2026-05-25T06:02:00+00:00,0.989825,0.989835,0.98981,0.9899,227
2026-05-25T06:03:00+00:00,0.989835,0.9899,0.98975,0.9899,142
2026-05-25T06:04:00+00:00,0.989895,0.989805,0.989795,0.989915,99
2026-05-25T06:05:00+00:00,0.989805,0.989815,0.989755,0.989815,122
2026-05-25T06:06:00+00:00,0.98982,0.98988,0.989815,0.989915,97
2026-05-25T06:07:00+00:00,0.98989,0.989955,0.989885,0.989955,122
2026-05-25T06:08:00+00:00,0.989955,0.990005,0.989955,0.99004,88
2026-05-25T06:09:00+00:00,0.99001,0.99,0.989955,0.99002,144
2026-05-25T06:10:00+00:00,0.990005,0.99009,0.990005,0.99011,146
2026-05-25T06:11:00+00:00,0.99009,0.99005,0.99002,0.990095,125
2026-05-25T06:12:00+00:00,0.990045,0.989985,0.989985,0.99007,101
2026-05-25T06:13:00+00:00,0.989985,0.98997,0.989945,0.99001,142
2026-05-25T06:14:00+00:00,0.98997,0.99006,0.98997,0.990065,171
2026-05-25T06:15:00+00:00,0.990065,0.98996,0.989935,0.99007,172
2026-05-25T06:16:00+00:00,0.98996,0.989865,0.989845,0.98996,145
2026-05-25T06:17:00+00:00,0.989865,0.98987,0.989835,0.989895,88
2026-05-25T06:18:00+00:00,0.98988,0.98991,0.989875,0.98993,76
2026-05-25T06:19:00+00:00,0.989905,0.989815,0.98981,0.98991,103
2026-05-25T06:20:00+00:00,0.98981,0.9897,0.98969,0.98983,134
2026-05-25T06:21:00+00:00,0.989695,0.98963,0.989615,0.989745,142
2026-05-25T06:22:00+00:00,0.98962,0.98957,0.989525,0.989635,154
2026-05-25T06:23:00+00:00,0.989555,0.98961,0.98955,0.98964,129
2026-05-25T06:24:00+00:00,0.98961,0.98964,0.98961,0.98969,143
2026-05-25T06:25:00+00:00,0.98964,0.98958,0.98958,0.98967,163
2026-05-25T06:26:00+00:00,0.98958,0.98961,0.98954,0.989635,163
2026-05-25T06:27:00+00:00,0.989625,0.989625,0.9896,0.989645,138
2026-05-25T06:28:00+00:00,0.98961,0.98964,0.989595,0.98965,110
2026-05-25T06:29:00+00:00,0.989635,0.98963,0.98955,0.98964,153
2026-05-25T06:30:00+00:00,0.98963,0.98963,0.989545,0.98963,181
2026-05-25T06:31:00+00:00,0.98963,0.989665,0.989615,0.98971,144
2026-05-25T06:32:00+00:00,0.989675,0.989685,0.989645,0.989755,210
2026-05-25T06:33:00+00:00,0.989695,0.989685,0.98967,0.989785,116
2026-05-25T06:34:00+00:00,0.98969,0.98976,0.98967,0.989785,141
2026-05-25T06:35:00+00:00,0.989765,0.989765,0.98967,0.989785,134
2026-05-25T06:36:00+00:00,0.98977,0.989685,0.989645,0.989785,163
2026-05-25T06:37:00+00:00,0.989685,0.989655,0.98958,0.98972,105
2026-05-25T06:38:00+00:00,0.98965,0.989735,0.989635,0.989745,93
2026-05-25T06:39:00+00:00,0.98973,0.98971,0.989705,0.989785,121
2026-05-25T06:40:00+00:00,0.98971,0.98973,0.989665,0.989735,111
2026-05-25T06:41:00+00:00,0.989735,0.98968,0.989645,0.989735,80
2026-05-25T06:42:00+00:00,0.989675,0.989625,0.98956,0.989695,142
2026-05-25T06:43:00+00:00,0.98962,0.989495,0.98948,0.98962,170
2026-05-25T06:44:00+00:00,0.9895,0.98949,0.98948,0.98951,76
2026-05-25T06:45:00+00:00,0.98948,0.989555,0.98948,0.98958,114
2026-05-25T06:46:00+00:00,0.989555,0.989765,0.989555,0.989775,152
2026-05-25T06:47:00+00:00,0.989755,0.98972,0.9897,0.989835,171
2026-05-25T06:48:00+00:00,0.989715,0.98957,0.98954,0.989715,120
2026-05-25T06:49:00+00:00,0.989565,0.98958,0.989535,0.989615,60
2026-05-25T06:50:00+00:00,0.98958,0.98953,0.98952,0.989605,91
2026-05-25T06:51:00+00:00,0.98953,0.989615,0.989495,0.98962,141
2026-05-25T06:52:00+00:00,0.98962,0.98949,0.98941,0.98963,149
2026-05-25T06:53:00+00:00,0.98948,0.98951,0.989415,0.989525,92
2026-05-25T06:54:00+00:00,0.989515,0.989535,0.989485,0.989545,167
2026-05-25T06:55:00+00:00,0.98954,0.989585,0.989505,0.989595,179
2026-05-25T06:56:00+00:00,0.98958,0.98956,0.98955,0.98961,163
2026-05-25T06:57:00+00:00,0.989555,0.989605,0.989505,0.989625,257
2026-05-25T06:58:00+00:00,0.989615,0.989635,0.98959,0.98968,207
2026-05-25T06:59:00+00:00,0.98964,0.989595,0.98958,0.98966,171
2026-05-25T07:00:00+00:00,0.9896,0.989565,0.989535,0.989645,211
2026-05-25T07:01:00+00:00,0.98956,0.989575,0.989555,0.989595,140
2026-05-25T07:02:00+00:00,0.989575,0.989605,0.989545,0.989655,237
2026-05-25T07:03:00+00:00,0.98961,0.989635,0.98961,0.989675,140
2026-05-25T07:04:00+00:00,0.989645,0.989635,0.989605,0.989705,138
2026-05-25T07:05:00+00:00,0.98963,0.989555,0.98952,0.98964,153
2026-05-25T07:06:00+00:00,0.98955,0.98939,0.989345,0.989555,240
2026-05-25T07:07:00+00:00,0.989385,0.98933,0.98933,0.98943,162
2026-05-25T07:08:00+00:00,0.98934,0.989265,0.989205,0.98935,210
2026-05-25T07:09:00+00:00,0.989255,0.989215,0.989125,0.98926,312
2026-05-25T07:10:00+00:00,0.98921,0.989235,0.98912,0.989275,216
2026-05-25T07:11:00+00:00,0.989225,0.9893,0.989215,0.98933,243
2026-05-25T07:12:00+00:00,0.989295,0.989285,0.98927,0.989365,302
2026-05-25T07:13:00+00:00,0.98928,0.989245,0.989215,0.9893,300
2026-05-25T07:14:00+00:00,0.98924,0.98921,0.98917,0.989255,185
2026-05-25T07:15:00+00:00,0.98921,0.989065,0.989055,0.989235,134
2026-05-25T07:16:00+00:00,0.98907,0.98901,0.98899,0.9891,138
2026-05-25T07:17:00+00:00,0.98901,0.988765,0.98873,0.98904,310
2026-05-25T07:18:00+00:00,0.98877,0.98835,0.98833,0.988855,872
2026-05-25T07:19:00+00:00,0.988335,0.988505,0.988315,0.98859,517
2026-05-25T07:20:00+00:00,0.98851,0.988555,0.988415,0.98863,416
2026-05-25T07:21:00+00:00,0.98856,0.98866,0.98855,0.98869,221
2026-05-25T07:22:00+00:00,0.98866,0.988625,0.988585,0.988775,293
2026-05-25T07:23:00+00:00,0.98862,0.98858,0.98852,0.988675,239
2026-05-25T07:24:00+00:00,0.988575,0.98882,0.988555,0.98886,269
2026-05-25T07:25:00+00:00,0.98883,0.988745,0.988705,0.98886,279
2026-05-25T07:26:00+00:00,0.988755,0.98886,0.988685,0.988875,312
2026-05-25T07:27:00+00:00,0.988865,0.988975,0.98886,0.98902,243
2026-05-25T07:28:00+00:00,0.98897,0.98888,0.98887,0.98897,156
2026-05-25T07:29:00+00:00,0.988875,0.98889,0.988855,0.988905,175
2026-05-25T07:30:00+00:00,0.988895,0.989045,0.988885,0.989055,136
2026-05-25T07:31:00+00:00,0.989035,0.989215,0.98902,0.98923,225
2026-05-25T07:32:00+00:00,0.98921,0.989395,0.989175,0.989445,448
2026-05-25T07:33:00+00:00,0.98939,0.98932,0.9893,0.989595,769
2026-05-25T07:34:00+00:00,0.989315,0.989125,0.989095,0.98933,311
2026-05-25T07:35:00+00:00,0.989115,0.989195,0.989115,0.989245,245
2026-05-25T07:36:00+00:00,0.989205,0.9892,0.98911,0.989255,266
2026-05-25T07:37:00+00:00,0.9892,0.98911,0.98908,0.98923,113
2026-05-25T07:38:00+00:00,0.98911,0.98914,0.989075,0.989185,191
2026-05-25T07:39:00+00:00,0.989135,0.98915,0.98913,0.989205,104
2026-05-25T07:40:00+00:00,0.989145,0.989125,0.989095,0.98915,108
2026-05-25T07:41:00+00:00,0.98912,0.98916,0.98912,0.989205,152
2026-05-25T07:42:00+00:00,0.989165,0.989175,0.98912,0.98922,126
2026-05-25T07:43:00+00:00,0.989175,0.98922,0.98916,0.98924,144
2026-05-25T07:44:00+00:00,0.98923,0.98917,0.98917,0.989305,299
2026-05-25T07:45:00+00:00,0.989175,0.98916,0.98913,0.98921,154
2026-05-25T07:46:00+00:00,0.98917,0.98919,0.98906,0.989195,246
2026-05-25T07:47:00+00:00,0.989175,0.98916,0.98914,0.9892,84
2026-05-25T07:48:00+00:00,0.98916,0.98913,0.98912,0.98921,102
2026-05-25T07:49:00+00:00,0.989135,0.9892,0.98913,0.989205,114
2026-05-25T07:50:00+00:00,0.989195,0.989155,0.98912,0.9892,104
2026-05-25T07:51:00+00:00,0.98915,0.98906,0.989055,0.989155,69
2026-05-25T07:52:00+00:00,0.98906,0.989135,0.98903,0.98914,110
2026-05-25T07:53:00+00:00,0.98913,0.989105,0.989025,0.98914,125
2026-05-25T07:54:00+00:00,0.989105,0.98909,0.989055,0.98912,124
2026-05-25T07:55:00+00:00,0.989085,0.98913,0.98908,0.98916,90
2026-05-25T07:56:00+00:00,0.989135,0.98913,0.98911,0.989165,58
2026-05-25T07:57:00+00:00,0.989135,0.98924,0.989095,0.98925,123
2026-05-25T07:58:00+00:00,0.98923,0.9892,0.98918,0.98928,144
2026-05-25T07:59:00+00:00,0.9892,0.989245,0.989185,0.989265,130
2026-05-25T08:00:00+00:00,0.989235,0.98913,0.989075,0.98928,237
2026-05-25T08:01:00+00:00,0.98912,0.989235,0.98912,0.98926,115
2026-05-25T08:02:00+00:00,0.98924,0.9892,0.98916,0.989255,265
2026-05-25T08:03:00+00:00,0.989195,0.989275,0.98917,0.98933,247
2026-05-25T08:04:00+00:00,0.98927,0.98928,0.989265,0.989375,187
2026-05-25T08:05:00+00:00,0.989275,0.989315,0.98926,0.98939,200
2026-05-25T08:06:00+00:00,0.989305,0.98941,0.989305,0.989435,251
2026-05-25T08:07:00+00:00,0.9894,0.98938,0.989325,0.98941,180
2026-05-25T08:08:00+00:00,0.98937,0.989365,0.989335,0.989405,187
2026-05-25T08:09:00+00:00,0.98937,0.989475,0.98935,0.989525,177
2026-05-25T08:10:00+00:00,0.989475,0.98948,0.98946,0.989535,93
2026-05-25T08:11:00+00:00,0.989475,0.989465,0.989415,0.98956,167
2026-05-25T08:12:00+00:00,0.98947,0.989405,0.989375,0.98948,135
2026-05-25T08:13:00+00:00,0.9894,0.98934,0.9893,0.9894,149
2026-05-25T08:14:00+00:00,0.989335,0.98935,0.989325,0.989425,161
2026-05-25T08:15:00+00:00,0.98936,0.989305,0.989295,0.989375,208
2026-05-25T08:16:00+00:00,0.98931,0.989275,0.98927,0.989335,137
2026-05-25T08:17:00+00:00,0.98928,0.98932,0.98928,0.989325,92
2026-05-25T08:18:00+00:00,0.98932,0.9893,0.989275,0.98933,96
2026-05-25T08:19:00+00:00,0.9893,0.98939,0.98927,0.98939,130
2026-05-25T08:20:00+00:00,0.989405,0.989405,0.989385,0.98947,112
2026-05-25T08:21:00+00:00,0.989405,0.989395,0.989335,0.98941,86
2026-05-25T08:22:00+00:00,0.9894,0.989295,0.989295,0.9894,103
2026-05-25T08:23:00+00:00,0.98929,0.98932,0.98927,0.98934,101
2026-05-25T08:24:00+00:00,0.98932,0.989375,0.989315,0.989395,99
2026-05-25T08:25:00+00:00,0.989385,0.989435,0.98937,0.989465,150
2026-05-25T08:26:00+00:00,0.98943,0.98945,0.98941,0.98948,156
2026-05-25T08:27:00+00:00,0.989445,0.98956,0.989425,0.989565,161
2026-05-25T08:28:00+00:00,0.989565,0.98949,0.989465,0.989565,113
2026-05-25T08:29:00+00:00,0.989485,0.989515,0.98946,0.989525,162
2026-05-25T08:30:00+00:00,0.98952,0.989585,0.989475,0.989595,188
2026-05-25T08:31:00+00:00,0.98959,0.989715,0.989575,0.98974,193
2026-05-25T08:32:00+00:00,0.989725,0.989785,0.9897,0.98981,98
2026-05-25T08:33:00+00:00,0.989775,0.98989,0.989775,0.9899,98
2026-05-25T08:34:00+00:00,0.98989,0.98991,0.98982,0.989945,77
2026-05-25T08:35:00+00:00,0.989915,0.9899,0.9899,0.99001,139
2026-05-25T08:36:00+00:00,0.9899,0.98981,0.989785,0.98991,122
2026-05-25T08:37:00+00:00,0.98981,0.98989,0.98981,0.989915,84
2026-05-25T08:38:00+00:00,0.98989,0.989905,0.989885,0.98995,98
2026-05-25T08:39:00+00:00,0.989895,0.989945,0.98989,0.98995,88
2026-05-25T08:40:00+00:00,0.98994,0.98995,0.989905,0.99002,116
2026-05-25T08:41:00+00:00,0.989945,0.98988,0.989845,0.98995,162
2026-05-25T08:42:00+00:00,0.989875,0.989825,0.9898,0.989875,116
2026-05-25T08:43:00+00:00,0.98983,0.989805,0.98979,0.989835,116
2026-05-25T08:44:00+00:00,0.989815,0.98991,0.989795,0.989915,108
2026-05-25T08:45:00+00:00,0.989905,0.989965,0.98983,0.989975,153
2026-05-25T08:46:00+00:00,0.989965,0.989955,0.98991,0.98998,190
2026-05-25T08:47:00+00:00,0.989955,0.990015,0.98994,0.990015,119
2026-05-25T08:48:00+00:00,0.990015,0.99004,0.99,0.99006,143
2026-05-25T08:49:00+00:00,0.990035,0.990015,0.989975,0.99005,154
2026-05-25T08:50:00+00:00,0.990015,0.98994,0.98994,0.990015,108
2026-05-25T08:51:00+00:00,0.989935,0.98987,0.98987,0.98996,166
2026-05-25T08:52:00+00:00,0.98987,0.989755,0.98975,0.98991,87
2026-05-25T08:53:00+00:00,0.989755,0.98968,0.98968,0.98979,119
2026-05-25T08:54:00+00:00,0.9897,0.98971,0.989685,0.98977,119
2026-05-25T08:55:00+00:00,0.98972,0.98976,0.989705,0.989815,163
2026-05-25T08:56:00+00:00,0.989755,0.98976,0.989725,0.98978,174
2026-05-25T08:57:00+00:00,0.989755,0.989835,0.98974,0.989855,121
2026-05-25T08:58:00+00:00,0.98984,0.989945,0.98984,0.98997,155
2026-05-25T08:59:00+00:00,0.989935,0.9899,0.98988,0.98996,119
2026-05-25T09:00:00+00:00,0.989895,0.98991,0.98988,0.98993,102
2026-05-25T09:01:00+00:00,0.989915,0.98993,0.989875,0.989965,100
2026-05-25T09:02:00+00:00,0.989925,0.99003,0.989925,0.990035,163
2026-05-25T09:03:00+00:00,0.99003,0.99002,0.99,0.990035,84
2026-05-25T09:04:00+00:00,0.990025,0.99005,0.99002,0.99009,83
2026-05-25T09:05:00+00:00,0.990045,0.990085,0.989955,0.990085,121
2026-05-25T09:06:00+00:00,0.99008,0.99,0.98999,0.990135,112
2026-05-25T09:07:00+00:00,0.99,0.98998,0.98998,0.990025,47
2026-05-25T09:08:00+00:00,0.989975,0.98993,0.989885,0.989985,146
2026-05-25T09:09:00+00:00,0.989925,0.989955,0.989925,0.98998,95
2026-05-25T09:10:00+00:00,0.989955,0.990065,0.989945,0.99008,68
2026-05-25T09:11:00+00:00,0.990065,0.990135,0.990065,0.99014,92
2026-05-25T09:12:00+00:00,0.990135,0.990045,0.98999,0.99014,84
2026-05-25T09:13:00+00:00,0.990055,0.990015,0.989985,0.99006,96
2026-05-25T09:14:00+00:00,0.990015,0.99001,0.98997,0.990035,95
2026-05-25T09:15:00+00:00,0.990015,0.989975,0.98996,0.99004,100
2026-05-25T09:16:00+00:00,0.989965,0.989995,0.98993,0.99001,111
2026-05-25T09:17:00+00:00,0.99,0.99,0.989955,0.990005,70
2026-05-25T09:18:00+00:00,0.990005,0.990105,0.990005,0.990105,66
2026-05-25T09:19:00+00:00,0.990105,0.99003,0.99,0.990105,56
2026-05-25T09:20:00+00:00,0.99004,0.990015,0.990005,0.990045,75
2026-05-25T09:21:00+00:00,0.990015,0.99004,0.990015,0.99007,45
2026-05-25T09:22:00+00:00,0.99004,0.990045,0.990035,0.99006,81
2026-05-25T09:23:00+00:00,0.99005,0.989995,0.98996,0.99005,109
2026-05-25T09:24:00+00:00,0.989995,0.990005,0.989995,0.990035,57
2026-05-25T09:25:00+00:00,0.990005,0.98999,0.98999,0.99003,45
2026-05-25T09:26:00+00:00,0.98999,0.98997,0.989965,0.99002,55
2026-05-25T09:27:00+00:00,0.989965,0.98996,0.989955,0.990005,88
2026-05-25T09:28:00+00:00,0.989955,0.98996,0.989945,0.990005,73
2026-05-25T09:29:00+00:00,0.98996,0.98991,0.989905,0.98997,114
2026-05-25T09:30:00+00:00,0.989905,0.990015,0.989905,0.99002,143
2026-05-25T09:31:00+00:00,0.990015,0.990095,0.99,0.990095,124
2026-05-25T09:32:00+00:00,0.99009,0.99016,0.990085,0.99016,65
2026-05-25T09:33:00+00:00,0.99016,0.99014,0.99011,0.99017,78
2026-05-25T09:34:00+00:00,0.99014,0.990145,0.990115,0.99019,107
2026-05-25T09:35:00+00:00,0.99014,0.990125,0.9901,0.99014,105
2026-05-25T09:36:00+00:00,0.990125,0.990055,0.990055,0.990155,121
2026-05-25T09:37:00+00:00,0.99006,0.990085,0.99006,0.9901,82
2026-05-25T09:38:00+00:00,0.99008,0.9901,0.99008,0.990105,34
2026-05-25T09:39:00+00:00,0.9901,0.99013,0.99003,0.99016,70
2026-05-25T09:40:00+00:00,0.990125,0.99016,0.990115,0.99018,75
2026-05-25T09:41:00+00:00,0.990165,0.990185,0.99016,0.990225,98
2026-05-25T09:42:00+00:00,0.99019,0.990215,0.99016,0.99022,49
2026-05-25T09:43:00+00:00,0.990215,0.99022,0.990205,0.99023,27
2026-05-25T09:44:00+00:00,0.99022,0.99021,0.9902,0.99022,19
2026-05-25T09:45:00+00:00,0.99021,0.9901,0.9901,0.99021,80
2026-05-25T09:46:00+00:00,0.990105,0.990155,0.9901,0.99017,76
2026-05-25T09:47:00+00:00,0.990155,0.990145,0.99014,0.99017,27
2026-05-25T09:48:00+00:00,0.99015,0.99001,0.990005,0.99016,81
2026-05-25T09:49:00+00:00,0.99002,0.99001,0.99,0.99003,152
2026-05-25T09:50:00+00:00,0.990015,0.990025,0.989985,0.99006,70
2026-05-25T09:51:00+00:00,0.990025,0.99003,0.99001,0.99006,76
2026-05-25T09:52:00+00:00,0.990025,0.98998,0.989975,0.990045,184
2026-05-25T09:53:00+00:00,0.989985,0.99003,0.989975,0.990045,89
2026-05-25T09:54:00+00:00,0.99003,0.99002,0.989985,0.99003,98
2026-05-25T09:55:00+00:00,0.99001,0.99007,0.98999,0.9901,110
2026-05-25T09:56:00+00:00,0.99007,0.99007,0.99005,0.99008,63
2026-05-25T09:57:00+00:00,0.990075,0.99008,0.990055,0.99009,57
2026-05-25T09:58:00+00:00,0.990085,0.990015,0.98999,0.990095,94
2026-05-25T09:59:00+00:00,0.990015,0.990035,0.99,0.99006,105
2026-05-25T10:00:00+00:00,0.99003,0.990165,0.99003,0.9902,138
2026-05-25T10:01:00+00:00,0.990165,0.990135,0.990115,0.990205,121
2026-05-25T10:02:00+00:00,0.99014,0.99014,0.990115,0.99015,62
2026-05-25T10:03:00+00:00,0.990145,0.990105,0.990075,0.99019,92
2026-05-25T10:04:00+00:00,0.99009,0.990085,0.99005,0.990105,89
2026-05-25T10:05:00+00:00,0.99009,0.99014,0.99007,0.990155,91
2026-05-25T10:06:00+00:00,0.990145,0.990205,0.99013,0.99021,67
2026-05-25T10:07:00+00:00,0.990205,0.99024,0.990205,0.99025,43
2026-05-25T10:08:00+00:00,0.990245,0.990245,0.990225,0.990265,78
2026-05-25T10:09:00+00:00,0.99025,0.990255,0.990235,0.99029,78
2026-05-25T10:10:00+00:00,0.990255,0.99028,0.990195,0.9903,191
2026-05-25T10:11:00+00:00,0.990285,0.99024,0.990235,0.990315,122
2026-05-25T10:12:00+00:00,0.99024,0.99027,0.990235,0.99029,60
2026-05-25T10:13:00+00:00,0.990275,0.99024,0.99024,0.990295,104
2026-05-25T10:14:00+00:00,0.99024,0.990195,0.990185,0.99025,79
2026-05-25T10:15:00+00:00,0.9902,0.990265,0.990185,0.99027,65
2026-05-25T10:16:00+00:00,0.990265,0.990295,0.99026,0.990295,55
2026-05-25T10:17:00+00:00,0.99029,0.99036,0.99029,0.99038,65
2026-05-25T10:18:00+00:00,0.99036,0.99036,0.990305,0.990365,60
2026-05-25T10:19:00+00:00,0.990355,0.990335,0.990335,0.99036,34
2026-05-25T10:20:00+00:00,0.99034,0.990215,0.990215,0.99035,119
2026-05-25T10:21:00+00:00,0.990215,0.99025,0.990205,0.990265,82
2026-05-25T10:22:00+00:00,0.990245,0.990255,0.990235,0.990275,51
2026-05-25T10:23:00+00:00,0.990255,0.990235,0.99023,0.99026,39
2026-05-25T10:24:00+00:00,0.99024,0.99023,0.990195,0.99025,66
2026-05-25T10:25:00+00:00,0.990225,0.99017,0.990155,0.99024,46
2026-05-25T10:26:00+00:00,0.99017,0.990225,0.990155,0.990235,34
2026-05-25T10:27:00+00:00,0.99022,0.990155,0.990155,0.990235,37
2026-05-25T10:28:00+00:00,0.99017,0.99015,0.99012,0.990175,71
2026-05-25T10:29:00+00:00,0.990155,0.990075,0.990045,0.99016,86
2026-05-25T10:30:00+00:00,0.99007,0.990095,0.990055,0.990105,126
2026-05-25T10:31:00+00:00,0.990095,0.99005,0.99005,0.990105,65
2026-05-25T10:32:00+00:00,0.99005,0.98999,0.989985,0.99007,57
2026-05-25T10:33:00+00:00,0.989995,0.99,0.989965,0.99002,75
2026-05-25T10:34:00+00:00,0.99,0.99003,0.99,0.99008,54
2026-05-25T10:35:00+00:00,0.99003,0.989955,0.989955,0.99003,60
2026-05-25T10:36:00+00:00,0.98996,0.98997,0.989935,0.989995,65
2026-05-25T10:37:00+00:00,0.989965,0.9899,0.98987,0.99,103
2026-05-25T10:38:00+00:00,0.989905,0.98987,0.989855,0.98992,91
2026-05-25T10:39:00+00:00,0.98987,0.98986,0.989845,0.98988,85
2026-05-25T10:40:00+00:00,0.98986,0.98992,0.98985,0.989945,76
2026-05-25T10:41:00+00:00,0.98992,0.98999,0.98992,0.99002,72
2026-05-25T10:42:00+00:00,0.98999,0.990015,0.989975,0.990015,46
2026-05-25T10:43:00+00:00,0.99003,0.990055,0.99002,0.99008,43
2026-05-25T10:44:00+00:00,0.99005,0.990095,0.990045,0.990125,59
2026-05-25T10:45:00+00:00,0.990095,0.99007,0.99005,0.990145,136
2026-05-25T10:46:00+00:00,0.99006,0.99005,0.990025,0.990095,104
2026-05-25T10:47:00+00:00,0.99005,0.990085,0.990035,0.9901,82
2026-05-25T10:48:00+00:00,0.99008,0.99004,0.99003,0.990105,96
2026-05-25T10:49:00+00:00,0.99004,0.990015,0.99,0.99004,54
2026-05-25T10:50:00+00:00,0.990015,0.990025,0.990015,0.99004,81
2026-05-25T10:51:00+00:00,0.990035,0.99003,0.98999,0.99004,94
2026-05-25T10:52:00+00:00,0.990025,0.99009,0.990025,0.99011,82
2026-05-25T10:53:00+00:00,0.99009,0.99008,0.99007,0.99011,46
2026-05-25T10:54:00+00:00,0.99008,0.99004,0.99004,0.990095,58
2026-05-25T10:55:00+00:00,0.99004,0.990045,0.990035,0.99005,17
2026-05-25T10:56:00+00:00,0.990045,0.99001,0.989995,0.99005,63
2026-05-25T10:57:00+00:00,0.99001,0.989945,0.989935,0.99003,106
2026-05-25T10:58:00+00:00,0.989945,0.98994,0.989905,0.98999,91
2026-05-25T10:59:00+00:00,0.98995,0.98998,0.989915,0.98999,94
2026-05-25T11:00:00+00:00,0.989975,0.98995,0.989905,0.99001,165
2026-05-25T11:01:00+00:00,0.989955,0.989955,0.989945,0.98997,82
2026-05-25T11:02:00+00:00,0.989955,0.98992,0.98989,0.99001,94
2026-05-25T11:03:00+00:00,0.989925,0.989915,0.9899,0.989945,56
2026-05-25T11:04:00+00:00,0.98993,0.990005,0.989915,0.990015,88
2026-05-25T11:05:00+00:00,0.990005,0.989995,0.98997,0.990015,107
2026-05-25T11:06:00+00:00,0.99,0.989915,0.989905,0.990015,126
2026-05-25T11:07:00+00:00,0.989915,0.989935,0.98991,0.989945,73
2026-05-25T11:08:00+00:00,0.98993,0.989985,0.989925,0.98999,63
2026-05-25T11:09:00+00:00,0.989985,0.99007,0.98998,0.990095,100
2026-05-25T11:10:00+00:00,0.990075,0.990165,0.990075,0.990215,98
2026-05-25T11:11:00+00:00,0.99017,0.990155,0.990115,0.99017,61
2026-05-25T11:12:00+00:00,0.99015,0.990105,0.99007,0.99015,86
2026-05-25T11:13:00+00:00,0.9901,0.990165,0.9901,0.99017,86
2026-05-25T11:14:00+00:00,0.99017,0.990145,0.99014,0.99018,37
2026-05-25T11:15:00+00:00,0.990155,0.990125,0.990095,0.99017,63
2026-05-25T11:16:00+00:00,0.99011,0.990085,0.99005,0.99011,120
2026-05-25T11:17:00+00:00,0.990085,0.9901,0.99008,0.990105,45
2026-05-25T11:18:00+00:00,0.9901,0.990135,0.99009,0.990145,92
2026-05-25T11:19:00+00:00,0.99014,0.990155,0.990135,0.990185,48
2026-05-25T11:20:00+00:00,0.990155,0.99016,0.990145,0.99018,40
2026-05-25T11:21:00+00:00,0.99016,0.990095,0.990075,0.990165,69
2026-05-25T11:22:00+00:00,0.9901,0.99007,0.990055,0.99011,53
2026-05-25T11:23:00+00:00,0.990065,0.99004,0.990015,0.9901,42
2026-05-25T11:24:00+00:00,0.99004,0.99005,0.990025,0.990055,69
2026-05-25T11:25:00+00:00,0.99004,0.990035,0.990015,0.99006,61
2026-05-25T11:26:00+00:00,0.99003,0.98994,0.98994,0.990045,87
2026-05-25T11:27:00+00:00,0.989955,0.989935,0.989915,0.989975,83
2026-05-25T11:28:00+00:00,0.989925,0.989965,0.989925,0.989965,43
2026-05-25T11:29:00+00:00,0.98996,0.99003,0.98996,0.990035,109
2026-05-25T11:30:00+00:00,0.99003,0.99021,0.99003,0.99022,125
2026-05-25T11:31:00+00:00,0.990215,0.99019,0.99019,0.990295,128
2026-05-25T11:32:00+00:00,0.990195,0.990265,0.990175,0.990305,127
2026-05-25T11:33:00+00:00,0.99027,0.990295,0.990265,0.99046,250
2026-05-25T11:34:00+00:00,0.990285,0.990295,0.99026,0.99035,114
2026-05-25T11:35:00+00:00,0.99031,0.99032,0.990245,0.99035,100
2026-05-25T11:36:00+00:00,0.990325,0.990455,0.99032,0.990475,107
2026-05-25T11:37:00+00:00,0.990445,0.99052,0.990445,0.990535,134
2026-05-25T11:38:00+00:00,0.99052,0.9905,0.990475,0.99053,83
2026-05-25T11:39:00+00:00,0.990495,0.990565,0.99047,0.99057,141
2026-05-25T11:40:00+00:00,0.99057,0.990595,0.990555,0.990655,203
2026-05-25T11:41:00+00:00,0.990595,0.99058,0.9905,0.990615,150
2026-05-25T11:42:00+00:00,0.990575,0.990475,0.990455,0.9906,120
2026-05-25T11:43:00+00:00,0.99048,0.99052,0.99043,0.99052,191
2026-05-25T11:44:00+00:00,0.990515,0.990565,0.990515,0.99062,151
2026-05-25T11:45:00+00:00,0.99056,0.99061,0.990535,0.990685,199
2026-05-25T11:46:00+00:00,0.990605,0.99064,0.990515,0.99064,154
2026-05-25T11:47:00+00:00,0.990645,0.99056,0.99055,0.99067,117
2026-05-25T11:48:00+00:00,0.990555,0.99056,0.990485,0.990575,127
2026-05-25T11:49:00+00:00,0.990555,0.990485,0.990465,0.990565,127
2026-05-25T11:50:00+00:00,0.99048,0.990515,0.99048,0.990555,105
2026-05-25T11:51:00+00:00,0.99052,0.990495,0.99048,0.99054,88
2026-05-25T11:52:00+00:00,0.99049,0.9905,0.99046,0.99054,134
2026-05-25T11:53:00+00:00,0.99051,0.990465,0.990445,0.990525,154
2026-05-25T11:54:00+00:00,0.99047,0.990465,0.99042,0.99049,119
2026-05-25T11:55:00+00:00,0.990465,0.99033,0.99032,0.990465,115
2026-05-25T11:56:00+00:00,0.990335,0.99031,0.9903,0.990395,215
2026-05-25T11:57:00+00:00,0.99031,0.990275,0.990235,0.99034,175
2026-05-25T11:58:00+00:00,0.99027,0.990265,0.990225,0.990295,154
2026-05-25T11:59:00+00:00,0.99026,0.990205,0.99015,0.99026,109
2026-05-25T12:00:00+00:00,0.990195,0.990175,0.99008,0.99021,265
2026-05-25T12:01:00+00:00,0.990165,0.990215,0.990155,0.99023,146
2026-05-25T12:02:00+00:00,0.99021,0.99025,0.990185,0.99029,139
2026-05-25T12:03:00+00:00,0.99025,0.990265,0.99025,0.990305,180
2026-05-25T12:04:00+00:00,0.99027,0.990315,0.990265,0.990355,147
2026-05-25T12:05:00+00:00,0.990305,0.99029,0.990245,0.990315,137
2026-05-25T12:06:00+00:00,0.990295,0.99036,0.99027,0.99038,205
2026-05-25T12:07:00+00:00,0.990355,0.990315,0.990295,0.990385,139
2026-05-25T12:08:00+00:00,0.990305,0.990305,0.99027,0.99034,139
2026-05-25T12:09:00+00:00,0.99031,0.99027,0.99027,0.990345,169
2026-05-25T12:10:00+00:00,0.99027,0.990375,0.99027,0.990395,127
2026-05-25T12:11:00+00:00,0.99037,0.990465,0.990355,0.99048,164
2026-05-25T12:12:00+00:00,0.99046,0.99047,0.990425,0.990485,154
2026-05-25T12:13:00+00:00,0.99046,0.990465,0.990425,0.990485,166
2026-05-25T12:14:00+00:00,0.99047,0.9904,0.99039,0.990475,133
2026-05-25T12:15:00+00:00,0.99041,0.990415,0.990395,0.990445,127
2026-05-25T12:16:00+00:00,0.99042,0.99051,0.99042,0.990525,172
2026-05-25T12:17:00+00:00,0.990505,0.990455,0.99045,0.990535,109
2026-05-25T12:18:00+00:00,0.99045,0.99042,0.990395,0.99046,133
2026-05-25T12:19:00+00:00,0.990415,0.990385,0.990385,0.990445,99
2026-05-25T12:20:00+00:00,0.99039,0.990325,0.99032,0.99044,120
2026-05-25T12:21:00+00:00,0.99032,0.990365,0.99031,0.99037,101
2026-05-25T12:22:00+00:00,0.990365,0.990375,0.990345,0.990425,97
2026-05-25T12:23:00+00:00,0.990375,0.99038,0.990285,0.99055,328
2026-05-25T12:24:00+00:00,0.990375,0.990415,0.99035,0.99043,321
2026-05-25T12:25:00+00:00,0.990415,0.99035,0.990345,0.990465,232
2026-05-25T12:26:00+00:00,0.990345,0.990315,0.990275,0.990345,175
2026-05-25T12:27:00+00:00,0.99032,0.99028,0.990275,0.99037,188
2026-05-25T12:28:00+00:00,0.990275,0.990335,0.990275,0.99034,144
2026-05-25T12:29:00+00:00,0.990325,0.990365,0.990325,0.990375,158
2026-05-25T12:30:00+00:00,0.990375,0.990375,0.990355,0.990425,102
2026-05-25T12:31:00+00:00,0.990375,0.990455,0.990375,0.99049,163
2026-05-25T12:32:00+00:00,0.99046,0.99045,0.99042,0.99048,217
2026-05-25T12:33:00+00:00,0.990445,0.990325,0.99031,0.99045,132
2026-05-25T12:34:00+00:00,0.99032,0.990365,0.99032,0.990375,157
2026-05-25T12:35:00+00:00,0.99036,0.9903,0.990255,0.99036,130
2026-05-25T12:36:00+00:00,0.990305,0.99031,0.990275,0.990335,144
2026-05-25T12:37:00+00:00,0.9903,0.99032,0.99029,0.990355,70
2026-05-25T12:38:00+00:00,0.990325,0.990285,0.990275,0.990335,107
2026-05-25T12:39:00+00:00,0.99029,0.99031,0.99027,0.990325,112
2026-05-25T12:40:00+00:00,0.990315,0.990275,0.99024,0.990325,104
2026-05-25T12:41:00+00:00,0.990285,0.990325,0.99026,0.99035,86
2026-05-25T12:42:00+00:00,0.990325,0.99041,0.9903,0.99042,111
2026-05-25T12:43:00+00:00,0.990405,0.990415,0.990365,0.99044,183
2026-05-25T12:44:00+00:00,0.99043,0.990525,0.99041,0.990535,200
2026-05-25T12:45:00+00:00,0.99053,0.990345,0.990255,0.9906,375
2026-05-25T12:46:00+00:00,0.99035,0.99033,0.990295,0.990365,194
2026-05-25T12:47:00+00:00,0.990345,0.990275,0.990265,0.990345,103
2026-05-25T12:48:00+00:00,0.990275,0.990155,0.990155,0.990275,146
2026-05-25T12:49:00+00:00,0.990155,0.9901,0.99009,0.9902,123
2026-05-25T12:50:00+00:00,0.990095,0.99001,0.990005,0.99013,123
2026-05-25T12:51:00+00:00,0.99,0.98992,0.989895,0.990055,162
2026-05-25T12:52:00+00:00,0.98992,0.989865,0.98985,0.98992,85
2026-05-25T12:53:00+00:00,0.98987,0.9899,0.989845,0.9899,61
2026-05-25T12:54:00+00:00,0.9899,0.98995,0.9899,0.98997,87
2026-05-25T12:55:00+00:00,0.989955,0.989915,0.9899,0.989965,68
2026-05-25T12:56:00+00:00,0.98992,0.989965,0.989885,0.989975,122
2026-05-25T12:57:00+00:00,0.98996,0.98977,0.98976,0.990015,167
2026-05-25T12:58:00+00:00,0.98977,0.98976,0.989745,0.98981,119
2026-05-25T12:59:00+00:00,0.989755,0.989875,0.989755,0.989875,81
2026-05-25T13:00:00+00:00,0.98987,0.989795,0.989765,0.989915,204
2026-05-25T13:01:00+00:00,0.9898,0.989985,0.9898,0.989995,146
2026-05-25T13:02:00+00:00,0.989995,0.989945,0.98992,0.99001,143
2026-05-25T13:03:00+00:00,0.98995,0.99016,0.98995,0.990165,103
2026-05-25T13:04:00+00:00,0.990165,0.990125,0.990085,0.99023,179
2026-05-25T13:05:00+00:00,0.99013,0.99019,0.990095,0.99022,86
2026-05-25T13:06:00+00:00,0.990185,0.990145,0.990125,0.99019,108
2026-05-25T13:07:00+00:00,0.99015,0.990185,0.99012,0.9902,197
2026-05-25T13:08:00+00:00,0.990185,0.99019,0.990165,0.99023,114
2026-05-25T13:09:00+00:00,0.990195,0.990075,0.990065,0.99022,176
2026-05-25T13:10:00+00:00,0.99008,0.99004,0.990015,0.990085,187
2026-05-25T13:11:00+00:00,0.99003,0.99,0.989985,0.990095,133
2026-05-25T13:12:00+00:00,0.989995,0.989885,0.989875,0.99,182
2026-05-25T13:13:00+00:00,0.98988,0.98983,0.989825,0.98992,95
2026-05-25T13:14:00+00:00,0.989825,0.989975,0.989825,0.989975,89
2026-05-25T13:15:00+00:00,0.989985,0.98996,0.989915,0.989995,101
2026-05-25T13:16:00+00:00,0.989955,0.98999,0.989925,0.99003,106
2026-05-25T13:17:00+00:00,0.989985,0.989895,0.989895,0.989995,181
2026-05-25T13:18:00+00:00,0.9899,0.989875,0.989845,0.9899,109
2026-05-25T13:19:00+00:00,0.98988,0.9898,0.98976,0.98988,164
2026-05-25T13:20:00+00:00,0.98979,0.98988,0.989775,0.989885,102
2026-05-25T13:21:00+00:00,0.98988,0.989885,0.989815,0.98991,191
2026-05-25T13:22:00+00:00,0.98988,0.9898,0.98978,0.98989,159
2026-05-25T13:23:00+00:00,0.989805,0.98983,0.98976,0.989835,135
2026-05-25T13:24:00+00:00,0.989835,0.989835,0.989815,0.98985,119
2026-05-25T13:25:00+00:00,0.989835,0.98983,0.9898,0.989835,49
2026-05-25T13:26:00+00:00,0.98983,0.98984,0.98983,0.98989,98
2026-05-25T13:27:00+00:00,0.98984,0.989855,0.98983,0.98988,87
2026-05-25T13:28:00+00:00,0.98985,0.989795,0.989775,0.98986,99
2026-05-25T13:29:00+00:00,0.989795,0.98981,0.989795,0.989835,93
2026-05-25T13:30:00+00:00,0.989815,0.989935,0.989805,0.989945,280
2026-05-25T13:31:00+00:00,0.989935,0.989985,0.98986,0.989985,187
2026-05-25T13:32:00+00:00,0.98998,0.99001,0.989965,0.990025,158
2026-05-25T13:33:00+00:00,0.990015,0.99005,0.990005,0.99008,177
2026-05-25T13:34:00+00:00,0.99004,0.99003,0.98999,0.9901,167
2026-05-25T13:35:00+00:00,0.99003,0.990035,0.99001,0.990065,145
2026-05-25T13:36:00+00:00,0.99003,0.99,0.989995,0.990065,165
2026-05-25T13:37:00+00:00,0.990005,0.990035,0.990005,0.990075,108
2026-05-25T13:38:00+00:00,0.99005,0.989985,0.989955,0.99006,149
2026-05-25T13:39:00+00:00,0.98998,0.99005,0.989945,0.990085,139
2026-05-25T13:40:00+00:00,0.99004,0.990075,0.99001,0.99009,107
2026-05-25T13:41:00+00:00,0.990065,0.989935,0.98993,0.990085,172
2026-05-25T13:42:00+00:00,0.98994,0.989935,0.9899,0.99,141
2026-05-25T13:43:00+00:00,0.989955,0.989905,0.989895,0.98996,110
2026-05-25T13:44:00+00:00,0.98991,0.98997,0.989895,0.98998,146
2026-05-25T13:45:00+00:00,0.989965,0.98995,0.98992,0.98999,139
2026-05-25T13:46:00+00:00,0.989945,0.989955,0.989905,0.98997,137
2026-05-25T13:47:00+00:00,0.98995,0.98977,0.989705,0.98995,163
2026-05-25T13:48:00+00:00,0.98978,0.98986,0.989735,0.989885,170
2026-05-25T13:49:00+00:00,0.989855,0.98991,0.989835,0.98993,87
2026-05-25T13:50:00+00:00,0.98991,0.98998,0.989895,0.98999,83
2026-05-25T13:51:00+00:00,0.989985,0.99009,0.98998,0.99009,131
2026-05-25T13:52:00+00:00,0.990075,0.99015,0.990035,0.99016,155
2026-05-25T13:53:00+00:00,0.990145,0.99008,0.990045,0.99016,179
2026-05-25T13:54:00+00:00,0.990085,0.99006,0.99001,0.9901,105
2026-05-25T13:55:00+00:00,0.990055,0.99005,0.99002,0.990095,140
2026-05-25T13:56:00+00:00,0.990055,0.990025,0.990005,0.990055,123
2026-05-25T13:57:00+00:00,0.990025,0.990025,0.989905,0.990025,162
2026-05-25T13:58:00+00:00,0.99003,0.989935,0.989925,0.990055,173
2026-05-25T13:59:00+00:00,0.98994,0.989915,0.98988,0.989985,106
2026-05-25T14:00:00+00:00,0.98992,0.99002,0.98991,0.99002,161
2026-05-25T14:01:00+00:00,0.990025,0.9901,0.99,0.9901,150
2026-05-25T14:02:00+00:00,0.990095,0.98998,0.98994,0.9901,176
2026-05-25T14:03:00+00:00,0.989985,0.990045,0.989935,0.99007,187
2026-05-25T14:04:00+00:00,0.990045,0.990095,0.99003,0.99014,161
2026-05-25T14:05:00+00:00,0.99009,0.99004,0.99004,0.990095,127
2026-05-25T14:06:00+00:00,0.99004,0.990005,0.99,0.990075,88
2026-05-25T14:07:00+00:00,0.990005,0.989925,0.989925,0.990005,62
2026-05-25T14:08:00+00:00,0.989935,0.989945,0.98988,0.989945,88
2026-05-25T14:09:00+00:00,0.98994,0.989995,0.989905,0.989995,102
2026-05-25T14:10:00+00:00,0.989995,0.989985,0.989965,0.99,78
2026-05-25T14:11:00+00:00,0.989985,0.989945,0.989935,0.98999,80
2026-05-25T14:12:00+00:00,0.989945,0.98983,0.989805,0.989955,76
2026-05-25T14:13:00+00:00,0.989825,0.989755,0.989745,0.989845,117
2026-05-25T14:14:00+00:00,0.98976,0.98979,0.989755,0.989805,74
2026-05-25T14:15:00+00:00,0.98979,0.98983,0.989785,0.98986,81
2026-05-25T14:16:00+00:00,0.989835,0.989865,0.98983,0.989875,93
2026-05-25T14:17:00+00:00,0.98986,0.989845,0.989825,0.98988,70
2026-05-25T14:18:00+00:00,0.989835,0.98993,0.989835,0.98995,116
2026-05-25T14:19:00+00:00,0.98993,0.98995,0.98988,0.989975,87
2026-05-25T14:20:00+00:00,0.98994,0.98996,0.98994,0.99001,117
2026-05-25T14:21:00+00:00,0.989965,0.98995,0.989915,0.989985,117
2026-05-25T14:22:00+00:00,0.98994,0.98992,0.989845,0.98995,147
2026-05-25T14:23:00+00:00,0.98993,0.989915,0.989855,0.98993,108
2026-05-25T14:24:00+00:00,0.98991,0.989945,0.98991,0.98996,92
2026-05-25T14:25:00+00:00,0.98994,0.98996,0.989885,0.98997,102
2026-05-25T14:26:00+00:00,0.989965,0.99001,0.989945,0.990025,50
2026-05-25T14:27:00+00:00,0.990005,0.990005,0.99,0.99003,77
2026-05-25T14:28:00+00:00,0.99,0.99002,0.989995,0.99003,109
2026-05-25T14:29:00+00:00,0.990015,0.98999,0.989965,0.990035,120
2026-05-25T14:30:00+00:00,0.99,0.989915,0.989885,0.99,148
2026-05-25T14:31:00+00:00,0.98991,0.98989,0.989865,0.98994,127
2026-05-25T14:32:00+00:00,0.98989,0.98983,0.98983,0.98992,139
2026-05-25T14:33:00+00:00,0.98984,0.989835,0.989805,0.989865,109
2026-05-25T14:34:00+00:00,0.98984,0.989935,0.98983,0.989955,117
2026-05-25T14:35:00+00:00,0.98993,0.98991,0.989875,0.989935,82
2026-05-25T14:36:00+00:00,0.9899,0.989955,0.9899,0.989975,86
2026-05-25T14:37:00+00:00,0.989955,0.9899,0.98989,0.98997,86
2026-05-25T14:38:00+00:00,0.989905,0.989895,0.98988,0.989925,59
2026-05-25T14:39:00+00:00,0.98989,0.989935,0.98988,0.98997,110
2026-05-25T14:40:00+00:00,0.98994,0.989905,0.9899,0.989945,146
2026-05-25T14:41:00+00:00,0.9899,0.99001,0.98987,0.990025,191
2026-05-25T14:42:00+00:00,0.990005,0.989945,0.989935,0.990035,196
2026-05-25T14:43:00+00:00,0.98996,0.989925,0.989885,0.98996,120
2026-05-25T14:44:00+00:00,0.98992,0.989935,0.98991,0.98999,143
2026-05-25T14:45:00+00:00,0.989925,0.98988,0.989875,0.989945,108
2026-05-25T14:46:00+00:00,0.989885,0.99002,0.98985,0.99007,192
2026-05-25T14:47:00+00:00,0.990025,0.99003,0.989985,0.990065,120
2026-05-25T14:48:00+00:00,0.99003,0.99002,0.989955,0.99006,170
2026-05-25T14:49:00+00:00,0.990025,0.98999,0.98998,0.990055,133
2026-05-25T14:50:00+00:00,0.989995,0.989975,0.989965,0.990015,130
2026-05-25T14:51:00+00:00,0.989985,0.990095,0.98997,0.99012,81
2026-05-25T14:52:00+00:00,0.9901,0.99011,0.99007,0.99012,103
2026-05-25T14:53:00+00:00,0.9901,0.990095,0.99004,0.99012,118
2026-05-25T14:54:00+00:00,0.99008,0.989995,0.98996,0.9901,163
2026-05-25T14:55:00+00:00,0.99,0.990225,0.99,0.990225,227
2026-05-25T14:56:00+00:00,0.99023,0.990295,0.990175,0.990295,171
2026-05-25T14:57:00+00:00,0.990295,0.990405,0.99024,0.990415,291
2026-05-25T14:58:00+00:00,0.99041,0.99068,0.990385,0.99068,280
2026-05-25T14:59:00+00:00,0.990675,0.99063,0.990575,0.99069,313
2026-05-25T15:00:00+00:00,0.990635,0.990545,0.99046,0.99064,227
2026-05-25T15:01:00+00:00,0.99054,0.99045,0.99041,0.990575,174
2026-05-25T15:02:00+00:00,0.990445,0.990525,0.990275,0.990525,283
2026-05-25T15:03:00+00:00,0.99052,0.990475,0.99047,0.99054,164
2026-05-25T15:04:00+00:00,0.99047,0.99052,0.99043,0.99053,102
2026-05-25T15:05:00+00:00,0.990535,0.990425,0.990425,0.99055,223
2026-05-25T15:06:00+00:00,0.990415,0.990415,0.990325,0.990445,171
2026-05-25T15:07:00+00:00,0.990415,0.99034,0.990315,0.99043,138
2026-05-25T15:08:00+00:00,0.99033,0.990275,0.990265,0.99034,130
2026-05-25T15:09:00+00:00,0.990285,0.990075,0.990065,0.990285,157
2026-05-25T15:10:00+00:00,0.990065,0.99055,0.99006,0.9906,476
2026-05-25T15:11:00+00:00,0.99054,0.990745,0.990525,0.99084,765
2026-05-25T15:12:00+00:00,0.990735,0.990595,0.99057,0.990825,555
2026-05-25T15:13:00+00:00,0.9906,0.99051,0.990485,0.99064,325
2026-05-25T15:14:00+00:00,0.990515,0.99042,0.990395,0.990535,268
2026-05-25T15:15:00+00:00,0.990415,0.990485,0.9904,0.990485,348
2026-05-25T15:16:00+00:00,0.99048,0.990385,0.990345,0.99049,312
2026-05-25T15:17:00+00:00,0.99039,0.99029,0.990255,0.99043,246
2026-05-25T15:18:00+00:00,0.9903,0.99034,0.99029,0.99038,141
2026-05-25T15:19:00+00:00,0.99034,0.990385,0.99033,0.9904,128
2026-05-25T15:20:00+00:00,0.99039,0.990425,0.99036,0.990465,141
2026-05-25T15:21:00+00:00,0.99042,0.99042,0.990355,0.990445,124
2026-05-25T15:22:00+00:00,0.990415,0.99041,0.990385,0.990445,72
2026-05-25T15:23:00+00:00,0.990415,0.9904,0.990355,0.99044,131
2026-05-25T15:24:00+00:00,0.990405,0.99038,0.990375,0.990435,208
2026-05-25T15:25:00+00:00,0.990385,0.990395,0.990365,0.990435,160
2026-05-25T15:26:00+00:00,0.99039,0.990515,0.99038,0.99053,294
2026-05-25T15:27:00+00:00,0.99052,0.990495,0.9904,0.990535,156
2026-05-25T15:28:00+00:00,0.99049,0.990445,0.990435,0.990515,118
2026-05-25T15:29:00+00:00,0.99044,0.990425,0.990405,0.990505,173
2026-05-25T15:30:00+00:00,0.99043,0.990365,0.990325,0.99043,64
2026-05-25T15:31:00+00:00,0.99036,0.99041,0.99032,0.990425,82
2026-05-25T15:32:00+00:00,0.990415,0.990365,0.99036,0.990425,57
2026-05-25T15:33:00+00:00,0.990365,0.99027,0.99025,0.99039,138
2026-05-25T15:34:00+00:00,0.990275,0.990255,0.990245,0.99031,70
2026-05-25T15:35:00+00:00,0.99026,0.99027,0.990185,0.99029,82
2026-05-25T15:36:00+00:00,0.990275,0.99032,0.990265,0.99033,50
2026-05-25T15:37:00+00:00,0.990315,0.99017,0.990165,0.990325,85
2026-05-25T15:38:00+00:00,0.990165,0.990195,0.99015,0.9902,74
2026-05-25T15:39:00+00:00,0.990195,0.990105,0.990105,0.9902,25
2026-05-25T15:40:00+00:00,0.99011,0.9901,0.99004,0.990115,57
2026-05-25T15:41:00+00:00,0.99009,0.98996,0.989955,0.9901,79
2026-05-25T15:42:00+00:00,0.98997,0.99002,0.989955,0.99007,111
2026-05-25T15:43:00+00:00,0.99002,0.990035,0.99001,0.990035,38
2026-05-25T15:44:00+00:00,0.99003,0.98998,0.98997,0.99003,56
2026-05-25T15:45:00+00:00,0.989985,0.99,0.989955,0.99001,72
2026-05-25T15:46:00+00:00,0.990005,0.99002,0.989995,0.990075,100
2026-05-25T15:47:00+00:00,0.99002,0.989985,0.989985,0.990075,49
2026-05-25T15:48:00+00:00,0.989995,0.989955,0.989925,0.99002,71
2026-05-25T15:49:00+00:00,0.989955,0.98986,0.98986,0.98996,65
2026-05-25T15:50:00+00:00,0.98986,0.98979,0.98978,0.98987,61
2026-05-25T15:51:00+00:00,0.98979,0.98984,0.989785,0.989865,68
2026-05-25T15:52:00+00:00,0.98985,0.989865,0.989845,0.98989,53
2026-05-25T15:53:00+00:00,0.989865,0.9898,0.9898,0.98987,20
2026-05-25T15:54:00+00:00,0.98978,0.989795,0.98978,0.98981,22
2026-05-25T15:55:00+00:00,0.98979,0.989775,0.989775,0.989825,36
2026-05-25T15:56:00+00:00,0.989775,0.98982,0.989775,0.989825,35
2026-05-25T15:57:00+00:00,0.98982,0.98972,0.9897,0.989825,69
2026-05-25T15:58:00+00:00,0.989725,0.989575,0.989535,0.989735,120
2026-05-25T15:59:00+00:00,0.989585,0.98962,0.989575,0.989675,114
2026-05-25T16:00:00+00:00,0.989615,0.989535,0.98952,0.98965,153
2026-05-25T16:01:00+00:00,0.989535,0.98959,0.98941,0.98959,190
2026-05-25T16:02:00+00:00,0.989585,0.989705,0.98956,0.989725,119
2026-05-25T16:03:00+00:00,0.9897,0.989635,0.989635,0.9897,77
2026-05-25T16:04:00+00:00,0.989635,0.98967,0.98963,0.989675,72
2026-05-25T16:05:00+00:00,0.98967,0.989625,0.98962,0.98967,85
2026-05-25T16:06:00+00:00,0.98962,0.989665,0.98962,0.989695,55
2026-05-25T16:07:00+00:00,0.98966,0.989655,0.989645,0.989675,76
2026-05-25T16:08:00+00:00,0.98966,0.989615,0.989595,0.989685,74
2026-05-25T16:09:00+00:00,0.98962,0.98949,0.98949,0.98962,40
2026-05-25T16:10:00+00:00,0.989505,0.989465,0.989435,0.98955,89
2026-05-25T16:11:00+00:00,0.989475,0.98954,0.98947,0.989545,45
2026-05-25T16:12:00+00:00,0.989535,0.989475,0.989475,0.98954,96
2026-05-25T16:13:00+00:00,0.98948,0.98954,0.98947,0.98955,124
2026-05-25T16:14:00+00:00,0.98954,0.98961,0.98952,0.989615,81
2026-05-25T16:15:00+00:00,0.98961,0.989675,0.989605,0.98969,30
2026-05-25T16:16:00+00:00,0.989675,0.989725,0.989675,0.989765,54
2026-05-25T16:17:00+00:00,0.989725,0.98974,0.98971,0.98977,49
2026-05-25T16:18:00+00:00,0.98974,0.98961,0.98961,0.98974,68
2026-05-25T16:19:00+00:00,0.98961,0.989535,0.98951,0.98961,67
2026-05-25T16:20:00+00:00,0.989535,0.989475,0.989475,0.989555,78
2026-05-25T16:21:00+00:00,0.98947,0.98964,0.989465,0.98964,74
2026-05-25T16:22:00+00:00,0.98964,0.9896,0.989565,0.98967,61
2026-05-25T16:23:00+00:00,0.9896,0.98955,0.98955,0.989625,36
2026-05-25T16:24:00+00:00,0.98956,0.98955,0.98954,0.989585,50
2026-05-25T16:25:00+00:00,0.989555,0.98963,0.98955,0.98963,46
2026-05-25T16:26:00+00:00,0.98963,0.98958,0.98956,0.98963,42
2026-05-25T16:27:00+00:00,0.989585,0.989555,0.98954,0.9896,100
2026-05-25T16:28:00+00:00,0.98956,0.989555,0.98954,0.98956,27
2026-05-25T16:29:00+00:00,0.98955,0.98955,0.989505,0.989555,68
2026-05-25T16:30:00+00:00,0.98955,0.98956,0.989545,0.989565,62
2026-05-25T16:31:00+00:00,0.98956,0.98959,0.989545,0.9896,67
2026-05-25T16:32:00+00:00,0.989595,0.989585,0.989565,0.989615,112
2026-05-25T16:33:00+00:00,0.989575,0.989545,0.989525,0.9896,250
2026-05-25T16:34:00+00:00,0.98955,0.989595,0.98952,0.98961,201
2026-05-25T16:35:00+00:00,0.98959,0.989635,0.98957,0.989665,188
2026-05-25T16:36:00+00:00,0.989635,0.989735,0.989625,0.98974,150
2026-05-25T16:37:00+00:00,0.98973,0.989735,0.9897,0.989755,232
2026-05-25T16:38:00+00:00,0.98974,0.989765,0.98971,0.989775,174
2026-05-25T16:39:00+00:00,0.98977,0.989835,0.98977,0.989865,99
2026-05-25T16:40:00+00:00,0.98983,0.98974,0.989735,0.98984,101
2026-05-25T16:41:00+00:00,0.989735,0.989725,0.98969,0.989745,157
2026-05-25T16:42:00+00:00,0.989725,0.989755,0.989725,0.989765,39
2026-05-25T16:43:00+00:00,0.989755,0.989805,0.989755,0.989815,130
2026-05-25T16:44:00+00:00,0.9898,0.989855,0.9898,0.989855,16
2026-05-25T16:45:00+00:00,0.989855,0.989885,0.989845,0.9899,75
2026-05-25T16:46:00+00:00,0.989885,0.989915,0.989885,0.989915,17
2026-05-25T16:47:00+00:00,0.989915,0.98994,0.989865,0.989945,93
2026-05-25T16:48:00+00:00,0.989945,0.98996,0.98992,0.989965,184
2026-05-25T16:49:00+00:00,0.98996,0.98996,0.98995,0.99,121
2026-05-25T16:50:00+00:00,0.98996,0.99004,0.989935,0.99006,134
2026-05-25T16:51:00+00:00,0.99004,0.990105,0.99004,0.99016,124
2026-05-25T16:52:00+00:00,0.990105,0.99009,0.99007,0.990155,92
2026-05-25T16:53:00+00:00,0.99008,0.98994,0.989905,0.990135,272
2026-05-25T16:54:00+00:00,0.989945,0.9899,0.98989,0.98999,266
2026-05-25T16:55:00+00:00,0.989895,0.98996,0.989895,0.99003,74
2026-05-25T16:56:00+00:00,0.989965,0.99007,0.98996,0.990115,87
2026-05-25T16:57:00+00:00,0.990065,0.99009,0.99004,0.99009,53
2026-05-25T16:58:00+00:00,0.990085,0.990115,0.99008,0.990165,69
2026-05-25T16:59:00+00:00,0.99012,0.990115,0.990105,0.990165,168
2026-05-25T17:00:00+00:00,0.99011,0.99011,0.9901,0.99013,52
2026-05-25T17:01:00+00:00,0.99011,0.99007,0.990035,0.99012,69
2026-05-25T17:02:00+00:00,0.990065,0.99012,0.990065,0.990125,15
2026-05-25T17:03:00+00:00,0.99012,0.990135,0.99011,0.990135,19
2026-05-25T17:04:00+00:00,0.990135,0.990175,0.990135,0.99018,21
2026-05-25T17:05:00+00:00,0.99016,0.990115,0.99011,0.99017,25
2026-05-25T17:06:00+00:00,0.99011,0.99014,0.990105,0.990155,26
2026-05-25T17:07:00+00:00,0.99014,0.99015,0.99014,0.99017,23
2026-05-25T17:08:00+00:00,0.99015,0.99016,0.99014,0.99016,22
2026-05-25T17:09:00+00:00,0.99016,0.990155,0.99014,0.990165,18
2026-05-25T17:10:00+00:00,0.990155,0.990185,0.990155,0.99019,37
2026-05-25T17:11:00+00:00,0.990185,0.99007,0.99007,0.99019,37
2026-05-25T17:12:00+00:00,0.99008,0.99009,0.99005,0.990125,63
2026-05-25T17:13:00+00:00,0.99009,0.99004,0.99002,0.990125,61
2026-05-25T17:14:00+00:00,0.990045,0.990135,0.990025,0.990145,73
2026-05-25T17:15:00+00:00,0.99014,0.990215,0.99013,0.99023,55
2026-05-25T17:16:00+00:00,0.990215,0.990265,0.9902,0.990265,25
2026-05-25T17:17:00+00:00,0.990265,0.990255,0.990205,0.990275,34
2026-05-25T17:18:00+00:00,0.990255,0.99029,0.99025,0.9903,75
2026-05-25T17:19:00+00:00,0.990295,0.99031,0.990275,0.990315,55
2026-05-25T17:20:00+00:00,0.99031,0.99031,0.99029,0.990315,55
2026-05-25T17:21:00+00:00,0.990315,0.990355,0.9903,0.990355,80
2026-05-25T17:22:00+00:00,0.990355,0.99031,0.990305,0.99036,63
2026-05-25T17:23:00+00:00,0.99031,0.990365,0.99025,0.990375,61
2026-05-25T17:24:00+00:00,0.990375,0.99042,0.99037,0.990445,35
2026-05-25T17:25:00+00:00,0.99042,0.99041,0.9904,0.990435,17
2026-05-25T17:26:00+00:00,0.99041,0.990395,0.99036,0.990425,60
2026-05-25T17:27:00+00:00,0.990395,0.99042,0.99038,0.990425,21
2026-05-25T17:28:00+00:00,0.99042,0.990465,0.99042,0.99048,33
2026-05-25T17:29:00+00:00,0.990465,0.99046,0.990435,0.99052,78
2026-05-25T17:30:00+00:00,0.99045,0.990515,0.99045,0.990515,31
2026-05-25T17:31:00+00:00,0.990515,0.990455,0.990445,0.990515,98
2026-05-25T17:32:00+00:00,0.990455,0.990465,0.99044,0.990475,98
2026-05-25T17:33:00+00:00,0.99046,0.99039,0.99039,0.99046,97
2026-05-25T17:34:00+00:00,0.99039,0.99039,0.99039,0.990405,36
2026-05-25T17:35:00+00:00,0.990385,0.990365,0.99036,0.990395,27
2026-05-25T17:36:00+00:00,0.99037,0.99032,0.9903,0.99039,76
2026-05-25T17:37:00+00:00,0.99032,0.99027,0.99027,0.990345,28
2026-05-25T17:38:00+00:00,0.990265,0.990315,0.990265,0.990325,18
2026-05-25T17:39:00+00:00,0.990315,0.990315,0.99029,0.99032,35
2026-05-25T17:40:00+00:00,0.990315,0.99036,0.99031,0.990365,34
2026-05-25T17:41:00+00:00,0.990365,0.99037,0.990355,0.99038,47
2026-05-25T17:42:00+00:00,0.990375,0.990385,0.99037,0.990395,29
2026-05-25T17:43:00+00:00,0.99039,0.9904,0.990375,0.990405,34
2026-05-25T17:44:00+00:00,0.99039,0.990465,0.99039,0.990465,52
2026-05-25T17:45:00+00:00,0.990465,0.99041,0.9904,0.990465,125
2026-05-25T17:46:00+00:00,0.99041,0.99039,0.990385,0.990415,22
2026-05-25T17:47:00+00:00,0.99039,0.990395,0.99039,0.990415,61
2026-05-25T17:48:00+00:00,0.990395,0.99036,0.99032,0.990395,80
2026-05-25T17:49:00+00:00,0.99036,0.99038,0.99036,0.990385,52
2026-05-25T17:50:00+00:00,0.99038,0.990365,0.99035,0.990385,111
2026-05-25T17:51:00+00:00,0.990365,0.99036,0.99034,0.990385,41
2026-05-25T17:52:00+00:00,0.99036,0.99037,0.990335,0.990375,28
2026-05-25T17:53:00+00:00,0.99037,0.9904,0.99037,0.99041,19
2026-05-25T17:54:00+00:00,0.9904,0.990415,0.99039,0.99043,44
2026-05-25T17:55:00+00:00,0.990415,0.99044,0.990415,0.99044,17
2026-05-25T17:56:00+00:00,0.99045,0.990435,0.9904,0.990455,63
2026-05-25T17:57:00+00:00,0.990435,0.99045,0.990425,0.99045,23
2026-05-25T17:58:00+00:00,0.99045,0.990395,0.990385,0.990455,20
2026-05-25T17:59:00+00:00,0.990395,0.99043,0.99039,0.99044,17
2026-05-25T18:00:00+00:00,0.990425,0.990395,0.990385,0.990445,61
2026-05-25T18:01:00+00:00,0.990395,0.99039,0.990385,0.990405,16
2026-05-25T18:02:00+00:00,0.99039,0.99034,0.990335,0.99039,36
2026-05-25T18:03:00+00:00,0.99034,0.990345,0.990315,0.990365,44
2026-05-25T18:04:00+00:00,0.990345,0.9903,0.990285,0.990345,32
2026-05-25T18:05:00+00:00,0.9903,0.99029,0.99028,0.990315,21
2026-05-25T18:06:00+00:00,0.99029,0.99029,0.99029,0.990325,34
2026-05-25T18:07:00+00:00,0.99029,0.9903,0.99029,0.990305,11
2026-05-25T18:08:00+00:00,0.9903,0.990315,0.99029,0.990315,19
2026-05-25T18:09:00+00:00,0.990315,0.990365,0.99031,0.990365,23
2026-05-25T18:10:00+00:00,0.990365,0.99036,0.99035,0.99039,35
2026-05-25T18:11:00+00:00,0.99035,0.99036,0.99035,0.990365,8
2026-05-25T18:12:00+00:00,0.99036,0.990365,0.99036,0.990365,3
2026-05-25T18:13:00+00:00,0.990365,0.99037,0.990365,0.99037,5
2026-05-25T18:14:00+00:00,0.99037,0.990365,0.99036,0.99037,10
2026-05-25T18:15:00+00:00,0.990365,0.99039,0.990365,0.9904,21
2026-05-25T18:16:00+00:00,0.99039,0.990435,0.990385,0.990455,13
2026-05-25T18:17:00+00:00,0.990435,0.99044,0.990435,0.990445,5
2026-05-25T18:18:00+00:00,0.99044,0.99044,0.990435,0.99046,13
2026-05-25T18:19:00+00:00,0.99044,0.99044,0.990435,0.99045,18
2026-05-25T18:20:00+00:00,0.99044,0.99044,0.99044,0.990455,6
2026-05-25T18:21:00+00:00,0.99044,0.9904,0.9904,0.990455,10
2026-05-25T18:22:00+00:00,0.9904,0.99035,0.990335,0.9904,49
2026-05-25T18:23:00+00:00,0.99035,0.99034,0.99031,0.99035,26
2026-05-25T18:24:00+00:00,0.99033,0.99034,0.99032,0.990355,67
2026-05-25T18:25:00+00:00,0.99034,0.990345,0.990335,0.99036,62
2026-05-25T18:26:00+00:00,0.990345,0.99035,0.990335,0.990355,36
2026-05-25T18:27:00+00:00,0.99034,0.99029,0.99028,0.990345,55
2026-05-25T18:28:00+00:00,0.9903,0.9903,0.99029,0.99031,13
2026-05-25T18:29:00+00:00,0.9903,0.9903,0.99029,0.99031,4
2026-05-25T18:30:00+00:00,0.99031,0.99033,0.99028,0.99036,25
2026-05-25T18:31:00+00:00,0.990335,0.990315,0.99031,0.990335,20
2026-05-25T18:32:00+00:00,0.990315,0.990315,0.99031,0.990315,2
2026-05-25T18:33:00+00:00,0.99031,0.99032,0.99031,0.99034,30
2026-05-25T18:34:00+00:00,0.99033,0.990325,0.99032,0.990345,23
2026-05-25T18:35:00+00:00,0.990325,0.990365,0.9903,0.990365,26
2026-05-25T18:36:00+00:00,0.990365,0.99037,0.99036,0.990375,11
2026-05-25T18:37:00+00:00,0.990365,0.99036,0.99036,0.990375,32
2026-05-25T18:38:00+00:00,0.99036,0.990365,0.99036,0.99038,15
2026-05-25T18:39:00+00:00,0.990365,0.990365,0.99036,0.99038,12
2026-05-25T18:40:00+00:00,0.990365,0.99032,0.990315,0.990365,17
2026-05-25T18:41:00+00:00,0.99032,0.99032,0.990305,0.990345,50
2026-05-25T18:42:00+00:00,0.99032,0.990325,0.990285,0.990335,31
2026-05-25T18:43:00+00:00,0.990315,0.99034,0.990305,0.99034,17
2026-05-25T18:44:00+00:00,0.99034,0.99039,0.99033,0.9904,35
2026-05-25T18:45:00+00:00,0.99039,0.99035,0.99035,0.99039,12
2026-05-25T18:46:00+00:00,0.99035,0.99032,0.99031,0.990355,33
2026-05-25T18:47:00+00:00,0.99032,0.990375,0.99032,0.990375,24
2026-05-25T18:48:00+00:00,0.990375,0.990345,0.99033,0.99038,40
2026-05-25T18:49:00+00:00,0.99034,0.990315,0.990305,0.990345,13
2026-05-25T18:50:00+00:00,0.990315,0.990375,0.990315,0.990375,18
2026-05-25T18:51:00+00:00,0.990375,0.99034,0.99034,0.99038,11
2026-05-25T18:52:00+00:00,0.99034,0.99041,0.99034,0.99044,29
2026-05-25T18:53:00+00:00,0.990415,0.99041,0.9904,0.990445,36
2026-05-25T18:54:00+00:00,0.99041,0.990415,0.99039,0.99044,40
2026-05-25T18:55:00+00:00,0.990415,0.99045,0.9904,0.99045,29
2026-05-25T18:56:00+00:00,0.99045,0.990435,0.99043,0.990455,13
2026-05-25T18:57:00+00:00,0.990435,0.990435,0.99041,0.990445,23
2026-05-25T18:58:00+00:00,0.990435,0.99047,0.990435,0.99047,11
2026-05-25T18:59:00+00:00,0.990475,0.99045,0.99043,0.99048,46
2026-05-25T19:00:00+00:00,0.99046,0.990445,0.990445,0.990465,19
2026-05-25T19:01:00+00:00,0.990445,0.990445,0.990425,0.990445,13
2026-05-25T19:02:00+00:00,0.990445,0.990445,0.990435,0.990445,14
2026-05-25T19:03:00+00:00,0.990435,0.99044,0.99042,0.990445,20
2026-05-25T19:04:00+00:00,0.99044,0.990445,0.990435,0.99046,26
2026-05-25T19:05:00+00:00,0.99044,0.990445,0.99044,0.99046,27
2026-05-25T19:06:00+00:00,0.990455,0.99045,0.99037,0.990455,40
2026-05-25T19:07:00+00:00,0.99045,0.99042,0.990405,0.99045,13
2026-05-25T19:08:00+00:00,0.990425,0.99045,0.990405,0.990455,53
2026-05-25T19:09:00+00:00,0.99045,0.990435,0.99041,0.990455,36
2026-05-25T19:10:00+00:00,0.99043,0.990455,0.99041,0.990495,52
2026-05-25T19:11:00+00:00,0.990455,0.99045,0.990445,0.99046,11
2026-05-25T19:12:00+00:00,0.990455,0.990455,0.990445,0.99046,25
2026-05-25T19:13:00+00:00,0.990455,0.99045,0.99045,0.990455,11
2026-05-25T19:14:00+00:00,0.99045,0.990425,0.990425,0.990455,11
2026-05-25T19:15:00+00:00,0.99043,0.990445,0.990425,0.990445,14
2026-05-25T19:16:00+00:00,0.99045,0.99045,0.990445,0.99046,10
2026-05-25T19:17:00+00:00,0.99045,0.99044,0.99044,0.990455,9
2026-05-25T19:18:00+00:00,0.99044,0.990455,0.99044,0.99047,22
2026-05-25T19:19:00+00:00,0.990445,0.99044,0.99044,0.990455,7
2026-05-25T19:20:00+00:00,0.99045,0.990425,0.990415,0.99046,42
2026-05-25T19:21:00+00:00,0.99042,0.99042,0.990415,0.99046,25
2026-05-25T19:22:00+00:00,0.99042,0.99046,0.99042,0.99046,27
2026-05-25T19:23:00+00:00,0.990465,0.99046,0.990455,0.990515,25
2026-05-25T19:24:00+00:00,0.99046,0.99046,0.990455,0.99047,17
2026-05-25T19:25:00+00:00,0.990465,0.99044,0.990435,0.990465,15
2026-05-25T19:26:00+00:00,0.99044,0.99045,0.99044,0.99046,23
2026-05-25T19:27:00+00:00,0.99045,0.99049,0.99045,0.990495,8
2026-05-25T19:28:00+00:00,0.99049,0.990495,0.99048,0.990495,21
2026-05-25T19:29:00+00:00,0.990495,0.990485,0.990465,0.990505,32
2026-05-25T19:30:00+00:00,0.990495,0.990455,0.99044,0.990495,31
2026-05-25T19:31:00+00:00,0.990455,0.990475,0.99044,0.990495,27
2026-05-25T19:32:00+00:00,0.990475,0.990495,0.99047,0.990505,19
2026-05-25T19:33:00+00:00,0.990505,0.99047,0.99045,0.990505,32
2026-05-25T19:34:00+00:00,0.990465,0.990475,0.99046,0.99048,7
2026-05-25T19:35:00+00:00,0.990475,0.990405,0.99039,0.990485,65
2026-05-25T19:36:00+00:00,0.990405,0.990365,0.99035,0.99041,101
2026-05-25T19:37:00+00:00,0.99036,0.990355,0.99034,0.990415,83
2026-05-25T19:38:00+00:00,0.990355,0.990325,0.990325,0.99039,38
2026-05-25T19:39:00+00:00,0.990315,0.99031,0.99029,0.990345,70
2026-05-25T19:40:00+00:00,0.99033,0.990305,0.990305,0.990335,26
2026-05-25T19:41:00+00:00,0.990305,0.99029,0.990285,0.99035,58
2026-05-25T19:42:00+00:00,0.99029,0.990245,0.990245,0.9903,33
2026-05-25T19:43:00+00:00,0.99025,0.990305,0.99025,0.99031,55
2026-05-25T19:44:00+00:00,0.990295,0.99034,0.990295,0.99034,16
2026-05-25T19:45:00+00:00,0.99034,0.990375,0.99034,0.990385,15
2026-05-25T19:46:00+00:00,0.990375,0.990355,0.990355,0.990375,14
2026-05-25T19:47:00+00:00,0.990355,0.990385,0.990355,0.990385,7
2026-05-25T19:48:00+00:00,0.990385,0.99028,0.990275,0.990385,40
2026-05-25T19:49:00+00:00,0.99028,0.99028,0.99028,0.990285,8
2026-05-25T19:50:00+00:00,0.990275,0.99027,0.990255,0.990295,71
2026-05-25T19:51:00+00:00,0.99027,0.99025,0.990245,0.99027,19
2026-05-25T19:52:00+00:00,0.99025,0.99026,0.99025,0.99027,14
2026-05-25T19:53:00+00:00,0.990255,0.99025,0.99024,0.99026,33
2026-05-25T19:54:00+00:00,0.99025,0.990245,0.990245,0.99025,7
2026-05-25T19:55:00+00:00,0.99025,0.99028,0.99025,0.990295,60
2026-05-25T19:56:00+00:00,0.99028,0.99028,0.99027,0.990295,7
2026-05-25T19:57:00+00:00,0.99028,0.99024,0.990225,0.99029,58
2026-05-25T19:58:00+00:00,0.99025,0.99023,0.99023,0.99028,59
2026-05-25T19:59:00+00:00,0.99023,0.99021,0.990205,0.99023,17
2026-05-25T20:00:00+00:00,0.990215,0.99026,0.990215,0.9903,34
2026-05-25T20:01:00+00:00,0.990265,0.9903,0.99026,0.99031,32
2026-05-25T20:02:00+00:00,0.990295,0.990305,0.99029,0.990305,19
2026-05-25T20:03:00+00:00,0.990295,0.9903,0.99029,0.99034,26
2026-05-25T20:04:00+00:00,0.9903,0.99028,0.99028,0.990305,11
2026-05-25T20:05:00+00:00,0.99029,0.990255,0.99024,0.990295,42
2026-05-25T20:06:00+00:00,0.99025,0.99025,0.99024,0.990255,17
2026-05-25T20:07:00+00:00,0.99025,0.99022,0.9902,0.99025,35
2026-05-25T20:08:00+00:00,0.99022,0.99021,0.99021,0.99025,20
2026-05-25T20:09:00+00:00,0.99022,0.990255,0.990215,0.99027,54
2026-05-25T20:10:00+00:00,0.990255,0.99024,0.99024,0.99026,20
2026-05-25T20:11:00+00:00,0.99025,0.990245,0.990245,0.99028,23
2026-05-25T20:12:00+00:00,0.990245,0.99027,0.990245,0.99027,8
2026-05-25T20:13:00+00:00,0.99027,0.99026,0.990255,0.990275,27
2026-05-25T20:14:00+00:00,0.99026,0.990275,0.990255,0.990285,15
2026-05-25T20:15:00+00:00,0.990285,0.990255,0.99025,0.990285,20
2026-05-25T20:16:00+00:00,0.990255,0.990295,0.990245,0.990305,52
2026-05-25T20:17:00+00:00,0.990285,0.990265,0.990255,0.9903,42
2026-05-25T20:18:00+00:00,0.99026,0.9903,0.990245,0.990305,53
2026-05-25T20:19:00+00:00,0.990295,0.990295,0.990265,0.99032,60
2026-05-25T20:20:00+00:00,0.990295,0.990355,0.990295,0.990355,36
2026-05-25T20:21:00+00:00,0.990345,0.990305,0.990295,0.99035,45
2026-05-25T20:22:00+00:00,0.990315,0.990305,0.990305,0.99034,51
2026-05-25T20:23:00+00:00,0.990305,0.990285,0.99027,0.990305,15
2026-05-25T20:24:00+00:00,0.990295,0.990295,0.990285,0.990295,10
2026-05-25T20:25:00+00:00,0.99029,0.990295,0.99027,0.9903,52
2026-05-25T20:26:00+00:00,0.990305,0.990295,0.990285,0.99031,55
2026-05-25T20:27:00+00:00,0.99029,0.99029,0.990265,0.9903,48
2026-05-25T20:28:00+00:00,0.99029,0.990355,0.99029,0.990395,48
2026-05-25T20:29:00+00:00,0.990355,0.990385,0.990295,0.99039,109
2026-05-25T20:30:00+00:00,0.99039,0.9903,0.9903,0.99042,63
2026-05-25T20:31:00+00:00,0.9903,0.99028,0.99028,0.990315,18
2026-05-25T20:32:00+00:00,0.99028,0.99029,0.990265,0.990295,28
2026-05-25T20:33:00+00:00,0.99029,0.99028,0.990275,0.990295,14
2026-05-25T20:34:00+00:00,0.99028,0.990295,0.99028,0.990295,16
2026-05-25T20:35:00+00:00,0.990295,0.99029,0.99026,0.9903,32
2026-05-25T20:36:00+00:00,0.990295,0.990335,0.99029,0.99035,24
2026-05-25T20:37:00+00:00,0.990335,0.990305,0.99029,0.990395,66
2026-05-25T20:38:00+00:00,0.990305,0.990265,0.99023,0.990305,72
2026-05-25T20:39:00+00:00,0.99027,0.990205,0.9902,0.990315,75
2026-05-25T20:40:00+00:00,0.99022,0.9902,0.99014,0.990255,41
2026-05-25T20:41:00+00:00,0.9902,0.99028,0.9902,0.990285,62
2026-05-25T20:42:00+00:00,0.990275,0.990225,0.990215,0.99028,41
2026-05-25T20:43:00+00:00,0.99024,0.990255,0.99022,0.990285,38
2026-05-25T20:44:00+00:00,0.99025,0.99025,0.99025,0.990285,26
2026-05-25T20:45:00+00:00,0.99027,0.990265,0.99025,0.9903,16
2026-05-25T20:46:00+00:00,0.99027,0.990285,0.99023,0.9903,35
2026-05-25T20:47:00+00:00,0.99028,0.9903,0.99028,0.99035,39
2026-05-25T20:48:00+00:00,0.9903,0.9903,0.990285,0.990325,37
2026-05-25T20:49:00+00:00,0.9903,0.99023,0.99023,0.990315,14
2026-05-25T20:50:00+00:00,0.990235,0.99028,0.990235,0.9903,57
2026-05-25T20:51:00+00:00,0.99028,0.99024,0.990235,0.99028,15
2026-05-25T20:52:00+00:00,0.99024,0.990285,0.99024,0.990325,68
2026-05-25T20:53:00+00:00,0.990295,0.990295,0.99028,0.99032,18
2026-05-25T20:54:00+00:00,0.99029,0.9903,0.99029,0.99031,18
2026-05-25T20:55:00+00:00,0.99032,0.990335,0.990315,0.990375,62
2026-05-25T20:56:00+00:00,0.99034,0.990345,0.990335,0.99037,51
2026-05-25T20:57:00+00:00,0.990345,0.990375,0.990345,0.990375,47
2026-05-25T20:58:00+00:00,0.990375,0.990385,0.990375,0.990395,18
2026-05-25T20:59:00+00:00,0.990395,0.989975,0.989975,0.990395,105
2026-05-25T21:00:00+00:00,0.99,0.98975,0.98975,0.99,6
2026-05-25T21:01:00+00:00,0.98975,0.989825,0.98975,0.99032,3
2026-05-25T21:02:00+00:00,0.98985,0.98985,0.98985,0.98985,1
2026-05-25T21:03:00+00:00,0.98985,0.98985,0.98985,0.98985,0
2026-05-25T21:04:00+00:00,0.98985,0.98985,0.98985,0.98985,0
2026-05-25T21:05:00+00:00,0.98985,0.98986,0.98985,0.98987,2
2026-05-25T21:06:00+00:00,0.989825,0.989825,0.989825,0.989825,1
2026-05-25T21:07:00+00:00,0.989825,0.989825,0.989825,0.989825,0
2026-05-25T21:08:00+00:00,0.989825,0.990035,0.989825,0.99004,6
2026-05-25T21:09:00+00:00,0.990035,0.98999,0.9899,0.990065,16
2026-05-25T21:10:00+00:00,0.98997,0.989825,0.989825,0.989975,10
2026-05-25T21:11:00+00:00,0.989825,0.989825,0.989825,0.990015,6
2026-05-25T21:12:00+00:00,0.989825,0.98992,0.989825,0.98994,2
2026-05-25T21:13:00+00:00,0.989925,0.989825,0.989825,0.989925,2
2026-05-25T21:14:00+00:00,0.989825,0.98991,0.989825,0.989985,21
2026-05-25T21:15:00+00:00,0.98992,0.98985,0.989825,0.990015,6
2026-05-25T21:16:00+00:00,0.98985,0.98985,0.98985,0.98986,2
2026-05-25T21:17:00+00:00,0.98985,0.989885,0.98985,0.989885,2
2026-05-25T21:18:00+00:00,0.989885,0.98985,0.98985,0.989885,1
2026-05-25T21:19:00+00:00,0.98985,0.98985,0.98985,0.989855,2
2026-05-25T21:20:00+00:00,0.98985,0.98985,0.98985,0.989875,2
2026-05-25T21:21:00+00:00,0.98985,0.989955,0.98985,0.989995,13
2026-05-25T21:22:00+00:00,0.989965,0.989905,0.989895,0.989965,12
2026-05-25T21:23:00+00:00,0.989905,0.989915,0.989865,0.98993,15
2026-05-25T21:24:00+00:00,0.989915,0.989875,0.989875,0.98994,7
2026-05-25T21:25:00+00:00,0.989875,0.989875,0.989875,0.989875,0
2026-05-25T21:26:00+00:00,0.989875,0.98985,0.98985,0.989875,1
2026-05-25T21:27:00+00:00,0.98985,0.98997,0.98985,0.989975,3
2026-05-25T21:28:00+00:00,0.98997,0.989875,0.989875,0.990005,20
2026-05-25T21:29:00+00:00,0.989875,0.98988,0.989875,0.989905,7
2026-05-25T21:30:00+00:00,0.989875,0.98989,0.989875,0.98991,22
2026-05-25T21:31:00+00:00,0.98988,0.98985,0.98985,0.989975,27
2026-05-25T21:32:00+00:00,0.98985,0.98985,0.98985,0.98985,0
2026-05-25T21:33:00+00:00,0.98985,0.98993,0.98985,0.99001,29
2026-05-25T21:34:00+00:00,0.98993,0.989985,0.98992,0.98999,14
2026-05-25T21:35:00+00:00,0.989985,0.989955,0.989885,0.99001,33
2026-05-25T21:36:00+00:00,0.98996,0.99005,0.98995,0.990055,27
2026-05-25T21:37:00+00:00,0.99005,0.990055,0.989985,0.99006,32
2026-05-25T21:38:00+00:00,0.990055,0.98975,0.989725,0.990095,30
2026-05-25T21:39:00+00:00,0.98975,0.98985,0.98955,0.989875,26
2026-05-25T21:40:00+00:00,0.98989,0.989885,0.98985,0.98999,14
2026-05-25T21:41:00+00:00,0.989885,0.989955,0.989875,0.989955,3
2026-05-25T21:42:00+00:00,0.989955,0.98999,0.989955,0.98999,3
2026-05-25T21:43:00+00:00,0.98999,0.98985,0.98985,0.98999,30
2026-05-25T21:44:00+00:00,0.98991,0.989745,0.98974,0.98991,14
2026-05-25T21:45:00+00:00,0.989745,0.98974,0.98973,0.989745,11
2026-05-25T21:46:00+00:00,0.98974,0.98975,0.98974,0.98975,1
2026-05-25T21:47:00+00:00,0.98975,0.98975,0.98968,0.98975,5
2026-05-25T21:48:00+00:00,0.98975,0.989695,0.98968,0.989755,9
