timestamp_utc,open,close,min,max,volume
2026-05-20T10:40:00+00:00,113.2685,113.2545,113.2545,113.2685,251
2026-05-20T10:41:00+00:00,113.255,113.246,113.241,113.2615,256
2026-05-20T10:42:00+00:00,113.2465,113.2465,113.239,113.2555,173
2026-05-20T10:43:00+00:00,113.247,113.257,113.245,113.2575,106
2026-05-20T10:44:00+00:00,113.258,113.278,113.258,113.2795,265
2026-05-20T10:45:00+00:00,113.2785,113.2655,113.265,113.281,177
2026-05-20T10:46:00+00:00,113.2655,113.268,113.2605,113.271,173
2026-05-20T10:47:00+00:00,113.2675,113.257,113.253,113.275,314
2026-05-20T10:48:00+00:00,113.2575,113.243,113.242,113.262,218
2026-05-20T10:49:00+00:00,113.244,113.2545,113.2415,113.2585,262
2026-05-20T10:50:00+00:00,113.255,113.243,113.241,113.255,290
2026-05-20T10:51:00+00:00,113.2425,113.2435,113.2405,113.248,194
2026-05-20T10:52:00+00:00,113.243,113.242,113.2355,113.243,187
2026-05-20T10:53:00+00:00,113.242,113.244,113.2395,113.2475,203
2026-05-20T10:54:00+00:00,113.2445,113.2535,113.241,113.2545,177
2026-05-20T10:55:00+00:00,113.254,113.2625,113.251,113.2695,211
2026-05-20T10:56:00+00:00,113.2615,113.2755,113.2575,113.2815,237
2026-05-20T10:57:00+00:00,113.275,113.276,113.2735,113.285,155
2026-05-20T10:58:00+00:00,113.276,113.2845,113.276,113.2865,130
2026-05-20T10:59:00+00:00,113.2845,113.2885,113.2805,113.2885,129
2026-05-20T11:00:00+00:00,113.288,113.2775,113.2745,113.2895,199
2026-05-20T11:01:00+00:00,113.277,113.2925,113.2725,113.2925,153
2026-05-20T11:02:00+00:00,113.293,113.2745,113.27,113.2945,214
2026-05-20T11:03:00+00:00,113.275,113.282,113.2695,113.2835,227
2026-05-20T11:04:00+00:00,113.2815,113.277,113.2695,113.282,150
2026-05-20T11:05:00+00:00,113.2775,113.287,113.2775,113.2895,173
2026-05-20T11:06:00+00:00,113.2865,113.289,113.285,113.2935,114
2026-05-20T11:07:00+00:00,113.29,113.284,113.279,113.2925,198
2026-05-20T11:08:00+00:00,113.2845,113.282,113.275,113.2845,156
2026-05-20T11:09:00+00:00,113.2825,113.284,113.28,113.2885,124
2026-05-20T11:10:00+00:00,113.284,113.2965,113.283,113.2975,142
2026-05-20T11:11:00+00:00,113.297,113.308,113.2955,113.311,212
2026-05-20T11:12:00+00:00,113.3085,113.301,113.295,113.3105,158
2026-05-20T11:13:00+00:00,113.302,113.3085,113.2985,113.31,142
2026-05-20T11:14:00+00:00,113.3085,113.298,113.292,113.31,223
2026-05-20T11:15:00+00:00,113.2985,113.302,113.297,113.303,150
2026-05-20T11:16:00+00:00,113.3015,113.3185,113.3015,113.321,196
2026-05-20T11:17:00+00:00,113.318,113.3165,113.314,113.3275,222
2026-05-20T11:18:00+00:00,113.316,113.322,113.315,113.3285,187
2026-05-20T11:19:00+00:00,113.322,113.3145,113.312,113.3295,172
2026-05-20T11:20:00+00:00,113.314,113.304,113.2985,113.315,242
2026-05-20T11:21:00+00:00,113.3045,113.296,113.284,113.3055,242
2026-05-20T11:22:00+00:00,113.295,113.3165,113.2925,113.321,212
2026-05-20T11:23:00+00:00,113.3165,113.3265,113.304,113.327,152
2026-05-20T11:24:00+00:00,113.326,113.333,113.3225,113.3335,115
2026-05-20T11:25:00+00:00,113.333,113.349,113.3305,113.3565,190
2026-05-20T11:26:00+00:00,113.349,113.3525,113.343,113.3525,168
2026-05-20T11:27:00+00:00,113.352,113.365,113.35,113.3715,158
2026-05-20T11:28:00+00:00,113.3655,113.369,113.364,113.3725,130
2026-05-20T11:29:00+00:00,113.3685,113.384,113.365,113.3855,189
2026-05-20T11:30:00+00:00,113.3845,113.391,113.382,113.395,243
2026-05-20T11:31:00+00:00,113.3915,113.389,113.384,113.394,194
2026-05-20T11:32:00+00:00,113.389,113.4,113.3875,113.4,127
2026-05-20T11:33:00+00:00,113.3995,113.3975,113.396,113.402,154
2026-05-20T11:34:00+00:00,113.397,113.3825,113.3805,113.3985,202
2026-05-20T11:35:00+00:00,113.3825,113.405,113.3815,113.41,192
2026-05-20T11:36:00+00:00,113.4055,113.4135,113.4025,113.4195,272
2026-05-20T11:37:00+00:00,113.4135,113.411,113.406,113.4255,267
2026-05-20T11:38:00+00:00,113.41,113.401,113.3975,113.4175,314
2026-05-20T11:39:00+00:00,113.4005,113.4005,113.389,113.402,217
2026-05-20T11:40:00+00:00,113.401,113.416,113.397,113.417,288
2026-05-20T11:41:00+00:00,113.4165,113.428,113.414,113.4285,320
2026-05-20T11:42:00+00:00,113.4275,113.412,113.3975,113.4295,548
2026-05-20T11:43:00+00:00,113.4115,113.3895,113.3875,113.4115,295
2026-05-20T11:44:00+00:00,113.389,113.395,113.3865,113.3985,240
2026-05-20T11:45:00+00:00,113.3945,113.381,113.381,113.396,210
2026-05-20T11:46:00+00:00,113.3805,113.368,113.3635,113.3825,237
2026-05-20T11:47:00+00:00,113.3675,113.3655,113.36,113.373,238
2026-05-20T11:48:00+00:00,113.365,113.358,113.3535,113.366,253
2026-05-20T11:49:00+00:00,113.3585,113.3335,113.3335,113.3595,518
2026-05-20T11:50:00+00:00,113.333,113.3265,113.3205,113.336,537
2026-05-20T11:51:00+00:00,113.327,113.3305,113.326,113.3375,461
2026-05-20T11:52:00+00:00,113.331,113.3265,113.315,113.3315,514
2026-05-20T11:53:00+00:00,113.3275,113.3265,113.3165,113.341,574
2026-05-20T11:54:00+00:00,113.327,113.33,113.325,113.3315,227
2026-05-20T11:55:00+00:00,113.3305,113.3475,113.3275,113.3525,245
2026-05-20T11:56:00+00:00,113.3475,113.3375,113.3365,113.3565,261
2026-05-20T11:57:00+00:00,113.337,113.338,113.3285,113.3425,248
2026-05-20T11:58:00+00:00,113.339,113.352,113.337,113.3525,286
2026-05-20T11:59:00+00:00,113.3525,113.3585,113.3495,113.3595,219
2026-05-20T12:00:00+00:00,113.359,113.3745,113.352,113.3775,348
2026-05-20T12:01:00+00:00,113.375,113.398,113.3745,113.401,381
2026-05-20T12:02:00+00:00,113.3985,113.3945,113.3875,113.4005,388
2026-05-20T12:03:00+00:00,113.395,113.3875,113.3865,113.3955,251
2026-05-20T12:04:00+00:00,113.388,113.3985,113.387,113.3995,221
2026-05-20T12:05:00+00:00,113.399,113.386,113.381,113.3995,224
2026-05-20T12:06:00+00:00,113.385,113.3915,113.3805,113.3915,206
2026-05-20T12:07:00+00:00,113.392,113.3865,113.3855,113.394,145
2026-05-20T12:08:00+00:00,113.386,113.3875,113.378,113.39,218
2026-05-20T12:09:00+00:00,113.3875,113.377,113.368,113.391,237
2026-05-20T12:10:00+00:00,113.3765,113.374,113.366,113.378,300
2026-05-20T12:11:00+00:00,113.3745,113.3715,113.365,113.376,204
2026-05-20T12:12:00+00:00,113.371,113.378,113.371,113.3825,168
2026-05-20T12:13:00+00:00,113.377,113.388,113.3765,113.3955,286
2026-05-20T12:14:00+00:00,113.3875,113.391,113.3845,113.391,143
2026-05-20T12:15:00+00:00,113.392,113.3865,113.376,113.392,192
2026-05-20T12:16:00+00:00,113.3865,113.385,113.374,113.388,173
2026-05-20T12:17:00+00:00,113.384,113.385,113.38,113.3865,180
2026-05-20T12:18:00+00:00,113.3845,113.3675,113.3675,113.3855,171
2026-05-20T12:19:00+00:00,113.3675,113.356,113.356,113.372,206
2026-05-20T12:20:00+00:00,113.3555,113.338,113.336,113.3555,339
2026-05-20T12:21:00+00:00,113.3375,113.349,113.335,113.3535,199
2026-05-20T12:22:00+00:00,113.3495,113.3505,113.347,113.3545,204
2026-05-20T12:23:00+00:00,113.351,113.358,113.3505,113.366,278
2026-05-20T12:24:00+00:00,113.357,113.3665,113.35,113.3695,198
2026-05-20T12:25:00+00:00,113.367,113.349,113.348,113.3785,431
2026-05-20T12:26:00+00:00,113.3485,113.342,113.342,113.3685,476
2026-05-20T12:27:00+00:00,113.3425,113.34,113.338,113.346,226
2026-05-20T12:28:00+00:00,113.3405,113.34,113.3365,113.3455,240
2026-05-20T12:29:00+00:00,113.34,113.358,113.339,113.358,238
2026-05-20T12:30:00+00:00,113.3585,113.359,113.355,113.3665,350
2026-05-20T12:31:00+00:00,113.3595,113.3795,113.359,113.3905,307
2026-05-20T12:32:00+00:00,113.379,113.3785,113.372,113.3815,250
2026-05-20T12:33:00+00:00,113.379,113.394,113.3705,113.395,221
2026-05-20T12:34:00+00:00,113.3945,113.405,113.389,113.4115,346
2026-05-20T12:35:00+00:00,113.4045,113.3825,113.3815,113.4045,288
2026-05-20T12:36:00+00:00,113.383,113.3785,113.3755,113.3865,208
2026-05-20T12:37:00+00:00,113.378,113.363,113.362,113.3815,253
2026-05-20T12:38:00+00:00,113.3625,113.3705,113.361,113.374,221
2026-05-20T12:39:00+00:00,113.371,113.369,113.369,113.378,159
2026-05-20T12:40:00+00:00,113.3695,113.349,113.344,113.3815,323
2026-05-20T12:41:00+00:00,113.3495,113.344,113.343,113.354,262
2026-05-20T12:42:00+00:00,113.3445,113.342,113.3405,113.3495,149
2026-05-20T12:43:00+00:00,113.3415,113.3555,113.341,113.361,217
2026-05-20T12:44:00+00:00,113.355,113.351,113.3465,113.3555,207
2026-05-20T12:45:00+00:00,113.3515,113.356,113.344,113.3595,191
2026-05-20T12:46:00+00:00,113.3565,113.3415,113.341,113.3635,172
2026-05-20T12:47:00+00:00,113.341,113.351,113.339,113.352,186
2026-05-20T12:48:00+00:00,113.351,113.3555,113.3445,113.357,140
2026-05-20T12:49:00+00:00,113.3545,113.359,113.348,113.3635,243
2026-05-20T12:50:00+00:00,113.3585,113.356,113.344,113.359,233
2026-05-20T12:51:00+00:00,113.357,113.3555,113.349,113.357,135
2026-05-20T12:52:00+00:00,113.3555,113.348,113.345,113.3555,191
2026-05-20T12:53:00+00:00,113.348,113.34,113.333,113.3485,233
2026-05-20T12:54:00+00:00,113.3405,113.311,113.31,113.3455,262
2026-05-20T12:55:00+00:00,113.3115,113.3065,113.287,113.313,240
2026-05-20T12:56:00+00:00,113.307,113.302,113.302,113.3185,254
2026-05-20T12:57:00+00:00,113.3025,113.295,113.2945,113.314,236
2026-05-20T12:58:00+00:00,113.2945,113.274,113.271,113.2945,337
2026-05-20T12:59:00+00:00,113.273,113.2915,113.273,113.292,228
2026-05-20T13:00:00+00:00,113.292,113.3085,113.287,113.3115,478
2026-05-20T13:01:00+00:00,113.309,113.287,113.287,113.3095,362
2026-05-20T13:02:00+00:00,113.2875,113.295,113.281,113.2965,244
2026-05-20T13:03:00+00:00,113.2945,113.271,113.2705,113.3025,311
2026-05-20T13:04:00+00:00,113.2705,113.27,113.2615,113.281,307
2026-05-20T13:05:00+00:00,113.2705,113.262,113.2615,113.2815,315
2026-05-20T13:06:00+00:00,113.2625,113.244,113.2315,113.2665,357
2026-05-20T13:07:00+00:00,113.2445,113.236,113.2345,113.2465,228
2026-05-20T13:08:00+00:00,113.2365,113.244,113.233,113.253,278
2026-05-20T13:09:00+00:00,113.2435,113.2295,113.2265,113.2505,224
2026-05-20T13:10:00+00:00,113.229,113.2395,113.227,113.2415,154
2026-05-20T13:11:00+00:00,113.2395,113.249,113.238,113.2565,174
2026-05-20T13:12:00+00:00,113.25,113.265,113.25,113.2705,137
2026-05-20T13:13:00+00:00,113.2645,113.271,113.262,113.2765,172
2026-05-20T13:14:00+00:00,113.27,113.271,113.265,113.272,197
2026-05-20T13:15:00+00:00,113.2705,113.26,113.257,113.279,283
2026-05-20T13:16:00+00:00,113.2605,113.255,113.2535,113.2635,185
2026-05-20T13:17:00+00:00,113.2545,113.269,113.2545,113.2735,227
2026-05-20T13:18:00+00:00,113.2685,113.253,113.25,113.2695,306
2026-05-20T13:19:00+00:00,113.2535,113.2465,113.236,113.2545,208
2026-05-20T13:20:00+00:00,113.247,113.26,113.2415,113.2615,238
2026-05-20T13:21:00+00:00,113.259,113.2695,113.254,113.2695,220
2026-05-20T13:22:00+00:00,113.2695,113.245,113.245,113.27,188
2026-05-20T13:23:00+00:00,113.2455,113.253,113.242,113.2535,175
2026-05-20T13:24:00+00:00,113.2525,113.2525,113.243,113.262,348
2026-05-20T13:25:00+00:00,113.253,113.261,113.248,113.2655,245
2026-05-20T13:26:00+00:00,113.26,113.28,113.26,113.28,402
2026-05-20T13:27:00+00:00,113.279,113.2735,113.267,113.279,261
2026-05-20T13:28:00+00:00,113.274,113.268,113.261,113.277,400
2026-05-20T13:29:00+00:00,113.2675,113.266,113.257,113.268,398
2026-05-20T13:30:00+00:00,113.2665,113.249,113.247,113.271,767
2026-05-20T13:31:00+00:00,113.25,113.261,113.2455,113.2765,718
2026-05-20T13:32:00+00:00,113.262,113.2615,113.256,113.274,522
2026-05-20T13:33:00+00:00,113.261,113.293,113.261,113.297,516
2026-05-20T13:34:00+00:00,113.2925,113.2925,113.279,113.296,503
2026-05-20T13:35:00+00:00,113.292,113.273,113.2705,113.2965,590
2026-05-20T13:36:00+00:00,113.2725,113.281,113.2565,113.282,640
2026-05-20T13:37:00+00:00,113.2805,113.297,113.271,113.3015,606
2026-05-20T13:38:00+00:00,113.298,113.29,113.2815,113.304,755
2026-05-20T13:39:00+00:00,113.291,113.311,113.2885,113.312,592
2026-05-20T13:40:00+00:00,113.3115,113.321,113.3035,113.3215,516
2026-05-20T13:41:00+00:00,113.3215,113.3035,113.2995,113.326,573
2026-05-20T13:42:00+00:00,113.303,113.3165,113.303,113.317,459
2026-05-20T13:43:00+00:00,113.316,113.317,113.3075,113.3215,465
2026-05-20T13:44:00+00:00,113.3175,113.3295,113.2995,113.335,485
2026-05-20T13:45:00+00:00,113.329,113.3695,113.329,113.3805,876
2026-05-20T13:46:00+00:00,113.369,113.375,113.359,113.379,696
2026-05-20T13:47:00+00:00,113.3755,113.364,113.357,113.383,480
2026-05-20T13:48:00+00:00,113.3635,113.3445,113.344,113.368,429
2026-05-20T13:49:00+00:00,113.344,113.326,113.321,113.3485,588
2026-05-20T13:50:00+00:00,113.324,113.327,113.3185,113.3335,538
2026-05-20T13:51:00+00:00,113.3265,113.3275,113.303,113.33,439
2026-05-20T13:52:00+00:00,113.327,113.305,113.2965,113.337,481
2026-05-20T13:53:00+00:00,113.3045,113.306,113.302,113.3185,334
2026-05-20T13:54:00+00:00,113.307,113.2865,113.279,113.313,419
2026-05-20T13:55:00+00:00,113.287,113.26,113.2585,113.289,455
2026-05-20T13:56:00+00:00,113.259,113.262,113.2565,113.281,386
2026-05-20T13:57:00+00:00,113.261,113.2815,113.2595,113.2875,429
2026-05-20T13:58:00+00:00,113.282,113.283,113.2735,113.287,392
2026-05-20T13:59:00+00:00,113.2825,113.302,113.279,113.304,439
2026-05-20T14:00:00+00:00,113.3025,113.324,113.3,113.3245,557
2026-05-20T14:01:00+00:00,113.3245,113.2985,113.2895,113.3295,449
2026-05-20T14:02:00+00:00,113.298,113.2905,113.285,113.313,466
2026-05-20T14:03:00+00:00,113.29,113.296,113.2845,113.304,414
2026-05-20T14:04:00+00:00,113.297,113.275,113.2705,113.3035,468
2026-05-20T14:05:00+00:00,113.276,113.267,113.259,113.289,512
2026-05-20T14:06:00+00:00,113.2675,113.291,113.26,113.2915,363
2026-05-20T14:07:00+00:00,113.2915,113.3,113.2845,113.307,304
2026-05-20T14:08:00+00:00,113.3005,113.295,113.2885,113.3045,313
2026-05-20T14:09:00+00:00,113.295,113.279,113.2725,113.3005,480
2026-05-20T14:10:00+00:00,113.278,113.287,113.276,113.3015,417
2026-05-20T14:11:00+00:00,113.2865,113.277,113.2745,113.2925,586
2026-05-20T14:12:00+00:00,113.2765,113.262,113.257,113.2845,403
2026-05-20T14:13:00+00:00,113.2615,113.255,113.245,113.2625,356
2026-05-20T14:14:00+00:00,113.2545,113.304,113.252,113.3255,1744
2026-05-20T14:15:00+00:00,113.3045,113.383,113.3045,113.397,1497
2026-05-20T14:16:00+00:00,113.3825,113.4705,113.3755,113.471,2060
2026-05-20T14:17:00+00:00,113.471,113.4035,113.4,113.507,2020
2026-05-20T14:18:00+00:00,113.403,113.458,113.402,113.475,1808
2026-05-20T14:19:00+00:00,113.4585,113.499,113.4585,113.5005,1594
2026-05-20T14:20:00+00:00,113.4985,113.458,113.454,113.5175,1301
2026-05-20T14:21:00+00:00,113.4585,113.53,113.438,113.5325,1327
2026-05-20T14:22:00+00:00,113.5315,113.546,113.5285,113.563,1213
2026-05-20T14:23:00+00:00,113.545,113.497,113.4965,113.5515,977
2026-05-20T14:24:00+00:00,113.496,113.4945,113.47,113.5145,1207
2026-05-20T14:25:00+00:00,113.495,113.4745,113.459,113.4985,1024
2026-05-20T14:26:00+00:00,113.475,113.4745,113.472,113.5015,956
2026-05-20T14:27:00+00:00,113.475,113.462,113.4575,113.4945,790
2026-05-20T14:28:00+00:00,113.4615,113.4875,113.455,113.4925,876
2026-05-20T14:29:00+00:00,113.487,113.499,113.4725,113.5045,852
2026-05-20T14:30:00+00:00,113.4995,113.5415,113.494,113.5465,1197
2026-05-20T14:31:00+00:00,113.5405,113.5855,113.538,113.5925,1111
2026-05-20T14:32:00+00:00,113.585,113.563,113.557,113.5995,1190
2026-05-20T14:33:00+00:00,113.5625,113.552,113.551,113.5805,853
2026-05-20T14:34:00+00:00,113.5525,113.563,113.548,113.573,893
2026-05-20T14:35:00+00:00,113.5635,113.5495,113.531,113.568,764
2026-05-20T14:36:00+00:00,113.55,113.5845,113.549,113.5845,738
2026-05-20T14:37:00+00:00,113.585,113.552,113.542,113.585,967
2026-05-20T14:38:00+00:00,113.551,113.5325,113.524,113.557,801
2026-05-20T14:39:00+00:00,113.532,113.5295,113.521,113.563,970
2026-05-20T14:40:00+00:00,113.5295,113.528,113.5085,113.5365,715
2026-05-20T14:41:00+00:00,113.5285,113.5395,113.5145,113.5445,710
2026-05-20T14:42:00+00:00,113.54,113.548,113.524,113.549,647
2026-05-20T14:43:00+00:00,113.5485,113.5645,113.5435,113.572,645
2026-05-20T14:44:00+00:00,113.5635,113.5865,113.559,113.5865,639
2026-05-20T14:45:00+00:00,113.586,113.5635,113.554,113.591,845
2026-05-20T14:46:00+00:00,113.564,113.5465,113.5375,113.577,889
2026-05-20T14:47:00+00:00,113.547,113.5445,113.5355,113.554,630
2026-05-20T14:48:00+00:00,113.545,113.5445,113.5415,113.554,563
2026-05-20T14:49:00+00:00,113.545,113.5345,113.5295,113.56,555
2026-05-20T14:50:00+00:00,113.536,113.5775,113.535,113.5805,703
2026-05-20T14:51:00+00:00,113.578,113.612,113.569,113.616,1021
2026-05-20T14:52:00+00:00,113.613,113.5865,113.576,113.613,1239
2026-05-20T14:53:00+00:00,113.5875,113.597,113.5825,113.605,794
2026-05-20T14:54:00+00:00,113.5975,113.611,113.592,113.6165,642
2026-05-20T14:55:00+00:00,113.6105,113.6245,113.591,113.643,971
2026-05-20T14:56:00+00:00,113.624,113.643,113.621,113.644,910
2026-05-20T14:57:00+00:00,113.6425,113.6305,113.6035,113.6425,815
2026-05-20T14:58:00+00:00,113.63,113.6425,113.621,113.65,547
2026-05-20T14:59:00+00:00,113.642,113.6475,113.6305,113.651,486
2026-05-20T15:00:00+00:00,113.647,113.632,113.626,113.6515,656
2026-05-20T15:01:00+00:00,113.631,113.6425,113.6255,113.654,758
2026-05-20T15:02:00+00:00,113.643,113.608,113.607,113.6565,946
2026-05-20T15:03:00+00:00,113.6085,113.612,113.5965,113.617,812
2026-05-20T15:04:00+00:00,113.6125,113.598,113.588,113.614,649
2026-05-20T15:05:00+00:00,113.5965,113.6085,113.5935,113.6105,632
2026-05-20T15:06:00+00:00,113.6095,113.592,113.579,113.6105,727
2026-05-20T15:07:00+00:00,113.5915,113.571,113.561,113.594,693
2026-05-20T15:08:00+00:00,113.5705,113.586,113.5655,113.5865,914
2026-05-20T15:09:00+00:00,113.5865,113.581,113.5775,113.5965,593
2026-05-20T15:10:00+00:00,113.5815,113.6,113.5785,113.6035,418
2026-05-20T15:11:00+00:00,113.6005,113.602,113.5925,113.605,429
2026-05-20T15:12:00+00:00,113.6015,113.58,113.58,113.603,396
2026-05-20T15:13:00+00:00,113.5805,113.5975,113.578,113.598,387
2026-05-20T15:14:00+00:00,113.597,113.596,113.588,113.605,382
2026-05-20T15:15:00+00:00,113.5965,113.709,113.591,113.7335,1400
2026-05-20T15:16:00+00:00,113.708,113.77,113.6995,113.788,2338
2026-05-20T15:17:00+00:00,113.769,113.7705,113.721,113.818,2036
2026-05-20T15:18:00+00:00,113.771,113.758,113.7185,113.775,1784
2026-05-20T15:19:00+00:00,113.7585,113.7715,113.749,113.798,1353
2026-05-20T15:20:00+00:00,113.772,113.755,113.7435,113.7785,1229
2026-05-20T15:21:00+00:00,113.7555,113.7385,113.736,113.7655,1122
2026-05-20T15:22:00+00:00,113.7375,113.7355,113.727,113.747,973
2026-05-20T15:23:00+00:00,113.7355,113.719,113.7065,113.7515,1033
2026-05-20T15:24:00+00:00,113.719,113.664,113.662,113.722,932
2026-05-20T15:25:00+00:00,113.6635,113.665,113.6485,113.678,917
2026-05-20T15:26:00+00:00,113.6655,113.638,113.634,113.6815,939
2026-05-20T15:27:00+00:00,113.6385,113.6295,113.618,113.643,749
2026-05-20T15:28:00+00:00,113.629,113.637,113.6125,113.647,778
2026-05-20T15:29:00+00:00,113.637,113.6295,113.6145,113.644,863
2026-05-20T15:30:00+00:00,113.629,113.66,113.6265,113.6605,980
2026-05-20T15:31:00+00:00,113.6595,113.6645,113.6465,113.679,1028
2026-05-20T15:32:00+00:00,113.665,113.678,113.658,113.6875,773
2026-05-20T15:33:00+00:00,113.679,113.6995,113.676,113.702,641
2026-05-20T15:34:00+00:00,113.7,113.6765,113.6655,113.7005,683
2026-05-20T15:35:00+00:00,113.677,113.684,113.673,113.6905,725
2026-05-20T15:36:00+00:00,113.685,113.672,113.6635,113.691,791
2026-05-20T15:37:00+00:00,113.6725,113.6785,113.6655,113.6855,932
2026-05-20T15:38:00+00:00,113.679,113.6695,113.6605,113.679,783
2026-05-20T15:39:00+00:00,113.67,113.6725,113.668,113.687,631
2026-05-20T15:40:00+00:00,113.673,113.6775,113.6685,113.69,927
2026-05-20T15:41:00+00:00,113.678,113.694,113.6745,113.699,901
2026-05-20T15:42:00+00:00,113.6945,113.683,113.68,113.6965,791
2026-05-20T15:43:00+00:00,113.684,113.6675,113.662,113.6875,735
2026-05-20T15:44:00+00:00,113.668,113.6755,113.667,113.677,497
2026-05-20T15:45:00+00:00,113.6765,113.686,113.6745,113.6915,511
2026-05-20T15:46:00+00:00,113.6865,113.6685,113.6655,113.6925,483
2026-05-20T15:47:00+00:00,113.669,113.6675,113.662,113.674,407
2026-05-20T15:48:00+00:00,113.667,113.637,113.6335,113.6685,527
2026-05-20T15:49:00+00:00,113.6365,113.6455,113.633,113.649,458
2026-05-20T15:50:00+00:00,113.647,113.637,113.6365,113.6515,497
2026-05-20T15:51:00+00:00,113.6375,113.6235,113.6235,113.643,486
2026-05-20T15:52:00+00:00,113.624,113.624,113.6145,113.631,526
2026-05-20T15:53:00+00:00,113.6235,113.598,113.5965,113.624,518
2026-05-20T15:54:00+00:00,113.5985,113.61,113.592,113.6145,429
2026-05-20T15:55:00+00:00,113.6105,113.6005,113.6005,113.616,400
2026-05-20T15:56:00+00:00,113.601,113.601,113.597,113.6145,487
2026-05-20T15:57:00+00:00,113.6005,113.5885,113.5725,113.6005,1040
2026-05-20T15:58:00+00:00,113.5875,113.584,113.5765,113.589,573
2026-05-20T15:59:00+00:00,113.5845,113.585,113.5705,113.586,406
2026-05-20T16:00:00+00:00,113.5855,113.609,113.5855,113.614,538
2026-05-20T16:01:00+00:00,113.6095,113.615,113.6045,113.617,517
2026-05-20T16:02:00+00:00,113.6155,113.611,113.6015,113.619,404
2026-05-20T16:03:00+00:00,113.6105,113.609,113.606,113.619,468
2026-05-20T16:04:00+00:00,113.6095,113.6285,113.606,113.6315,425
2026-05-20T16:05:00+00:00,113.629,113.637,113.6275,113.6415,369
2026-05-20T16:06:00+00:00,113.6365,113.647,113.635,113.65,430
2026-05-20T16:07:00+00:00,113.6475,113.667,113.644,113.6675,423
2026-05-20T16:08:00+00:00,113.668,113.6425,113.6395,113.668,357
2026-05-20T16:09:00+00:00,113.6415,113.6545,113.6375,113.655,398
2026-05-20T16:10:00+00:00,113.655,113.66,113.655,113.6655,361
2026-05-20T16:11:00+00:00,113.6595,113.6575,113.655,113.6685,355
2026-05-20T16:12:00+00:00,113.658,113.668,113.655,113.6685,303
2026-05-20T16:13:00+00:00,113.667,113.684,113.667,113.6855,327
2026-05-20T16:14:00+00:00,113.6845,113.6675,113.6665,113.6885,292
2026-05-20T16:15:00+00:00,113.668,113.676,113.664,113.6765,347
2026-05-20T16:16:00+00:00,113.6765,113.671,113.666,113.678,372
2026-05-20T16:17:00+00:00,113.6705,113.6745,113.665,113.6765,313
2026-05-20T16:18:00+00:00,113.6755,113.7,113.6725,113.7025,335
2026-05-20T16:19:00+00:00,113.699,113.6905,113.6835,113.7,412
2026-05-20T16:20:00+00:00,113.691,113.6525,113.651,113.694,642
2026-05-20T16:21:00+00:00,113.652,113.6285,113.6215,113.6525,1009
2026-05-20T16:22:00+00:00,113.628,113.643,113.6275,113.6515,805
2026-05-20T16:23:00+00:00,113.6435,113.6375,113.63,113.6435,590
2026-05-20T16:24:00+00:00,113.638,113.6335,113.6185,113.6405,887
2026-05-20T16:25:00+00:00,113.633,113.627,113.623,113.6355,739
2026-05-20T16:26:00+00:00,113.6265,113.652,113.625,113.656,591
2026-05-20T16:27:00+00:00,113.6525,113.658,113.65,113.663,376
2026-05-20T16:28:00+00:00,113.6585,113.6405,113.6325,113.6585,664
2026-05-20T16:29:00+00:00,113.641,113.6495,113.639,113.655,501
2026-05-20T16:30:00+00:00,113.65,113.629,113.615,113.6545,470
2026-05-20T16:31:00+00:00,113.6295,113.6325,113.6235,113.6385,450
2026-05-20T16:32:00+00:00,113.632,113.622,113.6145,113.6395,554
2026-05-20T16:33:00+00:00,113.6215,113.6115,113.602,113.622,557
2026-05-20T16:34:00+00:00,113.611,113.606,113.596,113.611,361
2026-05-20T16:35:00+00:00,113.607,113.614,113.6045,113.622,355
2026-05-20T16:36:00+00:00,113.6145,113.629,113.6125,113.635,449
2026-05-20T16:37:00+00:00,113.6285,113.6205,113.6155,113.634,418
2026-05-20T16:38:00+00:00,113.62,113.6325,113.6105,113.6345,517
2026-05-20T16:39:00+00:00,113.633,113.6225,113.6185,113.636,493
2026-05-20T16:40:00+00:00,113.623,113.6305,113.62,113.6335,447
2026-05-20T16:41:00+00:00,113.63,113.629,113.6235,113.632,420
2026-05-20T16:42:00+00:00,113.6295,113.623,113.619,113.634,469
2026-05-20T16:43:00+00:00,113.6235,113.6465,113.614,113.6535,786
2026-05-20T16:44:00+00:00,113.646,113.6655,113.642,113.6675,769
2026-05-20T16:45:00+00:00,113.666,113.666,113.656,113.674,638
2026-05-20T16:46:00+00:00,113.6655,113.678,113.664,113.6835,579
2026-05-20T16:47:00+00:00,113.6785,113.657,113.6495,113.68,590
2026-05-20T16:48:00+00:00,113.6565,113.626,113.6215,113.657,770
2026-05-20T16:49:00+00:00,113.6255,113.6325,113.6185,113.637,543
2026-05-20T16:50:00+00:00,113.6315,113.6215,113.6215,113.6355,575
2026-05-20T16:51:00+00:00,113.622,113.638,113.622,113.639,409
2026-05-20T16:52:00+00:00,113.6385,113.6325,113.627,113.6415,358
2026-05-20T16:53:00+00:00,113.633,113.6395,113.628,113.6465,452
2026-05-20T16:54:00+00:00,113.64,113.6365,113.6345,113.65,482
2026-05-20T16:55:00+00:00,113.6375,113.641,113.634,113.6435,370
2026-05-20T16:56:00+00:00,113.64,113.649,113.6335,113.6565,566
2026-05-20T16:57:00+00:00,113.6485,113.6375,113.6345,113.6505,404
2026-05-20T16:58:00+00:00,113.637,113.634,113.6205,113.638,516
2026-05-20T16:59:00+00:00,113.6345,113.643,113.633,113.658,678
2026-05-20T17:00:00+00:00,113.6435,113.639,113.6335,113.652,754
2026-05-20T17:01:00+00:00,113.6385,113.639,113.635,113.647,450
2026-05-20T17:02:00+00:00,113.6395,113.6355,113.6295,113.642,476
2026-05-20T17:03:00+00:00,113.635,113.634,113.629,113.64,391
2026-05-20T17:04:00+00:00,113.6335,113.6355,113.623,113.637,416
2026-05-20T17:05:00+00:00,113.636,113.6295,113.6235,113.641,407
2026-05-20T17:06:00+00:00,113.629,113.642,113.627,113.646,484
2026-05-20T17:07:00+00:00,113.6425,113.6405,113.6375,113.647,354
2026-05-20T17:08:00+00:00,113.641,113.6355,113.6305,113.643,375
2026-05-20T17:09:00+00:00,113.634,113.6495,113.6305,113.65,320
2026-05-20T17:10:00+00:00,113.65,113.661,113.6415,113.662,432
2026-05-20T17:11:00+00:00,113.6605,113.656,113.651,113.6715,318
2026-05-20T17:12:00+00:00,113.6555,113.661,113.6485,113.6615,369
2026-05-20T17:13:00+00:00,113.6615,113.6495,113.6395,113.668,851
2026-05-20T17:14:00+00:00,113.65,113.6525,113.65,113.6745,738
2026-05-20T17:15:00+00:00,113.653,113.6565,113.653,113.666,377
2026-05-20T17:16:00+00:00,113.6585,113.6355,113.6355,113.662,391
2026-05-20T17:17:00+00:00,113.637,113.654,113.6365,113.655,423
2026-05-20T17:18:00+00:00,113.6545,113.664,113.6525,113.6715,562
2026-05-20T17:19:00+00:00,113.6645,113.6535,113.652,113.665,348
2026-05-20T17:20:00+00:00,113.653,113.6455,113.6405,113.654,381
2026-05-20T17:21:00+00:00,113.645,113.643,113.64,113.6505,359
2026-05-20T17:22:00+00:00,113.6425,113.6435,113.637,113.65,317
2026-05-20T17:23:00+00:00,113.643,113.6505,113.642,113.651,255
2026-05-20T17:24:00+00:00,113.65,113.637,113.6295,113.6525,395
2026-05-20T17:25:00+00:00,113.6375,113.6465,113.635,113.65,428
2026-05-20T17:26:00+00:00,113.6475,113.672,113.642,113.6725,403
2026-05-20T17:27:00+00:00,113.6715,113.686,113.6625,113.686,351
2026-05-20T17:28:00+00:00,113.685,113.6765,113.6715,113.686,313
2026-05-20T17:29:00+00:00,113.675,113.6765,113.668,113.6825,625
2026-05-20T17:30:00+00:00,113.676,113.6835,113.676,113.687,456
2026-05-20T17:31:00+00:00,113.683,113.6705,113.6625,113.6885,372
2026-05-20T17:32:00+00:00,113.671,113.6635,113.661,113.673,367
2026-05-20T17:33:00+00:00,113.6625,113.656,113.649,113.6685,341
2026-05-20T17:34:00+00:00,113.6555,113.668,113.654,113.6725,324
2026-05-20T17:35:00+00:00,113.6685,113.6855,113.656,113.687,629
2026-05-20T17:36:00+00:00,113.686,113.6945,113.6825,113.713,1064
2026-05-20T17:37:00+00:00,113.694,113.6905,113.689,113.7085,714
2026-05-20T17:38:00+00:00,113.69,113.6785,113.6745,113.691,572
2026-05-20T17:39:00+00:00,113.678,113.6705,113.669,113.681,359
2026-05-20T17:40:00+00:00,113.67,113.6695,113.6635,113.6795,377
2026-05-20T17:41:00+00:00,113.6685,113.674,113.666,113.6745,299
2026-05-20T17:42:00+00:00,113.673,113.6795,113.6705,113.6805,219
2026-05-20T17:43:00+00:00,113.678,113.6795,113.674,113.6815,199
2026-05-20T17:44:00+00:00,113.68,113.6675,113.6655,113.6825,323
2026-05-20T17:45:00+00:00,113.668,113.667,113.666,113.679,316
2026-05-20T17:46:00+00:00,113.6675,113.6645,113.662,113.6705,335
2026-05-20T17:47:00+00:00,113.665,113.6795,113.6645,113.6805,257
2026-05-20T17:48:00+00:00,113.679,113.6755,113.671,113.6845,335
2026-05-20T17:49:00+00:00,113.6765,113.694,113.672,113.6955,268
2026-05-20T17:50:00+00:00,113.6945,113.6755,113.674,113.697,266
2026-05-20T17:51:00+00:00,113.675,113.683,113.6725,113.6895,284
2026-05-20T17:52:00+00:00,113.6815,113.6725,113.672,113.686,285
2026-05-20T17:53:00+00:00,113.673,113.6715,113.67,113.676,154
2026-05-20T17:54:00+00:00,113.6715,113.6735,113.6715,113.6815,239
2026-05-20T17:55:00+00:00,113.674,113.6735,113.669,113.678,368
2026-05-20T17:56:00+00:00,113.6745,113.676,113.671,113.6795,259
2026-05-20T17:57:00+00:00,113.6755,113.6745,113.6685,113.678,201
2026-05-20T17:58:00+00:00,113.6745,113.669,113.6665,113.6745,190
2026-05-20T17:59:00+00:00,113.668,113.663,113.659,113.675,219
2026-05-20T18:00:00+00:00,113.66,113.6765,113.6425,113.678,570
2026-05-20T18:01:00+00:00,113.676,113.6795,113.669,113.688,371
2026-05-20T18:02:00+00:00,113.6785,113.679,113.6685,113.6835,247
2026-05-20T18:03:00+00:00,113.6785,113.678,113.6675,113.6785,240
2026-05-20T18:04:00+00:00,113.6785,113.6775,113.667,113.682,247
2026-05-20T18:05:00+00:00,113.6775,113.669,113.6645,113.68,291
2026-05-20T18:06:00+00:00,113.6695,113.6595,113.6585,113.6765,220
2026-05-20T18:07:00+00:00,113.66,113.676,113.66,113.687,341
2026-05-20T18:08:00+00:00,113.6765,113.6755,113.67,113.6815,255
2026-05-20T18:09:00+00:00,113.674,113.6785,113.67,113.683,257
2026-05-20T18:10:00+00:00,113.6775,113.691,113.6775,113.691,277
2026-05-20T18:11:00+00:00,113.691,113.694,113.687,113.6945,143
2026-05-20T18:12:00+00:00,113.6945,113.6955,113.6945,113.7025,196
2026-05-20T18:13:00+00:00,113.695,113.6975,113.694,113.707,263
2026-05-20T18:14:00+00:00,113.698,113.6985,113.6925,113.7005,236
2026-05-20T18:15:00+00:00,113.697,113.7045,113.6945,113.7055,314
2026-05-20T18:16:00+00:00,113.704,113.71,113.7,113.7145,399
2026-05-20T18:17:00+00:00,113.7105,113.71,113.706,113.718,265
2026-05-20T18:18:00+00:00,113.7105,113.6995,113.6915,113.715,312
2026-05-20T18:19:00+00:00,113.7,113.6905,113.6885,113.7,166
2026-05-20T18:20:00+00:00,113.6905,113.6795,113.6785,113.6955,240
2026-05-20T18:21:00+00:00,113.679,113.684,113.6735,113.6845,196
2026-05-20T18:22:00+00:00,113.6835,113.68,113.6765,113.684,200
2026-05-20T18:23:00+00:00,113.6805,113.685,113.6745,113.6875,274
2026-05-20T18:24:00+00:00,113.6845,113.698,113.68,113.7025,400
2026-05-20T18:25:00+00:00,113.6975,113.682,113.679,113.7005,471
2026-05-20T18:26:00+00:00,113.6825,113.685,113.6715,113.6895,466
2026-05-20T18:27:00+00:00,113.6855,113.693,113.685,113.7,325
2026-05-20T18:28:00+00:00,113.692,113.6915,113.685,113.6975,388
2026-05-20T18:29:00+00:00,113.692,113.7,113.686,113.7005,415
2026-05-20T18:30:00+00:00,113.6995,113.698,113.697,113.706,359
2026-05-20T18:31:00+00:00,113.6975,113.689,113.6885,113.706,222
2026-05-20T18:32:00+00:00,113.6895,113.691,113.6875,113.6955,243
2026-05-20T18:33:00+00:00,113.691,113.689,113.6865,113.693,149
2026-05-20T18:34:00+00:00,113.689,113.689,113.681,113.6905,219
2026-05-20T18:35:00+00:00,113.6895,113.697,113.688,113.698,263
2026-05-20T18:36:00+00:00,113.6965,113.699,113.692,113.7015,290
2026-05-20T18:37:00+00:00,113.6985,113.703,113.6895,113.704,284
2026-05-20T18:38:00+00:00,113.702,113.7195,113.6995,113.72,242
2026-05-20T18:39:00+00:00,113.72,113.7195,113.714,113.7225,278
2026-05-20T18:40:00+00:00,113.72,113.711,113.711,113.722,195
2026-05-20T18:41:00+00:00,113.712,113.703,113.703,113.713,205
2026-05-20T18:42:00+00:00,113.7025,113.6975,113.693,113.704,271
2026-05-20T18:43:00+00:00,113.6985,113.6895,113.688,113.7015,445
2026-05-20T18:44:00+00:00,113.69,113.663,113.6595,113.693,402
2026-05-20T18:45:00+00:00,113.661,113.6645,113.6575,113.6765,756
2026-05-20T18:46:00+00:00,113.665,113.679,113.665,113.6805,302
2026-05-20T18:47:00+00:00,113.6795,113.683,113.673,113.685,233
2026-05-20T18:48:00+00:00,113.6825,113.6875,113.6745,113.6895,274
2026-05-20T18:49:00+00:00,113.687,113.6865,113.6815,113.695,201
2026-05-20T18:50:00+00:00,113.687,113.6935,113.685,113.704,270
2026-05-20T18:51:00+00:00,113.694,113.703,113.69,113.704,255
2026-05-20T18:52:00+00:00,113.7035,113.7175,113.6995,113.7185,249
2026-05-20T18:53:00+00:00,113.718,113.73,113.713,113.7305,320
2026-05-20T18:54:00+00:00,113.7295,113.719,113.716,113.73,308
2026-05-20T18:55:00+00:00,113.718,113.7255,113.717,113.7305,244
2026-05-20T18:56:00+00:00,113.7265,113.717,113.715,113.7305,235
2026-05-20T18:57:00+00:00,113.7175,113.715,113.714,113.7205,226
2026-05-20T18:58:00+00:00,113.714,113.713,113.701,113.718,281
2026-05-20T18:59:00+00:00,113.715,113.6975,113.6965,113.7175,470
2026-05-20T19:00:00+00:00,113.698,113.715,113.6955,113.719,388
2026-05-20T19:01:00+00:00,113.7145,113.7285,113.714,113.733,304
2026-05-20T19:02:00+00:00,113.73,113.73,113.726,113.735,170
2026-05-20T19:03:00+00:00,113.7295,113.7225,113.714,113.7315,266
2026-05-20T19:04:00+00:00,113.723,113.718,113.718,113.729,212
2026-05-20T19:05:00+00:00,113.7175,113.7165,113.711,113.7195,297
2026-05-20T19:06:00+00:00,113.716,113.7185,113.7135,113.722,333
2026-05-20T19:07:00+00:00,113.719,113.715,113.7125,113.7215,136
2026-05-20T19:08:00+00:00,113.7145,113.7055,113.703,113.7145,143
2026-05-20T19:09:00+00:00,113.706,113.703,113.7005,113.7065,118
2026-05-20T19:10:00+00:00,113.702,113.6995,113.687,113.7045,168
2026-05-20T19:11:00+00:00,113.698,113.697,113.6955,113.7065,180
2026-05-20T19:12:00+00:00,113.6975,113.6955,113.6915,113.7005,136
2026-05-20T19:13:00+00:00,113.695,113.6945,113.6905,113.697,220
2026-05-20T19:14:00+00:00,113.695,113.693,113.6925,113.702,161
2026-05-20T19:15:00+00:00,113.6935,113.7085,113.692,113.7085,176
2026-05-20T19:16:00+00:00,113.708,113.715,113.7065,113.7155,191
2026-05-20T19:17:00+00:00,113.7155,113.7135,113.711,113.716,124
2026-05-20T19:18:00+00:00,113.713,113.7125,113.712,113.718,141
2026-05-20T19:19:00+00:00,113.713,113.723,113.712,113.7265,159
2026-05-20T19:20:00+00:00,113.7225,113.72,113.718,113.725,260
2026-05-20T19:21:00+00:00,113.7205,113.7205,113.719,113.724,150
2026-05-20T19:22:00+00:00,113.72,113.7135,113.7135,113.7215,198
2026-05-20T19:23:00+00:00,113.713,113.721,113.71,113.7235,171
2026-05-20T19:24:00+00:00,113.7215,113.722,113.717,113.724,273
2026-05-20T19:25:00+00:00,113.7215,113.726,113.7205,113.732,255
2026-05-20T19:26:00+00:00,113.7255,113.7215,113.721,113.7295,272
2026-05-20T19:27:00+00:00,113.7215,113.72,113.7175,113.725,160
2026-05-20T19:28:00+00:00,113.72,113.721,113.72,113.7265,106
2026-05-20T19:29:00+00:00,113.721,113.721,113.717,113.723,166
2026-05-20T19:30:00+00:00,113.722,113.7185,113.7175,113.7315,227
2026-05-20T19:31:00+00:00,113.718,113.711,113.7095,113.72,178
2026-05-20T19:32:00+00:00,113.7105,113.7125,113.7075,113.714,163
2026-05-20T19:33:00+00:00,113.7125,113.7215,113.7075,113.7225,145
2026-05-20T19:34:00+00:00,113.7215,113.7145,113.714,113.7225,133
2026-05-20T19:35:00+00:00,113.7145,113.716,113.7135,113.7195,120
2026-05-20T19:36:00+00:00,113.7165,113.7145,113.7135,113.72,190
2026-05-20T19:37:00+00:00,113.715,113.711,113.7025,113.717,205
2026-05-20T19:38:00+00:00,113.7115,113.712,113.709,113.7155,216
2026-05-20T19:39:00+00:00,113.7125,113.725,113.711,113.7285,441
2026-05-20T19:40:00+00:00,113.7245,113.7115,113.7115,113.7275,284
2026-05-20T19:41:00+00:00,113.711,113.706,113.7005,113.711,289
2026-05-20T19:42:00+00:00,113.7055,113.7075,113.7,113.7085,151
2026-05-20T19:43:00+00:00,113.708,113.7025,113.7025,113.71,218
2026-05-20T19:44:00+00:00,113.7035,113.7075,113.698,113.7105,275
2026-05-20T19:45:00+00:00,113.707,113.7115,113.698,113.7115,150
2026-05-20T19:46:00+00:00,113.711,113.704,113.704,113.716,129
2026-05-20T19:47:00+00:00,113.7045,113.698,113.696,113.706,189
2026-05-20T19:48:00+00:00,113.6985,113.698,113.6965,113.703,147
2026-05-20T19:49:00+00:00,113.697,113.708,113.697,113.7095,139
2026-05-20T19:50:00+00:00,113.7075,113.6945,113.688,113.7075,318
2026-05-20T19:51:00+00:00,113.695,113.6995,113.6925,113.7025,283
2026-05-20T19:52:00+00:00,113.7,113.7065,113.7,113.7115,192
2026-05-20T19:53:00+00:00,113.707,113.7225,113.707,113.723,255
2026-05-20T19:54:00+00:00,113.722,113.719,113.716,113.7245,382
2026-05-20T19:55:00+00:00,113.7195,113.741,113.7185,113.7415,551
2026-05-20T19:56:00+00:00,113.7405,113.738,113.736,113.743,349
2026-05-20T19:57:00+00:00,113.7375,113.7375,113.7295,113.7405,366
2026-05-20T19:58:00+00:00,113.738,113.7265,113.7255,113.7425,335
2026-05-20T19:59:00+00:00,113.7255,113.728,113.7215,113.743,444
2026-05-20T20:00:00+00:00,113.7265,113.71,113.707,113.7275,403
2026-05-20T20:01:00+00:00,113.711,113.7075,113.702,113.713,207
2026-05-20T20:02:00+00:00,113.708,113.6995,113.696,113.714,203
2026-05-20T20:03:00+00:00,113.699,113.697,113.691,113.701,154
2026-05-20T20:04:00+00:00,113.6965,113.708,113.695,113.7085,172
2026-05-20T20:05:00+00:00,113.7085,113.6975,113.6965,113.7175,151
2026-05-20T20:06:00+00:00,113.698,113.6945,113.691,113.7015,153
2026-05-20T20:07:00+00:00,113.694,113.7015,113.6935,113.7035,110
2026-05-20T20:08:00+00:00,113.7015,113.714,113.701,113.7145,120
2026-05-20T20:09:00+00:00,113.7135,113.707,113.706,113.721,122
2026-05-20T20:10:00+00:00,113.7075,113.7035,113.7,113.711,283
2026-05-20T20:11:00+00:00,113.703,113.689,113.688,113.704,183
2026-05-20T20:12:00+00:00,113.688,113.687,113.683,113.689,192
2026-05-20T20:13:00+00:00,113.6875,113.6835,113.682,113.691,260
2026-05-20T20:14:00+00:00,113.683,113.692,113.683,113.692,166
2026-05-20T20:15:00+00:00,113.6925,113.693,113.6915,113.7015,129
2026-05-20T20:16:00+00:00,113.6935,113.668,113.6675,113.694,289
2026-05-20T20:17:00+00:00,113.6685,113.6755,113.667,113.6795,166
2026-05-20T20:18:00+00:00,113.6765,113.682,113.6725,113.682,162
2026-05-20T20:19:00+00:00,113.6795,113.682,113.6765,113.683,124
2026-05-20T20:20:00+00:00,113.6815,113.673,113.668,113.689,708
2026-05-20T20:21:00+00:00,113.6725,113.659,113.653,113.676,416
2026-05-20T20:22:00+00:00,113.6585,113.658,113.656,113.6715,319
2026-05-20T20:23:00+00:00,113.659,113.666,113.655,113.668,300
2026-05-20T20:24:00+00:00,113.6655,113.6795,113.6655,113.6845,401
2026-05-20T20:25:00+00:00,113.68,113.672,113.67,113.6855,241
2026-05-20T20:26:00+00:00,113.672,113.68,113.672,113.6835,185
2026-05-20T20:27:00+00:00,113.681,113.683,113.679,113.6865,179
2026-05-20T20:28:00+00:00,113.683,113.691,113.6815,113.691,147
2026-05-20T20:29:00+00:00,113.69,113.694,113.686,113.6965,144
2026-05-20T20:30:00+00:00,113.6945,113.698,113.6945,113.7025,201
2026-05-20T20:31:00+00:00,113.6975,113.7,113.695,113.704,188
2026-05-20T20:32:00+00:00,113.701,113.6985,113.697,113.703,109
2026-05-20T20:33:00+00:00,113.6985,113.6905,113.69,113.705,198
2026-05-20T20:34:00+00:00,113.69,113.688,113.679,113.6915,194
2026-05-20T20:35:00+00:00,113.6885,113.6925,113.688,113.6945,111
2026-05-20T20:36:00+00:00,113.693,113.688,113.687,113.6945,220
2026-05-20T20:37:00+00:00,113.6875,113.679,113.6785,113.6915,113
2026-05-20T20:38:00+00:00,113.6785,113.68,113.6775,113.687,132
2026-05-20T20:39:00+00:00,113.6805,113.679,113.6775,113.682,167
2026-05-20T20:40:00+00:00,113.6795,113.679,113.6765,113.681,94
2026-05-20T20:41:00+00:00,113.6785,113.6805,113.676,113.681,119
2026-05-20T20:42:00+00:00,113.681,113.6825,113.678,113.6835,117
2026-05-20T20:43:00+00:00,113.683,113.6825,113.6785,113.6845,113
2026-05-20T20:44:00+00:00,113.6835,113.675,113.6745,113.684,81
2026-05-20T20:45:00+00:00,113.676,113.674,113.668,113.677,101
2026-05-20T20:46:00+00:00,113.6735,113.677,113.6735,113.6815,96
2026-05-20T20:47:00+00:00,113.6775,113.6755,113.6755,113.6835,67
2026-05-20T20:48:00+00:00,113.676,113.682,113.676,113.685,98
2026-05-20T20:49:00+00:00,113.681,113.6805,113.6805,113.6875,135
2026-05-20T20:50:00+00:00,113.681,113.685,113.6785,113.686,97
2026-05-20T20:51:00+00:00,113.6855,113.686,113.683,113.688,157
2026-05-20T20:52:00+00:00,113.6855,113.6865,113.6825,113.688,186
2026-05-20T20:53:00+00:00,113.6875,113.689,113.684,113.689,101
2026-05-20T20:54:00+00:00,113.6895,113.682,113.68,113.69,113
2026-05-20T20:55:00+00:00,113.6815,113.6805,113.6785,113.6875,98
2026-05-20T20:56:00+00:00,113.68,113.6805,113.6705,113.6825,99
2026-05-20T20:57:00+00:00,113.6805,113.6815,113.6775,113.6835,118
2026-05-20T20:58:00+00:00,113.681,113.685,113.679,113.687,99
2026-05-20T20:59:00+00:00,113.6845,113.6555,113.6555,113.6855,230
2026-05-20T21:00:00+00:00,113.6555,113.6555,113.6555,113.6555,0
2026-05-20T21:01:00+00:00,113.6555,113.6555,113.6555,113.6555,0
2026-05-20T21:02:00+00:00,113.6555,113.631,113.631,113.6555,1
2026-05-20T21:03:00+00:00,113.631,113.6305,113.6305,113.631,1
2026-05-20T21:04:00+00:00,113.6305,113.6075,113.5925,113.6305,6
2026-05-20T21:05:00+00:00,113.6075,113.62,113.6055,113.62,6
2026-05-20T21:06:00+00:00,113.62,113.5945,113.5945,113.6375,17
2026-05-20T21:07:00+00:00,113.5945,113.6235,113.5945,113.6235,3
2026-05-20T21:08:00+00:00,113.6235,113.601,113.6005,113.6235,183
2026-05-20T21:09:00+00:00,113.6075,113.608,113.601,113.608,41
2026-05-20T21:10:00+00:00,113.608,113.608,113.608,113.608,1
2026-05-20T21:11:00+00:00,113.608,113.608,113.608,113.608,0
2026-05-20T21:12:00+00:00,113.608,113.639,113.608,113.644,10
2026-05-20T21:13:00+00:00,113.639,113.637,113.635,113.646,38
2026-05-20T21:14:00+00:00,113.637,113.625,113.6195,113.638,121
2026-05-20T21:15:00+00:00,113.625,113.5975,113.5975,113.625,6
2026-05-20T21:16:00+00:00,113.606,113.5975,113.5975,113.606,14
2026-05-20T21:17:00+00:00,113.5975,113.5975,113.5975,113.5975,0
2026-05-20T21:18:00+00:00,113.5975,113.5975,113.5975,113.5975,0
2026-05-20T21:19:00+00:00,113.5975,113.5975,113.5975,113.5975,0
2026-05-20T21:20:00+00:00,113.5975,113.598,113.595,113.598,16
2026-05-20T21:21:00+00:00,113.598,113.598,113.598,113.598,0
2026-05-20T21:22:00+00:00,113.598,113.5935,113.592,113.598,84
2026-05-20T21:23:00+00:00,113.5925,113.595,113.5925,113.595,34
2026-05-20T21:24:00+00:00,113.595,113.596,113.595,113.596,56
2026-05-20T21:25:00+00:00,113.5955,113.67,113.5955,113.6745,36
2026-05-20T21:26:00+00:00,113.67,113.6265,113.6265,113.67,3
2026-05-20T21:27:00+00:00,113.6265,113.64,113.6265,113.64,8
2026-05-20T21:28:00+00:00,113.64,113.6405,113.635,113.644,3
2026-05-20T21:29:00+00:00,113.6405,113.6405,113.6405,113.6405,0
2026-05-20T21:30:00+00:00,113.6405,113.6365,113.6305,113.6515,8
2026-05-20T21:31:00+00:00,113.6365,113.6305,113.6305,113.6365,1
2026-05-20T21:32:00+00:00,113.6305,113.64,113.6305,113.6425,7
2026-05-20T21:33:00+00:00,113.64,113.653,113.64,113.653,5
2026-05-20T21:34:00+00:00,113.653,113.6575,113.6485,113.6615,11
2026-05-20T21:35:00+00:00,113.6575,113.6685,113.653,113.681,22
2026-05-20T21:36:00+00:00,113.6685,113.662,113.662,113.6685,2
2026-05-20T21:37:00+00:00,113.662,113.6655,113.662,113.6655,1
2026-05-20T21:38:00+00:00,113.6655,113.6615,113.6585,113.6655,4
2026-05-20T21:39:00+00:00,113.6615,113.6695,113.638,113.681,67
2026-05-20T21:40:00+00:00,113.6695,113.6675,113.6615,113.6725,11
2026-05-20T21:41:00+00:00,113.6675,113.66,113.66,113.672,13
2026-05-20T21:42:00+00:00,113.66,113.6615,113.66,113.6615,1
2026-05-20T21:43:00+00:00,113.6615,113.678,113.6615,113.687,14
2026-05-20T21:44:00+00:00,113.678,113.6835,113.677,113.6835,4
2026-05-20T21:45:00+00:00,113.6755,113.677,113.6745,113.677,4
2026-05-20T21:46:00+00:00,113.677,113.6845,113.677,113.6925,46
2026-05-20T21:47:00+00:00,113.6845,113.685,113.6835,113.693,54
2026-05-20T21:48:00+00:00,113.685,113.6875,113.685,113.691,8
2026-05-20T21:49:00+00:00,113.6875,113.6685,113.6685,113.6875,23
2026-05-20T21:50:00+00:00,113.668,113.6525,113.652,113.6715,29
2026-05-20T21:51:00+00:00,113.6525,113.609,113.6085,113.653,44
2026-05-20T21:52:00+00:00,113.6075,113.612,113.6045,113.6135,47
2026-05-20T21:53:00+00:00,113.616,113.6245,113.616,113.626,12
2026-05-20T21:54:00+00:00,113.6245,113.6235,113.6125,113.631,17
2026-05-20T21:55:00+00:00,113.6235,113.6255,113.6235,113.627,5
2026-05-20T21:56:00+00:00,113.6255,113.6225,113.62,113.6255,7
2026-05-20T21:57:00+00:00,113.6225,113.6295,113.6155,113.63,10
2026-05-20T21:58:00+00:00,113.6295,113.6655,113.6295,113.6655,18
2026-05-20T21:59:00+00:00,113.6655,113.666,113.6655,113.666,1
2026-05-20T22:00:00+00:00,113.663,113.6635,113.63,113.6735,130
2026-05-20T22:01:00+00:00,113.6635,113.642,113.6355,113.6655,59
2026-05-20T22:02:00+00:00,113.641,113.641,113.64,113.642,9
2026-05-20T22:03:00+00:00,113.641,113.631,113.626,113.641,47
2026-05-20T22:04:00+00:00,113.631,113.63,113.6295,113.6325,9
2026-05-20T22:05:00+00:00,113.631,113.613,113.6085,113.631,51
2026-05-20T22:06:00+00:00,113.614,113.6265,113.614,113.628,29
2026-05-20T22:07:00+00:00,113.627,113.6085,113.5925,113.6285,123
2026-05-20T22:08:00+00:00,113.609,113.5965,113.5915,113.609,103
2026-05-20T22:09:00+00:00,113.596,113.586,113.586,113.6075,94
2026-05-20T22:10:00+00:00,113.5865,113.5895,113.584,113.6005,160
2026-05-20T22:11:00+00:00,113.589,113.6005,113.583,113.6105,74
2026-05-20T22:12:00+00:00,113.6005,113.5965,113.592,113.6045,70
2026-05-20T22:13:00+00:00,113.596,113.6,113.594,113.603,73
2026-05-20T22:14:00+00:00,113.6,113.6035,113.5985,113.604,32
2026-05-20T22:15:00+00:00,113.6035,113.595,113.5945,113.604,38
2026-05-20T22:16:00+00:00,113.595,113.5935,113.591,113.6,43
2026-05-20T22:17:00+00:00,113.5935,113.599,113.5935,113.6025,42
2026-05-20T22:18:00+00:00,113.599,113.605,113.5945,113.61,53
2026-05-20T22:19:00+00:00,113.604,113.602,113.596,113.609,68
2026-05-20T22:20:00+00:00,113.6015,113.5995,113.599,113.6095,104
2026-05-20T22:21:00+00:00,113.5985,113.604,113.5905,113.609,128
2026-05-20T22:22:00+00:00,113.604,113.597,113.595,113.61,69
2026-05-20T22:23:00+00:00,113.597,113.6025,113.5965,113.605,64
2026-05-20T22:24:00+00:00,113.6025,113.6055,113.5995,113.606,51
2026-05-20T22:25:00+00:00,113.605,113.613,113.604,113.6135,85
2026-05-20T22:26:00+00:00,113.613,113.609,113.608,113.6175,50
2026-05-20T22:27:00+00:00,113.608,113.605,113.6045,113.609,33
2026-05-20T22:28:00+00:00,113.605,113.607,113.6045,113.619,91
2026-05-20T22:29:00+00:00,113.607,113.626,113.607,113.627,53
2026-05-20T22:30:00+00:00,113.6255,113.6235,113.62,113.6265,80
2026-05-20T22:31:00+00:00,113.623,113.6225,113.62,113.6285,88
2026-05-20T22:32:00+00:00,113.6225,113.6205,113.6155,113.623,64
2026-05-20T22:33:00+00:00,113.6195,113.6235,113.6185,113.6255,71
2026-05-20T22:34:00+00:00,113.624,113.6205,113.619,113.6275,95
2026-05-20T22:35:00+00:00,113.621,113.6205,113.6175,113.624,116
2026-05-20T22:36:00+00:00,113.6205,113.62,113.6195,113.627,62
2026-05-20T22:37:00+00:00,113.62,113.623,113.6185,113.624,85
2026-05-20T22:38:00+00:00,113.6235,113.626,113.623,113.6315,57
2026-05-20T22:39:00+00:00,113.626,113.6215,113.6205,113.626,36
2026-05-20T22:40:00+00:00,113.621,113.619,113.618,113.623,80
2026-05-20T22:41:00+00:00,113.619,113.6175,113.6165,113.623,50
2026-05-20T22:42:00+00:00,113.6175,113.6155,113.613,113.621,94
2026-05-20T22:43:00+00:00,113.616,113.6175,113.6125,113.618,44
2026-05-20T22:44:00+00:00,113.617,113.615,113.611,113.6175,54
2026-05-20T22:45:00+00:00,113.6155,113.6155,113.613,113.617,81
2026-05-20T22:46:00+00:00,113.6155,113.6185,113.615,113.62,37
2026-05-20T22:47:00+00:00,113.619,113.614,113.614,113.619,44
2026-05-20T22:48:00+00:00,113.6135,113.6115,113.6115,113.6135,37
2026-05-20T22:49:00+00:00,113.611,113.612,113.61,113.6125,20
2026-05-20T22:50:00+00:00,113.612,113.6125,113.6075,113.619,74
2026-05-20T22:51:00+00:00,113.612,113.613,113.6105,113.6155,54
2026-05-20T22:52:00+00:00,113.613,113.613,113.6115,113.6155,47
2026-05-20T22:53:00+00:00,113.612,113.6065,113.6055,113.613,65
2026-05-20T22:54:00+00:00,113.606,113.611,113.6035,113.612,58
2026-05-20T22:55:00+00:00,113.611,113.6065,113.606,113.612,53
2026-05-20T22:56:00+00:00,113.6065,113.6095,113.6055,113.61,35
2026-05-20T22:57:00+00:00,113.6095,113.607,113.6035,113.61,42
2026-05-20T22:58:00+00:00,113.6065,113.609,113.6065,113.6095,70
2026-05-20T22:59:00+00:00,113.6085,113.6205,113.6065,113.621,67
2026-05-20T23:00:00+00:00,113.62,113.6165,113.615,113.6225,49
2026-05-20T23:01:00+00:00,113.617,113.613,113.61,113.6185,65
2026-05-20T23:02:00+00:00,113.613,113.61,113.6095,113.6175,56
2026-05-20T23:03:00+00:00,113.61,113.609,113.609,113.611,38
2026-05-20T23:04:00+00:00,113.6095,113.6095,113.609,113.612,60
2026-05-20T23:05:00+00:00,113.609,113.61,113.608,113.611,30
2026-05-20T23:06:00+00:00,113.6105,113.5995,113.596,113.6105,67
2026-05-20T23:07:00+00:00,113.5995,113.5975,113.5925,113.601,28
2026-05-20T23:08:00+00:00,113.597,113.599,113.5955,113.5995,42
2026-05-20T23:09:00+00:00,113.599,113.585,113.5795,113.606,110
2026-05-20T23:10:00+00:00,113.5845,113.5915,113.5845,113.6,79
2026-05-20T23:11:00+00:00,113.5915,113.5965,113.591,113.5985,30
2026-05-20T23:12:00+00:00,113.5965,113.6055,113.5965,113.606,65
2026-05-20T23:13:00+00:00,113.606,113.6075,113.602,113.609,65
2026-05-20T23:14:00+00:00,113.6075,113.603,113.603,113.6075,48
2026-05-20T23:15:00+00:00,113.603,113.6005,113.6005,113.6055,38
2026-05-20T23:16:00+00:00,113.601,113.604,113.6,113.61,98
2026-05-20T23:17:00+00:00,113.604,113.6065,113.604,113.609,74
2026-05-20T23:18:00+00:00,113.607,113.602,113.6,113.613,132
2026-05-20T23:19:00+00:00,113.6015,113.5965,113.596,113.6035,82
2026-05-20T23:20:00+00:00,113.5965,113.6035,113.595,113.605,74
2026-05-20T23:21:00+00:00,113.6035,113.598,113.594,113.6035,68
2026-05-20T23:22:00+00:00,113.5975,113.605,113.5975,113.6095,77
2026-05-20T23:23:00+00:00,113.6045,113.599,113.5965,113.6045,103
2026-05-20T23:24:00+00:00,113.598,113.613,113.5965,113.613,88
2026-05-20T23:25:00+00:00,113.6135,113.6135,113.61,113.6155,45
2026-05-20T23:26:00+00:00,113.614,113.6135,113.6115,113.619,99
2026-05-20T23:27:00+00:00,113.614,113.617,113.6115,113.6185,67
2026-05-20T23:28:00+00:00,113.617,113.617,113.616,113.618,22
2026-05-20T23:29:00+00:00,113.617,113.622,113.614,113.622,72
2026-05-20T23:30:00+00:00,113.621,113.623,113.6165,113.6265,77
2026-05-20T23:31:00+00:00,113.6235,113.627,113.622,113.6305,109
2026-05-20T23:32:00+00:00,113.6265,113.6235,113.6205,113.627,96
2026-05-20T23:33:00+00:00,113.623,113.6235,113.622,113.625,66
2026-05-20T23:34:00+00:00,113.6235,113.6185,113.6175,113.625,111
2026-05-20T23:35:00+00:00,113.6185,113.6175,113.6155,113.62,73
2026-05-20T23:36:00+00:00,113.618,113.6165,113.6145,113.6195,87
2026-05-20T23:37:00+00:00,113.617,113.6255,113.617,113.6255,54
2026-05-20T23:38:00+00:00,113.6255,113.6235,113.6225,113.626,53
2026-05-20T23:39:00+00:00,113.623,113.6245,113.6215,113.6255,93
2026-05-20T23:40:00+00:00,113.6255,113.63,113.6255,113.631,54
2026-05-20T23:41:00+00:00,113.63,113.6235,113.622,113.6305,36
2026-05-20T23:42:00+00:00,113.6235,113.626,113.6225,113.6295,58
2026-05-20T23:43:00+00:00,113.626,113.624,113.6235,113.6265,24
2026-05-20T23:44:00+00:00,113.624,113.625,113.618,113.626,68
2026-05-20T23:45:00+00:00,113.6245,113.61,113.6075,113.6255,194
2026-05-20T23:46:00+00:00,113.6095,113.6285,113.6075,113.629,167
2026-05-20T23:47:00+00:00,113.628,113.6235,113.62,113.634,98
2026-05-20T23:48:00+00:00,113.6225,113.6265,113.622,113.6335,144
2026-05-20T23:49:00+00:00,113.6265,113.6125,113.612,113.6275,83
2026-05-20T23:50:00+00:00,113.612,113.621,113.612,113.624,95
2026-05-20T23:51:00+00:00,113.6215,113.612,113.608,113.6225,75
2026-05-20T23:52:00+00:00,113.6115,113.601,113.599,113.6115,129
2026-05-20T23:53:00+00:00,113.6005,113.6045,113.6005,113.609,118
2026-05-20T23:54:00+00:00,113.6045,113.602,113.599,113.607,105
2026-05-20T23:55:00+00:00,113.6005,113.6095,113.5985,113.6135,128
2026-05-20T23:56:00+00:00,113.6095,113.6025,113.6015,113.612,85
2026-05-20T23:57:00+00:00,113.6025,113.591,113.5905,113.606,108
2026-05-20T23:58:00+00:00,113.592,113.591,113.5815,113.595,205
2026-05-20T23:59:00+00:00,113.5915,113.5965,113.591,113.605,198
2026-05-21T00:00:00+00:00,113.597,113.592,113.582,113.6055,569
2026-05-21T00:01:00+00:00,113.5925,113.5765,113.5695,113.5935,464
2026-05-21T00:02:00+00:00,113.577,113.5775,113.566,113.5845,425
2026-05-21T00:03:00+00:00,113.578,113.577,113.5735,113.586,346
2026-05-21T00:04:00+00:00,113.5775,113.583,113.575,113.5875,300
2026-05-21T00:05:00+00:00,113.5835,113.5815,113.575,113.585,298
2026-05-21T00:06:00+00:00,113.582,113.5615,113.561,113.587,400
2026-05-21T00:07:00+00:00,113.561,113.569,113.56,113.5825,298
2026-05-21T00:08:00+00:00,113.5685,113.5665,113.5575,113.573,340
2026-05-21T00:09:00+00:00,113.566,113.58,113.5645,113.5825,295
2026-05-21T00:10:00+00:00,113.5805,113.5715,113.5675,113.5825,352
2026-05-21T00:11:00+00:00,113.571,113.5835,113.57,113.5865,290
2026-05-21T00:12:00+00:00,113.5825,113.586,113.579,113.59,288
2026-05-21T00:13:00+00:00,113.5855,113.5975,113.5855,113.5975,285
2026-05-21T00:14:00+00:00,113.597,113.5915,113.5815,113.597,316
2026-05-21T00:15:00+00:00,113.591,113.606,113.589,113.612,561
2026-05-21T00:16:00+00:00,113.6065,113.5955,113.589,113.6065,548
2026-05-21T00:17:00+00:00,113.595,113.5925,113.587,113.5955,422
2026-05-21T00:18:00+00:00,113.592,113.5585,113.551,113.5925,655
2026-05-21T00:19:00+00:00,113.558,113.552,113.5425,113.56,496
2026-05-21T00:20:00+00:00,113.5515,113.543,113.5415,113.5565,323
2026-05-21T00:21:00+00:00,113.5435,113.547,113.539,113.5525,301
2026-05-21T00:22:00+00:00,113.5475,113.535,113.533,113.553,303
2026-05-21T00:23:00+00:00,113.5355,113.5355,113.5285,113.5425,229
2026-05-21T00:24:00+00:00,113.536,113.539,113.533,113.5455,210
2026-05-21T00:25:00+00:00,113.539,113.5415,113.5385,113.5555,304
2026-05-21T00:26:00+00:00,113.541,113.539,113.5375,113.5475,272
2026-05-21T00:27:00+00:00,113.5395,113.5455,113.5395,113.5535,248
2026-05-21T00:28:00+00:00,113.5465,113.554,113.5415,113.555,203
2026-05-21T00:29:00+00:00,113.5545,113.5785,113.552,113.5785,314
2026-05-21T00:30:00+00:00,113.578,113.567,113.564,113.581,820
2026-05-21T00:31:00+00:00,113.5665,113.542,113.541,113.5675,629
2026-05-21T00:32:00+00:00,113.5415,113.539,113.5365,113.555,455
2026-05-21T00:33:00+00:00,113.5395,113.539,113.5325,113.542,464
2026-05-21T00:34:00+00:00,113.5395,113.549,113.534,113.556,434
2026-05-21T00:35:00+00:00,113.5485,113.552,113.548,113.562,276
2026-05-21T00:36:00+00:00,113.5515,113.549,113.545,113.5545,198
2026-05-21T00:37:00+00:00,113.549,113.55,113.5435,113.552,150
2026-05-21T00:38:00+00:00,113.5505,113.5595,113.5385,113.561,208
2026-05-21T00:39:00+00:00,113.56,113.555,113.5525,113.5615,196
2026-05-21T00:40:00+00:00,113.5545,113.5575,113.554,113.562,154
2026-05-21T00:41:00+00:00,113.558,113.549,113.547,113.5585,185
2026-05-21T00:42:00+00:00,113.5485,113.543,113.5405,113.5525,236
2026-05-21T00:43:00+00:00,113.5425,113.5375,113.534,113.5445,187
2026-05-21T00:44:00+00:00,113.537,113.5405,113.5345,113.543,126
2026-05-21T00:45:00+00:00,113.541,113.5435,113.5365,113.5445,192
2026-05-21T00:46:00+00:00,113.543,113.5435,113.5415,113.5475,175
2026-05-21T00:47:00+00:00,113.543,113.533,113.529,113.5455,188
2026-05-21T00:48:00+00:00,113.5325,113.5215,113.521,113.5335,97
2026-05-21T00:49:00+00:00,113.5225,113.542,113.5215,113.542,156
2026-05-21T00:50:00+00:00,113.5415,113.532,113.5295,113.546,173
2026-05-21T00:51:00+00:00,113.5325,113.5445,113.53,113.5445,190
2026-05-21T00:52:00+00:00,113.544,113.553,113.541,113.555,249
2026-05-21T00:53:00+00:00,113.5535,113.577,113.548,113.5815,301
2026-05-21T00:54:00+00:00,113.578,113.58,113.5595,113.5815,522
2026-05-21T00:55:00+00:00,113.5795,113.565,113.5635,113.582,299
2026-05-21T00:56:00+00:00,113.5655,113.5545,113.5435,113.5705,218
2026-05-21T00:57:00+00:00,113.555,113.558,113.5505,113.5665,195
2026-05-21T00:58:00+00:00,113.5575,113.557,113.55,113.56,251
2026-05-21T00:59:00+00:00,113.5565,113.558,113.5545,113.565,225
2026-05-21T01:00:00+00:00,113.559,113.5635,113.551,113.569,470
2026-05-21T01:01:00+00:00,113.563,113.575,113.558,113.58,344
2026-05-21T01:02:00+00:00,113.5745,113.5865,113.5715,113.5895,343
2026-05-21T01:03:00+00:00,113.587,113.5575,113.557,113.5875,302
2026-05-21T01:04:00+00:00,113.558,113.5685,113.5565,113.5735,237
2026-05-21T01:05:00+00:00,113.569,113.581,113.5645,113.586,280
2026-05-21T01:06:00+00:00,113.5805,113.5885,113.5725,113.5905,260
2026-05-21T01:07:00+00:00,113.587,113.6035,113.5815,113.607,215
2026-05-21T01:08:00+00:00,113.604,113.6105,113.604,113.6155,294
2026-05-21T01:09:00+00:00,113.6095,113.6395,113.6095,113.6465,264
2026-05-21T01:10:00+00:00,113.64,113.6495,113.628,113.6535,301
2026-05-21T01:11:00+00:00,113.649,113.643,113.641,113.655,247
2026-05-21T01:12:00+00:00,113.6425,113.629,113.6265,113.6425,208
2026-05-21T01:13:00+00:00,113.6295,113.634,113.626,113.636,193
2026-05-21T01:14:00+00:00,113.6345,113.6355,113.6305,113.64,224
2026-05-21T01:15:00+00:00,113.636,113.6595,113.6355,113.679,517
2026-05-21T01:16:00+00:00,113.66,113.6505,113.646,113.6625,269
2026-05-21T01:17:00+00:00,113.65,113.649,113.649,113.657,225
2026-05-21T01:18:00+00:00,113.6485,113.6225,113.6215,113.6535,261
2026-05-21T01:19:00+00:00,113.622,113.6165,113.615,113.6255,232
2026-05-21T01:20:00+00:00,113.616,113.62,113.6115,113.623,247
2026-05-21T01:21:00+00:00,113.6195,113.6135,113.611,113.6215,184
2026-05-21T01:22:00+00:00,113.6135,113.6175,113.61,113.6195,174
2026-05-21T01:23:00+00:00,113.618,113.6215,113.6165,113.63,177
2026-05-21T01:24:00+00:00,113.622,113.6175,113.613,113.6255,183
2026-05-21T01:25:00+00:00,113.618,113.613,113.6095,113.622,153
2026-05-21T01:26:00+00:00,113.613,113.6095,113.604,113.6145,129
2026-05-21T01:27:00+00:00,113.6085,113.6025,113.597,113.6165,170
2026-05-21T01:28:00+00:00,113.602,113.611,113.602,113.6215,190
2026-05-21T01:29:00+00:00,113.6115,113.6195,113.6095,113.6205,252
2026-05-21T01:30:00+00:00,113.619,113.308,113.2875,113.619,1103
2026-05-21T01:31:00+00:00,113.308,113.266,113.255,113.317,882
2026-05-21T01:32:00+00:00,113.267,113.3755,113.2635,113.3765,762
2026-05-21T01:33:00+00:00,113.3765,113.3495,113.3475,113.417,731
2026-05-21T01:34:00+00:00,113.35,113.3355,113.328,113.3635,762
2026-05-21T01:35:00+00:00,113.336,113.2835,113.2835,113.3465,713
2026-05-21T01:36:00+00:00,113.284,113.3225,113.284,113.3325,659
2026-05-21T01:37:00+00:00,113.3235,113.331,113.315,113.338,375
2026-05-21T01:38:00+00:00,113.3315,113.3125,113.31,113.341,500
2026-05-21T01:39:00+00:00,113.312,113.356,113.3025,113.372,396
2026-05-21T01:40:00+00:00,113.3555,113.378,113.3405,113.379,380
2026-05-21T01:41:00+00:00,113.379,113.3875,113.378,113.4135,372
2026-05-21T01:42:00+00:00,113.387,113.383,113.364,113.403,337
2026-05-21T01:43:00+00:00,113.383,113.3725,113.3715,113.39,209
2026-05-21T01:44:00+00:00,113.3735,113.352,113.348,113.3775,178
2026-05-21T01:45:00+00:00,113.3515,113.322,113.322,113.3515,297
2026-05-21T01:46:00+00:00,113.3225,113.3095,113.2965,113.3225,417
2026-05-21T01:47:00+00:00,113.31,113.2905,113.286,113.3125,322
2026-05-21T01:48:00+00:00,113.29,113.289,113.275,113.304,257
2026-05-21T01:49:00+00:00,113.2885,113.25,113.249,113.296,383
2026-05-21T01:50:00+00:00,113.249,113.2115,113.2105,113.2595,405
2026-05-21T01:51:00+00:00,113.212,113.2105,113.1985,113.2235,383
2026-05-21T01:52:00+00:00,113.21,113.1365,113.136,113.21,444
2026-05-21T01:53:00+00:00,113.137,113.035,113.013,113.1395,758
2026-05-21T01:54:00+00:00,113.0365,113.027,112.9945,113.0505,854
2026-05-21T01:55:00+00:00,113.028,113.0405,113.0215,113.0605,1077
2026-05-21T01:56:00+00:00,113.039,113.114,113.0335,113.115,876
2026-05-21T01:57:00+00:00,113.1145,113.1015,113.1005,113.1545,734
2026-05-21T01:58:00+00:00,113.101,113.116,113.1,113.1375,517
2026-05-21T01:59:00+00:00,113.1155,113.1175,113.0915,113.121,533
2026-05-21T02:00:00+00:00,113.118,113.15,113.107,113.1625,593
2026-05-21T02:01:00+00:00,113.1515,113.1615,113.146,113.1625,464
2026-05-21T02:02:00+00:00,113.162,113.189,113.134,113.195,510
2026-05-21T02:03:00+00:00,113.1885,113.144,113.1325,113.1895,367
2026-05-21T02:04:00+00:00,113.1445,113.129,113.119,113.1515,435
2026-05-21T02:05:00+00:00,113.1285,113.0775,113.069,113.1325,632
2026-05-21T02:06:00+00:00,113.077,113.066,113.038,113.0815,589
2026-05-21T02:07:00+00:00,113.0655,113.1225,113.061,113.1515,604
2026-05-21T02:08:00+00:00,113.123,113.1115,113.109,113.135,263
2026-05-21T02:09:00+00:00,113.1125,113.0905,113.0785,113.1235,478
2026-05-21T02:10:00+00:00,113.09,113.128,113.09,113.137,347
2026-05-21T02:11:00+00:00,113.1275,113.1185,113.1045,113.133,371
2026-05-21T02:12:00+00:00,113.1175,113.1235,113.1145,113.143,346
2026-05-21T02:13:00+00:00,113.124,113.106,113.092,113.129,376
2026-05-21T02:14:00+00:00,113.1055,113.1075,113.1015,113.1205,299
2026-05-21T02:15:00+00:00,113.1065,113.1305,113.1035,113.1465,265
2026-05-21T02:16:00+00:00,113.131,113.1095,113.108,113.138,344
2026-05-21T02:17:00+00:00,113.109,113.0835,113.081,113.1135,344
2026-05-21T02:18:00+00:00,113.0845,113.0565,113.052,113.085,432
2026-05-21T02:19:00+00:00,113.055,113.0165,113.0025,113.0555,459
2026-05-21T02:20:00+00:00,113.0165,113.0175,113.009,113.0395,349
2026-05-21T02:21:00+00:00,113.0165,113.0485,113.0165,113.055,469
2026-05-21T02:22:00+00:00,113.0495,113.0635,113.046,113.0915,545
2026-05-21T02:23:00+00:00,113.063,113.083,113.054,113.0905,385
2026-05-21T02:24:00+00:00,113.083,113.0895,113.0765,113.0895,146
2026-05-21T02:25:00+00:00,113.089,113.047,113.043,113.09,244
2026-05-21T02:26:00+00:00,113.0475,113.0165,113.0105,113.0535,386
2026-05-21T02:27:00+00:00,113.0155,113.0115,112.9925,113.022,270
2026-05-21T02:28:00+00:00,113.011,113.0135,113.0095,113.022,222
2026-05-21T02:29:00+00:00,113.014,112.9955,112.994,113.014,308
2026-05-21T02:30:00+00:00,112.9945,113.02,112.9745,113.022,463
2026-05-21T02:31:00+00:00,113.019,113.042,113.0155,113.0455,362
2026-05-21T02:32:00+00:00,113.0425,112.9865,112.9815,113.0435,350
2026-05-21T02:33:00+00:00,112.987,112.989,112.98,113.0015,343
2026-05-21T02:34:00+00:00,112.9885,112.9285,112.922,113.007,542
2026-05-21T02:35:00+00:00,112.929,112.976,112.928,112.977,383
2026-05-21T02:36:00+00:00,112.9755,112.9885,112.975,112.9965,304
2026-05-21T02:37:00+00:00,112.988,112.9865,112.9845,113.0085,412
2026-05-21T02:38:00+00:00,112.986,112.959,112.9545,112.9925,362
2026-05-21T02:39:00+00:00,112.9585,112.9565,112.9495,112.9605,264
2026-05-21T02:40:00+00:00,112.956,112.9635,112.9485,112.9785,297
2026-05-21T02:41:00+00:00,112.9625,112.96,112.94,112.9745,498
2026-05-21T02:42:00+00:00,112.963,112.9535,112.9315,112.963,597
2026-05-21T02:43:00+00:00,112.954,112.9695,112.945,112.9695,404
2026-05-21T02:44:00+00:00,112.968,112.9695,112.966,112.9765,287
2026-05-21T02:45:00+00:00,112.97,112.958,112.956,112.997,373
2026-05-21T02:46:00+00:00,112.958,112.864,112.8495,112.9675,599
2026-05-21T02:47:00+00:00,112.8645,112.9175,112.8635,112.929,555
2026-05-21T02:48:00+00:00,112.916,112.919,112.9105,112.9275,478
2026-05-21T02:49:00+00:00,112.9195,112.9135,112.905,112.922,345
2026-05-21T02:50:00+00:00,112.914,112.9345,112.909,112.936,309
2026-05-21T02:51:00+00:00,112.9335,112.9585,112.933,112.9665,317
2026-05-21T02:52:00+00:00,112.958,112.9585,112.9515,112.964,376
2026-05-21T02:53:00+00:00,112.9595,112.949,112.946,112.966,279
2026-05-21T02:54:00+00:00,112.9505,112.9425,112.942,112.9595,295
2026-05-21T02:55:00+00:00,112.9435,112.9585,112.9435,112.9615,356
2026-05-21T02:56:00+00:00,112.958,112.9495,112.9405,112.96,276
2026-05-21T02:57:00+00:00,112.949,112.9985,112.9485,113.001,346
2026-05-21T02:58:00+00:00,112.999,112.995,112.994,113.0165,444
2026-05-21T02:59:00+00:00,112.9955,112.993,112.982,113.0055,389
2026-05-21T03:00:00+00:00,112.9925,113.02,112.9865,113.026,461
2026-05-21T03:01:00+00:00,113.0205,113.028,113.0165,113.029,384
2026-05-21T03:02:00+00:00,113.0285,113.0215,113.0205,113.0395,407
2026-05-21T03:03:00+00:00,113.022,113.048,113.0215,113.0525,276
2026-05-21T03:04:00+00:00,113.0485,113.0315,113.0295,113.0495,142
2026-05-21T03:05:00+00:00,113.031,113.0555,113.0305,113.0575,133
2026-05-21T03:06:00+00:00,113.056,113.0855,113.056,113.0985,459
2026-05-21T03:07:00+00:00,113.086,113.077,113.0735,113.0935,262
2026-05-21T03:08:00+00:00,113.0775,113.1015,113.0705,113.1025,265
2026-05-21T03:09:00+00:00,113.101,113.1105,113.096,113.1145,238
2026-05-21T03:10:00+00:00,113.1095,113.1015,113.099,113.1205,246
2026-05-21T03:11:00+00:00,113.101,113.0865,113.0815,113.108,286
2026-05-21T03:12:00+00:00,113.086,113.0605,113.0595,113.0915,236
2026-05-21T03:13:00+00:00,113.061,113.076,113.0585,113.0795,230
2026-05-21T03:14:00+00:00,113.0765,113.0835,113.0725,113.0885,339
2026-05-21T03:15:00+00:00,113.0835,113.0625,113.0595,113.0855,269
2026-05-21T03:16:00+00:00,113.063,113.058,113.0545,113.0695,273
2026-05-21T03:17:00+00:00,113.0575,113.089,113.057,113.0955,214
2026-05-21T03:18:00+00:00,113.0895,113.1025,113.089,113.105,201
2026-05-21T03:19:00+00:00,113.103,113.1085,113.1015,113.1195,178
2026-05-21T03:20:00+00:00,113.109,113.106,113.1035,113.115,201
2026-05-21T03:21:00+00:00,113.1075,113.1055,113.0995,113.1135,296
2026-05-21T03:22:00+00:00,113.106,113.107,113.102,113.116,178
2026-05-21T03:23:00+00:00,113.1065,113.1085,113.105,113.1165,196
2026-05-21T03:24:00+00:00,113.109,113.1105,113.108,113.1195,112
2026-05-21T03:25:00+00:00,113.11,113.1115,113.107,113.1165,158
2026-05-21T03:26:00+00:00,113.11,113.099,113.093,113.11,128
2026-05-21T03:27:00+00:00,113.0995,113.0965,113.092,113.1015,136
2026-05-21T03:28:00+00:00,113.097,113.1,113.092,113.101,130
2026-05-21T03:29:00+00:00,113.1005,113.092,113.09,113.101,135
2026-05-21T03:30:00+00:00,113.093,113.1015,113.091,113.104,176
2026-05-21T03:31:00+00:00,113.1015,113.0895,113.087,113.1015,90
2026-05-21T03:32:00+00:00,113.0895,113.087,113.0785,113.0925,145
2026-05-21T03:33:00+00:00,113.0875,113.0845,113.076,113.0875,143
2026-05-21T03:34:00+00:00,113.0835,113.0765,113.072,113.0845,202
2026-05-21T03:35:00+00:00,113.077,113.062,113.057,113.0775,199
2026-05-21T03:36:00+00:00,113.0625,113.0785,113.0615,113.0805,162
2026-05-21T03:37:00+00:00,113.079,113.071,113.069,113.079,64
2026-05-21T03:38:00+00:00,113.071,113.0755,113.071,113.0815,81
2026-05-21T03:39:00+00:00,113.076,113.0795,113.07,113.081,148
2026-05-21T03:40:00+00:00,113.0785,113.0925,113.0745,113.103,183
2026-05-21T03:41:00+00:00,113.093,113.092,113.0845,113.0955,119
2026-05-21T03:42:00+00:00,113.0925,113.126,113.0925,113.1275,202
2026-05-21T03:43:00+00:00,113.1255,113.1315,113.124,113.138,175
2026-05-21T03:44:00+00:00,113.132,113.1335,113.123,113.141,207
2026-05-21T03:45:00+00:00,113.133,113.1415,113.132,113.145,224
2026-05-21T03:46:00+00:00,113.141,113.1415,113.1355,113.144,162
2026-05-21T03:47:00+00:00,113.1405,113.1385,113.137,113.1545,141
2026-05-21T03:48:00+00:00,113.139,113.1375,113.134,113.141,55
2026-05-21T03:49:00+00:00,113.137,113.1555,113.131,113.1565,133
2026-05-21T03:50:00+00:00,113.1565,113.137,113.1325,113.1575,144
2026-05-21T03:51:00+00:00,113.1365,113.1505,113.135,113.157,287
2026-05-21T03:52:00+00:00,113.1515,113.1545,113.15,113.1675,152
2026-05-21T03:53:00+00:00,113.154,113.152,113.151,113.1615,160
2026-05-21T03:54:00+00:00,113.1525,113.1545,113.148,113.16,186
2026-05-21T03:55:00+00:00,113.1535,113.1715,113.1505,113.1715,154
2026-05-21T03:56:00+00:00,113.1705,113.1745,113.163,113.1745,189
2026-05-21T03:57:00+00:00,113.1755,113.1705,113.1695,113.1865,172
2026-05-21T03:58:00+00:00,113.17,113.168,113.167,113.1795,203
2026-05-21T03:59:00+00:00,113.168,113.169,113.165,113.178,183
2026-05-21T04:00:00+00:00,113.1685,113.1765,113.1615,113.178,238
2026-05-21T04:01:00+00:00,113.176,113.179,113.172,113.1825,235
2026-05-21T04:02:00+00:00,113.18,113.187,113.1745,113.1885,174
2026-05-21T04:03:00+00:00,113.1875,113.19,113.1785,113.196,111
2026-05-21T04:04:00+00:00,113.1915,113.1885,113.181,113.197,214
2026-05-21T04:05:00+00:00,113.189,113.2135,113.189,113.215,173
2026-05-21T04:06:00+00:00,113.213,113.208,113.202,113.2135,150
2026-05-21T04:07:00+00:00,113.2075,113.2055,113.202,113.2135,116
2026-05-21T04:08:00+00:00,113.2055,113.179,113.179,113.2055,244
2026-05-21T04:09:00+00:00,113.1795,113.187,113.179,113.201,231
2026-05-21T04:10:00+00:00,113.1875,113.191,113.1805,113.196,171
2026-05-21T04:11:00+00:00,113.1915,113.19,113.1895,113.1925,241
2026-05-21T04:12:00+00:00,113.19,113.2015,113.1885,113.202,78
2026-05-21T04:13:00+00:00,113.201,113.208,113.2005,113.209,106
2026-05-21T04:14:00+00:00,113.208,113.2285,113.207,113.23,141
2026-05-21T04:15:00+00:00,113.229,113.2225,113.218,113.231,177
2026-05-21T04:16:00+00:00,113.222,113.225,113.2215,113.228,88
2026-05-21T04:17:00+00:00,113.225,113.234,113.2245,113.243,130
2026-05-21T04:18:00+00:00,113.2335,113.23,113.224,113.2345,129
2026-05-21T04:19:00+00:00,113.2295,113.2305,113.2245,113.236,151
2026-05-21T04:20:00+00:00,113.2305,113.2385,113.227,113.2385,117
2026-05-21T04:21:00+00:00,113.24,113.2505,113.24,113.253,129
2026-05-21T04:22:00+00:00,113.2505,113.2405,113.2405,113.255,124
2026-05-21T04:23:00+00:00,113.2415,113.245,113.2405,113.249,156
2026-05-21T04:24:00+00:00,113.245,113.2545,113.2425,113.2545,131
2026-05-21T04:25:00+00:00,113.255,113.263,113.254,113.267,167
2026-05-21T04:26:00+00:00,113.263,113.263,113.2555,113.265,175
2026-05-21T04:27:00+00:00,113.262,113.2755,113.262,113.284,173
2026-05-21T04:28:00+00:00,113.276,113.281,113.274,113.2835,120
2026-05-21T04:29:00+00:00,113.2815,113.2845,113.277,113.2865,183
2026-05-21T04:30:00+00:00,113.2835,113.2995,113.2815,113.3,159
2026-05-21T04:31:00+00:00,113.299,113.305,113.2975,113.305,101
2026-05-21T04:32:00+00:00,113.3055,113.285,113.2785,113.3065,238
2026-05-21T04:33:00+00:00,113.284,113.27,113.266,113.284,216
2026-05-21T04:34:00+00:00,113.2705,113.2775,113.2695,113.2795,139
2026-05-21T04:35:00+00:00,113.278,113.2765,113.2695,113.278,92
2026-05-21T04:36:00+00:00,113.2755,113.267,113.267,113.2775,110
2026-05-21T04:37:00+00:00,113.2675,113.269,113.26,113.27,182
2026-05-21T04:38:00+00:00,113.27,113.269,113.265,113.275,142
2026-05-21T04:39:00+00:00,113.268,113.2705,113.258,113.2805,146
2026-05-21T04:40:00+00:00,113.27,113.265,113.2605,113.273,135
2026-05-21T04:41:00+00:00,113.264,113.2545,113.2535,113.2675,150
2026-05-21T04:42:00+00:00,113.2555,113.26,113.2535,113.2625,62
2026-05-21T04:43:00+00:00,113.2605,113.277,113.2555,113.2785,157
2026-05-21T04:44:00+00:00,113.2765,113.2915,113.275,113.2955,179
2026-05-21T04:45:00+00:00,113.292,113.298,113.291,113.302,109
2026-05-21T04:46:00+00:00,113.298,113.2895,113.289,113.302,111
2026-05-21T04:47:00+00:00,113.289,113.2985,113.289,113.3005,187
2026-05-21T04:48:00+00:00,113.299,113.305,113.2975,113.31,146
2026-05-21T04:49:00+00:00,113.304,113.3185,113.302,113.32,153
2026-05-21T04:50:00+00:00,113.319,113.327,113.3185,113.334,166
2026-05-21T04:51:00+00:00,113.3275,113.3205,113.318,113.328,128
2026-05-21T04:52:00+00:00,113.321,113.306,113.3055,113.3245,166
2026-05-21T04:53:00+00:00,113.306,113.296,113.2955,113.3115,170
2026-05-21T04:54:00+00:00,113.2965,113.324,113.2955,113.3255,188
2026-05-21T04:55:00+00:00,113.3245,113.353,113.3245,113.359,320
2026-05-21T04:56:00+00:00,113.3525,113.3375,113.3335,113.3535,184
2026-05-21T04:57:00+00:00,113.337,113.344,113.332,113.347,171
2026-05-21T04:58:00+00:00,113.3445,113.3295,113.326,113.348,185
2026-05-21T04:59:00+00:00,113.33,113.3215,113.315,113.3375,155
2026-05-21T05:00:00+00:00,113.321,113.327,113.321,113.3345,280
2026-05-21T05:01:00+00:00,113.328,113.3295,113.3255,113.3435,175
2026-05-21T05:02:00+00:00,113.3295,113.3345,113.3295,113.335,63
2026-05-21T05:03:00+00:00,113.335,113.322,113.3065,113.336,196
2026-05-21T05:04:00+00:00,113.3215,113.3215,113.3085,113.3235,194
2026-05-21T05:05:00+00:00,113.321,113.315,113.3075,113.3245,202
2026-05-21T05:06:00+00:00,113.3155,113.3125,113.2985,113.3185,270
2026-05-21T05:07:00+00:00,113.312,113.2975,113.2945,113.3165,223
2026-05-21T05:08:00+00:00,113.2985,113.276,113.2725,113.305,224
2026-05-21T05:09:00+00:00,113.275,113.27,113.269,113.2795,212
2026-05-21T05:10:00+00:00,113.2695,113.273,113.2605,113.274,222
2026-05-21T05:11:00+00:00,113.2735,113.2685,113.2605,113.279,222
2026-05-21T05:12:00+00:00,113.269,113.286,113.267,113.286,175
2026-05-21T05:13:00+00:00,113.286,113.294,113.2855,113.3,141
2026-05-21T05:14:00+00:00,113.2945,113.2895,113.2825,113.2955,116
2026-05-21T05:15:00+00:00,113.29,113.289,113.285,113.2945,111
2026-05-21T05:16:00+00:00,113.2885,113.304,113.2855,113.3055,123
2026-05-21T05:17:00+00:00,113.3035,113.3115,113.301,113.312,130
2026-05-21T05:18:00+00:00,113.312,113.283,113.283,113.3155,204
2026-05-21T05:19:00+00:00,113.2835,113.2925,113.2825,113.2935,173
2026-05-21T05:20:00+00:00,113.293,113.3075,113.292,113.312,189
2026-05-21T05:21:00+00:00,113.306,113.2935,113.289,113.308,208
2026-05-21T05:22:00+00:00,113.293,113.2835,113.281,113.2945,154
2026-05-21T05:23:00+00:00,113.284,113.282,113.278,113.285,120
2026-05-21T05:24:00+00:00,113.2825,113.285,113.2775,113.2955,278
2026-05-21T05:25:00+00:00,113.2845,113.2855,113.281,113.291,234
2026-05-21T05:26:00+00:00,113.286,113.2545,113.242,113.2925,552
2026-05-21T05:27:00+00:00,113.254,113.258,113.2435,113.2595,389
2026-05-21T05:28:00+00:00,113.259,113.2355,113.2325,113.2605,306
2026-05-21T05:29:00+00:00,113.235,113.231,113.2245,113.2355,248
2026-05-21T05:30:00+00:00,113.2315,113.223,113.188,113.2335,552
2026-05-21T05:31:00+00:00,113.222,113.211,113.2025,113.2225,380
2026-05-21T05:32:00+00:00,113.2115,113.244,113.2115,113.2465,324
2026-05-21T05:33:00+00:00,113.245,113.2505,113.2385,113.255,274
2026-05-21T05:34:00+00:00,113.2495,113.2485,113.242,113.2585,269
2026-05-21T05:35:00+00:00,113.248,113.2475,113.2335,113.252,284
2026-05-21T05:36:00+00:00,113.248,113.2205,113.216,113.2495,360
2026-05-21T05:37:00+00:00,113.219,113.236,113.219,113.2435,336
2026-05-21T05:38:00+00:00,113.236,113.242,113.235,113.254,338
2026-05-21T05:39:00+00:00,113.241,113.2295,113.228,113.2455,322
2026-05-21T05:40:00+00:00,113.229,113.221,113.214,113.2355,196
2026-05-21T05:41:00+00:00,113.2205,113.226,113.215,113.23,309
2026-05-21T05:42:00+00:00,113.225,113.2325,113.224,113.2425,236
2026-05-21T05:43:00+00:00,113.232,113.241,113.219,113.2425,214
2026-05-21T05:44:00+00:00,113.24,113.235,113.232,113.2445,162
2026-05-21T05:45:00+00:00,113.2365,113.2175,113.215,113.241,296
2026-05-21T05:46:00+00:00,113.2165,113.2125,113.2115,113.2205,235
2026-05-21T05:47:00+00:00,113.213,113.179,113.1765,113.215,335
2026-05-21T05:48:00+00:00,113.18,113.175,113.164,113.1935,539
2026-05-21T05:49:00+00:00,113.1745,113.2215,113.168,113.2215,570
2026-05-21T05:50:00+00:00,113.22,113.237,113.2145,113.243,370
2026-05-21T05:51:00+00:00,113.2375,113.24,113.211,113.2465,384
2026-05-21T05:52:00+00:00,113.2395,113.2405,113.234,113.2435,240
2026-05-21T05:53:00+00:00,113.241,113.2625,113.239,113.264,242
2026-05-21T05:54:00+00:00,113.262,113.28,113.2615,113.288,307
2026-05-21T05:55:00+00:00,113.2805,113.273,113.262,113.281,271
2026-05-21T05:56:00+00:00,113.274,113.267,113.267,113.287,224
2026-05-21T05:57:00+00:00,113.268,113.2875,113.2665,113.2945,387
2026-05-21T05:58:00+00:00,113.287,113.284,113.279,113.3025,310
2026-05-21T05:59:00+00:00,113.283,113.286,113.2785,113.2875,207
2026-05-21T06:00:00+00:00,113.2855,113.311,113.281,113.321,494
2026-05-21T06:01:00+00:00,113.312,113.319,113.3005,113.3245,453
2026-05-21T06:02:00+00:00,113.3195,113.329,113.3195,113.339,478
2026-05-21T06:03:00+00:00,113.3295,113.3235,113.318,113.3305,412
2026-05-21T06:04:00+00:00,113.3245,113.33,113.323,113.337,363
2026-05-21T06:05:00+00:00,113.3305,113.332,113.321,113.3445,396
2026-05-21T06:06:00+00:00,113.333,113.32,113.319,113.3345,247
2026-05-21T06:07:00+00:00,113.321,113.313,113.307,113.3295,260
2026-05-21T06:08:00+00:00,113.3125,113.3265,113.305,113.327,198
2026-05-21T06:09:00+00:00,113.326,113.3115,113.304,113.3275,308
2026-05-21T06:10:00+00:00,113.312,113.288,113.2855,113.3135,296
2026-05-21T06:11:00+00:00,113.2875,113.3035,113.2875,113.313,248
2026-05-21T06:12:00+00:00,113.303,113.307,113.3015,113.313,203
2026-05-21T06:13:00+00:00,113.306,113.287,113.285,113.3075,242
2026-05-21T06:14:00+00:00,113.2865,113.312,113.2805,113.314,302
2026-05-21T06:15:00+00:00,113.313,113.3225,113.306,113.328,199
2026-05-21T06:16:00+00:00,113.323,113.3125,113.3125,113.3265,292
2026-05-21T06:17:00+00:00,113.3115,113.289,113.2865,113.3115,344
2026-05-21T06:18:00+00:00,113.2885,113.2885,113.286,113.3005,323
2026-05-21T06:19:00+00:00,113.289,113.282,113.271,113.293,279
2026-05-21T06:20:00+00:00,113.2825,113.264,113.258,113.286,304
2026-05-21T06:21:00+00:00,113.2635,113.2885,113.2595,113.316,682
2026-05-21T06:22:00+00:00,113.289,113.2885,113.2865,113.3195,689
2026-05-21T06:23:00+00:00,113.289,113.281,113.2785,113.2965,438
2026-05-21T06:24:00+00:00,113.28,113.292,113.28,113.2975,335
2026-05-21T06:25:00+00:00,113.2915,113.2895,113.285,113.298,269
2026-05-21T06:26:00+00:00,113.29,113.295,113.2895,113.3075,279
2026-05-21T06:27:00+00:00,113.293,113.296,113.281,113.2985,278
2026-05-21T06:28:00+00:00,113.2955,113.302,113.291,113.306,218
2026-05-21T06:29:00+00:00,113.301,113.308,113.2875,113.308,236
2026-05-21T06:30:00+00:00,113.309,113.2975,113.2955,113.3195,440
2026-05-21T06:31:00+00:00,113.297,113.2895,113.284,113.3015,286
2026-05-21T06:32:00+00:00,113.2885,113.286,113.2835,113.2915,219
2026-05-21T06:33:00+00:00,113.2855,113.2395,113.228,113.287,428
2026-05-21T06:34:00+00:00,113.24,113.2465,113.2255,113.247,367
2026-05-21T06:35:00+00:00,113.246,113.198,113.1945,113.2465,396
2026-05-21T06:36:00+00:00,113.1985,113.197,113.193,113.208,343
2026-05-21T06:37:00+00:00,113.1975,113.2015,113.193,113.214,440
2026-05-21T06:38:00+00:00,113.201,113.2075,113.1885,113.21,509
2026-05-21T06:39:00+00:00,113.208,113.193,113.189,113.211,469
2026-05-21T06:40:00+00:00,113.1925,113.1665,113.1665,113.194,426
2026-05-21T06:41:00+00:00,113.167,113.167,113.1425,113.1715,351
2026-05-21T06:42:00+00:00,113.168,113.141,113.135,113.1715,350
2026-05-21T06:43:00+00:00,113.1405,113.0875,113.075,113.1445,503
2026-05-21T06:44:00+00:00,113.087,113.1005,113.0855,113.106,306
2026-05-21T06:45:00+00:00,113.1,113.086,113.0815,113.109,426
2026-05-21T06:46:00+00:00,113.0865,113.1345,113.0795,113.1345,288
2026-05-21T06:47:00+00:00,113.135,113.1405,113.1285,113.161,498
2026-05-21T06:48:00+00:00,113.1415,113.13,113.126,113.144,258
2026-05-21T06:49:00+00:00,113.131,113.1215,113.1195,113.1405,303
2026-05-21T06:50:00+00:00,113.122,113.1305,113.1175,113.1315,279
2026-05-21T06:51:00+00:00,113.13,113.135,113.124,113.14,317
2026-05-21T06:52:00+00:00,113.1345,113.1255,113.122,113.1405,321
2026-05-21T06:53:00+00:00,113.1265,113.113,113.11,113.127,336
2026-05-21T06:54:00+00:00,113.1125,113.097,113.089,113.113,290
2026-05-21T06:55:00+00:00,113.0975,113.123,113.0965,113.127,343
2026-05-21T06:56:00+00:00,113.1225,113.1325,113.121,113.1355,344
2026-05-21T06:57:00+00:00,113.133,113.149,113.1275,113.1545,421
2026-05-21T06:58:00+00:00,113.1495,113.117,113.112,113.153,385
2026-05-21T06:59:00+00:00,113.1165,113.146,113.1155,113.146,232
2026-05-21T07:00:00+00:00,113.1465,113.165,113.145,113.172,391
2026-05-21T07:01:00+00:00,113.1645,113.1575,113.145,113.168,506
2026-05-21T07:02:00+00:00,113.157,113.159,113.151,113.174,312
2026-05-21T07:03:00+00:00,113.1585,113.169,113.133,113.169,436
2026-05-21T07:04:00+00:00,113.1685,113.16,113.147,113.171,438
2026-05-21T07:05:00+00:00,113.1595,113.197,113.1595,113.1975,546
2026-05-21T07:06:00+00:00,113.196,113.178,113.1525,113.198,510
2026-05-21T07:07:00+00:00,113.1765,113.1835,113.174,113.1965,453
2026-05-21T07:08:00+00:00,113.184,113.184,113.174,113.197,566
2026-05-21T07:09:00+00:00,113.1835,113.1865,113.181,113.196,643
2026-05-21T07:10:00+00:00,113.186,113.178,113.169,113.186,605
2026-05-21T07:11:00+00:00,113.177,113.1895,113.1755,113.194,644
2026-05-21T07:12:00+00:00,113.19,113.19,113.179,113.195,416
2026-05-21T07:13:00+00:00,113.1905,113.1915,113.183,113.1995,501
2026-05-21T07:14:00+00:00,113.191,113.187,113.1855,113.2005,526
2026-05-21T07:15:00+00:00,113.1895,113.1455,113.1335,113.1895,1562
2026-05-21T07:16:00+00:00,113.145,113.132,113.119,113.155,1017
2026-05-21T07:17:00+00:00,113.131,113.133,113.127,113.1405,707
2026-05-21T07:18:00+00:00,113.1335,113.1125,113.1075,113.142,797
2026-05-21T07:19:00+00:00,113.113,113.112,113.0915,113.121,625
2026-05-21T07:20:00+00:00,113.1115,113.139,113.109,113.1455,757
2026-05-21T07:21:00+00:00,113.1395,113.142,113.1375,113.1675,669
2026-05-21T07:22:00+00:00,113.141,113.1355,113.124,113.145,544
2026-05-21T07:23:00+00:00,113.135,113.148,113.122,113.1495,724
2026-05-21T07:24:00+00:00,113.1485,113.132,113.129,113.152,437
2026-05-21T07:25:00+00:00,113.1325,113.0955,113.088,113.1345,845
2026-05-21T07:26:00+00:00,113.095,113.0665,113.0585,113.096,759
2026-05-21T07:27:00+00:00,113.067,113.0905,113.066,113.099,680
2026-05-21T07:28:00+00:00,113.09,113.0865,113.086,113.0965,654
2026-05-21T07:29:00+00:00,113.087,113.0885,113.0835,113.0955,686
2026-05-21T07:30:00+00:00,113.088,113.112,113.088,113.117,903
2026-05-21T07:31:00+00:00,113.1115,113.131,113.107,113.131,679
2026-05-21T07:32:00+00:00,113.1315,113.1185,113.1155,113.1325,453
2026-05-21T07:33:00+00:00,113.119,113.076,113.0725,113.1195,639
2026-05-21T07:34:00+00:00,113.0765,113.1155,113.0755,113.1175,720
2026-05-21T07:35:00+00:00,113.115,113.1,113.095,113.121,592
2026-05-21T07:36:00+00:00,113.101,113.1155,113.1005,113.116,492
2026-05-21T07:37:00+00:00,113.115,113.1065,113.0995,113.117,571
2026-05-21T07:38:00+00:00,113.107,113.0965,113.09,113.1085,578
2026-05-21T07:39:00+00:00,113.096,113.0885,113.0805,113.0975,596
2026-05-21T07:40:00+00:00,113.088,113.0885,113.073,113.0915,433
2026-05-21T07:41:00+00:00,113.089,113.079,113.077,113.09,613
2026-05-21T07:42:00+00:00,113.08,113.118,113.077,113.1195,475
2026-05-21T07:43:00+00:00,113.1175,113.131,113.11,113.133,621
2026-05-21T07:44:00+00:00,113.1305,113.1395,113.127,113.146,400
2026-05-21T07:45:00+00:00,113.14,113.165,113.1385,113.17,675
2026-05-21T07:46:00+00:00,113.1645,113.157,113.156,113.17,452
2026-05-21T07:47:00+00:00,113.156,113.1575,113.148,113.178,523
2026-05-21T07:48:00+00:00,113.1585,113.16,113.156,113.169,485
2026-05-21T07:49:00+00:00,113.1605,113.178,113.157,113.179,734
2026-05-21T07:50:00+00:00,113.1775,113.1945,113.1675,113.196,624
2026-05-21T07:51:00+00:00,113.195,113.2235,113.1945,113.224,494
2026-05-21T07:52:00+00:00,113.223,113.235,113.2185,113.238,500
2026-05-21T07:53:00+00:00,113.2355,113.242,113.2235,113.2555,388
2026-05-21T07:54:00+00:00,113.2415,113.217,113.2155,113.246,370
2026-05-21T07:55:00+00:00,113.2175,113.19,113.189,113.2185,441
2026-05-21T07:56:00+00:00,113.1905,113.2145,113.1905,113.218,431
2026-05-21T07:57:00+00:00,113.214,113.201,113.1965,113.215,405
2026-05-21T07:58:00+00:00,113.201,113.2015,113.196,113.219,405
2026-05-21T07:59:00+00:00,113.202,113.205,113.199,113.2115,622
2026-05-21T08:00:00+00:00,113.2045,113.158,113.156,113.206,499
2026-05-21T08:01:00+00:00,113.1575,113.173,113.1565,113.1795,468
2026-05-21T08:02:00+00:00,113.172,113.1695,113.1615,113.1945,368
2026-05-21T08:03:00+00:00,113.17,113.2145,113.17,113.2195,421
2026-05-21T08:04:00+00:00,113.215,113.22,113.2035,113.221,591
2026-05-21T08:05:00+00:00,113.221,113.22,113.2135,113.224,620
2026-05-21T08:06:00+00:00,113.2195,113.232,113.213,113.233,571
2026-05-21T08:07:00+00:00,113.2315,113.248,113.228,113.2505,617
2026-05-21T08:08:00+00:00,113.2475,113.249,113.236,113.2525,503
2026-05-21T08:09:00+00:00,113.248,113.2535,113.2445,113.2625,721
2026-05-21T08:10:00+00:00,113.253,113.259,113.241,113.27,581
2026-05-21T08:11:00+00:00,113.2585,113.305,113.258,113.3105,837
2026-05-21T08:12:00+00:00,113.3055,113.2815,113.2695,113.3095,664
2026-05-21T08:13:00+00:00,113.281,113.3055,113.2805,113.3105,546
2026-05-21T08:14:00+00:00,113.305,113.356,113.2955,113.358,590
2026-05-21T08:15:00+00:00,113.3565,113.4375,113.355,113.44,1094
2026-05-21T08:16:00+00:00,113.437,113.383,113.3785,113.4615,1016
2026-05-21T08:17:00+00:00,113.3835,113.397,113.377,113.412,571
2026-05-21T08:18:00+00:00,113.3975,113.344,113.3405,113.3985,616
2026-05-21T08:19:00+00:00,113.3435,113.331,113.322,113.349,627
2026-05-21T08:20:00+00:00,113.3305,113.324,113.3165,113.3335,630
2026-05-21T08:21:00+00:00,113.3235,113.3275,113.313,113.33,518
2026-05-21T08:22:00+00:00,113.328,113.352,113.3225,113.3645,560
2026-05-21T08:23:00+00:00,113.3505,113.3475,113.3345,113.363,659
2026-05-21T08:24:00+00:00,113.347,113.3685,113.34,113.381,612
2026-05-21T08:25:00+00:00,113.368,113.3735,113.352,113.3825,636
2026-05-21T08:26:00+00:00,113.373,113.358,113.352,113.3735,612
2026-05-21T08:27:00+00:00,113.3585,113.3925,113.358,113.3985,703
2026-05-21T08:28:00+00:00,113.393,113.3975,113.3745,113.3975,478
2026-05-21T08:29:00+00:00,113.398,113.4625,113.3885,113.4725,848
2026-05-21T08:30:00+00:00,113.462,113.434,113.423,113.462,699
2026-05-21T08:31:00+00:00,113.4335,113.4225,113.4135,113.4545,493
2026-05-21T08:32:00+00:00,113.423,113.4135,113.4,113.423,412
2026-05-21T08:33:00+00:00,113.4125,113.4205,113.4125,113.443,540
2026-05-21T08:34:00+00:00,113.4195,113.4175,113.406,113.4215,451
2026-05-21T08:35:00+00:00,113.418,113.406,113.405,113.4215,391
2026-05-21T08:36:00+00:00,113.404,113.4155,113.4015,113.4225,342
2026-05-21T08:37:00+00:00,113.416,113.4245,113.4095,113.4315,335
2026-05-21T08:38:00+00:00,113.425,113.4165,113.416,113.4325,281
2026-05-21T08:39:00+00:00,113.416,113.411,113.4025,113.4195,335
2026-05-21T08:40:00+00:00,113.4105,113.4595,113.408,113.466,430
2026-05-21T08:41:00+00:00,113.46,113.453,113.4495,113.4705,500
2026-05-21T08:42:00+00:00,113.4525,113.4455,113.4365,113.4525,357
2026-05-21T08:43:00+00:00,113.446,113.4315,113.4315,113.45,365
2026-05-21T08:44:00+00:00,113.432,113.4125,113.4055,113.432,270
2026-05-21T08:45:00+00:00,113.413,113.409,113.405,113.4185,292
2026-05-21T08:46:00+00:00,113.4095,113.4445,113.4055,113.4645,734
2026-05-21T08:47:00+00:00,113.444,113.4405,113.42,113.454,689
2026-05-21T08:48:00+00:00,113.44,113.423,113.422,113.443,411
2026-05-21T08:49:00+00:00,113.4225,113.4065,113.4015,113.432,466
2026-05-21T08:50:00+00:00,113.406,113.41,113.3735,113.417,595
2026-05-21T08:51:00+00:00,113.4095,113.3905,113.3895,113.412,361
2026-05-21T08:52:00+00:00,113.391,113.393,113.3835,113.395,436
2026-05-21T08:53:00+00:00,113.393,113.3535,113.343,113.3935,372
2026-05-21T08:54:00+00:00,113.354,113.3645,113.3535,113.37,357
2026-05-21T08:55:00+00:00,113.364,113.407,113.3635,113.4125,437
2026-05-21T08:56:00+00:00,113.4075,113.42,113.404,113.423,444
2026-05-21T08:57:00+00:00,113.4195,113.3885,113.3815,113.4195,427
2026-05-21T08:58:00+00:00,113.388,113.3825,113.38,113.3945,293
2026-05-21T08:59:00+00:00,113.382,113.383,113.379,113.39,324
2026-05-21T09:00:00+00:00,113.382,113.381,113.377,113.393,391
2026-05-21T09:01:00+00:00,113.3805,113.3775,113.375,113.386,282
2026-05-21T09:02:00+00:00,113.377,113.391,113.3735,113.393,276
2026-05-21T09:03:00+00:00,113.3905,113.3995,113.3865,113.404,270
2026-05-21T09:04:00+00:00,113.399,113.4105,113.387,113.417,431
2026-05-21T09:05:00+00:00,113.411,113.4345,113.4085,113.446,570
2026-05-21T09:06:00+00:00,113.433,113.452,113.43,113.4525,444
2026-05-21T09:07:00+00:00,113.4515,113.432,113.426,113.4535,457
2026-05-21T09:08:00+00:00,113.4325,113.452,113.432,113.453,304
2026-05-21T09:09:00+00:00,113.4525,113.4535,113.448,113.471,268
2026-05-21T09:10:00+00:00,113.4545,113.444,113.4275,113.4555,258
2026-05-21T09:11:00+00:00,113.4435,113.4655,113.438,113.467,354
2026-05-21T09:12:00+00:00,113.465,113.462,113.45,113.4675,259
2026-05-21T09:13:00+00:00,113.4615,113.4775,113.4615,113.482,354
2026-05-21T09:14:00+00:00,113.477,113.4875,113.477,113.499,296
2026-05-21T09:15:00+00:00,113.488,113.4905,113.4835,113.509,314
2026-05-21T09:16:00+00:00,113.491,113.477,113.4745,113.491,218
2026-05-21T09:17:00+00:00,113.4765,113.4835,113.471,113.49,251
2026-05-21T09:18:00+00:00,113.483,113.492,113.4825,113.503,259
2026-05-21T09:19:00+00:00,113.491,113.493,113.489,113.4985,169
2026-05-21T09:20:00+00:00,113.4925,113.486,113.4835,113.5025,251
2026-05-21T09:21:00+00:00,113.485,113.478,113.472,113.4895,229
2026-05-21T09:22:00+00:00,113.4785,113.484,113.476,113.487,243
2026-05-21T09:23:00+00:00,113.4845,113.501,113.481,113.514,291
2026-05-21T09:24:00+00:00,113.5005,113.488,113.4825,113.503,318
2026-05-21T09:25:00+00:00,113.4875,113.4875,113.4795,113.489,254
2026-05-21T09:26:00+00:00,113.488,113.471,113.4705,113.491,235
2026-05-21T09:27:00+00:00,113.4705,113.4775,113.4605,113.4835,290
2026-05-21T09:28:00+00:00,113.477,113.4915,113.474,113.4945,360
2026-05-21T09:29:00+00:00,113.492,113.497,113.486,113.5045,261
2026-05-21T09:30:00+00:00,113.496,113.495,113.4865,113.501,400
2026-05-21T09:31:00+00:00,113.4945,113.487,113.4755,113.501,298
2026-05-21T09:32:00+00:00,113.4875,113.496,113.476,113.5015,259
2026-05-21T09:33:00+00:00,113.4965,113.4855,113.4825,113.499,165
2026-05-21T09:34:00+00:00,113.485,113.506,113.4845,113.5085,297
2026-05-21T09:35:00+00:00,113.5055,113.497,113.492,113.5055,277
2026-05-21T09:36:00+00:00,113.498,113.494,113.486,113.501,239
2026-05-21T09:37:00+00:00,113.4945,113.4755,113.474,113.4995,267
2026-05-21T09:38:00+00:00,113.476,113.4515,113.4495,113.4805,298
2026-05-21T09:39:00+00:00,113.451,113.441,113.44,113.4575,326
2026-05-21T09:40:00+00:00,113.441,113.441,113.432,113.446,253
2026-05-21T09:41:00+00:00,113.441,113.4425,113.4375,113.4505,209
2026-05-21T09:42:00+00:00,113.442,113.442,113.4335,113.448,316
2026-05-21T09:43:00+00:00,113.441,113.427,113.4265,113.443,230
2026-05-21T09:44:00+00:00,113.4265,113.4115,113.4055,113.44,426
2026-05-21T09:45:00+00:00,113.4125,113.3965,113.391,113.413,303
2026-05-21T09:46:00+00:00,113.3975,113.408,113.39,113.4135,317
2026-05-21T09:47:00+00:00,113.408,113.4095,113.397,113.411,205
2026-05-21T09:48:00+00:00,113.409,113.409,113.4045,113.4135,164
2026-05-21T09:49:00+00:00,113.4085,113.409,113.4075,113.421,244
2026-05-21T09:50:00+00:00,113.4085,113.4105,113.4,113.4125,202
2026-05-21T09:51:00+00:00,113.4105,113.4145,113.4095,113.4195,174
2026-05-21T09:52:00+00:00,113.4155,113.418,113.403,113.42,170
2026-05-21T09:53:00+00:00,113.418,113.4165,113.409,113.4195,236
2026-05-21T09:54:00+00:00,113.4165,113.4395,113.414,113.4405,186
2026-05-21T09:55:00+00:00,113.4405,113.4455,113.437,113.449,146
2026-05-21T09:56:00+00:00,113.446,113.445,113.4295,113.447,237
2026-05-21T09:57:00+00:00,113.4455,113.445,113.442,113.4525,205
2026-05-21T09:58:00+00:00,113.4445,113.442,113.4335,113.446,242
2026-05-21T09:59:00+00:00,113.4415,113.444,113.4385,113.4455,256
2026-05-21T10:00:00+00:00,113.443,113.454,113.438,113.458,344
2026-05-21T10:01:00+00:00,113.4545,113.4855,113.4545,113.4875,364
2026-05-21T10:02:00+00:00,113.486,113.4795,113.478,113.492,280
2026-05-21T10:03:00+00:00,113.48,113.4645,113.459,113.4835,246
2026-05-21T10:04:00+00:00,113.465,113.48,113.457,113.4845,238
2026-05-21T10:05:00+00:00,113.4805,113.454,113.453,113.4845,268
2026-05-21T10:06:00+00:00,113.4545,113.463,113.4545,113.469,248
2026-05-21T10:07:00+00:00,113.4625,113.4805,113.4595,113.481,216
2026-05-21T10:08:00+00:00,113.48,113.493,113.4775,113.5015,319
2026-05-21T10:09:00+00:00,113.4935,113.4855,113.477,113.497,280
2026-05-21T10:10:00+00:00,113.486,113.474,113.473,113.4925,246
2026-05-21T10:11:00+00:00,113.4745,113.4845,113.468,113.4845,268
2026-05-21T10:12:00+00:00,113.484,113.4815,113.471,113.4845,226
2026-05-21T10:13:00+00:00,113.481,113.4715,113.469,113.481,232
2026-05-21T10:14:00+00:00,113.472,113.455,113.453,113.4735,187
2026-05-21T10:15:00+00:00,113.4545,113.4655,113.45,113.466,180
2026-05-21T10:16:00+00:00,113.465,113.478,113.4625,113.479,214
2026-05-21T10:17:00+00:00,113.4775,113.47,113.4635,113.481,259
2026-05-21T10:18:00+00:00,113.469,113.46,113.456,113.476,288
2026-05-21T10:19:00+00:00,113.461,113.4635,113.4515,113.4685,306
2026-05-21T10:20:00+00:00,113.463,113.457,113.453,113.4655,279
2026-05-21T10:21:00+00:00,113.4575,113.459,113.452,113.461,341
2026-05-21T10:22:00+00:00,113.458,113.464,113.4545,113.4675,222
2026-05-21T10:23:00+00:00,113.4645,113.4645,113.459,113.4675,200
2026-05-21T10:24:00+00:00,113.4645,113.453,113.451,113.4675,208
2026-05-21T10:25:00+00:00,113.4535,113.397,113.3845,113.457,1315
2026-05-21T10:26:00+00:00,113.398,113.305,113.294,113.3985,1559
2026-05-21T10:27:00+00:00,113.3055,113.368,113.299,113.371,1258
2026-05-21T10:28:00+00:00,113.3685,113.3565,113.3475,113.3685,1057
2026-05-21T10:29:00+00:00,113.3555,113.3295,113.322,113.3605,997
2026-05-21T10:30:00+00:00,113.329,113.3025,113.2965,113.333,1053
2026-05-21T10:31:00+00:00,113.3025,113.252,113.2375,113.3095,1016
2026-05-21T10:32:00+00:00,113.2525,113.2765,113.245,113.295,867
2026-05-21T10:33:00+00:00,113.2755,113.28,113.264,113.2915,894
2026-05-21T10:34:00+00:00,113.2805,113.315,113.271,113.316,890
2026-05-21T10:35:00+00:00,113.3155,113.292,113.2895,113.3155,705
2026-05-21T10:36:00+00:00,113.2915,113.293,113.2805,113.303,671
2026-05-21T10:37:00+00:00,113.2935,113.3485,113.2935,113.349,705
2026-05-21T10:38:00+00:00,113.35,113.299,113.2965,113.3535,785
2026-05-21T10:39:00+00:00,113.2975,113.2625,113.2585,113.302,890
2026-05-21T10:40:00+00:00,113.2635,113.268,113.249,113.2805,887
2026-05-21T10:41:00+00:00,113.2685,113.2935,113.255,113.2975,714
2026-05-21T10:42:00+00:00,113.2925,113.314,113.28,113.3145,654
2026-05-21T10:43:00+00:00,113.3135,113.347,113.305,113.351,667
2026-05-21T10:44:00+00:00,113.3465,113.348,113.3405,113.356,580
2026-05-21T10:45:00+00:00,113.349,113.345,113.324,113.361,767
2026-05-21T10:46:00+00:00,113.346,113.3495,113.334,113.355,632
2026-05-21T10:47:00+00:00,113.35,113.3515,113.337,113.3515,572
2026-05-21T10:48:00+00:00,113.351,113.359,113.328,113.3595,599
2026-05-21T10:49:00+00:00,113.3585,113.374,113.3395,113.3765,699
2026-05-21T10:50:00+00:00,113.375,113.3695,113.348,113.3795,630
2026-05-21T10:51:00+00:00,113.37,113.3665,113.3555,113.373,439
2026-05-21T10:52:00+00:00,113.366,113.343,113.338,113.371,752
2026-05-21T10:53:00+00:00,113.3425,113.34,113.3375,113.364,611
2026-05-21T10:54:00+00:00,113.3405,113.3645,113.34,113.3685,594
2026-05-21T10:55:00+00:00,113.364,113.372,113.362,113.404,657
2026-05-21T10:56:00+00:00,113.3715,113.394,113.368,113.3965,466
2026-05-21T10:57:00+00:00,113.393,113.412,113.385,113.422,470
2026-05-21T10:58:00+00:00,113.413,113.395,113.387,113.413,453
2026-05-21T10:59:00+00:00,113.394,113.3735,113.371,113.3975,404
2026-05-21T11:00:00+00:00,113.373,113.389,113.368,113.398,652
2026-05-21T11:01:00+00:00,113.39,113.3935,113.379,113.396,551
2026-05-21T11:02:00+00:00,113.393,113.4115,113.3905,113.419,611
2026-05-21T11:03:00+00:00,113.411,113.42,113.402,113.426,644
2026-05-21T11:04:00+00:00,113.4185,113.3965,113.3965,113.436,709
2026-05-21T11:05:00+00:00,113.396,113.3805,113.368,113.402,629
2026-05-21T11:06:00+00:00,113.381,113.389,113.378,113.401,543
2026-05-21T11:07:00+00:00,113.3885,113.3835,113.3705,113.3925,510
2026-05-21T11:08:00+00:00,113.383,113.379,113.372,113.388,620
2026-05-21T11:09:00+00:00,113.379,113.388,113.378,113.389,396
2026-05-21T11:10:00+00:00,113.3875,113.402,113.3855,113.406,434
2026-05-21T11:11:00+00:00,113.4015,113.4105,113.397,113.414,446
2026-05-21T11:12:00+00:00,113.41,113.3795,113.373,113.411,489
2026-05-21T11:13:00+00:00,113.3805,113.4175,113.379,113.4175,520
2026-05-21T11:14:00+00:00,113.417,113.427,113.407,113.4375,345
2026-05-21T11:15:00+00:00,113.4275,113.448,113.416,113.449,503
2026-05-21T11:16:00+00:00,113.449,113.4335,113.4215,113.4505,428
2026-05-21T11:17:00+00:00,113.433,113.4545,113.432,113.455,401
2026-05-21T11:18:00+00:00,113.455,113.453,113.4495,113.4595,506
2026-05-21T11:19:00+00:00,113.4535,113.4515,113.4485,113.464,297
2026-05-21T11:20:00+00:00,113.451,113.456,113.4465,113.4735,367
2026-05-21T11:21:00+00:00,113.457,113.486,113.447,113.492,811
2026-05-21T11:22:00+00:00,113.487,113.5235,113.4865,113.529,618
2026-05-21T11:23:00+00:00,113.524,113.472,113.4695,113.5255,635
2026-05-21T11:24:00+00:00,113.4725,113.509,113.469,113.5175,581
2026-05-21T11:25:00+00:00,113.5085,113.48,113.48,113.509,418
2026-05-21T11:26:00+00:00,113.4805,113.458,113.4535,113.481,347
2026-05-21T11:27:00+00:00,113.4585,113.469,113.4575,113.4705,255
2026-05-21T11:28:00+00:00,113.4685,113.481,113.467,113.483,365
2026-05-21T11:29:00+00:00,113.4815,113.489,113.478,113.4915,300
2026-05-21T11:30:00+00:00,113.4885,113.4995,113.483,113.502,332
2026-05-21T11:31:00+00:00,113.4985,113.493,113.4915,113.5065,298
2026-05-21T11:32:00+00:00,113.4925,113.503,113.4925,113.507,235
2026-05-21T11:33:00+00:00,113.5025,113.494,113.488,113.5025,308
2026-05-21T11:34:00+00:00,113.494,113.486,113.485,113.504,287
2026-05-21T11:35:00+00:00,113.4865,113.476,113.472,113.4935,361
2026-05-21T11:36:00+00:00,113.4765,113.4575,113.457,113.4785,345
2026-05-21T11:37:00+00:00,113.4585,113.45,113.447,113.4635,430
2026-05-21T11:38:00+00:00,113.4495,113.456,113.447,113.4625,312
2026-05-21T11:39:00+00:00,113.455,113.4835,113.4495,113.484,362
2026-05-21T11:40:00+00:00,113.483,113.478,113.474,113.486,441
2026-05-21T11:41:00+00:00,113.4785,113.4735,113.465,113.4785,289
2026-05-21T11:42:00+00:00,113.4725,113.474,113.469,113.488,227
2026-05-21T11:43:00+00:00,113.4735,113.468,113.466,113.4785,231
2026-05-21T11:44:00+00:00,113.4685,113.47,113.4665,113.4795,244
2026-05-21T11:45:00+00:00,113.4705,113.4875,113.4705,113.488,326
2026-05-21T11:46:00+00:00,113.488,113.4815,113.475,113.4885,200
2026-05-21T11:47:00+00:00,113.4815,113.4765,113.4705,113.4835,180
2026-05-21T11:48:00+00:00,113.477,113.471,113.467,113.4785,136
2026-05-21T11:49:00+00:00,113.4705,113.4575,113.4575,113.474,178
2026-05-21T11:50:00+00:00,113.458,113.457,113.45,113.4595,239
2026-05-21T11:51:00+00:00,113.458,113.471,113.451,113.471,209
2026-05-21T11:52:00+00:00,113.4705,113.465,113.451,113.473,224
2026-05-21T11:53:00+00:00,113.4655,113.46,113.4555,113.467,180
2026-05-21T11:54:00+00:00,113.4595,113.4385,113.4325,113.4665,244
2026-05-21T11:55:00+00:00,113.438,113.3785,113.3745,113.4405,472
2026-05-21T11:56:00+00:00,113.379,113.412,113.375,113.412,440
2026-05-21T11:57:00+00:00,113.4115,113.3975,113.39,113.417,414
2026-05-21T11:58:00+00:00,113.397,113.406,113.393,113.414,334
2026-05-21T11:59:00+00:00,113.4065,113.41,113.398,113.415,322
2026-05-21T12:00:00+00:00,113.411,113.43,113.4045,113.4365,672
2026-05-21T12:01:00+00:00,113.4295,113.44,113.426,113.443,491
2026-05-21T12:02:00+00:00,113.4395,113.454,113.439,113.4615,366
2026-05-21T12:03:00+00:00,113.4545,113.4605,113.454,113.4715,329
2026-05-21T12:04:00+00:00,113.46,113.4535,113.451,113.4645,373
2026-05-21T12:05:00+00:00,113.453,113.4525,113.44,113.457,375
2026-05-21T12:06:00+00:00,113.452,113.463,113.448,113.4635,293
2026-05-21T12:07:00+00:00,113.4625,113.4545,113.451,113.4635,229
2026-05-21T12:08:00+00:00,113.454,113.425,113.418,113.455,389
2026-05-21T12:09:00+00:00,113.4245,113.4335,113.42,113.438,430
2026-05-21T12:10:00+00:00,113.434,113.4325,113.4185,113.436,343
2026-05-21T12:11:00+00:00,113.433,113.422,113.419,113.439,347
2026-05-21T12:12:00+00:00,113.4225,113.4205,113.4165,113.4295,310
2026-05-21T12:13:00+00:00,113.421,113.4015,113.397,113.424,438
2026-05-21T12:14:00+00:00,113.402,113.422,113.402,113.422,259
2026-05-21T12:15:00+00:00,113.4215,113.405,113.4035,113.425,309
2026-05-21T12:16:00+00:00,113.4045,113.388,113.388,113.407,277
2026-05-21T12:17:00+00:00,113.3885,113.397,113.383,113.3985,333
2026-05-21T12:18:00+00:00,113.396,113.412,113.388,113.4125,277
2026-05-21T12:19:00+00:00,113.4115,113.4345,113.408,113.4385,369
2026-05-21T12:20:00+00:00,113.435,113.408,113.403,113.4365,380
2026-05-21T12:21:00+00:00,113.4085,113.404,113.3875,113.4085,466
2026-05-21T12:22:00+00:00,113.4035,113.3865,113.384,113.406,298
2026-05-21T12:23:00+00:00,113.3855,113.39,113.3735,113.393,277
2026-05-21T12:24:00+00:00,113.3895,113.3925,113.376,113.395,367
2026-05-21T12:25:00+00:00,113.392,113.3845,113.3825,113.395,389
2026-05-21T12:26:00+00:00,113.385,113.3685,113.3675,113.3875,326
2026-05-21T12:27:00+00:00,113.368,113.392,113.3655,113.394,285
2026-05-21T12:28:00+00:00,113.393,113.417,113.3885,113.4205,381
2026-05-21T12:29:00+00:00,113.416,113.41,113.404,113.422,477
2026-05-21T12:30:00+00:00,113.409,113.4345,113.404,113.437,426
2026-05-21T12:31:00+00:00,113.435,113.45,113.435,113.452,196
2026-05-21T12:32:00+00:00,113.449,113.4205,113.42,113.4685,254
2026-05-21T12:33:00+00:00,113.421,113.463,113.4065,113.4865,1422
2026-05-21T12:34:00+00:00,113.462,113.4885,113.462,113.499,821
2026-05-21T12:35:00+00:00,113.4875,113.457,113.454,113.4935,814
2026-05-21T12:36:00+00:00,113.4565,113.4465,113.4435,113.4715,762
2026-05-21T12:37:00+00:00,113.446,113.4565,113.425,113.457,702
2026-05-21T12:38:00+00:00,113.456,113.4715,113.45,113.4725,594
2026-05-21T12:39:00+00:00,113.471,113.4785,113.465,113.4855,657
2026-05-21T12:40:00+00:00,113.4775,113.465,113.4565,113.4855,645
2026-05-21T12:41:00+00:00,113.4645,113.4325,113.43,113.47,681
2026-05-21T12:42:00+00:00,113.432,113.434,113.432,113.4505,635
2026-05-21T12:43:00+00:00,113.435,113.4505,113.434,113.4525,571
2026-05-21T12:44:00+00:00,113.451,113.472,113.449,113.474,489
2026-05-21T12:45:00+00:00,113.4715,113.4755,113.4615,113.477,472
2026-05-21T12:46:00+00:00,113.475,113.454,113.454,113.488,686
2026-05-21T12:47:00+00:00,113.4535,113.4485,113.441,113.456,555
2026-05-21T12:48:00+00:00,113.448,113.465,113.44,113.472,586
2026-05-21T12:49:00+00:00,113.464,113.461,113.4555,113.4705,463
2026-05-21T12:50:00+00:00,113.4615,113.456,113.453,113.465,418
2026-05-21T12:51:00+00:00,113.455,113.4455,113.434,113.457,524
2026-05-21T12:52:00+00:00,113.446,113.4365,113.431,113.446,567
2026-05-21T12:53:00+00:00,113.4375,113.417,113.417,113.441,520
2026-05-21T12:54:00+00:00,113.4175,113.4485,113.4175,113.453,589
2026-05-21T12:55:00+00:00,113.448,113.44,113.44,113.462,463
2026-05-21T12:56:00+00:00,113.4405,113.42,113.418,113.4445,458
2026-05-21T12:57:00+00:00,113.4205,113.414,113.4135,113.434,434
2026-05-21T12:58:00+00:00,113.413,113.4265,113.4085,113.429,438
2026-05-21T12:59:00+00:00,113.426,113.408,113.3995,113.4265,509
2026-05-21T13:00:00+00:00,113.4075,113.429,113.3945,113.44,821
2026-05-21T13:01:00+00:00,113.4285,113.415,113.4105,113.429,376
2026-05-21T13:02:00+00:00,113.4145,113.4305,113.4125,113.433,419
2026-05-21T13:03:00+00:00,113.431,113.423,113.413,113.4315,533
2026-05-21T13:04:00+00:00,113.4235,113.4325,113.4235,113.439,488
2026-05-21T13:05:00+00:00,113.432,113.425,113.4205,113.4365,674
2026-05-21T13:06:00+00:00,113.426,113.433,113.4205,113.4335,576
2026-05-21T13:07:00+00:00,113.4335,113.4185,113.414,113.436,461
2026-05-21T13:08:00+00:00,113.418,113.379,113.3745,113.42,578
2026-05-21T13:09:00+00:00,113.378,113.3815,113.3595,113.383,423
2026-05-21T13:10:00+00:00,113.381,113.377,113.3605,113.387,458
2026-05-21T13:11:00+00:00,113.3775,113.394,113.3695,113.394,564
2026-05-21T13:12:00+00:00,113.3945,113.405,113.392,113.4085,338
2026-05-21T13:13:00+00:00,113.404,113.387,113.386,113.4085,404
2026-05-21T13:14:00+00:00,113.3865,113.385,113.383,113.3925,363
2026-05-21T13:15:00+00:00,113.3845,113.37,113.362,113.3855,427
2026-05-21T13:16:00+00:00,113.3695,113.3985,113.367,113.4005,394
2026-05-21T13:17:00+00:00,113.399,113.4055,113.398,113.408,311
2026-05-21T13:18:00+00:00,113.406,113.367,113.3665,113.4085,423
2026-05-21T13:19:00+00:00,113.368,113.3745,113.356,113.3785,597
2026-05-21T13:20:00+00:00,113.374,113.4035,113.369,113.4125,587
2026-05-21T13:21:00+00:00,113.403,113.4025,113.381,113.41,654
2026-05-21T13:22:00+00:00,113.403,113.412,113.395,113.4135,470
2026-05-21T13:23:00+00:00,113.411,113.4105,113.4095,113.4245,378
2026-05-21T13:24:00+00:00,113.41,113.407,113.387,113.414,646
2026-05-21T13:25:00+00:00,113.4075,113.403,113.3985,113.4155,524
2026-05-21T13:26:00+00:00,113.4025,113.4125,113.4,113.418,345
2026-05-21T13:27:00+00:00,113.413,113.421,113.409,113.422,359
2026-05-21T13:28:00+00:00,113.42,113.406,113.4005,113.4205,362
2026-05-21T13:29:00+00:00,113.4055,113.4045,113.3935,113.406,462
2026-05-21T13:30:00+00:00,113.4065,113.394,113.386,113.4105,1161
2026-05-21T13:31:00+00:00,113.3935,113.3855,113.3785,113.403,772
2026-05-21T13:32:00+00:00,113.385,113.38,113.379,113.4035,728
2026-05-21T13:33:00+00:00,113.3795,113.348,113.3465,113.3835,713
2026-05-21T13:34:00+00:00,113.3485,113.3765,113.346,113.3765,683
2026-05-21T13:35:00+00:00,113.3775,113.369,113.359,113.383,1002
2026-05-21T13:36:00+00:00,113.3695,113.3755,113.3595,113.38,739
2026-05-21T13:37:00+00:00,113.376,113.3795,113.3595,113.385,701
2026-05-21T13:38:00+00:00,113.3805,113.365,113.361,113.397,766
2026-05-21T13:39:00+00:00,113.3655,113.357,113.3565,113.3785,769
2026-05-21T13:40:00+00:00,113.3575,113.3905,113.349,113.391,719
2026-05-21T13:41:00+00:00,113.389,113.3715,113.365,113.389,612
2026-05-21T13:42:00+00:00,113.371,113.375,113.3675,113.3855,532
2026-05-21T13:43:00+00:00,113.374,113.3865,113.3735,113.3915,540
2026-05-21T13:44:00+00:00,113.3875,113.387,113.3815,113.409,985
2026-05-21T13:45:00+00:00,113.3865,113.4015,113.3865,113.4125,585
2026-05-21T13:46:00+00:00,113.4005,113.4105,113.389,113.414,536
2026-05-21T13:47:00+00:00,113.41,113.4195,113.406,113.424,660
2026-05-21T13:48:00+00:00,113.421,113.4405,113.411,113.447,636
2026-05-21T13:49:00+00:00,113.441,113.4225,113.419,113.4525,653
2026-05-21T13:50:00+00:00,113.422,113.448,113.4195,113.448,656
2026-05-21T13:51:00+00:00,113.447,113.4615,113.43,113.464,715
2026-05-21T13:52:00+00:00,113.4605,113.46,113.4225,113.481,1987
2026-05-21T13:53:00+00:00,113.4605,113.505,113.4605,113.511,1385
2026-05-21T13:54:00+00:00,113.5065,113.518,113.501,113.541,1451
2026-05-21T13:55:00+00:00,113.5175,113.512,113.5085,113.548,1063
2026-05-21T13:56:00+00:00,113.5115,113.4905,113.4905,113.518,1018
2026-05-21T13:57:00+00:00,113.49,113.501,113.4885,113.526,841
2026-05-21T13:58:00+00:00,113.5005,113.509,113.489,113.52,744
2026-05-21T13:59:00+00:00,113.5095,113.523,113.5055,113.537,673
2026-05-21T14:00:00+00:00,113.521,113.514,113.496,113.5355,807
2026-05-21T14:01:00+00:00,113.5145,113.496,113.495,113.5205,715
2026-05-21T14:02:00+00:00,113.4955,113.477,113.476,113.504,806
2026-05-21T14:03:00+00:00,113.4775,113.4815,113.4745,113.49,642
2026-05-21T14:04:00+00:00,113.481,113.478,113.4725,113.497,643
2026-05-21T14:05:00+00:00,113.4785,113.5,113.474,113.504,644
2026-05-21T14:06:00+00:00,113.501,113.502,113.489,113.507,756
2026-05-21T14:07:00+00:00,113.5025,113.505,113.501,113.515,641
2026-05-21T14:08:00+00:00,113.5065,113.503,113.5,113.519,612
2026-05-21T14:09:00+00:00,113.502,113.496,113.493,113.513,579
2026-05-21T14:10:00+00:00,113.4955,113.4875,113.479,113.4965,590
2026-05-21T14:11:00+00:00,113.487,113.474,113.4735,113.4895,539
2026-05-21T14:12:00+00:00,113.4735,113.447,113.446,113.4755,577
2026-05-21T14:13:00+00:00,113.4475,113.45,113.436,113.452,658
2026-05-21T14:14:00+00:00,113.4505,113.478,113.441,113.493,639
2026-05-21T14:15:00+00:00,113.479,113.449,113.449,113.494,814
2026-05-21T14:16:00+00:00,113.4485,113.454,113.432,113.456,727
2026-05-21T14:17:00+00:00,113.4535,113.4555,113.45,113.4675,618
2026-05-21T14:18:00+00:00,113.456,113.4455,113.4365,113.4595,565
2026-05-21T14:19:00+00:00,113.444,113.4445,113.434,113.452,513
2026-05-21T14:20:00+00:00,113.443,113.426,113.4245,113.4465,594
2026-05-21T14:21:00+00:00,113.425,113.4385,113.422,113.4395,573
2026-05-21T14:22:00+00:00,113.438,113.433,113.429,113.451,598
2026-05-21T14:23:00+00:00,113.434,113.441,113.432,113.4485,739
2026-05-21T14:24:00+00:00,113.4415,113.458,113.437,113.4655,600
2026-05-21T14:25:00+00:00,113.459,113.47,113.4565,113.473,661
2026-05-21T14:26:00+00:00,113.4695,113.456,113.447,113.47,586
2026-05-21T14:27:00+00:00,113.4565,113.4655,113.45,113.467,675
2026-05-21T14:28:00+00:00,113.4645,113.477,113.4585,113.4815,695
2026-05-21T14:29:00+00:00,113.478,113.471,113.4685,113.481,464
2026-05-21T14:30:00+00:00,113.4715,113.4855,113.47,113.4995,572
2026-05-21T14:31:00+00:00,113.485,113.4915,113.4785,113.5,710
2026-05-21T14:32:00+00:00,113.491,113.513,113.4885,113.5135,532
2026-05-21T14:33:00+00:00,113.5125,113.492,113.49,113.514,574
2026-05-21T14:34:00+00:00,113.4915,113.4885,113.485,113.499,527
2026-05-21T14:35:00+00:00,113.488,113.491,113.474,113.496,530
2026-05-21T14:36:00+00:00,113.492,113.4765,113.4735,113.5035,536
2026-05-21T14:37:00+00:00,113.476,113.4925,113.4725,113.4925,452
2026-05-21T14:38:00+00:00,113.492,113.4895,113.4835,113.4975,452
2026-05-21T14:39:00+00:00,113.489,113.4795,113.478,113.493,397
2026-05-21T14:40:00+00:00,113.479,113.465,113.4585,113.4815,565
2026-05-21T14:41:00+00:00,113.4645,113.48,113.464,113.482,584
2026-05-21T14:42:00+00:00,113.4795,113.4905,113.475,113.493,351
2026-05-21T14:43:00+00:00,113.49,113.469,113.4675,113.4935,404
2026-05-21T14:44:00+00:00,113.4685,113.482,113.463,113.483,504
2026-05-21T14:45:00+00:00,113.4815,113.492,113.4745,113.494,501
2026-05-21T14:46:00+00:00,113.4925,113.498,113.4865,113.5025,748
2026-05-21T14:47:00+00:00,113.4975,113.488,113.477,113.5055,572
2026-05-21T14:48:00+00:00,113.4885,113.48,113.4795,113.506,588
2026-05-21T14:49:00+00:00,113.4805,113.48,113.4745,113.4895,472
2026-05-21T14:50:00+00:00,113.4805,113.4555,113.4465,113.4835,508
2026-05-21T14:51:00+00:00,113.456,113.499,113.454,113.508,599
2026-05-21T14:52:00+00:00,113.4995,113.534,113.4995,113.5355,529
2026-05-21T14:53:00+00:00,113.5345,113.56,113.533,113.572,627
2026-05-21T14:54:00+00:00,113.5595,113.5565,113.5515,113.5785,588
2026-05-21T14:55:00+00:00,113.557,113.5715,113.556,113.5715,590
2026-05-21T14:56:00+00:00,113.572,113.5735,113.569,113.584,447
2026-05-21T14:57:00+00:00,113.573,113.5995,113.5625,113.61,632
2026-05-21T14:58:00+00:00,113.599,113.6135,113.5925,113.6155,322
2026-05-21T14:59:00+00:00,113.613,113.5825,113.58,113.613,494
2026-05-21T15:00:00+00:00,113.582,113.588,113.5815,113.6055,601
2026-05-21T15:01:00+00:00,113.5875,113.5895,113.5835,113.5955,573
2026-05-21T15:02:00+00:00,113.589,113.5765,113.573,113.5915,681
2026-05-21T15:03:00+00:00,113.576,113.5655,113.5535,113.5775,556
2026-05-21T15:04:00+00:00,113.5645,113.561,113.5555,113.5695,611
2026-05-21T15:05:00+00:00,113.561,113.544,113.54,113.5645,556
2026-05-21T15:06:00+00:00,113.5435,113.5175,113.508,113.5495,829
2026-05-21T15:07:00+00:00,113.518,113.468,113.462,113.5225,992
2026-05-21T15:08:00+00:00,113.4685,113.447,113.4385,113.472,858
2026-05-21T15:09:00+00:00,113.4465,113.4745,113.443,113.4775,738
2026-05-21T15:10:00+00:00,113.474,113.473,113.4415,113.474,703
2026-05-21T15:11:00+00:00,113.4725,113.473,113.46,113.4805,543
2026-05-21T15:12:00+00:00,113.4725,113.486,113.468,113.49,571
2026-05-21T15:13:00+00:00,113.4855,113.52,113.4825,113.521,941
2026-05-21T15:14:00+00:00,113.5205,113.501,113.493,113.529,1149
2026-05-21T15:15:00+00:00,113.5005,113.5025,113.492,113.513,901
2026-05-21T15:16:00+00:00,113.502,113.483,113.482,113.505,669
2026-05-21T15:17:00+00:00,113.4835,113.484,113.4765,113.493,653
2026-05-21T15:18:00+00:00,113.4835,113.482,113.4775,113.487,601
2026-05-21T15:19:00+00:00,113.4825,113.477,113.473,113.4885,632
2026-05-21T15:20:00+00:00,113.4775,113.4975,113.475,113.4985,448
2026-05-21T15:21:00+00:00,113.497,113.4845,113.4745,113.5005,547
2026-05-21T15:22:00+00:00,113.485,113.495,113.478,113.495,505
2026-05-21T15:23:00+00:00,113.496,113.4775,113.477,113.4965,615
2026-05-21T15:24:00+00:00,113.478,113.4625,113.4585,113.481,498
2026-05-21T15:25:00+00:00,113.462,113.463,113.4555,113.471,498
2026-05-21T15:26:00+00:00,113.4635,113.479,113.4605,113.4815,525
2026-05-21T15:27:00+00:00,113.48,113.486,113.479,113.4925,602
2026-05-21T15:28:00+00:00,113.487,113.4935,113.482,113.495,467
2026-05-21T15:29:00+00:00,113.493,113.486,113.4835,113.496,528
2026-05-21T15:30:00+00:00,113.4855,113.4855,113.4805,113.5005,603
2026-05-21T15:31:00+00:00,113.485,113.4775,113.4745,113.486,479
2026-05-21T15:32:00+00:00,113.478,113.485,113.4725,113.4905,401
2026-05-21T15:33:00+00:00,113.4845,113.485,113.471,113.487,415
2026-05-21T15:34:00+00:00,113.4845,113.467,113.46,113.485,577
2026-05-21T15:35:00+00:00,113.4665,113.4925,113.461,113.4985,519
2026-05-21T15:36:00+00:00,113.493,113.5015,113.4775,113.5025,479
2026-05-21T15:37:00+00:00,113.502,113.505,113.495,113.5075,449
2026-05-21T15:38:00+00:00,113.504,113.5145,113.504,113.518,419
2026-05-21T15:39:00+00:00,113.514,113.5265,113.513,113.533,374
2026-05-21T15:40:00+00:00,113.526,113.5055,113.5045,113.5315,400
2026-05-21T15:41:00+00:00,113.5065,113.4975,113.496,113.5105,419
2026-05-21T15:42:00+00:00,113.498,113.5015,113.489,113.508,444
2026-05-21T15:43:00+00:00,113.502,113.5035,113.499,113.5095,418
2026-05-21T15:44:00+00:00,113.504,113.5035,113.496,113.505,489
2026-05-21T15:45:00+00:00,113.503,113.512,113.4995,113.518,493
2026-05-21T15:46:00+00:00,113.5115,113.5055,113.4985,113.515,511
2026-05-21T15:47:00+00:00,113.506,113.5275,113.5045,113.529,523
2026-05-21T15:48:00+00:00,113.528,113.5255,113.5215,113.541,490
2026-05-21T15:49:00+00:00,113.525,113.535,113.524,113.542,562
2026-05-21T15:50:00+00:00,113.5355,113.5365,113.5295,113.5405,374
2026-05-21T15:51:00+00:00,113.536,113.537,113.531,113.548,413
2026-05-21T15:52:00+00:00,113.5365,113.5445,113.533,113.547,373
2026-05-21T15:53:00+00:00,113.544,113.537,113.529,113.5455,435
2026-05-21T15:54:00+00:00,113.5375,113.553,113.534,113.556,358
2026-05-21T15:55:00+00:00,113.552,113.546,113.543,113.554,428
2026-05-21T15:56:00+00:00,113.5465,113.544,113.5405,113.5495,386
2026-05-21T15:57:00+00:00,113.543,113.5465,113.539,113.5505,317
2026-05-21T15:58:00+00:00,113.547,113.5435,113.5435,113.5555,386
2026-05-21T15:59:00+00:00,113.5425,113.533,113.5285,113.545,275
2026-05-21T16:00:00+00:00,113.5335,113.5455,113.531,113.5465,595
2026-05-21T16:01:00+00:00,113.546,113.5555,113.54,113.5675,708
2026-05-21T16:02:00+00:00,113.555,113.552,113.545,113.5615,593
2026-05-21T16:03:00+00:00,113.5515,113.5625,113.5475,113.564,451
2026-05-21T16:04:00+00:00,113.563,113.5625,113.556,113.5715,366
2026-05-21T16:05:00+00:00,113.563,113.5685,113.5565,113.5695,527
2026-05-21T16:06:00+00:00,113.5675,113.57,113.5595,113.5725,627
2026-05-21T16:07:00+00:00,113.5705,113.5855,113.5675,113.5905,636
2026-05-21T16:08:00+00:00,113.586,113.6035,113.581,113.6075,467
2026-05-21T16:09:00+00:00,113.6025,113.5965,113.593,113.612,515
2026-05-21T16:10:00+00:00,113.596,113.5835,113.5715,113.5965,648
2026-05-21T16:11:00+00:00,113.583,113.5715,113.558,113.587,610
2026-05-21T16:12:00+00:00,113.5725,113.5655,113.5605,113.574,561
2026-05-21T16:13:00+00:00,113.565,113.559,113.5425,113.57,1028
2026-05-21T16:14:00+00:00,113.5585,113.572,113.5545,113.5725,487
2026-05-21T16:15:00+00:00,113.5715,113.564,113.555,113.5755,471
2026-05-21T16:16:00+00:00,113.563,113.5715,113.557,113.5735,399
2026-05-21T16:17:00+00:00,113.5705,113.581,113.5705,113.589,405
2026-05-21T16:18:00+00:00,113.5825,113.58,113.5705,113.587,362
2026-05-21T16:19:00+00:00,113.5795,113.5815,113.574,113.5845,334
2026-05-21T16:20:00+00:00,113.581,113.581,113.575,113.587,484
2026-05-21T16:21:00+00:00,113.5815,113.585,113.58,113.59,334
2026-05-21T16:22:00+00:00,113.5855,113.574,113.568,113.5875,692
2026-05-21T16:23:00+00:00,113.5745,113.5795,113.5675,113.5845,577
2026-05-21T16:24:00+00:00,113.579,113.576,113.5705,113.581,387
2026-05-21T16:25:00+00:00,113.5755,113.585,113.5755,113.586,294
2026-05-21T16:26:00+00:00,113.5845,113.5875,113.581,113.5975,325
2026-05-21T16:27:00+00:00,113.587,113.5925,113.582,113.594,452
2026-05-21T16:28:00+00:00,113.5915,113.5895,113.585,113.595,282
2026-05-21T16:29:00+00:00,113.589,113.588,113.5845,113.5925,273
2026-05-21T16:30:00+00:00,113.5885,113.5965,113.583,113.597,356
2026-05-21T16:31:00+00:00,113.5955,113.5855,113.583,113.5965,450
2026-05-21T16:32:00+00:00,113.5845,113.573,113.566,113.5855,425
2026-05-21T16:33:00+00:00,113.5725,113.582,113.567,113.5835,370
2026-05-21T16:34:00+00:00,113.5825,113.5805,113.575,113.5835,287
2026-05-21T16:35:00+00:00,113.5815,113.5905,113.5785,113.592,278
2026-05-21T16:36:00+00:00,113.591,113.5915,113.588,113.5985,409
2026-05-21T16:37:00+00:00,113.591,113.592,113.5875,113.595,381
2026-05-21T16:38:00+00:00,113.5925,113.5735,113.571,113.5925,474
2026-05-21T16:39:00+00:00,113.574,113.5805,113.5655,113.582,394
2026-05-21T16:40:00+00:00,113.581,113.577,113.5685,113.5835,398
2026-05-21T16:41:00+00:00,113.5775,113.5745,113.564,113.579,428
2026-05-21T16:42:00+00:00,113.575,113.57,113.5665,113.577,321
2026-05-21T16:43:00+00:00,113.5695,113.5615,113.5575,113.571,358
2026-05-21T16:44:00+00:00,113.561,113.564,113.559,113.566,328
2026-05-21T16:45:00+00:00,113.5635,113.5535,113.5535,113.572,329
2026-05-21T16:46:00+00:00,113.554,113.5435,113.5405,113.556,454
2026-05-21T16:47:00+00:00,113.5425,113.544,113.533,113.545,375
2026-05-21T16:48:00+00:00,113.5445,113.549,113.541,113.5605,331
2026-05-21T16:49:00+00:00,113.5485,113.553,113.543,113.554,349
2026-05-21T16:50:00+00:00,113.5535,113.541,113.537,113.554,347
2026-05-21T16:51:00+00:00,113.5405,113.5575,113.5395,113.5595,335
2026-05-21T16:52:00+00:00,113.557,113.556,113.5545,113.5615,245
2026-05-21T16:53:00+00:00,113.5565,113.567,113.553,113.5685,387
2026-05-21T16:54:00+00:00,113.5685,113.5655,113.5585,113.5685,199
2026-05-21T16:55:00+00:00,113.566,113.5695,113.562,113.5715,284
2026-05-21T16:56:00+00:00,113.569,113.575,113.567,113.5795,409
2026-05-21T16:57:00+00:00,113.5755,113.5815,113.574,113.5855,413
2026-05-21T16:58:00+00:00,113.5805,113.5835,113.573,113.588,326
2026-05-21T16:59:00+00:00,113.584,113.58,113.5775,113.585,186
2026-05-21T17:00:00+00:00,113.5805,113.5855,113.5775,113.5885,363
2026-05-21T17:01:00+00:00,113.585,113.586,113.5805,113.588,413
2026-05-21T17:02:00+00:00,113.5865,113.5705,113.5695,113.5885,559
2026-05-21T17:03:00+00:00,113.571,113.5705,113.57,113.583,415
2026-05-21T17:04:00+00:00,113.57,113.5675,113.564,113.5735,339
2026-05-21T17:05:00+00:00,113.567,113.5735,113.564,113.575,293
2026-05-21T17:06:00+00:00,113.573,113.5735,113.5595,113.5765,345
2026-05-21T17:07:00+00:00,113.5725,113.577,113.5665,113.583,307
2026-05-21T17:08:00+00:00,113.5775,113.575,113.571,113.58,263
2026-05-21T17:09:00+00:00,113.5755,113.578,113.574,113.5805,351
2026-05-21T17:10:00+00:00,113.5785,113.6155,113.577,113.6195,1463
2026-05-21T17:11:00+00:00,113.616,113.642,113.614,113.6555,1555
2026-05-21T17:12:00+00:00,113.6425,113.646,113.6405,113.6775,1303
2026-05-21T17:13:00+00:00,113.6465,113.625,113.6105,113.647,998
2026-05-21T17:14:00+00:00,113.626,113.6515,113.6195,113.6525,778
2026-05-21T17:15:00+00:00,113.6525,113.719,113.647,113.7245,1188
2026-05-21T17:16:00+00:00,113.7185,113.749,113.7145,113.7575,1624
2026-05-21T17:17:00+00:00,113.7485,113.7525,113.7445,113.7745,1384
2026-05-21T17:18:00+00:00,113.7545,113.7255,113.717,113.7545,1486
2026-05-21T17:19:00+00:00,113.726,113.7195,113.7035,113.7295,934
2026-05-21T17:20:00+00:00,113.7205,113.7505,113.7185,113.7645,1081
2026-05-21T17:21:00+00:00,113.7495,113.786,113.746,113.7965,1041
2026-05-21T17:22:00+00:00,113.7865,113.767,113.7585,113.7945,1102
2026-05-21T17:23:00+00:00,113.7675,113.7475,113.731,113.7725,1182
2026-05-21T17:24:00+00:00,113.748,113.7745,113.7465,113.7755,781
2026-05-21T17:25:00+00:00,113.7735,113.7715,113.77,113.785,648
2026-05-21T17:26:00+00:00,113.772,113.7835,113.764,113.7875,691
2026-05-21T17:27:00+00:00,113.7845,113.7845,113.7785,113.8025,660
2026-05-21T17:28:00+00:00,113.785,113.791,113.7785,113.7955,696
2026-05-21T17:29:00+00:00,113.7915,113.8035,113.7885,113.8075,544
2026-05-21T17:30:00+00:00,113.804,113.823,113.7915,113.827,626
2026-05-21T17:31:00+00:00,113.8225,113.838,113.804,113.8405,672
2026-05-21T17:32:00+00:00,113.8385,113.8355,113.8275,113.8465,812
2026-05-21T17:33:00+00:00,113.836,113.7985,113.796,113.8415,929
2026-05-21T17:34:00+00:00,113.7995,113.8205,113.7895,113.8255,910
2026-05-21T17:35:00+00:00,113.8215,113.8325,113.8115,113.8345,685
2026-05-21T17:36:00+00:00,113.832,113.842,113.827,113.8465,604
2026-05-21T17:37:00+00:00,113.8415,113.8335,113.8325,113.848,648
2026-05-21T17:38:00+00:00,113.8325,113.8305,113.8255,113.8385,652
2026-05-21T17:39:00+00:00,113.83,113.8505,113.828,113.8545,619
2026-05-21T17:40:00+00:00,113.85,113.8535,113.8455,113.8665,523
2026-05-21T17:41:00+00:00,113.853,113.85,113.8475,113.859,531
2026-05-21T17:42:00+00:00,113.851,113.854,113.847,113.8625,629
2026-05-21T17:43:00+00:00,113.8555,113.8415,113.834,113.856,570
2026-05-21T17:44:00+00:00,113.841,113.8575,113.8375,113.86,568
2026-05-21T17:45:00+00:00,113.8565,113.7975,113.7975,113.858,810
2026-05-21T17:46:00+00:00,113.797,113.791,113.7845,113.8045,627
2026-05-21T17:47:00+00:00,113.7905,113.7995,113.7875,113.8065,572
2026-05-21T17:48:00+00:00,113.8005,113.8095,113.794,113.8115,555
2026-05-21T17:49:00+00:00,113.8095,113.8265,113.7995,113.8305,465
2026-05-21T17:50:00+00:00,113.8255,113.8215,113.8155,113.827,417
2026-05-21T17:51:00+00:00,113.822,113.837,113.822,113.838,613
2026-05-21T17:52:00+00:00,113.8365,113.8425,113.8305,113.846,522
2026-05-21T17:53:00+00:00,113.843,113.8265,113.822,113.8445,537
2026-05-21T17:54:00+00:00,113.827,113.8385,113.822,113.846,508
2026-05-21T17:55:00+00:00,113.839,113.8605,113.839,113.8655,552
2026-05-21T17:56:00+00:00,113.8595,113.8515,113.848,113.8705,553
2026-05-21T17:57:00+00:00,113.851,113.8325,113.8295,113.8555,510
2026-05-21T17:58:00+00:00,113.832,113.815,113.811,113.84,573
2026-05-21T17:59:00+00:00,113.8155,113.81,113.804,113.8205,608
2026-05-21T18:00:00+00:00,113.8105,113.8325,113.801,113.844,810
2026-05-21T18:01:00+00:00,113.834,113.809,113.7965,113.839,773
2026-05-21T18:02:00+00:00,113.8095,113.806,113.8005,113.8215,795
2026-05-21T18:03:00+00:00,113.8055,113.8105,113.7975,113.8135,687
2026-05-21T18:04:00+00:00,113.811,113.786,113.774,113.811,1091
2026-05-21T18:05:00+00:00,113.7865,113.786,113.7725,113.789,1219
2026-05-21T18:06:00+00:00,113.7855,113.7865,113.7815,113.8015,771
2026-05-21T18:07:00+00:00,113.786,113.802,113.782,113.802,607
2026-05-21T18:08:00+00:00,113.8015,113.8,113.7915,113.8055,637
2026-05-21T18:09:00+00:00,113.8005,113.8085,113.8,113.8125,474
2026-05-21T18:10:00+00:00,113.808,113.7875,113.7845,113.8105,538
2026-05-21T18:11:00+00:00,113.788,113.7975,113.781,113.7985,687
2026-05-21T18:12:00+00:00,113.797,113.795,113.786,113.799,480
2026-05-21T18:13:00+00:00,113.7945,113.7805,113.778,113.7955,491
2026-05-21T18:14:00+00:00,113.7795,113.7735,113.7685,113.783,468
2026-05-21T18:15:00+00:00,113.7745,113.7645,113.7615,113.7785,481
2026-05-21T18:16:00+00:00,113.764,113.764,113.76,113.773,502
2026-05-21T18:17:00+00:00,113.7635,113.7705,113.7575,113.7705,530
2026-05-21T18:18:00+00:00,113.77,113.7775,113.768,113.7815,448
2026-05-21T18:19:00+00:00,113.777,113.791,113.775,113.7955,461
2026-05-21T18:20:00+00:00,113.7905,113.7985,113.7865,113.802,461
2026-05-21T18:21:00+00:00,113.799,113.793,113.7915,113.812,580
2026-05-21T18:22:00+00:00,113.7935,113.7995,113.7895,113.802,435
2026-05-21T18:23:00+00:00,113.799,113.8,113.789,113.806,462
2026-05-21T18:24:00+00:00,113.8005,113.811,113.798,113.8145,421
2026-05-21T18:25:00+00:00,113.8105,113.808,113.8015,113.8135,493
2026-05-21T18:26:00+00:00,113.8075,113.8005,113.7965,113.811,447
2026-05-21T18:27:00+00:00,113.801,113.808,113.7995,113.812,465
2026-05-21T18:28:00+00:00,113.8075,113.813,113.804,113.819,555
2026-05-21T18:29:00+00:00,113.8125,113.807,113.804,113.8155,390
2026-05-21T18:30:00+00:00,113.8065,113.8115,113.8045,113.817,395
2026-05-21T18:31:00+00:00,113.811,113.8205,113.811,113.8265,411
2026-05-21T18:32:00+00:00,113.821,113.816,113.8095,113.828,381
2026-05-21T18:33:00+00:00,113.8165,113.802,113.798,113.8165,505
2026-05-21T18:34:00+00:00,113.8015,113.805,113.795,113.809,410
2026-05-21T18:35:00+00:00,113.8055,113.779,113.7765,113.8085,424
2026-05-21T18:36:00+00:00,113.7795,113.782,113.7745,113.7845,455
2026-05-21T18:37:00+00:00,113.7825,113.786,113.78,113.7875,408
2026-05-21T18:38:00+00:00,113.7865,113.7825,113.7745,113.7875,358
2026-05-21T18:39:00+00:00,113.783,113.782,113.777,113.787,344
2026-05-21T18:40:00+00:00,113.783,113.7955,113.782,113.797,352
2026-05-21T18:41:00+00:00,113.795,113.7915,113.788,113.797,459
2026-05-21T18:42:00+00:00,113.791,113.7965,113.787,113.7985,380
2026-05-21T18:43:00+00:00,113.7975,113.7855,113.7835,113.7975,351
2026-05-21T18:44:00+00:00,113.785,113.7865,113.781,113.7895,259
2026-05-21T18:45:00+00:00,113.787,113.7745,113.774,113.7925,381
2026-05-21T18:46:00+00:00,113.7745,113.7665,113.758,113.781,332
2026-05-21T18:47:00+00:00,113.766,113.7755,113.7645,113.7775,286
2026-05-21T18:48:00+00:00,113.776,113.7635,113.736,113.7795,861
2026-05-21T18:49:00+00:00,113.764,113.73,113.725,113.7655,1077
2026-05-21T18:50:00+00:00,113.7305,113.741,113.723,113.746,713
2026-05-21T18:51:00+00:00,113.7415,113.7485,113.7295,113.749,747
2026-05-21T18:52:00+00:00,113.748,113.7,113.6985,113.7495,1644
2026-05-21T18:53:00+00:00,113.699,113.6785,113.6755,113.7165,1047
2026-05-21T18:54:00+00:00,113.679,113.655,113.654,113.698,1240
2026-05-21T18:55:00+00:00,113.656,113.658,113.639,113.6625,1103
2026-05-21T18:56:00+00:00,113.659,113.6575,113.6535,113.6685,863
2026-05-21T18:57:00+00:00,113.6565,113.667,113.6505,113.6775,781
2026-05-21T18:58:00+00:00,113.6665,113.684,113.6665,113.6855,711
2026-05-21T18:59:00+00:00,113.6845,113.6995,113.681,113.704,592
2026-05-21T19:00:00+00:00,113.7,113.7175,113.6975,113.726,709
2026-05-21T19:01:00+00:00,113.7185,113.73,113.7085,113.7345,690
2026-05-21T19:02:00+00:00,113.7305,113.722,113.721,113.7395,577
2026-05-21T19:03:00+00:00,113.7215,113.7365,113.7215,113.7375,588
2026-05-21T19:04:00+00:00,113.736,113.7385,113.7315,113.742,427
2026-05-21T19:05:00+00:00,113.739,113.7315,113.729,113.7495,457
2026-05-21T19:06:00+00:00,113.731,113.703,113.6905,113.742,625
2026-05-21T19:07:00+00:00,113.702,113.697,113.6815,113.702,608
2026-05-21T19:08:00+00:00,113.6965,113.724,113.6945,113.729,588
2026-05-21T19:09:00+00:00,113.7235,113.7265,113.7205,113.7295,429
2026-05-21T19:10:00+00:00,113.727,113.7185,113.717,113.736,399
2026-05-21T19:11:00+00:00,113.719,113.7045,113.7045,113.7195,291
2026-05-21T19:12:00+00:00,113.705,113.7135,113.701,113.716,303
2026-05-21T19:13:00+00:00,113.713,113.7075,113.7065,113.7185,382
2026-05-21T19:14:00+00:00,113.707,113.7185,113.701,113.72,430
2026-05-21T19:15:00+00:00,113.719,113.728,113.7165,113.729,355
2026-05-21T19:16:00+00:00,113.729,113.7325,113.7255,113.735,266
2026-05-21T19:17:00+00:00,113.733,113.741,113.7275,113.7425,255
2026-05-21T19:18:00+00:00,113.7405,113.7435,113.735,113.744,241
2026-05-21T19:19:00+00:00,113.743,113.7425,113.735,113.7465,220
2026-05-21T19:20:00+00:00,113.7415,113.7355,113.7345,113.748,345
2026-05-21T19:21:00+00:00,113.735,113.7285,113.7255,113.7405,272
2026-05-21T19:22:00+00:00,113.7275,113.727,113.721,113.732,275
2026-05-21T19:23:00+00:00,113.7265,113.731,113.7245,113.734,198
2026-05-21T19:24:00+00:00,113.732,113.7285,113.725,113.7355,177
2026-05-21T19:25:00+00:00,113.729,113.7305,113.7245,113.7365,237
2026-05-21T19:26:00+00:00,113.73,113.732,113.724,113.7355,206
2026-05-21T19:27:00+00:00,113.7315,113.7335,113.731,113.7355,147
2026-05-21T19:28:00+00:00,113.7345,113.73,113.7285,113.7365,217
2026-05-21T19:29:00+00:00,113.7305,113.7355,113.7235,113.7385,279
2026-05-21T19:30:00+00:00,113.7345,113.73,113.728,113.752,378
2026-05-21T19:31:00+00:00,113.7295,113.742,113.728,113.7435,232
2026-05-21T19:32:00+00:00,113.741,113.7435,113.735,113.7445,222
2026-05-21T19:33:00+00:00,113.743,113.7485,113.739,113.7535,302
2026-05-21T19:34:00+00:00,113.749,113.7415,113.7385,113.755,200
2026-05-21T19:35:00+00:00,113.742,113.729,113.729,113.7445,340
2026-05-21T19:36:00+00:00,113.7285,113.719,113.7175,113.7295,222
2026-05-21T19:37:00+00:00,113.7195,113.711,113.7105,113.7245,281
2026-05-21T19:38:00+00:00,113.7115,113.725,113.709,113.7285,234
2026-05-21T19:39:00+00:00,113.7245,113.7175,113.717,113.725,209
2026-05-21T19:40:00+00:00,113.7185,113.707,113.7025,113.7235,408
2026-05-21T19:41:00+00:00,113.7065,113.7025,113.701,113.71,243
2026-05-21T19:42:00+00:00,113.702,113.7,113.688,113.705,480
2026-05-21T19:43:00+00:00,113.699,113.717,113.6935,113.718,488
2026-05-21T19:44:00+00:00,113.7165,113.7075,113.7075,113.718,324
2026-05-21T19:45:00+00:00,113.707,113.714,113.7035,113.714,282
2026-05-21T19:46:00+00:00,113.7135,113.7085,113.7065,113.7175,304
2026-05-21T19:47:00+00:00,113.7085,113.7095,113.7035,113.7145,341
2026-05-21T19:48:00+00:00,113.709,113.704,113.704,113.7105,195
2026-05-21T19:49:00+00:00,113.7045,113.7105,113.702,113.7105,163
2026-05-21T19:50:00+00:00,113.71,113.7085,113.7015,113.717,479
2026-05-21T19:51:00+00:00,113.708,113.717,113.7075,113.72,292
2026-05-21T19:52:00+00:00,113.7165,113.717,113.7145,113.7225,170
2026-05-21T19:53:00+00:00,113.7165,113.704,113.7005,113.717,517
2026-05-21T19:54:00+00:00,113.7045,113.673,113.663,113.7045,1004
2026-05-21T19:55:00+00:00,113.6735,113.679,113.6685,113.694,834
2026-05-21T19:56:00+00:00,113.6795,113.716,113.678,113.716,820
2026-05-21T19:57:00+00:00,113.7145,113.711,113.7085,113.729,554
2026-05-21T19:58:00+00:00,113.7105,113.691,113.691,113.7115,422
2026-05-21T19:59:00+00:00,113.6915,113.7,113.682,113.7055,665
2026-05-21T20:00:00+00:00,113.7015,113.692,113.682,113.707,514
2026-05-21T20:01:00+00:00,113.6915,113.6925,113.6865,113.699,268
2026-05-21T20:02:00+00:00,113.693,113.706,113.6895,113.7065,256
2026-05-21T20:03:00+00:00,113.7055,113.697,113.6895,113.7125,241
2026-05-21T20:04:00+00:00,113.6975,113.702,113.69,113.704,310
2026-05-21T20:05:00+00:00,113.7015,113.6935,113.6885,113.705,235
2026-05-21T20:06:00+00:00,113.6945,113.698,113.69,113.705,237
2026-05-21T20:07:00+00:00,113.6985,113.684,113.6835,113.7055,270
2026-05-21T20:08:00+00:00,113.6835,113.674,113.6735,113.6875,140
2026-05-21T20:09:00+00:00,113.674,113.6665,113.6655,113.675,117
2026-05-21T20:10:00+00:00,113.667,113.6675,113.6665,113.672,47
2026-05-21T20:11:00+00:00,113.668,113.6695,113.6615,113.6705,172
2026-05-21T20:12:00+00:00,113.67,113.677,113.6665,113.677,90
2026-05-21T20:13:00+00:00,113.6765,113.677,113.676,113.6825,89
2026-05-21T20:14:00+00:00,113.6775,113.6765,113.6735,113.6785,92
2026-05-21T20:15:00+00:00,113.676,113.6755,113.6685,113.679,181
2026-05-21T20:16:00+00:00,113.6755,113.6755,113.67,113.6795,113
2026-05-21T20:17:00+00:00,113.675,113.6585,113.657,113.675,89
2026-05-21T20:18:00+00:00,113.6585,113.6605,113.6545,113.6615,90
2026-05-21T20:19:00+00:00,113.6605,113.663,113.66,113.6675,66
2026-05-21T20:20:00+00:00,113.6625,113.667,113.6625,113.6735,122
2026-05-21T20:21:00+00:00,113.6665,113.67,113.6655,113.6705,85
2026-05-21T20:22:00+00:00,113.6695,113.67,113.6665,113.675,71
2026-05-21T20:23:00+00:00,113.67,113.683,113.6685,113.6835,97
2026-05-21T20:24:00+00:00,113.683,113.6815,113.6805,113.6875,61
2026-05-21T20:25:00+00:00,113.682,113.678,113.678,113.6845,107
2026-05-21T20:26:00+00:00,113.6775,113.683,113.673,113.6845,135
2026-05-21T20:27:00+00:00,113.683,113.683,113.682,113.6855,53
2026-05-21T20:28:00+00:00,113.683,113.685,113.678,113.685,40
2026-05-21T20:29:00+00:00,113.685,113.6815,113.6715,113.686,87
2026-05-21T20:30:00+00:00,113.681,113.6825,113.6785,113.685,118
2026-05-21T20:31:00+00:00,113.682,113.6895,113.6785,113.6895,83
2026-05-21T20:32:00+00:00,113.6895,113.694,113.6895,113.694,61
2026-05-21T20:33:00+00:00,113.6935,113.6895,113.687,113.6935,58
2026-05-21T20:34:00+00:00,113.69,113.686,113.686,113.692,61
2026-05-21T20:35:00+00:00,113.687,113.6885,113.687,113.691,105
2026-05-21T20:36:00+00:00,113.6885,113.682,113.6815,113.6895,113
2026-05-21T20:37:00+00:00,113.6825,113.682,113.6815,113.686,50
2026-05-21T20:38:00+00:00,113.682,113.6835,113.679,113.685,152
2026-05-21T20:39:00+00:00,113.6835,113.6855,113.6835,113.69,80
2026-05-21T20:40:00+00:00,113.6845,113.6895,113.6815,113.691,84
2026-05-21T20:41:00+00:00,113.69,113.687,113.6855,113.6935,71
2026-05-21T20:42:00+00:00,113.6865,113.6845,113.682,113.688,45
2026-05-21T20:43:00+00:00,113.6845,113.683,113.679,113.685,67
2026-05-21T20:44:00+00:00,113.683,113.682,113.6815,113.6895,125
2026-05-21T20:45:00+00:00,113.6825,113.6875,113.6825,113.6895,83
2026-05-21T20:46:00+00:00,113.6875,113.6935,113.6875,113.6965,83
2026-05-21T20:47:00+00:00,113.6935,113.7005,113.6935,113.701,44
2026-05-21T20:48:00+00:00,113.7,113.6995,113.698,113.704,138
2026-05-21T20:49:00+00:00,113.699,113.6995,113.6985,113.7045,108
2026-05-21T20:50:00+00:00,113.7,113.696,113.693,113.7015,169
2026-05-21T20:51:00+00:00,113.6955,113.6925,113.692,113.7015,162
2026-05-21T20:52:00+00:00,113.693,113.696,113.69,113.698,146
2026-05-21T20:53:00+00:00,113.6965,113.6955,113.6955,113.701,101
2026-05-21T20:54:00+00:00,113.6955,113.6955,113.6945,113.6965,50
2026-05-21T20:55:00+00:00,113.695,113.6755,113.674,113.6955,103
2026-05-21T20:56:00+00:00,113.676,113.67,113.6665,113.6775,121
2026-05-21T20:57:00+00:00,113.6705,113.6685,113.664,113.672,97
2026-05-21T20:58:00+00:00,113.668,113.666,113.657,113.669,179
2026-05-21T20:59:00+00:00,113.6665,113.6595,113.6595,113.6715,176
2026-05-21T21:00:00+00:00,113.6595,113.6595,113.6595,113.6595,0
2026-05-21T21:01:00+00:00,113.6595,113.6595,113.6595,113.6595,0
2026-05-21T21:02:00+00:00,113.6595,113.665,113.6595,113.665,1
2026-05-21T21:03:00+00:00,113.665,113.662,113.662,113.665,1
2026-05-21T21:04:00+00:00,113.662,113.6655,113.661,113.6675,9
2026-05-21T21:05:00+00:00,113.6655,113.6755,113.66,113.677,12
2026-05-21T21:06:00+00:00,113.682,113.6795,113.679,113.6825,11
2026-05-21T21:07:00+00:00,113.681,113.68,113.68,113.6815,13
2026-05-21T21:08:00+00:00,113.68,113.683,113.68,113.6845,9
2026-05-21T21:09:00+00:00,113.683,113.6765,113.6705,113.69,16
2026-05-21T21:10:00+00:00,113.6765,113.6645,113.6475,113.682,11
2026-05-21T21:11:00+00:00,113.6645,113.6665,113.6615,113.6795,16
2026-05-21T21:12:00+00:00,113.6665,113.641,113.6295,113.6665,23
2026-05-21T21:13:00+00:00,113.641,113.656,113.641,113.662,63
2026-05-21T21:14:00+00:00,113.656,113.6555,113.6555,113.6575,4
2026-05-21T21:15:00+00:00,113.6835,113.6505,113.6505,113.6835,23
2026-05-21T21:16:00+00:00,113.6505,113.6565,113.647,113.6565,9
2026-05-21T21:17:00+00:00,113.657,113.668,113.657,113.668,7
2026-05-21T21:18:00+00:00,113.668,113.683,113.668,113.6835,11
2026-05-21T21:19:00+00:00,113.683,113.687,113.679,113.692,67
2026-05-21T21:20:00+00:00,113.687,113.6845,113.675,113.688,149
2026-05-21T21:21:00+00:00,113.6845,113.682,113.682,113.69,7
2026-05-21T21:22:00+00:00,113.682,113.68,113.6765,113.685,8
2026-05-21T21:23:00+00:00,113.68,113.68,113.68,113.68,0
2026-05-21T21:24:00+00:00,113.68,113.6825,113.68,113.6995,17
2026-05-21T21:25:00+00:00,113.6825,113.6845,113.681,113.6845,4
2026-05-21T21:26:00+00:00,113.6845,113.6845,113.6845,113.6845,0
2026-05-21T21:27:00+00:00,113.6845,113.701,113.6845,113.701,2
2026-05-21T21:28:00+00:00,113.7045,113.688,113.688,113.705,21
2026-05-21T21:29:00+00:00,113.688,113.702,113.688,113.705,12
2026-05-21T21:30:00+00:00,113.706,113.6935,113.6905,113.706,20
2026-05-21T21:31:00+00:00,113.6935,113.693,113.6875,113.6965,13
2026-05-21T21:32:00+00:00,113.693,113.701,113.6915,113.704,16
2026-05-21T21:33:00+00:00,113.701,113.698,113.6975,113.71,11
2026-05-21T21:34:00+00:00,113.698,113.6815,113.6775,113.698,15
2026-05-21T21:35:00+00:00,113.6815,113.6615,113.649,113.682,27
2026-05-21T21:36:00+00:00,113.6615,113.642,113.6415,113.662,80
2026-05-21T21:37:00+00:00,113.6415,113.65,113.6415,113.6515,15
2026-05-21T21:38:00+00:00,113.65,113.653,113.65,113.6705,31
2026-05-21T21:39:00+00:00,113.653,113.6495,113.6475,113.653,6
2026-05-21T21:40:00+00:00,113.6495,113.6385,113.6385,113.6495,15
2026-05-21T21:41:00+00:00,113.6385,113.638,113.6375,113.641,19
2026-05-21T21:42:00+00:00,113.638,113.642,113.638,113.6425,5
2026-05-21T21:43:00+00:00,113.642,113.64,113.636,113.642,74
2026-05-21T21:44:00+00:00,113.64,113.637,113.6355,113.64,4
2026-05-21T21:45:00+00:00,113.642,113.656,113.6345,113.6585,32
2026-05-21T21:46:00+00:00,113.656,113.6575,113.656,113.6575,1
2026-05-21T21:47:00+00:00,113.6575,113.659,113.6565,113.659,5
2026-05-21T21:48:00+00:00,113.659,113.656,113.6525,113.659,5
2026-05-21T21:49:00+00:00,113.656,113.6595,113.656,113.6605,6
2026-05-21T21:50:00+00:00,113.6595,113.65,113.65,113.6595,4
2026-05-21T21:51:00+00:00,113.65,113.65,113.65,113.65,0
2026-05-21T21:52:00+00:00,113.65,113.651,113.6485,113.652,10
2026-05-21T21:53:00+00:00,113.649,113.652,113.649,113.652,6
2026-05-21T21:54:00+00:00,113.652,113.646,113.645,113.652,14
2026-05-21T21:55:00+00:00,113.646,113.638,113.637,113.646,13
2026-05-21T21:56:00+00:00,113.6375,113.638,113.6345,113.642,41
2026-05-21T21:57:00+00:00,113.638,113.632,113.6305,113.6395,37
2026-05-21T21:58:00+00:00,113.632,113.647,113.631,113.647,39
2026-05-21T21:59:00+00:00,113.6435,113.643,113.642,113.648,73
2026-05-21T22:00:00+00:00,113.6405,113.6785,113.6365,113.685,122
2026-05-21T22:01:00+00:00,113.6785,113.682,113.6785,113.6855,50
2026-05-21T22:02:00+00:00,113.6815,113.693,113.6815,113.7,59
2026-05-21T22:03:00+00:00,113.6925,113.695,113.69,113.696,49
2026-05-21T22:04:00+00:00,113.6965,113.694,113.692,113.6965,30
2026-05-21T22:05:00+00:00,113.6935,113.6935,113.683,113.7,66
2026-05-21T22:06:00+00:00,113.6935,113.697,113.6875,113.6985,38
2026-05-21T22:07:00+00:00,113.697,113.7065,113.694,113.708,62
2026-05-21T22:08:00+00:00,113.7065,113.702,113.7015,113.7075,27
2026-05-21T22:09:00+00:00,113.704,113.7055,113.7025,113.708,34
2026-05-21T22:10:00+00:00,113.7045,113.717,113.6975,113.7185,63
2026-05-21T22:11:00+00:00,113.7165,113.7215,113.715,113.722,31
2026-05-21T22:12:00+00:00,113.7215,113.72,113.7145,113.7225,49
2026-05-21T22:13:00+00:00,113.72,113.719,113.7145,113.7205,25
2026-05-21T22:14:00+00:00,113.7195,113.711,113.711,113.722,40
2026-05-21T22:15:00+00:00,113.7105,113.7205,113.7105,113.7205,38
2026-05-21T22:16:00+00:00,113.72,113.72,113.719,113.725,20
2026-05-21T22:17:00+00:00,113.72,113.7185,113.716,113.7205,34
2026-05-21T22:18:00+00:00,113.7185,113.719,113.7165,113.719,10
2026-05-21T22:19:00+00:00,113.719,113.7195,113.7185,113.72,9
2026-05-21T22:20:00+00:00,113.7195,113.719,113.7185,113.72,9
2026-05-21T22:21:00+00:00,113.719,113.722,113.713,113.723,29
2026-05-21T22:22:00+00:00,113.7215,113.7205,113.72,113.722,9
2026-05-21T22:23:00+00:00,113.7205,113.721,113.7195,113.722,19
2026-05-21T22:24:00+00:00,113.721,113.7225,113.7205,113.7225,15
2026-05-21T22:25:00+00:00,113.721,113.713,113.7105,113.721,51
2026-05-21T22:26:00+00:00,113.713,113.7115,113.7115,113.7135,15
2026-05-21T22:27:00+00:00,113.7125,113.714,113.7115,113.714,22
2026-05-21T22:28:00+00:00,113.714,113.715,113.713,113.721,36
2026-05-21T22:29:00+00:00,113.715,113.7175,113.714,113.7175,25
2026-05-21T22:30:00+00:00,113.717,113.7105,113.706,113.717,80
2026-05-21T22:31:00+00:00,113.709,113.712,113.707,113.713,39
2026-05-21T22:32:00+00:00,113.7125,113.705,113.702,113.7125,64
2026-05-21T22:33:00+00:00,113.705,113.7075,113.7035,113.708,19
2026-05-21T22:34:00+00:00,113.7075,113.7055,113.7035,113.7075,19
2026-05-21T22:35:00+00:00,113.7045,113.697,113.6955,113.706,28
2026-05-21T22:36:00+00:00,113.6965,113.6985,113.6955,113.699,38
2026-05-21T22:37:00+00:00,113.6985,113.7,113.696,113.7005,39
2026-05-21T22:38:00+00:00,113.699,113.697,113.6945,113.7,76
2026-05-21T22:39:00+00:00,113.697,113.696,113.695,113.697,24
2026-05-21T22:40:00+00:00,113.697,113.7175,113.697,113.721,103
2026-05-21T22:41:00+00:00,113.7175,113.7125,113.7115,113.729,75
2026-05-21T22:42:00+00:00,113.7125,113.715,113.7105,113.72,54
2026-05-21T22:43:00+00:00,113.7155,113.72,113.7155,113.725,78
2026-05-21T22:44:00+00:00,113.7205,113.716,113.713,113.7205,67
2026-05-21T22:45:00+00:00,113.717,113.712,113.7085,113.7215,113
2026-05-21T22:46:00+00:00,113.7125,113.712,113.71,113.716,72
2026-05-21T22:47:00+00:00,113.7115,113.714,113.708,113.7155,82
2026-05-21T22:48:00+00:00,113.714,113.7165,113.712,113.7185,119
2026-05-21T22:49:00+00:00,113.717,113.718,113.7165,113.7195,37
2026-05-21T22:50:00+00:00,113.7175,113.721,113.715,113.722,66
2026-05-21T22:51:00+00:00,113.7205,113.7175,113.713,113.7225,44
2026-05-21T22:52:00+00:00,113.717,113.713,113.71,113.718,61
2026-05-21T22:53:00+00:00,113.713,113.7165,113.7065,113.717,52
2026-05-21T22:54:00+00:00,113.716,113.718,113.715,113.7215,45
2026-05-21T22:55:00+00:00,113.7185,113.7245,113.718,113.725,35
2026-05-21T22:56:00+00:00,113.724,113.7085,113.708,113.724,91
2026-05-21T22:57:00+00:00,113.709,113.709,113.7015,113.711,99
2026-05-21T22:58:00+00:00,113.7085,113.707,113.7055,113.7135,70
2026-05-21T22:59:00+00:00,113.706,113.71,113.705,113.713,104
2026-05-21T23:00:00+00:00,113.7105,113.7145,113.7075,113.7195,107
2026-05-21T23:01:00+00:00,113.7145,113.703,113.703,113.7145,47
2026-05-21T23:02:00+00:00,113.703,113.6955,113.695,113.706,47
2026-05-21T23:03:00+00:00,113.696,113.701,113.6925,113.702,49
2026-05-21T23:04:00+00:00,113.7005,113.7025,113.7,113.703,50
2026-05-21T23:05:00+00:00,113.7025,113.7005,113.6995,113.703,16
2026-05-21T23:06:00+00:00,113.701,113.7085,113.699,113.7095,41
2026-05-21T23:07:00+00:00,113.7085,113.7055,113.701,113.7085,47
2026-05-21T23:08:00+00:00,113.7055,113.7115,113.7025,113.713,38
2026-05-21T23:09:00+00:00,113.7115,113.7115,113.709,113.713,37
2026-05-21T23:10:00+00:00,113.7115,113.71,113.7025,113.7115,90
2026-05-21T23:11:00+00:00,113.71,113.7105,113.7095,113.716,65
2026-05-21T23:12:00+00:00,113.711,113.707,113.7065,113.711,42
2026-05-21T23:13:00+00:00,113.7065,113.7055,113.7045,113.7065,36
2026-05-21T23:14:00+00:00,113.705,113.7055,113.705,113.7075,28
2026-05-21T23:15:00+00:00,113.7045,113.7,113.6985,113.7045,76
2026-05-21T23:16:00+00:00,113.699,113.697,113.697,113.702,43
2026-05-21T23:17:00+00:00,113.6975,113.6955,113.692,113.6975,50
2026-05-21T23:18:00+00:00,113.695,113.6775,113.6755,113.6955,74
2026-05-21T23:19:00+00:00,113.6775,113.678,113.6705,113.679,245
2026-05-21T23:20:00+00:00,113.6785,113.675,113.674,113.6805,154
2026-05-21T23:21:00+00:00,113.675,113.656,113.6455,113.675,98
2026-05-21T23:22:00+00:00,113.6565,113.659,113.6555,113.6655,61
2026-05-21T23:23:00+00:00,113.6595,113.6595,113.6575,113.6605,28
2026-05-21T23:24:00+00:00,113.6595,113.66,113.6575,113.6615,52
2026-05-21T23:25:00+00:00,113.6595,113.6675,113.6595,113.675,140
2026-05-21T23:26:00+00:00,113.668,113.6685,113.666,113.6685,14
2026-05-21T23:27:00+00:00,113.6685,113.68,113.6635,113.6805,43
2026-05-21T23:28:00+00:00,113.68,113.683,113.6795,113.6845,27
2026-05-21T23:29:00+00:00,113.684,113.691,113.6835,113.6925,78
2026-05-21T23:30:00+00:00,113.6905,113.709,113.6895,113.722,95
2026-05-21T23:31:00+00:00,113.7095,113.711,113.708,113.712,65
2026-05-21T23:32:00+00:00,113.7105,113.7075,113.707,113.712,25
2026-05-21T23:33:00+00:00,113.7075,113.691,113.687,113.7075,69
2026-05-21T23:34:00+00:00,113.6915,113.6985,113.6915,113.6995,62
2026-05-21T23:35:00+00:00,113.698,113.703,113.6935,113.703,52
2026-05-21T23:36:00+00:00,113.703,113.7055,113.702,113.706,25
2026-05-21T23:37:00+00:00,113.7055,113.6875,113.6865,113.7055,63
2026-05-21T23:38:00+00:00,113.687,113.693,113.687,113.6935,27
2026-05-21T23:39:00+00:00,113.693,113.6915,113.6915,113.6945,17
2026-05-21T23:40:00+00:00,113.691,113.6825,113.678,113.691,52
2026-05-21T23:41:00+00:00,113.6825,113.681,113.681,113.686,47
2026-05-21T23:42:00+00:00,113.6805,113.6785,113.678,113.6805,44
2026-05-21T23:43:00+00:00,113.6785,113.6695,113.669,113.6805,147
2026-05-21T23:44:00+00:00,113.669,113.664,113.662,113.672,86
2026-05-21T23:45:00+00:00,113.665,113.6745,113.6615,113.6765,169
2026-05-21T23:46:00+00:00,113.675,113.6785,113.6665,113.6795,153
2026-05-21T23:47:00+00:00,113.6795,113.686,113.6775,113.6885,155
2026-05-21T23:48:00+00:00,113.6865,113.6865,113.6795,113.6895,91
2026-05-21T23:49:00+00:00,113.687,113.68,113.6775,113.687,87
2026-05-21T23:50:00+00:00,113.681,113.688,113.6805,113.6895,143
2026-05-21T23:51:00+00:00,113.6885,113.693,113.687,113.695,237
2026-05-21T23:52:00+00:00,113.692,113.692,113.6755,113.6935,140
2026-05-21T23:53:00+00:00,113.6915,113.678,113.677,113.692,108
2026-05-21T23:54:00+00:00,113.6775,113.6595,113.656,113.6825,133
2026-05-21T23:55:00+00:00,113.6585,113.6595,113.654,113.663,151
2026-05-21T23:56:00+00:00,113.659,113.659,113.6555,113.662,122
2026-05-21T23:57:00+00:00,113.658,113.658,113.645,113.659,155
2026-05-21T23:58:00+00:00,113.658,113.668,113.657,113.6715,148
2026-05-21T23:59:00+00:00,113.669,113.6725,113.667,113.6755,149
2026-05-22T00:00:00+00:00,113.673,113.6455,113.6375,113.679,467
2026-05-22T00:01:00+00:00,113.646,113.6435,113.6375,113.6525,332
2026-05-22T00:02:00+00:00,113.644,113.637,113.623,113.6495,440
2026-05-22T00:03:00+00:00,113.6375,113.6305,113.6275,113.644,380
2026-05-22T00:04:00+00:00,113.6315,113.6365,113.629,113.6435,304
2026-05-22T00:05:00+00:00,113.636,113.6455,113.63,113.647,278
2026-05-22T00:06:00+00:00,113.645,113.6455,113.633,113.6515,454
2026-05-22T00:07:00+00:00,113.646,113.648,113.64,113.656,263
2026-05-22T00:08:00+00:00,113.6485,113.656,113.6485,113.6595,318
2026-05-22T00:09:00+00:00,113.6565,113.645,113.644,113.661,302
2026-05-22T00:10:00+00:00,113.6445,113.656,113.6425,113.657,207
2026-05-22T00:11:00+00:00,113.6565,113.6475,113.647,113.662,257
2026-05-22T00:12:00+00:00,113.6475,113.6505,113.6465,113.6615,285
2026-05-22T00:13:00+00:00,113.651,113.6375,113.636,113.655,256
2026-05-22T00:14:00+00:00,113.637,113.6175,113.616,113.6375,277
2026-05-22T00:15:00+00:00,113.617,113.5995,113.5985,113.625,549
2026-05-22T00:16:00+00:00,113.599,113.5895,113.5885,113.6085,334
2026-05-22T00:17:00+00:00,113.5905,113.6045,113.585,113.6095,380
2026-05-22T00:18:00+00:00,113.6055,113.611,113.605,113.618,271
2026-05-22T00:19:00+00:00,113.6115,113.6035,113.599,113.612,229
2026-05-22T00:20:00+00:00,113.603,113.599,113.596,113.6055,175
2026-05-22T00:21:00+00:00,113.5995,113.614,113.5985,113.6195,232
2026-05-22T00:22:00+00:00,113.6135,113.602,113.601,113.6215,268
2026-05-22T00:23:00+00:00,113.6015,113.613,113.6015,113.619,180
2026-05-22T00:24:00+00:00,113.6125,113.619,113.611,113.623,178
2026-05-22T00:25:00+00:00,113.6195,113.6135,113.6075,113.621,180
2026-05-22T00:26:00+00:00,113.613,113.637,113.6095,113.6445,234
2026-05-22T00:27:00+00:00,113.6375,113.6545,113.6375,113.6665,306
2026-05-22T00:28:00+00:00,113.655,113.672,113.6535,113.674,199
2026-05-22T00:29:00+00:00,113.6725,113.6655,113.662,113.676,261
2026-05-22T00:30:00+00:00,113.666,113.661,113.661,113.6745,173
2026-05-22T00:31:00+00:00,113.6605,113.6435,113.637,113.6605,162
2026-05-22T00:32:00+00:00,113.644,113.6625,113.6405,113.6635,195
2026-05-22T00:33:00+00:00,113.662,113.646,113.646,113.6625,207
2026-05-22T00:34:00+00:00,113.6465,113.643,113.64,113.648,152
2026-05-22T00:35:00+00:00,113.6425,113.6375,113.6185,113.6445,262
2026-05-22T00:36:00+00:00,113.637,113.6355,113.627,113.641,251
2026-05-22T00:37:00+00:00,113.635,113.655,113.634,113.658,238
2026-05-22T00:38:00+00:00,113.6545,113.6535,113.652,113.666,230
2026-05-22T00:39:00+00:00,113.654,113.6445,113.641,113.6555,156
2026-05-22T00:40:00+00:00,113.644,113.6505,113.6385,113.6515,163
2026-05-22T00:41:00+00:00,113.65,113.6385,113.638,113.657,205
2026-05-22T00:42:00+00:00,113.6385,113.6485,113.6325,113.649,189
2026-05-22T00:43:00+00:00,113.649,113.6565,113.645,113.6565,135
2026-05-22T00:44:00+00:00,113.656,113.649,113.647,113.66,114
2026-05-22T00:45:00+00:00,113.6485,113.6445,113.643,113.6595,237
2026-05-22T00:46:00+00:00,113.644,113.64,113.6395,113.6485,146
2026-05-22T00:47:00+00:00,113.6405,113.6435,113.637,113.645,158
2026-05-22T00:48:00+00:00,113.644,113.629,113.625,113.645,165
2026-05-22T00:49:00+00:00,113.6285,113.628,113.625,113.636,109
2026-05-22T00:50:00+00:00,113.6285,113.634,113.627,113.645,176
2026-05-22T00:51:00+00:00,113.6345,113.63,113.6275,113.6395,170
2026-05-22T00:52:00+00:00,113.6295,113.6065,113.6055,113.6345,217
2026-05-22T00:53:00+00:00,113.607,113.6145,113.6,113.6155,253
2026-05-22T00:54:00+00:00,113.615,113.655,113.6095,113.6555,719
2026-05-22T00:55:00+00:00,113.6535,113.6275,113.625,113.6635,556
2026-05-22T00:56:00+00:00,113.627,113.626,113.6225,113.6305,195
2026-05-22T00:57:00+00:00,113.626,113.6065,113.603,113.63,286
2026-05-22T00:58:00+00:00,113.606,113.613,113.593,113.614,253
2026-05-22T00:59:00+00:00,113.6125,113.6135,113.608,113.6165,192
2026-05-22T01:00:00+00:00,113.614,113.6125,113.596,113.615,508
2026-05-22T01:01:00+00:00,113.6115,113.5935,113.5925,113.6165,386
2026-05-22T01:02:00+00:00,113.5945,113.5645,113.549,113.5955,389
2026-05-22T01:03:00+00:00,113.565,113.551,113.5505,113.575,339
2026-05-22T01:04:00+00:00,113.5515,113.5685,113.548,113.57,340
2026-05-22T01:05:00+00:00,113.567,113.567,113.558,113.5725,268
2026-05-22T01:06:00+00:00,113.5665,113.5645,113.559,113.571,257
2026-05-22T01:07:00+00:00,113.565,113.5715,113.5635,113.577,266
2026-05-22T01:08:00+00:00,113.572,113.565,113.563,113.5785,246
2026-05-22T01:09:00+00:00,113.5645,113.558,113.553,113.57,307
2026-05-22T01:10:00+00:00,113.5585,113.564,113.5525,113.565,245
2026-05-22T01:11:00+00:00,113.5645,113.562,113.56,113.575,243
2026-05-22T01:12:00+00:00,113.5625,113.574,113.5555,113.577,194
2026-05-22T01:13:00+00:00,113.5735,113.5825,113.5685,113.5825,236
2026-05-22T01:14:00+00:00,113.583,113.592,113.583,113.6015,213
2026-05-22T01:15:00+00:00,113.592,113.59,113.581,113.6055,346
2026-05-22T01:16:00+00:00,113.5905,113.5735,113.572,113.5915,192
2026-05-22T01:17:00+00:00,113.573,113.5775,113.568,113.5775,159
2026-05-22T01:18:00+00:00,113.578,113.586,113.577,113.5885,223
2026-05-22T01:19:00+00:00,113.5855,113.588,113.5735,113.5915,198
2026-05-22T01:20:00+00:00,113.5895,113.6015,113.587,113.6065,154
2026-05-22T01:21:00+00:00,113.601,113.606,113.5995,113.6075,173
2026-05-22T01:22:00+00:00,113.6065,113.5915,113.587,113.608,204
2026-05-22T01:23:00+00:00,113.592,113.5825,113.582,113.5955,135
2026-05-22T01:24:00+00:00,113.582,113.5325,113.532,113.5825,267
2026-05-22T01:25:00+00:00,113.533,113.549,113.531,113.549,228
2026-05-22T01:26:00+00:00,113.5485,113.598,113.548,113.601,255
2026-05-22T01:27:00+00:00,113.5975,113.5945,113.5875,113.599,122
2026-05-22T01:28:00+00:00,113.594,113.604,113.5875,113.6045,177
2026-05-22T01:29:00+00:00,113.6045,113.611,113.6045,113.619,183
2026-05-22T01:30:00+00:00,113.6105,113.6115,113.596,113.6125,333
2026-05-22T01:31:00+00:00,113.611,113.609,113.6015,113.6225,233
2026-05-22T01:32:00+00:00,113.6085,113.5945,113.594,113.6125,226
2026-05-22T01:33:00+00:00,113.595,113.59,113.5855,113.5955,240
2026-05-22T01:34:00+00:00,113.5905,113.5905,113.587,113.592,109
2026-05-22T01:35:00+00:00,113.59,113.582,113.5635,113.5905,290
2026-05-22T01:36:00+00:00,113.5825,113.5955,113.58,113.5955,197
2026-05-22T01:37:00+00:00,113.595,113.5635,113.5625,113.595,266
2026-05-22T01:38:00+00:00,113.564,113.5655,113.5575,113.5675,219
2026-05-22T01:39:00+00:00,113.565,113.55,113.539,113.565,191
2026-05-22T01:40:00+00:00,113.5495,113.5385,113.537,113.5515,161
2026-05-22T01:41:00+00:00,113.538,113.5635,113.535,113.5645,332
2026-05-22T01:42:00+00:00,113.564,113.591,113.562,113.596,227
2026-05-22T01:43:00+00:00,113.5915,113.573,113.562,113.5965,361
2026-05-22T01:44:00+00:00,113.5735,113.569,113.5585,113.5775,265
2026-05-22T01:45:00+00:00,113.5695,113.584,113.5665,113.5855,158
2026-05-22T01:46:00+00:00,113.5845,113.595,113.577,113.596,188
2026-05-22T01:47:00+00:00,113.5955,113.603,113.5955,113.6085,95
2026-05-22T01:48:00+00:00,113.603,113.6085,113.602,113.609,86
2026-05-22T01:49:00+00:00,113.609,113.6115,113.603,113.6135,197
2026-05-22T01:50:00+00:00,113.6125,113.6105,113.607,113.619,310
2026-05-22T01:51:00+00:00,113.6115,113.635,113.6115,113.639,235
2026-05-22T01:52:00+00:00,113.6345,113.6115,113.608,113.635,240
2026-05-22T01:53:00+00:00,113.612,113.6035,113.6005,113.6165,257
2026-05-22T01:54:00+00:00,113.603,113.5845,113.5805,113.6065,310
2026-05-22T01:55:00+00:00,113.5835,113.5795,113.5715,113.589,294
2026-05-22T01:56:00+00:00,113.579,113.5725,113.569,113.589,284
2026-05-22T01:57:00+00:00,113.573,113.5785,113.5715,113.581,280
2026-05-22T01:58:00+00:00,113.578,113.557,113.556,113.5825,406
2026-05-22T01:59:00+00:00,113.5565,113.5515,113.5455,113.558,355
2026-05-22T02:00:00+00:00,113.551,113.57,113.547,113.571,372
2026-05-22T02:01:00+00:00,113.571,113.573,113.567,113.575,230
2026-05-22T02:02:00+00:00,113.5735,113.579,113.5735,113.5885,200
2026-05-22T02:03:00+00:00,113.5785,113.583,113.576,113.5855,184
2026-05-22T02:04:00+00:00,113.5835,113.5875,113.581,113.593,200
2026-05-22T02:05:00+00:00,113.588,113.5865,113.5845,113.591,189
2026-05-22T02:06:00+00:00,113.587,113.5925,113.5835,113.594,202
2026-05-22T02:07:00+00:00,113.593,113.5865,113.5855,113.5995,211
2026-05-22T02:08:00+00:00,113.587,113.5955,113.586,113.5995,173
2026-05-22T02:09:00+00:00,113.596,113.5865,113.585,113.596,282
2026-05-22T02:10:00+00:00,113.587,113.588,113.5775,113.5925,340
2026-05-22T02:11:00+00:00,113.5875,113.58,113.58,113.592,201
2026-05-22T02:12:00+00:00,113.58,113.5715,113.57,113.5845,198
2026-05-22T02:13:00+00:00,113.571,113.5815,113.5695,113.583,207
2026-05-22T02:14:00+00:00,113.582,113.591,113.581,113.595,149
2026-05-22T02:15:00+00:00,113.5915,113.5945,113.583,113.5955,131
2026-05-22T02:16:00+00:00,113.5935,113.5855,113.582,113.5965,127
2026-05-22T02:17:00+00:00,113.585,113.588,113.58,113.5935,283
2026-05-22T02:18:00+00:00,113.5885,113.5935,113.587,113.598,265
2026-05-22T02:19:00+00:00,113.5945,113.591,113.587,113.5975,115
2026-05-22T02:20:00+00:00,113.5905,113.5815,113.577,113.591,119
2026-05-22T02:21:00+00:00,113.582,113.57,113.57,113.5835,173
2026-05-22T02:22:00+00:00,113.5695,113.592,113.5685,113.5925,284
2026-05-22T02:23:00+00:00,113.5915,113.6,113.59,113.602,228
2026-05-22T02:24:00+00:00,113.6005,113.581,113.58,113.6005,197
2026-05-22T02:25:00+00:00,113.5805,113.5795,113.5735,113.5835,120
2026-05-22T02:26:00+00:00,113.5795,113.574,113.569,113.58,151
2026-05-22T02:27:00+00:00,113.574,113.587,113.5715,113.5875,97
2026-05-22T02:28:00+00:00,113.5865,113.5775,113.573,113.588,157
2026-05-22T02:29:00+00:00,113.578,113.5905,113.578,113.5905,143
2026-05-22T02:30:00+00:00,113.59,113.5955,113.582,113.602,225
2026-05-22T02:31:00+00:00,113.596,113.6025,113.591,113.604,165
2026-05-22T02:32:00+00:00,113.6025,113.597,113.5965,113.6055,175
2026-05-22T02:33:00+00:00,113.5965,113.589,113.586,113.5965,116
2026-05-22T02:34:00+00:00,113.5895,113.5805,113.58,113.592,148
2026-05-22T02:35:00+00:00,113.5815,113.57,113.5695,113.585,174
2026-05-22T02:36:00+00:00,113.5715,113.5895,113.57,113.5905,255
2026-05-22T02:37:00+00:00,113.5885,113.596,113.588,113.5975,126
2026-05-22T02:38:00+00:00,113.596,113.5955,113.5935,113.5985,78
2026-05-22T02:39:00+00:00,113.595,113.602,113.5945,113.603,96
2026-05-22T02:40:00+00:00,113.6015,113.606,113.6,113.609,131
2026-05-22T02:41:00+00:00,113.6065,113.6025,113.599,113.6065,140
2026-05-22T02:42:00+00:00,113.603,113.6025,113.5975,113.6055,171
2026-05-22T02:43:00+00:00,113.6015,113.604,113.598,113.6085,151
2026-05-22T02:44:00+00:00,113.6045,113.6005,113.6,113.6105,121
2026-05-22T02:45:00+00:00,113.6,113.594,113.593,113.602,91
2026-05-22T02:46:00+00:00,113.594,113.5785,113.5745,113.594,201
2026-05-22T02:47:00+00:00,113.579,113.5765,113.5745,113.579,131
2026-05-22T02:48:00+00:00,113.576,113.568,113.5675,113.5785,97
2026-05-22T02:49:00+00:00,113.568,113.568,113.5625,113.572,169
2026-05-22T02:50:00+00:00,113.5685,113.5615,113.5605,113.5725,151
2026-05-22T02:51:00+00:00,113.562,113.5545,113.5545,113.5685,252
2026-05-22T02:52:00+00:00,113.555,113.5475,113.541,113.5585,244
2026-05-22T02:53:00+00:00,113.547,113.52,113.5145,113.547,197
2026-05-22T02:54:00+00:00,113.5205,113.518,113.513,113.5225,213
2026-05-22T02:55:00+00:00,113.5175,113.5185,113.5055,113.52,306
2026-05-22T02:56:00+00:00,113.518,113.533,113.5135,113.5345,295
2026-05-22T02:57:00+00:00,113.532,113.5325,113.524,113.5355,172
2026-05-22T02:58:00+00:00,113.532,113.5545,113.5215,113.558,298
2026-05-22T02:59:00+00:00,113.5535,113.546,113.5455,113.5565,171
2026-05-22T03:00:00+00:00,113.547,113.5405,113.5315,113.547,282
2026-05-22T03:01:00+00:00,113.542,113.537,113.5315,113.5465,171
2026-05-22T03:02:00+00:00,113.5365,113.5275,113.5265,113.537,214
2026-05-22T03:03:00+00:00,113.528,113.53,113.524,113.534,141
2026-05-22T03:04:00+00:00,113.5305,113.534,113.528,113.539,179
2026-05-22T03:05:00+00:00,113.5335,113.5185,113.5175,113.535,236
2026-05-22T03:06:00+00:00,113.5195,113.5155,113.508,113.525,247
2026-05-22T03:07:00+00:00,113.5165,113.512,113.509,113.5205,177
2026-05-22T03:08:00+00:00,113.512,113.5055,113.497,113.5125,169
2026-05-22T03:09:00+00:00,113.505,113.5045,113.498,113.506,182
2026-05-22T03:10:00+00:00,113.5055,113.506,113.497,113.509,227
2026-05-22T03:11:00+00:00,113.506,113.4915,113.486,113.506,311
2026-05-22T03:12:00+00:00,113.4905,113.5025,113.489,113.5025,135
2026-05-22T03:13:00+00:00,113.502,113.4765,113.4755,113.502,152
2026-05-22T03:14:00+00:00,113.476,113.477,113.4735,113.4795,186
2026-05-22T03:15:00+00:00,113.4765,113.482,113.472,113.483,231
2026-05-22T03:16:00+00:00,113.4825,113.486,113.4805,113.4885,130
2026-05-22T03:17:00+00:00,113.4865,113.4865,113.48,113.4895,169
2026-05-22T03:18:00+00:00,113.486,113.488,113.486,113.498,252
2026-05-22T03:19:00+00:00,113.489,113.4975,113.485,113.4995,197
2026-05-22T03:20:00+00:00,113.497,113.491,113.4875,113.5025,214
2026-05-22T03:21:00+00:00,113.491,113.492,113.486,113.4955,145
2026-05-22T03:22:00+00:00,113.4925,113.4945,113.49,113.4985,143
2026-05-22T03:23:00+00:00,113.4945,113.488,113.486,113.5005,130
2026-05-22T03:24:00+00:00,113.4885,113.495,113.488,113.497,136
2026-05-22T03:25:00+00:00,113.4955,113.498,113.492,113.5,166
2026-05-22T03:26:00+00:00,113.498,113.497,113.4945,113.505,156
2026-05-22T03:27:00+00:00,113.4975,113.5005,113.4965,113.5045,147
2026-05-22T03:28:00+00:00,113.502,113.5055,113.4995,113.5065,138
2026-05-22T03:29:00+00:00,113.505,113.5115,113.504,113.5125,114
2026-05-22T03:30:00+00:00,113.512,113.526,113.512,113.529,238
2026-05-22T03:31:00+00:00,113.5255,113.521,113.518,113.527,103
2026-05-22T03:32:00+00:00,113.521,113.527,113.521,113.5335,138
2026-05-22T03:33:00+00:00,113.527,113.5335,113.527,113.5375,132
2026-05-22T03:34:00+00:00,113.534,113.529,113.524,113.535,130
2026-05-22T03:35:00+00:00,113.529,113.515,113.5105,113.5295,116
2026-05-22T03:36:00+00:00,113.5145,113.5215,113.514,113.5235,91
2026-05-22T03:37:00+00:00,113.5225,113.523,113.5155,113.527,108
2026-05-22T03:38:00+00:00,113.5235,113.516,113.516,113.5285,102
2026-05-22T03:39:00+00:00,113.5165,113.5155,113.5145,113.52,97
2026-05-22T03:40:00+00:00,113.5155,113.5195,113.5155,113.5225,92
2026-05-22T03:41:00+00:00,113.519,113.515,113.5135,113.519,68
2026-05-22T03:42:00+00:00,113.5145,113.5165,113.5115,113.5165,88
2026-05-22T03:43:00+00:00,113.5165,113.508,113.5055,113.5195,130
2026-05-22T03:44:00+00:00,113.509,113.5125,113.506,113.513,71
2026-05-22T03:45:00+00:00,113.512,113.5095,113.5075,113.5155,86
2026-05-22T03:46:00+00:00,113.51,113.5125,113.509,113.5135,75
2026-05-22T03:47:00+00:00,113.513,113.5145,113.512,113.52,72
2026-05-22T03:48:00+00:00,113.515,113.507,113.505,113.516,113
2026-05-22T03:49:00+00:00,113.5065,113.505,113.502,113.507,86
2026-05-22T03:50:00+00:00,113.5045,113.5,113.499,113.5055,96
2026-05-22T03:51:00+00:00,113.4995,113.496,113.493,113.5005,101
2026-05-22T03:52:00+00:00,113.4965,113.497,113.4935,113.501,175
2026-05-22T03:53:00+00:00,113.4965,113.498,113.4965,113.505,257
2026-05-22T03:54:00+00:00,113.4985,113.505,113.4975,113.5065,99
2026-05-22T03:55:00+00:00,113.5055,113.5065,113.5035,113.508,124
2026-05-22T03:56:00+00:00,113.5065,113.508,113.5045,113.5105,87
2026-05-22T03:57:00+00:00,113.5085,113.538,113.5075,113.54,125
2026-05-22T03:58:00+00:00,113.5375,113.5475,113.533,113.549,134
2026-05-22T03:59:00+00:00,113.5485,113.5525,113.5475,113.562,171
2026-05-22T04:00:00+00:00,113.5515,113.54,113.5395,113.5605,272
2026-05-22T04:01:00+00:00,113.54,113.532,113.532,113.548,179
2026-05-22T04:02:00+00:00,113.532,113.531,113.5215,113.5365,154
2026-05-22T04:03:00+00:00,113.532,113.532,113.525,113.534,115
2026-05-22T04:04:00+00:00,113.532,113.5395,113.531,113.5435,110
2026-05-22T04:05:00+00:00,113.539,113.558,113.5335,113.5585,158
2026-05-22T04:06:00+00:00,113.5585,113.5635,113.5535,113.5665,205
2026-05-22T04:07:00+00:00,113.564,113.562,113.557,113.57,192
2026-05-22T04:08:00+00:00,113.5615,113.557,113.555,113.562,107
2026-05-22T04:09:00+00:00,113.5575,113.5405,113.5385,113.5585,171
2026-05-22T04:10:00+00:00,113.541,113.539,113.531,113.5415,97
2026-05-22T04:11:00+00:00,113.5385,113.54,113.5385,113.542,52
2026-05-22T04:12:00+00:00,113.54,113.556,113.54,113.5585,98
2026-05-22T04:13:00+00:00,113.5555,113.5635,113.5555,113.571,169
2026-05-22T04:14:00+00:00,113.5635,113.564,113.5615,113.5655,77
2026-05-22T04:15:00+00:00,113.5645,113.562,113.555,113.566,90
2026-05-22T04:16:00+00:00,113.562,113.556,113.5495,113.5625,91
2026-05-22T04:17:00+00:00,113.5565,113.5565,113.556,113.563,89
2026-05-22T04:18:00+00:00,113.556,113.57,113.5555,113.5705,110
2026-05-22T04:19:00+00:00,113.5695,113.567,113.5585,113.57,154
2026-05-22T04:20:00+00:00,113.5675,113.5555,113.554,113.5705,171
2026-05-22T04:21:00+00:00,113.5545,113.568,113.554,113.5695,123
2026-05-22T04:22:00+00:00,113.568,113.5705,113.5675,113.575,221
2026-05-22T04:23:00+00:00,113.571,113.5705,113.564,113.5725,119
2026-05-22T04:24:00+00:00,113.5715,113.572,113.5695,113.5735,103
2026-05-22T04:25:00+00:00,113.572,113.5725,113.569,113.574,119
2026-05-22T04:26:00+00:00,113.572,113.5735,113.5665,113.575,102
2026-05-22T04:27:00+00:00,113.574,113.573,113.5715,113.575,80
2026-05-22T04:28:00+00:00,113.5735,113.573,113.571,113.575,74
2026-05-22T04:29:00+00:00,113.5735,113.5715,113.568,113.577,96
2026-05-22T04:30:00+00:00,113.571,113.5485,113.5455,113.573,181
2026-05-22T04:31:00+00:00,113.5485,113.5535,113.5475,113.557,57
2026-05-22T04:32:00+00:00,113.5535,113.5575,113.5535,113.56,36
2026-05-22T04:33:00+00:00,113.5575,113.561,113.5575,113.566,145
2026-05-22T04:34:00+00:00,113.561,113.56,113.5575,113.564,47
2026-05-22T04:35:00+00:00,113.5595,113.56,113.554,113.5605,76
2026-05-22T04:36:00+00:00,113.5595,113.5515,113.5495,113.56,125
2026-05-22T04:37:00+00:00,113.551,113.549,113.5485,113.554,91
2026-05-22T04:38:00+00:00,113.549,113.5515,113.5485,113.556,106
2026-05-22T04:39:00+00:00,113.551,113.5385,113.536,113.551,117
2026-05-22T04:40:00+00:00,113.539,113.544,113.5385,113.545,99
2026-05-22T04:41:00+00:00,113.5445,113.552,113.544,113.5545,70
2026-05-22T04:42:00+00:00,113.5515,113.5465,113.5435,113.552,94
2026-05-22T04:43:00+00:00,113.547,113.5545,113.541,113.5585,141
2026-05-22T04:44:00+00:00,113.554,113.556,113.5535,113.5585,152
2026-05-22T04:45:00+00:00,113.556,113.552,113.5445,113.556,84
2026-05-22T04:46:00+00:00,113.5515,113.551,113.5495,113.554,153
2026-05-22T04:47:00+00:00,113.5515,113.5535,113.5505,113.567,177
2026-05-22T04:48:00+00:00,113.553,113.549,113.5475,113.554,107
2026-05-22T04:49:00+00:00,113.5495,113.5555,113.548,113.5555,288
2026-05-22T04:50:00+00:00,113.556,113.564,113.5545,113.5645,133
2026-05-22T04:51:00+00:00,113.5645,113.5585,113.5565,113.5655,89
2026-05-22T04:52:00+00:00,113.5585,113.5705,113.5585,113.5715,74
2026-05-22T04:53:00+00:00,113.571,113.577,113.57,113.5785,114
2026-05-22T04:54:00+00:00,113.5775,113.5695,113.5695,113.578,72
2026-05-22T04:55:00+00:00,113.569,113.571,113.565,113.5775,122
2026-05-22T04:56:00+00:00,113.571,113.566,113.565,113.575,150
2026-05-22T04:57:00+00:00,113.5655,113.5725,113.565,113.573,109
2026-05-22T04:58:00+00:00,113.573,113.579,113.572,113.579,110
2026-05-22T04:59:00+00:00,113.5785,113.5855,113.5785,113.588,94
2026-05-22T05:00:00+00:00,113.585,113.5975,113.5815,113.61,278
2026-05-22T05:01:00+00:00,113.597,113.6,113.592,113.602,161
2026-05-22T05:02:00+00:00,113.5995,113.59,113.584,113.601,209
2026-05-22T05:03:00+00:00,113.59,113.586,113.583,113.59,107
2026-05-22T05:04:00+00:00,113.5855,113.592,113.5835,113.6,257
2026-05-22T05:05:00+00:00,113.5935,113.6005,113.592,113.6035,228
2026-05-22T05:06:00+00:00,113.601,113.6165,113.6005,113.6175,158
2026-05-22T05:07:00+00:00,113.616,113.617,113.6095,113.622,233
2026-05-22T05:08:00+00:00,113.616,113.61,113.61,113.6175,101
2026-05-22T05:09:00+00:00,113.6105,113.6265,113.606,113.627,137
2026-05-22T05:10:00+00:00,113.627,113.629,113.6225,113.634,200
2026-05-22T05:11:00+00:00,113.6295,113.626,113.623,113.63,71
2026-05-22T05:12:00+00:00,113.6265,113.6215,113.617,113.6265,139
2026-05-22T05:13:00+00:00,113.621,113.6175,113.616,113.6215,125
2026-05-22T05:14:00+00:00,113.617,113.6145,113.6115,113.617,100
2026-05-22T05:15:00+00:00,113.614,113.6215,113.614,113.622,110
2026-05-22T05:16:00+00:00,113.62,113.6195,113.617,113.6235,126
2026-05-22T05:17:00+00:00,113.6185,113.619,113.613,113.6215,120
2026-05-22T05:18:00+00:00,113.62,113.6245,113.619,113.6255,136
2026-05-22T05:19:00+00:00,113.624,113.622,113.619,113.6245,117
2026-05-22T05:20:00+00:00,113.6215,113.6125,113.6095,113.622,227
2026-05-22T05:21:00+00:00,113.612,113.618,113.612,113.622,156
2026-05-22T05:22:00+00:00,113.617,113.6155,113.61,113.619,105
2026-05-22T05:23:00+00:00,113.616,113.6045,113.604,113.62,134
2026-05-22T05:24:00+00:00,113.604,113.6115,113.602,113.614,271
2026-05-22T05:25:00+00:00,113.612,113.616,113.6095,113.618,155
2026-05-22T05:26:00+00:00,113.6165,113.6145,113.613,113.6185,79
2026-05-22T05:27:00+00:00,113.614,113.619,113.609,113.6225,152
2026-05-22T05:28:00+00:00,113.6195,113.6255,113.614,113.626,148
2026-05-22T05:29:00+00:00,113.625,113.624,113.614,113.625,149
2026-05-22T05:30:00+00:00,113.623,113.632,113.6215,113.6405,289
2026-05-22T05:31:00+00:00,113.6325,113.6335,113.6315,113.641,225
2026-05-22T05:32:00+00:00,113.6325,113.634,113.632,113.638,183
2026-05-22T05:33:00+00:00,113.6345,113.634,113.6265,113.6355,203
2026-05-22T05:34:00+00:00,113.6345,113.6375,113.629,113.6375,203
2026-05-22T05:35:00+00:00,113.637,113.6365,113.635,113.6395,100
2026-05-22T05:36:00+00:00,113.637,113.631,113.629,113.6435,188
2026-05-22T05:37:00+00:00,113.631,113.639,113.6295,113.642,156
2026-05-22T05:38:00+00:00,113.6395,113.6255,113.625,113.645,180
2026-05-22T05:39:00+00:00,113.625,113.6215,113.619,113.6255,118
2026-05-22T05:40:00+00:00,113.621,113.614,113.6125,113.6245,145
2026-05-22T05:41:00+00:00,113.6145,113.622,113.613,113.622,90
2026-05-22T05:42:00+00:00,113.6215,113.616,113.6155,113.625,171
2026-05-22T05:43:00+00:00,113.6155,113.6145,113.6035,113.6185,223
2026-05-22T05:44:00+00:00,113.614,113.629,113.608,113.63,138
2026-05-22T05:45:00+00:00,113.628,113.6295,113.627,113.635,227
2026-05-22T05:46:00+00:00,113.6295,113.636,113.6255,113.6365,181
2026-05-22T05:47:00+00:00,113.6365,113.6375,113.6335,113.644,109
2026-05-22T05:48:00+00:00,113.638,113.6405,113.632,113.6455,186
2026-05-22T05:49:00+00:00,113.641,113.6475,113.6385,113.6585,160
2026-05-22T05:50:00+00:00,113.647,113.665,113.6405,113.667,192
2026-05-22T05:51:00+00:00,113.6645,113.674,113.6635,113.679,214
2026-05-22T05:52:00+00:00,113.673,113.664,113.664,113.6855,228
2026-05-22T05:53:00+00:00,113.6645,113.6505,113.6505,113.671,183
2026-05-22T05:54:00+00:00,113.651,113.6445,113.6405,113.652,176
2026-05-22T05:55:00+00:00,113.645,113.609,113.6035,113.6465,374
2026-05-22T05:56:00+00:00,113.6105,113.6055,113.602,113.619,456
2026-05-22T05:57:00+00:00,113.6045,113.591,113.588,113.6145,491
2026-05-22T05:58:00+00:00,113.59,113.5835,113.5695,113.5955,525
2026-05-22T05:59:00+00:00,113.583,113.585,113.574,113.589,264
2026-05-22T06:00:00+00:00,113.5845,113.599,113.576,113.6015,554
2026-05-22T06:01:00+00:00,113.6,113.5975,113.59,113.6105,454
2026-05-22T06:02:00+00:00,113.597,113.5985,113.59,113.61,523
2026-05-22T06:03:00+00:00,113.598,113.5975,113.5955,113.604,361
2026-05-22T06:04:00+00:00,113.598,113.606,113.596,113.607,293
2026-05-22T06:05:00+00:00,113.6065,113.581,113.578,113.609,290
2026-05-22T06:06:00+00:00,113.58,113.6015,113.5735,113.6045,377
2026-05-22T06:07:00+00:00,113.601,113.5865,113.585,113.603,319
2026-05-22T06:08:00+00:00,113.586,113.587,113.579,113.5935,314
2026-05-22T06:09:00+00:00,113.5875,113.601,113.587,113.6055,282
2026-05-22T06:10:00+00:00,113.6015,113.584,113.581,113.6015,217
2026-05-22T06:11:00+00:00,113.584,113.585,113.5785,113.591,141
2026-05-22T06:12:00+00:00,113.585,113.5855,113.58,113.5915,143
2026-05-22T06:13:00+00:00,113.584,113.575,113.5695,113.585,93
2026-05-22T06:14:00+00:00,113.5745,113.558,113.5575,113.578,219
2026-05-22T06:15:00+00:00,113.5575,113.5315,113.525,113.5575,246
2026-05-22T06:16:00+00:00,113.5305,113.517,113.512,113.5395,317
2026-05-22T06:17:00+00:00,113.5165,113.484,113.478,113.5165,354
2026-05-22T06:18:00+00:00,113.4835,113.5005,113.482,113.5075,249
2026-05-22T06:19:00+00:00,113.5015,113.5175,113.5005,113.5175,129
2026-05-22T06:20:00+00:00,113.517,113.5205,113.513,113.54,252
2026-05-22T06:21:00+00:00,113.521,113.512,113.509,113.526,256
2026-05-22T06:22:00+00:00,113.5125,113.4835,113.4815,113.515,181
2026-05-22T06:23:00+00:00,113.484,113.508,113.484,113.51,199
2026-05-22T06:24:00+00:00,113.5085,113.494,113.492,113.5085,161
2026-05-22T06:25:00+00:00,113.4945,113.487,113.486,113.5095,248
2026-05-22T06:26:00+00:00,113.488,113.4745,113.4595,113.4905,342
2026-05-22T06:27:00+00:00,113.474,113.479,113.471,113.4945,383
2026-05-22T06:28:00+00:00,113.4785,113.494,113.478,113.507,345
2026-05-22T06:29:00+00:00,113.4935,113.5215,113.4925,113.526,331
2026-05-22T06:30:00+00:00,113.5225,113.504,113.5035,113.5315,467
2026-05-22T06:31:00+00:00,113.5045,113.519,113.5045,113.521,346
2026-05-22T06:32:00+00:00,113.52,113.5055,113.501,113.521,324
2026-05-22T06:33:00+00:00,113.5045,113.5105,113.503,113.512,241
2026-05-22T06:34:00+00:00,113.51,113.527,113.5085,113.529,224
2026-05-22T06:35:00+00:00,113.5265,113.5395,113.5265,113.5475,249
2026-05-22T06:36:00+00:00,113.539,113.5245,113.515,113.5395,283
2026-05-22T06:37:00+00:00,113.5255,113.518,113.5155,113.526,180
2026-05-22T06:38:00+00:00,113.5185,113.515,113.5135,113.524,228
2026-05-22T06:39:00+00:00,113.514,113.494,113.4935,113.5155,222
2026-05-22T06:40:00+00:00,113.495,113.495,113.485,113.4965,215
2026-05-22T06:41:00+00:00,113.4955,113.492,113.484,113.496,239
2026-05-22T06:42:00+00:00,113.4925,113.497,113.4885,113.5005,266
2026-05-22T06:43:00+00:00,113.496,113.4915,113.489,113.4965,97
2026-05-22T06:44:00+00:00,113.492,113.501,113.4915,113.507,266
2026-05-22T06:45:00+00:00,113.4995,113.4875,113.4815,113.501,194
2026-05-22T06:46:00+00:00,113.487,113.509,113.4865,113.514,270
2026-05-22T06:47:00+00:00,113.5085,113.5175,113.506,113.5215,196
2026-05-22T06:48:00+00:00,113.517,113.5305,113.517,113.5325,192
2026-05-22T06:49:00+00:00,113.53,113.513,113.51,113.531,263
2026-05-22T06:50:00+00:00,113.5135,113.526,113.512,113.526,183
2026-05-22T06:51:00+00:00,113.526,113.53,113.523,113.5305,178
2026-05-22T06:52:00+00:00,113.529,113.531,113.528,113.5365,192
2026-05-22T06:53:00+00:00,113.53,113.531,113.522,113.5345,265
2026-05-22T06:54:00+00:00,113.532,113.5155,113.505,113.532,282
2026-05-22T06:55:00+00:00,113.515,113.5335,113.506,113.537,343
2026-05-22T06:56:00+00:00,113.5325,113.53,113.523,113.5345,354
2026-05-22T06:57:00+00:00,113.5305,113.52,113.519,113.5415,281
2026-05-22T06:58:00+00:00,113.52,113.5275,113.519,113.5345,193
2026-05-22T06:59:00+00:00,113.528,113.5395,113.5275,113.541,289
2026-05-22T07:00:00+00:00,113.539,113.512,113.512,113.5455,464
2026-05-22T07:01:00+00:00,113.5125,113.491,113.487,113.5125,406
2026-05-22T07:02:00+00:00,113.4905,113.462,113.4545,113.495,447
2026-05-22T07:03:00+00:00,113.4625,113.4745,113.4615,113.4765,371
2026-05-22T07:04:00+00:00,113.475,113.4665,113.464,113.482,271
2026-05-22T07:05:00+00:00,113.467,113.46,113.45,113.468,349
2026-05-22T07:06:00+00:00,113.4605,113.4475,113.4445,113.4675,305
2026-05-22T07:07:00+00:00,113.447,113.434,113.429,113.4525,267
2026-05-22T07:08:00+00:00,113.4345,113.4285,113.4275,113.4395,251
2026-05-22T07:09:00+00:00,113.4295,113.425,113.424,113.4435,370
2026-05-22T07:10:00+00:00,113.424,113.434,113.4205,113.4395,344
2026-05-22T07:11:00+00:00,113.4345,113.4395,113.4325,113.451,276
2026-05-22T07:12:00+00:00,113.44,113.436,113.4285,113.444,238
2026-05-22T07:13:00+00:00,113.436,113.432,113.4285,113.436,168
2026-05-22T07:14:00+00:00,113.4325,113.4425,113.4255,113.4445,323
2026-05-22T07:15:00+00:00,113.443,113.4665,113.4405,113.467,262
2026-05-22T07:16:00+00:00,113.466,113.4785,113.451,113.4785,268
2026-05-22T07:17:00+00:00,113.479,113.4735,113.47,113.4815,226
2026-05-22T07:18:00+00:00,113.473,113.4705,113.464,113.474,227
2026-05-22T07:19:00+00:00,113.471,113.467,113.4635,113.475,223
2026-05-22T07:20:00+00:00,113.4665,113.463,113.4595,113.47,233
2026-05-22T07:21:00+00:00,113.4625,113.4705,113.4535,113.4725,259
2026-05-22T07:22:00+00:00,113.47,113.473,113.4655,113.484,262
2026-05-22T07:23:00+00:00,113.4725,113.471,113.4675,113.479,245
2026-05-22T07:24:00+00:00,113.47,113.4735,113.468,113.475,142
2026-05-22T07:25:00+00:00,113.473,113.481,113.4655,113.4865,205
2026-05-22T07:26:00+00:00,113.4815,113.4865,113.476,113.4895,186
2026-05-22T07:27:00+00:00,113.487,113.4985,113.487,113.5075,214
2026-05-22T07:28:00+00:00,113.497,113.4965,113.486,113.499,193
2026-05-22T07:29:00+00:00,113.4955,113.4885,113.4665,113.496,278
2026-05-22T07:30:00+00:00,113.488,113.476,113.4725,113.492,272
2026-05-22T07:31:00+00:00,113.4755,113.4595,113.447,113.4755,354
2026-05-22T07:32:00+00:00,113.4585,113.4665,113.4585,113.4795,341
2026-05-22T07:33:00+00:00,113.4675,113.475,113.4575,113.477,369
2026-05-22T07:34:00+00:00,113.4745,113.476,113.469,113.4775,174
2026-05-22T07:35:00+00:00,113.477,113.4825,113.473,113.4875,290
2026-05-22T07:36:00+00:00,113.4825,113.478,113.469,113.487,341
2026-05-22T07:37:00+00:00,113.4785,113.475,113.469,113.483,276
2026-05-22T07:38:00+00:00,113.4745,113.489,113.473,113.4895,246
2026-05-22T07:39:00+00:00,113.489,113.4775,113.4765,113.4915,330
2026-05-22T07:40:00+00:00,113.478,113.498,113.478,113.5,207
2026-05-22T07:41:00+00:00,113.4975,113.4995,113.4935,113.5035,191
2026-05-22T07:42:00+00:00,113.5005,113.5095,113.5,113.511,125
2026-05-22T07:43:00+00:00,113.509,113.4985,113.494,113.5145,180
2026-05-22T07:44:00+00:00,113.499,113.4985,113.4925,113.503,206
2026-05-22T07:45:00+00:00,113.499,113.474,113.472,113.4995,216
2026-05-22T07:46:00+00:00,113.4735,113.4645,113.4585,113.4745,174
2026-05-22T07:47:00+00:00,113.464,113.477,113.4625,113.4775,165
2026-05-22T07:48:00+00:00,113.476,113.487,113.476,113.491,122
2026-05-22T07:49:00+00:00,113.487,113.4745,113.469,113.487,138
2026-05-22T07:50:00+00:00,113.474,113.4785,113.467,113.4785,278
2026-05-22T07:51:00+00:00,113.4785,113.4855,113.4785,113.493,281
2026-05-22T07:52:00+00:00,113.486,113.488,113.48,113.497,156
2026-05-22T07:53:00+00:00,113.4875,113.4725,113.471,113.488,203
2026-05-22T07:54:00+00:00,113.472,113.4605,113.4585,113.4825,227
2026-05-22T07:55:00+00:00,113.461,113.4955,113.4585,113.4955,272
2026-05-22T07:56:00+00:00,113.4955,113.502,113.49,113.5055,181
2026-05-22T07:57:00+00:00,113.501,113.5135,113.499,113.5145,220
2026-05-22T07:58:00+00:00,113.5145,113.5235,113.5095,113.528,217
2026-05-22T07:59:00+00:00,113.523,113.5295,113.517,113.53,251
2026-05-22T08:00:00+00:00,113.53,113.5105,113.508,113.532,371
2026-05-22T08:01:00+00:00,113.51,113.5105,113.4915,113.514,363
2026-05-22T08:02:00+00:00,113.511,113.4955,113.4915,113.5145,310
2026-05-22T08:03:00+00:00,113.496,113.517,113.496,113.523,312
2026-05-22T08:04:00+00:00,113.5175,113.512,113.512,113.5245,275
2026-05-22T08:05:00+00:00,113.5115,113.506,113.5055,113.517,250
2026-05-22T08:06:00+00:00,113.5055,113.5035,113.4995,113.508,293
2026-05-22T08:07:00+00:00,113.503,113.5025,113.4955,113.512,345
2026-05-22T08:08:00+00:00,113.503,113.4895,113.4875,113.514,337
2026-05-22T08:09:00+00:00,113.49,113.483,113.483,113.5095,429
2026-05-22T08:10:00+00:00,113.484,113.494,113.474,113.494,267
2026-05-22T08:11:00+00:00,113.494,113.4985,113.4875,113.5035,217
2026-05-22T08:12:00+00:00,113.4995,113.4915,113.486,113.4995,192
2026-05-22T08:13:00+00:00,113.4915,113.4955,113.4915,113.5025,209
2026-05-22T08:14:00+00:00,113.4945,113.4985,113.482,113.499,157
2026-05-22T08:15:00+00:00,113.498,113.5185,113.495,113.522,325
2026-05-22T08:16:00+00:00,113.518,113.523,113.5075,113.5305,425
2026-05-22T08:17:00+00:00,113.5235,113.5525,113.521,113.556,270
2026-05-22T08:18:00+00:00,113.552,113.578,113.552,113.588,413
2026-05-22T08:19:00+00:00,113.5775,113.5805,113.5715,113.5835,371
2026-05-22T08:20:00+00:00,113.581,113.6245,113.5805,113.639,757
2026-05-22T08:21:00+00:00,113.624,113.566,113.5655,113.63,655
2026-05-22T08:22:00+00:00,113.567,113.5435,113.54,113.567,427
2026-05-22T08:23:00+00:00,113.544,113.563,113.543,113.5645,317
2026-05-22T08:24:00+00:00,113.5635,113.5705,113.557,113.573,229
2026-05-22T08:25:00+00:00,113.5705,113.573,113.555,113.5785,299
2026-05-22T08:26:00+00:00,113.5735,113.582,113.571,113.582,251
2026-05-22T08:27:00+00:00,113.5825,113.5645,113.5635,113.5825,177
2026-05-22T08:28:00+00:00,113.564,113.5415,113.5405,113.5655,289
2026-05-22T08:29:00+00:00,113.5435,113.5485,113.5365,113.549,232
2026-05-22T08:30:00+00:00,113.549,113.56,113.542,113.574,353
2026-05-22T08:31:00+00:00,113.5605,113.575,113.556,113.575,236
2026-05-22T08:32:00+00:00,113.5745,113.576,113.5745,113.5835,197
2026-05-22T08:33:00+00:00,113.576,113.5515,113.55,113.576,209
2026-05-22T08:34:00+00:00,113.551,113.5075,113.5025,113.5525,522
2026-05-22T08:35:00+00:00,113.5065,113.495,113.463,113.5075,928
2026-05-22T08:36:00+00:00,113.4945,113.503,113.479,113.504,599
2026-05-22T08:37:00+00:00,113.5035,113.5145,113.498,113.5375,477
2026-05-22T08:38:00+00:00,113.5125,113.538,113.5095,113.5485,546
2026-05-22T08:39:00+00:00,113.5375,113.498,113.487,113.538,493
2026-05-22T08:40:00+00:00,113.4985,113.495,113.4895,113.5085,347
2026-05-22T08:41:00+00:00,113.4945,113.4975,113.4885,113.505,346
2026-05-22T08:42:00+00:00,113.497,113.518,113.496,113.521,353
2026-05-22T08:43:00+00:00,113.5185,113.5275,113.5165,113.5375,322
2026-05-22T08:44:00+00:00,113.526,113.513,113.5055,113.5275,352
2026-05-22T08:45:00+00:00,113.513,113.524,113.513,113.529,264
2026-05-22T08:46:00+00:00,113.5235,113.5205,113.5205,113.533,210
2026-05-22T08:47:00+00:00,113.521,113.53,113.5205,113.535,232
2026-05-22T08:48:00+00:00,113.5295,113.5375,113.5275,113.5395,245
2026-05-22T08:49:00+00:00,113.5375,113.5335,113.528,113.5395,192
2026-05-22T08:50:00+00:00,113.534,113.5355,113.517,113.536,304
2026-05-22T08:51:00+00:00,113.535,113.518,113.5125,113.5385,226
2026-05-22T08:52:00+00:00,113.5185,113.517,113.502,113.524,325
2026-05-22T08:53:00+00:00,113.515,113.502,113.497,113.5195,375
2026-05-22T08:54:00+00:00,113.5025,113.4965,113.495,113.5085,270
2026-05-22T08:55:00+00:00,113.497,113.5055,113.4945,113.5085,200
2026-05-22T08:56:00+00:00,113.505,113.496,113.4945,113.508,274
2026-05-22T08:57:00+00:00,113.4955,113.505,113.492,113.5065,206
2026-05-22T08:58:00+00:00,113.5055,113.486,113.481,113.508,280
2026-05-22T08:59:00+00:00,113.4865,113.4885,113.4775,113.4955,272
2026-05-22T09:00:00+00:00,113.488,113.4915,113.4765,113.4965,356
2026-05-22T09:01:00+00:00,113.492,113.488,113.485,113.497,338
2026-05-22T09:02:00+00:00,113.487,113.4785,113.4785,113.4995,327
2026-05-22T09:03:00+00:00,113.479,113.4885,113.4785,113.4895,203
2026-05-22T09:04:00+00:00,113.488,113.469,113.464,113.49,245
2026-05-22T09:05:00+00:00,113.4695,113.4615,113.4545,113.4695,335
2026-05-22T09:06:00+00:00,113.462,113.4355,113.4355,113.463,345
2026-05-22T09:07:00+00:00,113.435,113.4285,113.423,113.44,381
2026-05-22T09:08:00+00:00,113.429,113.407,113.402,113.4305,372
2026-05-22T09:09:00+00:00,113.4075,113.411,113.3975,113.415,358
2026-05-22T09:10:00+00:00,113.412,113.431,113.409,113.432,241
2026-05-22T09:11:00+00:00,113.4315,113.4365,113.43,113.4445,133
2026-05-22T09:12:00+00:00,113.4375,113.429,113.422,113.438,300
2026-05-22T09:13:00+00:00,113.4285,113.424,113.424,113.436,273
2026-05-22T09:14:00+00:00,113.425,113.4205,113.4165,113.43,378
2026-05-22T09:15:00+00:00,113.4195,113.409,113.403,113.4285,395
2026-05-22T09:16:00+00:00,113.4085,113.406,113.403,113.412,300
2026-05-22T09:17:00+00:00,113.4065,113.39,113.383,113.407,405
2026-05-22T09:18:00+00:00,113.3905,113.401,113.3845,113.4085,434
2026-05-22T09:19:00+00:00,113.4015,113.403,113.4005,113.409,307
2026-05-22T09:20:00+00:00,113.4025,113.405,113.4025,113.4145,255
2026-05-22T09:21:00+00:00,113.4055,113.3955,113.39,113.4055,262
2026-05-22T09:22:00+00:00,113.396,113.388,113.388,113.4035,266
2026-05-22T09:23:00+00:00,113.3885,113.382,113.3765,113.389,284
2026-05-22T09:24:00+00:00,113.3815,113.389,113.3765,113.39,178
2026-05-22T09:25:00+00:00,113.3895,113.388,113.383,113.397,268
2026-05-22T09:26:00+00:00,113.3875,113.3865,113.381,113.3885,210
2026-05-22T09:27:00+00:00,113.387,113.4185,113.386,113.4195,235
2026-05-22T09:28:00+00:00,113.42,113.426,113.419,113.432,239
2026-05-22T09:29:00+00:00,113.4265,113.434,113.4235,113.434,188
2026-05-22T09:30:00+00:00,113.4345,113.4215,113.421,113.435,157
2026-05-22T09:31:00+00:00,113.422,113.4125,113.403,113.4235,253
2026-05-22T09:32:00+00:00,113.413,113.406,113.4055,113.4175,194
2026-05-22T09:33:00+00:00,113.4055,113.404,113.3935,113.4055,181
2026-05-22T09:34:00+00:00,113.4035,113.408,113.397,113.41,162
2026-05-22T09:35:00+00:00,113.408,113.405,113.398,113.4085,195
2026-05-22T09:36:00+00:00,113.4055,113.406,113.398,113.4095,184
2026-05-22T09:37:00+00:00,113.407,113.395,113.39,113.4075,255
2026-05-22T09:38:00+00:00,113.3955,113.412,113.3955,113.413,165
2026-05-22T09:39:00+00:00,113.4115,113.457,113.4095,113.457,301
2026-05-22T09:40:00+00:00,113.4575,113.456,113.4465,113.46,299
2026-05-22T09:41:00+00:00,113.4565,113.458,113.446,113.4595,244
2026-05-22T09:42:00+00:00,113.4585,113.439,113.4375,113.46,185
2026-05-22T09:43:00+00:00,113.438,113.4285,113.427,113.4385,147
2026-05-22T09:44:00+00:00,113.429,113.435,113.4255,113.435,226
2026-05-22T09:45:00+00:00,113.4355,113.4385,113.4325,113.4425,219
2026-05-22T09:46:00+00:00,113.439,113.4325,113.425,113.4395,162
2026-05-22T09:47:00+00:00,113.433,113.443,113.429,113.4435,176
2026-05-22T09:48:00+00:00,113.4425,113.448,113.442,113.452,338
2026-05-22T09:49:00+00:00,113.4475,113.458,113.443,113.462,226
2026-05-22T09:50:00+00:00,113.4575,113.4625,113.455,113.468,468
2026-05-22T09:51:00+00:00,113.462,113.47,113.4545,113.4715,516
2026-05-22T09:52:00+00:00,113.4705,113.454,113.454,113.471,255
2026-05-22T09:53:00+00:00,113.455,113.461,113.4525,113.467,271
2026-05-22T09:54:00+00:00,113.46,113.443,113.4415,113.469,219
2026-05-22T09:55:00+00:00,113.442,113.4525,113.44,113.457,282
2026-05-22T09:56:00+00:00,113.452,113.44,113.4385,113.4535,230
2026-05-22T09:57:00+00:00,113.438,113.4345,113.4245,113.4395,242
2026-05-22T09:58:00+00:00,113.4335,113.432,113.4225,113.437,378
2026-05-22T09:59:00+00:00,113.4315,113.4275,113.4275,113.4395,287
2026-05-22T10:00:00+00:00,113.4285,113.46,113.4205,113.469,453
2026-05-22T10:01:00+00:00,113.4605,113.437,113.437,113.4635,332
2026-05-22T10:02:00+00:00,113.436,113.4425,113.425,113.4445,364
2026-05-22T10:03:00+00:00,113.442,113.4245,113.424,113.4465,302
2026-05-22T10:04:00+00:00,113.4235,113.408,113.407,113.4245,391
2026-05-22T10:05:00+00:00,113.409,113.426,113.408,113.4265,251
2026-05-22T10:06:00+00:00,113.4265,113.449,113.4265,113.4515,200
2026-05-22T10:07:00+00:00,113.448,113.4505,113.445,113.456,214
2026-05-22T10:08:00+00:00,113.45,113.4595,113.45,113.4665,260
2026-05-22T10:09:00+00:00,113.4595,113.4575,113.452,113.4625,173
2026-05-22T10:10:00+00:00,113.458,113.4615,113.453,113.4635,220
2026-05-22T10:11:00+00:00,113.461,113.4525,113.45,113.4615,132
2026-05-22T10:12:00+00:00,113.452,113.464,113.4505,113.4655,190
2026-05-22T10:13:00+00:00,113.4645,113.4485,113.4485,113.4715,206
2026-05-22T10:14:00+00:00,113.4475,113.4335,113.427,113.4495,279
2026-05-22T10:15:00+00:00,113.433,113.4425,113.4325,113.4425,218
2026-05-22T10:16:00+00:00,113.442,113.448,113.438,113.4535,178
2026-05-22T10:17:00+00:00,113.4485,113.4555,113.448,113.4575,222
2026-05-22T10:18:00+00:00,113.4545,113.4615,113.452,113.464,173
2026-05-22T10:19:00+00:00,113.461,113.455,113.4485,113.461,239
2026-05-22T10:20:00+00:00,113.4555,113.445,113.4445,113.4585,212
2026-05-22T10:21:00+00:00,113.4445,113.456,113.4445,113.46,263
2026-05-22T10:22:00+00:00,113.4565,113.438,113.434,113.4575,193
2026-05-22T10:23:00+00:00,113.4385,113.437,113.429,113.439,127
2026-05-22T10:24:00+00:00,113.4365,113.4455,113.428,113.4475,142
2026-05-22T10:25:00+00:00,113.446,113.4435,113.4405,113.4475,89
2026-05-22T10:26:00+00:00,113.443,113.449,113.4425,113.454,205
2026-05-22T10:27:00+00:00,113.4495,113.43,113.427,113.4495,137
2026-05-22T10:28:00+00:00,113.43,113.427,113.425,113.4355,169
2026-05-22T10:29:00+00:00,113.427,113.412,113.411,113.4285,201
2026-05-22T10:30:00+00:00,113.4115,113.4155,113.411,113.4295,256
2026-05-22T10:31:00+00:00,113.416,113.384,113.379,113.416,341
2026-05-22T10:32:00+00:00,113.3835,113.378,113.356,113.3855,306
2026-05-22T10:33:00+00:00,113.378,113.4045,113.3755,113.4045,375
2026-05-22T10:34:00+00:00,113.405,113.372,113.369,113.4065,284
2026-05-22T10:35:00+00:00,113.3725,113.375,113.3455,113.376,399
2026-05-22T10:36:00+00:00,113.3755,113.382,113.3705,113.393,297
2026-05-22T10:37:00+00:00,113.3825,113.395,113.381,113.398,310
2026-05-22T10:38:00+00:00,113.3945,113.3775,113.3745,113.396,277
2026-05-22T10:39:00+00:00,113.3765,113.37,113.369,113.378,347
2026-05-22T10:40:00+00:00,113.3695,113.372,113.368,113.3785,272
2026-05-22T10:41:00+00:00,113.3715,113.3855,113.3715,113.387,244
2026-05-22T10:42:00+00:00,113.385,113.383,113.375,113.3875,213
2026-05-22T10:43:00+00:00,113.3825,113.3875,113.3765,113.389,219
2026-05-22T10:44:00+00:00,113.3865,113.388,113.3795,113.39,239
2026-05-22T10:45:00+00:00,113.387,113.39,113.384,113.394,143
2026-05-22T10:46:00+00:00,113.3895,113.386,113.3845,113.393,222
2026-05-22T10:47:00+00:00,113.386,113.379,113.376,113.386,178
2026-05-22T10:48:00+00:00,113.379,113.374,113.3735,113.3875,247
2026-05-22T10:49:00+00:00,113.3735,113.3705,113.3635,113.374,262
2026-05-22T10:50:00+00:00,113.371,113.3795,113.368,113.3795,181
2026-05-22T10:51:00+00:00,113.38,113.376,113.374,113.384,141
2026-05-22T10:52:00+00:00,113.3765,113.3865,113.376,113.393,216
2026-05-22T10:53:00+00:00,113.386,113.393,113.385,113.394,196
2026-05-22T10:54:00+00:00,113.392,113.3805,113.379,113.3945,226
2026-05-22T10:55:00+00:00,113.38,113.3765,113.37,113.38,235
2026-05-22T10:56:00+00:00,113.376,113.3825,113.374,113.384,188
2026-05-22T10:57:00+00:00,113.383,113.382,113.3765,113.386,146
2026-05-22T10:58:00+00:00,113.382,113.38,113.377,113.383,112
2026-05-22T10:59:00+00:00,113.3805,113.38,113.379,113.3855,145
2026-05-22T11:00:00+00:00,113.381,113.3865,113.3805,113.391,262
2026-05-22T11:01:00+00:00,113.386,113.376,113.376,113.3905,246
2026-05-22T11:02:00+00:00,113.3755,113.3595,113.353,113.3755,279
2026-05-22T11:03:00+00:00,113.36,113.361,113.356,113.3655,165
2026-05-22T11:04:00+00:00,113.3605,113.3725,113.36,113.3725,156
2026-05-22T11:05:00+00:00,113.372,113.368,113.3655,113.376,202
2026-05-22T11:06:00+00:00,113.367,113.37,113.3665,113.3745,149
2026-05-22T11:07:00+00:00,113.369,113.352,113.3515,113.372,175
2026-05-22T11:08:00+00:00,113.3515,113.355,113.347,113.362,191
2026-05-22T11:09:00+00:00,113.355,113.3445,113.343,113.3565,139
2026-05-22T11:10:00+00:00,113.3445,113.345,113.332,113.3465,178
2026-05-22T11:11:00+00:00,113.3455,113.341,113.3375,113.346,151
2026-05-22T11:12:00+00:00,113.341,113.334,113.3295,113.341,164
2026-05-22T11:13:00+00:00,113.335,113.332,113.33,113.3365,113
2026-05-22T11:14:00+00:00,113.3315,113.3275,113.3205,113.338,214
2026-05-22T11:15:00+00:00,113.3275,113.3525,113.323,113.3645,278
2026-05-22T11:16:00+00:00,113.353,113.359,113.349,113.361,182
2026-05-22T11:17:00+00:00,113.3595,113.3575,113.3565,113.363,111
2026-05-22T11:18:00+00:00,113.357,113.3505,113.344,113.36,180
2026-05-22T11:19:00+00:00,113.351,113.3445,113.3435,113.3545,163
2026-05-22T11:20:00+00:00,113.345,113.342,113.3355,113.347,177
2026-05-22T11:21:00+00:00,113.3415,113.3375,113.3335,113.343,148
2026-05-22T11:22:00+00:00,113.337,113.3365,113.3275,113.339,156
2026-05-22T11:23:00+00:00,113.336,113.3305,113.329,113.3395,189
2026-05-22T11:24:00+00:00,113.3305,113.3395,113.3305,113.342,187
2026-05-22T11:25:00+00:00,113.34,113.3425,113.3365,113.344,111
2026-05-22T11:26:00+00:00,113.342,113.3525,113.3405,113.3575,194
2026-05-22T11:27:00+00:00,113.352,113.3635,113.351,113.3715,174
2026-05-22T11:28:00+00:00,113.363,113.3595,113.355,113.368,222
2026-05-22T11:29:00+00:00,113.3595,113.3525,113.3515,113.365,158
2026-05-22T11:30:00+00:00,113.352,113.315,113.3105,113.352,225
2026-05-22T11:31:00+00:00,113.3145,113.307,113.3035,113.318,294
2026-05-22T11:32:00+00:00,113.3065,113.327,113.306,113.3275,177
2026-05-22T11:33:00+00:00,113.3265,113.3275,113.321,113.33,163
2026-05-22T11:34:00+00:00,113.328,113.328,113.3195,113.3285,174
2026-05-22T11:35:00+00:00,113.3285,113.333,113.325,113.334,136
2026-05-22T11:36:00+00:00,113.3335,113.3395,113.3335,113.3465,215
2026-05-22T11:37:00+00:00,113.34,113.344,113.3385,113.352,157
2026-05-22T11:38:00+00:00,113.3445,113.3355,113.334,113.345,109
2026-05-22T11:39:00+00:00,113.336,113.351,113.336,113.361,333
2026-05-22T11:40:00+00:00,113.3505,113.337,113.3365,113.3515,200
2026-05-22T11:41:00+00:00,113.337,113.3235,113.322,113.339,168
2026-05-22T11:42:00+00:00,113.324,113.3245,113.318,113.3315,181
2026-05-22T11:43:00+00:00,113.325,113.328,113.321,113.33,153
2026-05-22T11:44:00+00:00,113.3275,113.3245,113.3245,113.3355,182
2026-05-22T11:45:00+00:00,113.324,113.335,113.3235,113.3365,159
2026-05-22T11:46:00+00:00,113.3355,113.34,113.334,113.3475,194
2026-05-22T11:47:00+00:00,113.3395,113.3565,113.339,113.365,579
2026-05-22T11:48:00+00:00,113.357,113.3865,113.3545,113.3905,425
2026-05-22T11:49:00+00:00,113.387,113.373,113.372,113.399,321
2026-05-22T11:50:00+00:00,113.3735,113.3695,113.3615,113.3815,282
2026-05-22T11:51:00+00:00,113.369,113.3675,113.361,113.373,327
2026-05-22T11:52:00+00:00,113.368,113.356,113.356,113.376,223
2026-05-22T11:53:00+00:00,113.3565,113.3645,113.356,113.366,159
2026-05-22T11:54:00+00:00,113.3645,113.355,113.3515,113.366,132
2026-05-22T11:55:00+00:00,113.3545,113.3415,113.3395,113.355,230
2026-05-22T11:56:00+00:00,113.343,113.34,113.3375,113.3535,249
2026-05-22T11:57:00+00:00,113.3395,113.333,113.332,113.3415,343
2026-05-22T11:58:00+00:00,113.3325,113.3305,113.3285,113.3405,225
2026-05-22T11:59:00+00:00,113.33,113.3345,113.3185,113.3375,299
2026-05-22T12:00:00+00:00,113.334,113.353,113.329,113.3585,444
2026-05-22T12:01:00+00:00,113.3535,113.347,113.3315,113.3535,293
2026-05-22T12:02:00+00:00,113.3465,113.3475,113.3375,113.3525,340
2026-05-22T12:03:00+00:00,113.347,113.331,113.329,113.3545,429
2026-05-22T12:04:00+00:00,113.331,113.333,113.3295,113.344,239
2026-05-22T12:05:00+00:00,113.3325,113.3385,113.3235,113.3415,247
2026-05-22T12:06:00+00:00,113.339,113.331,113.3305,113.3405,131
2026-05-22T12:07:00+00:00,113.331,113.3105,113.3095,113.3315,250
2026-05-22T12:08:00+00:00,113.31,113.3165,113.3065,113.3165,317
2026-05-22T12:09:00+00:00,113.317,113.322,113.316,113.3265,227
2026-05-22T12:10:00+00:00,113.3225,113.3225,113.317,113.3295,197
2026-05-22T12:11:00+00:00,113.323,113.331,113.321,113.334,210
2026-05-22T12:12:00+00:00,113.3315,113.3865,113.3305,113.428,1357
2026-05-22T12:13:00+00:00,113.387,113.4745,113.384,113.475,1254
2026-05-22T12:14:00+00:00,113.475,113.4265,113.409,113.4955,949
2026-05-22T12:15:00+00:00,113.427,113.424,113.4045,113.4425,1266
2026-05-22T12:16:00+00:00,113.4235,113.4475,113.4235,113.4575,1019
2026-05-22T12:17:00+00:00,113.4465,113.4005,113.3975,113.4505,682
2026-05-22T12:18:00+00:00,113.401,113.415,113.384,113.419,650
2026-05-22T12:19:00+00:00,113.4145,113.4505,113.4075,113.48,1017
2026-05-22T12:20:00+00:00,113.4495,113.3985,113.3965,113.4495,685
2026-05-22T12:21:00+00:00,113.3995,113.3805,113.3805,113.4045,455
2026-05-22T12:22:00+00:00,113.381,113.3505,113.344,113.3875,571
2026-05-22T12:23:00+00:00,113.3495,113.369,113.3435,113.375,474
2026-05-22T12:24:00+00:00,113.3695,113.3815,113.365,113.382,382
2026-05-22T12:25:00+00:00,113.382,113.39,113.3795,113.3945,440
2026-05-22T12:26:00+00:00,113.3905,113.381,113.379,113.4055,398
2026-05-22T12:27:00+00:00,113.3815,113.358,113.352,113.3885,486
2026-05-22T12:28:00+00:00,113.3585,113.3555,113.3545,113.369,286
2026-05-22T12:29:00+00:00,113.355,113.3575,113.3545,113.3605,230
2026-05-22T12:30:00+00:00,113.358,113.3755,113.358,113.378,365
2026-05-22T12:31:00+00:00,113.375,113.368,113.368,113.385,226
2026-05-22T12:32:00+00:00,113.3695,113.364,113.362,113.3785,298
2026-05-22T12:33:00+00:00,113.3635,113.3595,113.35,113.3645,307
2026-05-22T12:34:00+00:00,113.36,113.3585,113.336,113.3605,352
2026-05-22T12:35:00+00:00,113.3595,113.369,113.3535,113.3735,365
2026-05-22T12:36:00+00:00,113.3695,113.378,113.354,113.378,518
2026-05-22T12:37:00+00:00,113.377,113.3775,113.3725,113.38,226
2026-05-22T12:38:00+00:00,113.377,113.373,113.3695,113.39,266
2026-05-22T12:39:00+00:00,113.3735,113.3855,113.372,113.395,266
2026-05-22T12:40:00+00:00,113.386,113.3825,113.377,113.3945,316
2026-05-22T12:41:00+00:00,113.3835,113.379,113.376,113.3885,212
2026-05-22T12:42:00+00:00,113.3795,113.3455,113.344,113.3865,270
2026-05-22T12:43:00+00:00,113.346,113.35,113.327,113.3545,437
2026-05-22T12:44:00+00:00,113.3505,113.358,113.3505,113.366,230
2026-05-22T12:45:00+00:00,113.357,113.392,113.357,113.395,278
2026-05-22T12:46:00+00:00,113.3925,113.38,113.375,113.3925,306
2026-05-22T12:47:00+00:00,113.3795,113.401,113.3795,113.4015,385
2026-05-22T12:48:00+00:00,113.4,113.408,113.399,113.4085,315
2026-05-22T12:49:00+00:00,113.4085,113.4075,113.405,113.4135,212
2026-05-22T12:50:00+00:00,113.407,113.389,113.3875,113.407,237
2026-05-22T12:51:00+00:00,113.389,113.388,113.3845,113.394,181
2026-05-22T12:52:00+00:00,113.389,113.405,113.3885,113.4075,215
2026-05-22T12:53:00+00:00,113.4045,113.423,113.4025,113.424,209
2026-05-22T12:54:00+00:00,113.4225,113.413,113.407,113.4225,250
2026-05-22T12:55:00+00:00,113.4125,113.4085,113.403,113.4155,190
2026-05-22T12:56:00+00:00,113.408,113.437,113.407,113.4375,274
2026-05-22T12:57:00+00:00,113.4375,113.425,113.424,113.4395,183
2026-05-22T12:58:00+00:00,113.4255,113.4305,113.419,113.4315,309
2026-05-22T12:59:00+00:00,113.431,113.453,113.416,113.456,448
2026-05-22T13:00:00+00:00,113.451,113.448,113.437,113.466,721
2026-05-22T13:01:00+00:00,113.4495,113.465,113.448,113.4715,475
2026-05-22T13:02:00+00:00,113.465,113.4615,113.456,113.469,416
2026-05-22T13:03:00+00:00,113.462,113.493,113.461,113.4935,332
2026-05-22T13:04:00+00:00,113.492,113.471,113.4675,113.5015,398
2026-05-22T13:05:00+00:00,113.472,113.491,113.472,113.4915,444
2026-05-22T13:06:00+00:00,113.4915,113.485,113.483,113.5045,297
2026-05-22T13:07:00+00:00,113.4855,113.488,113.4785,113.498,428
2026-05-22T13:08:00+00:00,113.4885,113.499,113.485,113.5035,317
2026-05-22T13:09:00+00:00,113.498,113.5285,113.495,113.5545,873
2026-05-22T13:10:00+00:00,113.5295,113.5265,113.5055,113.5395,1144
2026-05-22T13:11:00+00:00,113.527,113.5725,113.5175,113.5745,920
2026-05-22T13:12:00+00:00,113.5735,113.5285,113.5285,113.575,944
2026-05-22T13:13:00+00:00,113.5275,113.532,113.5275,113.56,754
2026-05-22T13:14:00+00:00,113.5325,113.5415,113.521,113.546,716
2026-05-22T13:15:00+00:00,113.5405,113.541,113.526,113.5495,778
2026-05-22T13:16:00+00:00,113.5405,113.5225,113.516,113.5515,522
2026-05-22T13:17:00+00:00,113.523,113.508,113.508,113.526,499
2026-05-22T13:18:00+00:00,113.5085,113.514,113.5085,113.528,359
2026-05-22T13:19:00+00:00,113.5145,113.4985,113.4915,113.5215,694
2026-05-22T13:20:00+00:00,113.498,113.473,113.473,113.5,615
2026-05-22T13:21:00+00:00,113.4725,113.443,113.441,113.473,497
2026-05-22T13:22:00+00:00,113.4435,113.4615,113.44,113.4635,417
2026-05-22T13:23:00+00:00,113.462,113.462,113.4505,113.4625,374
2026-05-22T13:24:00+00:00,113.4615,113.4615,113.4545,113.4625,395
2026-05-22T13:25:00+00:00,113.462,113.462,113.451,113.4655,482
2026-05-22T13:26:00+00:00,113.462,113.4745,113.4605,113.478,387
2026-05-22T13:27:00+00:00,113.474,113.476,113.465,113.477,371
2026-05-22T13:28:00+00:00,113.4755,113.478,113.469,113.479,290
2026-05-22T13:29:00+00:00,113.4775,113.461,113.456,113.478,359
2026-05-22T13:30:00+00:00,113.46,113.4575,113.4495,113.464,800
2026-05-22T13:31:00+00:00,113.457,113.456,113.448,113.468,477
2026-05-22T13:32:00+00:00,113.4565,113.444,113.441,113.4585,391
2026-05-22T13:33:00+00:00,113.445,113.425,113.424,113.4555,766
2026-05-22T13:34:00+00:00,113.4265,113.44,113.4225,113.4405,779
2026-05-22T13:35:00+00:00,113.4395,113.437,113.4295,113.4475,651
2026-05-22T13:36:00+00:00,113.4365,113.434,113.433,113.447,496
2026-05-22T13:37:00+00:00,113.4345,113.426,113.4205,113.4375,657
2026-05-22T13:38:00+00:00,113.4265,113.416,113.4115,113.429,658
2026-05-22T13:39:00+00:00,113.4155,113.416,113.4085,113.43,443
2026-05-22T13:40:00+00:00,113.4165,113.4185,113.406,113.439,772
2026-05-22T13:41:00+00:00,113.419,113.438,113.415,113.447,606
2026-05-22T13:42:00+00:00,113.4375,113.416,113.397,113.439,939
2026-05-22T13:43:00+00:00,113.4165,113.423,113.407,113.43,677
2026-05-22T13:44:00+00:00,113.4225,113.4145,113.4095,113.423,487
2026-05-22T13:45:00+00:00,113.414,113.4075,113.402,113.4235,655
2026-05-22T13:46:00+00:00,113.407,113.3905,113.384,113.4085,527
2026-05-22T13:47:00+00:00,113.3915,113.394,113.3875,113.3995,421
2026-05-22T13:48:00+00:00,113.3935,113.361,113.3535,113.3955,718
2026-05-22T13:49:00+00:00,113.362,113.366,113.358,113.378,501
2026-05-22T13:50:00+00:00,113.3665,113.379,113.355,113.3805,686
2026-05-22T13:51:00+00:00,113.3785,113.4105,113.372,113.412,790
2026-05-22T13:52:00+00:00,113.41,113.4145,113.4045,113.4195,498
2026-05-22T13:53:00+00:00,113.414,113.442,113.4075,113.447,478
2026-05-22T13:54:00+00:00,113.4415,113.443,113.4345,113.449,537
2026-05-22T13:55:00+00:00,113.4425,113.4455,113.4395,113.4555,445
2026-05-22T13:56:00+00:00,113.445,113.444,113.4405,113.45,334
2026-05-22T13:57:00+00:00,113.4445,113.4445,113.429,113.461,475
2026-05-22T13:58:00+00:00,113.445,113.4305,113.4295,113.445,312
2026-05-22T13:59:00+00:00,113.4315,113.4265,113.4235,113.4385,317
2026-05-22T14:00:00+00:00,113.4255,113.331,113.328,113.4325,1282
2026-05-22T14:01:00+00:00,113.3305,113.2965,113.2815,113.3505,904
2026-05-22T14:02:00+00:00,113.296,113.2875,113.2655,113.303,846
2026-05-22T14:03:00+00:00,113.288,113.291,113.275,113.302,992
2026-05-22T14:04:00+00:00,113.2905,113.2975,113.2875,113.3125,944
2026-05-22T14:05:00+00:00,113.297,113.303,113.2915,113.3145,627
2026-05-22T14:06:00+00:00,113.3025,113.277,113.271,113.3055,657
2026-05-22T14:07:00+00:00,113.2765,113.313,113.276,113.313,583
2026-05-22T14:08:00+00:00,113.3125,113.328,113.309,113.334,519
2026-05-22T14:09:00+00:00,113.3285,113.355,113.3185,113.36,643
2026-05-22T14:10:00+00:00,113.3545,113.3625,113.3525,113.366,566
2026-05-22T14:11:00+00:00,113.362,113.3435,113.338,113.363,445
2026-05-22T14:12:00+00:00,113.344,113.335,113.332,113.3465,439
2026-05-22T14:13:00+00:00,113.3345,113.328,113.3125,113.336,602
2026-05-22T14:14:00+00:00,113.3275,113.315,113.309,113.334,558
2026-05-22T14:15:00+00:00,113.314,113.3085,113.3,113.3215,610
2026-05-22T14:16:00+00:00,113.309,113.2995,113.299,113.3185,581
2026-05-22T14:17:00+00:00,113.3005,113.284,113.28,113.307,560
2026-05-22T14:18:00+00:00,113.2835,113.304,113.2785,113.304,604
2026-05-22T14:19:00+00:00,113.3035,113.3145,113.299,113.315,311
2026-05-22T14:20:00+00:00,113.315,113.328,113.3125,113.333,402
2026-05-22T14:21:00+00:00,113.329,113.314,113.311,113.33,503
2026-05-22T14:22:00+00:00,113.3145,113.3015,113.299,113.316,543
2026-05-22T14:23:00+00:00,113.301,113.2825,113.282,113.308,471
2026-05-22T14:24:00+00:00,113.283,113.2955,113.2735,113.2955,571
2026-05-22T14:25:00+00:00,113.295,113.3155,113.2895,113.318,376
2026-05-22T14:26:00+00:00,113.315,113.319,113.311,113.332,463
2026-05-22T14:27:00+00:00,113.32,113.3145,113.3115,113.3245,543
2026-05-22T14:28:00+00:00,113.315,113.331,113.307,113.3315,584
2026-05-22T14:29:00+00:00,113.3305,113.355,113.33,113.3555,492
2026-05-22T14:30:00+00:00,113.356,113.3605,113.3405,113.365,685
2026-05-22T14:31:00+00:00,113.362,113.3845,113.36,113.3905,530
2026-05-22T14:32:00+00:00,113.384,113.3935,113.3795,113.4035,615
2026-05-22T14:33:00+00:00,113.393,113.395,113.385,113.3985,504
2026-05-22T14:34:00+00:00,113.394,113.394,113.3845,113.4,570
2026-05-22T14:35:00+00:00,113.3935,113.3845,113.377,113.4005,624
2026-05-22T14:36:00+00:00,113.3835,113.3865,113.372,113.3875,415
2026-05-22T14:37:00+00:00,113.387,113.387,113.3755,113.3905,391
2026-05-22T14:38:00+00:00,113.3875,113.369,113.362,113.388,495
2026-05-22T14:39:00+00:00,113.3695,113.3535,113.347,113.372,542
2026-05-22T14:40:00+00:00,113.353,113.3825,113.353,113.3835,553
2026-05-22T14:41:00+00:00,113.383,113.3775,113.3715,113.3855,378
2026-05-22T14:42:00+00:00,113.377,113.3825,113.368,113.384,344
2026-05-22T14:43:00+00:00,113.382,113.361,113.3575,113.3915,433
2026-05-22T14:44:00+00:00,113.3605,113.382,113.3585,113.3865,308
2026-05-22T14:45:00+00:00,113.382,113.4075,113.3785,113.4095,558
2026-05-22T14:46:00+00:00,113.4065,113.39,113.3895,113.4065,375
2026-05-22T14:47:00+00:00,113.3905,113.4025,113.39,113.408,376
2026-05-22T14:48:00+00:00,113.403,113.399,113.396,113.4125,321
2026-05-22T14:49:00+00:00,113.3985,113.3475,113.3475,113.4055,477
2026-05-22T14:50:00+00:00,113.348,113.3525,113.3415,113.3575,461
2026-05-22T14:51:00+00:00,113.353,113.3815,113.3495,113.3815,536
2026-05-22T14:52:00+00:00,113.382,113.387,113.376,113.396,476
2026-05-22T14:53:00+00:00,113.388,113.41,113.3855,113.411,551
2026-05-22T14:54:00+00:00,113.4095,113.412,113.4055,113.4215,464
2026-05-22T14:55:00+00:00,113.413,113.4125,113.399,113.415,659
2026-05-22T14:56:00+00:00,113.414,113.4205,113.4105,113.436,466
2026-05-22T14:57:00+00:00,113.42,113.4155,113.402,113.4315,657
2026-05-22T14:58:00+00:00,113.416,113.41,113.4015,113.4265,500
2026-05-22T14:59:00+00:00,113.4105,113.393,113.393,113.42,391
2026-05-22T15:00:00+00:00,113.3935,113.391,113.383,113.3985,518
2026-05-22T15:01:00+00:00,113.3915,113.396,113.3915,113.414,453
2026-05-22T15:02:00+00:00,113.3965,113.3905,113.3815,113.399,473
2026-05-22T15:03:00+00:00,113.391,113.385,113.3775,113.3945,411
2026-05-22T15:04:00+00:00,113.3845,113.41,113.378,113.417,397
2026-05-22T15:05:00+00:00,113.4095,113.446,113.408,113.4525,472
2026-05-22T15:06:00+00:00,113.4465,113.4375,113.4325,113.463,591
2026-05-22T15:07:00+00:00,113.438,113.4475,113.431,113.452,652
2026-05-22T15:08:00+00:00,113.447,113.4355,113.434,113.4545,406
2026-05-22T15:09:00+00:00,113.4355,113.4435,113.427,113.4455,366
2026-05-22T15:10:00+00:00,113.444,113.452,113.4395,113.453,327
2026-05-22T15:11:00+00:00,113.4515,113.4465,113.4395,113.4525,288
2026-05-22T15:12:00+00:00,113.446,113.4405,113.4335,113.447,309
2026-05-22T15:13:00+00:00,113.44,113.4415,113.436,113.447,244
2026-05-22T15:14:00+00:00,113.4405,113.4445,113.4365,113.4495,290
2026-05-22T15:15:00+00:00,113.444,113.4415,113.433,113.4465,327
2026-05-22T15:16:00+00:00,113.441,113.433,113.4295,113.451,331
2026-05-22T15:17:00+00:00,113.4335,113.4325,113.426,113.435,334
2026-05-22T15:18:00+00:00,113.432,113.4285,113.422,113.436,282
2026-05-22T15:19:00+00:00,113.428,113.4255,113.4235,113.4385,312
2026-05-22T15:20:00+00:00,113.425,113.4285,113.4155,113.4285,364
2026-05-22T15:21:00+00:00,113.428,113.4295,113.4225,113.4345,437
2026-05-22T15:22:00+00:00,113.429,113.434,113.4245,113.4355,313
2026-05-22T15:23:00+00:00,113.4335,113.4395,113.4315,113.441,329
2026-05-22T15:24:00+00:00,113.439,113.4305,113.4305,113.442,419
2026-05-22T15:25:00+00:00,113.431,113.453,113.4235,113.4535,312
2026-05-22T15:26:00+00:00,113.4535,113.4455,113.445,113.469,445
2026-05-22T15:27:00+00:00,113.445,113.4575,113.443,113.4595,351
2026-05-22T15:28:00+00:00,113.457,113.4625,113.4555,113.474,332
2026-05-22T15:29:00+00:00,113.463,113.4525,113.4495,113.4645,332
2026-05-22T15:30:00+00:00,113.454,113.4695,113.445,113.472,503
2026-05-22T15:31:00+00:00,113.469,113.4825,113.4595,113.4865,482
2026-05-22T15:32:00+00:00,113.483,113.4845,113.477,113.4895,312
2026-05-22T15:33:00+00:00,113.484,113.4865,113.477,113.4895,444
2026-05-22T15:34:00+00:00,113.487,113.4825,113.4785,113.4945,420
2026-05-22T15:35:00+00:00,113.4815,113.494,113.472,113.496,408
2026-05-22T15:36:00+00:00,113.4945,113.4965,113.487,113.5025,389
2026-05-22T15:37:00+00:00,113.497,113.4945,113.49,113.5045,320
2026-05-22T15:38:00+00:00,113.494,113.4985,113.4895,113.5,421
2026-05-22T15:39:00+00:00,113.499,113.4955,113.492,113.501,406
2026-05-22T15:40:00+00:00,113.495,113.4885,113.486,113.498,343
2026-05-22T15:41:00+00:00,113.4895,113.496,113.485,113.503,437
2026-05-22T15:42:00+00:00,113.4955,113.507,113.4955,113.507,285
2026-05-22T15:43:00+00:00,113.5065,113.5255,113.5,113.5255,387
2026-05-22T15:44:00+00:00,113.526,113.5285,113.5245,113.5375,256
2026-05-22T15:45:00+00:00,113.5295,113.5565,113.5255,113.557,354
2026-05-22T15:46:00+00:00,113.556,113.535,113.533,113.558,314
2026-05-22T15:47:00+00:00,113.5355,113.512,113.512,113.5365,485
2026-05-22T15:48:00+00:00,113.511,113.5035,113.497,113.5145,360
2026-05-22T15:49:00+00:00,113.504,113.5055,113.498,113.514,588
2026-05-22T15:50:00+00:00,113.506,113.5225,113.5055,113.525,410
2026-05-22T15:51:00+00:00,113.523,113.5295,113.519,113.5305,366
2026-05-22T15:52:00+00:00,113.53,113.535,113.529,113.5435,291
2026-05-22T15:53:00+00:00,113.5355,113.554,113.534,113.555,308
2026-05-22T15:54:00+00:00,113.5545,113.5495,113.5485,113.5645,322
2026-05-22T15:55:00+00:00,113.549,113.5385,113.5345,113.552,380
2026-05-22T15:56:00+00:00,113.539,113.54,113.536,113.545,351
2026-05-22T15:57:00+00:00,113.5405,113.5335,113.527,113.5405,369
2026-05-22T15:58:00+00:00,113.5335,113.5345,113.533,113.546,323
2026-05-22T15:59:00+00:00,113.535,113.5235,113.5185,113.5355,266
2026-05-22T16:00:00+00:00,113.5225,113.5195,113.511,113.5285,519
2026-05-22T16:01:00+00:00,113.519,113.5455,113.518,113.5475,535
2026-05-22T16:02:00+00:00,113.545,113.5485,113.538,113.55,357
2026-05-22T16:03:00+00:00,113.549,113.536,113.531,113.549,387
2026-05-22T16:04:00+00:00,113.535,113.5385,113.526,113.5415,413
2026-05-22T16:05:00+00:00,113.538,113.5385,113.5335,113.546,379
2026-05-22T16:06:00+00:00,113.538,113.5285,113.5235,113.5415,290
2026-05-22T16:07:00+00:00,113.529,113.5385,113.528,113.544,295
2026-05-22T16:08:00+00:00,113.539,113.542,113.5355,113.548,536
2026-05-22T16:09:00+00:00,113.543,113.5365,113.534,113.5455,369
2026-05-22T16:10:00+00:00,113.536,113.5415,113.532,113.5475,392
2026-05-22T16:11:00+00:00,113.5405,113.553,113.534,113.5535,336
2026-05-22T16:12:00+00:00,113.5535,113.554,113.55,113.564,294
2026-05-22T16:13:00+00:00,113.5535,113.547,113.547,113.5605,252
2026-05-22T16:14:00+00:00,113.5475,113.544,113.5415,113.554,227
2026-05-22T16:15:00+00:00,113.5435,113.5255,113.521,113.5475,395
2026-05-22T16:16:00+00:00,113.525,113.551,113.525,113.552,323
2026-05-22T16:17:00+00:00,113.5525,113.5475,113.545,113.557,302
2026-05-22T16:18:00+00:00,113.548,113.5455,113.534,113.5535,319
2026-05-22T16:19:00+00:00,113.546,113.5435,113.5415,113.5495,245
2026-05-22T16:20:00+00:00,113.543,113.5525,113.54,113.5535,240
2026-05-22T16:21:00+00:00,113.553,113.5675,113.552,113.572,328
2026-05-22T16:22:00+00:00,113.568,113.554,113.5525,113.568,285
2026-05-22T16:23:00+00:00,113.5545,113.5475,113.5405,113.5595,286
2026-05-22T16:24:00+00:00,113.548,113.5525,113.5435,113.558,266
2026-05-22T16:25:00+00:00,113.552,113.5665,113.5485,113.5665,356
2026-05-22T16:26:00+00:00,113.566,113.565,113.5635,113.5725,317
2026-05-22T16:27:00+00:00,113.5645,113.5695,113.562,113.5725,443
2026-05-22T16:28:00+00:00,113.5685,113.5775,113.5665,113.5775,229
2026-05-22T16:29:00+00:00,113.577,113.5735,113.568,113.5785,368
2026-05-22T16:30:00+00:00,113.574,113.582,113.571,113.589,421
2026-05-22T16:31:00+00:00,113.5825,113.5835,113.579,113.5935,235
2026-05-22T16:32:00+00:00,113.583,113.5625,113.5575,113.5845,263
2026-05-22T16:33:00+00:00,113.563,113.562,113.555,113.5715,269
2026-05-22T16:34:00+00:00,113.5615,113.5455,113.5445,113.5625,360
2026-05-22T16:35:00+00:00,113.545,113.547,113.5445,113.5515,224
2026-05-22T16:36:00+00:00,113.5475,113.5465,113.5395,113.5515,554
2026-05-22T16:37:00+00:00,113.5455,113.559,113.5455,113.561,317
2026-05-22T16:38:00+00:00,113.558,113.547,113.542,113.5585,293
2026-05-22T16:39:00+00:00,113.5465,113.559,113.5445,113.5605,346
2026-05-22T16:40:00+00:00,113.5585,113.5595,113.558,113.5635,143
2026-05-22T16:41:00+00:00,113.56,113.5725,113.5565,113.5735,184
2026-05-22T16:42:00+00:00,113.572,113.565,113.5645,113.572,187
2026-05-22T16:43:00+00:00,113.5665,113.5625,113.556,113.568,266
2026-05-22T16:44:00+00:00,113.562,113.5565,113.555,113.569,201
2026-05-22T16:45:00+00:00,113.557,113.563,113.5565,113.57,192
2026-05-22T16:46:00+00:00,113.5635,113.5755,113.562,113.5785,239
2026-05-22T16:47:00+00:00,113.576,113.5855,113.574,113.587,265
2026-05-22T16:48:00+00:00,113.586,113.5715,113.5715,113.5885,280
2026-05-22T16:49:00+00:00,113.571,113.5765,113.571,113.5795,209
2026-05-22T16:50:00+00:00,113.576,113.572,113.5685,113.5825,299
2026-05-22T16:51:00+00:00,113.573,113.5675,113.566,113.573,261
2026-05-22T16:52:00+00:00,113.568,113.5705,113.5635,113.5755,252
2026-05-22T16:53:00+00:00,113.57,113.581,113.5695,113.5845,191
2026-05-22T16:54:00+00:00,113.5805,113.5795,113.5795,113.5915,215
2026-05-22T16:55:00+00:00,113.5805,113.575,113.5725,113.583,178
2026-05-22T16:56:00+00:00,113.5755,113.572,113.5715,113.5805,241
2026-05-22T16:57:00+00:00,113.5725,113.571,113.56,113.577,310
2026-05-22T16:58:00+00:00,113.5715,113.5815,113.568,113.5815,183
2026-05-22T16:59:00+00:00,113.583,113.5775,113.575,113.5835,192
2026-05-22T17:00:00+00:00,113.5765,113.6015,113.572,113.603,365
2026-05-22T17:01:00+00:00,113.601,113.6015,113.597,113.6035,285
2026-05-22T17:02:00+00:00,113.6015,113.5995,113.598,113.607,160
2026-05-22T17:03:00+00:00,113.599,113.599,113.598,113.6055,174
2026-05-22T17:04:00+00:00,113.6,113.612,113.6,113.6165,151
2026-05-22T17:05:00+00:00,113.6115,113.614,113.611,113.618,250
2026-05-22T17:06:00+00:00,113.6145,113.594,113.5905,113.6145,310
2026-05-22T17:07:00+00:00,113.593,113.609,113.592,113.6095,263
2026-05-22T17:08:00+00:00,113.6085,113.607,113.603,113.6105,143
2026-05-22T17:09:00+00:00,113.6075,113.605,113.5965,113.6085,157
2026-05-22T17:10:00+00:00,113.6055,113.6065,113.604,113.612,218
2026-05-22T17:11:00+00:00,113.6075,113.6065,113.6035,113.6095,156
2026-05-22T17:12:00+00:00,113.606,113.6015,113.593,113.606,271
2026-05-22T17:13:00+00:00,113.6015,113.6,113.5955,113.6075,177
2026-05-22T17:14:00+00:00,113.5995,113.5995,113.592,113.602,271
2026-05-22T17:15:00+00:00,113.599,113.5975,113.5945,113.6045,266
2026-05-22T17:16:00+00:00,113.598,113.5945,113.5915,113.5995,190
2026-05-22T17:17:00+00:00,113.5945,113.601,113.593,113.6035,142
2026-05-22T17:18:00+00:00,113.601,113.5915,113.59,113.602,130
2026-05-22T17:19:00+00:00,113.592,113.577,113.573,113.597,281
2026-05-22T17:20:00+00:00,113.5775,113.5855,113.5675,113.593,857
2026-05-22T17:21:00+00:00,113.584,113.5665,113.5635,113.584,449
2026-05-22T17:22:00+00:00,113.5655,113.5605,113.5565,113.5685,421
2026-05-22T17:23:00+00:00,113.561,113.5645,113.549,113.565,475
2026-05-22T17:24:00+00:00,113.565,113.5685,113.5545,113.571,306
2026-05-22T17:25:00+00:00,113.568,113.5735,113.568,113.5765,447
2026-05-22T17:26:00+00:00,113.573,113.568,113.566,113.5755,311
2026-05-22T17:27:00+00:00,113.569,113.575,113.566,113.5795,380
2026-05-22T17:28:00+00:00,113.5745,113.581,113.5535,113.613,1623
2026-05-22T17:29:00+00:00,113.5815,113.6005,113.557,113.605,1320
2026-05-22T17:30:00+00:00,113.6015,113.603,113.595,113.6195,1227
2026-05-22T17:31:00+00:00,113.6035,113.6005,113.5925,113.6115,1000
2026-05-22T17:32:00+00:00,113.6,113.5845,113.581,113.616,796
2026-05-22T17:33:00+00:00,113.585,113.5745,113.5735,113.588,542
2026-05-22T17:34:00+00:00,113.5755,113.5805,113.575,113.59,450
2026-05-22T17:35:00+00:00,113.5795,113.5745,113.572,113.5845,438
2026-05-22T17:36:00+00:00,113.574,113.569,113.5615,113.576,474
2026-05-22T17:37:00+00:00,113.5685,113.5765,113.567,113.5795,393
2026-05-22T17:38:00+00:00,113.577,113.59,113.574,113.5915,485
2026-05-22T17:39:00+00:00,113.5905,113.597,113.5885,113.5995,853
2026-05-22T17:40:00+00:00,113.5975,113.5815,113.5755,113.5985,614
2026-05-22T17:41:00+00:00,113.581,113.5665,113.566,113.5835,479
2026-05-22T17:42:00+00:00,113.5675,113.575,113.566,113.577,804
2026-05-22T17:43:00+00:00,113.5745,113.57,113.5675,113.5795,453
2026-05-22T17:44:00+00:00,113.571,113.5685,113.563,113.575,456
2026-05-22T17:45:00+00:00,113.569,113.5715,113.5655,113.5735,519
2026-05-22T17:46:00+00:00,113.571,113.568,113.566,113.575,254
2026-05-22T17:47:00+00:00,113.5675,113.57,113.564,113.576,457
2026-05-22T17:48:00+00:00,113.5695,113.583,113.5685,113.584,500
2026-05-22T17:49:00+00:00,113.5835,113.5915,113.5825,113.596,216
2026-05-22T17:50:00+00:00,113.5925,113.6,113.59,113.6,259
2026-05-22T17:51:00+00:00,113.599,113.6025,113.5885,113.603,436
2026-05-22T17:52:00+00:00,113.602,113.6005,113.593,113.604,340
2026-05-22T17:53:00+00:00,113.601,113.6055,113.599,113.608,306
2026-05-22T17:54:00+00:00,113.6065,113.59,113.587,113.6095,313
2026-05-22T17:55:00+00:00,113.5905,113.5995,113.5895,113.6,257
2026-05-22T17:56:00+00:00,113.6,113.5995,113.593,113.6055,259
2026-05-22T17:57:00+00:00,113.6005,113.602,113.597,113.6085,263
2026-05-22T17:58:00+00:00,113.6015,113.5945,113.59,113.6035,237
2026-05-22T17:59:00+00:00,113.5945,113.5865,113.584,113.595,341
2026-05-22T18:00:00+00:00,113.587,113.5945,113.5835,113.595,322
2026-05-22T18:01:00+00:00,113.594,113.579,113.577,113.5945,281
2026-05-22T18:02:00+00:00,113.5785,113.586,113.5755,113.5915,345
2026-05-22T18:03:00+00:00,113.5855,113.5875,113.583,113.5915,299
2026-05-22T18:04:00+00:00,113.588,113.5875,113.5525,113.5895,588
2026-05-22T18:05:00+00:00,113.588,113.59,113.5795,113.5925,428
2026-05-22T18:06:00+00:00,113.5915,113.591,113.583,113.5935,454
2026-05-22T18:07:00+00:00,113.5915,113.6025,113.5875,113.6055,572
2026-05-22T18:08:00+00:00,113.603,113.6,113.597,113.6065,500
2026-05-22T18:09:00+00:00,113.5995,113.5985,113.594,113.6035,584
2026-05-22T18:10:00+00:00,113.599,113.5975,113.595,113.6025,502
2026-05-22T18:11:00+00:00,113.598,113.597,113.592,113.6005,470
2026-05-22T18:12:00+00:00,113.5975,113.592,113.588,113.6005,250
2026-05-22T18:13:00+00:00,113.5925,113.598,113.591,113.5995,170
2026-05-22T18:14:00+00:00,113.599,113.6025,113.5905,113.6055,322
2026-05-22T18:15:00+00:00,113.602,113.599,113.594,113.6045,303
2026-05-22T18:16:00+00:00,113.598,113.6075,113.5975,113.6115,157
2026-05-22T18:17:00+00:00,113.607,113.5995,113.597,113.607,193
2026-05-22T18:18:00+00:00,113.6,113.6,113.599,113.609,322
2026-05-22T18:19:00+00:00,113.601,113.6,113.5985,113.6085,265
2026-05-22T18:20:00+00:00,113.6005,113.6015,113.5985,113.6055,196
2026-05-22T18:21:00+00:00,113.601,113.5985,113.5975,113.605,232
2026-05-22T18:22:00+00:00,113.598,113.5965,113.587,113.5985,251
2026-05-22T18:23:00+00:00,113.596,113.5925,113.5875,113.596,258
2026-05-22T18:24:00+00:00,113.592,113.59,113.5775,113.5935,285
2026-05-22T18:25:00+00:00,113.589,113.585,113.5835,113.5935,204
2026-05-22T18:26:00+00:00,113.5845,113.5915,113.5785,113.5915,255
2026-05-22T18:27:00+00:00,113.59,113.5925,113.587,113.5975,326
2026-05-22T18:28:00+00:00,113.592,113.5925,113.587,113.596,268
2026-05-22T18:29:00+00:00,113.593,113.59,113.585,113.5935,223
2026-05-22T18:30:00+00:00,113.5895,113.59,113.5835,113.5925,282
2026-05-22T18:31:00+00:00,113.589,113.5885,113.584,113.593,272
2026-05-22T18:32:00+00:00,113.5895,113.5855,113.585,113.5935,380
2026-05-22T18:33:00+00:00,113.5865,113.588,113.5855,113.5925,135
2026-05-22T18:34:00+00:00,113.5885,113.592,113.5865,113.593,79
2026-05-22T18:35:00+00:00,113.5925,113.5805,113.578,113.5925,198
2026-05-22T18:36:00+00:00,113.581,113.5845,113.579,113.5865,175
2026-05-22T18:37:00+00:00,113.5835,113.5825,113.5785,113.5885,199
2026-05-22T18:38:00+00:00,113.582,113.594,113.5745,113.5965,266
2026-05-22T18:39:00+00:00,113.5935,113.598,113.591,113.613,768
2026-05-22T18:40:00+00:00,113.598,113.5995,113.5915,113.6045,315
2026-05-22T18:41:00+00:00,113.599,113.591,113.589,113.603,367
2026-05-22T18:42:00+00:00,113.5905,113.5945,113.587,113.595,289
2026-05-22T18:43:00+00:00,113.595,113.5985,113.593,113.602,313
2026-05-22T18:44:00+00:00,113.598,113.596,113.592,113.602,347
2026-05-22T18:45:00+00:00,113.596,113.5925,113.5895,113.5985,370
2026-05-22T18:46:00+00:00,113.5935,113.5945,113.592,113.6005,184
2026-05-22T18:47:00+00:00,113.594,113.5915,113.5885,113.5985,282
2026-05-22T18:48:00+00:00,113.592,113.589,113.586,113.592,241
2026-05-22T18:49:00+00:00,113.59,113.589,113.588,113.5985,255
2026-05-22T18:50:00+00:00,113.5885,113.5955,113.588,113.5975,234
2026-05-22T18:51:00+00:00,113.5945,113.594,113.591,113.598,283
2026-05-22T18:52:00+00:00,113.594,113.598,113.5935,113.6035,116
2026-05-22T18:53:00+00:00,113.5985,113.6,113.5935,113.604,161
2026-05-22T18:54:00+00:00,113.6005,113.6,113.598,113.605,166
2026-05-22T18:55:00+00:00,113.6005,113.5935,113.59,113.6005,110
2026-05-22T18:56:00+00:00,113.593,113.5885,113.5865,113.5955,172
2026-05-22T18:57:00+00:00,113.589,113.593,113.586,113.6005,200
2026-05-22T18:58:00+00:00,113.5935,113.5905,113.587,113.595,389
2026-05-22T18:59:00+00:00,113.59,113.593,113.5885,113.6005,510
2026-05-22T19:00:00+00:00,113.5925,113.5855,113.568,113.5925,454
2026-05-22T19:01:00+00:00,113.586,113.568,113.564,113.5875,353
2026-05-22T19:02:00+00:00,113.5675,113.557,113.5495,113.5765,488
2026-05-22T19:03:00+00:00,113.5565,113.5415,113.5405,113.5575,852
2026-05-22T19:04:00+00:00,113.541,113.541,113.5355,113.551,438
2026-05-22T19:05:00+00:00,113.5415,113.5425,113.5355,113.547,346
2026-05-22T19:06:00+00:00,113.543,113.5405,113.538,113.546,272
2026-05-22T19:07:00+00:00,113.54,113.545,113.5395,113.5515,275
2026-05-22T19:08:00+00:00,113.546,113.542,113.541,113.55,190
2026-05-22T19:09:00+00:00,113.5425,113.5465,113.535,113.547,283
2026-05-22T19:10:00+00:00,113.546,113.5495,113.5415,113.5515,258
2026-05-22T19:11:00+00:00,113.5495,113.5525,113.5495,113.5545,249
2026-05-22T19:12:00+00:00,113.552,113.5585,113.552,113.5605,211
2026-05-22T19:13:00+00:00,113.558,113.552,113.5515,113.559,187
2026-05-22T19:14:00+00:00,113.5515,113.5485,113.5455,113.552,153
2026-05-22T19:15:00+00:00,113.549,113.5555,113.5475,113.5585,251
2026-05-22T19:16:00+00:00,113.555,113.554,113.552,113.558,323
2026-05-22T19:17:00+00:00,113.5535,113.555,113.551,113.5575,223
2026-05-22T19:18:00+00:00,113.555,113.5605,113.5515,113.5625,258
2026-05-22T19:19:00+00:00,113.5615,113.561,113.56,113.565,150
2026-05-22T19:20:00+00:00,113.56,113.5445,113.543,113.561,122
2026-05-22T19:21:00+00:00,113.5445,113.5405,113.539,113.546,138
2026-05-22T19:22:00+00:00,113.5395,113.5385,113.5345,113.542,180
2026-05-22T19:23:00+00:00,113.539,113.543,113.5375,113.544,189
2026-05-22T19:24:00+00:00,113.5425,113.544,113.5405,113.5465,210
2026-05-22T19:25:00+00:00,113.5445,113.5385,113.537,113.5455,103
2026-05-22T19:26:00+00:00,113.5385,113.5365,113.5335,113.539,141
2026-05-22T19:27:00+00:00,113.536,113.539,113.534,113.5395,168
2026-05-22T19:28:00+00:00,113.5385,113.5445,113.537,113.5455,196
2026-05-22T19:29:00+00:00,113.5435,113.5305,113.5265,113.5445,287
2026-05-22T19:30:00+00:00,113.5315,113.5185,113.5175,113.533,375
2026-05-22T19:31:00+00:00,113.5195,113.5225,113.518,113.5305,363
2026-05-22T19:32:00+00:00,113.523,113.5285,113.521,113.5345,243
2026-05-22T19:33:00+00:00,113.5285,113.529,113.524,113.5325,299
2026-05-22T19:34:00+00:00,113.5295,113.5305,113.5265,113.534,285
2026-05-22T19:35:00+00:00,113.53,113.5265,113.525,113.534,387
2026-05-22T19:36:00+00:00,113.5265,113.5285,113.5225,113.5315,246
2026-05-22T19:37:00+00:00,113.529,113.5205,113.519,113.5295,290
2026-05-22T19:38:00+00:00,113.521,113.521,113.515,113.524,272
2026-05-22T19:39:00+00:00,113.522,113.5165,113.516,113.5225,342
2026-05-22T19:40:00+00:00,113.516,113.515,113.512,113.521,124
2026-05-22T19:41:00+00:00,113.5155,113.523,113.5105,113.5245,174
2026-05-22T19:42:00+00:00,113.523,113.52,113.516,113.5235,243
2026-05-22T19:43:00+00:00,113.5195,113.522,113.5175,113.5235,159
2026-05-22T19:44:00+00:00,113.523,113.52,113.517,113.526,198
2026-05-22T19:45:00+00:00,113.5205,113.515,113.514,113.522,272
2026-05-22T19:46:00+00:00,113.514,113.5075,113.504,113.515,303
2026-05-22T19:47:00+00:00,113.507,113.5095,113.504,113.5125,318
2026-05-22T19:48:00+00:00,113.509,113.5065,113.504,113.5105,313
2026-05-22T19:49:00+00:00,113.5055,113.5085,113.5025,113.51,260
2026-05-22T19:50:00+00:00,113.5095,113.514,113.4965,113.515,499
2026-05-22T19:51:00+00:00,113.5135,113.5005,113.498,113.5145,274
2026-05-22T19:52:00+00:00,113.5,113.4995,113.498,113.507,240
2026-05-22T19:53:00+00:00,113.4995,113.5015,113.4995,113.5105,164
2026-05-22T19:54:00+00:00,113.502,113.5045,113.4985,113.5065,211
2026-05-22T19:55:00+00:00,113.504,113.519,113.504,113.52,210
2026-05-22T19:56:00+00:00,113.5195,113.521,113.5145,113.5225,194
2026-05-22T19:57:00+00:00,113.5205,113.533,113.519,113.5385,361
2026-05-22T19:58:00+00:00,113.5325,113.5275,113.5255,113.5345,231
2026-05-22T19:59:00+00:00,113.5285,113.519,113.5155,113.531,294
2026-05-22T20:00:00+00:00,113.52,113.518,113.511,113.523,463
2026-05-22T20:01:00+00:00,113.5175,113.516,113.513,113.5205,216
2026-05-22T20:02:00+00:00,113.515,113.4985,113.4975,113.518,589
2026-05-22T20:03:00+00:00,113.498,113.504,113.497,113.507,254
2026-05-22T20:04:00+00:00,113.5045,113.5045,113.5,113.5055,139
2026-05-22T20:05:00+00:00,113.504,113.508,113.502,113.508,425
2026-05-22T20:06:00+00:00,113.5085,113.513,113.5045,113.5145,176
2026-05-22T20:07:00+00:00,113.5125,113.5155,113.5115,113.517,264
2026-05-22T20:08:00+00:00,113.516,113.5145,113.513,113.517,414
2026-05-22T20:09:00+00:00,113.5145,113.517,113.5145,113.5185,218
2026-05-22T20:10:00+00:00,113.5175,113.515,113.514,113.5175,185
2026-05-22T20:11:00+00:00,113.516,113.5075,113.507,113.517,37
2026-05-22T20:12:00+00:00,113.5075,113.5055,113.504,113.508,19
2026-05-22T20:13:00+00:00,113.5055,113.5035,113.5025,113.5085,94
2026-05-22T20:14:00+00:00,113.5045,113.513,113.5045,113.515,48
2026-05-22T20:15:00+00:00,113.5135,113.504,113.5035,113.5145,96
2026-05-22T20:16:00+00:00,113.504,113.4925,113.4925,113.507,94
2026-05-22T20:17:00+00:00,113.4925,113.498,113.4925,113.5015,128
2026-05-22T20:18:00+00:00,113.498,113.4985,113.494,113.5005,227
2026-05-22T20:19:00+00:00,113.499,113.5065,113.497,113.507,109
2026-05-22T20:20:00+00:00,113.507,113.508,113.5065,113.5105,23
2026-05-22T20:21:00+00:00,113.508,113.499,113.499,113.5105,68
2026-05-22T20:22:00+00:00,113.499,113.5005,113.499,113.5025,17
2026-05-22T20:23:00+00:00,113.5005,113.494,113.494,113.5035,47
2026-05-22T20:24:00+00:00,113.494,113.496,113.494,113.498,10
2026-05-22T20:25:00+00:00,113.496,113.4905,113.489,113.5,46
2026-05-22T20:26:00+00:00,113.489,113.4945,113.489,113.496,65
2026-05-22T20:27:00+00:00,113.4945,113.496,113.4945,113.5005,32
2026-05-22T20:28:00+00:00,113.496,113.481,113.48,113.498,150
2026-05-22T20:29:00+00:00,113.4815,113.4755,113.473,113.4875,112
2026-05-22T20:30:00+00:00,113.475,113.4735,113.469,113.4785,86
2026-05-22T20:31:00+00:00,113.4735,113.4575,113.4415,113.475,439
2026-05-22T20:32:00+00:00,113.4565,113.4445,113.4385,113.464,252
2026-05-22T20:33:00+00:00,113.4435,113.452,113.4415,113.4575,171
2026-05-22T20:34:00+00:00,113.4515,113.452,113.442,113.4575,400
2026-05-22T20:35:00+00:00,113.453,113.4495,113.4455,113.455,137
2026-05-22T20:36:00+00:00,113.45,113.459,113.445,113.459,180
2026-05-22T20:37:00+00:00,113.4585,113.4575,113.4555,113.463,258
2026-05-22T20:38:00+00:00,113.4575,113.4665,113.4535,113.468,663
2026-05-22T20:39:00+00:00,113.466,113.4685,113.463,113.4685,367
2026-05-22T20:40:00+00:00,113.469,113.466,113.465,113.483,406
2026-05-22T20:41:00+00:00,113.467,113.4685,113.465,113.472,316
2026-05-22T20:42:00+00:00,113.4695,113.476,113.4675,113.4785,280
2026-05-22T20:43:00+00:00,113.477,113.481,113.474,113.485,705
2026-05-22T20:44:00+00:00,113.4815,113.4845,113.4795,113.488,625
2026-05-22T20:45:00+00:00,113.4855,113.492,113.481,113.4955,383
2026-05-22T20:46:00+00:00,113.4925,113.494,113.482,113.497,289
2026-05-22T20:47:00+00:00,113.4945,113.475,113.471,113.495,243
2026-05-22T20:48:00+00:00,113.4745,113.4555,113.4555,113.476,177
2026-05-22T20:49:00+00:00,113.4565,113.47,113.4505,113.4705,223
2026-05-22T20:50:00+00:00,113.4695,113.4535,113.4535,113.4695,151
2026-05-22T20:51:00+00:00,113.454,113.443,113.4405,113.457,178
2026-05-22T20:52:00+00:00,113.442,113.455,113.442,113.457,151
2026-05-22T20:53:00+00:00,113.4535,113.4585,113.4515,113.459,130
2026-05-22T20:54:00+00:00,113.4595,113.495,113.4595,113.5,307
2026-05-22T20:55:00+00:00,113.4945,113.4955,113.487,113.5025,388
2026-05-22T20:56:00+00:00,113.495,113.4905,113.475,113.4975,285
2026-05-22T20:57:00+00:00,113.487,113.4875,113.482,113.4995,328
2026-05-22T20:58:00+00:00,113.4875,113.486,113.4835,113.494,87
2026-05-22T20:59:00+00:00,113.4845,113.447,113.447,113.4935,58
2026-05-24T21:01:00+00:00,113.447,113.447,113.447,113.447,0
2026-05-24T21:02:00+00:00,113.447,113.655,113.447,113.6675,16
2026-05-24T21:03:00+00:00,113.655,113.648,113.648,113.655,19
2026-05-24T21:04:00+00:00,113.648,113.6575,113.648,113.6575,15
2026-05-24T21:05:00+00:00,113.673,113.6895,113.6435,113.6895,25
2026-05-24T21:06:00+00:00,113.692,113.6865,113.686,113.6925,14
2026-05-24T21:07:00+00:00,113.6865,113.6785,113.6745,113.6995,55
2026-05-24T21:08:00+00:00,113.678,113.6745,113.672,113.678,14
2026-05-24T21:09:00+00:00,113.6745,113.68,113.667,113.6805,26
2026-05-24T21:10:00+00:00,113.681,113.6815,113.676,113.6875,60
2026-05-24T21:11:00+00:00,113.681,113.7025,113.677,113.703,43
2026-05-24T21:12:00+00:00,113.7025,113.68,113.678,113.706,44
2026-05-24T21:13:00+00:00,113.68,113.688,113.6755,113.7095,87
2026-05-24T21:14:00+00:00,113.688,113.699,113.688,113.7015,49
2026-05-24T21:15:00+00:00,113.697,113.6975,113.6965,113.714,91
2026-05-24T21:16:00+00:00,113.6975,113.697,113.686,113.7055,66
2026-05-24T21:17:00+00:00,113.697,113.6925,113.684,113.7065,54
2026-05-24T21:18:00+00:00,113.6925,113.693,113.689,113.698,32
2026-05-24T21:19:00+00:00,113.692,113.697,113.6875,113.7015,31
2026-05-24T21:20:00+00:00,113.697,113.6995,113.6925,113.704,43
2026-05-24T21:21:00+00:00,113.7,113.701,113.6955,113.7035,24
2026-05-24T21:22:00+00:00,113.701,113.6985,113.6945,113.7035,12
2026-05-24T21:23:00+00:00,113.6985,113.702,113.698,113.702,4
2026-05-24T21:24:00+00:00,113.702,113.7015,113.701,113.702,3
2026-05-24T21:25:00+00:00,113.7015,113.7065,113.7,113.724,31
2026-05-24T21:26:00+00:00,113.7065,113.693,113.693,113.7065,42
2026-05-24T21:27:00+00:00,113.693,113.6955,113.692,113.697,32
2026-05-24T21:28:00+00:00,113.6955,113.6895,113.6895,113.7005,20
2026-05-24T21:29:00+00:00,113.6895,113.691,113.6775,113.7045,6
2026-05-24T21:30:00+00:00,113.691,113.695,113.6885,113.702,17
2026-05-24T21:31:00+00:00,113.695,113.7,113.686,113.7045,66
2026-05-24T21:32:00+00:00,113.6995,113.6845,113.6755,113.6995,92
2026-05-24T21:33:00+00:00,113.6845,113.692,113.6845,113.692,9
2026-05-24T21:34:00+00:00,113.6915,113.6905,113.69,113.696,32
2026-05-24T21:35:00+00:00,113.69,113.688,113.6845,113.693,33
2026-05-24T21:36:00+00:00,113.688,113.66,113.66,113.6885,46
2026-05-24T21:37:00+00:00,113.659,113.6805,113.659,113.6865,46
2026-05-24T21:38:00+00:00,113.6815,113.6695,113.6695,113.6825,25
2026-05-24T21:39:00+00:00,113.67,113.6955,113.661,113.7,29
2026-05-24T21:40:00+00:00,113.6955,113.682,113.682,113.704,18
2026-05-24T21:41:00+00:00,113.683,113.6705,113.668,113.683,29
2026-05-24T21:42:00+00:00,113.6705,113.6695,113.664,113.674,19
2026-05-24T21:43:00+00:00,113.668,113.6665,113.6645,113.6715,37
2026-05-24T21:44:00+00:00,113.6665,113.664,113.664,113.6685,25
2026-05-24T21:45:00+00:00,113.6645,113.66,113.66,113.6645,18
2026-05-24T21:46:00+00:00,113.66,113.6605,113.656,113.6625,14
2026-05-24T21:47:00+00:00,113.6605,113.6525,113.6495,113.661,26
2026-05-24T21:48:00+00:00,113.6525,113.658,113.648,113.66,29
2026-05-24T21:49:00+00:00,113.658,113.6545,113.6545,113.659,9
2026-05-24T21:50:00+00:00,113.6545,113.6515,113.6465,113.657,17
2026-05-24T21:51:00+00:00,113.6515,113.639,113.639,113.6525,21
2026-05-24T21:52:00+00:00,113.639,113.649,113.6305,113.662,70
2026-05-24T21:53:00+00:00,113.6495,113.6435,113.6425,113.6635,22
2026-05-24T21:54:00+00:00,113.6425,113.6435,113.6425,113.6455,12
2026-05-24T21:55:00+00:00,113.6435,113.657,113.6375,113.662,68
2026-05-24T21:56:00+00:00,113.6575,113.6695,113.657,113.6805,73
2026-05-24T21:57:00+00:00,113.67,113.672,113.665,113.674,38
2026-05-24T21:58:00+00:00,113.675,113.6615,113.6495,113.675,48
2026-05-24T21:59:00+00:00,113.6635,113.6705,113.6615,113.6715,36
2026-05-24T22:00:00+00:00,113.6645,113.7815,113.6645,113.7845,501
2026-05-24T22:01:00+00:00,113.778,113.8005,113.759,113.823,328
2026-05-24T22:02:00+00:00,113.802,113.742,113.726,113.813,256
2026-05-24T22:03:00+00:00,113.7425,113.747,113.7225,113.759,253
2026-05-24T22:04:00+00:00,113.7475,113.733,113.726,113.753,187
2026-05-24T22:05:00+00:00,113.734,113.7275,113.706,113.7355,305
2026-05-24T22:06:00+00:00,113.727,113.7235,113.706,113.744,173
2026-05-24T22:07:00+00:00,113.725,113.709,113.708,113.7265,56
2026-05-24T22:08:00+00:00,113.7085,113.702,113.693,113.7105,126
2026-05-24T22:09:00+00:00,113.702,113.7095,113.6895,113.7095,172
2026-05-24T22:10:00+00:00,113.708,113.7395,113.708,113.7415,214
2026-05-24T22:11:00+00:00,113.74,113.734,113.727,113.74,130
2026-05-24T22:12:00+00:00,113.7345,113.727,113.716,113.738,102
2026-05-24T22:13:00+00:00,113.727,113.727,113.7215,113.7365,114
2026-05-24T22:14:00+00:00,113.7265,113.723,113.717,113.732,121
2026-05-24T22:15:00+00:00,113.724,113.7235,113.7235,113.751,148
2026-05-24T22:16:00+00:00,113.723,113.719,113.709,113.726,145
2026-05-24T22:17:00+00:00,113.7185,113.7315,113.7085,113.745,193
2026-05-24T22:18:00+00:00,113.7305,113.731,113.722,113.7355,89
2026-05-24T22:19:00+00:00,113.731,113.739,113.7245,113.741,65
2026-05-24T22:20:00+00:00,113.7395,113.739,113.7375,113.7485,141
2026-05-24T22:21:00+00:00,113.7385,113.7285,113.7225,113.7385,207
2026-05-24T22:22:00+00:00,113.7285,113.7265,113.717,113.735,147
2026-05-24T22:23:00+00:00,113.7265,113.7295,113.718,113.7325,181
2026-05-24T22:24:00+00:00,113.7295,113.7195,113.717,113.7295,68
2026-05-24T22:25:00+00:00,113.72,113.7115,113.708,113.72,132
2026-05-24T22:26:00+00:00,113.7125,113.715,113.7105,113.723,147
2026-05-24T22:27:00+00:00,113.7145,113.718,113.71,113.7205,180
2026-05-24T22:28:00+00:00,113.7175,113.6935,113.693,113.722,160
2026-05-24T22:29:00+00:00,113.693,113.6765,113.6635,113.694,131
2026-05-24T22:30:00+00:00,113.6765,113.6645,113.654,113.6765,326
2026-05-24T22:31:00+00:00,113.664,113.6795,113.6525,113.6805,286
2026-05-24T22:32:00+00:00,113.68,113.6755,113.67,113.6845,196
2026-05-24T22:33:00+00:00,113.676,113.6725,113.668,113.679,145
2026-05-24T22:34:00+00:00,113.673,113.6725,113.669,113.682,96
2026-05-24T22:35:00+00:00,113.6725,113.6765,113.663,113.679,144
2026-05-24T22:36:00+00:00,113.677,113.6795,113.664,113.6795,199
2026-05-24T22:37:00+00:00,113.679,113.683,113.6705,113.684,179
2026-05-24T22:38:00+00:00,113.6825,113.682,113.671,113.6845,109
2026-05-24T22:39:00+00:00,113.6815,113.6795,113.679,113.6845,131
2026-05-24T22:40:00+00:00,113.68,113.682,113.679,113.685,169
2026-05-24T22:41:00+00:00,113.681,113.691,113.6745,113.691,229
2026-05-24T22:42:00+00:00,113.6905,113.682,113.6795,113.694,135
2026-05-24T22:43:00+00:00,113.6825,113.6805,113.6655,113.6825,186
2026-05-24T22:44:00+00:00,113.68,113.685,113.6765,113.687,112
2026-05-24T22:45:00+00:00,113.6845,113.6945,113.684,113.698,105
2026-05-24T22:46:00+00:00,113.694,113.7025,113.691,113.709,188
2026-05-24T22:47:00+00:00,113.703,113.719,113.702,113.721,135
2026-05-24T22:48:00+00:00,113.7185,113.724,113.717,113.728,90
2026-05-24T22:49:00+00:00,113.7245,113.735,113.7215,113.743,156
2026-05-24T22:50:00+00:00,113.735,113.7325,113.728,113.735,105
2026-05-24T22:51:00+00:00,113.7325,113.7305,113.724,113.736,150
2026-05-24T22:52:00+00:00,113.73,113.735,113.727,113.736,133
2026-05-24T22:53:00+00:00,113.7355,113.729,113.7205,113.737,136
2026-05-24T22:54:00+00:00,113.729,113.7225,113.7215,113.7345,93
2026-05-24T22:55:00+00:00,113.722,113.7285,113.716,113.729,85
2026-05-24T22:56:00+00:00,113.7245,113.7125,113.7125,113.729,81
2026-05-24T22:57:00+00:00,113.7125,113.716,113.712,113.718,58
2026-05-24T22:58:00+00:00,113.7155,113.725,113.7145,113.728,46
2026-05-24T22:59:00+00:00,113.7245,113.73,113.7215,113.731,52
2026-05-24T23:00:00+00:00,113.7295,113.766,113.7295,113.772,219
2026-05-24T23:01:00+00:00,113.7665,113.752,113.7505,113.773,164
2026-05-24T23:02:00+00:00,113.752,113.748,113.7455,113.752,98
2026-05-24T23:03:00+00:00,113.7475,113.751,113.7455,113.7585,133
2026-05-24T23:04:00+00:00,113.75,113.756,113.742,113.757,124
2026-05-24T23:05:00+00:00,113.7555,113.757,113.7485,113.76,144
2026-05-24T23:06:00+00:00,113.7575,113.7505,113.7455,113.7595,86
2026-05-24T23:07:00+00:00,113.7505,113.7645,113.7485,113.766,136
2026-05-24T23:08:00+00:00,113.766,113.7605,113.7565,113.766,64
2026-05-24T23:09:00+00:00,113.7605,113.756,113.744,113.7605,109
2026-05-24T23:10:00+00:00,113.7565,113.7515,113.7505,113.7615,150
2026-05-24T23:11:00+00:00,113.7505,113.757,113.7465,113.76,95
2026-05-24T23:12:00+00:00,113.7565,113.751,113.75,113.761,81
2026-05-24T23:13:00+00:00,113.75,113.749,113.7475,113.752,79
2026-05-24T23:14:00+00:00,113.749,113.7465,113.7465,113.7505,89
2026-05-24T23:15:00+00:00,113.748,113.744,113.744,113.748,23
2026-05-24T23:16:00+00:00,113.744,113.74,113.7365,113.746,57
2026-05-24T23:17:00+00:00,113.74,113.752,113.738,113.762,104
2026-05-24T23:18:00+00:00,113.7525,113.7475,113.7475,113.754,58
2026-05-24T23:19:00+00:00,113.749,113.748,113.7425,113.7495,41
2026-05-24T23:20:00+00:00,113.748,113.7395,113.7385,113.7485,39
2026-05-24T23:21:00+00:00,113.741,113.7465,113.7405,113.7515,57
2026-05-24T23:22:00+00:00,113.7465,113.747,113.741,113.75,60
2026-05-24T23:23:00+00:00,113.747,113.7605,113.7435,113.764,79
2026-05-24T23:24:00+00:00,113.76,113.752,113.752,113.7615,51
2026-05-24T23:25:00+00:00,113.752,113.7365,113.7365,113.752,58
2026-05-24T23:26:00+00:00,113.737,113.734,113.733,113.742,41
2026-05-24T23:27:00+00:00,113.733,113.745,113.7315,113.745,56
2026-05-24T23:28:00+00:00,113.745,113.759,113.744,113.759,79
2026-05-24T23:29:00+00:00,113.7575,113.7515,113.7495,113.761,92
2026-05-24T23:30:00+00:00,113.751,113.7465,113.7375,113.753,88
2026-05-24T23:31:00+00:00,113.7465,113.759,113.7465,113.7625,81
2026-05-24T23:32:00+00:00,113.7595,113.768,113.759,113.7705,77
2026-05-24T23:33:00+00:00,113.768,113.767,113.7595,113.7685,55
2026-05-24T23:34:00+00:00,113.7675,113.763,113.7555,113.772,140
2026-05-24T23:35:00+00:00,113.763,113.7755,113.7625,113.7795,191
2026-05-24T23:36:00+00:00,113.776,113.778,113.7735,113.779,59
2026-05-24T23:37:00+00:00,113.7785,113.774,113.7685,113.7785,98
2026-05-24T23:38:00+00:00,113.774,113.7765,113.771,113.778,60
2026-05-24T23:39:00+00:00,113.7775,113.785,113.7765,113.785,54
2026-05-24T23:40:00+00:00,113.785,113.793,113.7775,113.795,91
2026-05-24T23:41:00+00:00,113.793,113.7995,113.7895,113.8,102
2026-05-24T23:42:00+00:00,113.799,113.804,113.793,113.804,92
2026-05-24T23:43:00+00:00,113.804,113.8035,113.7985,113.805,129
2026-05-24T23:44:00+00:00,113.8035,113.797,113.796,113.8055,68
2026-05-24T23:45:00+00:00,113.797,113.8045,113.7905,113.806,186
2026-05-24T23:46:00+00:00,113.804,113.802,113.8005,113.811,159
2026-05-24T23:47:00+00:00,113.8025,113.803,113.801,113.8045,85
2026-05-24T23:48:00+00:00,113.803,113.795,113.7935,113.803,109
2026-05-24T23:49:00+00:00,113.7935,113.788,113.7865,113.797,96
2026-05-24T23:50:00+00:00,113.7885,113.771,113.7645,113.789,213
2026-05-24T23:51:00+00:00,113.7715,113.773,113.766,113.778,190
2026-05-24T23:52:00+00:00,113.7725,113.7705,113.7675,113.782,162
2026-05-24T23:53:00+00:00,113.77,113.782,113.7685,113.79,211
2026-05-24T23:54:00+00:00,113.782,113.783,113.7775,113.787,130
2026-05-24T23:55:00+00:00,113.782,113.782,113.7785,113.79,126
2026-05-24T23:56:00+00:00,113.7825,113.7715,113.769,113.7825,122
2026-05-24T23:57:00+00:00,113.771,113.7685,113.762,113.773,184
2026-05-24T23:58:00+00:00,113.7685,113.7635,113.759,113.773,233
2026-05-24T23:59:00+00:00,113.764,113.762,113.755,113.764,232
2026-05-25T00:00:00+00:00,113.763,113.7585,113.756,113.7745,431
2026-05-25T00:01:00+00:00,113.759,113.718,113.7165,113.76,247
2026-05-25T00:02:00+00:00,113.7185,113.7175,113.703,113.721,224
2026-05-25T00:03:00+00:00,113.7175,113.708,113.7075,113.726,186
2026-05-25T00:04:00+00:00,113.7085,113.7195,113.7005,113.7215,80
2026-05-25T00:05:00+00:00,113.719,113.7345,113.718,113.7385,117
2026-05-25T00:06:00+00:00,113.7335,113.739,113.7285,113.7435,129
2026-05-25T00:07:00+00:00,113.7405,113.744,113.7345,113.752,111
2026-05-25T00:08:00+00:00,113.7445,113.733,113.73,113.748,166
2026-05-25T00:09:00+00:00,113.7335,113.7455,113.731,113.7465,120
2026-05-25T00:10:00+00:00,113.7465,113.7565,113.7465,113.7625,153
2026-05-25T00:11:00+00:00,113.755,113.744,113.742,113.762,191
2026-05-25T00:12:00+00:00,113.7435,113.7485,113.742,113.7545,157
2026-05-25T00:13:00+00:00,113.748,113.7465,113.743,113.7485,156
2026-05-25T00:14:00+00:00,113.746,113.745,113.7365,113.749,144
2026-05-25T00:15:00+00:00,113.7455,113.7325,113.73,113.7495,280
2026-05-25T00:16:00+00:00,113.732,113.7295,113.728,113.7415,258
2026-05-25T00:17:00+00:00,113.73,113.708,113.703,113.73,205
2026-05-25T00:18:00+00:00,113.707,113.7265,113.7065,113.7275,177
2026-05-25T00:19:00+00:00,113.726,113.732,113.722,113.7375,178
2026-05-25T00:20:00+00:00,113.733,113.7485,113.73,113.7495,181
2026-05-25T00:21:00+00:00,113.749,113.7515,113.737,113.7565,179
2026-05-25T00:22:00+00:00,113.7525,113.772,113.751,113.779,201
2026-05-25T00:23:00+00:00,113.7715,113.78,113.7685,113.7845,268
2026-05-25T00:24:00+00:00,113.779,113.7915,113.775,113.794,218
2026-05-25T00:25:00+00:00,113.7915,113.7625,113.7615,113.7925,269
2026-05-25T00:26:00+00:00,113.763,113.7705,113.758,113.771,273
2026-05-25T00:27:00+00:00,113.77,113.7685,113.7665,113.7735,137
2026-05-25T00:28:00+00:00,113.7695,113.771,113.7675,113.7775,183
2026-05-25T00:29:00+00:00,113.7715,113.794,113.769,113.7995,194
2026-05-25T00:30:00+00:00,113.7945,113.8035,113.7945,113.8105,265
2026-05-25T00:31:00+00:00,113.8045,113.805,113.799,113.81,164
2026-05-25T00:32:00+00:00,113.806,113.7855,113.784,113.8095,100
2026-05-25T00:33:00+00:00,113.7855,113.767,113.7595,113.7855,180
2026-05-25T00:34:00+00:00,113.7675,113.7665,113.762,113.769,153
2026-05-25T00:35:00+00:00,113.7675,113.7855,113.7665,113.7855,174
2026-05-25T00:36:00+00:00,113.7865,113.78,113.7705,113.7875,151
2026-05-25T00:37:00+00:00,113.7805,113.7875,113.779,113.791,158
2026-05-25T00:38:00+00:00,113.7885,113.7885,113.7715,113.7895,97
2026-05-25T00:39:00+00:00,113.7875,113.792,113.787,113.7965,158
2026-05-25T00:40:00+00:00,113.7915,113.7725,113.7675,113.7915,119
2026-05-25T00:41:00+00:00,113.7715,113.7695,113.7695,113.7755,70
2026-05-25T00:42:00+00:00,113.7685,113.7605,113.757,113.7685,143
2026-05-25T00:43:00+00:00,113.761,113.7465,113.7465,113.7625,123
2026-05-25T00:44:00+00:00,113.7475,113.747,113.738,113.7485,153
2026-05-25T00:45:00+00:00,113.7475,113.7615,113.746,113.7625,210
2026-05-25T00:46:00+00:00,113.761,113.761,113.751,113.7625,160
2026-05-25T00:47:00+00:00,113.7615,113.7695,113.755,113.7695,153
2026-05-25T00:48:00+00:00,113.769,113.7965,113.7675,113.7975,198
2026-05-25T00:49:00+00:00,113.796,113.8045,113.795,113.8235,502
2026-05-25T00:50:00+00:00,113.804,113.7985,113.7945,113.809,321
2026-05-25T00:51:00+00:00,113.799,113.807,113.791,113.8135,221
2026-05-25T00:52:00+00:00,113.8065,113.8155,113.8065,113.8175,241
2026-05-25T00:53:00+00:00,113.816,113.808,113.806,113.823,200
2026-05-25T00:54:00+00:00,113.8085,113.819,113.793,113.819,400
2026-05-25T00:55:00+00:00,113.82,113.783,113.776,113.8245,535
2026-05-25T00:56:00+00:00,113.783,113.7805,113.7775,113.7885,348
2026-05-25T00:57:00+00:00,113.781,113.751,113.7495,113.7835,305
2026-05-25T00:58:00+00:00,113.7505,113.754,113.74,113.7675,391
2026-05-25T00:59:00+00:00,113.7535,113.7525,113.744,113.7615,348
2026-05-25T01:00:00+00:00,113.7515,113.76,113.742,113.777,620
2026-05-25T01:01:00+00:00,113.7595,113.7675,113.744,113.77,450
2026-05-25T01:02:00+00:00,113.767,113.7695,113.759,113.772,353
2026-05-25T01:03:00+00:00,113.77,113.7715,113.7645,113.7805,327
2026-05-25T01:04:00+00:00,113.772,113.774,113.766,113.78,201
2026-05-25T01:05:00+00:00,113.7745,113.786,113.7745,113.7925,256
2026-05-25T01:06:00+00:00,113.7865,113.797,113.7805,113.799,248
2026-05-25T01:07:00+00:00,113.7975,113.793,113.792,113.8075,201
2026-05-25T01:08:00+00:00,113.7925,113.787,113.7815,113.8005,268
2026-05-25T01:09:00+00:00,113.7875,113.784,113.779,113.791,234
2026-05-25T01:10:00+00:00,113.7845,113.7905,113.7845,113.8005,277
2026-05-25T01:11:00+00:00,113.7915,113.8155,113.7915,113.817,222
2026-05-25T01:12:00+00:00,113.8145,113.813,113.8095,113.8175,217
2026-05-25T01:13:00+00:00,113.8125,113.8215,113.81,113.832,249
2026-05-25T01:14:00+00:00,113.8215,113.827,113.815,113.839,453
2026-05-25T01:15:00+00:00,113.8275,113.8245,113.8175,113.838,370
2026-05-25T01:16:00+00:00,113.824,113.8235,113.8115,113.832,285
2026-05-25T01:17:00+00:00,113.824,113.8415,113.824,113.8435,174
2026-05-25T01:18:00+00:00,113.842,113.83,113.8285,113.846,271
2026-05-25T01:19:00+00:00,113.831,113.823,113.8195,113.8385,308
2026-05-25T01:20:00+00:00,113.824,113.8205,113.813,113.829,384
2026-05-25T01:21:00+00:00,113.821,113.825,113.8205,113.831,104
2026-05-25T01:22:00+00:00,113.825,113.8335,113.8245,113.838,176
2026-05-25T01:23:00+00:00,113.834,113.8245,113.815,113.841,210
2026-05-25T01:24:00+00:00,113.825,113.823,113.815,113.828,208
2026-05-25T01:25:00+00:00,113.8235,113.8225,113.822,113.8355,207
2026-05-25T01:26:00+00:00,113.823,113.816,113.808,113.832,227
2026-05-25T01:27:00+00:00,113.8165,113.835,113.816,113.836,212
2026-05-25T01:28:00+00:00,113.836,113.854,113.8345,113.8625,208
2026-05-25T01:29:00+00:00,113.8535,113.88,113.852,113.884,354
2026-05-25T01:30:00+00:00,113.8805,113.7865,113.7745,113.881,521
2026-05-25T01:31:00+00:00,113.786,113.807,113.7855,113.824,274
2026-05-25T01:32:00+00:00,113.806,113.8055,113.799,113.815,329
2026-05-25T01:33:00+00:00,113.806,113.8175,113.806,113.825,241
2026-05-25T01:34:00+00:00,113.8165,113.825,113.816,113.8285,194
2026-05-25T01:35:00+00:00,113.8255,113.863,113.8255,113.864,240
2026-05-25T01:36:00+00:00,113.8635,113.858,113.8495,113.866,256
2026-05-25T01:37:00+00:00,113.858,113.8665,113.8555,113.875,202
2026-05-25T01:38:00+00:00,113.867,113.8645,113.8635,113.8685,135
2026-05-25T01:39:00+00:00,113.865,113.867,113.858,113.8705,154
2026-05-25T01:40:00+00:00,113.8665,113.862,113.862,113.8725,168
2026-05-25T01:41:00+00:00,113.861,113.8665,113.861,113.8765,198
2026-05-25T01:42:00+00:00,113.8655,113.8395,113.8385,113.8655,188
2026-05-25T01:43:00+00:00,113.839,113.849,113.8375,113.8505,171
2026-05-25T01:44:00+00:00,113.8495,113.8635,113.8495,113.865,216
2026-05-25T01:45:00+00:00,113.863,113.8615,113.8575,113.8675,206
2026-05-25T01:46:00+00:00,113.862,113.8525,113.8525,113.876,265
2026-05-25T01:47:00+00:00,113.852,113.8585,113.849,113.859,141
2026-05-25T01:48:00+00:00,113.858,113.8625,113.8495,113.865,165
2026-05-25T01:49:00+00:00,113.863,113.8615,113.8535,113.8665,176
2026-05-25T01:50:00+00:00,113.862,113.851,113.8495,113.863,159
2026-05-25T01:51:00+00:00,113.8515,113.862,113.8475,113.8635,174
2026-05-25T01:52:00+00:00,113.862,113.855,113.8535,113.8635,165
2026-05-25T01:53:00+00:00,113.8545,113.8495,113.8475,113.856,118
2026-05-25T01:54:00+00:00,113.8505,113.8515,113.846,113.856,133
2026-05-25T01:55:00+00:00,113.8515,113.8525,113.8505,113.8605,166
2026-05-25T01:56:00+00:00,113.853,113.8515,113.8485,113.858,125
2026-05-25T01:57:00+00:00,113.8515,113.8435,113.843,113.854,153
2026-05-25T01:58:00+00:00,113.843,113.8555,113.841,113.8555,170
2026-05-25T01:59:00+00:00,113.8555,113.8535,113.852,113.8585,97
2026-05-25T02:00:00+00:00,113.854,113.8605,113.854,113.868,153
2026-05-25T02:01:00+00:00,113.861,113.8735,113.8595,113.8745,154
2026-05-25T02:02:00+00:00,113.873,113.873,113.872,113.879,128
2026-05-25T02:03:00+00:00,113.8725,113.8725,113.871,113.877,118
2026-05-25T02:04:00+00:00,113.872,113.873,113.8685,113.876,98
2026-05-25T02:05:00+00:00,113.8735,113.87,113.865,113.874,168
2026-05-25T02:06:00+00:00,113.871,113.885,113.8675,113.8945,219
2026-05-25T02:07:00+00:00,113.8845,113.901,113.883,113.9025,203
2026-05-25T02:08:00+00:00,113.9,113.892,113.884,113.9,195
2026-05-25T02:09:00+00:00,113.892,113.893,113.8895,113.905,292
2026-05-25T02:10:00+00:00,113.8925,113.8945,113.8915,113.9,165
2026-05-25T02:11:00+00:00,113.894,113.8775,113.872,113.894,202
2026-05-25T02:12:00+00:00,113.8775,113.885,113.873,113.8855,175
2026-05-25T02:13:00+00:00,113.8855,113.873,113.8725,113.8895,152
2026-05-25T02:14:00+00:00,113.8725,113.878,113.87,113.8815,187
2026-05-25T02:15:00+00:00,113.8785,113.8795,113.872,113.8815,200
2026-05-25T02:16:00+00:00,113.8795,113.877,113.8705,113.88,214
2026-05-25T02:17:00+00:00,113.877,113.8765,113.874,113.8785,96
2026-05-25T02:18:00+00:00,113.877,113.8775,113.8615,113.883,161
2026-05-25T02:19:00+00:00,113.877,113.8835,113.875,113.887,102
2026-05-25T02:20:00+00:00,113.884,113.8945,113.8775,113.897,119
2026-05-25T02:21:00+00:00,113.8945,113.897,113.891,113.9005,87
2026-05-25T02:22:00+00:00,113.8965,113.9035,113.896,113.907,88
2026-05-25T02:23:00+00:00,113.903,113.9195,113.903,113.926,138
2026-05-25T02:24:00+00:00,113.9185,113.9135,113.909,113.9185,150
2026-05-25T02:25:00+00:00,113.9125,113.9125,113.9085,113.9165,152
2026-05-25T02:26:00+00:00,113.913,113.9085,113.9005,113.915,175
2026-05-25T02:27:00+00:00,113.9085,113.9,113.9,113.91,117
2026-05-25T02:28:00+00:00,113.9005,113.909,113.895,113.911,118
2026-05-25T02:29:00+00:00,113.909,113.8975,113.8955,113.91,99
2026-05-25T02:30:00+00:00,113.898,113.8975,113.8905,113.8995,140
2026-05-25T02:31:00+00:00,113.8975,113.9,113.893,113.901,114
2026-05-25T02:32:00+00:00,113.9,113.906,113.898,113.915,79
2026-05-25T02:33:00+00:00,113.906,113.9,113.898,113.909,114
2026-05-25T02:34:00+00:00,113.8995,113.897,113.894,113.8995,75
2026-05-25T02:35:00+00:00,113.8975,113.896,113.892,113.903,155
2026-05-25T02:36:00+00:00,113.8965,113.887,113.884,113.8965,80
2026-05-25T02:37:00+00:00,113.887,113.8895,113.8865,113.895,58
2026-05-25T02:38:00+00:00,113.889,113.883,113.88,113.8895,107
2026-05-25T02:39:00+00:00,113.883,113.8725,113.8645,113.89,139
2026-05-25T02:40:00+00:00,113.873,113.86,113.8515,113.8735,209
2026-05-25T02:41:00+00:00,113.8605,113.8635,113.8585,113.865,62
2026-05-25T02:42:00+00:00,113.8625,113.871,113.862,113.8725,114
2026-05-25T02:43:00+00:00,113.8705,113.8735,113.87,113.8765,85
2026-05-25T02:44:00+00:00,113.8725,113.871,113.87,113.876,71
2026-05-25T02:45:00+00:00,113.8715,113.867,113.865,113.876,120
2026-05-25T02:46:00+00:00,113.867,113.8585,113.855,113.8715,158
2026-05-25T02:47:00+00:00,113.8585,113.8675,113.8585,113.8695,202
2026-05-25T02:48:00+00:00,113.867,113.866,113.858,113.8705,175
2026-05-25T02:49:00+00:00,113.867,113.858,113.8575,113.869,86
2026-05-25T02:50:00+00:00,113.8585,113.8575,113.857,113.8595,50
2026-05-25T02:51:00+00:00,113.8575,113.8435,113.8415,113.86,108
2026-05-25T02:52:00+00:00,113.8435,113.8455,113.8435,113.852,80
2026-05-25T02:53:00+00:00,113.846,113.8415,113.841,113.847,82
2026-05-25T02:54:00+00:00,113.841,113.824,113.8225,113.843,95
2026-05-25T02:55:00+00:00,113.8235,113.8115,113.8065,113.8235,132
2026-05-25T02:56:00+00:00,113.812,113.807,113.806,113.8125,93
2026-05-25T02:57:00+00:00,113.8065,113.809,113.8055,113.8105,147
2026-05-25T02:58:00+00:00,113.8095,113.799,113.7975,113.8105,172
2026-05-25T02:59:00+00:00,113.7995,113.8065,113.796,113.809,222
2026-05-25T03:00:00+00:00,113.806,113.815,113.8045,113.8275,357
2026-05-25T03:01:00+00:00,113.8145,113.823,113.81,113.826,189
2026-05-25T03:02:00+00:00,113.8235,113.8025,113.8015,113.8265,196
2026-05-25T03:03:00+00:00,113.802,113.797,113.7935,113.8085,154
2026-05-25T03:04:00+00:00,113.798,113.815,113.783,113.8155,205
2026-05-25T03:05:00+00:00,113.8145,113.7995,113.793,113.8165,183
2026-05-25T03:06:00+00:00,113.799,113.79,113.7895,113.8055,121
2026-05-25T03:07:00+00:00,113.7905,113.8025,113.785,113.804,183
2026-05-25T03:08:00+00:00,113.803,113.806,113.803,113.815,148
2026-05-25T03:09:00+00:00,113.8055,113.802,113.8015,113.8105,107
2026-05-25T03:10:00+00:00,113.802,113.806,113.799,113.807,90
2026-05-25T03:11:00+00:00,113.8065,113.8165,113.8035,113.819,132
2026-05-25T03:12:00+00:00,113.816,113.81,113.8095,113.8175,79
2026-05-25T03:13:00+00:00,113.8095,113.803,113.8005,113.8155,162
2026-05-25T03:14:00+00:00,113.8025,113.803,113.7995,113.809,165
2026-05-25T03:15:00+00:00,113.803,113.794,113.794,113.8045,111
2026-05-25T03:16:00+00:00,113.794,113.796,113.789,113.8005,135
2026-05-25T03:17:00+00:00,113.797,113.7975,113.787,113.8045,182
2026-05-25T03:18:00+00:00,113.797,113.798,113.7935,113.8015,104
2026-05-25T03:19:00+00:00,113.797,113.8,113.794,113.806,121
2026-05-25T03:20:00+00:00,113.8,113.8155,113.8,113.817,143
2026-05-25T03:21:00+00:00,113.815,113.8095,113.8085,113.8175,259
2026-05-25T03:22:00+00:00,113.8085,113.8045,113.794,113.8115,220
2026-05-25T03:23:00+00:00,113.804,113.797,113.7925,113.804,109
2026-05-25T03:24:00+00:00,113.797,113.787,113.7835,113.798,154
2026-05-25T03:25:00+00:00,113.7875,113.796,113.785,113.796,124
2026-05-25T03:26:00+00:00,113.796,113.8045,113.795,113.8085,114
2026-05-25T03:27:00+00:00,113.804,113.8045,113.7995,113.8085,153
2026-05-25T03:28:00+00:00,113.805,113.8025,113.802,113.8095,127
2026-05-25T03:29:00+00:00,113.8025,113.802,113.7985,113.8045,90
2026-05-25T03:30:00+00:00,113.8025,113.8055,113.8025,113.8105,113
2026-05-25T03:31:00+00:00,113.805,113.803,113.7965,113.811,212
2026-05-25T03:32:00+00:00,113.804,113.8095,113.8035,113.812,79
2026-05-25T03:33:00+00:00,113.8095,113.809,113.8085,113.8125,74
2026-05-25T03:34:00+00:00,113.809,113.8055,113.805,113.8095,41
2026-05-25T03:35:00+00:00,113.805,113.8045,113.802,113.813,262
2026-05-25T03:36:00+00:00,113.8045,113.7955,113.7955,113.8055,119
2026-05-25T03:37:00+00:00,113.796,113.8005,113.795,113.8015,59
2026-05-25T03:38:00+00:00,113.8005,113.7975,113.796,113.8025,69
2026-05-25T03:39:00+00:00,113.7985,113.783,113.7765,113.8,180
2026-05-25T03:40:00+00:00,113.7835,113.779,113.7765,113.7835,108
2026-05-25T03:41:00+00:00,113.7785,113.779,113.775,113.779,68
2026-05-25T03:42:00+00:00,113.7785,113.787,113.7765,113.7925,96
2026-05-25T03:43:00+00:00,113.7865,113.788,113.786,113.792,113
2026-05-25T03:44:00+00:00,113.7885,113.788,113.7815,113.7885,109
2026-05-25T03:45:00+00:00,113.7875,113.7865,113.7855,113.7915,155
2026-05-25T03:46:00+00:00,113.787,113.777,113.777,113.796,135
2026-05-25T03:47:00+00:00,113.7765,113.789,113.776,113.7905,134
2026-05-25T03:48:00+00:00,113.7895,113.787,113.7845,113.7925,95
2026-05-25T03:49:00+00:00,113.786,113.7825,113.7795,113.7885,91
2026-05-25T03:50:00+00:00,113.783,113.7885,113.7795,113.7965,102
2026-05-25T03:51:00+00:00,113.7885,113.794,113.787,113.801,115
2026-05-25T03:52:00+00:00,113.7935,113.786,113.782,113.7945,99
2026-05-25T03:53:00+00:00,113.786,113.787,113.784,113.788,72
2026-05-25T03:54:00+00:00,113.787,113.788,113.785,113.7935,85
2026-05-25T03:55:00+00:00,113.7865,113.784,113.781,113.7915,111
2026-05-25T03:56:00+00:00,113.7845,113.7695,113.7675,113.7845,107
2026-05-25T03:57:00+00:00,113.7695,113.7785,113.769,113.785,163
2026-05-25T03:58:00+00:00,113.779,113.7775,113.776,113.7895,127
2026-05-25T03:59:00+00:00,113.777,113.7835,113.7745,113.7855,86
2026-05-25T04:00:00+00:00,113.782,113.7855,113.782,113.7925,156
2026-05-25T04:01:00+00:00,113.786,113.7825,113.7815,113.786,94
2026-05-25T04:02:00+00:00,113.783,113.7955,113.782,113.7955,70
2026-05-25T04:03:00+00:00,113.795,113.798,113.7935,113.8045,57
2026-05-25T04:04:00+00:00,113.798,113.798,113.797,113.8035,37
2026-05-25T04:05:00+00:00,113.798,113.802,113.798,113.8045,77
2026-05-25T04:06:00+00:00,113.8015,113.816,113.8005,113.816,75
2026-05-25T04:07:00+00:00,113.8155,113.814,113.807,113.8205,109
2026-05-25T04:08:00+00:00,113.814,113.807,113.806,113.814,55
2026-05-25T04:09:00+00:00,113.8065,113.796,113.7925,113.8065,99
2026-05-25T04:10:00+00:00,113.7955,113.794,113.793,113.7965,40
2026-05-25T04:11:00+00:00,113.794,113.785,113.7835,113.797,133
2026-05-25T04:12:00+00:00,113.7855,113.792,113.784,113.795,165
2026-05-25T04:13:00+00:00,113.793,113.7935,113.789,113.795,104
2026-05-25T04:14:00+00:00,113.7935,113.793,113.7915,113.795,67
2026-05-25T04:15:00+00:00,113.7935,113.7975,113.788,113.799,120
2026-05-25T04:16:00+00:00,113.798,113.8,113.793,113.8,70
2026-05-25T04:17:00+00:00,113.8,113.799,113.7965,113.8,67
2026-05-25T04:18:00+00:00,113.8,113.8095,113.8,113.8135,84
2026-05-25T04:19:00+00:00,113.81,113.801,113.8,113.811,31
2026-05-25T04:20:00+00:00,113.8005,113.8135,113.7955,113.8155,87
2026-05-25T04:21:00+00:00,113.813,113.8205,113.8125,113.8245,89
2026-05-25T04:22:00+00:00,113.821,113.819,113.818,113.8225,69
2026-05-25T04:23:00+00:00,113.8195,113.8215,113.818,113.822,34
2026-05-25T04:24:00+00:00,113.822,113.82,113.819,113.825,86
2026-05-25T04:25:00+00:00,113.82,113.8305,113.82,113.832,110
2026-05-25T04:26:00+00:00,113.8315,113.847,113.8315,113.8485,70
2026-05-25T04:27:00+00:00,113.8475,113.854,113.845,113.854,57
2026-05-25T04:28:00+00:00,113.854,113.85,113.849,113.8565,143
2026-05-25T04:29:00+00:00,113.8495,113.851,113.845,113.853,64
2026-05-25T04:30:00+00:00,113.852,113.8385,113.8365,113.8535,123
2026-05-25T04:31:00+00:00,113.838,113.8535,113.8375,113.8535,174
2026-05-25T04:32:00+00:00,113.8525,113.8485,113.8415,113.853,90
2026-05-25T04:33:00+00:00,113.8485,113.856,113.8475,113.8575,68
2026-05-25T04:34:00+00:00,113.856,113.864,113.8535,113.8675,112
2026-05-25T04:35:00+00:00,113.8645,113.8715,113.8635,113.874,104
2026-05-25T04:36:00+00:00,113.871,113.8525,113.8505,113.871,94
2026-05-25T04:37:00+00:00,113.852,113.867,113.85,113.867,106
2026-05-25T04:38:00+00:00,113.867,113.8725,113.862,113.8725,86
2026-05-25T04:39:00+00:00,113.873,113.874,113.871,113.8755,61
2026-05-25T04:40:00+00:00,113.874,113.8775,113.8705,113.8875,115
2026-05-25T04:41:00+00:00,113.878,113.877,113.876,113.882,68
2026-05-25T04:42:00+00:00,113.877,113.885,113.876,113.886,60
2026-05-25T04:43:00+00:00,113.885,113.8825,113.881,113.889,57
2026-05-25T04:44:00+00:00,113.8825,113.8865,113.88,113.888,68
2026-05-25T04:45:00+00:00,113.8865,113.885,113.8825,113.891,89
2026-05-25T04:46:00+00:00,113.886,113.891,113.8845,113.8925,61
2026-05-25T04:47:00+00:00,113.8915,113.8865,113.885,113.9015,112
2026-05-25T04:48:00+00:00,113.8865,113.8965,113.884,113.8995,58
2026-05-25T04:49:00+00:00,113.8965,113.897,113.8945,113.903,51
2026-05-25T04:50:00+00:00,113.8985,113.9025,113.8975,113.904,75
2026-05-25T04:51:00+00:00,113.9025,113.9005,113.898,113.91,147
2026-05-25T04:52:00+00:00,113.9005,113.898,113.897,113.9065,147
2026-05-25T04:53:00+00:00,113.8985,113.901,113.895,113.901,71
2026-05-25T04:54:00+00:00,113.9005,113.895,113.895,113.9035,61
2026-05-25T04:55:00+00:00,113.8955,113.901,113.895,113.902,143
2026-05-25T04:56:00+00:00,113.8995,113.892,113.89,113.8995,141
2026-05-25T04:57:00+00:00,113.8925,113.9095,113.892,113.9135,148
2026-05-25T04:58:00+00:00,113.91,113.903,113.901,113.91,135
2026-05-25T04:59:00+00:00,113.9025,113.89,113.89,113.9045,143
2026-05-25T05:00:00+00:00,113.8895,113.8895,113.8835,113.898,206
2026-05-25T05:01:00+00:00,113.889,113.9055,113.885,113.9095,188
2026-05-25T05:02:00+00:00,113.9055,113.911,113.903,113.9135,125
2026-05-25T05:03:00+00:00,113.9105,113.908,113.904,113.912,118
2026-05-25T05:04:00+00:00,113.9075,113.905,113.9025,113.909,90
2026-05-25T05:05:00+00:00,113.905,113.9105,113.9,113.9105,108
2026-05-25T05:06:00+00:00,113.9105,113.917,113.907,113.9205,145
2026-05-25T05:07:00+00:00,113.917,113.915,113.906,113.924,204
2026-05-25T05:08:00+00:00,113.916,113.902,113.8995,113.92,156
2026-05-25T05:09:00+00:00,113.901,113.893,113.883,113.903,215
2026-05-25T05:10:00+00:00,113.8925,113.899,113.8915,113.9025,118
2026-05-25T05:11:00+00:00,113.8985,113.9105,113.896,113.913,136
2026-05-25T05:12:00+00:00,113.911,113.887,113.887,113.921,201
2026-05-25T05:13:00+00:00,113.8885,113.895,113.887,113.8995,106
2026-05-25T05:14:00+00:00,113.895,113.908,113.894,113.908,63
2026-05-25T05:15:00+00:00,113.908,113.9165,113.9075,113.917,95
2026-05-25T05:16:00+00:00,113.917,113.9255,113.916,113.9255,83
2026-05-25T05:17:00+00:00,113.925,113.9145,113.913,113.926,161
2026-05-25T05:18:00+00:00,113.914,113.913,113.912,113.92,91
2026-05-25T05:19:00+00:00,113.9125,113.9115,113.9055,113.913,88
2026-05-25T05:20:00+00:00,113.9115,113.911,113.91,113.913,32
2026-05-25T05:21:00+00:00,113.911,113.903,113.898,113.911,143
2026-05-25T05:22:00+00:00,113.9035,113.897,113.8955,113.91,152
2026-05-25T05:23:00+00:00,113.8975,113.898,113.8945,113.903,76
2026-05-25T05:24:00+00:00,113.8975,113.8935,113.8935,113.9,50
2026-05-25T05:25:00+00:00,113.893,113.892,113.89,113.897,139
2026-05-25T05:26:00+00:00,113.8915,113.892,113.891,113.895,105
2026-05-25T05:27:00+00:00,113.8915,113.8855,113.8855,113.8915,113
2026-05-25T05:28:00+00:00,113.886,113.884,113.882,113.887,50
2026-05-25T05:29:00+00:00,113.8845,113.879,113.8755,113.8845,86
2026-05-25T05:30:00+00:00,113.879,113.861,113.8605,113.879,144
2026-05-25T05:31:00+00:00,113.8605,113.87,113.858,113.874,172
2026-05-25T05:32:00+00:00,113.8705,113.8825,113.8705,113.8825,149
2026-05-25T05:33:00+00:00,113.883,113.8875,113.883,113.8925,149
2026-05-25T05:34:00+00:00,113.887,113.8975,113.887,113.899,131
2026-05-25T05:35:00+00:00,113.898,113.89,113.885,113.899,111
2026-05-25T05:36:00+00:00,113.8905,113.889,113.8865,113.8945,71
2026-05-25T05:37:00+00:00,113.8895,113.91,113.888,113.9105,92
2026-05-25T05:38:00+00:00,113.9095,113.9105,113.9075,113.913,57
2026-05-25T05:39:00+00:00,113.9105,113.905,113.9045,113.911,47
2026-05-25T05:40:00+00:00,113.9055,113.903,113.897,113.906,91
2026-05-25T05:41:00+00:00,113.9025,113.9095,113.9005,113.9115,103
2026-05-25T05:42:00+00:00,113.909,113.917,113.909,113.919,85
2026-05-25T05:43:00+00:00,113.9165,113.9105,113.9095,113.925,129
2026-05-25T05:44:00+00:00,113.9105,113.906,113.9035,113.9105,124
2026-05-25T05:45:00+00:00,113.906,113.9115,113.9045,113.916,121
2026-05-25T05:46:00+00:00,113.911,113.8955,113.8945,113.912,89
2026-05-25T05:47:00+00:00,113.895,113.9025,113.893,113.905,94
2026-05-25T05:48:00+00:00,113.903,113.8925,113.8915,113.903,98
2026-05-25T05:49:00+00:00,113.892,113.881,113.878,113.8925,110
2026-05-25T05:50:00+00:00,113.8805,113.863,113.863,113.8805,135
2026-05-25T05:51:00+00:00,113.8625,113.864,113.853,113.8685,139
2026-05-25T05:52:00+00:00,113.863,113.862,113.8565,113.8645,169
2026-05-25T05:53:00+00:00,113.861,113.8595,113.855,113.8655,112
2026-05-25T05:54:00+00:00,113.86,113.871,113.86,113.8725,49
2026-05-25T05:55:00+00:00,113.8705,113.8715,113.867,113.8785,150
2026-05-25T05:56:00+00:00,113.8725,113.866,113.865,113.882,157
2026-05-25T05:57:00+00:00,113.8665,113.8685,113.859,113.8695,211
2026-05-25T05:58:00+00:00,113.8695,113.8685,113.8625,113.8725,185
2026-05-25T05:59:00+00:00,113.868,113.877,113.868,113.8875,240
2026-05-25T06:00:00+00:00,113.8765,113.896,113.8645,113.897,416
2026-05-25T06:01:00+00:00,113.8965,113.897,113.8895,113.903,282
2026-05-25T06:02:00+00:00,113.8975,113.886,113.886,113.905,247
2026-05-25T06:03:00+00:00,113.886,113.896,113.881,113.8965,185
2026-05-25T06:04:00+00:00,113.8955,113.88,113.8785,113.8985,140
2026-05-25T06:05:00+00:00,113.88,113.8805,113.875,113.884,171
2026-05-25T06:06:00+00:00,113.88,113.882,113.878,113.885,139
2026-05-25T06:07:00+00:00,113.8825,113.902,113.8825,113.902,177
2026-05-25T06:08:00+00:00,113.9015,113.898,113.8975,113.9045,153
2026-05-25T06:09:00+00:00,113.8975,113.8985,113.8965,113.9035,115
2026-05-25T06:10:00+00:00,113.899,113.9055,113.899,113.9085,159
2026-05-25T06:11:00+00:00,113.9055,113.905,113.901,113.9075,124
2026-05-25T06:12:00+00:00,113.9045,113.9065,113.9035,113.911,115
2026-05-25T06:13:00+00:00,113.9065,113.906,113.903,113.912,133
2026-05-25T06:14:00+00:00,113.906,113.912,113.906,113.9145,111
2026-05-25T06:15:00+00:00,113.9125,113.895,113.893,113.913,156
2026-05-25T06:16:00+00:00,113.8955,113.88,113.88,113.8965,144
2026-05-25T06:17:00+00:00,113.881,113.883,113.878,113.8845,74
2026-05-25T06:18:00+00:00,113.8835,113.8835,113.8805,113.889,124
2026-05-25T06:19:00+00:00,113.884,113.876,113.875,113.884,81
2026-05-25T06:20:00+00:00,113.875,113.8665,113.8665,113.88,146
2026-05-25T06:21:00+00:00,113.866,113.8605,113.8585,113.8705,132
2026-05-25T06:22:00+00:00,113.86,113.857,113.854,113.8615,150
2026-05-25T06:23:00+00:00,113.8565,113.874,113.8555,113.8745,161
2026-05-25T06:24:00+00:00,113.8745,113.884,113.8725,113.8875,168
2026-05-25T06:25:00+00:00,113.884,113.875,113.871,113.8865,150
2026-05-25T06:26:00+00:00,113.875,113.8745,113.873,113.8835,134
2026-05-25T06:27:00+00:00,113.875,113.878,113.8745,113.884,128
2026-05-25T06:28:00+00:00,113.878,113.877,113.874,113.882,104
2026-05-25T06:29:00+00:00,113.8765,113.874,113.867,113.8765,154
2026-05-25T06:30:00+00:00,113.8735,113.8655,113.857,113.874,250
2026-05-25T06:31:00+00:00,113.8655,113.879,113.8655,113.8815,156
2026-05-25T06:32:00+00:00,113.8795,113.888,113.876,113.8895,245
2026-05-25T06:33:00+00:00,113.8875,113.88,113.878,113.893,189
2026-05-25T06:34:00+00:00,113.8805,113.891,113.878,113.8955,216
2026-05-25T06:35:00+00:00,113.8915,113.895,113.881,113.8955,152
2026-05-25T06:36:00+00:00,113.8955,113.8885,113.885,113.901,186
2026-05-25T06:37:00+00:00,113.889,113.8915,113.881,113.894,138
2026-05-25T06:38:00+00:00,113.8915,113.8965,113.89,113.899,115
2026-05-25T06:39:00+00:00,113.8975,113.9015,113.896,113.9095,154
2026-05-25T06:40:00+00:00,113.9015,113.898,113.8915,113.9015,110
2026-05-25T06:41:00+00:00,113.8985,113.8955,113.891,113.9,107
2026-05-25T06:42:00+00:00,113.896,113.89,113.882,113.8985,145
2026-05-25T06:43:00+00:00,113.89,113.8755,113.8745,113.89,126
2026-05-25T06:44:00+00:00,113.8765,113.875,113.874,113.878,111
2026-05-25T06:45:00+00:00,113.8755,113.8815,113.874,113.8865,141
2026-05-25T06:46:00+00:00,113.882,113.9,113.8815,113.9015,164
2026-05-25T06:47:00+00:00,113.9,113.8905,113.887,113.905,177
2026-05-25T06:48:00+00:00,113.891,113.8745,113.873,113.891,115
2026-05-25T06:49:00+00:00,113.8745,113.879,113.873,113.8815,71
2026-05-25T06:50:00+00:00,113.8785,113.8845,113.876,113.886,137
2026-05-25T06:51:00+00:00,113.884,113.8925,113.88,113.8935,197
2026-05-25T06:52:00+00:00,113.8925,113.88,113.871,113.8945,149
2026-05-25T06:53:00+00:00,113.8805,113.88,113.875,113.8825,130
2026-05-25T06:54:00+00:00,113.8805,113.884,113.8785,113.885,171
2026-05-25T06:55:00+00:00,113.8835,113.8885,113.879,113.891,187
2026-05-25T06:56:00+00:00,113.888,113.8845,113.883,113.892,153
2026-05-25T06:57:00+00:00,113.885,113.8865,113.8745,113.887,303
2026-05-25T06:58:00+00:00,113.886,113.882,113.8805,113.8875,226
2026-05-25T06:59:00+00:00,113.8825,113.874,113.87,113.885,203
2026-05-25T07:00:00+00:00,113.8745,113.8715,113.868,113.8815,345
2026-05-25T07:01:00+00:00,113.871,113.8665,113.865,113.873,225
2026-05-25T07:02:00+00:00,113.8665,113.867,113.8595,113.8715,283
2026-05-25T07:03:00+00:00,113.8675,113.867,113.8655,113.875,140
2026-05-25T07:04:00+00:00,113.8675,113.874,113.8675,113.8845,206
2026-05-25T07:05:00+00:00,113.8735,113.869,113.8645,113.8805,226
2026-05-25T07:06:00+00:00,113.8685,113.8455,113.84,113.869,317
2026-05-25T07:07:00+00:00,113.844,113.836,113.836,113.8485,237
2026-05-25T07:08:00+00:00,113.836,113.828,113.828,113.8395,170
2026-05-25T07:09:00+00:00,113.827,113.833,113.8125,113.8355,273
2026-05-25T07:10:00+00:00,113.832,113.8455,113.824,113.8535,220
2026-05-25T07:11:00+00:00,113.8465,113.855,113.844,113.8585,254
2026-05-25T07:12:00+00:00,113.8545,113.859,113.8515,113.8645,239
2026-05-25T07:13:00+00:00,113.8585,113.859,113.852,113.862,229
2026-05-25T07:14:00+00:00,113.858,113.8585,113.854,113.8645,189
2026-05-25T07:15:00+00:00,113.8585,113.8405,113.839,113.8615,184
2026-05-25T07:16:00+00:00,113.8395,113.836,113.8275,113.84,190
2026-05-25T07:17:00+00:00,113.8355,113.798,113.7965,113.8365,373
2026-05-25T07:18:00+00:00,113.7975,113.7505,113.749,113.807,905
2026-05-25T07:19:00+00:00,113.75,113.76,113.7465,113.7775,575
2026-05-25T07:20:00+00:00,113.762,113.7635,113.748,113.7735,569
2026-05-25T07:21:00+00:00,113.764,113.776,113.763,113.7815,407
2026-05-25T07:22:00+00:00,113.7755,113.7745,113.766,113.797,477
2026-05-25T07:23:00+00:00,113.774,113.765,113.7645,113.783,315
2026-05-25T07:24:00+00:00,113.7655,113.7945,113.7655,113.801,320
2026-05-25T07:25:00+00:00,113.795,113.793,113.7855,113.7995,412
2026-05-25T07:26:00+00:00,113.7935,113.8195,113.7935,113.823,369
2026-05-25T07:27:00+00:00,113.819,113.8335,113.8175,113.8375,289
2026-05-25T07:28:00+00:00,113.833,113.823,113.8225,113.833,208
2026-05-25T07:29:00+00:00,113.8225,113.8205,113.8165,113.829,272
2026-05-25T07:30:00+00:00,113.821,113.8365,113.821,113.8395,158
2026-05-25T07:31:00+00:00,113.836,113.8435,113.8335,113.8455,314
2026-05-25T07:32:00+00:00,113.843,113.855,113.83,113.8595,405
2026-05-25T07:33:00+00:00,113.854,113.8575,113.8515,113.878,693
2026-05-25T07:34:00+00:00,113.8585,113.844,113.8435,113.8595,350
2026-05-25T07:35:00+00:00,113.8445,113.854,113.844,113.8595,304
2026-05-25T07:36:00+00:00,113.8535,113.8545,113.843,113.859,288
2026-05-25T07:37:00+00:00,113.854,113.8415,113.838,113.8555,182
2026-05-25T07:38:00+00:00,113.8415,113.8345,113.8335,113.8475,211
2026-05-25T07:39:00+00:00,113.834,113.834,113.8315,113.841,113
2026-05-25T07:40:00+00:00,113.8335,113.8285,113.825,113.834,107
2026-05-25T07:41:00+00:00,113.828,113.824,113.8195,113.836,136
2026-05-25T07:42:00+00:00,113.8235,113.8285,113.823,113.836,146
2026-05-25T07:43:00+00:00,113.828,113.8235,113.822,113.8355,165
2026-05-25T07:44:00+00:00,113.823,113.814,113.812,113.8295,295
2026-05-25T07:45:00+00:00,113.813,113.821,113.8115,113.8225,153
2026-05-25T07:46:00+00:00,113.82,113.827,113.8125,113.8285,228
2026-05-25T07:47:00+00:00,113.8265,113.8275,113.822,113.8305,127
2026-05-25T07:48:00+00:00,113.8275,113.8165,113.815,113.8305,93
2026-05-25T07:49:00+00:00,113.816,113.8215,113.816,113.8225,149
2026-05-25T07:50:00+00:00,113.8205,113.814,113.812,113.8235,112
2026-05-25T07:51:00+00:00,113.814,113.8065,113.805,113.8165,71
2026-05-25T07:52:00+00:00,113.805,113.8155,113.8005,113.8165,127
2026-05-25T07:53:00+00:00,113.815,113.811,113.8035,113.8155,121
2026-05-25T07:54:00+00:00,113.811,113.8095,113.807,113.812,132
2026-05-25T07:55:00+00:00,113.81,113.815,113.809,113.818,90
2026-05-25T07:56:00+00:00,113.8165,113.8225,113.8145,113.826,172
2026-05-25T07:57:00+00:00,113.8225,113.839,113.821,113.8405,156
2026-05-25T07:58:00+00:00,113.8385,113.828,113.8265,113.841,199
2026-05-25T07:59:00+00:00,113.828,113.835,113.824,113.836,163
2026-05-25T08:00:00+00:00,113.8345,113.8235,113.8195,113.8365,293
2026-05-25T08:01:00+00:00,113.822,113.829,113.819,113.832,181
2026-05-25T08:02:00+00:00,113.8295,113.8115,113.81,113.83,242
2026-05-25T08:03:00+00:00,113.811,113.814,113.807,113.826,280
2026-05-25T08:04:00+00:00,113.8135,113.823,113.8135,113.828,151
2026-05-25T08:05:00+00:00,113.822,113.8135,113.813,113.8285,144
2026-05-25T08:06:00+00:00,113.813,113.8265,113.8125,113.8335,222
2026-05-25T08:07:00+00:00,113.827,113.824,113.8135,113.83,183
2026-05-25T08:08:00+00:00,113.823,113.824,113.819,113.829,199
2026-05-25T08:09:00+00:00,113.823,113.8325,113.821,113.837,197
2026-05-25T08:10:00+00:00,113.833,113.8285,113.8265,113.8395,181
2026-05-25T08:11:00+00:00,113.828,113.8265,113.8185,113.8375,214
2026-05-25T08:12:00+00:00,113.826,113.8245,113.8215,113.83,169
2026-05-25T08:13:00+00:00,113.824,113.818,113.813,113.824,181
2026-05-25T08:14:00+00:00,113.8175,113.823,113.8175,113.8285,201
2026-05-25T08:15:00+00:00,113.822,113.812,113.81,113.825,224
2026-05-25T08:16:00+00:00,113.8125,113.823,113.8105,113.827,167
2026-05-25T08:17:00+00:00,113.8235,113.8285,113.8235,113.831,110
2026-05-25T08:18:00+00:00,113.829,113.8305,113.8245,113.833,140
2026-05-25T08:19:00+00:00,113.8305,113.84,113.8285,113.84,138
2026-05-25T08:20:00+00:00,113.8395,113.8375,113.836,113.8515,177
2026-05-25T08:21:00+00:00,113.8375,113.8325,113.83,113.838,133
2026-05-25T08:22:00+00:00,113.8335,113.821,113.8205,113.8335,155
2026-05-25T08:23:00+00:00,113.8215,113.823,113.8175,113.824,115
2026-05-25T08:24:00+00:00,113.823,113.8295,113.822,113.832,119
2026-05-25T08:25:00+00:00,113.83,113.831,113.8255,113.8335,155
2026-05-25T08:26:00+00:00,113.8315,113.835,113.829,113.838,211
2026-05-25T08:27:00+00:00,113.836,113.838,113.8335,113.8435,200
2026-05-25T08:28:00+00:00,113.839,113.8345,113.83,113.839,117
2026-05-25T08:29:00+00:00,113.835,113.8355,113.8325,113.8395,158
2026-05-25T08:30:00+00:00,113.836,113.8505,113.8305,113.854,232
2026-05-25T08:31:00+00:00,113.85,113.871,113.847,113.8725,196
2026-05-25T08:32:00+00:00,113.8715,113.883,113.871,113.886,141
2026-05-25T08:33:00+00:00,113.8825,113.8915,113.882,113.895,118
2026-05-25T08:34:00+00:00,113.892,113.8975,113.8845,113.902,119
2026-05-25T08:35:00+00:00,113.897,113.8925,113.8895,113.903,211
2026-05-25T08:36:00+00:00,113.8925,113.8745,113.8745,113.8925,149
2026-05-25T08:37:00+00:00,113.875,113.8765,113.8735,113.8785,118
2026-05-25T08:38:00+00:00,113.8755,113.8875,113.8755,113.888,114
2026-05-25T08:39:00+00:00,113.887,113.897,113.887,113.9,150
2026-05-25T08:40:00+00:00,113.898,113.9035,113.897,113.9105,162
2026-05-25T08:41:00+00:00,113.903,113.902,113.8925,113.906,220
2026-05-25T08:42:00+00:00,113.9015,113.8945,113.8935,113.9015,121
2026-05-25T08:43:00+00:00,113.895,113.8805,113.88,113.8955,96
2026-05-25T08:44:00+00:00,113.881,113.887,113.878,113.888,118
2026-05-25T08:45:00+00:00,113.8875,113.888,113.8735,113.8885,163
2026-05-25T08:46:00+00:00,113.8875,113.893,113.8875,113.893,112
2026-05-25T08:47:00+00:00,113.8925,113.89,113.88,113.8935,125
2026-05-25T08:48:00+00:00,113.8905,113.895,113.886,113.8955,136
2026-05-25T08:49:00+00:00,113.8945,113.893,113.891,113.9015,137
2026-05-25T08:50:00+00:00,113.8925,113.8955,113.892,113.902,159
2026-05-25T08:51:00+00:00,113.896,113.899,113.8955,113.9095,170
2026-05-25T08:52:00+00:00,113.899,113.8925,113.891,113.9055,127
2026-05-25T08:53:00+00:00,113.892,113.88,113.88,113.8925,114
2026-05-25T08:54:00+00:00,113.8805,113.889,113.8805,113.8925,112
2026-05-25T08:55:00+00:00,113.8905,113.876,113.868,113.8955,229
2026-05-25T08:56:00+00:00,113.8775,113.878,113.874,113.882,157
2026-05-25T08:57:00+00:00,113.8785,113.886,113.874,113.886,157
2026-05-25T08:58:00+00:00,113.8865,113.899,113.8865,113.91,181
2026-05-25T08:59:00+00:00,113.898,113.8925,113.8915,113.9025,171
2026-05-25T09:00:00+00:00,113.8935,113.896,113.8915,113.8965,123
2026-05-25T09:01:00+00:00,113.8955,113.8905,113.8895,113.8985,175
2026-05-25T09:02:00+00:00,113.891,113.9025,113.8885,113.9045,197
2026-05-25T09:03:00+00:00,113.902,113.9065,113.9015,113.91,96
2026-05-25T09:04:00+00:00,113.9065,113.9075,113.9035,113.911,127
2026-05-25T09:05:00+00:00,113.907,113.9165,113.9015,113.9165,190
2026-05-25T09:06:00+00:00,113.916,113.906,113.905,113.9215,149
2026-05-25T09:07:00+00:00,113.906,113.905,113.9015,113.9065,74
2026-05-25T09:08:00+00:00,113.9045,113.898,113.8945,113.9045,130
2026-05-25T09:09:00+00:00,113.8975,113.8975,113.8975,113.903,121
2026-05-25T09:10:00+00:00,113.897,113.913,113.897,113.914,91
2026-05-25T09:11:00+00:00,113.9135,113.922,113.9125,113.9235,107
2026-05-25T09:12:00+00:00,113.923,113.9125,113.911,113.9235,140
2026-05-25T09:13:00+00:00,113.913,113.8995,113.8965,113.913,165
2026-05-25T09:14:00+00:00,113.8995,113.91,113.8915,113.912,129
2026-05-25T09:15:00+00:00,113.9095,113.9025,113.902,113.912,156
2026-05-25T09:16:00+00:00,113.903,113.906,113.8995,113.908,166
2026-05-25T09:17:00+00:00,113.905,113.9015,113.8955,113.906,114
2026-05-25T09:18:00+00:00,113.9015,113.9135,113.901,113.9135,144
2026-05-25T09:19:00+00:00,113.914,113.9045,113.903,113.914,89
2026-05-25T09:20:00+00:00,113.905,113.902,113.901,113.9135,125
2026-05-25T09:21:00+00:00,113.902,113.9,113.8955,113.904,107
2026-05-25T09:22:00+00:00,113.9,113.903,113.8985,113.9065,151
2026-05-25T09:23:00+00:00,113.903,113.8975,113.895,113.9045,134
2026-05-25T09:24:00+00:00,113.8975,113.9005,113.8975,113.9035,98
2026-05-25T09:25:00+00:00,113.9,113.9005,113.8995,113.904,77
2026-05-25T09:26:00+00:00,113.9,113.8905,113.8905,113.9015,108
2026-05-25T09:27:00+00:00,113.8915,113.8955,113.8915,113.8985,96
2026-05-25T09:28:00+00:00,113.896,113.898,113.8955,113.9015,83
2026-05-25T09:29:00+00:00,113.8985,113.8905,113.89,113.899,150
2026-05-25T09:30:00+00:00,113.891,113.9005,113.89,113.901,171
2026-05-25T09:31:00+00:00,113.9005,113.9095,113.9005,113.9105,123
2026-05-25T09:32:00+00:00,113.91,113.913,113.908,113.9155,84
2026-05-25T09:33:00+00:00,113.9145,113.911,113.908,113.9145,108
2026-05-25T09:34:00+00:00,113.911,113.913,113.909,113.9205,134
2026-05-25T09:35:00+00:00,113.9135,113.919,113.9135,113.92,101
2026-05-25T09:36:00+00:00,113.9195,113.912,113.911,113.926,128
2026-05-25T09:37:00+00:00,113.9125,113.915,113.912,113.918,61
2026-05-25T09:38:00+00:00,113.9165,113.9145,113.9135,113.9165,26
2026-05-25T09:39:00+00:00,113.915,113.926,113.9145,113.928,85
2026-05-25T09:40:00+00:00,113.926,113.925,113.924,113.929,70
2026-05-25T09:41:00+00:00,113.9255,113.9385,113.925,113.9405,121
2026-05-25T09:42:00+00:00,113.939,113.9445,113.938,113.9445,81
2026-05-25T09:43:00+00:00,113.944,113.945,113.942,113.945,27
2026-05-25T09:44:00+00:00,113.945,113.943,113.943,113.945,27
2026-05-25T09:45:00+00:00,113.943,113.933,113.933,113.9455,99
2026-05-25T09:46:00+00:00,113.9325,113.9395,113.931,113.941,96
2026-05-25T09:47:00+00:00,113.9395,113.934,113.934,113.9405,56
2026-05-25T09:48:00+00:00,113.935,113.915,113.915,113.9355,133
2026-05-25T09:49:00+00:00,113.9155,113.9155,113.914,113.9175,53
2026-05-25T09:50:00+00:00,113.916,113.917,113.9135,113.9215,77
2026-05-25T09:51:00+00:00,113.917,113.9165,113.9155,113.9205,64
2026-05-25T09:52:00+00:00,113.917,113.91,113.9095,113.9185,115
2026-05-25T09:53:00+00:00,113.91,113.9155,113.91,113.9165,68
2026-05-25T09:54:00+00:00,113.9155,113.911,113.911,113.916,79
2026-05-25T09:55:00+00:00,113.9115,113.914,113.9115,113.918,112
2026-05-25T09:56:00+00:00,113.914,113.9155,113.912,113.9165,53
2026-05-25T09:57:00+00:00,113.9155,113.9145,113.914,113.916,41
2026-05-25T09:58:00+00:00,113.9155,113.909,113.9085,113.9155,106
2026-05-25T09:59:00+00:00,113.909,113.903,113.9005,113.912,134
2026-05-25T10:00:00+00:00,113.9035,113.921,113.9015,113.924,147
2026-05-25T10:01:00+00:00,113.921,113.922,113.9185,113.9265,162
2026-05-25T10:02:00+00:00,113.9225,113.923,113.9215,113.9245,91
2026-05-25T10:03:00+00:00,113.9235,113.9235,113.917,113.928,107
2026-05-25T10:04:00+00:00,113.923,113.9175,113.917,113.9245,99
2026-05-25T10:05:00+00:00,113.917,113.9235,113.9165,113.9255,111
2026-05-25T10:06:00+00:00,113.924,113.9225,113.92,113.9255,59
2026-05-25T10:07:00+00:00,113.923,113.928,113.9225,113.9295,58
2026-05-25T10:08:00+00:00,113.929,113.922,113.922,113.93,114
2026-05-25T10:09:00+00:00,113.9225,113.924,113.92,113.929,100
2026-05-25T10:10:00+00:00,113.924,113.9305,113.915,113.9315,234
2026-05-25T10:11:00+00:00,113.9315,113.934,113.9295,113.9405,131
2026-05-25T10:12:00+00:00,113.9335,113.9365,113.9325,113.9395,78
2026-05-25T10:13:00+00:00,113.936,113.9315,113.9305,113.9375,152
2026-05-25T10:14:00+00:00,113.9315,113.927,113.9265,113.933,61
2026-05-25T10:15:00+00:00,113.9275,113.934,113.9245,113.9355,89
2026-05-25T10:16:00+00:00,113.934,113.933,113.9315,113.9365,92
2026-05-25T10:17:00+00:00,113.9335,113.9415,113.9335,113.945,84
2026-05-25T10:18:00+00:00,113.9415,113.9415,113.934,113.942,79
2026-05-25T10:19:00+00:00,113.9415,113.94,113.9395,113.9505,63
2026-05-25T10:20:00+00:00,113.94,113.9245,113.924,113.94,139
2026-05-25T10:21:00+00:00,113.9245,113.9295,113.9185,113.93,143
2026-05-25T10:22:00+00:00,113.929,113.9285,113.9265,113.9305,49
2026-05-25T10:23:00+00:00,113.9285,113.927,113.9245,113.931,78
2026-05-25T10:24:00+00:00,113.928,113.9235,113.923,113.9295,53
2026-05-25T10:25:00+00:00,113.923,113.918,113.9155,113.926,91
2026-05-25T10:26:00+00:00,113.9175,113.9215,113.9165,113.924,70
2026-05-25T10:27:00+00:00,113.921,113.922,113.9195,113.9235,59
2026-05-25T10:28:00+00:00,113.9215,113.9185,113.9165,113.9215,93
2026-05-25T10:29:00+00:00,113.919,113.9125,113.9095,113.9215,120
2026-05-25T10:30:00+00:00,113.9125,113.909,113.9045,113.9135,106
2026-05-25T10:31:00+00:00,113.909,113.903,113.9015,113.9095,102
2026-05-25T10:32:00+00:00,113.903,113.8975,113.8965,113.904,81
2026-05-25T10:33:00+00:00,113.898,113.899,113.8935,113.9,107
2026-05-25T10:34:00+00:00,113.899,113.906,113.899,113.9125,101
2026-05-25T10:35:00+00:00,113.906,113.8995,113.8985,113.9065,92
2026-05-25T10:36:00+00:00,113.9,113.9035,113.8975,113.9045,88
2026-05-25T10:37:00+00:00,113.903,113.898,113.8935,113.907,92
2026-05-25T10:38:00+00:00,113.8975,113.894,113.893,113.9025,137
2026-05-25T10:39:00+00:00,113.8935,113.894,113.8925,113.898,50
2026-05-25T10:40:00+00:00,113.894,113.904,113.894,113.9055,97
2026-05-25T10:41:00+00:00,113.904,113.9045,113.902,113.9095,153
2026-05-25T10:42:00+00:00,113.9045,113.9075,113.904,113.91,111
2026-05-25T10:43:00+00:00,113.908,113.912,113.9065,113.9155,82
2026-05-25T10:44:00+00:00,113.912,113.9145,113.9105,113.918,130
2026-05-25T10:45:00+00:00,113.915,113.918,113.913,113.921,173
2026-05-25T10:46:00+00:00,113.9195,113.9175,113.914,113.9225,87
2026-05-25T10:47:00+00:00,113.916,113.92,113.916,113.9225,81
2026-05-25T10:48:00+00:00,113.9195,113.9205,113.9195,113.925,66
2026-05-25T10:49:00+00:00,113.9215,113.9175,113.9165,113.922,74
2026-05-25T10:50:00+00:00,113.917,113.9155,113.9155,113.92,92
2026-05-25T10:51:00+00:00,113.915,113.9125,113.9095,113.9165,88
2026-05-25T10:52:00+00:00,113.9125,113.9095,113.907,113.916,114
2026-05-25T10:53:00+00:00,113.9095,113.9135,113.9075,113.914,57
2026-05-25T10:54:00+00:00,113.913,113.903,113.903,113.913,79
2026-05-25T10:55:00+00:00,113.9035,113.905,113.903,113.9055,42
2026-05-25T10:56:00+00:00,113.905,113.9025,113.9015,113.9065,69
2026-05-25T10:57:00+00:00,113.902,113.899,113.8985,113.908,126
2026-05-25T10:58:00+00:00,113.9,113.903,113.895,113.9045,111
2026-05-25T10:59:00+00:00,113.9045,113.909,113.9015,113.9095,87
2026-05-25T11:00:00+00:00,113.9095,113.8985,113.8975,113.9115,130
2026-05-25T11:01:00+00:00,113.8995,113.905,113.8975,113.9065,93
2026-05-25T11:02:00+00:00,113.905,113.893,113.893,113.9095,101
2026-05-25T11:03:00+00:00,113.894,113.8905,113.8885,113.8955,88
2026-05-25T11:04:00+00:00,113.8915,113.894,113.8885,113.8945,95
2026-05-25T11:05:00+00:00,113.894,113.891,113.89,113.895,136
2026-05-25T11:06:00+00:00,113.891,113.882,113.881,113.894,154
2026-05-25T11:07:00+00:00,113.8825,113.883,113.88,113.8845,96
2026-05-25T11:08:00+00:00,113.8825,113.8885,113.8815,113.89,97
2026-05-25T11:09:00+00:00,113.888,113.8985,113.8875,113.8995,113
2026-05-25T11:10:00+00:00,113.898,113.908,113.8965,113.913,112
2026-05-25T11:11:00+00:00,113.9085,113.902,113.9,113.9085,125
2026-05-25T11:12:00+00:00,113.9015,113.897,113.894,113.9015,148
2026-05-25T11:13:00+00:00,113.8975,113.9025,113.8955,113.903,113
2026-05-25T11:14:00+00:00,113.902,113.903,113.9,113.9055,52
2026-05-25T11:15:00+00:00,113.9025,113.9045,113.901,113.908,117
2026-05-25T11:16:00+00:00,113.905,113.909,113.902,113.91,97
2026-05-25T11:17:00+00:00,113.909,113.91,113.907,113.9115,68
2026-05-25T11:18:00+00:00,113.91,113.915,113.91,113.9165,88
2026-05-25T11:19:00+00:00,113.915,113.92,113.914,113.921,57
2026-05-25T11:20:00+00:00,113.9205,113.9235,113.919,113.924,67
2026-05-25T11:21:00+00:00,113.923,113.923,113.9195,113.924,81
2026-05-25T11:22:00+00:00,113.9225,113.92,113.9185,113.9255,68
2026-05-25T11:23:00+00:00,113.9195,113.916,113.914,113.922,46
2026-05-25T11:24:00+00:00,113.916,113.918,113.915,113.9205,63
2026-05-25T11:25:00+00:00,113.919,113.9185,113.918,113.922,65
2026-05-25T11:26:00+00:00,113.919,113.9105,113.91,113.9215,112
2026-05-25T11:27:00+00:00,113.911,113.918,113.911,113.9205,149
2026-05-25T11:28:00+00:00,113.9175,113.919,113.916,113.9195,46
2026-05-25T11:29:00+00:00,113.919,113.9275,113.9185,113.9285,82
2026-05-25T11:30:00+00:00,113.9275,113.9295,113.926,113.94,179
2026-05-25T11:31:00+00:00,113.929,113.9355,113.929,113.9435,107
2026-05-25T11:32:00+00:00,113.936,113.948,113.936,113.9545,138
2026-05-25T11:33:00+00:00,113.9485,113.954,113.9475,113.968,297
2026-05-25T11:34:00+00:00,113.9535,113.9555,113.949,113.9625,170
2026-05-25T11:35:00+00:00,113.956,113.9595,113.9495,113.963,125
2026-05-25T11:36:00+00:00,113.96,113.975,113.96,113.9785,123
2026-05-25T11:37:00+00:00,113.976,113.9855,113.975,113.988,197
2026-05-25T11:38:00+00:00,113.9855,113.98,113.9725,113.986,125
2026-05-25T11:39:00+00:00,113.979,113.989,113.978,113.9925,160
2026-05-25T11:40:00+00:00,113.9885,113.998,113.9885,114.0045,266
2026-05-25T11:41:00+00:00,113.998,113.998,113.9875,114.0005,220
2026-05-25T11:42:00+00:00,113.9975,113.992,113.9875,114.004,155
2026-05-25T11:43:00+00:00,113.992,113.997,113.99,113.998,191
2026-05-25T11:44:00+00:00,113.9965,114.002,113.9965,114.007,247
2026-05-25T11:45:00+00:00,114.002,113.994,113.99,114.01,288
2026-05-25T11:46:00+00:00,113.9945,113.995,113.982,113.997,241
2026-05-25T11:47:00+00:00,113.9955,113.9925,113.99,114.0025,191
2026-05-25T11:48:00+00:00,113.993,113.9815,113.9735,113.994,192
2026-05-25T11:49:00+00:00,113.9805,113.974,113.97,113.9815,168
2026-05-25T11:50:00+00:00,113.973,113.978,113.971,113.9785,104
2026-05-25T11:51:00+00:00,113.9785,113.9775,113.974,113.981,110
2026-05-25T11:52:00+00:00,113.978,113.9815,113.976,113.9835,201
2026-05-25T11:53:00+00:00,113.981,113.98,113.975,113.983,226
2026-05-25T11:54:00+00:00,113.9795,113.9745,113.9735,113.98,129
2026-05-25T11:55:00+00:00,113.975,113.9645,113.961,113.976,167
2026-05-25T11:56:00+00:00,113.965,113.971,113.965,113.98,303
2026-05-25T11:57:00+00:00,113.971,113.9615,113.959,113.9745,207
2026-05-25T11:58:00+00:00,113.9625,113.964,113.9615,113.971,258
2026-05-25T11:59:00+00:00,113.9635,113.953,113.951,113.9665,172
2026-05-25T12:00:00+00:00,113.9525,113.94,113.9305,113.9535,341
2026-05-25T12:01:00+00:00,113.9395,113.9445,113.939,113.9465,202
2026-05-25T12:02:00+00:00,113.945,113.942,113.9385,113.949,252
2026-05-25T12:03:00+00:00,113.9425,113.943,113.942,113.95,207
2026-05-25T12:04:00+00:00,113.9435,113.953,113.9425,113.9565,172
2026-05-25T12:05:00+00:00,113.9515,113.955,113.947,113.955,216
2026-05-25T12:06:00+00:00,113.955,113.9585,113.9525,113.9615,218
2026-05-25T12:07:00+00:00,113.958,113.95,113.9485,113.958,191
2026-05-25T12:08:00+00:00,113.9505,113.945,113.9425,113.9525,159
2026-05-25T12:09:00+00:00,113.9455,113.9385,113.9375,113.9515,220
2026-05-25T12:10:00+00:00,113.938,113.9455,113.938,113.9505,186
2026-05-25T12:11:00+00:00,113.9445,113.9575,113.9435,113.9575,180
2026-05-25T12:12:00+00:00,113.958,113.9635,113.955,113.964,123
2026-05-25T12:13:00+00:00,113.963,113.9645,113.9585,113.967,151
2026-05-25T12:14:00+00:00,113.9645,113.9465,113.945,113.9655,182
2026-05-25T12:15:00+00:00,113.946,113.945,113.943,113.9515,182
2026-05-25T12:16:00+00:00,113.9455,113.9535,113.9455,113.9575,153
2026-05-25T12:17:00+00:00,113.954,113.9475,113.9425,113.9585,185
2026-05-25T12:18:00+00:00,113.947,113.948,113.942,113.949,138
2026-05-25T12:19:00+00:00,113.947,113.9455,113.9455,113.9535,114
2026-05-25T12:20:00+00:00,113.945,113.938,113.9355,113.949,204
2026-05-25T12:21:00+00:00,113.9375,113.945,113.937,113.945,122
2026-05-25T12:22:00+00:00,113.945,113.9485,113.9435,113.954,132
2026-05-25T12:23:00+00:00,113.948,113.9465,113.941,113.964,415
2026-05-25T12:24:00+00:00,113.946,113.95,113.944,113.955,514
2026-05-25T12:25:00+00:00,113.95,113.953,113.945,113.959,331
2026-05-25T12:26:00+00:00,113.9525,113.949,113.946,113.953,236
2026-05-25T12:27:00+00:00,113.9495,113.944,113.944,113.955,293
2026-05-25T12:28:00+00:00,113.9445,113.9515,113.942,113.9525,244
2026-05-25T12:29:00+00:00,113.951,113.954,113.949,113.957,188
2026-05-25T12:30:00+00:00,113.9535,113.96,113.9535,113.963,295
2026-05-25T12:31:00+00:00,113.96,113.9685,113.958,113.9705,254
2026-05-25T12:32:00+00:00,113.969,113.971,113.966,113.9745,293
2026-05-25T12:33:00+00:00,113.971,113.971,113.967,113.9755,183
2026-05-25T12:34:00+00:00,113.972,113.9745,113.971,113.9785,167
2026-05-25T12:35:00+00:00,113.975,113.971,113.965,113.975,210
2026-05-25T12:36:00+00:00,113.9705,113.969,113.966,113.974,166
2026-05-25T12:37:00+00:00,113.969,113.9725,113.9675,113.9765,109
2026-05-25T12:38:00+00:00,113.973,113.96,113.958,113.974,164
2026-05-25T12:39:00+00:00,113.961,113.966,113.96,113.966,134
2026-05-25T12:40:00+00:00,113.9665,113.964,113.9605,113.9705,134
2026-05-25T12:41:00+00:00,113.9645,113.975,113.964,113.9755,159
2026-05-25T12:42:00+00:00,113.975,113.988,113.972,113.99,248
2026-05-25T12:43:00+00:00,113.9875,113.983,113.981,113.989,197
2026-05-25T12:44:00+00:00,113.9835,113.993,113.9815,113.993,212
2026-05-25T12:45:00+00:00,113.9925,113.977,113.962,113.9975,492
2026-05-25T12:46:00+00:00,113.976,113.9775,113.972,113.981,254
2026-05-25T12:47:00+00:00,113.9785,113.969,113.9675,113.979,148
2026-05-25T12:48:00+00:00,113.9685,113.96,113.9585,113.9725,144
2026-05-25T12:49:00+00:00,113.96,113.949,113.949,113.964,98
2026-05-25T12:50:00+00:00,113.95,113.937,113.937,113.951,142
2026-05-25T12:51:00+00:00,113.9375,113.9315,113.929,113.9445,234
2026-05-25T12:52:00+00:00,113.932,113.9235,113.923,113.932,216
2026-05-25T12:53:00+00:00,113.924,113.9285,113.9215,113.9285,173
2026-05-25T12:54:00+00:00,113.929,113.933,113.9285,113.9355,161
2026-05-25T12:55:00+00:00,113.933,113.935,113.9315,113.9355,77
2026-05-25T12:56:00+00:00,113.9345,113.9415,113.9295,113.9435,189
2026-05-25T12:57:00+00:00,113.942,113.9245,113.923,113.9485,208
2026-05-25T12:58:00+00:00,113.924,113.9205,113.9205,113.927,150
2026-05-25T12:59:00+00:00,113.92,113.9285,113.92,113.9315,130
2026-05-25T13:00:00+00:00,113.928,113.9235,113.9205,113.931,266
2026-05-25T13:01:00+00:00,113.925,113.9435,113.925,113.944,163
2026-05-25T13:02:00+00:00,113.9445,113.9435,113.9375,113.9455,162
2026-05-25T13:03:00+00:00,113.945,113.964,113.945,113.965,113
2026-05-25T13:04:00+00:00,113.964,113.954,113.9515,113.9705,179
2026-05-25T13:05:00+00:00,113.9545,113.9635,113.952,113.9645,97
2026-05-25T13:06:00+00:00,113.963,113.9595,113.9545,113.9665,110
2026-05-25T13:07:00+00:00,113.9615,113.968,113.9565,113.969,175
2026-05-25T13:08:00+00:00,113.9675,113.965,113.9645,113.9745,119
2026-05-25T13:09:00+00:00,113.966,113.969,113.959,113.971,208
2026-05-25T13:10:00+00:00,113.9695,113.963,113.9625,113.971,170
2026-05-25T13:11:00+00:00,113.9625,113.9555,113.954,113.968,162
2026-05-25T13:12:00+00:00,113.9545,113.9395,113.939,113.9555,187
2026-05-25T13:13:00+00:00,113.94,113.933,113.932,113.9435,131
2026-05-25T13:14:00+00:00,113.934,113.948,113.933,113.948,107
2026-05-25T13:15:00+00:00,113.947,113.949,113.944,113.952,161
2026-05-25T13:16:00+00:00,113.9485,113.944,113.939,113.949,144
2026-05-25T13:17:00+00:00,113.9445,113.9395,113.9355,113.9445,209
2026-05-25T13:18:00+00:00,113.9385,113.943,113.9355,113.944,115
2026-05-25T13:19:00+00:00,113.9435,113.9405,113.932,113.9445,178
2026-05-25T13:20:00+00:00,113.9395,113.9565,113.936,113.9565,115
2026-05-25T13:21:00+00:00,113.9555,113.951,113.945,113.96,196
2026-05-25T13:22:00+00:00,113.95,113.948,113.945,113.955,168
2026-05-25T13:23:00+00:00,113.9475,113.953,113.9465,113.9535,193
2026-05-25T13:24:00+00:00,113.9535,113.9525,113.952,113.956,181
2026-05-25T13:25:00+00:00,113.9535,113.9535,113.9505,113.9545,113
2026-05-25T13:26:00+00:00,113.953,113.9665,113.9515,113.967,171
2026-05-25T13:27:00+00:00,113.966,113.966,113.9635,113.9705,135
2026-05-25T13:28:00+00:00,113.966,113.96,113.956,113.9665,149
2026-05-25T13:29:00+00:00,113.9595,113.9615,113.959,113.964,98
2026-05-25T13:30:00+00:00,113.962,113.961,113.9515,113.966,325
2026-05-25T13:31:00+00:00,113.9605,113.9625,113.9495,113.964,207
2026-05-25T13:32:00+00:00,113.963,113.96,113.957,113.964,210
2026-05-25T13:33:00+00:00,113.9595,113.9605,113.955,113.9665,207
2026-05-25T13:34:00+00:00,113.96,113.959,113.9555,113.965,183
2026-05-25T13:35:00+00:00,113.9595,113.962,113.959,113.9655,149
2026-05-25T13:36:00+00:00,113.9625,113.9575,113.9555,113.964,147
2026-05-25T13:37:00+00:00,113.958,113.9575,113.9515,113.9615,164
2026-05-25T13:38:00+00:00,113.957,113.9545,113.951,113.9575,151
2026-05-25T13:39:00+00:00,113.954,113.961,113.9525,113.9665,143
2026-05-25T13:40:00+00:00,113.9605,113.9555,113.951,113.965,179
2026-05-25T13:41:00+00:00,113.9555,113.9495,113.947,113.959,172
2026-05-25T13:42:00+00:00,113.95,113.9445,113.943,113.956,170
2026-05-25T13:43:00+00:00,113.945,113.9425,113.942,113.951,119
2026-05-25T13:44:00+00:00,113.943,113.9425,113.9395,113.946,125
2026-05-25T13:45:00+00:00,113.943,113.931,113.93,113.9445,118
2026-05-25T13:46:00+00:00,113.9315,113.933,113.926,113.9345,131
2026-05-25T13:47:00+00:00,113.9335,113.9045,113.9,113.934,165
2026-05-25T13:48:00+00:00,113.904,113.914,113.903,113.915,179
2026-05-25T13:49:00+00:00,113.9145,113.9265,113.914,113.9265,85
2026-05-25T13:50:00+00:00,113.926,113.925,113.924,113.9315,70
2026-05-25T13:51:00+00:00,113.925,113.941,113.925,113.942,211
2026-05-25T13:52:00+00:00,113.9415,113.951,113.9375,113.951,171
2026-05-25T13:53:00+00:00,113.9515,113.938,113.9345,113.954,209
2026-05-25T13:54:00+00:00,113.938,113.935,113.931,113.94,163
2026-05-25T13:55:00+00:00,113.9345,113.937,113.931,113.9415,157
2026-05-25T13:56:00+00:00,113.9365,113.9325,113.931,113.9375,119
2026-05-25T13:57:00+00:00,113.933,113.926,113.9165,113.936,203
2026-05-25T13:58:00+00:00,113.9255,113.927,113.9255,113.9365,165
2026-05-25T13:59:00+00:00,113.9275,113.927,113.9245,113.9335,206
2026-05-25T14:00:00+00:00,113.9275,113.942,113.9275,113.944,247
2026-05-25T14:01:00+00:00,113.9415,113.943,113.932,113.9435,133
2026-05-25T14:02:00+00:00,113.9425,113.942,113.938,113.9475,214
2026-05-25T14:03:00+00:00,113.9425,113.955,113.938,113.957,146
2026-05-25T14:04:00+00:00,113.9545,113.968,113.9525,113.9705,174
2026-05-25T14:05:00+00:00,113.9675,113.9615,113.9605,113.9675,143
2026-05-25T14:06:00+00:00,113.962,113.961,113.959,113.9645,172
2026-05-25T14:07:00+00:00,113.961,113.9475,113.9475,113.961,104
2026-05-25T14:08:00+00:00,113.9485,113.951,113.9465,113.9535,112
2026-05-25T14:09:00+00:00,113.9505,113.9595,113.9485,113.9595,89
2026-05-25T14:10:00+00:00,113.959,113.9605,113.9575,113.9615,88
2026-05-25T14:11:00+00:00,113.96,113.953,113.952,113.9605,93
2026-05-25T14:12:00+00:00,113.953,113.944,113.9425,113.957,122
2026-05-25T14:13:00+00:00,113.945,113.939,113.9385,113.95,115
2026-05-25T14:14:00+00:00,113.9395,113.942,113.939,113.9475,79
2026-05-25T14:15:00+00:00,113.9435,113.948,113.9425,113.9485,109
2026-05-25T14:16:00+00:00,113.9475,113.9525,113.9475,113.9545,147
2026-05-25T14:17:00+00:00,113.953,113.949,113.946,113.953,100
2026-05-25T14:18:00+00:00,113.9495,113.9565,113.949,113.962,117
2026-05-25T14:19:00+00:00,113.956,113.9605,113.9525,113.963,126
2026-05-25T14:20:00+00:00,113.961,113.9655,113.957,113.971,218
2026-05-25T14:21:00+00:00,113.965,113.972,113.965,113.977,144
2026-05-25T14:22:00+00:00,113.9715,113.972,113.966,113.9725,178
2026-05-25T14:23:00+00:00,113.9725,113.979,113.9705,113.981,113
2026-05-25T14:24:00+00:00,113.9795,113.981,113.9735,113.981,143
2026-05-25T14:25:00+00:00,113.98,113.9755,113.973,113.98,109
2026-05-25T14:26:00+00:00,113.976,113.9725,113.9685,113.9765,169
2026-05-25T14:27:00+00:00,113.972,113.973,113.971,113.974,134
2026-05-25T14:28:00+00:00,113.9725,113.9735,113.9715,113.977,174
2026-05-25T14:29:00+00:00,113.973,113.967,113.965,113.9745,169
2026-05-25T14:30:00+00:00,113.968,113.959,113.957,113.968,187
2026-05-25T14:31:00+00:00,113.959,113.96,113.953,113.963,144
2026-05-25T14:32:00+00:00,113.961,113.955,113.953,113.965,136
2026-05-25T14:33:00+00:00,113.9555,113.954,113.9515,113.959,118
2026-05-25T14:34:00+00:00,113.953,113.964,113.953,113.966,167
2026-05-25T14:35:00+00:00,113.9635,113.9625,113.959,113.965,104
2026-05-25T14:36:00+00:00,113.963,113.9685,113.9625,113.971,90
2026-05-25T14:37:00+00:00,113.9685,113.96,113.958,113.97,116
2026-05-25T14:38:00+00:00,113.9595,113.961,113.959,113.9625,114
2026-05-25T14:39:00+00:00,113.9605,113.965,113.9595,113.967,143
2026-05-25T14:40:00+00:00,113.9655,113.967,113.9645,113.969,139
2026-05-25T14:41:00+00:00,113.9665,113.988,113.966,113.989,193
2026-05-25T14:42:00+00:00,113.9875,113.987,113.9835,113.99,155
2026-05-25T14:43:00+00:00,113.987,113.994,113.9845,113.997,122
2026-05-25T14:44:00+00:00,113.9945,113.9985,113.9945,114.002,152
2026-05-25T14:45:00+00:00,113.9975,113.9935,113.9895,113.9975,99
2026-05-25T14:46:00+00:00,113.993,114.0,113.982,114.0065,269
2026-05-25T14:47:00+00:00,114.0005,113.996,113.992,114.0045,219
2026-05-25T14:48:00+00:00,113.9965,113.991,113.99,113.999,153
2026-05-25T14:49:00+00:00,113.992,113.987,113.986,113.9945,114
2026-05-25T14:50:00+00:00,113.9875,113.986,113.9835,113.989,98
2026-05-25T14:51:00+00:00,113.9865,114.001,113.9855,114.0015,125
2026-05-25T14:52:00+00:00,114.0005,114.0025,114.0005,114.0045,91
2026-05-25T14:53:00+00:00,114.002,114.0075,113.9985,114.0105,118
2026-05-25T14:54:00+00:00,114.008,114.001,113.996,114.0095,232
2026-05-25T14:55:00+00:00,114.0005,114.0285,113.999,114.029,263
2026-05-25T14:56:00+00:00,114.029,114.045,114.026,114.0465,201
2026-05-25T14:57:00+00:00,114.0445,114.0585,114.0365,114.062,340
2026-05-25T14:58:00+00:00,114.0575,114.085,114.0555,114.0855,380
2026-05-25T14:59:00+00:00,114.0845,114.0775,114.074,114.0845,293
2026-05-25T15:00:00+00:00,114.077,114.0685,114.0605,114.0785,253
2026-05-25T15:01:00+00:00,114.068,114.0565,114.052,114.071,188
2026-05-25T15:02:00+00:00,114.057,114.0635,114.0385,114.0635,370
2026-05-25T15:03:00+00:00,114.063,114.0535,114.0525,114.0665,210
2026-05-25T15:04:00+00:00,114.053,114.0605,114.049,114.0605,108
2026-05-25T15:05:00+00:00,114.061,114.067,114.057,114.073,203
2026-05-25T15:06:00+00:00,114.0665,114.069,114.059,114.07,166
2026-05-25T15:07:00+00:00,114.068,114.0645,114.062,114.073,166
2026-05-25T15:08:00+00:00,114.064,114.0575,114.056,114.064,149
2026-05-25T15:09:00+00:00,114.058,114.044,114.044,114.0625,152
2026-05-25T15:10:00+00:00,114.043,114.0925,114.042,114.0955,541
2026-05-25T15:11:00+00:00,114.091,114.113,114.08,114.1245,941
2026-05-25T15:12:00+00:00,114.1135,114.0975,114.0905,114.1195,646
2026-05-25T15:13:00+00:00,114.098,114.0875,114.086,114.102,384
2026-05-25T15:14:00+00:00,114.087,114.0685,114.068,114.093,294
2026-05-25T15:15:00+00:00,114.069,114.067,114.061,114.0715,371
2026-05-25T15:16:00+00:00,114.0675,114.059,114.054,114.068,319
2026-05-25T15:17:00+00:00,114.059,114.051,114.046,114.063,257
2026-05-25T15:18:00+00:00,114.0515,114.0595,114.0515,114.062,189
2026-05-25T15:19:00+00:00,114.06,114.0665,114.0535,114.0675,141
2026-05-25T15:20:00+00:00,114.067,114.067,114.063,114.071,180
2026-05-25T15:21:00+00:00,114.066,114.061,114.056,114.07,124
2026-05-25T15:22:00+00:00,114.0605,114.058,114.057,114.063,56
2026-05-25T15:23:00+00:00,114.0585,114.062,114.051,114.063,167
2026-05-25T15:24:00+00:00,114.0625,114.0595,114.059,114.0675,202
2026-05-25T15:25:00+00:00,114.0585,114.056,114.0515,114.0615,167
2026-05-25T15:26:00+00:00,114.055,114.0685,114.0535,114.0685,317
2026-05-25T15:27:00+00:00,114.069,114.0585,114.0555,114.0695,189
2026-05-25T15:28:00+00:00,114.058,114.0445,114.0425,114.062,130
2026-05-25T15:29:00+00:00,114.045,114.042,114.04,114.054,180
2026-05-25T15:30:00+00:00,114.041,114.0335,114.03,114.0425,100
2026-05-25T15:31:00+00:00,114.033,114.0395,114.029,114.042,148
2026-05-25T15:32:00+00:00,114.0395,114.033,114.0325,114.0395,60
2026-05-25T15:33:00+00:00,114.0335,114.025,114.025,114.0415,152
2026-05-25T15:34:00+00:00,114.0255,114.026,114.022,114.033,96
2026-05-25T15:35:00+00:00,114.0255,114.021,114.017,114.0265,121
2026-05-25T15:36:00+00:00,114.0215,114.022,114.0215,114.0255,83
2026-05-25T15:37:00+00:00,114.022,114.017,114.011,114.022,126
2026-05-25T15:38:00+00:00,114.016,114.0215,114.016,114.0245,56
2026-05-25T15:39:00+00:00,114.022,114.0185,114.018,114.025,49
2026-05-25T15:40:00+00:00,114.019,114.0185,114.0105,114.0195,73
2026-05-25T15:41:00+00:00,114.0185,114.0055,114.005,114.0195,153
2026-05-25T15:42:00+00:00,114.0065,114.0255,114.0055,114.0265,109
2026-05-25T15:43:00+00:00,114.0255,114.025,114.024,114.027,42
2026-05-25T15:44:00+00:00,114.0255,114.0275,114.0245,114.0315,69
2026-05-25T15:45:00+00:00,114.027,114.034,114.0265,114.035,48
2026-05-25T15:46:00+00:00,114.0345,114.0345,114.0305,114.039,99
2026-05-25T15:47:00+00:00,114.0345,114.0375,114.0345,114.039,121
2026-05-25T15:48:00+00:00,114.038,114.0295,114.0265,114.0405,96
2026-05-25T15:49:00+00:00,114.0295,114.02,114.0185,114.0325,69
2026-05-25T15:50:00+00:00,114.02,114.0095,114.009,114.022,50
2026-05-25T15:51:00+00:00,114.009,114.0155,114.009,114.018,69
2026-05-25T15:52:00+00:00,114.015,114.006,114.003,114.016,104
2026-05-25T15:53:00+00:00,114.0065,114.0,113.9985,114.0065,54
2026-05-25T15:54:00+00:00,113.9995,114.0005,113.999,114.0015,35
2026-05-25T15:55:00+00:00,113.999,113.998,113.9975,114.0025,48
2026-05-25T15:56:00+00:00,113.998,113.999,113.998,114.002,53
2026-05-25T15:57:00+00:00,113.9985,113.9955,113.9955,114.001,55
2026-05-25T15:58:00+00:00,113.995,113.974,113.973,113.996,85
2026-05-25T15:59:00+00:00,113.9745,113.977,113.9725,113.982,68
2026-05-25T16:00:00+00:00,113.9765,113.97,113.969,113.981,165
2026-05-25T16:01:00+00:00,113.9705,113.9675,113.957,113.9705,163
2026-05-25T16:02:00+00:00,113.967,113.98,113.965,113.9805,101
2026-05-25T16:03:00+00:00,113.98,113.9735,113.9735,113.983,61
2026-05-25T16:04:00+00:00,113.9735,113.98,113.9735,113.983,86
2026-05-25T16:05:00+00:00,113.9795,113.971,113.971,113.9815,71
2026-05-25T16:06:00+00:00,113.97,113.9755,113.97,113.9785,82
2026-05-25T16:07:00+00:00,113.976,113.968,113.968,113.9785,68
2026-05-25T16:08:00+00:00,113.969,113.959,113.958,113.972,66
2026-05-25T16:09:00+00:00,113.9595,113.949,113.949,113.9605,50
2026-05-25T16:10:00+00:00,113.9495,113.9455,113.9435,113.955,116
2026-05-25T16:11:00+00:00,113.9475,113.9545,113.9475,113.957,69
2026-05-25T16:12:00+00:00,113.954,113.945,113.945,113.956,121
2026-05-25T16:13:00+00:00,113.9455,113.9525,113.9445,113.9545,128
2026-05-25T16:14:00+00:00,113.952,113.97,113.95,113.971,104
2026-05-25T16:15:00+00:00,113.97,113.978,113.9695,113.9795,37
2026-05-25T16:16:00+00:00,113.9785,113.9825,113.978,113.9845,133
2026-05-25T16:17:00+00:00,113.9825,113.9825,113.98,113.9865,48
2026-05-25T16:18:00+00:00,113.9825,113.9685,113.966,113.983,121
2026-05-25T16:19:00+00:00,113.9685,113.9605,113.9585,113.969,91
2026-05-25T16:20:00+00:00,113.961,113.953,113.953,113.9615,91
2026-05-25T16:21:00+00:00,113.9535,113.964,113.9525,113.964,73
2026-05-25T16:22:00+00:00,113.963,113.966,113.9625,113.968,114
2026-05-25T16:23:00+00:00,113.9665,113.962,113.962,113.97,124
2026-05-25T16:24:00+00:00,113.9625,113.9615,113.9595,113.9665,92
2026-05-25T16:25:00+00:00,113.962,113.9715,113.961,113.9715,75
2026-05-25T16:26:00+00:00,113.9715,113.967,113.965,113.9715,88
2026-05-25T16:27:00+00:00,113.9685,113.965,113.962,113.9695,116
2026-05-25T16:28:00+00:00,113.964,113.963,113.9625,113.964,5
2026-05-25T16:29:00+00:00,113.963,113.964,113.961,113.9675,40
2026-05-25T16:30:00+00:00,113.964,113.961,113.9605,113.966,28
2026-05-25T16:31:00+00:00,113.9605,113.9625,113.9605,113.9645,56
2026-05-25T16:32:00+00:00,113.9615,113.9585,113.9565,113.9635,91
2026-05-25T16:33:00+00:00,113.959,113.958,113.9555,113.961,180
2026-05-25T16:34:00+00:00,113.9585,113.957,113.953,113.9605,186
2026-05-25T16:35:00+00:00,113.9565,113.9595,113.9535,113.9605,180
2026-05-25T16:36:00+00:00,113.9595,113.959,113.9545,113.96,136
2026-05-25T16:37:00+00:00,113.959,113.9615,113.9585,113.963,214
2026-05-25T16:38:00+00:00,113.963,113.965,113.9585,113.966,148
2026-05-25T16:39:00+00:00,113.964,113.962,113.962,113.97,114
2026-05-25T16:40:00+00:00,113.961,113.96,113.9595,113.9675,143
2026-05-25T16:41:00+00:00,113.96,113.952,113.9465,113.961,108
2026-05-25T16:42:00+00:00,113.952,113.958,113.952,113.96,50
2026-05-25T16:43:00+00:00,113.958,113.967,113.958,113.967,145
2026-05-25T16:44:00+00:00,113.9665,113.974,113.966,113.974,34
2026-05-25T16:45:00+00:00,113.974,113.975,113.972,113.9785,76
2026-05-25T16:46:00+00:00,113.975,113.978,113.974,113.9785,23
2026-05-25T16:47:00+00:00,113.978,113.9745,113.969,113.979,89
2026-05-25T16:48:00+00:00,113.975,113.9805,113.9725,113.9805,134
2026-05-25T16:49:00+00:00,113.9795,113.979,113.977,113.983,105
2026-05-25T16:50:00+00:00,113.9805,113.9785,113.974,113.987,108
2026-05-25T16:51:00+00:00,113.9785,113.982,113.978,113.988,98
2026-05-25T16:52:00+00:00,113.9825,113.984,113.9805,113.9905,118
2026-05-25T16:53:00+00:00,113.983,113.97,113.9645,113.9845,144
2026-05-25T16:54:00+00:00,113.9705,113.9685,113.9665,113.973,86
2026-05-25T16:55:00+00:00,113.968,113.9765,113.968,113.9815,86
2026-05-25T16:56:00+00:00,113.977,113.9815,113.975,113.9845,80
2026-05-25T16:57:00+00:00,113.9805,113.982,113.977,113.982,75
2026-05-25T16:58:00+00:00,113.9815,113.989,113.9805,113.9895,112
2026-05-25T16:59:00+00:00,113.9875,113.9845,113.983,113.991,144
2026-05-25T17:00:00+00:00,113.9855,113.984,113.982,113.986,143
2026-05-25T17:01:00+00:00,113.984,113.9815,113.978,113.9875,76
2026-05-25T17:02:00+00:00,113.981,113.9845,113.981,113.9875,32
2026-05-25T17:03:00+00:00,113.9845,113.987,113.9835,113.987,25
2026-05-25T17:04:00+00:00,113.9875,113.989,113.985,113.989,30
2026-05-25T17:05:00+00:00,113.9895,113.984,113.983,113.9895,39
2026-05-25T17:06:00+00:00,113.9835,113.982,113.98,113.984,61
2026-05-25T17:07:00+00:00,113.982,113.9845,113.9795,113.985,16
2026-05-25T17:08:00+00:00,113.9845,113.9825,113.9795,113.985,30
2026-05-25T17:09:00+00:00,113.9825,113.9815,113.98,113.983,38
2026-05-25T17:10:00+00:00,113.981,113.983,113.9805,113.9835,57
2026-05-25T17:11:00+00:00,113.983,113.981,113.9795,113.9835,50
2026-05-25T17:12:00+00:00,113.9805,113.9865,113.98,113.9885,66
2026-05-25T17:13:00+00:00,113.9865,113.9905,113.986,113.9905,130
2026-05-25T17:14:00+00:00,113.9905,113.988,113.987,113.998,55
2026-05-25T17:15:00+00:00,113.988,113.992,113.987,113.9965,46
2026-05-25T17:16:00+00:00,113.9915,113.992,113.989,113.9935,41
2026-05-25T17:17:00+00:00,113.992,113.99,113.986,113.9935,36
2026-05-25T17:18:00+00:00,113.991,113.999,113.9905,113.999,48
2026-05-25T17:19:00+00:00,113.999,113.9995,113.998,114.0005,45
2026-05-25T17:20:00+00:00,113.9995,113.9985,113.9985,114.001,77
2026-05-25T17:21:00+00:00,113.9995,113.995,113.9945,114.003,147
2026-05-25T17:22:00+00:00,113.995,113.9955,113.994,113.998,42
2026-05-25T17:23:00+00:00,113.995,114.0095,113.995,114.0095,57
2026-05-25T17:24:00+00:00,114.0105,114.017,114.0095,114.0185,50
2026-05-25T17:25:00+00:00,114.017,114.016,114.015,114.0185,35
2026-05-25T17:26:00+00:00,114.016,114.018,114.014,114.02,83
2026-05-25T17:27:00+00:00,114.0185,114.022,114.017,114.022,27
2026-05-25T17:28:00+00:00,114.0215,114.0235,114.02,114.026,54
2026-05-25T17:29:00+00:00,114.0235,114.0315,114.023,114.0375,64
2026-05-25T17:30:00+00:00,114.031,114.0355,114.029,114.038,114
2026-05-25T17:31:00+00:00,114.0355,114.0315,114.029,114.036,143
2026-05-25T17:32:00+00:00,114.0315,114.0315,114.03,114.035,100
2026-05-25T17:33:00+00:00,114.031,114.0205,114.02,114.0315,121
2026-05-25T17:34:00+00:00,114.0205,114.0205,114.02,114.0225,77
2026-05-25T17:35:00+00:00,114.0205,114.0195,114.017,114.0205,35
2026-05-25T17:36:00+00:00,114.0195,114.0205,114.017,114.0205,68
2026-05-25T17:37:00+00:00,114.0205,114.02,114.019,114.026,68
2026-05-25T17:38:00+00:00,114.0195,114.0155,114.0125,114.0205,116
2026-05-25T17:39:00+00:00,114.0155,114.0165,114.014,114.0165,32
2026-05-25T17:40:00+00:00,114.016,114.0175,114.0155,114.0185,42
2026-05-25T17:41:00+00:00,114.0175,114.0175,114.017,114.019,26
2026-05-25T17:42:00+00:00,114.018,114.0175,114.017,114.019,19
2026-05-25T17:43:00+00:00,114.0175,114.0195,114.017,114.0195,13
2026-05-25T17:44:00+00:00,114.0195,114.018,114.0175,114.0195,27
2026-05-25T17:45:00+00:00,114.018,114.017,114.014,114.0185,126
2026-05-25T17:46:00+00:00,114.017,114.018,114.016,114.0185,24
2026-05-25T17:47:00+00:00,114.018,114.018,114.017,114.019,77
2026-05-25T17:48:00+00:00,114.019,114.0135,114.011,114.019,76
2026-05-25T17:49:00+00:00,114.0135,114.0165,114.0135,114.017,79
2026-05-25T17:50:00+00:00,114.016,114.0165,114.015,114.017,171
2026-05-25T17:51:00+00:00,114.016,114.017,114.0135,114.018,68
2026-05-25T17:52:00+00:00,114.017,114.017,114.0165,114.0175,9
2026-05-25T17:53:00+00:00,114.017,114.014,114.0115,114.018,28
2026-05-25T17:54:00+00:00,114.014,114.015,114.011,114.017,46
2026-05-25T17:55:00+00:00,114.0155,114.0155,114.0145,114.016,16
2026-05-25T17:56:00+00:00,114.015,114.012,114.011,114.0155,76
2026-05-25T17:57:00+00:00,114.012,114.012,114.0115,114.013,22
2026-05-25T17:58:00+00:00,114.0125,114.0145,114.0125,114.0145,10
2026-05-25T17:59:00+00:00,114.0145,114.018,114.0135,114.0185,23
2026-05-25T18:00:00+00:00,114.0185,114.0135,114.0135,114.0195,49
2026-05-25T18:01:00+00:00,114.0135,114.014,114.0135,114.015,19
2026-05-25T18:02:00+00:00,114.014,114.01,114.008,114.014,80
2026-05-25T18:03:00+00:00,114.0105,114.014,114.01,114.0145,150
2026-05-25T18:04:00+00:00,114.014,114.013,114.0125,114.015,22
2026-05-25T18:05:00+00:00,114.0135,114.0135,114.012,114.014,18
2026-05-25T18:06:00+00:00,114.0135,114.014,114.013,114.016,25
2026-05-25T18:07:00+00:00,114.014,114.0145,114.014,114.0145,1
2026-05-25T18:08:00+00:00,114.0145,114.0145,114.0125,114.0155,22
2026-05-25T18:09:00+00:00,114.0145,114.017,114.0145,114.0205,26
2026-05-25T18:10:00+00:00,114.017,114.0175,114.0165,114.019,31
2026-05-25T18:11:00+00:00,114.017,114.017,114.0165,114.0175,4
2026-05-25T18:12:00+00:00,114.0175,114.017,114.017,114.0175,4
2026-05-25T18:13:00+00:00,114.017,114.017,114.016,114.0175,14
2026-05-25T18:14:00+00:00,114.017,114.0165,114.016,114.017,5
2026-05-25T18:15:00+00:00,114.0165,114.016,114.015,114.0185,30
2026-05-25T18:16:00+00:00,114.0155,114.0155,114.0145,114.0165,16
2026-05-25T18:17:00+00:00,114.0155,114.0155,114.015,114.0165,12
2026-05-25T18:18:00+00:00,114.016,114.016,114.015,114.0165,31
2026-05-25T18:19:00+00:00,114.0155,114.0165,114.0155,114.0165,29
2026-05-25T18:20:00+00:00,114.0165,114.0165,114.014,114.0165,14
2026-05-25T18:21:00+00:00,114.0165,114.015,114.015,114.0175,17
2026-05-25T18:22:00+00:00,114.015,114.013,114.013,114.0155,14
2026-05-25T18:23:00+00:00,114.013,114.011,114.009,114.013,30
2026-05-25T18:24:00+00:00,114.01,114.0115,114.0095,114.0135,62
2026-05-25T18:25:00+00:00,114.0115,114.0115,114.011,114.0125,67
2026-05-25T18:26:00+00:00,114.0105,114.0115,114.0095,114.0115,31
2026-05-25T18:27:00+00:00,114.0105,114.0065,114.0055,114.0115,44
2026-05-25T18:28:00+00:00,114.0055,114.005,114.0045,114.0065,19
2026-05-25T18:29:00+00:00,114.005,114.009,114.005,114.009,23
2026-05-25T18:30:00+00:00,114.0085,114.0105,114.008,114.0165,37
2026-05-25T18:31:00+00:00,114.01,114.0105,114.0085,114.011,26
2026-05-25T18:32:00+00:00,114.01,114.01,114.009,114.0105,16
2026-05-25T18:33:00+00:00,114.0095,114.0105,114.0095,114.0115,22
2026-05-25T18:34:00+00:00,114.0095,114.0115,114.0095,114.0115,7
2026-05-25T18:35:00+00:00,114.0115,114.016,114.0115,114.0175,20
2026-05-25T18:36:00+00:00,114.016,114.0185,114.015,114.0185,28
2026-05-25T18:37:00+00:00,114.0175,114.0155,114.0155,114.0185,47
2026-05-25T18:38:00+00:00,114.0155,114.0165,114.0155,114.0175,17
2026-05-25T18:39:00+00:00,114.0175,114.016,114.016,114.0185,11
2026-05-25T18:40:00+00:00,114.016,114.0115,114.011,114.016,11
2026-05-25T18:41:00+00:00,114.0115,114.006,114.005,114.0115,42
2026-05-25T18:42:00+00:00,114.0065,114.001,114.001,114.0065,17
2026-05-25T18:43:00+00:00,114.001,114.003,114.0005,114.0035,8
2026-05-25T18:44:00+00:00,114.003,114.004,114.003,114.006,21
2026-05-25T18:45:00+00:00,114.004,114.0035,114.003,114.0045,10
2026-05-25T18:46:00+00:00,114.0045,114.002,114.002,114.0045,11
2026-05-25T18:47:00+00:00,114.002,114.01,114.002,114.01,26
2026-05-25T18:48:00+00:00,114.01,114.012,114.0095,114.012,23
2026-05-25T18:49:00+00:00,114.011,114.013,114.0105,114.014,23
2026-05-25T18:50:00+00:00,114.013,114.019,114.0125,114.0195,19
2026-05-25T18:51:00+00:00,114.019,114.0175,114.0165,114.0205,28
2026-05-25T18:52:00+00:00,114.0175,114.0125,114.0125,114.018,25
2026-05-25T18:53:00+00:00,114.012,114.0125,114.0115,114.015,35
2026-05-25T18:54:00+00:00,114.0125,114.0145,114.01,114.0165,35
2026-05-25T18:55:00+00:00,114.0145,114.02,114.013,114.02,22
2026-05-25T18:56:00+00:00,114.02,114.0195,114.018,114.0205,13
2026-05-25T18:57:00+00:00,114.0195,114.019,114.015,114.0195,18
2026-05-25T18:58:00+00:00,114.019,114.0185,114.0175,114.019,9
2026-05-25T18:59:00+00:00,114.0195,114.017,114.015,114.0205,46
2026-05-25T19:00:00+00:00,114.0185,114.017,114.0165,114.0185,24
2026-05-25T19:01:00+00:00,114.017,114.015,114.0125,114.017,19
2026-05-25T19:02:00+00:00,114.015,114.0165,114.0145,114.0165,16
2026-05-25T19:03:00+00:00,114.017,114.015,114.0135,114.017,16
2026-05-25T19:04:00+00:00,114.015,114.0145,114.0145,114.0165,28
2026-05-25T19:05:00+00:00,114.015,114.017,114.015,114.0175,24
2026-05-25T19:06:00+00:00,114.0165,114.024,114.0165,114.024,24
2026-05-25T19:07:00+00:00,114.0245,114.0165,114.0165,114.0245,14
2026-05-25T19:08:00+00:00,114.0165,114.0155,114.0155,114.021,49
2026-05-25T19:09:00+00:00,114.017,114.0155,114.0155,114.0185,35
2026-05-25T19:10:00+00:00,114.0155,114.0195,114.0155,114.02,28
2026-05-25T19:11:00+00:00,114.0195,114.0195,114.019,114.0195,4
2026-05-25T19:12:00+00:00,114.0195,114.0175,114.0155,114.02,26
2026-05-25T19:13:00+00:00,114.0175,114.017,114.0165,114.0175,6
2026-05-25T19:14:00+00:00,114.017,114.0165,114.0165,114.0175,13
2026-05-25T19:15:00+00:00,114.017,114.018,114.0165,114.018,7
2026-05-25T19:16:00+00:00,114.0185,114.0175,114.017,114.019,17
2026-05-25T19:17:00+00:00,114.0175,114.018,114.0175,114.019,12
2026-05-25T19:18:00+00:00,114.018,114.018,114.017,114.02,30
2026-05-25T19:19:00+00:00,114.0175,114.0185,114.0175,114.019,11
2026-05-25T19:20:00+00:00,114.0185,114.019,114.017,114.019,40
2026-05-25T19:21:00+00:00,114.018,114.019,114.018,114.0195,13
2026-05-25T19:22:00+00:00,114.019,114.018,114.017,114.019,24
2026-05-25T19:23:00+00:00,114.018,114.0125,114.012,114.018,39
2026-05-25T19:24:00+00:00,114.0125,114.014,114.012,114.0145,19
2026-05-25T19:25:00+00:00,114.015,114.019,114.014,114.0195,23
2026-05-25T19:26:00+00:00,114.019,114.0195,114.0175,114.0195,6
2026-05-25T19:27:00+00:00,114.0195,114.022,114.0175,114.022,10
2026-05-25T19:28:00+00:00,114.022,114.022,114.021,114.023,17
2026-05-25T19:29:00+00:00,114.022,114.0235,114.0175,114.024,40
2026-05-25T19:30:00+00:00,114.0225,114.0265,114.0225,114.028,51
2026-05-25T19:31:00+00:00,114.0265,114.026,114.025,114.027,13
2026-05-25T19:32:00+00:00,114.026,114.027,114.026,114.0275,8
2026-05-25T19:33:00+00:00,114.026,114.0265,114.026,114.0275,19
2026-05-25T19:34:00+00:00,114.026,114.0265,114.0255,114.028,33
2026-05-25T19:35:00+00:00,114.026,114.028,114.0225,114.028,30
2026-05-25T19:36:00+00:00,114.028,114.0295,114.026,114.0295,16
2026-05-25T19:37:00+00:00,114.0295,114.033,114.028,114.0365,44
2026-05-25T19:38:00+00:00,114.033,114.0315,114.0315,114.0335,9
2026-05-25T19:39:00+00:00,114.033,114.0315,114.0295,114.0335,31
2026-05-25T19:40:00+00:00,114.032,114.033,114.0315,114.034,34
2026-05-25T19:41:00+00:00,114.033,114.0295,114.0285,114.034,32
2026-05-25T19:42:00+00:00,114.0295,114.0275,114.027,114.033,52
2026-05-25T19:43:00+00:00,114.028,114.029,114.025,114.0295,39
2026-05-25T19:44:00+00:00,114.0295,114.028,114.027,114.0295,19
2026-05-25T19:45:00+00:00,114.028,114.0285,114.0265,114.0295,24
2026-05-25T19:46:00+00:00,114.0285,114.027,114.025,114.029,32
2026-05-25T19:47:00+00:00,114.026,114.0295,114.026,114.03,21
2026-05-25T19:48:00+00:00,114.0295,114.0295,114.0285,114.0315,15
2026-05-25T19:49:00+00:00,114.0295,114.0305,114.0295,114.031,3
2026-05-25T19:50:00+00:00,114.0295,114.0365,114.029,114.0385,70
2026-05-25T19:51:00+00:00,114.0365,114.038,114.035,114.0385,35
2026-05-25T19:52:00+00:00,114.0375,114.038,114.037,114.0395,46
2026-05-25T19:53:00+00:00,114.039,114.0385,114.036,114.039,17
2026-05-25T19:54:00+00:00,114.0385,114.0375,114.037,114.039,10
2026-05-25T19:55:00+00:00,114.038,114.045,114.038,114.048,76
2026-05-25T19:56:00+00:00,114.044,114.043,114.043,114.0455,23
2026-05-25T19:57:00+00:00,114.043,114.0375,114.0355,114.044,39
2026-05-25T19:58:00+00:00,114.0375,114.0355,114.0355,114.0415,72
2026-05-25T19:59:00+00:00,114.035,114.0335,114.0335,114.0365,42
2026-05-25T20:00:00+00:00,114.034,114.039,114.034,114.0435,54
2026-05-25T20:01:00+00:00,114.0395,114.04,114.037,114.0435,42
2026-05-25T20:02:00+00:00,114.0395,114.042,114.039,114.043,24
2026-05-25T20:03:00+00:00,114.042,114.041,114.0395,114.044,26
2026-05-25T20:04:00+00:00,114.041,114.0405,114.0395,114.043,23
2026-05-25T20:05:00+00:00,114.0405,114.034,114.034,114.0415,40
2026-05-25T20:06:00+00:00,114.035,114.036,114.035,114.0365,9
2026-05-25T20:07:00+00:00,114.036,114.043,114.036,114.0435,37
2026-05-25T20:08:00+00:00,114.043,114.0465,114.043,114.0495,63
2026-05-25T20:09:00+00:00,114.046,114.0455,114.0445,114.047,47
2026-05-25T20:10:00+00:00,114.046,114.0415,114.04,114.047,21
2026-05-25T20:11:00+00:00,114.0415,114.0435,114.0405,114.044,131
2026-05-25T20:12:00+00:00,114.0435,114.043,114.0415,114.0435,18
2026-05-25T20:13:00+00:00,114.043,114.04,114.0385,114.0435,56
2026-05-25T20:14:00+00:00,114.0405,114.042,114.04,114.042,17
2026-05-25T20:15:00+00:00,114.0415,114.04,114.039,114.042,15
2026-05-25T20:16:00+00:00,114.041,114.047,114.0395,114.0475,46
2026-05-25T20:17:00+00:00,114.0465,114.0425,114.042,114.0465,20
2026-05-25T20:18:00+00:00,114.042,114.0415,114.039,114.042,24
2026-05-25T20:19:00+00:00,114.041,114.0435,114.0405,114.0475,61
2026-05-25T20:20:00+00:00,114.043,114.0435,114.041,114.044,42
2026-05-25T20:21:00+00:00,114.043,114.041,114.0405,114.045,26
2026-05-25T20:22:00+00:00,114.041,114.039,114.0385,114.042,40
2026-05-25T20:23:00+00:00,114.039,114.036,114.033,114.039,43
2026-05-25T20:24:00+00:00,114.036,114.036,114.0345,114.0385,15
2026-05-25T20:25:00+00:00,114.0355,114.037,114.034,114.0375,25
2026-05-25T20:26:00+00:00,114.037,114.042,114.036,114.0425,33
2026-05-25T20:27:00+00:00,114.0415,114.0385,114.037,114.0415,68
2026-05-25T20:28:00+00:00,114.0385,114.0395,114.0385,114.043,68
2026-05-25T20:29:00+00:00,114.04,114.041,114.038,114.0435,63
2026-05-25T20:30:00+00:00,114.042,114.05,114.042,114.05,38
2026-05-25T20:31:00+00:00,114.05,114.045,114.044,114.05,27
2026-05-25T20:32:00+00:00,114.045,114.047,114.045,114.047,67
2026-05-25T20:33:00+00:00,114.0465,114.0455,114.0455,114.048,19
2026-05-25T20:34:00+00:00,114.0455,114.047,114.045,114.047,20
2026-05-25T20:35:00+00:00,114.0475,114.046,114.044,114.049,89
2026-05-25T20:36:00+00:00,114.046,114.042,114.042,114.046,28
2026-05-25T20:37:00+00:00,114.042,114.034,114.034,114.0445,37
2026-05-25T20:38:00+00:00,114.034,114.0315,114.026,114.036,94
2026-05-25T20:39:00+00:00,114.0315,114.023,114.022,114.0355,110
2026-05-25T20:40:00+00:00,114.0235,114.0275,114.02,114.0355,86
2026-05-25T20:41:00+00:00,114.0275,114.0415,114.0275,114.0415,30
2026-05-25T20:42:00+00:00,114.041,114.0325,114.031,114.041,54
2026-05-25T20:43:00+00:00,114.032,114.03,114.0285,114.032,79
2026-05-25T20:44:00+00:00,114.03,114.032,114.0295,114.033,60
2026-05-25T20:45:00+00:00,114.0325,114.0355,114.0325,114.037,88
2026-05-25T20:46:00+00:00,114.035,114.0345,114.033,114.038,107
2026-05-25T20:47:00+00:00,114.035,114.037,114.034,114.0395,68
2026-05-25T20:48:00+00:00,114.036,114.0335,114.033,114.0375,66
2026-05-25T20:49:00+00:00,114.0345,114.0275,114.0275,114.036,138
2026-05-25T20:50:00+00:00,114.028,114.0295,114.027,114.0355,248
2026-05-25T20:51:00+00:00,114.0295,114.026,114.025,114.0295,51
2026-05-25T20:52:00+00:00,114.026,114.0315,114.026,114.0335,70
2026-05-25T20:53:00+00:00,114.031,114.033,114.031,114.0335,38
2026-05-25T20:54:00+00:00,114.0325,114.0325,114.032,114.034,18
2026-05-25T20:55:00+00:00,114.033,114.037,114.033,114.0385,75
2026-05-25T20:56:00+00:00,114.0355,114.037,114.0355,114.04,78
2026-05-25T20:57:00+00:00,114.037,114.04,114.037,114.0405,16
2026-05-25T20:58:00+00:00,114.0395,114.0365,114.0365,114.0415,38
2026-05-25T20:59:00+00:00,114.0375,113.981,113.981,114.0385,168
2026-05-25T21:00:00+00:00,113.985,113.9585,113.9445,113.985,10
2026-05-25T21:01:00+00:00,113.9585,113.968,113.9585,113.968,3
2026-05-25T21:02:00+00:00,113.968,113.968,113.968,113.968,0
2026-05-25T21:03:00+00:00,113.968,113.969,113.9585,113.969,9
2026-05-25T21:04:00+00:00,113.969,113.9665,113.9605,113.969,2
2026-05-25T21:05:00+00:00,113.9655,113.966,113.9655,113.966,2
2026-05-25T21:06:00+00:00,113.966,113.966,113.966,113.966,0
2026-05-25T21:07:00+00:00,113.966,113.967,113.966,113.967,1
2026-05-25T21:08:00+00:00,113.967,113.968,113.965,113.968,6
2026-05-25T21:09:00+00:00,113.968,113.9645,113.9645,113.9685,14
2026-05-25T21:10:00+00:00,113.9645,113.968,113.9645,113.969,5
2026-05-25T21:11:00+00:00,113.968,113.967,113.967,113.968,1
2026-05-25T21:12:00+00:00,113.967,113.9645,113.9645,113.967,5
2026-05-25T21:13:00+00:00,113.9645,113.967,113.9645,113.97,3
2026-05-25T21:14:00+00:00,113.967,113.9675,113.967,113.9675,1
2026-05-25T21:15:00+00:00,113.9675,113.9675,113.965,113.983,8
2026-05-25T21:16:00+00:00,113.9675,113.9685,113.9675,113.9725,5
2026-05-25T21:17:00+00:00,113.9685,113.97,113.9685,113.97,2
2026-05-25T21:18:00+00:00,113.9725,113.9685,113.9685,113.9725,2
2026-05-25T21:19:00+00:00,113.9685,113.963,113.963,113.976,8
2026-05-25T21:20:00+00:00,113.963,113.9725,113.9615,113.975,16
2026-05-25T21:21:00+00:00,113.9725,113.967,113.958,113.9725,6
2026-05-25T21:22:00+00:00,113.967,113.9645,113.9645,113.967,1
2026-05-25T21:23:00+00:00,113.9645,113.9695,113.9645,113.9745,2
2026-05-25T21:24:00+00:00,113.9695,113.9665,113.9665,113.9695,1
2026-05-25T21:25:00+00:00,113.9665,113.9665,113.9665,113.9665,0
2026-05-25T21:26:00+00:00,113.9665,113.9665,113.9665,113.9745,3
2026-05-25T21:27:00+00:00,113.9665,113.9665,113.9665,113.9665,0
2026-05-25T21:28:00+00:00,113.9665,113.9635,113.9635,113.9745,9
2026-05-25T21:29:00+00:00,113.9635,113.969,113.9635,113.969,1
2026-05-25T21:30:00+00:00,113.969,113.969,113.969,113.969,0
2026-05-25T21:31:00+00:00,113.969,113.9745,113.955,113.9745,7
2026-05-25T21:32:00+00:00,113.9745,113.9675,113.955,113.9745,5
2026-05-25T21:33:00+00:00,113.9675,113.9675,113.9675,113.9675,0
2026-05-25T21:34:00+00:00,113.955,113.955,113.955,113.9555,4
2026-05-25T21:35:00+00:00,113.955,113.978,113.955,113.978,19
2026-05-25T21:36:00+00:00,113.978,113.982,113.976,113.982,3
2026-05-25T21:37:00+00:00,113.982,113.982,113.9805,113.982,4
2026-05-25T21:38:00+00:00,113.982,113.9625,113.959,113.982,15
2026-05-25T21:39:00+00:00,113.9605,113.9635,113.935,113.97,49
2026-05-25T21:40:00+00:00,113.9635,113.9745,113.9635,113.979,36
2026-05-25T21:41:00+00:00,113.9745,113.9805,113.972,113.9805,10
2026-05-25T21:42:00+00:00,113.9805,113.955,113.952,113.9805,15
2026-05-25T21:43:00+00:00,113.955,113.958,113.955,113.9665,29
2026-05-25T21:44:00+00:00,113.958,113.935,113.9175,113.9625,130
2026-05-25T21:45:00+00:00,113.9315,113.94,113.9315,113.9425,86
2026-05-25T21:46:00+00:00,113.9385,113.934,113.933,113.9405,17
2026-05-25T21:47:00+00:00,113.9345,113.935,113.9285,113.945,23
2026-05-25T21:48:00+00:00,113.935,113.9185,113.9185,113.9355,35
2026-05-25T21:49:00+00:00,113.92,113.9295,113.917,113.932,29
2026-05-25T21:50:00+00:00,113.929,113.938,113.929,113.9405,27
2026-05-25T21:51:00+00:00,113.94,113.9325,113.9325,113.9405,11
2026-05-25T21:52:00+00:00,113.9345,113.932,113.9315,113.9355,6
2026-05-25T21:53:00+00:00,113.932,113.938,113.932,113.9425,7
2026-05-25T21:54:00+00:00,113.938,113.9375,113.935,113.938,7
2026-05-25T21:55:00+00:00,113.9375,113.9365,113.935,113.943,14
2026-05-25T21:56:00+00:00,113.9365,113.9475,113.9365,113.977,102
2026-05-25T21:57:00+00:00,113.9475,113.941,113.941,113.9495,34
2026-05-25T21:58:00+00:00,113.941,113.941,113.9405,113.9495,26
2026-05-25T21:59:00+00:00,113.9405,113.9365,113.9135,113.945,52
2026-05-25T22:00:00+00:00,113.939,114.0015,113.9365,114.024,224
