timestamp_utc,open,close,min,max,volume
2026-05-25T13:35:00+00:00,113.9595,113.962,113.959,113.9655,149
2026-05-25T13:36:00+00:00,113.9625,113.9575,113.9555,113.964,147
2026-05-25T13:37:00+00:00,113.958,113.9575,113.9515,113.9615,164
2026-05-25T13:38:00+00:00,113.957,113.9545,113.951,113.9575,151
2026-05-25T13:39:00+00:00,113.954,113.961,113.9525,113.9665,143
2026-05-25T13:40:00+00:00,113.9605,113.9555,113.951,113.965,179
2026-05-25T13:41:00+00:00,113.9555,113.9495,113.947,113.959,172
2026-05-25T13:42:00+00:00,113.95,113.9445,113.943,113.956,170
2026-05-25T13:43:00+00:00,113.945,113.9425,113.942,113.951,119
2026-05-25T13:44:00+00:00,113.943,113.9425,113.9395,113.946,125
2026-05-25T13:45:00+00:00,113.943,113.931,113.93,113.9445,118
2026-05-25T13:46:00+00:00,113.9315,113.933,113.926,113.9345,131
2026-05-25T13:47:00+00:00,113.9335,113.9045,113.9,113.934,165
2026-05-25T13:48:00+00:00,113.904,113.914,113.903,113.915,179
2026-05-25T13:49:00+00:00,113.9145,113.9265,113.914,113.9265,85
2026-05-25T13:50:00+00:00,113.926,113.925,113.924,113.9315,70
2026-05-25T13:51:00+00:00,113.925,113.941,113.925,113.942,211
2026-05-25T13:52:00+00:00,113.9415,113.951,113.9375,113.951,171
2026-05-25T13:53:00+00:00,113.9515,113.938,113.9345,113.954,209
2026-05-25T13:54:00+00:00,113.938,113.935,113.931,113.94,163
2026-05-25T13:55:00+00:00,113.9345,113.937,113.931,113.9415,157
2026-05-25T13:56:00+00:00,113.9365,113.9325,113.931,113.9375,119
2026-05-25T13:57:00+00:00,113.933,113.926,113.9165,113.936,203
2026-05-25T13:58:00+00:00,113.9255,113.927,113.9255,113.9365,165
2026-05-25T13:59:00+00:00,113.9275,113.927,113.9245,113.9335,206
2026-05-25T14:00:00+00:00,113.9275,113.942,113.9275,113.944,247
2026-05-25T14:01:00+00:00,113.9415,113.943,113.932,113.9435,133
2026-05-25T14:02:00+00:00,113.9425,113.942,113.938,113.9475,214
2026-05-25T14:03:00+00:00,113.9425,113.955,113.938,113.957,146
2026-05-25T14:04:00+00:00,113.9545,113.968,113.9525,113.9705,174
2026-05-25T14:05:00+00:00,113.9675,113.9615,113.9605,113.9675,143
2026-05-25T14:06:00+00:00,113.962,113.961,113.959,113.9645,172
2026-05-25T14:07:00+00:00,113.961,113.9475,113.9475,113.961,104
2026-05-25T14:08:00+00:00,113.9485,113.951,113.9465,113.9535,112
2026-05-25T14:09:00+00:00,113.9505,113.9595,113.9485,113.9595,89
2026-05-25T14:10:00+00:00,113.959,113.9605,113.9575,113.9615,88
2026-05-25T14:11:00+00:00,113.96,113.953,113.952,113.9605,93
2026-05-25T14:12:00+00:00,113.953,113.944,113.9425,113.957,122
2026-05-25T14:13:00+00:00,113.945,113.939,113.9385,113.95,115
2026-05-25T14:14:00+00:00,113.9395,113.942,113.939,113.9475,79
2026-05-25T14:15:00+00:00,113.9435,113.948,113.9425,113.9485,109
2026-05-25T14:16:00+00:00,113.9475,113.9525,113.9475,113.9545,147
2026-05-25T14:17:00+00:00,113.953,113.949,113.946,113.953,100
2026-05-25T14:18:00+00:00,113.9495,113.9565,113.949,113.962,117
2026-05-25T14:19:00+00:00,113.956,113.9605,113.9525,113.963,126
2026-05-25T14:20:00+00:00,113.961,113.9655,113.957,113.971,218
2026-05-25T14:21:00+00:00,113.965,113.972,113.965,113.977,144
2026-05-25T14:22:00+00:00,113.9715,113.972,113.966,113.9725,178
2026-05-25T14:23:00+00:00,113.9725,113.979,113.9705,113.981,113
2026-05-25T14:24:00+00:00,113.9795,113.981,113.9735,113.981,143
2026-05-25T14:25:00+00:00,113.98,113.9755,113.973,113.98,109
2026-05-25T14:26:00+00:00,113.976,113.9725,113.9685,113.9765,169
2026-05-25T14:27:00+00:00,113.972,113.973,113.971,113.974,134
2026-05-25T14:28:00+00:00,113.9725,113.9735,113.9715,113.977,174
2026-05-25T14:29:00+00:00,113.973,113.967,113.965,113.9745,169
2026-05-25T14:30:00+00:00,113.968,113.959,113.957,113.968,187
2026-05-25T14:31:00+00:00,113.959,113.96,113.953,113.963,144
2026-05-25T14:32:00+00:00,113.961,113.955,113.953,113.965,136
2026-05-25T14:33:00+00:00,113.9555,113.954,113.9515,113.959,118
2026-05-25T14:34:00+00:00,113.953,113.964,113.953,113.966,167
2026-05-25T14:35:00+00:00,113.9635,113.9625,113.959,113.965,104
2026-05-25T14:36:00+00:00,113.963,113.9685,113.9625,113.971,90
2026-05-25T14:37:00+00:00,113.9685,113.96,113.958,113.97,116
2026-05-25T14:38:00+00:00,113.9595,113.961,113.959,113.9625,114
2026-05-25T14:39:00+00:00,113.9605,113.965,113.9595,113.967,143
2026-05-25T14:40:00+00:00,113.9655,113.967,113.9645,113.969,139
2026-05-25T14:41:00+00:00,113.9665,113.988,113.966,113.989,193
2026-05-25T14:42:00+00:00,113.9875,113.987,113.9835,113.99,155
2026-05-25T14:43:00+00:00,113.987,113.994,113.9845,113.997,122
2026-05-25T14:44:00+00:00,113.9945,113.9985,113.9945,114.002,152
2026-05-25T14:45:00+00:00,113.9975,113.9935,113.9895,113.9975,99
2026-05-25T14:46:00+00:00,113.993,114.0,113.982,114.0065,269
2026-05-25T14:47:00+00:00,114.0005,113.996,113.992,114.0045,219
2026-05-25T14:48:00+00:00,113.9965,113.991,113.99,113.999,153
2026-05-25T14:49:00+00:00,113.992,113.987,113.986,113.9945,114
2026-05-25T14:50:00+00:00,113.9875,113.986,113.9835,113.989,98
2026-05-25T14:51:00+00:00,113.9865,114.001,113.9855,114.0015,125
2026-05-25T14:52:00+00:00,114.0005,114.0025,114.0005,114.0045,91
2026-05-25T14:53:00+00:00,114.002,114.0075,113.9985,114.0105,118
2026-05-25T14:54:00+00:00,114.008,114.001,113.996,114.0095,232
2026-05-25T14:55:00+00:00,114.0005,114.0285,113.999,114.029,263
2026-05-25T14:56:00+00:00,114.029,114.045,114.026,114.0465,201
2026-05-25T14:57:00+00:00,114.0445,114.0585,114.0365,114.062,340
2026-05-25T14:58:00+00:00,114.0575,114.085,114.0555,114.0855,380
2026-05-25T14:59:00+00:00,114.0845,114.0775,114.074,114.0845,293
2026-05-25T15:00:00+00:00,114.077,114.0685,114.0605,114.0785,253
2026-05-25T15:01:00+00:00,114.068,114.0565,114.052,114.071,188
2026-05-25T15:02:00+00:00,114.057,114.0635,114.0385,114.0635,370
2026-05-25T15:03:00+00:00,114.063,114.0535,114.0525,114.0665,210
2026-05-25T15:04:00+00:00,114.053,114.0605,114.049,114.0605,108
2026-05-25T15:05:00+00:00,114.061,114.067,114.057,114.073,203
2026-05-25T15:06:00+00:00,114.0665,114.069,114.059,114.07,166
2026-05-25T15:07:00+00:00,114.068,114.0645,114.062,114.073,166
2026-05-25T15:08:00+00:00,114.064,114.0575,114.056,114.064,149
2026-05-25T15:09:00+00:00,114.058,114.044,114.044,114.0625,152
2026-05-25T15:10:00+00:00,114.043,114.0925,114.042,114.0955,541
2026-05-25T15:11:00+00:00,114.091,114.113,114.08,114.1245,941
2026-05-25T15:12:00+00:00,114.1135,114.0975,114.0905,114.1195,646
2026-05-25T15:13:00+00:00,114.098,114.0875,114.086,114.102,384
2026-05-25T15:14:00+00:00,114.087,114.0685,114.068,114.093,294
2026-05-25T15:15:00+00:00,114.069,114.067,114.061,114.0715,371
2026-05-25T15:16:00+00:00,114.0675,114.059,114.054,114.068,319
2026-05-25T15:17:00+00:00,114.059,114.051,114.046,114.063,257
2026-05-25T15:18:00+00:00,114.0515,114.0595,114.0515,114.062,189
2026-05-25T15:19:00+00:00,114.06,114.0665,114.0535,114.0675,141
2026-05-25T15:20:00+00:00,114.067,114.067,114.063,114.071,180
2026-05-25T15:21:00+00:00,114.066,114.061,114.056,114.07,124
2026-05-25T15:22:00+00:00,114.0605,114.058,114.057,114.063,56
2026-05-25T15:23:00+00:00,114.0585,114.062,114.051,114.063,167
2026-05-25T15:24:00+00:00,114.0625,114.0595,114.059,114.0675,202
2026-05-25T15:25:00+00:00,114.0585,114.056,114.0515,114.0615,167
2026-05-25T15:26:00+00:00,114.055,114.0685,114.0535,114.0685,317
2026-05-25T15:27:00+00:00,114.069,114.0585,114.0555,114.0695,189
2026-05-25T15:28:00+00:00,114.058,114.0445,114.0425,114.062,130
2026-05-25T15:29:00+00:00,114.045,114.042,114.04,114.054,180
2026-05-25T15:30:00+00:00,114.041,114.0335,114.03,114.0425,100
2026-05-25T15:31:00+00:00,114.033,114.0395,114.029,114.042,148
2026-05-25T15:32:00+00:00,114.0395,114.033,114.0325,114.0395,60
2026-05-25T15:33:00+00:00,114.0335,114.025,114.025,114.0415,152
2026-05-25T15:34:00+00:00,114.0255,114.026,114.022,114.033,96
2026-05-25T15:35:00+00:00,114.0255,114.021,114.017,114.0265,121
2026-05-25T15:36:00+00:00,114.0215,114.022,114.0215,114.0255,83
2026-05-25T15:37:00+00:00,114.022,114.017,114.011,114.022,126
2026-05-25T15:38:00+00:00,114.016,114.0215,114.016,114.0245,56
2026-05-25T15:39:00+00:00,114.022,114.0185,114.018,114.025,49
2026-05-25T15:40:00+00:00,114.019,114.0185,114.0105,114.0195,73
2026-05-25T15:41:00+00:00,114.0185,114.0055,114.005,114.0195,153
2026-05-25T15:42:00+00:00,114.0065,114.0255,114.0055,114.0265,109
2026-05-25T15:43:00+00:00,114.0255,114.025,114.024,114.027,42
2026-05-25T15:44:00+00:00,114.0255,114.0275,114.0245,114.0315,69
2026-05-25T15:45:00+00:00,114.027,114.034,114.0265,114.035,48
2026-05-25T15:46:00+00:00,114.0345,114.0345,114.0305,114.039,99
2026-05-25T15:47:00+00:00,114.0345,114.0375,114.0345,114.039,121
2026-05-25T15:48:00+00:00,114.038,114.0295,114.0265,114.0405,96
2026-05-25T15:49:00+00:00,114.0295,114.02,114.0185,114.0325,69
2026-05-25T15:50:00+00:00,114.02,114.0095,114.009,114.022,50
2026-05-25T15:51:00+00:00,114.009,114.0155,114.009,114.018,69
2026-05-25T15:52:00+00:00,114.015,114.006,114.003,114.016,104
2026-05-25T15:53:00+00:00,114.0065,114.0,113.9985,114.0065,54
2026-05-25T15:54:00+00:00,113.9995,114.0005,113.999,114.0015,35
2026-05-25T15:55:00+00:00,113.999,113.998,113.9975,114.0025,48
2026-05-25T15:56:00+00:00,113.998,113.999,113.998,114.002,53
2026-05-25T15:57:00+00:00,113.9985,113.9955,113.9955,114.001,55
2026-05-25T15:58:00+00:00,113.995,113.974,113.973,113.996,85
2026-05-25T15:59:00+00:00,113.9745,113.977,113.9725,113.982,68
2026-05-25T16:00:00+00:00,113.9765,113.97,113.969,113.981,165
2026-05-25T16:01:00+00:00,113.9705,113.9675,113.957,113.9705,163
2026-05-25T16:02:00+00:00,113.967,113.98,113.965,113.9805,101
2026-05-25T16:03:00+00:00,113.98,113.9735,113.9735,113.983,61
2026-05-25T16:04:00+00:00,113.9735,113.98,113.9735,113.983,86
2026-05-25T16:05:00+00:00,113.9795,113.971,113.971,113.9815,71
2026-05-25T16:06:00+00:00,113.97,113.9755,113.97,113.9785,82
2026-05-25T16:07:00+00:00,113.976,113.968,113.968,113.9785,68
2026-05-25T16:08:00+00:00,113.969,113.959,113.958,113.972,66
2026-05-25T16:09:00+00:00,113.9595,113.949,113.949,113.9605,50
2026-05-25T16:10:00+00:00,113.9495,113.9455,113.9435,113.955,116
2026-05-25T16:11:00+00:00,113.9475,113.9545,113.9475,113.957,69
2026-05-25T16:12:00+00:00,113.954,113.945,113.945,113.956,121
2026-05-25T16:13:00+00:00,113.9455,113.9525,113.9445,113.9545,128
2026-05-25T16:14:00+00:00,113.952,113.97,113.95,113.971,104
2026-05-25T16:15:00+00:00,113.97,113.978,113.9695,113.9795,37
2026-05-25T16:16:00+00:00,113.9785,113.9825,113.978,113.9845,133
2026-05-25T16:17:00+00:00,113.9825,113.9825,113.98,113.9865,48
2026-05-25T16:18:00+00:00,113.9825,113.9685,113.966,113.983,121
2026-05-25T16:19:00+00:00,113.9685,113.9605,113.9585,113.969,91
2026-05-25T16:20:00+00:00,113.961,113.953,113.953,113.9615,91
2026-05-25T16:21:00+00:00,113.9535,113.964,113.9525,113.964,73
2026-05-25T16:22:00+00:00,113.963,113.966,113.9625,113.968,114
2026-05-25T16:23:00+00:00,113.9665,113.962,113.962,113.97,124
2026-05-25T16:24:00+00:00,113.9625,113.9615,113.9595,113.9665,92
2026-05-25T16:25:00+00:00,113.962,113.9715,113.961,113.9715,75
2026-05-25T16:26:00+00:00,113.9715,113.967,113.965,113.9715,88
2026-05-25T16:27:00+00:00,113.9685,113.965,113.962,113.9695,116
2026-05-25T16:28:00+00:00,113.964,113.963,113.9625,113.964,5
2026-05-25T16:29:00+00:00,113.963,113.964,113.961,113.9675,40
2026-05-25T16:30:00+00:00,113.964,113.961,113.9605,113.966,28
2026-05-25T16:31:00+00:00,113.9605,113.9625,113.9605,113.9645,56
2026-05-25T16:32:00+00:00,113.9615,113.9585,113.9565,113.9635,91
2026-05-25T16:33:00+00:00,113.959,113.958,113.9555,113.961,180
2026-05-25T16:34:00+00:00,113.9585,113.957,113.953,113.9605,186
2026-05-25T16:35:00+00:00,113.9565,113.9595,113.9535,113.9605,180
2026-05-25T16:36:00+00:00,113.9595,113.959,113.9545,113.96,136
2026-05-25T16:37:00+00:00,113.959,113.9615,113.9585,113.963,214
2026-05-25T16:38:00+00:00,113.963,113.965,113.9585,113.966,148
2026-05-25T16:39:00+00:00,113.964,113.962,113.962,113.97,114
2026-05-25T16:40:00+00:00,113.961,113.96,113.9595,113.9675,143
2026-05-25T16:41:00+00:00,113.96,113.952,113.9465,113.961,108
2026-05-25T16:42:00+00:00,113.952,113.958,113.952,113.96,50
2026-05-25T16:43:00+00:00,113.958,113.967,113.958,113.967,145
2026-05-25T16:44:00+00:00,113.9665,113.974,113.966,113.974,34
2026-05-25T16:45:00+00:00,113.974,113.975,113.972,113.9785,76
2026-05-25T16:46:00+00:00,113.975,113.978,113.974,113.9785,23
2026-05-25T16:47:00+00:00,113.978,113.9745,113.969,113.979,89
2026-05-25T16:48:00+00:00,113.975,113.9805,113.9725,113.9805,134
2026-05-25T16:49:00+00:00,113.9795,113.979,113.977,113.983,105
2026-05-25T16:50:00+00:00,113.9805,113.9785,113.974,113.987,108
2026-05-25T16:51:00+00:00,113.9785,113.982,113.978,113.988,98
2026-05-25T16:52:00+00:00,113.9825,113.984,113.9805,113.9905,118
2026-05-25T16:53:00+00:00,113.983,113.97,113.9645,113.9845,144
2026-05-25T16:54:00+00:00,113.9705,113.9685,113.9665,113.973,86
2026-05-25T16:55:00+00:00,113.968,113.9765,113.968,113.9815,86
2026-05-25T16:56:00+00:00,113.977,113.9815,113.975,113.9845,80
2026-05-25T16:57:00+00:00,113.9805,113.982,113.977,113.982,75
2026-05-25T16:58:00+00:00,113.9815,113.989,113.9805,113.9895,112
2026-05-25T16:59:00+00:00,113.9875,113.9845,113.983,113.991,144
2026-05-25T17:00:00+00:00,113.9855,113.984,113.982,113.986,143
2026-05-25T17:01:00+00:00,113.984,113.9815,113.978,113.9875,76
2026-05-25T17:02:00+00:00,113.981,113.9845,113.981,113.9875,32
2026-05-25T17:03:00+00:00,113.9845,113.987,113.9835,113.987,25
2026-05-25T17:04:00+00:00,113.9875,113.989,113.985,113.989,30
2026-05-25T17:05:00+00:00,113.9895,113.984,113.983,113.9895,39
2026-05-25T17:06:00+00:00,113.9835,113.982,113.98,113.984,61
2026-05-25T17:07:00+00:00,113.982,113.9845,113.9795,113.985,16
2026-05-25T17:08:00+00:00,113.9845,113.9825,113.9795,113.985,30
2026-05-25T17:09:00+00:00,113.9825,113.9815,113.98,113.983,38
2026-05-25T17:10:00+00:00,113.981,113.983,113.9805,113.9835,57
2026-05-25T17:11:00+00:00,113.983,113.981,113.9795,113.9835,50
2026-05-25T17:12:00+00:00,113.9805,113.9865,113.98,113.9885,66
2026-05-25T17:13:00+00:00,113.9865,113.9905,113.986,113.9905,130
2026-05-25T17:14:00+00:00,113.9905,113.988,113.987,113.998,55
2026-05-25T17:15:00+00:00,113.988,113.992,113.987,113.9965,46
2026-05-25T17:16:00+00:00,113.9915,113.992,113.989,113.9935,41
2026-05-25T17:17:00+00:00,113.992,113.99,113.986,113.9935,36
2026-05-25T17:18:00+00:00,113.991,113.999,113.9905,113.999,48
2026-05-25T17:19:00+00:00,113.999,113.9995,113.998,114.0005,45
2026-05-25T17:20:00+00:00,113.9995,113.9985,113.9985,114.001,77
2026-05-25T17:21:00+00:00,113.9995,113.995,113.9945,114.003,147
2026-05-25T17:22:00+00:00,113.995,113.9955,113.994,113.998,42
2026-05-25T17:23:00+00:00,113.995,114.0095,113.995,114.0095,57
2026-05-25T17:24:00+00:00,114.0105,114.017,114.0095,114.0185,50
2026-05-25T17:25:00+00:00,114.017,114.016,114.015,114.0185,35
2026-05-25T17:26:00+00:00,114.016,114.018,114.014,114.02,83
2026-05-25T17:27:00+00:00,114.0185,114.022,114.017,114.022,27
2026-05-25T17:28:00+00:00,114.0215,114.0235,114.02,114.026,54
2026-05-25T17:29:00+00:00,114.0235,114.0315,114.023,114.0375,64
2026-05-25T17:30:00+00:00,114.031,114.0355,114.029,114.038,114
2026-05-25T17:31:00+00:00,114.0355,114.0315,114.029,114.036,143
2026-05-25T17:32:00+00:00,114.0315,114.0315,114.03,114.035,100
2026-05-25T17:33:00+00:00,114.031,114.0205,114.02,114.0315,121
2026-05-25T17:34:00+00:00,114.0205,114.0205,114.02,114.0225,77
2026-05-25T17:35:00+00:00,114.0205,114.0195,114.017,114.0205,35
2026-05-25T17:36:00+00:00,114.0195,114.0205,114.017,114.0205,68
2026-05-25T17:37:00+00:00,114.0205,114.02,114.019,114.026,68
2026-05-25T17:38:00+00:00,114.0195,114.0155,114.0125,114.0205,116
2026-05-25T17:39:00+00:00,114.0155,114.0165,114.014,114.0165,32
2026-05-25T17:40:00+00:00,114.016,114.0175,114.0155,114.0185,42
2026-05-25T17:41:00+00:00,114.0175,114.0175,114.017,114.019,26
2026-05-25T17:42:00+00:00,114.018,114.0175,114.017,114.019,19
2026-05-25T17:43:00+00:00,114.0175,114.0195,114.017,114.0195,13
2026-05-25T17:44:00+00:00,114.0195,114.018,114.0175,114.0195,27
2026-05-25T17:45:00+00:00,114.018,114.017,114.014,114.0185,126
2026-05-25T17:46:00+00:00,114.017,114.018,114.016,114.0185,24
2026-05-25T17:47:00+00:00,114.018,114.018,114.017,114.019,77
2026-05-25T17:48:00+00:00,114.019,114.0135,114.011,114.019,76
2026-05-25T17:49:00+00:00,114.0135,114.0165,114.0135,114.017,79
2026-05-25T17:50:00+00:00,114.016,114.0165,114.015,114.017,171
2026-05-25T17:51:00+00:00,114.016,114.017,114.0135,114.018,68
2026-05-25T17:52:00+00:00,114.017,114.017,114.0165,114.0175,9
2026-05-25T17:53:00+00:00,114.017,114.014,114.0115,114.018,28
2026-05-25T17:54:00+00:00,114.014,114.015,114.011,114.017,46
2026-05-25T17:55:00+00:00,114.0155,114.0155,114.0145,114.016,16
2026-05-25T17:56:00+00:00,114.015,114.012,114.011,114.0155,76
2026-05-25T17:57:00+00:00,114.012,114.012,114.0115,114.013,22
2026-05-25T17:58:00+00:00,114.0125,114.0145,114.0125,114.0145,10
2026-05-25T17:59:00+00:00,114.0145,114.018,114.0135,114.0185,23
2026-05-25T18:00:00+00:00,114.0185,114.0135,114.0135,114.0195,49
2026-05-25T18:01:00+00:00,114.0135,114.014,114.0135,114.015,19
2026-05-25T18:02:00+00:00,114.014,114.01,114.008,114.014,80
2026-05-25T18:03:00+00:00,114.0105,114.014,114.01,114.0145,150
2026-05-25T18:04:00+00:00,114.014,114.013,114.0125,114.015,22
2026-05-25T18:05:00+00:00,114.0135,114.0135,114.012,114.014,18
2026-05-25T18:06:00+00:00,114.0135,114.014,114.013,114.016,25
2026-05-25T18:07:00+00:00,114.014,114.0145,114.014,114.0145,1
2026-05-25T18:08:00+00:00,114.0145,114.0145,114.0125,114.0155,22
2026-05-25T18:09:00+00:00,114.0145,114.017,114.0145,114.0205,26
2026-05-25T18:10:00+00:00,114.017,114.0175,114.0165,114.019,31
2026-05-25T18:11:00+00:00,114.017,114.017,114.0165,114.0175,4
2026-05-25T18:12:00+00:00,114.0175,114.017,114.017,114.0175,4
2026-05-25T18:13:00+00:00,114.017,114.017,114.016,114.0175,14
2026-05-25T18:14:00+00:00,114.017,114.0165,114.016,114.017,5
2026-05-25T18:15:00+00:00,114.0165,114.016,114.015,114.0185,30
2026-05-25T18:16:00+00:00,114.0155,114.0155,114.0145,114.0165,16
2026-05-25T18:17:00+00:00,114.0155,114.0155,114.015,114.0165,12
2026-05-25T18:18:00+00:00,114.016,114.016,114.015,114.0165,31
2026-05-25T18:19:00+00:00,114.0155,114.0165,114.0155,114.0165,29
2026-05-25T18:20:00+00:00,114.0165,114.0165,114.014,114.0165,14
2026-05-25T18:21:00+00:00,114.0165,114.015,114.015,114.0175,17
2026-05-25T18:22:00+00:00,114.015,114.013,114.013,114.0155,14
2026-05-25T18:23:00+00:00,114.013,114.011,114.009,114.013,30
2026-05-25T18:24:00+00:00,114.01,114.0115,114.0095,114.0135,62
2026-05-25T18:25:00+00:00,114.0115,114.0115,114.011,114.0125,67
2026-05-25T18:26:00+00:00,114.0105,114.0115,114.0095,114.0115,31
2026-05-25T18:27:00+00:00,114.0105,114.0065,114.0055,114.0115,44
2026-05-25T18:28:00+00:00,114.0055,114.005,114.0045,114.0065,19
2026-05-25T18:29:00+00:00,114.005,114.009,114.005,114.009,23
2026-05-25T18:30:00+00:00,114.0085,114.0105,114.008,114.0165,37
2026-05-25T18:31:00+00:00,114.01,114.0105,114.0085,114.011,26
2026-05-25T18:32:00+00:00,114.01,114.01,114.009,114.0105,16
2026-05-25T18:33:00+00:00,114.0095,114.0105,114.0095,114.0115,22
2026-05-25T18:34:00+00:00,114.0095,114.0115,114.0095,114.0115,7
2026-05-25T18:35:00+00:00,114.0115,114.016,114.0115,114.0175,20
2026-05-25T18:36:00+00:00,114.016,114.0185,114.015,114.0185,28
2026-05-25T18:37:00+00:00,114.0175,114.0155,114.0155,114.0185,47
2026-05-25T18:38:00+00:00,114.0155,114.0165,114.0155,114.0175,17
2026-05-25T18:39:00+00:00,114.0175,114.016,114.016,114.0185,11
2026-05-25T18:40:00+00:00,114.016,114.0115,114.011,114.016,11
2026-05-25T18:41:00+00:00,114.0115,114.006,114.005,114.0115,42
2026-05-25T18:42:00+00:00,114.0065,114.001,114.001,114.0065,17
2026-05-25T18:43:00+00:00,114.001,114.003,114.0005,114.0035,8
2026-05-25T18:44:00+00:00,114.003,114.004,114.003,114.006,21
2026-05-25T18:45:00+00:00,114.004,114.0035,114.003,114.0045,10
2026-05-25T18:46:00+00:00,114.0045,114.002,114.002,114.0045,11
2026-05-25T18:47:00+00:00,114.002,114.01,114.002,114.01,26
2026-05-25T18:48:00+00:00,114.01,114.012,114.0095,114.012,23
2026-05-25T18:49:00+00:00,114.011,114.013,114.0105,114.014,23
2026-05-25T18:50:00+00:00,114.013,114.019,114.0125,114.0195,19
2026-05-25T18:51:00+00:00,114.019,114.0175,114.0165,114.0205,28
2026-05-25T18:52:00+00:00,114.0175,114.0125,114.0125,114.018,25
2026-05-25T18:53:00+00:00,114.012,114.0125,114.0115,114.015,35
2026-05-25T18:54:00+00:00,114.0125,114.0145,114.01,114.0165,35
2026-05-25T18:55:00+00:00,114.0145,114.02,114.013,114.02,22
2026-05-25T18:56:00+00:00,114.02,114.0195,114.018,114.0205,13
2026-05-25T18:57:00+00:00,114.0195,114.019,114.015,114.0195,18
2026-05-25T18:58:00+00:00,114.019,114.0185,114.0175,114.019,9
2026-05-25T18:59:00+00:00,114.0195,114.017,114.015,114.0205,46
2026-05-25T19:00:00+00:00,114.0185,114.017,114.0165,114.0185,24
2026-05-25T19:01:00+00:00,114.017,114.015,114.0125,114.017,19
2026-05-25T19:02:00+00:00,114.015,114.0165,114.0145,114.0165,16
2026-05-25T19:03:00+00:00,114.017,114.015,114.0135,114.017,16
2026-05-25T19:04:00+00:00,114.015,114.0145,114.0145,114.0165,28
2026-05-25T19:05:00+00:00,114.015,114.017,114.015,114.0175,24
2026-05-25T19:06:00+00:00,114.0165,114.024,114.0165,114.024,24
2026-05-25T19:07:00+00:00,114.0245,114.0165,114.0165,114.0245,14
2026-05-25T19:08:00+00:00,114.0165,114.0155,114.0155,114.021,49
2026-05-25T19:09:00+00:00,114.017,114.0155,114.0155,114.0185,35
2026-05-25T19:10:00+00:00,114.0155,114.0195,114.0155,114.02,28
2026-05-25T19:11:00+00:00,114.0195,114.0195,114.019,114.0195,4
2026-05-25T19:12:00+00:00,114.0195,114.0175,114.0155,114.02,26
2026-05-25T19:13:00+00:00,114.0175,114.017,114.0165,114.0175,6
2026-05-25T19:14:00+00:00,114.017,114.0165,114.0165,114.0175,13
2026-05-25T19:15:00+00:00,114.017,114.018,114.0165,114.018,7
2026-05-25T19:16:00+00:00,114.0185,114.0175,114.017,114.019,17
2026-05-25T19:17:00+00:00,114.0175,114.018,114.0175,114.019,12
2026-05-25T19:18:00+00:00,114.018,114.018,114.017,114.02,30
2026-05-25T19:19:00+00:00,114.0175,114.0185,114.0175,114.019,11
2026-05-25T19:20:00+00:00,114.0185,114.019,114.017,114.019,40
2026-05-25T19:21:00+00:00,114.018,114.019,114.018,114.0195,13
2026-05-25T19:22:00+00:00,114.019,114.018,114.017,114.019,24
2026-05-25T19:23:00+00:00,114.018,114.0125,114.012,114.018,39
2026-05-25T19:24:00+00:00,114.0125,114.014,114.012,114.0145,19
2026-05-25T19:25:00+00:00,114.015,114.019,114.014,114.0195,23
2026-05-25T19:26:00+00:00,114.019,114.0195,114.0175,114.0195,6
2026-05-25T19:27:00+00:00,114.0195,114.022,114.0175,114.022,10
2026-05-25T19:28:00+00:00,114.022,114.022,114.021,114.023,17
2026-05-25T19:29:00+00:00,114.022,114.0235,114.0175,114.024,40
2026-05-25T19:30:00+00:00,114.0225,114.0265,114.0225,114.028,51
2026-05-25T19:31:00+00:00,114.0265,114.026,114.025,114.027,13
2026-05-25T19:32:00+00:00,114.026,114.027,114.026,114.0275,8
2026-05-25T19:33:00+00:00,114.026,114.0265,114.026,114.0275,19
2026-05-25T19:34:00+00:00,114.026,114.0265,114.0255,114.028,33
2026-05-25T19:35:00+00:00,114.026,114.028,114.0225,114.028,30
2026-05-25T19:36:00+00:00,114.028,114.0295,114.026,114.0295,16
2026-05-25T19:37:00+00:00,114.0295,114.033,114.028,114.0365,44
2026-05-25T19:38:00+00:00,114.033,114.0315,114.0315,114.0335,9
2026-05-25T19:39:00+00:00,114.033,114.0315,114.0295,114.0335,31
2026-05-25T19:40:00+00:00,114.032,114.033,114.0315,114.034,34
2026-05-25T19:41:00+00:00,114.033,114.0295,114.0285,114.034,32
2026-05-25T19:42:00+00:00,114.0295,114.0275,114.027,114.033,52
2026-05-25T19:43:00+00:00,114.028,114.029,114.025,114.0295,39
2026-05-25T19:44:00+00:00,114.0295,114.028,114.027,114.0295,19
2026-05-25T19:45:00+00:00,114.028,114.0285,114.0265,114.0295,24
2026-05-25T19:46:00+00:00,114.0285,114.027,114.025,114.029,32
2026-05-25T19:47:00+00:00,114.026,114.0295,114.026,114.03,21
2026-05-25T19:48:00+00:00,114.0295,114.0295,114.0285,114.0315,15
2026-05-25T19:49:00+00:00,114.0295,114.0305,114.0295,114.031,3
2026-05-25T19:50:00+00:00,114.0295,114.0365,114.029,114.0385,70
2026-05-25T19:51:00+00:00,114.0365,114.038,114.035,114.0385,35
2026-05-25T19:52:00+00:00,114.0375,114.038,114.037,114.0395,46
2026-05-25T19:53:00+00:00,114.039,114.0385,114.036,114.039,17
2026-05-25T19:54:00+00:00,114.0385,114.0375,114.037,114.039,10
2026-05-25T19:55:00+00:00,114.038,114.045,114.038,114.048,76
2026-05-25T19:56:00+00:00,114.044,114.043,114.043,114.0455,23
2026-05-25T19:57:00+00:00,114.043,114.0375,114.0355,114.044,39
2026-05-25T19:58:00+00:00,114.0375,114.0355,114.0355,114.0415,72
2026-05-25T19:59:00+00:00,114.035,114.0335,114.0335,114.0365,42
2026-05-25T20:00:00+00:00,114.034,114.039,114.034,114.0435,54
2026-05-25T20:01:00+00:00,114.0395,114.04,114.037,114.0435,42
2026-05-25T20:02:00+00:00,114.0395,114.042,114.039,114.043,24
2026-05-25T20:03:00+00:00,114.042,114.041,114.0395,114.044,26
2026-05-25T20:04:00+00:00,114.041,114.0405,114.0395,114.043,23
2026-05-25T20:05:00+00:00,114.0405,114.034,114.034,114.0415,40
2026-05-25T20:06:00+00:00,114.035,114.036,114.035,114.0365,9
2026-05-25T20:07:00+00:00,114.036,114.043,114.036,114.0435,37
2026-05-25T20:08:00+00:00,114.043,114.0465,114.043,114.0495,63
2026-05-25T20:09:00+00:00,114.046,114.0455,114.0445,114.047,47
2026-05-25T20:10:00+00:00,114.046,114.0415,114.04,114.047,21
2026-05-25T20:11:00+00:00,114.0415,114.0435,114.0405,114.044,131
2026-05-25T20:12:00+00:00,114.0435,114.043,114.0415,114.0435,18
2026-05-25T20:13:00+00:00,114.043,114.04,114.0385,114.0435,56
2026-05-25T20:14:00+00:00,114.0405,114.042,114.04,114.042,17
2026-05-25T20:15:00+00:00,114.0415,114.04,114.039,114.042,15
2026-05-25T20:16:00+00:00,114.041,114.047,114.0395,114.0475,46
2026-05-25T20:17:00+00:00,114.0465,114.0425,114.042,114.0465,20
2026-05-25T20:18:00+00:00,114.042,114.0415,114.039,114.042,24
2026-05-25T20:19:00+00:00,114.041,114.0435,114.0405,114.0475,61
2026-05-25T20:20:00+00:00,114.043,114.0435,114.041,114.044,42
2026-05-25T20:21:00+00:00,114.043,114.041,114.0405,114.045,26
2026-05-25T20:22:00+00:00,114.041,114.039,114.0385,114.042,40
2026-05-25T20:23:00+00:00,114.039,114.036,114.033,114.039,43
2026-05-25T20:24:00+00:00,114.036,114.036,114.0345,114.0385,15
2026-05-25T20:25:00+00:00,114.0355,114.037,114.034,114.0375,25
2026-05-25T20:26:00+00:00,114.037,114.042,114.036,114.0425,33
2026-05-25T20:27:00+00:00,114.0415,114.0385,114.037,114.0415,68
2026-05-25T20:28:00+00:00,114.0385,114.0395,114.0385,114.043,68
2026-05-25T20:29:00+00:00,114.04,114.041,114.038,114.0435,63
2026-05-25T20:30:00+00:00,114.042,114.05,114.042,114.05,38
2026-05-25T20:31:00+00:00,114.05,114.045,114.044,114.05,27
2026-05-25T20:32:00+00:00,114.045,114.047,114.045,114.047,67
2026-05-25T20:33:00+00:00,114.0465,114.0455,114.0455,114.048,19
2026-05-25T20:34:00+00:00,114.0455,114.047,114.045,114.047,20
2026-05-25T20:35:00+00:00,114.0475,114.046,114.044,114.049,89
2026-05-25T20:36:00+00:00,114.046,114.042,114.042,114.046,28
2026-05-25T20:37:00+00:00,114.042,114.034,114.034,114.0445,37
2026-05-25T20:38:00+00:00,114.034,114.0315,114.026,114.036,94
2026-05-25T20:39:00+00:00,114.0315,114.023,114.022,114.0355,110
2026-05-25T20:40:00+00:00,114.0235,114.0275,114.02,114.0355,86
2026-05-25T20:41:00+00:00,114.0275,114.0415,114.0275,114.0415,30
2026-05-25T20:42:00+00:00,114.041,114.0325,114.031,114.041,54
2026-05-25T20:43:00+00:00,114.032,114.03,114.0285,114.032,79
2026-05-25T20:44:00+00:00,114.03,114.032,114.0295,114.033,60
2026-05-25T20:45:00+00:00,114.0325,114.0355,114.0325,114.037,88
2026-05-25T20:46:00+00:00,114.035,114.0345,114.033,114.038,107
2026-05-25T20:47:00+00:00,114.035,114.037,114.034,114.0395,68
2026-05-25T20:48:00+00:00,114.036,114.0335,114.033,114.0375,66
2026-05-25T20:49:00+00:00,114.0345,114.0275,114.0275,114.036,138
2026-05-25T20:50:00+00:00,114.028,114.0295,114.027,114.0355,248
2026-05-25T20:51:00+00:00,114.0295,114.026,114.025,114.0295,51
2026-05-25T20:52:00+00:00,114.026,114.0315,114.026,114.0335,70
2026-05-25T20:53:00+00:00,114.031,114.033,114.031,114.0335,38
2026-05-25T20:54:00+00:00,114.0325,114.0325,114.032,114.034,18
2026-05-25T20:55:00+00:00,114.033,114.037,114.033,114.0385,75
2026-05-25T20:56:00+00:00,114.0355,114.037,114.0355,114.04,78
2026-05-25T20:57:00+00:00,114.037,114.04,114.037,114.0405,16
2026-05-25T20:58:00+00:00,114.0395,114.0365,114.0365,114.0415,38
2026-05-25T20:59:00+00:00,114.0375,113.981,113.981,114.0385,168
2026-05-25T21:00:00+00:00,113.985,113.9585,113.9445,113.985,10
2026-05-25T21:01:00+00:00,113.9585,113.968,113.9585,113.968,3
2026-05-25T21:02:00+00:00,113.968,113.968,113.968,113.968,0
2026-05-25T21:03:00+00:00,113.968,113.969,113.9585,113.969,9
2026-05-25T21:04:00+00:00,113.969,113.9665,113.9605,113.969,2
2026-05-25T21:05:00+00:00,113.9655,113.966,113.9655,113.966,2
2026-05-25T21:06:00+00:00,113.966,113.966,113.966,113.966,0
2026-05-25T21:07:00+00:00,113.966,113.967,113.966,113.967,1
2026-05-25T21:08:00+00:00,113.967,113.968,113.965,113.968,6
2026-05-25T21:09:00+00:00,113.968,113.9645,113.9645,113.9685,14
2026-05-25T21:10:00+00:00,113.9645,113.968,113.9645,113.969,5
2026-05-25T21:11:00+00:00,113.968,113.967,113.967,113.968,1
2026-05-25T21:12:00+00:00,113.967,113.9645,113.9645,113.967,5
2026-05-25T21:13:00+00:00,113.9645,113.967,113.9645,113.97,3
2026-05-25T21:14:00+00:00,113.967,113.9675,113.967,113.9675,1
2026-05-25T21:15:00+00:00,113.9675,113.9675,113.965,113.983,8
2026-05-25T21:16:00+00:00,113.9675,113.9685,113.9675,113.9725,5
2026-05-25T21:17:00+00:00,113.9685,113.97,113.9685,113.97,2
2026-05-25T21:18:00+00:00,113.9725,113.9685,113.9685,113.9725,2
2026-05-25T21:19:00+00:00,113.9685,113.963,113.963,113.976,8
2026-05-25T21:20:00+00:00,113.963,113.9725,113.9615,113.975,16
2026-05-25T21:21:00+00:00,113.9725,113.967,113.958,113.9725,6
2026-05-25T21:22:00+00:00,113.967,113.9645,113.9645,113.967,1
2026-05-25T21:23:00+00:00,113.9645,113.9695,113.9645,113.9745,2
2026-05-25T21:24:00+00:00,113.9695,113.9665,113.9665,113.9695,1
2026-05-25T21:25:00+00:00,113.9665,113.9665,113.9665,113.9665,0
2026-05-25T21:26:00+00:00,113.9665,113.9665,113.9665,113.9745,3
2026-05-25T21:27:00+00:00,113.9665,113.9665,113.9665,113.9665,0
2026-05-25T21:28:00+00:00,113.9665,113.9635,113.9635,113.9745,9
2026-05-25T21:29:00+00:00,113.9635,113.969,113.9635,113.969,1
2026-05-25T21:30:00+00:00,113.969,113.969,113.969,113.969,0
2026-05-25T21:31:00+00:00,113.969,113.9745,113.955,113.9745,7
2026-05-25T21:32:00+00:00,113.9745,113.9675,113.955,113.9745,5
2026-05-25T21:33:00+00:00,113.9675,113.9675,113.9675,113.9675,0
2026-05-25T21:34:00+00:00,113.955,113.955,113.955,113.9555,4
2026-05-25T21:35:00+00:00,113.955,113.978,113.955,113.978,19
2026-05-25T21:36:00+00:00,113.978,113.982,113.976,113.982,3
2026-05-25T21:37:00+00:00,113.982,113.982,113.9805,113.982,4
2026-05-25T21:38:00+00:00,113.982,113.9625,113.959,113.982,15
2026-05-25T21:39:00+00:00,113.9605,113.9635,113.935,113.97,49
2026-05-25T21:40:00+00:00,113.9635,113.9745,113.9635,113.979,36
2026-05-25T21:41:00+00:00,113.9745,113.9805,113.972,113.9805,10
2026-05-25T21:42:00+00:00,113.9805,113.955,113.952,113.9805,15
2026-05-25T21:43:00+00:00,113.955,113.958,113.955,113.9665,29
2026-05-25T21:44:00+00:00,113.958,113.935,113.9175,113.9625,130
2026-05-25T21:45:00+00:00,113.9315,113.94,113.9315,113.9425,86
2026-05-25T21:46:00+00:00,113.9385,113.934,113.933,113.9405,17
2026-05-25T21:47:00+00:00,113.9345,113.935,113.9285,113.945,23
2026-05-25T21:48:00+00:00,113.935,113.9185,113.9185,113.9355,35
2026-05-25T21:49:00+00:00,113.92,113.9295,113.917,113.932,29
2026-05-25T21:50:00+00:00,113.929,113.938,113.929,113.9405,27
2026-05-25T21:51:00+00:00,113.94,113.9325,113.9325,113.9405,11
2026-05-25T21:52:00+00:00,113.9345,113.932,113.9315,113.9355,6
2026-05-25T21:53:00+00:00,113.932,113.938,113.932,113.9425,7
2026-05-25T21:54:00+00:00,113.938,113.9375,113.935,113.938,7
2026-05-25T21:55:00+00:00,113.9375,113.9365,113.935,113.943,14
2026-05-25T21:56:00+00:00,113.9365,113.9475,113.9365,113.977,102
2026-05-25T21:57:00+00:00,113.9475,113.941,113.941,113.9495,34
2026-05-25T21:58:00+00:00,113.941,113.941,113.9405,113.9495,26
2026-05-25T21:59:00+00:00,113.9405,113.9365,113.9135,113.945,52
2026-05-25T22:00:00+00:00,113.939,114.0015,113.9365,114.024,224
2026-05-25T22:01:00+00:00,114.0025,114.0005,114.0005,114.011,86
2026-05-25T22:02:00+00:00,114.004,114.0135,114.0015,114.0175,61
2026-05-25T22:03:00+00:00,114.013,114.0165,114.0125,114.0205,50
2026-05-25T22:04:00+00:00,114.016,114.0145,114.0095,114.024,71
2026-05-25T22:05:00+00:00,114.0155,114.0155,114.014,114.0195,27
2026-05-25T22:06:00+00:00,114.0155,114.0075,114.0075,114.018,23
2026-05-25T22:07:00+00:00,114.008,114.0105,114.007,114.0275,63
2026-05-25T22:08:00+00:00,114.0105,114.013,114.008,114.016,40
2026-05-25T22:09:00+00:00,114.013,113.9915,113.9915,114.013,46
2026-05-25T22:10:00+00:00,113.9915,113.984,113.983,113.992,16
2026-05-25T22:11:00+00:00,113.984,113.992,113.983,113.9985,63
2026-05-25T22:12:00+00:00,113.9925,113.995,113.992,113.9995,39
2026-05-25T22:13:00+00:00,113.995,114.0,113.995,114.001,21
2026-05-25T22:14:00+00:00,114.0,114.0025,113.9895,114.0025,50
2026-05-25T22:15:00+00:00,114.002,114.004,114.0,114.0055,27
2026-05-25T22:16:00+00:00,114.004,113.983,113.9825,114.004,55
2026-05-25T22:17:00+00:00,113.9825,113.9745,113.9665,113.9825,65
2026-05-25T22:18:00+00:00,113.9745,113.976,113.974,113.977,19
2026-05-25T22:19:00+00:00,113.9765,113.9745,113.974,113.977,27
2026-05-25T22:20:00+00:00,113.974,113.978,113.9735,113.978,31
2026-05-25T22:21:00+00:00,113.9775,113.983,113.9775,113.9845,47
2026-05-25T22:22:00+00:00,113.983,113.9895,113.983,113.9895,50
2026-05-25T22:23:00+00:00,113.9895,113.996,113.9885,114.0,54
2026-05-25T22:24:00+00:00,113.9955,113.997,113.9955,113.998,25
2026-05-25T22:25:00+00:00,113.997,113.997,113.9955,113.9985,14
2026-05-25T22:26:00+00:00,113.997,113.999,113.997,114.001,26
2026-05-25T22:27:00+00:00,113.9995,113.9915,113.991,114.0,40
2026-05-25T22:28:00+00:00,113.991,113.994,113.991,113.9955,57
2026-05-25T22:29:00+00:00,113.9945,113.998,113.992,114.0005,54
2026-05-25T22:30:00+00:00,113.9975,113.998,113.9875,113.999,146
2026-05-25T22:31:00+00:00,113.9975,113.994,113.9925,114.001,98
2026-05-25T22:32:00+00:00,113.9945,114.008,113.992,114.01,55
2026-05-25T22:33:00+00:00,114.0085,114.012,114.0075,114.015,54
2026-05-25T22:34:00+00:00,114.012,114.014,114.0095,114.015,63
2026-05-25T22:35:00+00:00,114.0135,114.0075,114.0065,114.014,42
2026-05-25T22:36:00+00:00,114.0075,114.0015,113.999,114.0075,93
2026-05-25T22:37:00+00:00,114.0025,114.0,114.0,114.004,74
2026-05-25T22:38:00+00:00,113.9995,113.9945,113.9945,114.001,49
2026-05-25T22:39:00+00:00,113.996,113.9955,113.9945,113.9965,28
2026-05-25T22:40:00+00:00,113.995,113.9955,113.9885,113.9965,83
2026-05-25T22:41:00+00:00,113.996,114.0015,113.996,114.002,100
2026-05-25T22:42:00+00:00,114.0015,114.0035,113.998,114.004,71
2026-05-25T22:43:00+00:00,114.0035,114.0005,113.997,114.004,44
2026-05-25T22:44:00+00:00,114.001,114.0,113.9995,114.001,31
2026-05-25T22:45:00+00:00,114.001,113.999,113.998,114.001,42
2026-05-25T22:46:00+00:00,113.999,114.009,113.9985,114.01,35
2026-05-25T22:47:00+00:00,114.009,114.0145,114.0065,114.015,76
2026-05-25T22:48:00+00:00,114.0145,114.008,114.0065,114.0145,43
2026-05-25T22:49:00+00:00,114.0085,114.015,114.008,114.016,44
2026-05-25T22:50:00+00:00,114.0155,114.017,114.015,114.0175,56
2026-05-25T22:51:00+00:00,114.017,114.0215,114.016,114.0255,70
2026-05-25T22:52:00+00:00,114.022,114.0175,114.0175,114.022,27
2026-05-25T22:53:00+00:00,114.0175,114.0185,114.017,114.019,26
2026-05-25T22:54:00+00:00,114.0185,114.024,114.0175,114.024,22
2026-05-25T22:55:00+00:00,114.024,114.011,114.0075,114.025,68
2026-05-25T22:56:00+00:00,114.0115,114.0165,114.0085,114.018,144
2026-05-25T22:57:00+00:00,114.017,114.0175,114.015,114.0205,39
2026-05-25T22:58:00+00:00,114.0175,114.015,114.0125,114.02,47
2026-05-25T22:59:00+00:00,114.0145,114.01,114.0095,114.015,76
2026-05-25T23:00:00+00:00,114.01,114.0235,114.009,114.0235,118
2026-05-25T23:01:00+00:00,114.0235,114.022,114.0175,114.0245,117
2026-05-25T23:02:00+00:00,114.0215,114.0245,114.0215,114.0325,54
2026-05-25T23:03:00+00:00,114.024,114.024,114.021,114.0245,48
2026-05-25T23:04:00+00:00,114.024,114.03,114.0235,114.033,48
2026-05-25T23:05:00+00:00,114.03,114.0375,114.0295,114.039,47
2026-05-25T23:06:00+00:00,114.0375,114.0265,114.0255,114.0425,51
2026-05-25T23:07:00+00:00,114.026,114.019,114.019,114.0265,39
2026-05-25T23:08:00+00:00,114.0185,114.023,114.017,114.0245,72
2026-05-25T23:09:00+00:00,114.024,114.024,114.0215,114.029,79
2026-05-25T23:10:00+00:00,114.0235,114.0255,114.02,114.0275,76
2026-05-25T23:11:00+00:00,114.025,114.0255,114.025,114.0275,61
2026-05-25T23:12:00+00:00,114.0255,114.0195,114.0185,114.0265,47
2026-05-25T23:13:00+00:00,114.0205,114.018,114.017,114.0255,49
2026-05-25T23:14:00+00:00,114.017,114.0195,114.017,114.0215,111
2026-05-25T23:15:00+00:00,114.019,114.0185,114.0175,114.0205,63
2026-05-25T23:16:00+00:00,114.0185,114.0185,114.0165,114.019,43
2026-05-25T23:17:00+00:00,114.0185,114.015,114.0145,114.0235,82
2026-05-25T23:18:00+00:00,114.0145,114.0215,114.0145,114.023,78
2026-05-25T23:19:00+00:00,114.0215,114.0215,114.019,114.028,68
2026-05-25T23:20:00+00:00,114.022,114.019,114.0185,114.0305,83
2026-05-25T23:21:00+00:00,114.0195,114.0225,114.018,114.0235,87
2026-05-25T23:22:00+00:00,114.0225,114.0225,114.02,114.0235,51
2026-05-25T23:23:00+00:00,114.022,114.0265,114.0205,114.03,75
2026-05-25T23:24:00+00:00,114.027,114.0235,114.0185,114.0495,193
2026-05-25T23:25:00+00:00,114.0235,114.022,114.022,114.0315,64
2026-05-25T23:26:00+00:00,114.022,114.026,114.02,114.0265,59
2026-05-25T23:27:00+00:00,114.0255,114.0235,114.0225,114.03,87
2026-05-25T23:28:00+00:00,114.0235,114.017,114.0165,114.031,76
2026-05-25T23:29:00+00:00,114.0175,114.0175,114.0155,114.0205,58
2026-05-25T23:30:00+00:00,114.018,114.0215,114.018,114.026,113
2026-05-25T23:31:00+00:00,114.022,114.0155,114.015,114.0255,58
2026-05-25T23:32:00+00:00,114.015,114.0095,114.0095,114.019,74
2026-05-25T23:33:00+00:00,114.0095,114.003,114.0015,114.011,94
2026-05-25T23:34:00+00:00,114.003,114.0005,114.0005,114.0055,61
2026-05-25T23:35:00+00:00,114.0,113.999,113.998,114.003,87
2026-05-25T23:36:00+00:00,113.9995,113.998,113.994,114.01,112
2026-05-25T23:37:00+00:00,113.9975,113.991,113.985,113.9985,163
2026-05-25T23:38:00+00:00,113.9915,113.9905,113.988,113.9945,68
2026-05-25T23:39:00+00:00,113.9905,113.985,113.9815,113.9915,80
2026-05-25T23:40:00+00:00,113.9845,113.984,113.98,113.9905,81
2026-05-25T23:41:00+00:00,113.9845,113.9835,113.9805,113.9855,64
2026-05-25T23:42:00+00:00,113.983,113.9875,113.975,113.99,118
2026-05-25T23:43:00+00:00,113.987,113.988,113.986,113.9885,48
2026-05-25T23:44:00+00:00,113.9875,113.978,113.9745,113.9885,111
2026-05-25T23:45:00+00:00,113.9775,113.996,113.976,113.999,256
2026-05-25T23:46:00+00:00,113.9965,113.9905,113.9865,113.9975,206
2026-05-25T23:47:00+00:00,113.9895,113.9725,113.9675,113.992,147
2026-05-25T23:48:00+00:00,113.973,113.9485,113.9445,113.973,211
2026-05-25T23:49:00+00:00,113.948,113.9525,113.9455,113.954,68
2026-05-25T23:50:00+00:00,113.9535,113.9455,113.9445,113.954,149
2026-05-25T23:51:00+00:00,113.945,113.9495,113.9415,113.956,162
2026-05-25T23:52:00+00:00,113.9495,113.954,113.9435,113.9555,116
2026-05-25T23:53:00+00:00,113.9535,113.9445,113.9445,113.9535,110
2026-05-25T23:54:00+00:00,113.9455,113.9525,113.9445,113.954,84
2026-05-25T23:55:00+00:00,113.9515,113.9455,113.945,113.954,83
2026-05-25T23:56:00+00:00,113.945,113.9495,113.9445,113.954,106
2026-05-25T23:57:00+00:00,113.949,113.963,113.948,113.963,117
2026-05-25T23:58:00+00:00,113.964,113.9485,113.9475,113.9645,120
2026-05-25T23:59:00+00:00,113.948,113.9425,113.936,113.948,126
2026-05-26T00:00:00+00:00,113.942,113.922,113.9205,113.948,678
2026-05-26T00:01:00+00:00,113.9225,113.916,113.91,113.9405,558
2026-05-26T00:02:00+00:00,113.9165,113.9145,113.9095,113.925,415
2026-05-26T00:03:00+00:00,113.9135,113.911,113.9075,113.923,267
2026-05-26T00:04:00+00:00,113.9115,113.9185,113.905,113.9235,294
2026-05-26T00:05:00+00:00,113.918,113.925,113.9155,113.933,310
2026-05-26T00:06:00+00:00,113.924,113.927,113.924,113.939,321
2026-05-26T00:07:00+00:00,113.9265,113.934,113.9245,113.9355,235
2026-05-26T00:08:00+00:00,113.9335,113.946,113.932,113.9465,227
2026-05-26T00:09:00+00:00,113.9455,113.9305,113.9275,113.946,259
2026-05-26T00:10:00+00:00,113.9315,113.9455,113.931,113.952,288
2026-05-26T00:11:00+00:00,113.945,113.973,113.944,113.9745,232
2026-05-26T00:12:00+00:00,113.974,113.984,113.966,113.9895,263
2026-05-26T00:13:00+00:00,113.984,113.9725,113.969,113.984,157
2026-05-26T00:14:00+00:00,113.973,113.9565,113.956,113.9745,183
2026-05-26T00:15:00+00:00,113.957,113.953,113.947,113.9615,221
2026-05-26T00:16:00+00:00,113.9525,113.9395,113.934,113.955,237
2026-05-26T00:17:00+00:00,113.938,113.922,113.922,113.9455,241
2026-05-26T00:18:00+00:00,113.9225,113.912,113.911,113.927,299
2026-05-26T00:19:00+00:00,113.9105,113.909,113.8955,113.9155,329
2026-05-26T00:20:00+00:00,113.9095,113.926,113.9085,113.9295,504
2026-05-26T00:21:00+00:00,113.9255,113.9265,113.925,113.935,268
2026-05-26T00:22:00+00:00,113.9275,113.926,113.9135,113.928,257
2026-05-26T00:23:00+00:00,113.9255,113.9205,113.9145,113.9265,187
2026-05-26T00:24:00+00:00,113.921,113.923,113.92,113.9325,206
2026-05-26T00:25:00+00:00,113.924,113.9245,113.922,113.9315,223
2026-05-26T00:26:00+00:00,113.9245,113.9345,113.924,113.935,232
2026-05-26T00:27:00+00:00,113.935,113.948,113.93,113.95,221
2026-05-26T00:28:00+00:00,113.949,113.9605,113.949,113.9645,206
2026-05-26T00:29:00+00:00,113.96,113.954,113.952,113.961,239
2026-05-26T00:30:00+00:00,113.9535,113.954,113.9445,113.968,362
2026-05-26T00:31:00+00:00,113.9535,113.9605,113.9485,113.963,237
2026-05-26T00:32:00+00:00,113.96,113.9625,113.9555,113.9655,240
2026-05-26T00:33:00+00:00,113.9635,113.9455,113.941,113.964,219
2026-05-26T00:34:00+00:00,113.945,113.951,113.9365,113.954,230
2026-05-26T00:35:00+00:00,113.9505,113.9515,113.944,113.9575,142
2026-05-26T00:36:00+00:00,113.9525,113.9645,113.9525,113.9665,160
2026-05-26T00:37:00+00:00,113.9635,113.95,113.949,113.9655,177
2026-05-26T00:38:00+00:00,113.9505,113.941,113.941,113.9545,141
2026-05-26T00:39:00+00:00,113.94,113.939,113.9385,113.948,161
2026-05-26T00:40:00+00:00,113.9395,113.9255,113.924,113.941,158
2026-05-26T00:41:00+00:00,113.926,113.9325,113.926,113.9455,186
2026-05-26T00:42:00+00:00,113.9335,113.952,113.9335,113.954,193
2026-05-26T00:43:00+00:00,113.9525,113.944,113.941,113.9535,189
2026-05-26T00:44:00+00:00,113.9435,113.9385,113.937,113.947,123
2026-05-26T00:45:00+00:00,113.939,113.93,113.9225,113.939,181
2026-05-26T00:46:00+00:00,113.9295,113.9545,113.9255,113.9565,201
2026-05-26T00:47:00+00:00,113.955,113.947,113.943,113.9565,236
2026-05-26T00:48:00+00:00,113.9465,113.944,113.941,113.9505,237
2026-05-26T00:49:00+00:00,113.9435,113.934,113.928,113.946,279
2026-05-26T00:50:00+00:00,113.9335,113.946,113.933,113.948,196
2026-05-26T00:51:00+00:00,113.946,113.9395,113.939,113.9515,249
2026-05-26T00:52:00+00:00,113.941,113.938,113.9375,113.9455,165
2026-05-26T00:53:00+00:00,113.9385,113.943,113.937,113.9465,194
2026-05-26T00:54:00+00:00,113.944,113.943,113.933,113.9515,349
2026-05-26T00:55:00+00:00,113.9435,113.9695,113.9435,113.974,342
2026-05-26T00:56:00+00:00,113.97,113.973,113.962,113.975,188
2026-05-26T00:57:00+00:00,113.9735,113.973,113.961,113.9755,176
2026-05-26T00:58:00+00:00,113.9735,113.9865,113.973,113.9865,166
2026-05-26T00:59:00+00:00,113.987,113.988,113.9825,113.9925,198
2026-05-26T01:00:00+00:00,113.9875,113.986,113.9775,113.9975,373
2026-05-26T01:01:00+00:00,113.9855,114.0095,113.983,114.0105,285
2026-05-26T01:02:00+00:00,114.0105,113.992,113.992,114.0135,322
2026-05-26T01:03:00+00:00,113.9925,113.9825,113.981,113.9925,285
2026-05-26T01:04:00+00:00,113.9825,113.982,113.981,113.9985,299
2026-05-26T01:05:00+00:00,113.9825,113.9845,113.9805,113.9935,274
2026-05-26T01:06:00+00:00,113.9855,113.9655,113.9635,113.9855,394
2026-05-26T01:07:00+00:00,113.965,113.9265,113.925,113.965,414
2026-05-26T01:08:00+00:00,113.927,113.9415,113.925,113.944,275
2026-05-26T01:09:00+00:00,113.941,113.9345,113.9195,113.944,249
2026-05-26T01:10:00+00:00,113.934,113.926,113.9235,113.9395,258
2026-05-26T01:11:00+00:00,113.9255,113.923,113.9215,113.9315,200
2026-05-26T01:12:00+00:00,113.9235,113.94,113.9225,113.941,254
2026-05-26T01:13:00+00:00,113.9395,113.9425,113.939,113.9545,251
2026-05-26T01:14:00+00:00,113.942,113.957,113.9325,113.9605,321
2026-05-26T01:15:00+00:00,113.9565,113.9515,113.9495,113.9655,291
2026-05-26T01:16:00+00:00,113.952,113.948,113.948,113.9605,206
2026-05-26T01:17:00+00:00,113.9485,113.951,113.9485,113.958,187
2026-05-26T01:18:00+00:00,113.9505,113.9325,113.9325,113.951,256
2026-05-26T01:19:00+00:00,113.933,113.933,113.9215,113.9395,248
2026-05-26T01:20:00+00:00,113.9335,113.914,113.9085,113.9385,307
2026-05-26T01:21:00+00:00,113.914,113.9145,113.895,113.916,344
2026-05-26T01:22:00+00:00,113.915,113.9445,113.9145,113.946,322
2026-05-26T01:23:00+00:00,113.944,113.9525,113.936,113.9555,325
2026-05-26T01:24:00+00:00,113.952,113.9605,113.9465,113.9665,305
2026-05-26T01:25:00+00:00,113.961,113.9625,113.9475,113.9725,300
2026-05-26T01:26:00+00:00,113.963,113.9505,113.9475,113.963,259
2026-05-26T01:27:00+00:00,113.9495,113.956,113.9495,113.957,188
2026-05-26T01:28:00+00:00,113.9555,113.947,113.9465,113.96,176
2026-05-26T01:29:00+00:00,113.948,113.942,113.935,113.953,327
2026-05-26T01:30:00+00:00,113.9425,113.9425,113.9365,113.9535,413
2026-05-26T01:31:00+00:00,113.9435,113.9325,113.929,113.9525,452
2026-05-26T01:32:00+00:00,113.932,113.9245,113.9215,113.932,335
2026-05-26T01:33:00+00:00,113.924,113.9235,113.9205,113.931,249
2026-05-26T01:34:00+00:00,113.924,113.929,113.919,113.9355,338
2026-05-26T01:35:00+00:00,113.9285,113.9235,113.919,113.9295,165
2026-05-26T01:36:00+00:00,113.923,113.907,113.9055,113.9315,209
2026-05-26T01:37:00+00:00,113.9075,113.912,113.9035,113.9145,231
2026-05-26T01:38:00+00:00,113.9115,113.9065,113.898,113.918,230
2026-05-26T01:39:00+00:00,113.9075,113.8725,113.867,113.914,379
2026-05-26T01:40:00+00:00,113.8715,113.881,113.866,113.883,341
2026-05-26T01:41:00+00:00,113.8805,113.864,113.859,113.8805,305
2026-05-26T01:42:00+00:00,113.8635,113.8655,113.8545,113.868,329
2026-05-26T01:43:00+00:00,113.866,113.875,113.8615,113.8805,319
2026-05-26T01:44:00+00:00,113.8745,113.8765,113.8725,113.882,210
2026-05-26T01:45:00+00:00,113.877,113.8755,113.8725,113.886,329
2026-05-26T01:46:00+00:00,113.875,113.885,113.871,113.8855,234
2026-05-26T01:47:00+00:00,113.8855,113.889,113.884,113.897,300
2026-05-26T01:48:00+00:00,113.8895,113.8775,113.869,113.8895,239
2026-05-26T01:49:00+00:00,113.877,113.9005,113.877,113.9105,270
2026-05-26T01:50:00+00:00,113.901,113.9,113.8965,113.9055,233
2026-05-26T01:51:00+00:00,113.9005,113.8925,113.89,113.9045,139
2026-05-26T01:52:00+00:00,113.893,113.8835,113.881,113.895,211
2026-05-26T01:53:00+00:00,113.883,113.8925,113.883,113.894,299
2026-05-26T01:54:00+00:00,113.892,113.896,113.8885,113.899,271
2026-05-26T01:55:00+00:00,113.895,113.9145,113.894,113.9165,223
2026-05-26T01:56:00+00:00,113.914,113.924,113.91,113.9325,221
2026-05-26T01:57:00+00:00,113.9245,113.916,113.9105,113.9275,230
2026-05-26T01:58:00+00:00,113.9155,113.9185,113.914,113.9245,183
2026-05-26T01:59:00+00:00,113.918,113.905,113.9015,113.922,194
2026-05-26T02:00:00+00:00,113.9045,113.897,113.8835,113.9085,237
2026-05-26T02:01:00+00:00,113.8975,113.9,113.8975,113.9125,205
2026-05-26T02:02:00+00:00,113.9005,113.905,113.893,113.906,163
2026-05-26T02:03:00+00:00,113.905,113.9075,113.9015,113.9135,178
2026-05-26T02:04:00+00:00,113.907,113.893,113.8925,113.9115,142
2026-05-26T02:05:00+00:00,113.8935,113.9145,113.8915,113.915,286
2026-05-26T02:06:00+00:00,113.915,113.9235,113.907,113.928,252
2026-05-26T02:07:00+00:00,113.923,113.911,113.9105,113.9265,150
2026-05-26T02:08:00+00:00,113.911,113.9095,113.9055,113.912,69
2026-05-26T02:09:00+00:00,113.9095,113.9075,113.907,113.919,138
2026-05-26T02:10:00+00:00,113.908,113.9025,113.9005,113.91,188
2026-05-26T02:11:00+00:00,113.9015,113.899,113.8975,113.9045,110
2026-05-26T02:12:00+00:00,113.8985,113.8995,113.895,113.902,157
2026-05-26T02:13:00+00:00,113.9005,113.8835,113.883,113.9005,168
2026-05-26T02:14:00+00:00,113.8845,113.876,113.874,113.8865,146
2026-05-26T02:15:00+00:00,113.8765,113.893,113.8755,113.894,163
2026-05-26T02:16:00+00:00,113.8925,113.898,113.8915,113.8995,92
2026-05-26T02:17:00+00:00,113.898,113.895,113.8915,113.8995,138
2026-05-26T02:18:00+00:00,113.895,113.8875,113.882,113.895,180
2026-05-26T02:19:00+00:00,113.888,113.894,113.885,113.896,108
2026-05-26T02:20:00+00:00,113.8945,113.8835,113.882,113.8945,154
2026-05-26T02:21:00+00:00,113.884,113.891,113.88,113.8915,168
2026-05-26T02:22:00+00:00,113.8905,113.8825,113.881,113.8975,187
2026-05-26T02:23:00+00:00,113.8825,113.88,113.8775,113.8895,139
2026-05-26T02:24:00+00:00,113.8795,113.8735,113.8725,113.881,134
2026-05-26T02:25:00+00:00,113.874,113.882,113.8695,113.89,138
2026-05-26T02:26:00+00:00,113.8815,113.8935,113.8815,113.8945,118
2026-05-26T02:27:00+00:00,113.894,113.907,113.893,113.9095,202
2026-05-26T02:28:00+00:00,113.9075,113.9055,113.903,113.91,142
2026-05-26T02:29:00+00:00,113.9045,113.9015,113.8985,113.9095,219
2026-05-26T02:30:00+00:00,113.902,113.9115,113.9015,113.9125,147
2026-05-26T02:31:00+00:00,113.9125,113.908,113.9035,113.914,144
2026-05-26T02:32:00+00:00,113.9075,113.903,113.9005,113.908,195
2026-05-26T02:33:00+00:00,113.903,113.8955,113.895,113.903,151
2026-05-26T02:34:00+00:00,113.895,113.9005,113.8945,113.9025,68
2026-05-26T02:35:00+00:00,113.9005,113.8945,113.8915,113.9045,179
2026-05-26T02:36:00+00:00,113.895,113.891,113.886,113.8965,112
2026-05-26T02:37:00+00:00,113.8905,113.8905,113.885,113.8985,261
2026-05-26T02:38:00+00:00,113.891,113.8985,113.891,113.901,157
2026-05-26T02:39:00+00:00,113.8995,113.891,113.888,113.8995,147
2026-05-26T02:40:00+00:00,113.89,113.884,113.883,113.8945,397
2026-05-26T02:41:00+00:00,113.8835,113.87,113.8675,113.8835,370
2026-05-26T02:42:00+00:00,113.8695,113.881,113.8675,113.882,230
2026-05-26T02:43:00+00:00,113.8815,113.8675,113.865,113.882,245
2026-05-26T02:44:00+00:00,113.868,113.8665,113.8635,113.868,150
2026-05-26T02:45:00+00:00,113.8665,113.87,113.8635,113.873,142
2026-05-26T02:46:00+00:00,113.8705,113.889,113.87,113.8915,249
2026-05-26T02:47:00+00:00,113.8895,113.893,113.887,113.899,143
2026-05-26T02:48:00+00:00,113.8925,113.8885,113.8885,113.8945,214
2026-05-26T02:49:00+00:00,113.889,113.89,113.8855,113.893,218
2026-05-26T02:50:00+00:00,113.8905,113.893,113.879,113.893,117
2026-05-26T02:51:00+00:00,113.894,113.8925,113.891,113.8985,131
2026-05-26T02:52:00+00:00,113.893,113.875,113.871,113.8965,157
2026-05-26T02:53:00+00:00,113.8755,113.883,113.8735,113.885,129
2026-05-26T02:54:00+00:00,113.8835,113.879,113.874,113.8835,151
2026-05-26T02:55:00+00:00,113.8795,113.9125,113.8795,113.9135,135
2026-05-26T02:56:00+00:00,113.912,113.906,113.906,113.913,146
2026-05-26T02:57:00+00:00,113.9065,113.9,113.8985,113.9085,124
2026-05-26T02:58:00+00:00,113.8995,113.908,113.8995,113.908,72
2026-05-26T02:59:00+00:00,113.9075,113.898,113.898,113.9095,219
2026-05-26T03:00:00+00:00,113.8985,113.9005,113.8915,113.902,120
2026-05-26T03:01:00+00:00,113.9,113.9145,113.896,113.9185,220
2026-05-26T03:02:00+00:00,113.9145,113.9115,113.9095,113.917,136
2026-05-26T03:03:00+00:00,113.9115,113.9115,113.9075,113.916,110
2026-05-26T03:04:00+00:00,113.911,113.906,113.905,113.911,65
2026-05-26T03:05:00+00:00,113.9055,113.9215,113.9025,113.9215,151
2026-05-26T03:06:00+00:00,113.921,113.9285,113.92,113.9305,191
2026-05-26T03:07:00+00:00,113.93,113.938,113.928,113.9385,129
2026-05-26T03:08:00+00:00,113.9385,113.942,113.9365,113.944,160
2026-05-26T03:09:00+00:00,113.942,113.941,113.938,113.957,161
2026-05-26T03:10:00+00:00,113.9405,113.9425,113.936,113.9435,82
2026-05-26T03:11:00+00:00,113.9425,113.938,113.935,113.947,126
2026-05-26T03:12:00+00:00,113.9375,113.9385,113.9325,113.9415,98
2026-05-26T03:13:00+00:00,113.9395,113.9325,113.9315,113.94,107
2026-05-26T03:14:00+00:00,113.932,113.9275,113.926,113.933,94
2026-05-26T03:15:00+00:00,113.927,113.93,113.9175,113.9315,191
2026-05-26T03:16:00+00:00,113.9295,113.9345,113.927,113.9345,149
2026-05-26T03:17:00+00:00,113.935,113.935,113.93,113.9365,127
2026-05-26T03:18:00+00:00,113.934,113.9445,113.93,113.9455,178
2026-05-26T03:19:00+00:00,113.9435,113.943,113.941,113.9515,141
2026-05-26T03:20:00+00:00,113.9415,113.952,113.94,113.953,148
2026-05-26T03:21:00+00:00,113.9525,113.959,113.9445,113.9615,175
2026-05-26T03:22:00+00:00,113.959,113.959,113.9575,113.963,90
2026-05-26T03:23:00+00:00,113.958,113.9605,113.9525,113.963,118
2026-05-26T03:24:00+00:00,113.961,113.9615,113.956,113.963,109
2026-05-26T03:25:00+00:00,113.962,113.9765,113.9605,113.9825,198
2026-05-26T03:26:00+00:00,113.9765,113.966,113.965,113.979,109
2026-05-26T03:27:00+00:00,113.9655,113.9565,113.9565,113.9685,161
2026-05-26T03:28:00+00:00,113.957,113.9595,113.956,113.9615,70
2026-05-26T03:29:00+00:00,113.9595,113.951,113.9485,113.961,109
2026-05-26T03:30:00+00:00,113.9515,113.9545,113.951,113.962,155
2026-05-26T03:31:00+00:00,113.955,113.9555,113.9505,113.9575,107
2026-05-26T03:32:00+00:00,113.955,113.952,113.9515,113.962,150
2026-05-26T03:33:00+00:00,113.9525,113.9515,113.9505,113.954,74
2026-05-26T03:34:00+00:00,113.951,113.9455,113.945,113.9525,110
2026-05-26T03:35:00+00:00,113.945,113.948,113.945,113.949,89
2026-05-26T03:36:00+00:00,113.9475,113.9515,113.944,113.952,187
2026-05-26T03:37:00+00:00,113.951,113.9595,113.9505,113.9605,107
2026-05-26T03:38:00+00:00,113.959,113.9555,113.9495,113.96,231
2026-05-26T03:39:00+00:00,113.955,113.942,113.941,113.9555,62
2026-05-26T03:40:00+00:00,113.941,113.9465,113.94,113.9475,57
2026-05-26T03:41:00+00:00,113.946,113.946,113.9445,113.9535,69
2026-05-26T03:42:00+00:00,113.946,113.949,113.9425,113.9505,122
2026-05-26T03:43:00+00:00,113.9485,113.956,113.9465,113.958,166
2026-05-26T03:44:00+00:00,113.9565,113.972,113.955,113.9775,140
2026-05-26T03:45:00+00:00,113.971,113.9555,113.955,113.971,156
2026-05-26T03:46:00+00:00,113.956,113.963,113.95,113.9645,207
2026-05-26T03:47:00+00:00,113.9635,113.9595,113.9585,113.9675,90
2026-05-26T03:48:00+00:00,113.9595,113.955,113.954,113.961,28
2026-05-26T03:49:00+00:00,113.955,113.9615,113.9545,113.9615,37
2026-05-26T03:50:00+00:00,113.9615,113.9615,113.96,113.965,73
2026-05-26T03:51:00+00:00,113.962,113.959,113.9555,113.9635,113
2026-05-26T03:52:00+00:00,113.9585,113.972,113.955,113.973,135
2026-05-26T03:53:00+00:00,113.9725,113.967,113.965,113.973,109
2026-05-26T03:54:00+00:00,113.966,113.968,113.9655,113.9705,69
2026-05-26T03:55:00+00:00,113.9685,113.9585,113.9565,113.9685,85
2026-05-26T03:56:00+00:00,113.959,113.971,113.9585,113.972,103
2026-05-26T03:57:00+00:00,113.9715,113.966,113.9615,113.972,106
2026-05-26T03:58:00+00:00,113.966,113.975,113.964,113.9765,59
2026-05-26T03:59:00+00:00,113.975,113.9765,113.9725,113.9805,79
2026-05-26T04:00:00+00:00,113.976,113.9755,113.9685,113.978,103
2026-05-26T04:01:00+00:00,113.9755,113.977,113.972,113.978,65
2026-05-26T04:02:00+00:00,113.977,113.9845,113.977,113.9865,71
2026-05-26T04:03:00+00:00,113.9835,113.944,113.9405,113.984,176
2026-05-26T04:04:00+00:00,113.9445,113.931,113.9225,113.9465,98
2026-05-26T04:05:00+00:00,113.931,113.929,113.9215,113.939,103
2026-05-26T04:06:00+00:00,113.9285,113.9315,113.9275,113.932,57
2026-05-26T04:07:00+00:00,113.9315,113.946,113.931,113.946,115
2026-05-26T04:08:00+00:00,113.9465,113.9465,113.944,113.948,48
2026-05-26T04:09:00+00:00,113.947,113.948,113.947,113.954,86
2026-05-26T04:10:00+00:00,113.9485,113.9505,113.948,113.9555,81
2026-05-26T04:11:00+00:00,113.95,113.9595,113.95,113.961,87
2026-05-26T04:12:00+00:00,113.96,113.9565,113.955,113.963,107
2026-05-26T04:13:00+00:00,113.9565,113.966,113.9565,113.967,71
2026-05-26T04:14:00+00:00,113.965,113.9805,113.964,113.985,145
2026-05-26T04:15:00+00:00,113.98,113.976,113.972,113.98,123
2026-05-26T04:16:00+00:00,113.9755,113.9725,113.9655,113.9825,134
2026-05-26T04:17:00+00:00,113.973,113.974,113.9715,113.9795,116
2026-05-26T04:18:00+00:00,113.9735,113.9725,113.968,113.974,127
2026-05-26T04:19:00+00:00,113.973,113.971,113.9695,113.9735,69
2026-05-26T04:20:00+00:00,113.9715,113.971,113.9695,113.973,46
2026-05-26T04:21:00+00:00,113.9705,113.9765,113.969,113.977,95
2026-05-26T04:22:00+00:00,113.9765,113.97,113.966,113.977,98
2026-05-26T04:23:00+00:00,113.97,113.9665,113.9645,113.97,68
2026-05-26T04:24:00+00:00,113.9665,113.9645,113.964,113.9685,59
2026-05-26T04:25:00+00:00,113.965,113.9625,113.962,113.969,116
2026-05-26T04:26:00+00:00,113.9625,113.9635,113.962,113.9675,68
2026-05-26T04:27:00+00:00,113.963,113.9595,113.959,113.9645,35
2026-05-26T04:28:00+00:00,113.96,113.952,113.9495,113.96,96
2026-05-26T04:29:00+00:00,113.9515,113.9345,113.9335,113.9515,109
2026-05-26T04:30:00+00:00,113.934,113.926,113.9235,113.937,101
2026-05-26T04:31:00+00:00,113.9255,113.926,113.9235,113.931,94
2026-05-26T04:32:00+00:00,113.9255,113.9315,113.917,113.9315,144
2026-05-26T04:33:00+00:00,113.9315,113.9155,113.915,113.9335,120
2026-05-26T04:34:00+00:00,113.916,113.916,113.9145,113.928,119
2026-05-26T04:35:00+00:00,113.916,113.9125,113.9115,113.921,109
2026-05-26T04:36:00+00:00,113.9125,113.8995,113.899,113.916,109
2026-05-26T04:37:00+00:00,113.899,113.892,113.89,113.8995,115
2026-05-26T04:38:00+00:00,113.8915,113.8785,113.8755,113.8915,124
2026-05-26T04:39:00+00:00,113.8785,113.873,113.87,113.882,123
2026-05-26T04:40:00+00:00,113.8735,113.8755,113.864,113.876,153
2026-05-26T04:41:00+00:00,113.875,113.872,113.872,113.879,56
2026-05-26T04:42:00+00:00,113.8715,113.85,113.847,113.8715,195
2026-05-26T04:43:00+00:00,113.8495,113.85,113.8475,113.8545,145
2026-05-26T04:44:00+00:00,113.85,113.861,113.848,113.866,139
2026-05-26T04:45:00+00:00,113.8615,113.866,113.8545,113.8715,101
2026-05-26T04:46:00+00:00,113.8655,113.875,113.86,113.875,142
2026-05-26T04:47:00+00:00,113.8755,113.867,113.8645,113.8755,186
2026-05-26T04:48:00+00:00,113.8665,113.869,113.8655,113.8755,128
2026-05-26T04:49:00+00:00,113.869,113.875,113.867,113.876,87
2026-05-26T04:50:00+00:00,113.876,113.878,113.872,113.8795,118
2026-05-26T04:51:00+00:00,113.8785,113.873,113.8685,113.8805,140
2026-05-26T04:52:00+00:00,113.8735,113.8625,113.861,113.8755,120
2026-05-26T04:53:00+00:00,113.8625,113.865,113.8605,113.8685,91
2026-05-26T04:54:00+00:00,113.864,113.868,113.8635,113.8715,89
2026-05-26T04:55:00+00:00,113.8675,113.8535,113.845,113.8675,172
2026-05-26T04:56:00+00:00,113.8535,113.8545,113.8535,113.8625,80
2026-05-26T04:57:00+00:00,113.854,113.8725,113.854,113.875,124
2026-05-26T04:58:00+00:00,113.872,113.879,113.865,113.882,183
2026-05-26T04:59:00+00:00,113.8785,113.8615,113.861,113.88,301
2026-05-26T05:00:00+00:00,113.862,113.8445,113.8405,113.871,406
2026-05-26T05:01:00+00:00,113.844,113.819,113.811,113.847,283
2026-05-26T05:02:00+00:00,113.8185,113.8115,113.806,113.821,206
2026-05-26T05:03:00+00:00,113.811,113.8055,113.801,113.816,159
2026-05-26T05:04:00+00:00,113.805,113.782,113.7815,113.805,180
2026-05-26T05:05:00+00:00,113.7825,113.7885,113.7815,113.791,171
2026-05-26T05:06:00+00:00,113.788,113.7965,113.7825,113.7965,190
2026-05-26T05:07:00+00:00,113.796,113.8165,113.796,113.8165,149
2026-05-26T05:08:00+00:00,113.817,113.8165,113.8165,113.831,166
2026-05-26T05:09:00+00:00,113.816,113.815,113.8145,113.827,206
2026-05-26T05:10:00+00:00,113.8145,113.812,113.8075,113.822,153
2026-05-26T05:11:00+00:00,113.812,113.807,113.8065,113.813,95
2026-05-26T05:12:00+00:00,113.808,113.8185,113.8065,113.8185,169
2026-05-26T05:13:00+00:00,113.819,113.8255,113.8165,113.8295,139
2026-05-26T05:14:00+00:00,113.825,113.8275,113.8225,113.83,116
2026-05-26T05:15:00+00:00,113.8265,113.835,113.824,113.8375,189
2026-05-26T05:16:00+00:00,113.8355,113.846,113.8355,113.8465,135
2026-05-26T05:17:00+00:00,113.8465,113.8465,113.837,113.8495,127
2026-05-26T05:18:00+00:00,113.847,113.839,113.838,113.854,123
2026-05-26T05:19:00+00:00,113.8385,113.8295,113.8275,113.843,165
2026-05-26T05:20:00+00:00,113.8295,113.831,113.828,113.837,132
2026-05-26T05:21:00+00:00,113.8305,113.835,113.83,113.8385,124
2026-05-26T05:22:00+00:00,113.8345,113.838,113.832,113.838,84
2026-05-26T05:23:00+00:00,113.838,113.832,113.8295,113.8405,88
2026-05-26T05:24:00+00:00,113.8325,113.8355,113.8305,113.8375,67
2026-05-26T05:25:00+00:00,113.8355,113.8385,113.833,113.8385,84
2026-05-26T05:26:00+00:00,113.838,113.847,113.837,113.849,100
2026-05-26T05:27:00+00:00,113.8465,113.84,113.839,113.85,167
2026-05-26T05:28:00+00:00,113.839,113.8465,113.836,113.849,313
2026-05-26T05:29:00+00:00,113.846,113.8505,113.844,113.8515,236
2026-05-26T05:30:00+00:00,113.851,113.8675,113.8495,113.8725,528
2026-05-26T05:31:00+00:00,113.867,113.859,113.8565,113.873,338
2026-05-26T05:32:00+00:00,113.859,113.858,113.8575,113.866,299
2026-05-26T05:33:00+00:00,113.8585,113.8585,113.8575,113.862,177
2026-05-26T05:34:00+00:00,113.858,113.8625,113.8565,113.865,198
2026-05-26T05:35:00+00:00,113.863,113.8555,113.8535,113.864,233
2026-05-26T05:36:00+00:00,113.857,113.855,113.848,113.858,141
2026-05-26T05:37:00+00:00,113.855,113.8535,113.852,113.859,265
2026-05-26T05:38:00+00:00,113.853,113.852,113.842,113.8545,141
2026-05-26T05:39:00+00:00,113.8525,113.8575,113.8495,113.8605,221
2026-05-26T05:40:00+00:00,113.858,113.852,113.85,113.8625,160
2026-05-26T05:41:00+00:00,113.852,113.839,113.833,113.854,208
2026-05-26T05:42:00+00:00,113.8385,113.84,113.837,113.8415,154
2026-05-26T05:43:00+00:00,113.84,113.8535,113.839,113.856,136
2026-05-26T05:44:00+00:00,113.853,113.852,113.849,113.8555,91
2026-05-26T05:45:00+00:00,113.8525,113.8495,113.847,113.8545,147
2026-05-26T05:46:00+00:00,113.8505,113.843,113.842,113.857,138
2026-05-26T05:47:00+00:00,113.842,113.837,113.834,113.842,151
2026-05-26T05:48:00+00:00,113.8375,113.855,113.8375,113.856,182
2026-05-26T05:49:00+00:00,113.8555,113.8515,113.849,113.8585,213
2026-05-26T05:50:00+00:00,113.85,113.8555,113.848,113.8565,181
2026-05-26T05:51:00+00:00,113.855,113.847,113.8455,113.8555,123
2026-05-26T05:52:00+00:00,113.846,113.8455,113.842,113.849,106
2026-05-26T05:53:00+00:00,113.845,113.841,113.839,113.848,96
2026-05-26T05:54:00+00:00,113.84,113.852,113.8395,113.853,128
2026-05-26T05:55:00+00:00,113.8515,113.843,113.8415,113.855,201
2026-05-26T05:56:00+00:00,113.842,113.8515,113.8405,113.852,126
2026-05-26T05:57:00+00:00,113.852,113.858,113.849,113.8595,137
2026-05-26T05:58:00+00:00,113.8575,113.8615,113.856,113.865,160
2026-05-26T05:59:00+00:00,113.861,113.8565,113.854,113.864,215
2026-05-26T06:00:00+00:00,113.857,113.862,113.842,113.8695,421
2026-05-26T06:01:00+00:00,113.8615,113.862,113.856,113.865,329
2026-05-26T06:02:00+00:00,113.8615,113.8835,113.859,113.8835,430
2026-05-26T06:03:00+00:00,113.884,113.8845,113.883,113.899,278
2026-05-26T06:04:00+00:00,113.884,113.882,113.877,113.8865,310
2026-05-26T06:05:00+00:00,113.8825,113.8985,113.882,113.9005,240
2026-05-26T06:06:00+00:00,113.8985,113.887,113.886,113.9005,173
2026-05-26T06:07:00+00:00,113.888,113.9005,113.8845,113.901,161
2026-05-26T06:08:00+00:00,113.9,113.8845,113.883,113.9,258
2026-05-26T06:09:00+00:00,113.884,113.883,113.8805,113.8895,219
2026-05-26T06:10:00+00:00,113.8835,113.906,113.8825,113.907,168
2026-05-26T06:11:00+00:00,113.9065,113.915,113.906,113.92,180
2026-05-26T06:12:00+00:00,113.9145,113.8995,113.899,113.9145,117
2026-05-26T06:13:00+00:00,113.899,113.9105,113.899,113.9105,141
2026-05-26T06:14:00+00:00,113.91,113.9095,113.9015,113.91,125
2026-05-26T06:15:00+00:00,113.909,113.9095,113.908,113.921,235
2026-05-26T06:16:00+00:00,113.909,113.916,113.9085,113.918,198
2026-05-26T06:17:00+00:00,113.917,113.908,113.907,113.9175,112
2026-05-26T06:18:00+00:00,113.9075,113.909,113.9035,113.9145,194
2026-05-26T06:19:00+00:00,113.909,113.9135,113.9035,113.9155,167
2026-05-26T06:20:00+00:00,113.914,113.9155,113.908,113.9175,212
2026-05-26T06:21:00+00:00,113.9155,113.921,113.913,113.922,119
2026-05-26T06:22:00+00:00,113.9205,113.921,113.916,113.924,141
2026-05-26T06:23:00+00:00,113.9205,113.9195,113.915,113.9295,159
2026-05-26T06:24:00+00:00,113.92,113.956,113.919,113.9635,244
2026-05-26T06:25:00+00:00,113.9555,113.9835,113.9555,113.992,372
2026-05-26T06:26:00+00:00,113.984,113.9995,113.9815,114.009,354
2026-05-26T06:27:00+00:00,114.0,114.0045,113.985,114.007,236
2026-05-26T06:28:00+00:00,114.004,113.9635,113.9535,114.013,389
2026-05-26T06:29:00+00:00,113.963,113.9675,113.95,113.98,564
2026-05-26T06:30:00+00:00,113.968,113.9755,113.9605,113.979,543
2026-05-26T06:31:00+00:00,113.975,113.9695,113.966,113.9765,363
2026-05-26T06:32:00+00:00,113.969,113.961,113.9515,113.974,372
2026-05-26T06:33:00+00:00,113.9605,113.9955,113.9605,113.997,347
2026-05-26T06:34:00+00:00,113.9945,113.9795,113.974,113.996,360
2026-05-26T06:35:00+00:00,113.98,113.9885,113.98,113.9955,369
2026-05-26T06:36:00+00:00,113.989,114.0015,113.9865,114.004,233
2026-05-26T06:37:00+00:00,114.002,114.008,113.998,114.012,202
2026-05-26T06:38:00+00:00,114.0085,114.0135,113.9995,114.0145,263
2026-05-26T06:39:00+00:00,114.013,114.0215,114.013,114.029,206
2026-05-26T06:40:00+00:00,114.022,114.0275,114.0155,114.029,147
2026-05-26T06:41:00+00:00,114.028,114.0225,114.02,114.031,99
2026-05-26T06:42:00+00:00,114.0225,114.0185,114.015,114.0275,188
2026-05-26T06:43:00+00:00,114.018,114.0225,114.0115,114.024,204
2026-05-26T06:44:00+00:00,114.0235,114.039,114.021,114.041,217
2026-05-26T06:45:00+00:00,114.0395,114.039,114.038,114.0485,259
2026-05-26T06:46:00+00:00,114.0395,114.0295,114.0285,114.04,271
2026-05-26T06:47:00+00:00,114.0295,114.018,114.0165,114.0295,186
2026-05-26T06:48:00+00:00,114.0185,114.015,114.0065,114.0205,318
2026-05-26T06:49:00+00:00,114.015,113.995,113.9935,114.016,255
2026-05-26T06:50:00+00:00,113.9945,114.0015,113.9945,114.0085,248
2026-05-26T06:51:00+00:00,114.002,114.0145,114.001,114.0145,164
2026-05-26T06:52:00+00:00,114.014,114.0185,114.013,114.025,191
2026-05-26T06:53:00+00:00,114.0175,114.017,114.0155,114.019,73
2026-05-26T06:54:00+00:00,114.018,114.016,114.013,114.0235,226
2026-05-26T06:55:00+00:00,114.017,114.0095,114.008,114.023,255
2026-05-26T06:56:00+00:00,114.011,114.0375,114.0095,114.0375,284
2026-05-26T06:57:00+00:00,114.038,114.0295,114.0295,114.046,240
2026-05-26T06:58:00+00:00,114.029,114.014,114.013,114.0325,149
2026-05-26T06:59:00+00:00,114.0135,113.9965,113.9915,114.0135,250
2026-05-26T07:00:00+00:00,113.997,114.004,113.9935,114.008,393
2026-05-26T07:01:00+00:00,114.0035,113.998,113.992,114.0065,247
2026-05-26T07:02:00+00:00,113.9995,114.001,113.9945,114.01,266
2026-05-26T07:03:00+00:00,114.0015,113.9555,113.9545,114.004,436
2026-05-26T07:04:00+00:00,113.956,113.9305,113.9265,113.9595,615
2026-05-26T07:05:00+00:00,113.931,113.911,113.906,113.9415,634
2026-05-26T07:06:00+00:00,113.9105,113.9675,113.895,113.975,704
2026-05-26T07:07:00+00:00,113.968,113.999,113.967,114.01,466
2026-05-26T07:08:00+00:00,113.9995,113.965,113.959,114.0085,388
2026-05-26T07:09:00+00:00,113.964,113.95,113.949,113.969,363
2026-05-26T07:10:00+00:00,113.9505,113.9955,113.9455,113.997,333
2026-05-26T07:11:00+00:00,113.995,113.988,113.987,114.0045,270
2026-05-26T07:12:00+00:00,113.9875,113.999,113.9875,114.0125,286
2026-05-26T07:13:00+00:00,113.9995,113.9985,113.981,114.002,340
2026-05-26T07:14:00+00:00,113.998,114.004,113.997,114.014,337
2026-05-26T07:15:00+00:00,114.0045,113.9915,113.9885,114.0055,314
2026-05-26T07:16:00+00:00,113.991,113.987,113.984,113.995,264
2026-05-26T07:17:00+00:00,113.9875,113.977,113.977,113.99,222
2026-05-26T07:18:00+00:00,113.9775,113.982,113.9745,113.9885,265
2026-05-26T07:19:00+00:00,113.982,113.9725,113.9685,113.986,300
2026-05-26T07:20:00+00:00,113.973,113.983,113.973,113.988,253
2026-05-26T07:21:00+00:00,113.9835,113.9805,113.979,113.9945,231
2026-05-26T07:22:00+00:00,113.98,113.9885,113.973,113.9895,188
2026-05-26T07:23:00+00:00,113.989,113.987,113.987,113.999,178
2026-05-26T07:24:00+00:00,113.9875,113.987,113.9835,113.9975,209
2026-05-26T07:25:00+00:00,113.9865,113.977,113.963,113.9915,292
2026-05-26T07:26:00+00:00,113.9775,113.9865,113.9715,113.995,159
2026-05-26T07:27:00+00:00,113.987,113.972,113.9665,113.9895,186
2026-05-26T07:28:00+00:00,113.9725,113.97,113.965,113.976,211
2026-05-26T07:29:00+00:00,113.97,113.9625,113.9485,113.97,265
2026-05-26T07:30:00+00:00,113.964,113.9565,113.935,113.9645,351
2026-05-26T07:31:00+00:00,113.956,114.024,113.9535,114.0325,472
2026-05-26T07:32:00+00:00,114.023,113.9665,113.966,114.0435,995
2026-05-26T07:33:00+00:00,113.967,113.9565,113.9255,113.977,591
2026-05-26T07:34:00+00:00,113.957,113.951,113.944,113.962,313
2026-05-26T07:35:00+00:00,113.951,113.953,113.931,113.957,387
2026-05-26T07:36:00+00:00,113.954,113.958,113.9435,113.9585,341
2026-05-26T07:37:00+00:00,113.9585,113.9455,113.9445,113.9625,293
2026-05-26T07:38:00+00:00,113.9455,113.946,113.9405,113.9605,225
2026-05-26T07:39:00+00:00,113.9465,113.951,113.94,113.9615,238
2026-05-26T07:40:00+00:00,113.9505,113.963,113.9425,113.964,262
2026-05-26T07:41:00+00:00,113.9635,113.954,113.947,113.966,238
2026-05-26T07:42:00+00:00,113.9535,113.9555,113.952,113.9635,182
2026-05-26T07:43:00+00:00,113.956,113.9565,113.9555,113.967,167
2026-05-26T07:44:00+00:00,113.957,113.9685,113.9495,113.9685,163
2026-05-26T07:45:00+00:00,113.969,113.949,113.947,113.971,173
2026-05-26T07:46:00+00:00,113.9495,113.962,113.941,113.9635,201
2026-05-26T07:47:00+00:00,113.962,113.967,113.96,113.973,193
2026-05-26T07:48:00+00:00,113.9675,114.005,113.9675,114.006,223
2026-05-26T07:49:00+00:00,114.004,114.0225,113.9975,114.0245,290
2026-05-26T07:50:00+00:00,114.023,114.0335,114.017,114.036,283
2026-05-26T07:51:00+00:00,114.034,114.0165,114.016,114.037,282
2026-05-26T07:52:00+00:00,114.016,114.011,114.01,114.0195,197
2026-05-26T07:53:00+00:00,114.0125,114.01,114.002,114.0125,242
2026-05-26T07:54:00+00:00,114.0095,113.9955,113.9955,114.0105,254
2026-05-26T07:55:00+00:00,113.996,113.9945,113.994,114.012,284
2026-05-26T07:56:00+00:00,113.995,114.0,113.9895,114.0,200
2026-05-26T07:57:00+00:00,114.0005,114.0305,114.0,114.0335,234
2026-05-26T07:58:00+00:00,114.0305,114.04,114.028,114.04,242
2026-05-26T07:59:00+00:00,114.04,114.0465,114.0395,114.0495,269
2026-05-26T08:00:00+00:00,114.047,114.0085,114.008,114.064,630
2026-05-26T08:01:00+00:00,114.009,114.0245,114.0015,114.0285,342
2026-05-26T08:02:00+00:00,114.024,114.037,114.023,114.041,226
2026-05-26T08:03:00+00:00,114.0375,114.045,114.03,114.0465,346
2026-05-26T08:04:00+00:00,114.0465,114.0645,114.046,114.066,244
2026-05-26T08:05:00+00:00,114.0645,114.08,114.0625,114.0805,207
2026-05-26T08:06:00+00:00,114.081,114.069,114.065,114.082,203
2026-05-26T08:07:00+00:00,114.069,114.069,114.0645,114.075,162
2026-05-26T08:08:00+00:00,114.07,114.059,114.0585,114.0715,158
2026-05-26T08:09:00+00:00,114.0595,114.064,114.0595,114.071,256
2026-05-26T08:10:00+00:00,114.0635,114.086,114.06,114.0875,301
2026-05-26T08:11:00+00:00,114.0855,114.0945,114.085,114.102,292
2026-05-26T08:12:00+00:00,114.095,114.093,114.083,114.0995,264
2026-05-26T08:13:00+00:00,114.0925,114.0635,114.0635,114.096,239
2026-05-26T08:14:00+00:00,114.064,114.0675,114.0565,114.0695,210
2026-05-26T08:15:00+00:00,114.067,114.07,114.059,114.0725,197
2026-05-26T08:16:00+00:00,114.0695,114.0615,114.061,114.07,161
2026-05-26T08:17:00+00:00,114.061,114.077,114.0595,114.078,197
2026-05-26T08:18:00+00:00,114.0775,114.0855,114.076,114.091,183
2026-05-26T08:19:00+00:00,114.085,114.0885,114.0815,114.097,284
2026-05-26T08:20:00+00:00,114.089,114.0865,114.083,114.0915,262
2026-05-26T08:21:00+00:00,114.086,114.1,114.0835,114.1035,242
2026-05-26T08:22:00+00:00,114.1,114.101,114.093,114.1035,206
2026-05-26T08:23:00+00:00,114.1015,114.1095,114.101,114.112,175
2026-05-26T08:24:00+00:00,114.109,114.119,114.109,114.119,169
2026-05-26T08:25:00+00:00,114.119,114.113,114.107,114.1195,215
2026-05-26T08:26:00+00:00,114.1125,114.103,114.099,114.113,166
2026-05-26T08:27:00+00:00,114.1035,114.0925,114.086,114.104,200
2026-05-26T08:28:00+00:00,114.092,114.0915,114.0845,114.0955,177
2026-05-26T08:29:00+00:00,114.09,114.097,114.078,114.102,287
2026-05-26T08:30:00+00:00,114.098,114.0965,114.0935,114.1025,321
2026-05-26T08:31:00+00:00,114.096,114.106,114.096,114.114,281
2026-05-26T08:32:00+00:00,114.1065,114.0915,114.0895,114.1085,219
2026-05-26T08:33:00+00:00,114.092,114.0915,114.09,114.1035,242
2026-05-26T08:34:00+00:00,114.092,114.088,114.072,114.095,229
2026-05-26T08:35:00+00:00,114.0875,114.0805,114.08,114.0945,204
2026-05-26T08:36:00+00:00,114.08,114.083,114.08,114.0935,288
2026-05-26T08:37:00+00:00,114.0825,114.0955,114.078,114.0965,235
2026-05-26T08:38:00+00:00,114.096,114.087,114.086,114.098,115
2026-05-26T08:39:00+00:00,114.087,114.079,114.079,114.0955,184
2026-05-26T08:40:00+00:00,114.0795,114.0805,114.072,114.0815,220
2026-05-26T08:41:00+00:00,114.081,114.0805,114.0765,114.092,207
2026-05-26T08:42:00+00:00,114.081,114.0745,114.071,114.0835,220
2026-05-26T08:43:00+00:00,114.074,114.0545,114.0535,114.08,216
2026-05-26T08:44:00+00:00,114.055,114.0495,114.048,114.061,311
2026-05-26T08:45:00+00:00,114.05,114.0405,114.0385,114.053,238
2026-05-26T08:46:00+00:00,114.041,114.0485,114.039,114.0515,192
2026-05-26T08:47:00+00:00,114.048,114.0455,114.0425,114.0535,130
2026-05-26T08:48:00+00:00,114.046,114.043,114.0295,114.046,210
2026-05-26T08:49:00+00:00,114.043,114.036,114.031,114.044,179
2026-05-26T08:50:00+00:00,114.035,114.0305,114.0145,114.0365,185
2026-05-26T08:51:00+00:00,114.031,114.03,114.027,114.0355,143
2026-05-26T08:52:00+00:00,114.031,114.0295,114.0285,114.042,155
2026-05-26T08:53:00+00:00,114.03,114.0535,114.028,114.0535,170
2026-05-26T08:54:00+00:00,114.054,114.0665,114.051,114.0665,153
2026-05-26T08:55:00+00:00,114.066,114.0595,114.058,114.069,165
2026-05-26T08:56:00+00:00,114.06,114.055,114.0545,114.0625,176
2026-05-26T08:57:00+00:00,114.0545,114.0475,114.041,114.057,179
2026-05-26T08:58:00+00:00,114.048,114.05,114.045,114.0565,217
2026-05-26T08:59:00+00:00,114.0505,114.0555,114.0455,114.061,366
2026-05-26T09:00:00+00:00,114.0565,114.06,114.049,114.067,329
2026-05-26T09:01:00+00:00,114.0595,114.047,114.0385,114.064,274
2026-05-26T09:02:00+00:00,114.0465,114.023,114.0215,114.0485,227
2026-05-26T09:03:00+00:00,114.0225,113.996,113.995,114.0225,282
2026-05-26T09:04:00+00:00,113.9965,114.0085,113.994,114.013,299
2026-05-26T09:05:00+00:00,114.008,114.008,113.99,114.0155,321
2026-05-26T09:06:00+00:00,114.007,114.003,114.0015,114.0155,189
2026-05-26T09:07:00+00:00,114.0035,113.976,113.9745,114.0075,321
2026-05-26T09:08:00+00:00,113.977,113.993,113.975,113.993,337
2026-05-26T09:09:00+00:00,113.9925,113.9885,113.9845,113.995,202
2026-05-26T09:10:00+00:00,113.989,113.9885,113.983,113.991,116
2026-05-26T09:11:00+00:00,113.989,114.013,113.987,114.013,103
2026-05-26T09:12:00+00:00,114.0125,114.0205,114.008,114.025,198
2026-05-26T09:13:00+00:00,114.021,114.005,114.0035,114.0225,194
2026-05-26T09:14:00+00:00,114.0055,114.002,113.9975,114.0095,174
2026-05-26T09:15:00+00:00,114.0015,113.9945,113.9925,114.0015,160
2026-05-26T09:16:00+00:00,113.994,114.008,113.9915,114.009,141
2026-05-26T09:17:00+00:00,114.0075,114.0055,113.9975,114.0245,499
2026-05-26T09:18:00+00:00,114.006,114.0025,114.0,114.015,247
2026-05-26T09:19:00+00:00,114.001,114.009,113.9975,114.0185,240
2026-05-26T09:20:00+00:00,114.01,114.0155,114.001,114.022,315
2026-05-26T09:21:00+00:00,114.015,114.0245,114.015,114.0245,267
2026-05-26T09:22:00+00:00,114.025,114.005,114.003,114.026,252
2026-05-26T09:23:00+00:00,114.0045,113.9915,113.9835,114.0055,303
2026-05-26T09:24:00+00:00,113.992,114.0055,113.992,114.0085,203
2026-05-26T09:25:00+00:00,114.005,114.0005,113.992,114.006,193
2026-05-26T09:26:00+00:00,114.0,114.0135,113.9985,114.0145,192
2026-05-26T09:27:00+00:00,114.014,114.026,114.011,114.027,200
2026-05-26T09:28:00+00:00,114.026,114.0185,114.0085,114.0275,252
2026-05-26T09:29:00+00:00,114.0195,114.0365,114.015,114.042,304
2026-05-26T09:30:00+00:00,114.0375,114.0405,114.0315,114.056,391
2026-05-26T09:31:00+00:00,114.04,114.045,114.033,114.0475,168
2026-05-26T09:32:00+00:00,114.0455,114.0355,114.027,114.046,341
2026-05-26T09:33:00+00:00,114.035,114.044,114.035,114.05,206
2026-05-26T09:34:00+00:00,114.0445,114.049,114.0415,114.0555,243
2026-05-26T09:35:00+00:00,114.0515,114.039,114.038,114.0535,184
2026-05-26T09:36:00+00:00,114.0395,114.0395,114.032,114.0415,115
2026-05-26T09:37:00+00:00,114.039,114.042,114.037,114.048,108
2026-05-26T09:38:00+00:00,114.0425,114.05,114.0385,114.0525,146
2026-05-26T09:39:00+00:00,114.05,114.0495,114.046,114.0535,122
2026-05-26T09:40:00+00:00,114.05,114.043,114.0425,114.0605,269
2026-05-26T09:41:00+00:00,114.0425,114.0495,114.0375,114.05,209
2026-05-26T09:42:00+00:00,114.049,114.038,114.0315,114.0495,215
2026-05-26T09:43:00+00:00,114.0375,114.034,114.027,114.04,153
2026-05-26T09:44:00+00:00,114.0335,114.017,114.0135,114.0335,229
2026-05-26T09:45:00+00:00,114.017,114.024,114.015,114.026,211
2026-05-26T09:46:00+00:00,114.0235,114.0235,114.019,114.027,279
2026-05-26T09:47:00+00:00,114.024,114.033,114.023,114.0355,170
2026-05-26T09:48:00+00:00,114.0325,114.041,114.032,114.042,149
2026-05-26T09:49:00+00:00,114.042,114.0515,114.0405,114.0535,181
2026-05-26T09:50:00+00:00,114.051,114.055,114.044,114.061,268
2026-05-26T09:51:00+00:00,114.0545,114.029,114.026,114.0555,204
2026-05-26T09:52:00+00:00,114.029,114.023,114.0175,114.031,143
2026-05-26T09:53:00+00:00,114.0235,114.0215,114.0215,114.028,155
2026-05-26T09:54:00+00:00,114.022,114.022,114.011,114.0245,273
2026-05-26T09:55:00+00:00,114.0225,114.039,114.0225,114.0405,276
2026-05-26T09:56:00+00:00,114.0385,114.0435,114.038,114.046,144
2026-05-26T09:57:00+00:00,114.044,114.0285,114.0265,114.045,215
2026-05-26T09:58:00+00:00,114.028,114.022,114.019,114.029,220
2026-05-26T09:59:00+00:00,114.0225,114.023,114.021,114.027,205
2026-05-26T10:00:00+00:00,114.0235,114.0195,114.012,114.0255,344
2026-05-26T10:01:00+00:00,114.019,114.0145,114.009,114.021,298
2026-05-26T10:02:00+00:00,114.0155,114.0045,114.0005,114.0155,234
2026-05-26T10:03:00+00:00,114.005,114.0065,114.001,114.013,225
2026-05-26T10:04:00+00:00,114.0075,113.9895,113.989,114.008,153
2026-05-26T10:05:00+00:00,113.99,113.982,113.975,113.9905,215
2026-05-26T10:06:00+00:00,113.9825,113.988,113.9815,113.9905,194
2026-05-26T10:07:00+00:00,113.988,113.9945,113.984,113.996,179
2026-05-26T10:08:00+00:00,113.995,113.998,113.994,114.0005,240
2026-05-26T10:09:00+00:00,113.997,113.9985,113.993,114.003,214
2026-05-26T10:10:00+00:00,113.998,114.013,113.997,114.014,210
2026-05-26T10:11:00+00:00,114.0125,114.0125,114.004,114.013,143
2026-05-26T10:12:00+00:00,114.0125,114.0115,114.007,114.015,130
2026-05-26T10:13:00+00:00,114.012,113.9995,113.9995,114.014,149
2026-05-26T10:14:00+00:00,114.0,114.002,113.997,114.009,187
2026-05-26T10:15:00+00:00,114.0025,113.9965,113.996,114.0085,151
2026-05-26T10:16:00+00:00,113.9965,114.004,113.995,114.007,123
2026-05-26T10:17:00+00:00,114.0035,114.001,113.998,114.004,170
2026-05-26T10:18:00+00:00,114.0005,113.9995,113.9945,114.004,138
2026-05-26T10:19:00+00:00,113.999,114.003,113.997,114.0055,194
2026-05-26T10:20:00+00:00,114.0035,114.009,114.003,114.013,211
2026-05-26T10:21:00+00:00,114.0095,114.0195,114.0095,114.021,120
2026-05-26T10:22:00+00:00,114.0185,114.0155,114.0085,114.019,252
2026-05-26T10:23:00+00:00,114.015,114.0135,114.0135,114.022,116
2026-05-26T10:24:00+00:00,114.013,114.006,114.0045,114.026,187
2026-05-26T10:25:00+00:00,114.0055,114.01,114.0015,114.0155,147
2026-05-26T10:26:00+00:00,114.011,114.0205,114.008,114.0215,79
2026-05-26T10:27:00+00:00,114.021,114.0225,114.02,114.0295,170
2026-05-26T10:28:00+00:00,114.023,114.0265,114.019,114.0415,405
2026-05-26T10:29:00+00:00,114.027,114.017,114.01,114.0275,362
2026-05-26T10:30:00+00:00,114.0175,114.036,114.016,114.0485,704
2026-05-26T10:31:00+00:00,114.0365,114.0195,114.015,114.039,421
2026-05-26T10:32:00+00:00,114.0195,114.006,114.006,114.023,337
2026-05-26T10:33:00+00:00,114.0065,114.012,114.0035,114.016,356
2026-05-26T10:34:00+00:00,114.0115,114.017,114.007,114.018,363
2026-05-26T10:35:00+00:00,114.017,114.013,114.012,114.035,315
2026-05-26T10:36:00+00:00,114.0135,114.0005,114.0,114.0145,380
2026-05-26T10:37:00+00:00,114.0005,113.992,113.991,114.0055,284
2026-05-26T10:38:00+00:00,113.9925,113.987,113.987,113.9975,227
2026-05-26T10:39:00+00:00,113.9875,113.9935,113.986,113.998,424
2026-05-26T10:40:00+00:00,113.993,113.997,113.99,114.0045,320
2026-05-26T10:41:00+00:00,113.9965,113.9955,113.992,114.0015,187
2026-05-26T10:42:00+00:00,113.9955,114.0055,113.994,114.0075,232
2026-05-26T10:43:00+00:00,114.006,114.0145,114.004,114.019,249
2026-05-26T10:44:00+00:00,114.014,114.0315,114.014,114.037,183
2026-05-26T10:45:00+00:00,114.032,114.0255,114.0205,114.0345,178
2026-05-26T10:46:00+00:00,114.0255,114.0155,114.0155,114.03,186
2026-05-26T10:47:00+00:00,114.016,114.017,114.0105,114.024,189
2026-05-26T10:48:00+00:00,114.0175,114.0195,114.0155,114.0245,163
2026-05-26T10:49:00+00:00,114.02,114.045,114.018,114.0455,211
2026-05-26T10:50:00+00:00,114.0455,114.052,114.044,114.0535,128
2026-05-26T10:51:00+00:00,114.0515,114.052,114.0445,114.054,171
2026-05-26T10:52:00+00:00,114.0515,114.069,114.048,114.0705,268
2026-05-26T10:53:00+00:00,114.068,114.0675,114.065,114.073,202
2026-05-26T10:54:00+00:00,114.068,114.059,114.055,114.0695,187
2026-05-26T10:55:00+00:00,114.0595,114.0615,114.057,114.0725,255
2026-05-26T10:56:00+00:00,114.0605,114.055,114.054,114.0625,188
2026-05-26T10:57:00+00:00,114.054,114.058,114.0505,114.062,194
2026-05-26T10:58:00+00:00,114.0575,114.0675,114.057,114.069,156
2026-05-26T10:59:00+00:00,114.068,114.04,114.038,114.068,246
2026-05-26T11:00:00+00:00,114.0395,114.037,114.03,114.041,314
2026-05-26T11:01:00+00:00,114.0365,114.0375,114.0335,114.045,255
2026-05-26T11:02:00+00:00,114.038,114.0315,114.0295,114.0445,135
2026-05-26T11:03:00+00:00,114.032,114.047,114.03,114.047,241
2026-05-26T11:04:00+00:00,114.0475,114.043,114.0405,114.0515,245
2026-05-26T11:05:00+00:00,114.0435,114.046,114.0425,114.053,307
2026-05-26T11:06:00+00:00,114.0465,114.05,114.046,114.0555,171
2026-05-26T11:07:00+00:00,114.0495,114.0625,114.0485,114.0635,112
2026-05-26T11:08:00+00:00,114.062,114.0585,114.0555,114.0625,149
2026-05-26T11:09:00+00:00,114.0585,114.0605,114.0555,114.0625,113
2026-05-26T11:10:00+00:00,114.061,114.0715,114.06,114.072,104
2026-05-26T11:11:00+00:00,114.071,114.0725,114.0685,114.0805,179
2026-05-26T11:12:00+00:00,114.0725,114.085,114.0705,114.0865,140
2026-05-26T11:13:00+00:00,114.0845,114.0785,114.073,114.0885,162
2026-05-26T11:14:00+00:00,114.0785,114.073,114.073,114.084,128
2026-05-26T11:15:00+00:00,114.072,114.075,114.07,114.0815,161
2026-05-26T11:16:00+00:00,114.0755,114.081,114.0695,114.0815,132
2026-05-26T11:17:00+00:00,114.081,114.081,114.0745,114.0865,204
2026-05-26T11:18:00+00:00,114.0815,114.068,114.067,114.0825,213
2026-05-26T11:19:00+00:00,114.069,114.0735,114.0635,114.076,225
2026-05-26T11:20:00+00:00,114.0745,114.07,114.066,114.0775,209
2026-05-26T11:21:00+00:00,114.069,114.0685,114.063,114.0725,184
2026-05-26T11:22:00+00:00,114.068,114.0715,114.067,114.0735,142
2026-05-26T11:23:00+00:00,114.072,114.073,114.07,114.075,140
2026-05-26T11:24:00+00:00,114.074,114.0755,114.0735,114.081,129
2026-05-26T11:25:00+00:00,114.075,114.07,114.069,114.08,140
2026-05-26T11:26:00+00:00,114.0705,114.0625,114.0615,114.0745,151
2026-05-26T11:27:00+00:00,114.063,114.0565,114.055,114.063,169
2026-05-26T11:28:00+00:00,114.056,114.0655,114.0555,114.0665,120
2026-05-26T11:29:00+00:00,114.0655,114.066,114.064,114.068,147
2026-05-26T11:30:00+00:00,114.065,114.0715,114.06,114.0735,161
2026-05-26T11:31:00+00:00,114.071,114.0675,114.0675,114.077,165
2026-05-26T11:32:00+00:00,114.068,114.091,114.068,114.0935,216
2026-05-26T11:33:00+00:00,114.0915,114.085,114.082,114.0925,164
2026-05-26T11:34:00+00:00,114.0845,114.0455,114.0275,114.0865,1025
2026-05-26T11:35:00+00:00,114.045,114.0085,114.005,114.0575,747
2026-05-26T11:36:00+00:00,114.008,114.0175,113.9965,114.021,721
2026-05-26T11:37:00+00:00,114.017,114.027,114.009,114.034,317
2026-05-26T11:38:00+00:00,114.026,114.0355,114.026,114.0375,361
2026-05-26T11:39:00+00:00,114.035,114.047,114.0335,114.0505,289
2026-05-26T11:40:00+00:00,114.046,114.04,114.0325,114.0485,312
2026-05-26T11:41:00+00:00,114.0405,114.0385,114.037,114.0465,191
2026-05-26T11:42:00+00:00,114.038,114.024,114.0215,114.039,305
2026-05-26T11:43:00+00:00,114.024,114.0455,114.021,114.0455,269
2026-05-26T11:44:00+00:00,114.046,114.031,114.03,114.0465,181
2026-05-26T11:45:00+00:00,114.0315,114.031,114.027,114.038,418
2026-05-26T11:46:00+00:00,114.03,114.0395,114.029,114.0415,227
2026-05-26T11:47:00+00:00,114.039,114.047,114.035,114.0485,191
2026-05-26T11:48:00+00:00,114.0475,114.043,114.036,114.048,307
2026-05-26T11:49:00+00:00,114.0435,114.045,114.0425,114.048,169
2026-05-26T11:50:00+00:00,114.046,114.061,114.044,114.0685,219
2026-05-26T11:51:00+00:00,114.0605,114.056,114.0555,114.069,190
2026-05-26T11:52:00+00:00,114.056,114.059,114.047,114.06,228
2026-05-26T11:53:00+00:00,114.059,114.068,114.0575,114.071,173
2026-05-26T11:54:00+00:00,114.0685,114.059,114.0525,114.069,175
2026-05-26T11:55:00+00:00,114.0585,114.0525,114.049,114.0605,197
2026-05-26T11:56:00+00:00,114.053,114.0765,114.0525,114.0775,250
2026-05-26T11:57:00+00:00,114.0765,114.0505,114.05,114.0765,207
2026-05-26T11:58:00+00:00,114.051,114.0585,114.0505,114.062,255
2026-05-26T11:59:00+00:00,114.058,114.0505,114.0475,114.058,295
2026-05-26T12:00:00+00:00,114.05,114.032,114.027,114.052,449
2026-05-26T12:01:00+00:00,114.031,114.051,114.028,114.0515,237
2026-05-26T12:02:00+00:00,114.05,114.055,114.0445,114.057,290
2026-05-26T12:03:00+00:00,114.055,114.05,114.0485,114.056,185
2026-05-26T12:04:00+00:00,114.0505,114.0525,114.045,114.054,191
2026-05-26T12:05:00+00:00,114.054,114.062,114.0525,114.0745,234
2026-05-26T12:06:00+00:00,114.0625,114.0745,114.062,114.0795,217
2026-05-26T12:07:00+00:00,114.075,114.0675,114.065,114.0795,196
2026-05-26T12:08:00+00:00,114.068,114.0435,114.0325,114.0705,500
2026-05-26T12:09:00+00:00,114.0425,114.075,114.0375,114.0805,597
2026-05-26T12:10:00+00:00,114.0755,114.067,114.0585,114.0795,285
2026-05-26T12:11:00+00:00,114.067,114.0655,114.062,114.0715,189
2026-05-26T12:12:00+00:00,114.066,114.0775,114.065,114.081,234
2026-05-26T12:13:00+00:00,114.077,114.076,114.072,114.08,155
2026-05-26T12:14:00+00:00,114.076,114.0665,114.062,114.076,189
2026-05-26T12:15:00+00:00,114.066,114.071,114.0615,114.073,255
2026-05-26T12:16:00+00:00,114.072,114.0665,114.0615,114.0775,227
2026-05-26T12:17:00+00:00,114.066,114.0705,114.0615,114.078,216
2026-05-26T12:18:00+00:00,114.07,114.072,114.0655,114.072,244
2026-05-26T12:19:00+00:00,114.0715,114.087,114.07,114.088,208
2026-05-26T12:20:00+00:00,114.0865,114.085,114.079,114.095,239
2026-05-26T12:21:00+00:00,114.085,114.0955,114.0845,114.0955,148
2026-05-26T12:22:00+00:00,114.095,114.102,114.089,114.1035,126
2026-05-26T12:23:00+00:00,114.103,114.096,114.086,114.104,210
2026-05-26T12:24:00+00:00,114.096,114.089,114.088,114.096,142
2026-05-26T12:25:00+00:00,114.089,114.097,114.082,114.097,163
2026-05-26T12:26:00+00:00,114.0975,114.091,114.084,114.0985,182
2026-05-26T12:27:00+00:00,114.091,114.096,114.09,114.1005,70
2026-05-26T12:28:00+00:00,114.096,114.1105,114.096,114.111,98
2026-05-26T12:29:00+00:00,114.1105,114.1155,114.1105,114.1175,85
2026-05-26T12:30:00+00:00,114.115,114.0995,114.0975,114.1175,153
2026-05-26T12:31:00+00:00,114.099,114.1035,114.0945,114.1065,120
2026-05-26T12:32:00+00:00,114.104,114.1065,114.1,114.1105,143
2026-05-26T12:33:00+00:00,114.106,114.1035,114.103,114.1065,135
2026-05-26T12:34:00+00:00,114.104,114.116,114.103,114.1175,146
2026-05-26T12:35:00+00:00,114.1155,114.1,114.089,114.116,185
2026-05-26T12:36:00+00:00,114.0995,114.102,114.094,114.104,150
2026-05-26T12:37:00+00:00,114.102,114.1,114.093,114.1025,163
2026-05-26T12:38:00+00:00,114.1015,114.094,114.0915,114.1075,156
2026-05-26T12:39:00+00:00,114.093,114.087,114.085,114.097,193
2026-05-26T12:40:00+00:00,114.087,114.101,114.087,114.1085,224
2026-05-26T12:41:00+00:00,114.1015,114.109,114.1005,114.111,176
2026-05-26T12:42:00+00:00,114.1095,114.117,114.1065,114.1255,207
2026-05-26T12:43:00+00:00,114.1175,114.118,114.114,114.127,258
2026-05-26T12:44:00+00:00,114.1175,114.105,114.103,114.1195,337
2026-05-26T12:45:00+00:00,114.106,114.094,114.092,114.106,254
2026-05-26T12:46:00+00:00,114.0945,114.094,114.086,114.098,225
2026-05-26T12:47:00+00:00,114.093,114.089,114.0875,114.1,266
2026-05-26T12:48:00+00:00,114.089,114.097,114.088,114.0975,158
2026-05-26T12:49:00+00:00,114.098,114.108,114.096,114.1095,400
2026-05-26T12:50:00+00:00,114.1085,114.104,114.102,114.112,336
2026-05-26T12:51:00+00:00,114.1045,114.1125,114.103,114.115,158
2026-05-26T12:52:00+00:00,114.112,114.104,114.1,114.1205,177
2026-05-26T12:53:00+00:00,114.1035,114.1075,114.1025,114.114,172
2026-05-26T12:54:00+00:00,114.107,114.1085,114.103,114.1095,182
2026-05-26T12:55:00+00:00,114.1085,114.1085,114.104,114.118,293
2026-05-26T12:56:00+00:00,114.108,114.111,114.107,114.114,139
2026-05-26T12:57:00+00:00,114.111,114.1265,114.111,114.1305,157
2026-05-26T12:58:00+00:00,114.126,114.143,114.1235,114.1435,174
2026-05-26T12:59:00+00:00,114.1445,114.1385,114.135,114.146,146
2026-05-26T13:00:00+00:00,114.139,114.146,114.1295,114.1515,248
2026-05-26T13:01:00+00:00,114.1455,114.161,114.139,114.161,213
2026-05-26T13:02:00+00:00,114.16,114.1585,114.153,114.171,364
2026-05-26T13:03:00+00:00,114.158,114.169,114.158,114.1745,301
2026-05-26T13:04:00+00:00,114.1695,114.1715,114.1655,114.1745,223
2026-05-26T13:05:00+00:00,114.171,114.176,114.1665,114.1825,336
2026-05-26T13:06:00+00:00,114.175,114.178,114.168,114.178,264
2026-05-26T13:07:00+00:00,114.177,114.1675,114.162,114.1785,183
2026-05-26T13:08:00+00:00,114.168,114.171,114.158,114.171,172
2026-05-26T13:09:00+00:00,114.1705,114.176,114.1645,114.179,209
2026-05-26T13:10:00+00:00,114.1755,114.181,114.1705,114.181,210
2026-05-26T13:11:00+00:00,114.1805,114.175,114.1605,114.181,260
2026-05-26T13:12:00+00:00,114.1745,114.173,114.16,114.1755,259
2026-05-26T13:13:00+00:00,114.1725,114.164,114.1635,114.176,219
2026-05-26T13:14:00+00:00,114.1645,114.1795,114.163,114.1805,254
2026-05-26T13:15:00+00:00,114.179,114.178,114.1665,114.18,245
2026-05-26T13:16:00+00:00,114.1775,114.173,114.17,114.179,214
2026-05-26T13:17:00+00:00,114.1725,114.1885,114.17,114.189,166
2026-05-26T13:18:00+00:00,114.189,114.197,114.1885,114.2,247
2026-05-26T13:19:00+00:00,114.1975,114.193,114.192,114.206,265
2026-05-26T13:20:00+00:00,114.192,114.2055,114.188,114.2065,207
2026-05-26T13:21:00+00:00,114.205,114.211,114.204,114.2155,306
2026-05-26T13:22:00+00:00,114.2105,114.217,114.2075,114.217,193
2026-05-26T13:23:00+00:00,114.2165,114.2215,114.2155,114.226,210
2026-05-26T13:24:00+00:00,114.221,114.222,114.215,114.227,247
2026-05-26T13:25:00+00:00,114.2215,114.2075,114.2065,114.2235,179
2026-05-26T13:26:00+00:00,114.2065,114.193,114.1925,114.207,158
2026-05-26T13:27:00+00:00,114.193,114.2015,114.1915,114.202,142
2026-05-26T13:28:00+00:00,114.2005,114.1915,114.1885,114.2005,215
2026-05-26T13:29:00+00:00,114.192,114.1965,114.185,114.2005,308
2026-05-26T13:30:00+00:00,114.197,114.211,114.197,114.2235,542
2026-05-26T13:31:00+00:00,114.2115,114.2045,114.201,114.2135,443
2026-05-26T13:32:00+00:00,114.205,114.193,114.193,114.213,351
2026-05-26T13:33:00+00:00,114.1935,114.1795,114.177,114.1995,361
2026-05-26T13:34:00+00:00,114.178,114.1865,114.178,114.201,393
2026-05-26T13:35:00+00:00,114.186,114.1625,114.1565,114.188,361
2026-05-26T13:36:00+00:00,114.1615,114.177,114.161,114.1815,320
2026-05-26T13:37:00+00:00,114.1765,114.212,114.1765,114.2155,356
2026-05-26T13:38:00+00:00,114.2125,114.207,114.197,114.217,391
2026-05-26T13:39:00+00:00,114.206,114.2015,114.1995,114.207,280
2026-05-26T13:40:00+00:00,114.201,114.203,114.199,114.2185,407
2026-05-26T13:41:00+00:00,114.2035,114.218,114.202,114.2195,318
2026-05-26T13:42:00+00:00,114.2175,114.226,114.21,114.2305,370
2026-05-26T13:43:00+00:00,114.2255,114.2425,114.2245,114.2465,357
2026-05-26T13:44:00+00:00,114.242,114.219,114.218,114.249,392
2026-05-26T13:45:00+00:00,114.22,114.2315,114.22,114.236,380
2026-05-26T13:46:00+00:00,114.231,114.271,114.226,114.2715,357
2026-05-26T13:47:00+00:00,114.2705,114.253,114.249,114.283,402
2026-05-26T13:48:00+00:00,114.2535,114.251,114.247,114.264,378
2026-05-26T13:49:00+00:00,114.2515,114.2555,114.249,114.269,296
2026-05-26T13:50:00+00:00,114.256,114.219,114.2185,114.26,594
2026-05-26T13:51:00+00:00,114.2185,114.1865,114.181,114.2195,761
2026-05-26T13:52:00+00:00,114.1855,114.1975,114.1765,114.2165,615
2026-05-26T13:53:00+00:00,114.197,114.129,114.1025,114.198,995
2026-05-26T13:54:00+00:00,114.1295,114.139,114.1225,114.143,710
2026-05-26T13:55:00+00:00,114.1395,114.1625,114.1365,114.165,619
2026-05-26T13:56:00+00:00,114.163,114.1675,114.152,114.173,409
2026-05-26T13:57:00+00:00,114.168,114.172,114.1665,114.178,431
2026-05-26T13:58:00+00:00,114.1715,114.1725,114.1695,114.1785,171
2026-05-26T13:59:00+00:00,114.172,114.184,114.172,114.1895,229
2026-05-26T14:00:00+00:00,114.1835,114.18,114.164,114.197,447
2026-05-26T14:01:00+00:00,114.1805,114.2075,114.177,114.2135,456
2026-05-26T14:02:00+00:00,114.2085,114.239,114.2075,114.2425,380
2026-05-26T14:03:00+00:00,114.238,114.2565,114.2345,114.2565,496
2026-05-26T14:04:00+00:00,114.256,114.241,114.2395,114.2575,296
2026-05-26T14:05:00+00:00,114.242,114.214,114.21,114.243,609
2026-05-26T14:06:00+00:00,114.213,114.208,114.1975,114.2135,512
2026-05-26T14:07:00+00:00,114.2075,114.2115,114.2045,114.22,395
2026-05-26T14:08:00+00:00,114.211,114.2125,114.1965,114.2165,352
2026-05-26T14:09:00+00:00,114.213,114.204,114.195,114.216,412
2026-05-26T14:10:00+00:00,114.2045,114.221,114.204,114.229,346
2026-05-26T14:11:00+00:00,114.222,114.203,114.201,114.223,301
2026-05-26T14:12:00+00:00,114.202,114.1945,114.194,114.2105,211
2026-05-26T14:13:00+00:00,114.1945,114.209,114.191,114.214,350
2026-05-26T14:14:00+00:00,114.2095,114.2205,114.2015,114.2225,348
2026-05-26T14:15:00+00:00,114.22,114.1965,114.1955,114.2215,327
2026-05-26T14:16:00+00:00,114.196,114.201,114.196,114.2095,291
2026-05-26T14:17:00+00:00,114.2005,114.206,114.1935,114.209,327
2026-05-26T14:18:00+00:00,114.2065,114.213,114.202,114.215,202
2026-05-26T14:19:00+00:00,114.213,114.2,114.1955,114.2135,263
2026-05-26T14:20:00+00:00,114.1995,114.194,114.184,114.2055,290
2026-05-26T14:21:00+00:00,114.1945,114.1955,114.188,114.1985,305
2026-05-26T14:22:00+00:00,114.195,114.2115,114.1905,114.2405,357
2026-05-26T14:23:00+00:00,114.2105,114.1885,114.1835,114.219,333
2026-05-26T14:24:00+00:00,114.189,114.2105,114.189,114.2145,315
2026-05-26T14:25:00+00:00,114.21,114.1965,114.1965,114.2185,392
2026-05-26T14:26:00+00:00,114.196,114.1635,114.1555,114.196,300
2026-05-26T14:27:00+00:00,114.163,114.1565,114.152,114.168,264
2026-05-26T14:28:00+00:00,114.156,114.15,114.1395,114.1615,341
2026-05-26T14:29:00+00:00,114.1495,114.1615,114.14,114.163,289
2026-05-26T14:30:00+00:00,114.162,114.148,114.142,114.1625,303
2026-05-26T14:31:00+00:00,114.1475,114.148,114.1445,114.155,346
2026-05-26T14:32:00+00:00,114.1485,114.1455,114.139,114.157,363
2026-05-26T14:33:00+00:00,114.145,114.1395,114.118,114.145,396
2026-05-26T14:34:00+00:00,114.139,114.1615,114.136,114.1625,343
2026-05-26T14:35:00+00:00,114.161,114.2045,114.161,114.211,469
2026-05-26T14:36:00+00:00,114.204,114.1705,114.166,114.2045,464
2026-05-26T14:37:00+00:00,114.171,114.1685,114.153,114.1735,391
2026-05-26T14:38:00+00:00,114.168,114.161,114.1585,114.171,414
2026-05-26T14:39:00+00:00,114.1615,114.1525,114.1485,114.1665,440
2026-05-26T14:40:00+00:00,114.152,114.167,114.145,114.169,385
2026-05-26T14:41:00+00:00,114.167,114.1635,114.159,114.1805,241
2026-05-26T14:42:00+00:00,114.163,114.18,114.159,114.1865,342
2026-05-26T14:43:00+00:00,114.1805,114.149,114.147,114.1805,274
2026-05-26T14:44:00+00:00,114.1495,114.1685,114.128,114.1695,339
2026-05-26T14:45:00+00:00,114.1695,114.167,114.147,114.1695,385
2026-05-26T14:46:00+00:00,114.166,114.164,114.1515,114.17,340
2026-05-26T14:47:00+00:00,114.1635,114.15,114.15,114.171,336
2026-05-26T14:48:00+00:00,114.1505,114.1665,114.1415,114.171,423
2026-05-26T14:49:00+00:00,114.1655,114.17,114.165,114.174,332
2026-05-26T14:50:00+00:00,114.1705,114.1695,114.1665,114.1795,331
2026-05-26T14:51:00+00:00,114.169,114.169,114.1625,114.176,329
2026-05-26T14:52:00+00:00,114.1695,114.1685,114.1645,114.174,304
2026-05-26T14:53:00+00:00,114.1695,114.178,114.166,114.1795,397
2026-05-26T14:54:00+00:00,114.1785,114.175,114.1695,114.182,351
2026-05-26T14:55:00+00:00,114.174,114.1495,114.1485,114.181,383
2026-05-26T14:56:00+00:00,114.15,114.152,114.1445,114.161,428
2026-05-26T14:57:00+00:00,114.1515,114.176,114.143,114.177,507
2026-05-26T14:58:00+00:00,114.1765,114.196,114.1765,114.1975,452
2026-05-26T14:59:00+00:00,114.1955,114.2035,114.1935,114.2075,423
2026-05-26T15:00:00+00:00,114.2025,114.196,114.185,114.204,362
2026-05-26T15:01:00+00:00,114.1955,114.18,114.175,114.201,439
2026-05-26T15:02:00+00:00,114.1805,114.171,114.1565,114.1825,466
2026-05-26T15:03:00+00:00,114.1715,114.176,114.1615,114.184,488
2026-05-26T15:04:00+00:00,114.1755,114.172,114.164,114.182,314
2026-05-26T15:05:00+00:00,114.1715,114.163,114.157,114.173,406
2026-05-26T15:06:00+00:00,114.163,114.17,114.153,114.17,431
2026-05-26T15:07:00+00:00,114.1695,114.172,114.167,114.1765,399
2026-05-26T15:08:00+00:00,114.173,114.1685,114.166,114.181,490
2026-05-26T15:09:00+00:00,114.1675,114.158,114.1575,114.1705,332
2026-05-26T15:10:00+00:00,114.1575,114.1535,114.151,114.165,291
2026-05-26T15:11:00+00:00,114.153,114.1585,114.153,114.163,327
2026-05-26T15:12:00+00:00,114.158,114.185,114.158,114.1855,207
2026-05-26T15:13:00+00:00,114.186,114.19,114.178,114.193,377
2026-05-26T15:14:00+00:00,114.1895,114.177,114.1745,114.1925,367
2026-05-26T15:15:00+00:00,114.1765,114.175,114.1705,114.184,407
2026-05-26T15:16:00+00:00,114.175,114.1595,114.158,114.1755,267
2026-05-26T15:17:00+00:00,114.16,114.143,114.142,114.164,383
2026-05-26T15:18:00+00:00,114.1425,114.151,114.1355,114.1595,350
2026-05-26T15:19:00+00:00,114.1515,114.145,114.141,114.1635,352
2026-05-26T15:20:00+00:00,114.1445,114.132,114.127,114.15,321
2026-05-26T15:21:00+00:00,114.1315,114.137,114.126,114.141,294
2026-05-26T15:22:00+00:00,114.138,114.132,114.131,114.143,293
2026-05-26T15:23:00+00:00,114.133,114.122,114.119,114.133,215
2026-05-26T15:24:00+00:00,114.121,114.12,114.113,114.1245,317
2026-05-26T15:25:00+00:00,114.1195,114.127,114.119,114.129,262
2026-05-26T15:26:00+00:00,114.128,114.1345,114.1265,114.141,330
2026-05-26T15:27:00+00:00,114.134,114.1245,114.117,114.1375,252
2026-05-26T15:28:00+00:00,114.124,114.126,114.1225,114.146,319
2026-05-26T15:29:00+00:00,114.1265,114.1175,114.116,114.1315,307
2026-05-26T15:30:00+00:00,114.118,114.1255,114.117,114.139,501
2026-05-26T15:31:00+00:00,114.125,114.11,114.109,114.134,373
2026-05-26T15:32:00+00:00,114.1085,114.118,114.103,114.1275,425
2026-05-26T15:33:00+00:00,114.1175,114.1195,114.116,114.1285,323
2026-05-26T15:34:00+00:00,114.1205,114.1075,114.106,114.125,412
2026-05-26T15:35:00+00:00,114.108,114.1025,114.101,114.115,380
2026-05-26T15:36:00+00:00,114.102,114.069,114.068,114.1025,434
2026-05-26T15:37:00+00:00,114.068,114.098,114.0675,114.1,492
2026-05-26T15:38:00+00:00,114.0985,114.105,114.0855,114.1075,371
2026-05-26T15:39:00+00:00,114.1045,114.1225,114.101,114.1245,361
2026-05-26T15:40:00+00:00,114.123,114.113,114.1045,114.1285,426
2026-05-26T15:41:00+00:00,114.1135,114.1205,114.112,114.124,307
2026-05-26T15:42:00+00:00,114.121,114.1205,114.116,114.1325,332
2026-05-26T15:43:00+00:00,114.12,114.128,114.1195,114.1295,323
2026-05-26T15:44:00+00:00,114.1275,114.12,114.119,114.1315,259
2026-05-26T15:45:00+00:00,114.1205,114.132,114.109,114.135,354
2026-05-26T15:46:00+00:00,114.1315,114.119,114.11,114.1315,338
2026-05-26T15:47:00+00:00,114.1185,114.126,114.1165,114.129,312
2026-05-26T15:48:00+00:00,114.127,114.1185,114.117,114.133,366
2026-05-26T15:49:00+00:00,114.118,114.1155,114.1115,114.126,256
2026-05-26T15:50:00+00:00,114.115,114.116,114.1105,114.122,396
2026-05-26T15:51:00+00:00,114.1155,114.1175,114.112,114.1225,343
2026-05-26T15:52:00+00:00,114.118,114.1185,114.109,114.121,261
2026-05-26T15:53:00+00:00,114.118,114.116,114.112,114.1195,244
2026-05-26T15:54:00+00:00,114.1155,114.107,114.0995,114.1175,304
2026-05-26T15:55:00+00:00,114.1055,114.1035,114.101,114.1125,307
2026-05-26T15:56:00+00:00,114.104,114.1015,114.093,114.106,337
2026-05-26T15:57:00+00:00,114.1025,114.111,114.098,114.1115,362
2026-05-26T15:58:00+00:00,114.1105,114.1065,114.1,114.1145,315
2026-05-26T15:59:00+00:00,114.1075,114.1125,114.1035,114.1135,246
2026-05-26T16:00:00+00:00,114.113,114.1075,114.105,114.122,345
2026-05-26T16:01:00+00:00,114.1085,114.114,114.096,114.1175,293
2026-05-26T16:02:00+00:00,114.115,114.119,114.1075,114.12,388
2026-05-26T16:03:00+00:00,114.1195,114.117,114.1135,114.124,265
2026-05-26T16:04:00+00:00,114.1165,114.1165,114.113,114.1195,295
2026-05-26T16:05:00+00:00,114.117,114.1215,114.1155,114.125,201
2026-05-26T16:06:00+00:00,114.1205,114.106,114.104,114.1215,204
2026-05-26T16:07:00+00:00,114.1055,114.112,114.1055,114.1155,140
2026-05-26T16:08:00+00:00,114.1125,114.111,114.1065,114.1175,172
2026-05-26T16:09:00+00:00,114.1115,114.1225,114.1105,114.123,253
2026-05-26T16:10:00+00:00,114.123,114.1185,114.113,114.124,324
2026-05-26T16:11:00+00:00,114.1195,114.1265,114.117,114.1285,215
2026-05-26T16:12:00+00:00,114.1255,114.1195,114.117,114.131,322
2026-05-26T16:13:00+00:00,114.12,114.1245,114.119,114.131,189
2026-05-26T16:14:00+00:00,114.1245,114.126,114.1205,114.1305,204
2026-05-26T16:15:00+00:00,114.1265,114.1325,114.125,114.1395,310
2026-05-26T16:16:00+00:00,114.133,114.136,114.1265,114.1365,241
2026-05-26T16:17:00+00:00,114.135,114.1345,114.1305,114.1415,224
2026-05-26T16:18:00+00:00,114.1355,114.1415,114.134,114.1425,188
2026-05-26T16:19:00+00:00,114.1415,114.155,114.14,114.157,225
2026-05-26T16:20:00+00:00,114.156,114.1565,114.1495,114.157,187
2026-05-26T16:21:00+00:00,114.156,114.1375,114.133,114.1565,159
2026-05-26T16:22:00+00:00,114.1375,114.143,114.133,114.1435,179
2026-05-26T16:23:00+00:00,114.143,114.1445,114.1415,114.15,209
2026-05-26T16:24:00+00:00,114.144,114.146,114.142,114.152,162
2026-05-26T16:25:00+00:00,114.1465,114.1345,114.1255,114.1465,176
2026-05-26T16:26:00+00:00,114.1335,114.1355,114.131,114.1375,190
2026-05-26T16:27:00+00:00,114.136,114.1405,114.1315,114.143,174
2026-05-26T16:28:00+00:00,114.1405,114.143,114.139,114.147,205
2026-05-26T16:29:00+00:00,114.1435,114.15,114.142,114.1505,267
2026-05-26T16:30:00+00:00,114.149,114.158,114.144,114.16,229
2026-05-26T16:31:00+00:00,114.157,114.158,114.1545,114.1585,89
2026-05-26T16:32:00+00:00,114.158,114.1575,114.15,114.16,161
2026-05-26T16:33:00+00:00,114.158,114.1505,114.146,114.159,481
2026-05-26T16:34:00+00:00,114.151,114.1465,114.1425,114.1555,305
2026-05-26T16:35:00+00:00,114.1475,114.1435,114.1415,114.1505,197
2026-05-26T16:36:00+00:00,114.1445,114.1245,114.1225,114.147,280
2026-05-26T16:37:00+00:00,114.125,114.1225,114.1155,114.1295,232
2026-05-26T16:38:00+00:00,114.1235,114.123,114.115,114.125,208
2026-05-26T16:39:00+00:00,114.1225,114.1155,114.115,114.124,223
2026-05-26T16:40:00+00:00,114.1155,114.1085,114.108,114.1195,229
2026-05-26T16:41:00+00:00,114.108,114.1035,114.0985,114.1095,243
2026-05-26T16:42:00+00:00,114.104,114.1055,114.1015,114.1105,180
2026-05-26T16:43:00+00:00,114.105,114.123,114.103,114.132,254
2026-05-26T16:44:00+00:00,114.1225,114.1195,114.1175,114.1265,208
2026-05-26T16:45:00+00:00,114.119,114.118,114.1145,114.124,308
2026-05-26T16:46:00+00:00,114.1175,114.1105,114.108,114.118,269
2026-05-26T16:47:00+00:00,114.1115,114.114,114.1115,114.122,262
2026-05-26T16:48:00+00:00,114.1135,114.105,114.104,114.117,248
2026-05-26T16:49:00+00:00,114.1055,114.11,114.1055,114.1175,208
2026-05-26T16:50:00+00:00,114.1095,114.1185,114.1095,114.124,272
2026-05-26T16:51:00+00:00,114.119,114.115,114.1115,114.12,211
2026-05-26T16:52:00+00:00,114.1155,114.1065,114.1,114.116,229
2026-05-26T16:53:00+00:00,114.105,114.1035,114.0985,114.1075,258
2026-05-26T16:54:00+00:00,114.1045,114.102,114.1015,114.1095,300
2026-05-26T16:55:00+00:00,114.1015,114.1085,114.095,114.1095,302
2026-05-26T16:56:00+00:00,114.109,114.11,114.1075,114.113,212
2026-05-26T16:57:00+00:00,114.1095,114.1115,114.107,114.1155,144
2026-05-26T16:58:00+00:00,114.1125,114.1095,114.107,114.114,171
2026-05-26T16:59:00+00:00,114.1105,114.1105,114.1055,114.1115,167
2026-05-26T17:00:00+00:00,114.111,114.1175,114.1065,114.118,209
2026-05-26T17:01:00+00:00,114.118,114.125,114.1155,114.127,220
2026-05-26T17:02:00+00:00,114.1245,114.1155,114.1115,114.1245,188
2026-05-26T17:03:00+00:00,114.1155,114.1205,114.114,114.1245,189
2026-05-26T17:04:00+00:00,114.12,114.109,114.1085,114.1205,182
2026-05-26T17:05:00+00:00,114.1095,114.11,114.1015,114.1125,182
2026-05-26T17:06:00+00:00,114.1105,114.1135,114.108,114.116,228
2026-05-26T17:07:00+00:00,114.114,114.099,114.097,114.115,223
2026-05-26T17:08:00+00:00,114.0985,114.1025,114.0985,114.1085,218
2026-05-26T17:09:00+00:00,114.103,114.107,114.1015,114.1085,156
2026-05-26T17:10:00+00:00,114.1065,114.1135,114.101,114.1135,232
2026-05-26T17:11:00+00:00,114.1135,114.11,114.107,114.1175,215
2026-05-26T17:12:00+00:00,114.1105,114.1155,114.109,114.1185,222
2026-05-26T17:13:00+00:00,114.1155,114.115,114.113,114.119,253
2026-05-26T17:14:00+00:00,114.115,114.118,114.1145,114.1205,244
2026-05-26T17:15:00+00:00,114.1175,114.122,114.117,114.124,153
2026-05-26T17:16:00+00:00,114.122,114.1245,114.1205,114.128,148
2026-05-26T17:17:00+00:00,114.1255,114.1215,114.1205,114.129,176
2026-05-26T17:18:00+00:00,114.1205,114.1215,114.119,114.1275,190
2026-05-26T17:19:00+00:00,114.1215,114.119,114.117,114.124,117
2026-05-26T17:20:00+00:00,114.1185,114.122,114.1165,114.1245,222
2026-05-26T17:21:00+00:00,114.121,114.127,114.121,114.129,173
2026-05-26T17:22:00+00:00,114.1275,114.1215,114.121,114.13,221
2026-05-26T17:23:00+00:00,114.122,114.1255,114.1195,114.128,256
2026-05-26T17:24:00+00:00,114.126,114.126,114.1195,114.1275,199
2026-05-26T17:25:00+00:00,114.1255,114.1215,114.1205,114.13,247
2026-05-26T17:26:00+00:00,114.1225,114.134,114.1225,114.135,168
2026-05-26T17:27:00+00:00,114.1335,114.1415,114.1305,114.146,147
2026-05-26T17:28:00+00:00,114.1415,114.1305,114.129,114.1425,208
2026-05-26T17:29:00+00:00,114.1315,114.1255,114.1235,114.1355,175
2026-05-26T17:30:00+00:00,114.125,114.122,114.114,114.1265,232
2026-05-26T17:31:00+00:00,114.121,114.1265,114.114,114.1275,217
2026-05-26T17:32:00+00:00,114.126,114.1375,114.126,114.1395,206
2026-05-26T17:33:00+00:00,114.138,114.1355,114.1355,114.1435,227
2026-05-26T17:34:00+00:00,114.135,114.14,114.134,114.1455,198
2026-05-26T17:35:00+00:00,114.1395,114.14,114.1305,114.141,166
2026-05-26T17:36:00+00:00,114.139,114.1345,114.1275,114.139,210
2026-05-26T17:37:00+00:00,114.134,114.1445,114.134,114.1445,211
2026-05-26T17:38:00+00:00,114.144,114.145,114.1365,114.1465,135
2026-05-26T17:39:00+00:00,114.1455,114.136,114.136,114.148,154
2026-05-26T17:40:00+00:00,114.1355,114.13,114.124,114.1365,197
2026-05-26T17:41:00+00:00,114.13,114.1225,114.122,114.1305,209
2026-05-26T17:42:00+00:00,114.1245,114.121,114.1195,114.1245,79
2026-05-26T17:43:00+00:00,114.1215,114.127,114.12,114.129,124
2026-05-26T17:44:00+00:00,114.1265,114.1155,114.115,114.1265,108
2026-05-26T17:45:00+00:00,114.1175,114.1245,114.1135,114.125,154
2026-05-26T17:46:00+00:00,114.1245,114.1155,114.1155,114.1245,144
2026-05-26T17:47:00+00:00,114.1155,114.1245,114.1155,114.131,145
2026-05-26T17:48:00+00:00,114.1255,114.1225,114.121,114.129,147
2026-05-26T17:49:00+00:00,114.1235,114.1305,114.1235,114.134,102
2026-05-26T17:50:00+00:00,114.1315,114.1385,114.13,114.139,184
2026-05-26T17:51:00+00:00,114.139,114.145,114.139,114.1495,125
2026-05-26T17:52:00+00:00,114.146,114.148,114.142,114.1495,156
2026-05-26T17:53:00+00:00,114.1475,114.15,114.144,114.1555,174
2026-05-26T17:54:00+00:00,114.1505,114.147,114.1455,114.152,148
2026-05-26T17:55:00+00:00,114.146,114.1485,114.1435,114.15,134
2026-05-26T17:56:00+00:00,114.148,114.142,114.139,114.1495,209
2026-05-26T17:57:00+00:00,114.1415,114.1465,114.1325,114.1475,191
2026-05-26T17:58:00+00:00,114.146,114.142,114.1385,114.1475,247
2026-05-26T17:59:00+00:00,114.1415,114.1405,114.1395,114.146,216
2026-05-26T18:00:00+00:00,114.14,114.1395,114.1325,114.143,314
2026-05-26T18:01:00+00:00,114.14,114.139,114.1355,114.1445,208
2026-05-26T18:02:00+00:00,114.1395,114.144,114.1375,114.145,211
2026-05-26T18:03:00+00:00,114.1435,114.152,114.142,114.1535,203
2026-05-26T18:04:00+00:00,114.152,114.1535,114.1465,114.154,129
2026-05-26T18:05:00+00:00,114.154,114.156,114.1525,114.1625,221
2026-05-26T18:06:00+00:00,114.1565,114.1625,114.1565,114.1635,105
2026-05-26T18:07:00+00:00,114.163,114.161,114.16,114.1665,111
2026-05-26T18:08:00+00:00,114.1605,114.163,114.1605,114.1685,168
2026-05-26T18:09:00+00:00,114.1635,114.1595,114.156,114.165,194
2026-05-26T18:10:00+00:00,114.161,114.1745,114.159,114.1745,197
2026-05-26T18:11:00+00:00,114.174,114.1765,114.1685,114.178,190
2026-05-26T18:12:00+00:00,114.1765,114.177,114.171,114.183,113
2026-05-26T18:13:00+00:00,114.1775,114.181,114.1715,114.1825,140
2026-05-26T18:14:00+00:00,114.1805,114.176,114.1705,114.181,153
2026-05-26T18:15:00+00:00,114.1765,114.174,114.1735,114.1815,178
2026-05-26T18:16:00+00:00,114.1735,114.168,114.166,114.176,100
2026-05-26T18:17:00+00:00,114.1665,114.174,114.166,114.1765,197
2026-05-26T18:18:00+00:00,114.173,114.1705,114.167,114.175,191
2026-05-26T18:19:00+00:00,114.171,114.1805,114.1695,114.181,126
2026-05-26T18:20:00+00:00,114.18,114.175,114.168,114.181,186
2026-05-26T18:21:00+00:00,114.1755,114.1755,114.166,114.179,185
2026-05-26T18:22:00+00:00,114.175,114.1715,114.171,114.1815,177
2026-05-26T18:23:00+00:00,114.172,114.1805,114.1665,114.1815,276
2026-05-26T18:24:00+00:00,114.18,114.1665,114.164,114.181,157
2026-05-26T18:25:00+00:00,114.166,114.168,114.1655,114.1695,137
2026-05-26T18:26:00+00:00,114.1685,114.1705,114.1635,114.1705,198
2026-05-26T18:27:00+00:00,114.17,114.17,114.1655,114.1715,178
2026-05-26T18:28:00+00:00,114.1695,114.1745,114.1675,114.177,267
2026-05-26T18:29:00+00:00,114.175,114.1855,114.1745,114.1855,111
2026-05-26T18:30:00+00:00,114.186,114.1945,114.186,114.2005,193
2026-05-26T18:31:00+00:00,114.194,114.1975,114.193,114.2015,288
2026-05-26T18:32:00+00:00,114.198,114.194,114.1895,114.1995,282
2026-05-26T18:33:00+00:00,114.1935,114.2005,114.193,114.206,139
2026-05-26T18:34:00+00:00,114.201,114.205,114.192,114.2055,136
2026-05-26T18:35:00+00:00,114.2055,114.198,114.1965,114.207,193
2026-05-26T18:36:00+00:00,114.1985,114.196,114.1925,114.1995,160
2026-05-26T18:37:00+00:00,114.1955,114.192,114.192,114.197,106
2026-05-26T18:38:00+00:00,114.1925,114.1955,114.1925,114.2015,137
2026-05-26T18:39:00+00:00,114.1955,114.1955,114.194,114.2025,159
2026-05-26T18:40:00+00:00,114.196,114.175,114.1735,114.1985,228
2026-05-26T18:41:00+00:00,114.1755,114.176,114.169,114.1765,201
2026-05-26T18:42:00+00:00,114.176,114.18,114.169,114.182,272
2026-05-26T18:43:00+00:00,114.1805,114.19,114.18,114.191,166
2026-05-26T18:44:00+00:00,114.191,114.1935,114.191,114.196,130
2026-05-26T18:45:00+00:00,114.1935,114.19,114.187,114.196,81
2026-05-26T18:46:00+00:00,114.191,114.1915,114.1865,114.1925,60
2026-05-26T18:47:00+00:00,114.1895,114.19,114.1885,114.1945,66
2026-05-26T18:48:00+00:00,114.191,114.191,114.189,114.196,74
2026-05-26T18:49:00+00:00,114.1915,114.194,114.19,114.201,120
2026-05-26T18:50:00+00:00,114.1945,114.2005,114.192,114.204,163
2026-05-26T18:51:00+00:00,114.201,114.2065,114.197,114.2085,163
2026-05-26T18:52:00+00:00,114.207,114.1985,114.197,114.207,151
2026-05-26T18:53:00+00:00,114.199,114.2,114.1965,114.2055,228
2026-05-26T18:54:00+00:00,114.1995,114.206,114.197,114.2065,123
2026-05-26T18:55:00+00:00,114.2075,114.201,114.1985,114.2095,106
2026-05-26T18:56:00+00:00,114.201,114.1995,114.198,114.201,125
2026-05-26T18:57:00+00:00,114.2005,114.219,114.193,114.219,210
2026-05-26T18:58:00+00:00,114.219,114.212,114.21,114.219,209
2026-05-26T18:59:00+00:00,114.211,114.2125,114.21,114.22,245
2026-05-26T19:00:00+00:00,114.213,114.1955,114.194,114.213,265
2026-05-26T19:01:00+00:00,114.1955,114.1925,114.1915,114.1995,258
2026-05-26T19:02:00+00:00,114.193,114.185,114.184,114.197,125
2026-05-26T19:03:00+00:00,114.1855,114.1955,114.1845,114.1965,175
2026-05-26T19:04:00+00:00,114.195,114.1895,114.185,114.1965,167
2026-05-26T19:05:00+00:00,114.19,114.1915,114.186,114.1945,137
2026-05-26T19:06:00+00:00,114.1915,114.1925,114.1905,114.1945,141
2026-05-26T19:07:00+00:00,114.1935,114.1925,114.1915,114.1975,125
2026-05-26T19:08:00+00:00,114.1925,114.1955,114.1905,114.1955,106
2026-05-26T19:09:00+00:00,114.1955,114.1975,114.193,114.1995,70
2026-05-26T19:10:00+00:00,114.198,114.1995,114.197,114.2015,91
2026-05-26T19:11:00+00:00,114.201,114.2045,114.1995,114.208,116
2026-05-26T19:12:00+00:00,114.205,114.1965,114.1965,114.206,151
2026-05-26T19:13:00+00:00,114.196,114.201,114.196,114.206,155
2026-05-26T19:14:00+00:00,114.2015,114.19,114.1895,114.2045,196
2026-05-26T19:15:00+00:00,114.1905,114.185,114.184,114.191,162
2026-05-26T19:16:00+00:00,114.1855,114.1885,114.182,114.1905,110
2026-05-26T19:17:00+00:00,114.189,114.1905,114.187,114.194,194
2026-05-26T19:18:00+00:00,114.191,114.1895,114.1855,114.1915,96
2026-05-26T19:19:00+00:00,114.19,114.1905,114.1845,114.1915,115
2026-05-26T19:20:00+00:00,114.191,114.199,114.19,114.2005,138
2026-05-26T19:21:00+00:00,114.1995,114.191,114.189,114.2005,199
2026-05-26T19:22:00+00:00,114.191,114.1955,114.191,114.196,94
2026-05-26T19:23:00+00:00,114.196,114.2065,114.196,114.208,134
2026-05-26T19:24:00+00:00,114.2065,114.2135,114.2055,114.2145,157
2026-05-26T19:25:00+00:00,114.2125,114.215,114.2065,114.216,105
2026-05-26T19:26:00+00:00,114.2145,114.2145,114.2095,114.2175,79
2026-05-26T19:27:00+00:00,114.2145,114.2085,114.207,114.2155,99
2026-05-26T19:28:00+00:00,114.2085,114.2,114.1995,114.2085,87
2026-05-26T19:29:00+00:00,114.1995,114.203,114.1995,114.207,120
2026-05-26T19:30:00+00:00,114.2025,114.204,114.1965,114.2095,175
2026-05-26T19:31:00+00:00,114.203,114.208,114.2015,114.2095,108
2026-05-26T19:32:00+00:00,114.208,114.2085,114.2015,114.2095,204
2026-05-26T19:33:00+00:00,114.209,114.208,114.205,114.21,126
2026-05-26T19:34:00+00:00,114.2085,114.217,114.2085,114.22,216
2026-05-26T19:35:00+00:00,114.2165,114.21,114.2085,114.217,104
2026-05-26T19:36:00+00:00,114.21,114.216,114.209,114.2185,165
2026-05-26T19:37:00+00:00,114.2155,114.2145,114.2085,114.2165,175
2026-05-26T19:38:00+00:00,114.215,114.2085,114.2045,114.216,226
2026-05-26T19:39:00+00:00,114.2085,114.2105,114.2065,114.2145,151
2026-05-26T19:40:00+00:00,114.21,114.211,114.209,114.2135,97
2026-05-26T19:41:00+00:00,114.2105,114.2145,114.21,114.217,105
2026-05-26T19:42:00+00:00,114.215,114.216,114.214,114.2175,106
2026-05-26T19:43:00+00:00,114.2155,114.22,114.213,114.2205,86
2026-05-26T19:44:00+00:00,114.2205,114.2245,114.2195,114.225,85
2026-05-26T19:45:00+00:00,114.2235,114.222,114.218,114.2245,125
2026-05-26T19:46:00+00:00,114.2225,114.224,114.217,114.2265,109
2026-05-26T19:47:00+00:00,114.2245,114.223,114.2225,114.225,50
2026-05-26T19:48:00+00:00,114.2235,114.2245,114.2215,114.225,59
2026-05-26T19:49:00+00:00,114.2245,114.23,114.2235,114.2305,87
2026-05-26T19:50:00+00:00,114.2305,114.226,114.225,114.2355,163
2026-05-26T19:51:00+00:00,114.2265,114.2185,114.2185,114.23,106
2026-05-26T19:52:00+00:00,114.2185,114.222,114.2165,114.2235,133
2026-05-26T19:53:00+00:00,114.222,114.219,114.218,114.2245,91
2026-05-26T19:54:00+00:00,114.219,114.2205,114.219,114.2245,108
2026-05-26T19:55:00+00:00,114.221,114.223,114.218,114.2285,150
2026-05-26T19:56:00+00:00,114.222,114.21,114.205,114.2245,173
2026-05-26T19:57:00+00:00,114.2085,114.2085,114.204,114.214,169
2026-05-26T19:58:00+00:00,114.209,114.197,114.197,114.2125,229
2026-05-26T19:59:00+00:00,114.1975,114.211,114.1965,114.212,354
2026-05-26T20:00:00+00:00,114.2115,114.204,114.201,114.213,276
2026-05-26T20:01:00+00:00,114.205,114.2135,114.205,114.2155,165
2026-05-26T20:02:00+00:00,114.213,114.2205,114.2115,114.2215,129
2026-05-26T20:03:00+00:00,114.2205,114.221,114.216,114.2215,89
2026-05-26T20:04:00+00:00,114.2205,114.208,114.208,114.221,99
2026-05-26T20:05:00+00:00,114.209,114.2,114.1985,114.2165,101
2026-05-26T20:06:00+00:00,114.201,114.199,114.198,114.201,32
2026-05-26T20:07:00+00:00,114.199,114.1985,114.197,114.1995,13
2026-05-26T20:08:00+00:00,114.1985,114.1975,114.1955,114.199,42
2026-05-26T20:09:00+00:00,114.1975,114.189,114.189,114.1975,44
2026-05-26T20:10:00+00:00,114.1895,114.196,114.1885,114.1965,46
2026-05-26T20:11:00+00:00,114.1975,114.199,114.1925,114.2005,35
2026-05-26T20:12:00+00:00,114.1995,114.197,114.197,114.2005,30
2026-05-26T20:13:00+00:00,114.197,114.197,114.196,114.1975,11
2026-05-26T20:14:00+00:00,114.1965,114.1945,114.1935,114.199,31
2026-05-26T20:15:00+00:00,114.1945,114.197,114.1925,114.198,53
2026-05-26T20:16:00+00:00,114.197,114.193,114.1925,114.1975,37
2026-05-26T20:17:00+00:00,114.1935,114.191,114.1905,114.195,50
2026-05-26T20:18:00+00:00,114.1915,114.191,114.19,114.193,38
2026-05-26T20:19:00+00:00,114.191,114.1915,114.19,114.193,25
2026-05-26T20:20:00+00:00,114.193,114.193,114.1905,114.1955,23
2026-05-26T20:21:00+00:00,114.193,114.192,114.1905,114.193,20
2026-05-26T20:22:00+00:00,114.192,114.1905,114.1895,114.193,22
2026-05-26T20:23:00+00:00,114.1905,114.1905,114.19,114.192,34
2026-05-26T20:24:00+00:00,114.1905,114.195,114.1905,114.1995,36
2026-05-26T20:25:00+00:00,114.1945,114.1975,114.194,114.198,40
2026-05-26T20:26:00+00:00,114.198,114.2005,114.198,114.201,45
2026-05-26T20:27:00+00:00,114.2005,114.1985,114.1965,114.206,47
2026-05-26T20:28:00+00:00,114.1985,114.1995,114.198,114.201,74
2026-05-26T20:29:00+00:00,114.2005,114.1915,114.1915,114.201,152
2026-05-26T20:30:00+00:00,114.191,114.1965,114.19,114.197,42
2026-05-26T20:31:00+00:00,114.1965,114.196,114.194,114.1995,81
2026-05-26T20:32:00+00:00,114.196,114.2075,114.196,114.209,52
2026-05-26T20:33:00+00:00,114.207,114.201,114.201,114.2095,49
2026-05-26T20:34:00+00:00,114.201,114.2,114.199,114.2025,11
2026-05-26T20:35:00+00:00,114.2,114.201,114.1995,114.2025,39
2026-05-26T20:36:00+00:00,114.2005,114.2075,114.2005,114.2075,31
2026-05-26T20:37:00+00:00,114.208,114.2115,114.2075,114.2115,42
2026-05-26T20:38:00+00:00,114.21,114.2125,114.207,114.2125,56
2026-05-26T20:39:00+00:00,114.213,114.2075,114.2055,114.2135,66
2026-05-26T20:40:00+00:00,114.207,114.213,114.2065,114.213,80
2026-05-26T20:41:00+00:00,114.213,114.2105,114.2095,114.213,24
2026-05-26T20:42:00+00:00,114.21,114.207,114.2035,114.21,119
2026-05-26T20:43:00+00:00,114.2065,114.203,114.202,114.2085,203
2026-05-26T20:44:00+00:00,114.204,114.201,114.198,114.204,26
2026-05-26T20:45:00+00:00,114.2015,114.1985,114.196,114.2015,64
2026-05-26T20:46:00+00:00,114.1985,114.197,114.196,114.1985,82
2026-05-26T20:47:00+00:00,114.1975,114.197,114.1965,114.1985,30
2026-05-26T20:48:00+00:00,114.197,114.1965,114.1895,114.197,51
2026-05-26T20:49:00+00:00,114.197,114.1935,114.193,114.1975,56
2026-05-26T20:50:00+00:00,114.193,114.1735,114.172,114.1945,164
2026-05-26T20:51:00+00:00,114.174,114.173,114.164,114.176,89
2026-05-26T20:52:00+00:00,114.173,114.175,114.1725,114.176,95
2026-05-26T20:53:00+00:00,114.174,114.174,114.17,114.176,90
2026-05-26T20:54:00+00:00,114.1735,114.1795,114.1705,114.181,98
2026-05-26T20:55:00+00:00,114.1785,114.1825,114.173,114.183,76
2026-05-26T20:56:00+00:00,114.1825,114.174,114.17,114.1825,103
2026-05-26T20:57:00+00:00,114.174,114.1725,114.1705,114.1765,50
2026-05-26T20:58:00+00:00,114.172,114.176,114.172,114.179,104
2026-05-26T20:59:00+00:00,114.1755,114.1935,114.1645,114.1965,159
2026-05-26T21:00:00+00:00,114.196,114.209,114.195,114.2395,57
2026-05-26T21:01:00+00:00,114.211,114.2095,114.209,114.211,25
2026-05-26T21:02:00+00:00,114.21,114.2095,114.2095,114.21,26
2026-05-26T21:03:00+00:00,114.2095,114.2095,114.2095,114.2095,22
2026-05-26T21:04:00+00:00,114.2095,114.209,114.205,114.215,27
2026-05-26T21:05:00+00:00,114.209,114.209,114.2055,114.209,85
2026-05-26T21:06:00+00:00,114.208,114.209,114.2065,114.2195,242
2026-05-26T21:07:00+00:00,114.208,114.21,114.208,114.2195,297
2026-05-26T21:08:00+00:00,114.2135,114.2105,114.209,114.218,273
2026-05-26T21:09:00+00:00,114.211,114.211,114.208,114.22,263
2026-05-26T21:10:00+00:00,114.2145,114.222,114.208,114.222,208
2026-05-26T21:11:00+00:00,114.217,114.2215,114.217,114.236,63
2026-05-26T21:12:00+00:00,114.2215,114.2295,114.2215,114.2305,66
2026-05-26T21:13:00+00:00,114.2305,114.2255,114.2255,114.247,78
2026-05-26T21:14:00+00:00,114.2255,114.182,114.182,114.227,20
2026-05-26T21:15:00+00:00,114.1815,114.2,114.162,114.2205,45
2026-05-26T21:16:00+00:00,114.2035,114.198,114.198,114.2075,6
2026-05-26T21:17:00+00:00,114.198,114.17,114.1695,114.198,27
2026-05-26T21:18:00+00:00,114.17,114.203,114.161,114.2045,35
2026-05-26T21:19:00+00:00,114.203,114.2085,114.203,114.2095,20
2026-05-26T21:20:00+00:00,114.2085,114.2095,114.208,114.235,52
2026-05-26T21:21:00+00:00,114.2095,114.211,114.2085,114.213,10
2026-05-26T21:22:00+00:00,114.211,114.2085,114.2085,114.2125,8
2026-05-26T21:23:00+00:00,114.2085,114.209,114.2085,114.209,1
2026-05-26T21:24:00+00:00,114.209,114.1915,114.1915,114.2355,15
2026-05-26T21:25:00+00:00,114.1915,114.1875,114.187,114.1915,4
2026-05-26T21:26:00+00:00,114.1875,114.187,114.187,114.192,14
2026-05-26T21:27:00+00:00,114.187,114.187,114.1865,114.187,2
2026-05-26T21:28:00+00:00,114.187,114.187,114.187,114.187,0
2026-05-26T21:29:00+00:00,114.187,114.2015,114.187,114.2015,2
2026-05-26T21:30:00+00:00,114.2015,114.1865,114.1865,114.2015,1
2026-05-26T21:31:00+00:00,114.1865,114.186,114.186,114.189,3
2026-05-26T21:32:00+00:00,114.186,114.19,114.1855,114.1905,4
2026-05-26T21:33:00+00:00,114.19,114.202,114.19,114.2025,2
2026-05-26T21:34:00+00:00,114.202,114.2025,114.202,114.2025,3
2026-05-26T21:35:00+00:00,114.2025,114.203,114.202,114.203,4
2026-05-26T21:36:00+00:00,114.203,114.194,114.188,114.2035,13
2026-05-26T21:37:00+00:00,114.194,114.1935,114.192,114.196,8
2026-05-26T21:38:00+00:00,114.1935,114.197,114.1935,114.2005,10
2026-05-26T21:39:00+00:00,114.197,114.2005,114.197,114.2005,1
2026-05-26T21:40:00+00:00,114.2005,114.198,114.198,114.202,3
2026-05-26T21:41:00+00:00,114.198,114.196,114.194,114.2025,6
2026-05-26T21:42:00+00:00,114.196,114.1905,114.1905,114.199,6
2026-05-26T21:43:00+00:00,114.1905,114.1905,114.1905,114.1905,0
2026-05-26T21:44:00+00:00,114.1905,114.187,114.187,114.194,3
2026-05-26T21:45:00+00:00,114.187,114.19,114.187,114.1945,6
2026-05-26T21:46:00+00:00,114.19,114.185,114.1845,114.19,4
2026-05-26T21:47:00+00:00,114.185,114.1815,114.181,114.185,9
2026-05-26T21:48:00+00:00,114.1815,114.1815,114.181,114.1835,4
2026-05-26T21:49:00+00:00,114.1815,114.181,114.1745,114.185,21
2026-05-26T21:50:00+00:00,114.181,114.181,114.178,114.183,11
2026-05-26T21:51:00+00:00,114.181,114.1825,114.1795,114.1845,11
2026-05-26T21:52:00+00:00,114.1825,114.1825,114.1825,114.1825,0
2026-05-26T21:53:00+00:00,114.1825,114.181,114.1795,114.1825,6
2026-05-26T21:54:00+00:00,114.181,114.181,114.1805,114.1825,6
2026-05-26T21:55:00+00:00,114.181,114.1825,114.1795,114.1845,26
2026-05-26T21:56:00+00:00,114.1825,114.182,114.182,114.183,2
2026-05-26T21:57:00+00:00,114.182,114.1845,114.182,114.185,16
2026-05-26T21:58:00+00:00,114.1845,114.1845,114.1845,114.186,4
2026-05-26T21:59:00+00:00,114.1845,114.1565,114.1535,114.1855,62
2026-05-26T22:00:00+00:00,114.156,114.177,114.1555,114.186,103
2026-05-26T22:01:00+00:00,114.1745,114.1765,114.168,114.183,140
2026-05-26T22:02:00+00:00,114.1785,114.1755,114.1725,114.1815,35
2026-05-26T22:03:00+00:00,114.1755,114.174,114.174,114.1785,19
2026-05-26T22:04:00+00:00,114.174,114.1735,114.1705,114.18,39
2026-05-26T22:05:00+00:00,114.174,114.1765,114.1665,114.178,89
2026-05-26T22:06:00+00:00,114.178,114.1775,114.17,114.179,22
2026-05-26T22:07:00+00:00,114.1775,114.1715,114.1715,114.1785,31
2026-05-26T22:08:00+00:00,114.172,114.1645,114.163,114.179,68
2026-05-26T22:09:00+00:00,114.1645,114.1685,114.1645,114.172,53
2026-05-26T22:10:00+00:00,114.169,114.1665,114.1625,114.1745,197
2026-05-26T22:11:00+00:00,114.1665,114.1585,114.156,114.1695,142
2026-05-26T22:12:00+00:00,114.1585,114.1705,114.158,114.173,121
2026-05-26T22:13:00+00:00,114.1705,114.1685,114.167,114.173,71
2026-05-26T22:14:00+00:00,114.1695,114.168,114.1665,114.1725,77
2026-05-26T22:15:00+00:00,114.169,114.1725,114.1675,114.1735,35
2026-05-26T22:16:00+00:00,114.1725,114.1705,114.1665,114.1725,49
2026-05-26T22:17:00+00:00,114.1705,114.17,114.169,114.172,29
2026-05-26T22:18:00+00:00,114.17,114.175,114.17,114.176,42
2026-05-26T22:19:00+00:00,114.175,114.1795,114.175,114.18,49
2026-05-26T22:20:00+00:00,114.18,114.1795,114.1775,114.182,58
2026-05-26T22:21:00+00:00,114.1795,114.1745,114.1745,114.1795,42
2026-05-26T22:22:00+00:00,114.1735,114.1745,114.173,114.1785,40
2026-05-26T22:23:00+00:00,114.1745,114.177,114.1735,114.1835,60
2026-05-26T22:24:00+00:00,114.1765,114.177,114.1725,114.178,27
2026-05-26T22:25:00+00:00,114.177,114.171,114.171,114.182,63
2026-05-26T22:26:00+00:00,114.171,114.171,114.17,114.177,14
2026-05-26T22:27:00+00:00,114.171,114.1735,114.171,114.177,37
2026-05-26T22:28:00+00:00,114.174,114.174,114.17,114.176,49
2026-05-26T22:29:00+00:00,114.174,114.1655,114.164,114.174,60
2026-05-26T22:30:00+00:00,114.164,114.1665,114.163,114.169,73
2026-05-26T22:31:00+00:00,114.1685,114.172,114.166,114.1725,68
2026-05-26T22:32:00+00:00,114.172,114.1735,114.172,114.1775,62
2026-05-26T22:33:00+00:00,114.174,114.1725,114.171,114.1745,28
2026-05-26T22:34:00+00:00,114.172,114.1725,114.172,114.1795,45
2026-05-26T22:35:00+00:00,114.1725,114.178,114.1725,114.1805,51
2026-05-26T22:36:00+00:00,114.178,114.1725,114.171,114.178,45
2026-05-26T22:37:00+00:00,114.172,114.171,114.1645,114.1725,25
2026-05-26T22:38:00+00:00,114.171,114.1645,114.1625,114.171,49
2026-05-26T22:39:00+00:00,114.1655,114.1715,114.1645,114.174,63
2026-05-26T22:40:00+00:00,114.172,114.179,114.172,114.18,71
2026-05-26T22:41:00+00:00,114.179,114.1775,114.177,114.1795,39
2026-05-26T22:42:00+00:00,114.1785,114.1775,114.1745,114.1785,45
2026-05-26T22:43:00+00:00,114.1765,114.178,114.176,114.1785,36
2026-05-26T22:44:00+00:00,114.178,114.171,114.1695,114.178,30
2026-05-26T22:45:00+00:00,114.171,114.17,114.1695,114.173,29
2026-05-26T22:46:00+00:00,114.1695,114.162,114.162,114.1705,72
2026-05-26T22:47:00+00:00,114.1625,114.163,114.162,114.1645,30
2026-05-26T22:48:00+00:00,114.1625,114.1545,114.153,114.164,67
2026-05-26T22:49:00+00:00,114.1545,114.1525,114.1515,114.1545,20
2026-05-26T22:50:00+00:00,114.152,114.1605,114.152,114.161,44
2026-05-26T22:51:00+00:00,114.1595,114.1595,114.159,114.1605,22
2026-05-26T22:52:00+00:00,114.16,114.16,114.158,114.1605,30
2026-05-26T22:53:00+00:00,114.1595,114.1525,114.1515,114.1595,102
2026-05-26T22:54:00+00:00,114.152,114.153,114.15,114.1545,40
