timestamp_utc,open,close,min,max,volume
2026-05-22T08:12:00+00:00,113.4995,113.4915,113.486,113.4995,192
2026-05-22T08:13:00+00:00,113.4915,113.4955,113.4915,113.5025,209
2026-05-22T08:14:00+00:00,113.4945,113.4985,113.482,113.499,157
2026-05-22T08:15:00+00:00,113.498,113.5185,113.495,113.522,325
2026-05-22T08:16:00+00:00,113.518,113.523,113.5075,113.5305,425
2026-05-22T08:17:00+00:00,113.5235,113.5525,113.521,113.556,270
2026-05-22T08:18:00+00:00,113.552,113.578,113.552,113.588,413
2026-05-22T08:19:00+00:00,113.5775,113.5805,113.5715,113.5835,371
2026-05-22T08:20:00+00:00,113.581,113.6245,113.5805,113.639,757
2026-05-22T08:21:00+00:00,113.624,113.566,113.5655,113.63,655
2026-05-22T08:22:00+00:00,113.567,113.5435,113.54,113.567,427
2026-05-22T08:23:00+00:00,113.544,113.563,113.543,113.5645,317
2026-05-22T08:24:00+00:00,113.5635,113.5705,113.557,113.573,229
2026-05-22T08:25:00+00:00,113.5705,113.573,113.555,113.5785,299
2026-05-22T08:26:00+00:00,113.5735,113.582,113.571,113.582,251
2026-05-22T08:27:00+00:00,113.5825,113.5645,113.5635,113.5825,177
2026-05-22T08:28:00+00:00,113.564,113.5415,113.5405,113.5655,289
2026-05-22T08:29:00+00:00,113.5435,113.5485,113.5365,113.549,232
2026-05-22T08:30:00+00:00,113.549,113.56,113.542,113.574,353
2026-05-22T08:31:00+00:00,113.5605,113.575,113.556,113.575,236
2026-05-22T08:32:00+00:00,113.5745,113.576,113.5745,113.5835,197
2026-05-22T08:33:00+00:00,113.576,113.5515,113.55,113.576,209
2026-05-22T08:34:00+00:00,113.551,113.5075,113.5025,113.5525,522
2026-05-22T08:35:00+00:00,113.5065,113.495,113.463,113.5075,928
2026-05-22T08:36:00+00:00,113.4945,113.503,113.479,113.504,599
2026-05-22T08:37:00+00:00,113.5035,113.5145,113.498,113.5375,477
2026-05-22T08:38:00+00:00,113.5125,113.538,113.5095,113.5485,546
2026-05-22T08:39:00+00:00,113.5375,113.498,113.487,113.538,493
2026-05-22T08:40:00+00:00,113.4985,113.495,113.4895,113.5085,347
2026-05-22T08:41:00+00:00,113.4945,113.4975,113.4885,113.505,346
2026-05-22T08:42:00+00:00,113.497,113.518,113.496,113.521,353
2026-05-22T08:43:00+00:00,113.5185,113.5275,113.5165,113.5375,322
2026-05-22T08:44:00+00:00,113.526,113.513,113.5055,113.5275,352
2026-05-22T08:45:00+00:00,113.513,113.524,113.513,113.529,264
2026-05-22T08:46:00+00:00,113.5235,113.5205,113.5205,113.533,210
2026-05-22T08:47:00+00:00,113.521,113.53,113.5205,113.535,232
2026-05-22T08:48:00+00:00,113.5295,113.5375,113.5275,113.5395,245
2026-05-22T08:49:00+00:00,113.5375,113.5335,113.528,113.5395,192
2026-05-22T08:50:00+00:00,113.534,113.5355,113.517,113.536,304
2026-05-22T08:51:00+00:00,113.535,113.518,113.5125,113.5385,226
2026-05-22T08:52:00+00:00,113.5185,113.517,113.502,113.524,325
2026-05-22T08:53:00+00:00,113.515,113.502,113.497,113.5195,375
2026-05-22T08:54:00+00:00,113.5025,113.4965,113.495,113.5085,270
2026-05-22T08:55:00+00:00,113.497,113.5055,113.4945,113.5085,200
2026-05-22T08:56:00+00:00,113.505,113.496,113.4945,113.508,274
2026-05-22T08:57:00+00:00,113.4955,113.505,113.492,113.5065,206
2026-05-22T08:58:00+00:00,113.5055,113.486,113.481,113.508,280
2026-05-22T08:59:00+00:00,113.4865,113.4885,113.4775,113.4955,272
2026-05-22T09:00:00+00:00,113.488,113.4915,113.4765,113.4965,356
2026-05-22T09:01:00+00:00,113.492,113.488,113.485,113.497,338
2026-05-22T09:02:00+00:00,113.487,113.4785,113.4785,113.4995,327
2026-05-22T09:03:00+00:00,113.479,113.4885,113.4785,113.4895,203
2026-05-22T09:04:00+00:00,113.488,113.469,113.464,113.49,245
2026-05-22T09:05:00+00:00,113.4695,113.4615,113.4545,113.4695,335
2026-05-22T09:06:00+00:00,113.462,113.4355,113.4355,113.463,345
2026-05-22T09:07:00+00:00,113.435,113.4285,113.423,113.44,381
2026-05-22T09:08:00+00:00,113.429,113.407,113.402,113.4305,372
2026-05-22T09:09:00+00:00,113.4075,113.411,113.3975,113.415,358
2026-05-22T09:10:00+00:00,113.412,113.431,113.409,113.432,241
2026-05-22T09:11:00+00:00,113.4315,113.4365,113.43,113.4445,133
2026-05-22T09:12:00+00:00,113.4375,113.429,113.422,113.438,300
2026-05-22T09:13:00+00:00,113.4285,113.424,113.424,113.436,273
2026-05-22T09:14:00+00:00,113.425,113.4205,113.4165,113.43,378
2026-05-22T09:15:00+00:00,113.4195,113.409,113.403,113.4285,395
2026-05-22T09:16:00+00:00,113.4085,113.406,113.403,113.412,300
2026-05-22T09:17:00+00:00,113.4065,113.39,113.383,113.407,405
2026-05-22T09:18:00+00:00,113.3905,113.401,113.3845,113.4085,434
2026-05-22T09:19:00+00:00,113.4015,113.403,113.4005,113.409,307
2026-05-22T09:20:00+00:00,113.4025,113.405,113.4025,113.4145,255
2026-05-22T09:21:00+00:00,113.4055,113.3955,113.39,113.4055,262
2026-05-22T09:22:00+00:00,113.396,113.388,113.388,113.4035,266
2026-05-22T09:23:00+00:00,113.3885,113.382,113.3765,113.389,284
2026-05-22T09:24:00+00:00,113.3815,113.389,113.3765,113.39,178
2026-05-22T09:25:00+00:00,113.3895,113.388,113.383,113.397,268
2026-05-22T09:26:00+00:00,113.3875,113.3865,113.381,113.3885,210
2026-05-22T09:27:00+00:00,113.387,113.4185,113.386,113.4195,235
2026-05-22T09:28:00+00:00,113.42,113.426,113.419,113.432,239
2026-05-22T09:29:00+00:00,113.4265,113.434,113.4235,113.434,188
2026-05-22T09:30:00+00:00,113.4345,113.4215,113.421,113.435,157
2026-05-22T09:31:00+00:00,113.422,113.4125,113.403,113.4235,253
2026-05-22T09:32:00+00:00,113.413,113.406,113.4055,113.4175,194
2026-05-22T09:33:00+00:00,113.4055,113.404,113.3935,113.4055,181
2026-05-22T09:34:00+00:00,113.4035,113.408,113.397,113.41,162
2026-05-22T09:35:00+00:00,113.408,113.405,113.398,113.4085,195
2026-05-22T09:36:00+00:00,113.4055,113.406,113.398,113.4095,184
2026-05-22T09:37:00+00:00,113.407,113.395,113.39,113.4075,255
2026-05-22T09:38:00+00:00,113.3955,113.412,113.3955,113.413,165
2026-05-22T09:39:00+00:00,113.4115,113.457,113.4095,113.457,301
2026-05-22T09:40:00+00:00,113.4575,113.456,113.4465,113.46,299
2026-05-22T09:41:00+00:00,113.4565,113.458,113.446,113.4595,244
2026-05-22T09:42:00+00:00,113.4585,113.439,113.4375,113.46,185
2026-05-22T09:43:00+00:00,113.438,113.4285,113.427,113.4385,147
2026-05-22T09:44:00+00:00,113.429,113.435,113.4255,113.435,226
2026-05-22T09:45:00+00:00,113.4355,113.4385,113.4325,113.4425,219
2026-05-22T09:46:00+00:00,113.439,113.4325,113.425,113.4395,162
2026-05-22T09:47:00+00:00,113.433,113.443,113.429,113.4435,176
2026-05-22T09:48:00+00:00,113.4425,113.448,113.442,113.452,338
2026-05-22T09:49:00+00:00,113.4475,113.458,113.443,113.462,226
2026-05-22T09:50:00+00:00,113.4575,113.4625,113.455,113.468,468
2026-05-22T09:51:00+00:00,113.462,113.47,113.4545,113.4715,516
2026-05-22T09:52:00+00:00,113.4705,113.454,113.454,113.471,255
2026-05-22T09:53:00+00:00,113.455,113.461,113.4525,113.467,271
2026-05-22T09:54:00+00:00,113.46,113.443,113.4415,113.469,219
2026-05-22T09:55:00+00:00,113.442,113.4525,113.44,113.457,282
2026-05-22T09:56:00+00:00,113.452,113.44,113.4385,113.4535,230
2026-05-22T09:57:00+00:00,113.438,113.4345,113.4245,113.4395,242
2026-05-22T09:58:00+00:00,113.4335,113.432,113.4225,113.437,378
2026-05-22T09:59:00+00:00,113.4315,113.4275,113.4275,113.4395,287
2026-05-22T10:00:00+00:00,113.4285,113.46,113.4205,113.469,453
2026-05-22T10:01:00+00:00,113.4605,113.437,113.437,113.4635,332
2026-05-22T10:02:00+00:00,113.436,113.4425,113.425,113.4445,364
2026-05-22T10:03:00+00:00,113.442,113.4245,113.424,113.4465,302
2026-05-22T10:04:00+00:00,113.4235,113.408,113.407,113.4245,391
2026-05-22T10:05:00+00:00,113.409,113.426,113.408,113.4265,251
2026-05-22T10:06:00+00:00,113.4265,113.449,113.4265,113.4515,200
2026-05-22T10:07:00+00:00,113.448,113.4505,113.445,113.456,214
2026-05-22T10:08:00+00:00,113.45,113.4595,113.45,113.4665,260
2026-05-22T10:09:00+00:00,113.4595,113.4575,113.452,113.4625,173
2026-05-22T10:10:00+00:00,113.458,113.4615,113.453,113.4635,220
2026-05-22T10:11:00+00:00,113.461,113.4525,113.45,113.4615,132
2026-05-22T10:12:00+00:00,113.452,113.464,113.4505,113.4655,190
2026-05-22T10:13:00+00:00,113.4645,113.4485,113.4485,113.4715,206
2026-05-22T10:14:00+00:00,113.4475,113.4335,113.427,113.4495,279
2026-05-22T10:15:00+00:00,113.433,113.4425,113.4325,113.4425,218
2026-05-22T10:16:00+00:00,113.442,113.448,113.438,113.4535,178
2026-05-22T10:17:00+00:00,113.4485,113.4555,113.448,113.4575,222
2026-05-22T10:18:00+00:00,113.4545,113.4615,113.452,113.464,173
2026-05-22T10:19:00+00:00,113.461,113.455,113.4485,113.461,239
2026-05-22T10:20:00+00:00,113.4555,113.445,113.4445,113.4585,212
2026-05-22T10:21:00+00:00,113.4445,113.456,113.4445,113.46,263
2026-05-22T10:22:00+00:00,113.4565,113.438,113.434,113.4575,193
2026-05-22T10:23:00+00:00,113.4385,113.437,113.429,113.439,127
2026-05-22T10:24:00+00:00,113.4365,113.4455,113.428,113.4475,142
2026-05-22T10:25:00+00:00,113.446,113.4435,113.4405,113.4475,89
2026-05-22T10:26:00+00:00,113.443,113.449,113.4425,113.454,205
2026-05-22T10:27:00+00:00,113.4495,113.43,113.427,113.4495,137
2026-05-22T10:28:00+00:00,113.43,113.427,113.425,113.4355,169
2026-05-22T10:29:00+00:00,113.427,113.412,113.411,113.4285,201
2026-05-22T10:30:00+00:00,113.4115,113.4155,113.411,113.4295,256
2026-05-22T10:31:00+00:00,113.416,113.384,113.379,113.416,341
2026-05-22T10:32:00+00:00,113.3835,113.378,113.356,113.3855,306
2026-05-22T10:33:00+00:00,113.378,113.4045,113.3755,113.4045,375
2026-05-22T10:34:00+00:00,113.405,113.372,113.369,113.4065,284
2026-05-22T10:35:00+00:00,113.3725,113.375,113.3455,113.376,399
2026-05-22T10:36:00+00:00,113.3755,113.382,113.3705,113.393,297
2026-05-22T10:37:00+00:00,113.3825,113.395,113.381,113.398,310
2026-05-22T10:38:00+00:00,113.3945,113.3775,113.3745,113.396,277
2026-05-22T10:39:00+00:00,113.3765,113.37,113.369,113.378,347
2026-05-22T10:40:00+00:00,113.3695,113.372,113.368,113.3785,272
2026-05-22T10:41:00+00:00,113.3715,113.3855,113.3715,113.387,244
2026-05-22T10:42:00+00:00,113.385,113.383,113.375,113.3875,213
2026-05-22T10:43:00+00:00,113.3825,113.3875,113.3765,113.389,219
2026-05-22T10:44:00+00:00,113.3865,113.388,113.3795,113.39,239
2026-05-22T10:45:00+00:00,113.387,113.39,113.384,113.394,143
2026-05-22T10:46:00+00:00,113.3895,113.386,113.3845,113.393,222
2026-05-22T10:47:00+00:00,113.386,113.379,113.376,113.386,178
2026-05-22T10:48:00+00:00,113.379,113.374,113.3735,113.3875,247
2026-05-22T10:49:00+00:00,113.3735,113.3705,113.3635,113.374,262
2026-05-22T10:50:00+00:00,113.371,113.3795,113.368,113.3795,181
2026-05-22T10:51:00+00:00,113.38,113.376,113.374,113.384,141
2026-05-22T10:52:00+00:00,113.3765,113.3865,113.376,113.393,216
2026-05-22T10:53:00+00:00,113.386,113.393,113.385,113.394,196
2026-05-22T10:54:00+00:00,113.392,113.3805,113.379,113.3945,226
2026-05-22T10:55:00+00:00,113.38,113.3765,113.37,113.38,235
2026-05-22T10:56:00+00:00,113.376,113.3825,113.374,113.384,188
2026-05-22T10:57:00+00:00,113.383,113.382,113.3765,113.386,146
2026-05-22T10:58:00+00:00,113.382,113.38,113.377,113.383,112
2026-05-22T10:59:00+00:00,113.3805,113.38,113.379,113.3855,145
2026-05-22T11:00:00+00:00,113.381,113.3865,113.3805,113.391,262
2026-05-22T11:01:00+00:00,113.386,113.376,113.376,113.3905,246
2026-05-22T11:02:00+00:00,113.3755,113.3595,113.353,113.3755,279
2026-05-22T11:03:00+00:00,113.36,113.361,113.356,113.3655,165
2026-05-22T11:04:00+00:00,113.3605,113.3725,113.36,113.3725,156
2026-05-22T11:05:00+00:00,113.372,113.368,113.3655,113.376,202
2026-05-22T11:06:00+00:00,113.367,113.37,113.3665,113.3745,149
2026-05-22T11:07:00+00:00,113.369,113.352,113.3515,113.372,175
2026-05-22T11:08:00+00:00,113.3515,113.355,113.347,113.362,191
2026-05-22T11:09:00+00:00,113.355,113.3445,113.343,113.3565,139
2026-05-22T11:10:00+00:00,113.3445,113.345,113.332,113.3465,178
2026-05-22T11:11:00+00:00,113.3455,113.341,113.3375,113.346,151
2026-05-22T11:12:00+00:00,113.341,113.334,113.3295,113.341,164
2026-05-22T11:13:00+00:00,113.335,113.332,113.33,113.3365,113
2026-05-22T11:14:00+00:00,113.3315,113.3275,113.3205,113.338,214
2026-05-22T11:15:00+00:00,113.3275,113.3525,113.323,113.3645,278
2026-05-22T11:16:00+00:00,113.353,113.359,113.349,113.361,182
2026-05-22T11:17:00+00:00,113.3595,113.3575,113.3565,113.363,111
2026-05-22T11:18:00+00:00,113.357,113.3505,113.344,113.36,180
2026-05-22T11:19:00+00:00,113.351,113.3445,113.3435,113.3545,163
2026-05-22T11:20:00+00:00,113.345,113.342,113.3355,113.347,177
2026-05-22T11:21:00+00:00,113.3415,113.3375,113.3335,113.343,148
2026-05-22T11:22:00+00:00,113.337,113.3365,113.3275,113.339,156
2026-05-22T11:23:00+00:00,113.336,113.3305,113.329,113.3395,189
2026-05-22T11:24:00+00:00,113.3305,113.3395,113.3305,113.342,187
2026-05-22T11:25:00+00:00,113.34,113.3425,113.3365,113.344,111
2026-05-22T11:26:00+00:00,113.342,113.3525,113.3405,113.3575,194
2026-05-22T11:27:00+00:00,113.352,113.3635,113.351,113.3715,174
2026-05-22T11:28:00+00:00,113.363,113.3595,113.355,113.368,222
2026-05-22T11:29:00+00:00,113.3595,113.3525,113.3515,113.365,158
2026-05-22T11:30:00+00:00,113.352,113.315,113.3105,113.352,225
2026-05-22T11:31:00+00:00,113.3145,113.307,113.3035,113.318,294
2026-05-22T11:32:00+00:00,113.3065,113.327,113.306,113.3275,177
2026-05-22T11:33:00+00:00,113.3265,113.3275,113.321,113.33,163
2026-05-22T11:34:00+00:00,113.328,113.328,113.3195,113.3285,174
2026-05-22T11:35:00+00:00,113.3285,113.333,113.325,113.334,136
2026-05-22T11:36:00+00:00,113.3335,113.3395,113.3335,113.3465,215
2026-05-22T11:37:00+00:00,113.34,113.344,113.3385,113.352,157
2026-05-22T11:38:00+00:00,113.3445,113.3355,113.334,113.345,109
2026-05-22T11:39:00+00:00,113.336,113.351,113.336,113.361,333
2026-05-22T11:40:00+00:00,113.3505,113.337,113.3365,113.3515,200
2026-05-22T11:41:00+00:00,113.337,113.3235,113.322,113.339,168
2026-05-22T11:42:00+00:00,113.324,113.3245,113.318,113.3315,181
2026-05-22T11:43:00+00:00,113.325,113.328,113.321,113.33,153
2026-05-22T11:44:00+00:00,113.3275,113.3245,113.3245,113.3355,182
2026-05-22T11:45:00+00:00,113.324,113.335,113.3235,113.3365,159
2026-05-22T11:46:00+00:00,113.3355,113.34,113.334,113.3475,194
2026-05-22T11:47:00+00:00,113.3395,113.3565,113.339,113.365,579
2026-05-22T11:48:00+00:00,113.357,113.3865,113.3545,113.3905,425
2026-05-22T11:49:00+00:00,113.387,113.373,113.372,113.399,321
2026-05-22T11:50:00+00:00,113.3735,113.3695,113.3615,113.3815,282
2026-05-22T11:51:00+00:00,113.369,113.3675,113.361,113.373,327
2026-05-22T11:52:00+00:00,113.368,113.356,113.356,113.376,223
2026-05-22T11:53:00+00:00,113.3565,113.3645,113.356,113.366,159
2026-05-22T11:54:00+00:00,113.3645,113.355,113.3515,113.366,132
2026-05-22T11:55:00+00:00,113.3545,113.3415,113.3395,113.355,230
2026-05-22T11:56:00+00:00,113.343,113.34,113.3375,113.3535,249
2026-05-22T11:57:00+00:00,113.3395,113.333,113.332,113.3415,343
2026-05-22T11:58:00+00:00,113.3325,113.3305,113.3285,113.3405,225
2026-05-22T11:59:00+00:00,113.33,113.3345,113.3185,113.3375,299
2026-05-22T12:00:00+00:00,113.334,113.353,113.329,113.3585,444
2026-05-22T12:01:00+00:00,113.3535,113.347,113.3315,113.3535,293
2026-05-22T12:02:00+00:00,113.3465,113.3475,113.3375,113.3525,340
2026-05-22T12:03:00+00:00,113.347,113.331,113.329,113.3545,429
2026-05-22T12:04:00+00:00,113.331,113.333,113.3295,113.344,239
2026-05-22T12:05:00+00:00,113.3325,113.3385,113.3235,113.3415,247
2026-05-22T12:06:00+00:00,113.339,113.331,113.3305,113.3405,131
2026-05-22T12:07:00+00:00,113.331,113.3105,113.3095,113.3315,250
2026-05-22T12:08:00+00:00,113.31,113.3165,113.3065,113.3165,317
2026-05-22T12:09:00+00:00,113.317,113.322,113.316,113.3265,227
2026-05-22T12:10:00+00:00,113.3225,113.3225,113.317,113.3295,197
2026-05-22T12:11:00+00:00,113.323,113.331,113.321,113.334,210
2026-05-22T12:12:00+00:00,113.3315,113.3865,113.3305,113.428,1357
2026-05-22T12:13:00+00:00,113.387,113.4745,113.384,113.475,1254
2026-05-22T12:14:00+00:00,113.475,113.4265,113.409,113.4955,949
2026-05-22T12:15:00+00:00,113.427,113.424,113.4045,113.4425,1266
2026-05-22T12:16:00+00:00,113.4235,113.4475,113.4235,113.4575,1019
2026-05-22T12:17:00+00:00,113.4465,113.4005,113.3975,113.4505,682
2026-05-22T12:18:00+00:00,113.401,113.415,113.384,113.419,650
2026-05-22T12:19:00+00:00,113.4145,113.4505,113.4075,113.48,1017
2026-05-22T12:20:00+00:00,113.4495,113.3985,113.3965,113.4495,685
2026-05-22T12:21:00+00:00,113.3995,113.3805,113.3805,113.4045,455
2026-05-22T12:22:00+00:00,113.381,113.3505,113.344,113.3875,571
2026-05-22T12:23:00+00:00,113.3495,113.369,113.3435,113.375,474
2026-05-22T12:24:00+00:00,113.3695,113.3815,113.365,113.382,382
2026-05-22T12:25:00+00:00,113.382,113.39,113.3795,113.3945,440
2026-05-22T12:26:00+00:00,113.3905,113.381,113.379,113.4055,398
2026-05-22T12:27:00+00:00,113.3815,113.358,113.352,113.3885,486
2026-05-22T12:28:00+00:00,113.3585,113.3555,113.3545,113.369,286
2026-05-22T12:29:00+00:00,113.355,113.3575,113.3545,113.3605,230
2026-05-22T12:30:00+00:00,113.358,113.3755,113.358,113.378,365
2026-05-22T12:31:00+00:00,113.375,113.368,113.368,113.385,226
2026-05-22T12:32:00+00:00,113.3695,113.364,113.362,113.3785,298
2026-05-22T12:33:00+00:00,113.3635,113.3595,113.35,113.3645,307
2026-05-22T12:34:00+00:00,113.36,113.3585,113.336,113.3605,352
2026-05-22T12:35:00+00:00,113.3595,113.369,113.3535,113.3735,365
2026-05-22T12:36:00+00:00,113.3695,113.378,113.354,113.378,518
2026-05-22T12:37:00+00:00,113.377,113.3775,113.3725,113.38,226
2026-05-22T12:38:00+00:00,113.377,113.373,113.3695,113.39,266
2026-05-22T12:39:00+00:00,113.3735,113.3855,113.372,113.395,266
2026-05-22T12:40:00+00:00,113.386,113.3825,113.377,113.3945,316
2026-05-22T12:41:00+00:00,113.3835,113.379,113.376,113.3885,212
2026-05-22T12:42:00+00:00,113.3795,113.3455,113.344,113.3865,270
2026-05-22T12:43:00+00:00,113.346,113.35,113.327,113.3545,437
2026-05-22T12:44:00+00:00,113.3505,113.358,113.3505,113.366,230
2026-05-22T12:45:00+00:00,113.357,113.392,113.357,113.395,278
2026-05-22T12:46:00+00:00,113.3925,113.38,113.375,113.3925,306
2026-05-22T12:47:00+00:00,113.3795,113.401,113.3795,113.4015,385
2026-05-22T12:48:00+00:00,113.4,113.408,113.399,113.4085,315
2026-05-22T12:49:00+00:00,113.4085,113.4075,113.405,113.4135,212
2026-05-22T12:50:00+00:00,113.407,113.389,113.3875,113.407,237
2026-05-22T12:51:00+00:00,113.389,113.388,113.3845,113.394,181
2026-05-22T12:52:00+00:00,113.389,113.405,113.3885,113.4075,215
2026-05-22T12:53:00+00:00,113.4045,113.423,113.4025,113.424,209
2026-05-22T12:54:00+00:00,113.4225,113.413,113.407,113.4225,250
2026-05-22T12:55:00+00:00,113.4125,113.4085,113.403,113.4155,190
2026-05-22T12:56:00+00:00,113.408,113.437,113.407,113.4375,274
2026-05-22T12:57:00+00:00,113.4375,113.425,113.424,113.4395,183
2026-05-22T12:58:00+00:00,113.4255,113.4305,113.419,113.4315,309
2026-05-22T12:59:00+00:00,113.431,113.453,113.416,113.456,448
2026-05-22T13:00:00+00:00,113.451,113.448,113.437,113.466,721
2026-05-22T13:01:00+00:00,113.4495,113.465,113.448,113.4715,475
2026-05-22T13:02:00+00:00,113.465,113.4615,113.456,113.469,416
2026-05-22T13:03:00+00:00,113.462,113.493,113.461,113.4935,332
2026-05-22T13:04:00+00:00,113.492,113.471,113.4675,113.5015,398
2026-05-22T13:05:00+00:00,113.472,113.491,113.472,113.4915,444
2026-05-22T13:06:00+00:00,113.4915,113.485,113.483,113.5045,297
2026-05-22T13:07:00+00:00,113.4855,113.488,113.4785,113.498,428
2026-05-22T13:08:00+00:00,113.4885,113.499,113.485,113.5035,317
2026-05-22T13:09:00+00:00,113.498,113.5285,113.495,113.5545,873
2026-05-22T13:10:00+00:00,113.5295,113.5265,113.5055,113.5395,1144
2026-05-22T13:11:00+00:00,113.527,113.5725,113.5175,113.5745,920
2026-05-22T13:12:00+00:00,113.5735,113.5285,113.5285,113.575,944
2026-05-22T13:13:00+00:00,113.5275,113.532,113.5275,113.56,754
2026-05-22T13:14:00+00:00,113.5325,113.5415,113.521,113.546,716
2026-05-22T13:15:00+00:00,113.5405,113.541,113.526,113.5495,778
2026-05-22T13:16:00+00:00,113.5405,113.5225,113.516,113.5515,522
2026-05-22T13:17:00+00:00,113.523,113.508,113.508,113.526,499
2026-05-22T13:18:00+00:00,113.5085,113.514,113.5085,113.528,359
2026-05-22T13:19:00+00:00,113.5145,113.4985,113.4915,113.5215,694
2026-05-22T13:20:00+00:00,113.498,113.473,113.473,113.5,615
2026-05-22T13:21:00+00:00,113.4725,113.443,113.441,113.473,497
2026-05-22T13:22:00+00:00,113.4435,113.4615,113.44,113.4635,417
2026-05-22T13:23:00+00:00,113.462,113.462,113.4505,113.4625,374
2026-05-22T13:24:00+00:00,113.4615,113.4615,113.4545,113.4625,395
2026-05-22T13:25:00+00:00,113.462,113.462,113.451,113.4655,482
2026-05-22T13:26:00+00:00,113.462,113.4745,113.4605,113.478,387
2026-05-22T13:27:00+00:00,113.474,113.476,113.465,113.477,371
2026-05-22T13:28:00+00:00,113.4755,113.478,113.469,113.479,290
2026-05-22T13:29:00+00:00,113.4775,113.461,113.456,113.478,359
2026-05-22T13:30:00+00:00,113.46,113.4575,113.4495,113.464,800
2026-05-22T13:31:00+00:00,113.457,113.456,113.448,113.468,477
2026-05-22T13:32:00+00:00,113.4565,113.444,113.441,113.4585,391
2026-05-22T13:33:00+00:00,113.445,113.425,113.424,113.4555,766
2026-05-22T13:34:00+00:00,113.4265,113.44,113.4225,113.4405,779
2026-05-22T13:35:00+00:00,113.4395,113.437,113.4295,113.4475,651
2026-05-22T13:36:00+00:00,113.4365,113.434,113.433,113.447,496
2026-05-22T13:37:00+00:00,113.4345,113.426,113.4205,113.4375,657
2026-05-22T13:38:00+00:00,113.4265,113.416,113.4115,113.429,658
2026-05-22T13:39:00+00:00,113.4155,113.416,113.4085,113.43,443
2026-05-22T13:40:00+00:00,113.4165,113.4185,113.406,113.439,772
2026-05-22T13:41:00+00:00,113.419,113.438,113.415,113.447,606
2026-05-22T13:42:00+00:00,113.4375,113.416,113.397,113.439,939
2026-05-22T13:43:00+00:00,113.4165,113.423,113.407,113.43,677
2026-05-22T13:44:00+00:00,113.4225,113.4145,113.4095,113.423,487
2026-05-22T13:45:00+00:00,113.414,113.4075,113.402,113.4235,655
2026-05-22T13:46:00+00:00,113.407,113.3905,113.384,113.4085,527
2026-05-22T13:47:00+00:00,113.3915,113.394,113.3875,113.3995,421
2026-05-22T13:48:00+00:00,113.3935,113.361,113.3535,113.3955,718
2026-05-22T13:49:00+00:00,113.362,113.366,113.358,113.378,501
2026-05-22T13:50:00+00:00,113.3665,113.379,113.355,113.3805,686
2026-05-22T13:51:00+00:00,113.3785,113.4105,113.372,113.412,790
2026-05-22T13:52:00+00:00,113.41,113.4145,113.4045,113.4195,498
2026-05-22T13:53:00+00:00,113.414,113.442,113.4075,113.447,478
2026-05-22T13:54:00+00:00,113.4415,113.443,113.4345,113.449,537
2026-05-22T13:55:00+00:00,113.4425,113.4455,113.4395,113.4555,445
2026-05-22T13:56:00+00:00,113.445,113.444,113.4405,113.45,334
2026-05-22T13:57:00+00:00,113.4445,113.4445,113.429,113.461,475
2026-05-22T13:58:00+00:00,113.445,113.4305,113.4295,113.445,312
2026-05-22T13:59:00+00:00,113.4315,113.4265,113.4235,113.4385,317
2026-05-22T14:00:00+00:00,113.4255,113.331,113.328,113.4325,1282
2026-05-22T14:01:00+00:00,113.3305,113.2965,113.2815,113.3505,904
2026-05-22T14:02:00+00:00,113.296,113.2875,113.2655,113.303,846
2026-05-22T14:03:00+00:00,113.288,113.291,113.275,113.302,992
2026-05-22T14:04:00+00:00,113.2905,113.2975,113.2875,113.3125,944
2026-05-22T14:05:00+00:00,113.297,113.303,113.2915,113.3145,627
2026-05-22T14:06:00+00:00,113.3025,113.277,113.271,113.3055,657
2026-05-22T14:07:00+00:00,113.2765,113.313,113.276,113.313,583
2026-05-22T14:08:00+00:00,113.3125,113.328,113.309,113.334,519
2026-05-22T14:09:00+00:00,113.3285,113.355,113.3185,113.36,643
2026-05-22T14:10:00+00:00,113.3545,113.3625,113.3525,113.366,566
2026-05-22T14:11:00+00:00,113.362,113.3435,113.338,113.363,445
2026-05-22T14:12:00+00:00,113.344,113.335,113.332,113.3465,439
2026-05-22T14:13:00+00:00,113.3345,113.328,113.3125,113.336,602
2026-05-22T14:14:00+00:00,113.3275,113.315,113.309,113.334,558
2026-05-22T14:15:00+00:00,113.314,113.3085,113.3,113.3215,610
2026-05-22T14:16:00+00:00,113.309,113.2995,113.299,113.3185,581
2026-05-22T14:17:00+00:00,113.3005,113.284,113.28,113.307,560
2026-05-22T14:18:00+00:00,113.2835,113.304,113.2785,113.304,604
2026-05-22T14:19:00+00:00,113.3035,113.3145,113.299,113.315,311
2026-05-22T14:20:00+00:00,113.315,113.328,113.3125,113.333,402
2026-05-22T14:21:00+00:00,113.329,113.314,113.311,113.33,503
2026-05-22T14:22:00+00:00,113.3145,113.3015,113.299,113.316,543
2026-05-22T14:23:00+00:00,113.301,113.2825,113.282,113.308,471
2026-05-22T14:24:00+00:00,113.283,113.2955,113.2735,113.2955,571
2026-05-22T14:25:00+00:00,113.295,113.3155,113.2895,113.318,376
2026-05-22T14:26:00+00:00,113.315,113.319,113.311,113.332,463
2026-05-22T14:27:00+00:00,113.32,113.3145,113.3115,113.3245,543
2026-05-22T14:28:00+00:00,113.315,113.331,113.307,113.3315,584
2026-05-22T14:29:00+00:00,113.3305,113.355,113.33,113.3555,492
2026-05-22T14:30:00+00:00,113.356,113.3605,113.3405,113.365,685
2026-05-22T14:31:00+00:00,113.362,113.3845,113.36,113.3905,530
2026-05-22T14:32:00+00:00,113.384,113.3935,113.3795,113.4035,615
2026-05-22T14:33:00+00:00,113.393,113.395,113.385,113.3985,504
2026-05-22T14:34:00+00:00,113.394,113.394,113.3845,113.4,570
2026-05-22T14:35:00+00:00,113.3935,113.3845,113.377,113.4005,624
2026-05-22T14:36:00+00:00,113.3835,113.3865,113.372,113.3875,415
2026-05-22T14:37:00+00:00,113.387,113.387,113.3755,113.3905,391
2026-05-22T14:38:00+00:00,113.3875,113.369,113.362,113.388,495
2026-05-22T14:39:00+00:00,113.3695,113.3535,113.347,113.372,542
2026-05-22T14:40:00+00:00,113.353,113.3825,113.353,113.3835,553
2026-05-22T14:41:00+00:00,113.383,113.3775,113.3715,113.3855,378
2026-05-22T14:42:00+00:00,113.377,113.3825,113.368,113.384,344
2026-05-22T14:43:00+00:00,113.382,113.361,113.3575,113.3915,433
2026-05-22T14:44:00+00:00,113.3605,113.382,113.3585,113.3865,308
2026-05-22T14:45:00+00:00,113.382,113.4075,113.3785,113.4095,558
2026-05-22T14:46:00+00:00,113.4065,113.39,113.3895,113.4065,375
2026-05-22T14:47:00+00:00,113.3905,113.4025,113.39,113.408,376
2026-05-22T14:48:00+00:00,113.403,113.399,113.396,113.4125,321
2026-05-22T14:49:00+00:00,113.3985,113.3475,113.3475,113.4055,477
2026-05-22T14:50:00+00:00,113.348,113.3525,113.3415,113.3575,461
2026-05-22T14:51:00+00:00,113.353,113.3815,113.3495,113.3815,536
2026-05-22T14:52:00+00:00,113.382,113.387,113.376,113.396,476
2026-05-22T14:53:00+00:00,113.388,113.41,113.3855,113.411,551
2026-05-22T14:54:00+00:00,113.4095,113.412,113.4055,113.4215,464
2026-05-22T14:55:00+00:00,113.413,113.4125,113.399,113.415,659
2026-05-22T14:56:00+00:00,113.414,113.4205,113.4105,113.436,466
2026-05-22T14:57:00+00:00,113.42,113.4155,113.402,113.4315,657
2026-05-22T14:58:00+00:00,113.416,113.41,113.4015,113.4265,500
2026-05-22T14:59:00+00:00,113.4105,113.393,113.393,113.42,391
2026-05-22T15:00:00+00:00,113.3935,113.391,113.383,113.3985,518
2026-05-22T15:01:00+00:00,113.3915,113.396,113.3915,113.414,453
2026-05-22T15:02:00+00:00,113.3965,113.3905,113.3815,113.399,473
2026-05-22T15:03:00+00:00,113.391,113.385,113.3775,113.3945,411
2026-05-22T15:04:00+00:00,113.3845,113.41,113.378,113.417,397
2026-05-22T15:05:00+00:00,113.4095,113.446,113.408,113.4525,472
2026-05-22T15:06:00+00:00,113.4465,113.4375,113.4325,113.463,591
2026-05-22T15:07:00+00:00,113.438,113.4475,113.431,113.452,652
2026-05-22T15:08:00+00:00,113.447,113.4355,113.434,113.4545,406
2026-05-22T15:09:00+00:00,113.4355,113.4435,113.427,113.4455,366
2026-05-22T15:10:00+00:00,113.444,113.452,113.4395,113.453,327
2026-05-22T15:11:00+00:00,113.4515,113.4465,113.4395,113.4525,288
2026-05-22T15:12:00+00:00,113.446,113.4405,113.4335,113.447,309
2026-05-22T15:13:00+00:00,113.44,113.4415,113.436,113.447,244
2026-05-22T15:14:00+00:00,113.4405,113.4445,113.4365,113.4495,290
2026-05-22T15:15:00+00:00,113.444,113.4415,113.433,113.4465,327
2026-05-22T15:16:00+00:00,113.441,113.433,113.4295,113.451,331
2026-05-22T15:17:00+00:00,113.4335,113.4325,113.426,113.435,334
2026-05-22T15:18:00+00:00,113.432,113.4285,113.422,113.436,282
2026-05-22T15:19:00+00:00,113.428,113.4255,113.4235,113.4385,312
2026-05-22T15:20:00+00:00,113.425,113.4285,113.4155,113.4285,364
2026-05-22T15:21:00+00:00,113.428,113.4295,113.4225,113.4345,437
2026-05-22T15:22:00+00:00,113.429,113.434,113.4245,113.4355,313
2026-05-22T15:23:00+00:00,113.4335,113.4395,113.4315,113.441,329
2026-05-22T15:24:00+00:00,113.439,113.4305,113.4305,113.442,419
2026-05-22T15:25:00+00:00,113.431,113.453,113.4235,113.4535,312
2026-05-22T15:26:00+00:00,113.4535,113.4455,113.445,113.469,445
2026-05-22T15:27:00+00:00,113.445,113.4575,113.443,113.4595,351
2026-05-22T15:28:00+00:00,113.457,113.4625,113.4555,113.474,332
2026-05-22T15:29:00+00:00,113.463,113.4525,113.4495,113.4645,332
2026-05-22T15:30:00+00:00,113.454,113.4695,113.445,113.472,503
2026-05-22T15:31:00+00:00,113.469,113.4825,113.4595,113.4865,482
2026-05-22T15:32:00+00:00,113.483,113.4845,113.477,113.4895,312
2026-05-22T15:33:00+00:00,113.484,113.4865,113.477,113.4895,444
2026-05-22T15:34:00+00:00,113.487,113.4825,113.4785,113.4945,420
2026-05-22T15:35:00+00:00,113.4815,113.494,113.472,113.496,408
2026-05-22T15:36:00+00:00,113.4945,113.4965,113.487,113.5025,389
2026-05-22T15:37:00+00:00,113.497,113.4945,113.49,113.5045,320
2026-05-22T15:38:00+00:00,113.494,113.4985,113.4895,113.5,421
2026-05-22T15:39:00+00:00,113.499,113.4955,113.492,113.501,406
2026-05-22T15:40:00+00:00,113.495,113.4885,113.486,113.498,343
2026-05-22T15:41:00+00:00,113.4895,113.496,113.485,113.503,437
2026-05-22T15:42:00+00:00,113.4955,113.507,113.4955,113.507,285
2026-05-22T15:43:00+00:00,113.5065,113.5255,113.5,113.5255,387
2026-05-22T15:44:00+00:00,113.526,113.5285,113.5245,113.5375,256
2026-05-22T15:45:00+00:00,113.5295,113.5565,113.5255,113.557,354
2026-05-22T15:46:00+00:00,113.556,113.535,113.533,113.558,314
2026-05-22T15:47:00+00:00,113.5355,113.512,113.512,113.5365,485
2026-05-22T15:48:00+00:00,113.511,113.5035,113.497,113.5145,360
2026-05-22T15:49:00+00:00,113.504,113.5055,113.498,113.514,588
2026-05-22T15:50:00+00:00,113.506,113.5225,113.5055,113.525,410
2026-05-22T15:51:00+00:00,113.523,113.5295,113.519,113.5305,366
2026-05-22T15:52:00+00:00,113.53,113.535,113.529,113.5435,291
2026-05-22T15:53:00+00:00,113.5355,113.554,113.534,113.555,308
2026-05-22T15:54:00+00:00,113.5545,113.5495,113.5485,113.5645,322
2026-05-22T15:55:00+00:00,113.549,113.5385,113.5345,113.552,380
2026-05-22T15:56:00+00:00,113.539,113.54,113.536,113.545,351
2026-05-22T15:57:00+00:00,113.5405,113.5335,113.527,113.5405,369
2026-05-22T15:58:00+00:00,113.5335,113.5345,113.533,113.546,323
2026-05-22T15:59:00+00:00,113.535,113.5235,113.5185,113.5355,266
2026-05-22T16:00:00+00:00,113.5225,113.5195,113.511,113.5285,519
2026-05-22T16:01:00+00:00,113.519,113.5455,113.518,113.5475,535
2026-05-22T16:02:00+00:00,113.545,113.5485,113.538,113.55,357
2026-05-22T16:03:00+00:00,113.549,113.536,113.531,113.549,387
2026-05-22T16:04:00+00:00,113.535,113.5385,113.526,113.5415,413
2026-05-22T16:05:00+00:00,113.538,113.5385,113.5335,113.546,379
2026-05-22T16:06:00+00:00,113.538,113.5285,113.5235,113.5415,290
2026-05-22T16:07:00+00:00,113.529,113.5385,113.528,113.544,295
2026-05-22T16:08:00+00:00,113.539,113.542,113.5355,113.548,536
2026-05-22T16:09:00+00:00,113.543,113.5365,113.534,113.5455,369
2026-05-22T16:10:00+00:00,113.536,113.5415,113.532,113.5475,392
2026-05-22T16:11:00+00:00,113.5405,113.553,113.534,113.5535,336
2026-05-22T16:12:00+00:00,113.5535,113.554,113.55,113.564,294
2026-05-22T16:13:00+00:00,113.5535,113.547,113.547,113.5605,252
2026-05-22T16:14:00+00:00,113.5475,113.544,113.5415,113.554,227
2026-05-22T16:15:00+00:00,113.5435,113.5255,113.521,113.5475,395
2026-05-22T16:16:00+00:00,113.525,113.551,113.525,113.552,323
2026-05-22T16:17:00+00:00,113.5525,113.5475,113.545,113.557,302
2026-05-22T16:18:00+00:00,113.548,113.5455,113.534,113.5535,319
2026-05-22T16:19:00+00:00,113.546,113.5435,113.5415,113.5495,245
2026-05-22T16:20:00+00:00,113.543,113.5525,113.54,113.5535,240
2026-05-22T16:21:00+00:00,113.553,113.5675,113.552,113.572,328
2026-05-22T16:22:00+00:00,113.568,113.554,113.5525,113.568,285
2026-05-22T16:23:00+00:00,113.5545,113.5475,113.5405,113.5595,286
2026-05-22T16:24:00+00:00,113.548,113.5525,113.5435,113.558,266
2026-05-22T16:25:00+00:00,113.552,113.5665,113.5485,113.5665,356
2026-05-22T16:26:00+00:00,113.566,113.565,113.5635,113.5725,317
2026-05-22T16:27:00+00:00,113.5645,113.5695,113.562,113.5725,443
2026-05-22T16:28:00+00:00,113.5685,113.5775,113.5665,113.5775,229
2026-05-22T16:29:00+00:00,113.577,113.5735,113.568,113.5785,368
2026-05-22T16:30:00+00:00,113.574,113.582,113.571,113.589,421
2026-05-22T16:31:00+00:00,113.5825,113.5835,113.579,113.5935,235
2026-05-22T16:32:00+00:00,113.583,113.5625,113.5575,113.5845,263
2026-05-22T16:33:00+00:00,113.563,113.562,113.555,113.5715,269
2026-05-22T16:34:00+00:00,113.5615,113.5455,113.5445,113.5625,360
2026-05-22T16:35:00+00:00,113.545,113.547,113.5445,113.5515,224
2026-05-22T16:36:00+00:00,113.5475,113.5465,113.5395,113.5515,554
2026-05-22T16:37:00+00:00,113.5455,113.559,113.5455,113.561,317
2026-05-22T16:38:00+00:00,113.558,113.547,113.542,113.5585,293
2026-05-22T16:39:00+00:00,113.5465,113.559,113.5445,113.5605,346
2026-05-22T16:40:00+00:00,113.5585,113.5595,113.558,113.5635,143
2026-05-22T16:41:00+00:00,113.56,113.5725,113.5565,113.5735,184
2026-05-22T16:42:00+00:00,113.572,113.565,113.5645,113.572,187
2026-05-22T16:43:00+00:00,113.5665,113.5625,113.556,113.568,266
2026-05-22T16:44:00+00:00,113.562,113.5565,113.555,113.569,201
2026-05-22T16:45:00+00:00,113.557,113.563,113.5565,113.57,192
2026-05-22T16:46:00+00:00,113.5635,113.5755,113.562,113.5785,239
2026-05-22T16:47:00+00:00,113.576,113.5855,113.574,113.587,265
2026-05-22T16:48:00+00:00,113.586,113.5715,113.5715,113.5885,280
2026-05-22T16:49:00+00:00,113.571,113.5765,113.571,113.5795,209
2026-05-22T16:50:00+00:00,113.576,113.572,113.5685,113.5825,299
2026-05-22T16:51:00+00:00,113.573,113.5675,113.566,113.573,261
2026-05-22T16:52:00+00:00,113.568,113.5705,113.5635,113.5755,252
2026-05-22T16:53:00+00:00,113.57,113.581,113.5695,113.5845,191
2026-05-22T16:54:00+00:00,113.5805,113.5795,113.5795,113.5915,215
2026-05-22T16:55:00+00:00,113.5805,113.575,113.5725,113.583,178
2026-05-22T16:56:00+00:00,113.5755,113.572,113.5715,113.5805,241
2026-05-22T16:57:00+00:00,113.5725,113.571,113.56,113.577,310
2026-05-22T16:58:00+00:00,113.5715,113.5815,113.568,113.5815,183
2026-05-22T16:59:00+00:00,113.583,113.5775,113.575,113.5835,192
2026-05-22T17:00:00+00:00,113.5765,113.6015,113.572,113.603,365
2026-05-22T17:01:00+00:00,113.601,113.6015,113.597,113.6035,285
2026-05-22T17:02:00+00:00,113.6015,113.5995,113.598,113.607,160
2026-05-22T17:03:00+00:00,113.599,113.599,113.598,113.6055,174
2026-05-22T17:04:00+00:00,113.6,113.612,113.6,113.6165,151
2026-05-22T17:05:00+00:00,113.6115,113.614,113.611,113.618,250
2026-05-22T17:06:00+00:00,113.6145,113.594,113.5905,113.6145,310
2026-05-22T17:07:00+00:00,113.593,113.609,113.592,113.6095,263
2026-05-22T17:08:00+00:00,113.6085,113.607,113.603,113.6105,143
2026-05-22T17:09:00+00:00,113.6075,113.605,113.5965,113.6085,157
2026-05-22T17:10:00+00:00,113.6055,113.6065,113.604,113.612,218
2026-05-22T17:11:00+00:00,113.6075,113.6065,113.6035,113.6095,156
2026-05-22T17:12:00+00:00,113.606,113.6015,113.593,113.606,271
2026-05-22T17:13:00+00:00,113.6015,113.6,113.5955,113.6075,177
2026-05-22T17:14:00+00:00,113.5995,113.5995,113.592,113.602,271
2026-05-22T17:15:00+00:00,113.599,113.5975,113.5945,113.6045,266
2026-05-22T17:16:00+00:00,113.598,113.5945,113.5915,113.5995,190
2026-05-22T17:17:00+00:00,113.5945,113.601,113.593,113.6035,142
2026-05-22T17:18:00+00:00,113.601,113.5915,113.59,113.602,130
2026-05-22T17:19:00+00:00,113.592,113.577,113.573,113.597,281
2026-05-22T17:20:00+00:00,113.5775,113.5855,113.5675,113.593,857
2026-05-22T17:21:00+00:00,113.584,113.5665,113.5635,113.584,449
2026-05-22T17:22:00+00:00,113.5655,113.5605,113.5565,113.5685,421
2026-05-22T17:23:00+00:00,113.561,113.5645,113.549,113.565,475
2026-05-22T17:24:00+00:00,113.565,113.5685,113.5545,113.571,306
2026-05-22T17:25:00+00:00,113.568,113.5735,113.568,113.5765,447
2026-05-22T17:26:00+00:00,113.573,113.568,113.566,113.5755,311
2026-05-22T17:27:00+00:00,113.569,113.575,113.566,113.5795,380
2026-05-22T17:28:00+00:00,113.5745,113.581,113.5535,113.613,1623
2026-05-22T17:29:00+00:00,113.5815,113.6005,113.557,113.605,1320
2026-05-22T17:30:00+00:00,113.6015,113.603,113.595,113.6195,1227
2026-05-22T17:31:00+00:00,113.6035,113.6005,113.5925,113.6115,1000
2026-05-22T17:32:00+00:00,113.6,113.5845,113.581,113.616,796
2026-05-22T17:33:00+00:00,113.585,113.5745,113.5735,113.588,542
2026-05-22T17:34:00+00:00,113.5755,113.5805,113.575,113.59,450
2026-05-22T17:35:00+00:00,113.5795,113.5745,113.572,113.5845,438
2026-05-22T17:36:00+00:00,113.574,113.569,113.5615,113.576,474
2026-05-22T17:37:00+00:00,113.5685,113.5765,113.567,113.5795,393
2026-05-22T17:38:00+00:00,113.577,113.59,113.574,113.5915,485
2026-05-22T17:39:00+00:00,113.5905,113.597,113.5885,113.5995,853
2026-05-22T17:40:00+00:00,113.5975,113.5815,113.5755,113.5985,614
2026-05-22T17:41:00+00:00,113.581,113.5665,113.566,113.5835,479
2026-05-22T17:42:00+00:00,113.5675,113.575,113.566,113.577,804
2026-05-22T17:43:00+00:00,113.5745,113.57,113.5675,113.5795,453
2026-05-22T17:44:00+00:00,113.571,113.5685,113.563,113.575,456
2026-05-22T17:45:00+00:00,113.569,113.5715,113.5655,113.5735,519
2026-05-22T17:46:00+00:00,113.571,113.568,113.566,113.575,254
2026-05-22T17:47:00+00:00,113.5675,113.57,113.564,113.576,457
2026-05-22T17:48:00+00:00,113.5695,113.583,113.5685,113.584,500
2026-05-22T17:49:00+00:00,113.5835,113.5915,113.5825,113.596,216
2026-05-22T17:50:00+00:00,113.5925,113.6,113.59,113.6,259
2026-05-22T17:51:00+00:00,113.599,113.6025,113.5885,113.603,436
2026-05-22T17:52:00+00:00,113.602,113.6005,113.593,113.604,340
2026-05-22T17:53:00+00:00,113.601,113.6055,113.599,113.608,306
2026-05-22T17:54:00+00:00,113.6065,113.59,113.587,113.6095,313
2026-05-22T17:55:00+00:00,113.5905,113.5995,113.5895,113.6,257
2026-05-22T17:56:00+00:00,113.6,113.5995,113.593,113.6055,259
2026-05-22T17:57:00+00:00,113.6005,113.602,113.597,113.6085,263
2026-05-22T17:58:00+00:00,113.6015,113.5945,113.59,113.6035,237
2026-05-22T17:59:00+00:00,113.5945,113.5865,113.584,113.595,341
2026-05-22T18:00:00+00:00,113.587,113.5945,113.5835,113.595,322
2026-05-22T18:01:00+00:00,113.594,113.579,113.577,113.5945,281
2026-05-22T18:02:00+00:00,113.5785,113.586,113.5755,113.5915,345
2026-05-22T18:03:00+00:00,113.5855,113.5875,113.583,113.5915,299
2026-05-22T18:04:00+00:00,113.588,113.5875,113.5525,113.5895,588
2026-05-22T18:05:00+00:00,113.588,113.59,113.5795,113.5925,428
2026-05-22T18:06:00+00:00,113.5915,113.591,113.583,113.5935,454
2026-05-22T18:07:00+00:00,113.5915,113.6025,113.5875,113.6055,572
2026-05-22T18:08:00+00:00,113.603,113.6,113.597,113.6065,500
2026-05-22T18:09:00+00:00,113.5995,113.5985,113.594,113.6035,584
2026-05-22T18:10:00+00:00,113.599,113.5975,113.595,113.6025,502
2026-05-22T18:11:00+00:00,113.598,113.597,113.592,113.6005,470
2026-05-22T18:12:00+00:00,113.5975,113.592,113.588,113.6005,250
2026-05-22T18:13:00+00:00,113.5925,113.598,113.591,113.5995,170
2026-05-22T18:14:00+00:00,113.599,113.6025,113.5905,113.6055,322
2026-05-22T18:15:00+00:00,113.602,113.599,113.594,113.6045,303
2026-05-22T18:16:00+00:00,113.598,113.6075,113.5975,113.6115,157
2026-05-22T18:17:00+00:00,113.607,113.5995,113.597,113.607,193
2026-05-22T18:18:00+00:00,113.6,113.6,113.599,113.609,322
2026-05-22T18:19:00+00:00,113.601,113.6,113.5985,113.6085,265
2026-05-22T18:20:00+00:00,113.6005,113.6015,113.5985,113.6055,196
2026-05-22T18:21:00+00:00,113.601,113.5985,113.5975,113.605,232
2026-05-22T18:22:00+00:00,113.598,113.5965,113.587,113.5985,251
2026-05-22T18:23:00+00:00,113.596,113.5925,113.5875,113.596,258
2026-05-22T18:24:00+00:00,113.592,113.59,113.5775,113.5935,285
2026-05-22T18:25:00+00:00,113.589,113.585,113.5835,113.5935,204
2026-05-22T18:26:00+00:00,113.5845,113.5915,113.5785,113.5915,255
2026-05-22T18:27:00+00:00,113.59,113.5925,113.587,113.5975,326
2026-05-22T18:28:00+00:00,113.592,113.5925,113.587,113.596,268
2026-05-22T18:29:00+00:00,113.593,113.59,113.585,113.5935,223
2026-05-22T18:30:00+00:00,113.5895,113.59,113.5835,113.5925,282
2026-05-22T18:31:00+00:00,113.589,113.5885,113.584,113.593,272
2026-05-22T18:32:00+00:00,113.5895,113.5855,113.585,113.5935,380
2026-05-22T18:33:00+00:00,113.5865,113.588,113.5855,113.5925,135
2026-05-22T18:34:00+00:00,113.5885,113.592,113.5865,113.593,79
2026-05-22T18:35:00+00:00,113.5925,113.5805,113.578,113.5925,198
2026-05-22T18:36:00+00:00,113.581,113.5845,113.579,113.5865,175
2026-05-22T18:37:00+00:00,113.5835,113.5825,113.5785,113.5885,199
2026-05-22T18:38:00+00:00,113.582,113.594,113.5745,113.5965,266
2026-05-22T18:39:00+00:00,113.5935,113.598,113.591,113.613,768
2026-05-22T18:40:00+00:00,113.598,113.5995,113.5915,113.6045,315
2026-05-22T18:41:00+00:00,113.599,113.591,113.589,113.603,367
2026-05-22T18:42:00+00:00,113.5905,113.5945,113.587,113.595,289
2026-05-22T18:43:00+00:00,113.595,113.5985,113.593,113.602,313
2026-05-22T18:44:00+00:00,113.598,113.596,113.592,113.602,347
2026-05-22T18:45:00+00:00,113.596,113.5925,113.5895,113.5985,370
2026-05-22T18:46:00+00:00,113.5935,113.5945,113.592,113.6005,184
2026-05-22T18:47:00+00:00,113.594,113.5915,113.5885,113.5985,282
2026-05-22T18:48:00+00:00,113.592,113.589,113.586,113.592,241
2026-05-22T18:49:00+00:00,113.59,113.589,113.588,113.5985,255
2026-05-22T18:50:00+00:00,113.5885,113.5955,113.588,113.5975,234
2026-05-22T18:51:00+00:00,113.5945,113.594,113.591,113.598,283
2026-05-22T18:52:00+00:00,113.594,113.598,113.5935,113.6035,116
2026-05-22T18:53:00+00:00,113.5985,113.6,113.5935,113.604,161
2026-05-22T18:54:00+00:00,113.6005,113.6,113.598,113.605,166
2026-05-22T18:55:00+00:00,113.6005,113.5935,113.59,113.6005,110
2026-05-22T18:56:00+00:00,113.593,113.5885,113.5865,113.5955,172
2026-05-22T18:57:00+00:00,113.589,113.593,113.586,113.6005,200
2026-05-22T18:58:00+00:00,113.5935,113.5905,113.587,113.595,389
2026-05-22T18:59:00+00:00,113.59,113.593,113.5885,113.6005,510
2026-05-22T19:00:00+00:00,113.5925,113.5855,113.568,113.5925,454
2026-05-22T19:01:00+00:00,113.586,113.568,113.564,113.5875,353
2026-05-22T19:02:00+00:00,113.5675,113.557,113.5495,113.5765,488
2026-05-22T19:03:00+00:00,113.5565,113.5415,113.5405,113.5575,852
2026-05-22T19:04:00+00:00,113.541,113.541,113.5355,113.551,438
2026-05-22T19:05:00+00:00,113.5415,113.5425,113.5355,113.547,346
2026-05-22T19:06:00+00:00,113.543,113.5405,113.538,113.546,272
2026-05-22T19:07:00+00:00,113.54,113.545,113.5395,113.5515,275
2026-05-22T19:08:00+00:00,113.546,113.542,113.541,113.55,190
2026-05-22T19:09:00+00:00,113.5425,113.5465,113.535,113.547,283
2026-05-22T19:10:00+00:00,113.546,113.5495,113.5415,113.5515,258
2026-05-22T19:11:00+00:00,113.5495,113.5525,113.5495,113.5545,249
2026-05-22T19:12:00+00:00,113.552,113.5585,113.552,113.5605,211
2026-05-22T19:13:00+00:00,113.558,113.552,113.5515,113.559,187
2026-05-22T19:14:00+00:00,113.5515,113.5485,113.5455,113.552,153
2026-05-22T19:15:00+00:00,113.549,113.5555,113.5475,113.5585,251
2026-05-22T19:16:00+00:00,113.555,113.554,113.552,113.558,323
2026-05-22T19:17:00+00:00,113.5535,113.555,113.551,113.5575,223
2026-05-22T19:18:00+00:00,113.555,113.5605,113.5515,113.5625,258
2026-05-22T19:19:00+00:00,113.5615,113.561,113.56,113.565,150
2026-05-22T19:20:00+00:00,113.56,113.5445,113.543,113.561,122
2026-05-22T19:21:00+00:00,113.5445,113.5405,113.539,113.546,138
2026-05-22T19:22:00+00:00,113.5395,113.5385,113.5345,113.542,180
2026-05-22T19:23:00+00:00,113.539,113.543,113.5375,113.544,189
2026-05-22T19:24:00+00:00,113.5425,113.544,113.5405,113.5465,210
2026-05-22T19:25:00+00:00,113.5445,113.5385,113.537,113.5455,103
2026-05-22T19:26:00+00:00,113.5385,113.5365,113.5335,113.539,141
2026-05-22T19:27:00+00:00,113.536,113.539,113.534,113.5395,168
2026-05-22T19:28:00+00:00,113.5385,113.5445,113.537,113.5455,196
2026-05-22T19:29:00+00:00,113.5435,113.5305,113.5265,113.5445,287
2026-05-22T19:30:00+00:00,113.5315,113.5185,113.5175,113.533,375
2026-05-22T19:31:00+00:00,113.5195,113.5225,113.518,113.5305,363
2026-05-22T19:32:00+00:00,113.523,113.5285,113.521,113.5345,243
2026-05-22T19:33:00+00:00,113.5285,113.529,113.524,113.5325,299
2026-05-22T19:34:00+00:00,113.5295,113.5305,113.5265,113.534,285
2026-05-22T19:35:00+00:00,113.53,113.5265,113.525,113.534,387
2026-05-22T19:36:00+00:00,113.5265,113.5285,113.5225,113.5315,246
2026-05-22T19:37:00+00:00,113.529,113.5205,113.519,113.5295,290
2026-05-22T19:38:00+00:00,113.521,113.521,113.515,113.524,272
2026-05-22T19:39:00+00:00,113.522,113.5165,113.516,113.5225,342
2026-05-22T19:40:00+00:00,113.516,113.515,113.512,113.521,124
2026-05-22T19:41:00+00:00,113.5155,113.523,113.5105,113.5245,174
2026-05-22T19:42:00+00:00,113.523,113.52,113.516,113.5235,243
2026-05-22T19:43:00+00:00,113.5195,113.522,113.5175,113.5235,159
2026-05-22T19:44:00+00:00,113.523,113.52,113.517,113.526,198
2026-05-22T19:45:00+00:00,113.5205,113.515,113.514,113.522,272
2026-05-22T19:46:00+00:00,113.514,113.5075,113.504,113.515,303
2026-05-22T19:47:00+00:00,113.507,113.5095,113.504,113.5125,318
2026-05-22T19:48:00+00:00,113.509,113.5065,113.504,113.5105,313
2026-05-22T19:49:00+00:00,113.5055,113.5085,113.5025,113.51,260
2026-05-22T19:50:00+00:00,113.5095,113.514,113.4965,113.515,499
2026-05-22T19:51:00+00:00,113.5135,113.5005,113.498,113.5145,274
2026-05-22T19:52:00+00:00,113.5,113.4995,113.498,113.507,240
2026-05-22T19:53:00+00:00,113.4995,113.5015,113.4995,113.5105,164
2026-05-22T19:54:00+00:00,113.502,113.5045,113.4985,113.5065,211
2026-05-22T19:55:00+00:00,113.504,113.519,113.504,113.52,210
2026-05-22T19:56:00+00:00,113.5195,113.521,113.5145,113.5225,194
2026-05-22T19:57:00+00:00,113.5205,113.533,113.519,113.5385,361
2026-05-22T19:58:00+00:00,113.5325,113.5275,113.5255,113.5345,231
2026-05-22T19:59:00+00:00,113.5285,113.519,113.5155,113.531,294
2026-05-22T20:00:00+00:00,113.52,113.518,113.511,113.523,463
2026-05-22T20:01:00+00:00,113.5175,113.516,113.513,113.5205,216
2026-05-22T20:02:00+00:00,113.515,113.4985,113.4975,113.518,589
2026-05-22T20:03:00+00:00,113.498,113.504,113.497,113.507,254
2026-05-22T20:04:00+00:00,113.5045,113.5045,113.5,113.5055,139
2026-05-22T20:05:00+00:00,113.504,113.508,113.502,113.508,425
2026-05-22T20:06:00+00:00,113.5085,113.513,113.5045,113.5145,176
2026-05-22T20:07:00+00:00,113.5125,113.5155,113.5115,113.517,264
2026-05-22T20:08:00+00:00,113.516,113.5145,113.513,113.517,414
2026-05-22T20:09:00+00:00,113.5145,113.517,113.5145,113.5185,218
2026-05-22T20:10:00+00:00,113.5175,113.515,113.514,113.5175,185
2026-05-22T20:11:00+00:00,113.516,113.5075,113.507,113.517,37
2026-05-22T20:12:00+00:00,113.5075,113.5055,113.504,113.508,19
2026-05-22T20:13:00+00:00,113.5055,113.5035,113.5025,113.5085,94
2026-05-22T20:14:00+00:00,113.5045,113.513,113.5045,113.515,48
2026-05-22T20:15:00+00:00,113.5135,113.504,113.5035,113.5145,96
2026-05-22T20:16:00+00:00,113.504,113.4925,113.4925,113.507,94
2026-05-22T20:17:00+00:00,113.4925,113.498,113.4925,113.5015,128
2026-05-22T20:18:00+00:00,113.498,113.4985,113.494,113.5005,227
2026-05-22T20:19:00+00:00,113.499,113.5065,113.497,113.507,109
2026-05-22T20:20:00+00:00,113.507,113.508,113.5065,113.5105,23
2026-05-22T20:21:00+00:00,113.508,113.499,113.499,113.5105,68
2026-05-22T20:22:00+00:00,113.499,113.5005,113.499,113.5025,17
2026-05-22T20:23:00+00:00,113.5005,113.494,113.494,113.5035,47
2026-05-22T20:24:00+00:00,113.494,113.496,113.494,113.498,10
2026-05-22T20:25:00+00:00,113.496,113.4905,113.489,113.5,46
2026-05-22T20:26:00+00:00,113.489,113.4945,113.489,113.496,65
2026-05-22T20:27:00+00:00,113.4945,113.496,113.4945,113.5005,32
2026-05-22T20:28:00+00:00,113.496,113.481,113.48,113.498,150
2026-05-22T20:29:00+00:00,113.4815,113.4755,113.473,113.4875,112
2026-05-22T20:30:00+00:00,113.475,113.4735,113.469,113.4785,86
2026-05-22T20:31:00+00:00,113.4735,113.4575,113.4415,113.475,439
2026-05-22T20:32:00+00:00,113.4565,113.4445,113.4385,113.464,252
2026-05-22T20:33:00+00:00,113.4435,113.452,113.4415,113.4575,171
2026-05-22T20:34:00+00:00,113.4515,113.452,113.442,113.4575,400
2026-05-22T20:35:00+00:00,113.453,113.4495,113.4455,113.455,137
2026-05-22T20:36:00+00:00,113.45,113.459,113.445,113.459,180
2026-05-22T20:37:00+00:00,113.4585,113.4575,113.4555,113.463,258
2026-05-22T20:38:00+00:00,113.4575,113.4665,113.4535,113.468,663
2026-05-22T20:39:00+00:00,113.466,113.4685,113.463,113.4685,367
2026-05-22T20:40:00+00:00,113.469,113.466,113.465,113.483,406
2026-05-22T20:41:00+00:00,113.467,113.4685,113.465,113.472,316
2026-05-22T20:42:00+00:00,113.4695,113.476,113.4675,113.4785,280
2026-05-22T20:43:00+00:00,113.477,113.481,113.474,113.485,705
2026-05-22T20:44:00+00:00,113.4815,113.4845,113.4795,113.488,625
2026-05-22T20:45:00+00:00,113.4855,113.492,113.481,113.4955,383
2026-05-22T20:46:00+00:00,113.4925,113.494,113.482,113.497,289
2026-05-22T20:47:00+00:00,113.4945,113.475,113.471,113.495,243
2026-05-22T20:48:00+00:00,113.4745,113.4555,113.4555,113.476,177
2026-05-22T20:49:00+00:00,113.4565,113.47,113.4505,113.4705,223
2026-05-22T20:50:00+00:00,113.4695,113.4535,113.4535,113.4695,151
2026-05-22T20:51:00+00:00,113.454,113.443,113.4405,113.457,178
2026-05-22T20:52:00+00:00,113.442,113.455,113.442,113.457,151
2026-05-22T20:53:00+00:00,113.4535,113.4585,113.4515,113.459,130
2026-05-22T20:54:00+00:00,113.4595,113.495,113.4595,113.5,307
2026-05-22T20:55:00+00:00,113.4945,113.4955,113.487,113.5025,388
2026-05-22T20:56:00+00:00,113.495,113.4905,113.475,113.4975,285
2026-05-22T20:57:00+00:00,113.487,113.4875,113.482,113.4995,328
2026-05-22T20:58:00+00:00,113.4875,113.486,113.4835,113.494,87
2026-05-22T20:59:00+00:00,113.4845,113.447,113.447,113.4935,58
2026-05-24T21:01:00+00:00,113.447,113.447,113.447,113.447,0
2026-05-24T21:02:00+00:00,113.447,113.655,113.447,113.6675,16
2026-05-24T21:03:00+00:00,113.655,113.648,113.648,113.655,19
2026-05-24T21:04:00+00:00,113.648,113.6575,113.648,113.6575,15
2026-05-24T21:05:00+00:00,113.673,113.6895,113.6435,113.6895,25
2026-05-24T21:06:00+00:00,113.692,113.6865,113.686,113.6925,14
2026-05-24T21:07:00+00:00,113.6865,113.6785,113.6745,113.6995,55
2026-05-24T21:08:00+00:00,113.678,113.6745,113.672,113.678,14
2026-05-24T21:09:00+00:00,113.6745,113.68,113.667,113.6805,26
2026-05-24T21:10:00+00:00,113.681,113.6815,113.676,113.6875,60
2026-05-24T21:11:00+00:00,113.681,113.7025,113.677,113.703,43
2026-05-24T21:12:00+00:00,113.7025,113.68,113.678,113.706,44
2026-05-24T21:13:00+00:00,113.68,113.688,113.6755,113.7095,87
2026-05-24T21:14:00+00:00,113.688,113.699,113.688,113.7015,49
2026-05-24T21:15:00+00:00,113.697,113.6975,113.6965,113.714,91
2026-05-24T21:16:00+00:00,113.6975,113.697,113.686,113.7055,66
2026-05-24T21:17:00+00:00,113.697,113.6925,113.684,113.7065,54
2026-05-24T21:18:00+00:00,113.6925,113.693,113.689,113.698,32
2026-05-24T21:19:00+00:00,113.692,113.697,113.6875,113.7015,31
2026-05-24T21:20:00+00:00,113.697,113.6995,113.6925,113.704,43
2026-05-24T21:21:00+00:00,113.7,113.701,113.6955,113.7035,24
2026-05-24T21:22:00+00:00,113.701,113.6985,113.6945,113.7035,12
2026-05-24T21:23:00+00:00,113.6985,113.702,113.698,113.702,4
2026-05-24T21:24:00+00:00,113.702,113.7015,113.701,113.702,3
2026-05-24T21:25:00+00:00,113.7015,113.7065,113.7,113.724,31
2026-05-24T21:26:00+00:00,113.7065,113.693,113.693,113.7065,42
2026-05-24T21:27:00+00:00,113.693,113.6955,113.692,113.697,32
2026-05-24T21:28:00+00:00,113.6955,113.6895,113.6895,113.7005,20
2026-05-24T21:29:00+00:00,113.6895,113.691,113.6775,113.7045,6
2026-05-24T21:30:00+00:00,113.691,113.695,113.6885,113.702,17
2026-05-24T21:31:00+00:00,113.695,113.7,113.686,113.7045,66
2026-05-24T21:32:00+00:00,113.6995,113.6845,113.6755,113.6995,92
2026-05-24T21:33:00+00:00,113.6845,113.692,113.6845,113.692,9
2026-05-24T21:34:00+00:00,113.6915,113.6905,113.69,113.696,32
2026-05-24T21:35:00+00:00,113.69,113.688,113.6845,113.693,33
2026-05-24T21:36:00+00:00,113.688,113.66,113.66,113.6885,46
2026-05-24T21:37:00+00:00,113.659,113.6805,113.659,113.6865,46
2026-05-24T21:38:00+00:00,113.6815,113.6695,113.6695,113.6825,25
2026-05-24T21:39:00+00:00,113.67,113.6955,113.661,113.7,29
2026-05-24T21:40:00+00:00,113.6955,113.682,113.682,113.704,18
2026-05-24T21:41:00+00:00,113.683,113.6705,113.668,113.683,29
2026-05-24T21:42:00+00:00,113.6705,113.6695,113.664,113.674,19
2026-05-24T21:43:00+00:00,113.668,113.6665,113.6645,113.6715,37
2026-05-24T21:44:00+00:00,113.6665,113.664,113.664,113.6685,25
2026-05-24T21:45:00+00:00,113.6645,113.66,113.66,113.6645,18
2026-05-24T21:46:00+00:00,113.66,113.6605,113.656,113.6625,14
2026-05-24T21:47:00+00:00,113.6605,113.6525,113.6495,113.661,26
2026-05-24T21:48:00+00:00,113.6525,113.658,113.648,113.66,29
2026-05-24T21:49:00+00:00,113.658,113.6545,113.6545,113.659,9
2026-05-24T21:50:00+00:00,113.6545,113.6515,113.6465,113.657,17
2026-05-24T21:51:00+00:00,113.6515,113.639,113.639,113.6525,21
2026-05-24T21:52:00+00:00,113.639,113.649,113.6305,113.662,70
2026-05-24T21:53:00+00:00,113.6495,113.6435,113.6425,113.6635,22
2026-05-24T21:54:00+00:00,113.6425,113.6435,113.6425,113.6455,12
2026-05-24T21:55:00+00:00,113.6435,113.657,113.6375,113.662,68
2026-05-24T21:56:00+00:00,113.6575,113.6695,113.657,113.6805,73
2026-05-24T21:57:00+00:00,113.67,113.672,113.665,113.674,38
2026-05-24T21:58:00+00:00,113.675,113.6615,113.6495,113.675,48
2026-05-24T21:59:00+00:00,113.6635,113.6705,113.6615,113.6715,36
2026-05-24T22:00:00+00:00,113.6645,113.7815,113.6645,113.7845,501
2026-05-24T22:01:00+00:00,113.778,113.8005,113.759,113.823,328
2026-05-24T22:02:00+00:00,113.802,113.742,113.726,113.813,256
2026-05-24T22:03:00+00:00,113.7425,113.747,113.7225,113.759,253
2026-05-24T22:04:00+00:00,113.7475,113.733,113.726,113.753,187
2026-05-24T22:05:00+00:00,113.734,113.7275,113.706,113.7355,305
2026-05-24T22:06:00+00:00,113.727,113.7235,113.706,113.744,173
2026-05-24T22:07:00+00:00,113.725,113.709,113.708,113.7265,56
2026-05-24T22:08:00+00:00,113.7085,113.702,113.693,113.7105,126
2026-05-24T22:09:00+00:00,113.702,113.7095,113.6895,113.7095,172
2026-05-24T22:10:00+00:00,113.708,113.7395,113.708,113.7415,214
2026-05-24T22:11:00+00:00,113.74,113.734,113.727,113.74,130
2026-05-24T22:12:00+00:00,113.7345,113.727,113.716,113.738,102
2026-05-24T22:13:00+00:00,113.727,113.727,113.7215,113.7365,114
2026-05-24T22:14:00+00:00,113.7265,113.723,113.717,113.732,121
2026-05-24T22:15:00+00:00,113.724,113.7235,113.7235,113.751,148
2026-05-24T22:16:00+00:00,113.723,113.719,113.709,113.726,145
2026-05-24T22:17:00+00:00,113.7185,113.7315,113.7085,113.745,193
2026-05-24T22:18:00+00:00,113.7305,113.731,113.722,113.7355,89
2026-05-24T22:19:00+00:00,113.731,113.739,113.7245,113.741,65
2026-05-24T22:20:00+00:00,113.7395,113.739,113.7375,113.7485,141
2026-05-24T22:21:00+00:00,113.7385,113.7285,113.7225,113.7385,207
2026-05-24T22:22:00+00:00,113.7285,113.7265,113.717,113.735,147
2026-05-24T22:23:00+00:00,113.7265,113.7295,113.718,113.7325,181
2026-05-24T22:24:00+00:00,113.7295,113.7195,113.717,113.7295,68
2026-05-24T22:25:00+00:00,113.72,113.7115,113.708,113.72,132
2026-05-24T22:26:00+00:00,113.7125,113.715,113.7105,113.723,147
2026-05-24T22:27:00+00:00,113.7145,113.718,113.71,113.7205,180
2026-05-24T22:28:00+00:00,113.7175,113.6935,113.693,113.722,160
2026-05-24T22:29:00+00:00,113.693,113.6765,113.6635,113.694,131
2026-05-24T22:30:00+00:00,113.6765,113.6645,113.654,113.6765,326
2026-05-24T22:31:00+00:00,113.664,113.6795,113.6525,113.6805,286
2026-05-24T22:32:00+00:00,113.68,113.6755,113.67,113.6845,196
2026-05-24T22:33:00+00:00,113.676,113.6725,113.668,113.679,145
2026-05-24T22:34:00+00:00,113.673,113.6725,113.669,113.682,96
2026-05-24T22:35:00+00:00,113.6725,113.6765,113.663,113.679,144
2026-05-24T22:36:00+00:00,113.677,113.6795,113.664,113.6795,199
2026-05-24T22:37:00+00:00,113.679,113.683,113.6705,113.684,179
2026-05-24T22:38:00+00:00,113.6825,113.682,113.671,113.6845,109
2026-05-24T22:39:00+00:00,113.6815,113.6795,113.679,113.6845,131
2026-05-24T22:40:00+00:00,113.68,113.682,113.679,113.685,169
2026-05-24T22:41:00+00:00,113.681,113.691,113.6745,113.691,229
2026-05-24T22:42:00+00:00,113.6905,113.682,113.6795,113.694,135
2026-05-24T22:43:00+00:00,113.6825,113.6805,113.6655,113.6825,186
2026-05-24T22:44:00+00:00,113.68,113.685,113.6765,113.687,112
2026-05-24T22:45:00+00:00,113.6845,113.6945,113.684,113.698,105
2026-05-24T22:46:00+00:00,113.694,113.7025,113.691,113.709,188
2026-05-24T22:47:00+00:00,113.703,113.719,113.702,113.721,135
2026-05-24T22:48:00+00:00,113.7185,113.724,113.717,113.728,90
2026-05-24T22:49:00+00:00,113.7245,113.735,113.7215,113.743,156
2026-05-24T22:50:00+00:00,113.735,113.7325,113.728,113.735,105
2026-05-24T22:51:00+00:00,113.7325,113.7305,113.724,113.736,150
2026-05-24T22:52:00+00:00,113.73,113.735,113.727,113.736,133
2026-05-24T22:53:00+00:00,113.7355,113.729,113.7205,113.737,136
2026-05-24T22:54:00+00:00,113.729,113.7225,113.7215,113.7345,93
2026-05-24T22:55:00+00:00,113.722,113.7285,113.716,113.729,85
2026-05-24T22:56:00+00:00,113.7245,113.7125,113.7125,113.729,81
2026-05-24T22:57:00+00:00,113.7125,113.716,113.712,113.718,58
2026-05-24T22:58:00+00:00,113.7155,113.725,113.7145,113.728,46
2026-05-24T22:59:00+00:00,113.7245,113.73,113.7215,113.731,52
2026-05-24T23:00:00+00:00,113.7295,113.766,113.7295,113.772,219
2026-05-24T23:01:00+00:00,113.7665,113.752,113.7505,113.773,164
2026-05-24T23:02:00+00:00,113.752,113.748,113.7455,113.752,98
2026-05-24T23:03:00+00:00,113.7475,113.751,113.7455,113.7585,133
2026-05-24T23:04:00+00:00,113.75,113.756,113.742,113.757,124
2026-05-24T23:05:00+00:00,113.7555,113.757,113.7485,113.76,144
2026-05-24T23:06:00+00:00,113.7575,113.7505,113.7455,113.7595,86
2026-05-24T23:07:00+00:00,113.7505,113.7645,113.7485,113.766,136
2026-05-24T23:08:00+00:00,113.766,113.7605,113.7565,113.766,64
2026-05-24T23:09:00+00:00,113.7605,113.756,113.744,113.7605,109
2026-05-24T23:10:00+00:00,113.7565,113.7515,113.7505,113.7615,150
2026-05-24T23:11:00+00:00,113.7505,113.757,113.7465,113.76,95
2026-05-24T23:12:00+00:00,113.7565,113.751,113.75,113.761,81
2026-05-24T23:13:00+00:00,113.75,113.749,113.7475,113.752,79
2026-05-24T23:14:00+00:00,113.749,113.7465,113.7465,113.7505,89
2026-05-24T23:15:00+00:00,113.748,113.744,113.744,113.748,23
2026-05-24T23:16:00+00:00,113.744,113.74,113.7365,113.746,57
2026-05-24T23:17:00+00:00,113.74,113.752,113.738,113.762,104
2026-05-24T23:18:00+00:00,113.7525,113.7475,113.7475,113.754,58
2026-05-24T23:19:00+00:00,113.749,113.748,113.7425,113.7495,41
2026-05-24T23:20:00+00:00,113.748,113.7395,113.7385,113.7485,39
2026-05-24T23:21:00+00:00,113.741,113.7465,113.7405,113.7515,57
2026-05-24T23:22:00+00:00,113.7465,113.747,113.741,113.75,60
2026-05-24T23:23:00+00:00,113.747,113.7605,113.7435,113.764,79
2026-05-24T23:24:00+00:00,113.76,113.752,113.752,113.7615,51
2026-05-24T23:25:00+00:00,113.752,113.7365,113.7365,113.752,58
2026-05-24T23:26:00+00:00,113.737,113.734,113.733,113.742,41
2026-05-24T23:27:00+00:00,113.733,113.745,113.7315,113.745,56
2026-05-24T23:28:00+00:00,113.745,113.759,113.744,113.759,79
2026-05-24T23:29:00+00:00,113.7575,113.7515,113.7495,113.761,92
2026-05-24T23:30:00+00:00,113.751,113.7465,113.7375,113.753,88
2026-05-24T23:31:00+00:00,113.7465,113.759,113.7465,113.7625,81
2026-05-24T23:32:00+00:00,113.7595,113.768,113.759,113.7705,77
2026-05-24T23:33:00+00:00,113.768,113.767,113.7595,113.7685,55
2026-05-24T23:34:00+00:00,113.7675,113.763,113.7555,113.772,140
2026-05-24T23:35:00+00:00,113.763,113.7755,113.7625,113.7795,191
2026-05-24T23:36:00+00:00,113.776,113.778,113.7735,113.779,59
2026-05-24T23:37:00+00:00,113.7785,113.774,113.7685,113.7785,98
2026-05-24T23:38:00+00:00,113.774,113.7765,113.771,113.778,60
2026-05-24T23:39:00+00:00,113.7775,113.785,113.7765,113.785,54
2026-05-24T23:40:00+00:00,113.785,113.793,113.7775,113.795,91
2026-05-24T23:41:00+00:00,113.793,113.7995,113.7895,113.8,102
2026-05-24T23:42:00+00:00,113.799,113.804,113.793,113.804,92
2026-05-24T23:43:00+00:00,113.804,113.8035,113.7985,113.805,129
2026-05-24T23:44:00+00:00,113.8035,113.797,113.796,113.8055,68
2026-05-24T23:45:00+00:00,113.797,113.8045,113.7905,113.806,186
2026-05-24T23:46:00+00:00,113.804,113.802,113.8005,113.811,159
2026-05-24T23:47:00+00:00,113.8025,113.803,113.801,113.8045,85
2026-05-24T23:48:00+00:00,113.803,113.795,113.7935,113.803,109
2026-05-24T23:49:00+00:00,113.7935,113.788,113.7865,113.797,96
2026-05-24T23:50:00+00:00,113.7885,113.771,113.7645,113.789,213
2026-05-24T23:51:00+00:00,113.7715,113.773,113.766,113.778,190
2026-05-24T23:52:00+00:00,113.7725,113.7705,113.7675,113.782,162
2026-05-24T23:53:00+00:00,113.77,113.782,113.7685,113.79,211
2026-05-24T23:54:00+00:00,113.782,113.783,113.7775,113.787,130
2026-05-24T23:55:00+00:00,113.782,113.782,113.7785,113.79,126
2026-05-24T23:56:00+00:00,113.7825,113.7715,113.769,113.7825,122
2026-05-24T23:57:00+00:00,113.771,113.7685,113.762,113.773,184
2026-05-24T23:58:00+00:00,113.7685,113.7635,113.759,113.773,233
2026-05-24T23:59:00+00:00,113.764,113.762,113.755,113.764,232
2026-05-25T00:00:00+00:00,113.763,113.7585,113.756,113.7745,431
2026-05-25T00:01:00+00:00,113.759,113.718,113.7165,113.76,247
2026-05-25T00:02:00+00:00,113.7185,113.7175,113.703,113.721,224
2026-05-25T00:03:00+00:00,113.7175,113.708,113.7075,113.726,186
2026-05-25T00:04:00+00:00,113.7085,113.7195,113.7005,113.7215,80
2026-05-25T00:05:00+00:00,113.719,113.7345,113.718,113.7385,117
2026-05-25T00:06:00+00:00,113.7335,113.739,113.7285,113.7435,129
2026-05-25T00:07:00+00:00,113.7405,113.744,113.7345,113.752,111
2026-05-25T00:08:00+00:00,113.7445,113.733,113.73,113.748,166
2026-05-25T00:09:00+00:00,113.7335,113.7455,113.731,113.7465,120
2026-05-25T00:10:00+00:00,113.7465,113.7565,113.7465,113.7625,153
2026-05-25T00:11:00+00:00,113.755,113.744,113.742,113.762,191
2026-05-25T00:12:00+00:00,113.7435,113.7485,113.742,113.7545,157
2026-05-25T00:13:00+00:00,113.748,113.7465,113.743,113.7485,156
2026-05-25T00:14:00+00:00,113.746,113.745,113.7365,113.749,144
2026-05-25T00:15:00+00:00,113.7455,113.7325,113.73,113.7495,280
2026-05-25T00:16:00+00:00,113.732,113.7295,113.728,113.7415,258
2026-05-25T00:17:00+00:00,113.73,113.708,113.703,113.73,205
2026-05-25T00:18:00+00:00,113.707,113.7265,113.7065,113.7275,177
2026-05-25T00:19:00+00:00,113.726,113.732,113.722,113.7375,178
2026-05-25T00:20:00+00:00,113.733,113.7485,113.73,113.7495,181
2026-05-25T00:21:00+00:00,113.749,113.7515,113.737,113.7565,179
2026-05-25T00:22:00+00:00,113.7525,113.772,113.751,113.779,201
2026-05-25T00:23:00+00:00,113.7715,113.78,113.7685,113.7845,268
2026-05-25T00:24:00+00:00,113.779,113.7915,113.775,113.794,218
2026-05-25T00:25:00+00:00,113.7915,113.7625,113.7615,113.7925,269
2026-05-25T00:26:00+00:00,113.763,113.7705,113.758,113.771,273
2026-05-25T00:27:00+00:00,113.77,113.7685,113.7665,113.7735,137
2026-05-25T00:28:00+00:00,113.7695,113.771,113.7675,113.7775,183
2026-05-25T00:29:00+00:00,113.7715,113.794,113.769,113.7995,194
2026-05-25T00:30:00+00:00,113.7945,113.8035,113.7945,113.8105,265
2026-05-25T00:31:00+00:00,113.8045,113.805,113.799,113.81,164
2026-05-25T00:32:00+00:00,113.806,113.7855,113.784,113.8095,100
2026-05-25T00:33:00+00:00,113.7855,113.767,113.7595,113.7855,180
2026-05-25T00:34:00+00:00,113.7675,113.7665,113.762,113.769,153
2026-05-25T00:35:00+00:00,113.7675,113.7855,113.7665,113.7855,174
2026-05-25T00:36:00+00:00,113.7865,113.78,113.7705,113.7875,151
2026-05-25T00:37:00+00:00,113.7805,113.7875,113.779,113.791,158
2026-05-25T00:38:00+00:00,113.7885,113.7885,113.7715,113.7895,97
2026-05-25T00:39:00+00:00,113.7875,113.792,113.787,113.7965,158
2026-05-25T00:40:00+00:00,113.7915,113.7725,113.7675,113.7915,119
2026-05-25T00:41:00+00:00,113.7715,113.7695,113.7695,113.7755,70
2026-05-25T00:42:00+00:00,113.7685,113.7605,113.757,113.7685,143
2026-05-25T00:43:00+00:00,113.761,113.7465,113.7465,113.7625,123
2026-05-25T00:44:00+00:00,113.7475,113.747,113.738,113.7485,153
2026-05-25T00:45:00+00:00,113.7475,113.7615,113.746,113.7625,210
2026-05-25T00:46:00+00:00,113.761,113.761,113.751,113.7625,160
2026-05-25T00:47:00+00:00,113.7615,113.7695,113.755,113.7695,153
2026-05-25T00:48:00+00:00,113.769,113.7965,113.7675,113.7975,198
2026-05-25T00:49:00+00:00,113.796,113.8045,113.795,113.8235,502
2026-05-25T00:50:00+00:00,113.804,113.7985,113.7945,113.809,321
2026-05-25T00:51:00+00:00,113.799,113.807,113.791,113.8135,221
2026-05-25T00:52:00+00:00,113.8065,113.8155,113.8065,113.8175,241
2026-05-25T00:53:00+00:00,113.816,113.808,113.806,113.823,200
2026-05-25T00:54:00+00:00,113.8085,113.819,113.793,113.819,400
2026-05-25T00:55:00+00:00,113.82,113.783,113.776,113.8245,535
2026-05-25T00:56:00+00:00,113.783,113.7805,113.7775,113.7885,348
2026-05-25T00:57:00+00:00,113.781,113.751,113.7495,113.7835,305
2026-05-25T00:58:00+00:00,113.7505,113.754,113.74,113.7675,391
2026-05-25T00:59:00+00:00,113.7535,113.7525,113.744,113.7615,348
2026-05-25T01:00:00+00:00,113.7515,113.76,113.742,113.777,620
2026-05-25T01:01:00+00:00,113.7595,113.7675,113.744,113.77,450
2026-05-25T01:02:00+00:00,113.767,113.7695,113.759,113.772,353
2026-05-25T01:03:00+00:00,113.77,113.7715,113.7645,113.7805,327
2026-05-25T01:04:00+00:00,113.772,113.774,113.766,113.78,201
2026-05-25T01:05:00+00:00,113.7745,113.786,113.7745,113.7925,256
2026-05-25T01:06:00+00:00,113.7865,113.797,113.7805,113.799,248
2026-05-25T01:07:00+00:00,113.7975,113.793,113.792,113.8075,201
2026-05-25T01:08:00+00:00,113.7925,113.787,113.7815,113.8005,268
2026-05-25T01:09:00+00:00,113.7875,113.784,113.779,113.791,234
2026-05-25T01:10:00+00:00,113.7845,113.7905,113.7845,113.8005,277
2026-05-25T01:11:00+00:00,113.7915,113.8155,113.7915,113.817,222
2026-05-25T01:12:00+00:00,113.8145,113.813,113.8095,113.8175,217
2026-05-25T01:13:00+00:00,113.8125,113.8215,113.81,113.832,249
2026-05-25T01:14:00+00:00,113.8215,113.827,113.815,113.839,453
2026-05-25T01:15:00+00:00,113.8275,113.8245,113.8175,113.838,370
2026-05-25T01:16:00+00:00,113.824,113.8235,113.8115,113.832,285
2026-05-25T01:17:00+00:00,113.824,113.8415,113.824,113.8435,174
2026-05-25T01:18:00+00:00,113.842,113.83,113.8285,113.846,271
2026-05-25T01:19:00+00:00,113.831,113.823,113.8195,113.8385,308
2026-05-25T01:20:00+00:00,113.824,113.8205,113.813,113.829,384
2026-05-25T01:21:00+00:00,113.821,113.825,113.8205,113.831,104
2026-05-25T01:22:00+00:00,113.825,113.8335,113.8245,113.838,176
2026-05-25T01:23:00+00:00,113.834,113.8245,113.815,113.841,210
2026-05-25T01:24:00+00:00,113.825,113.823,113.815,113.828,208
2026-05-25T01:25:00+00:00,113.8235,113.8225,113.822,113.8355,207
2026-05-25T01:26:00+00:00,113.823,113.816,113.808,113.832,227
2026-05-25T01:27:00+00:00,113.8165,113.835,113.816,113.836,212
2026-05-25T01:28:00+00:00,113.836,113.854,113.8345,113.8625,208
2026-05-25T01:29:00+00:00,113.8535,113.88,113.852,113.884,354
2026-05-25T01:30:00+00:00,113.8805,113.7865,113.7745,113.881,521
2026-05-25T01:31:00+00:00,113.786,113.807,113.7855,113.824,274
2026-05-25T01:32:00+00:00,113.806,113.8055,113.799,113.815,329
2026-05-25T01:33:00+00:00,113.806,113.8175,113.806,113.825,241
2026-05-25T01:34:00+00:00,113.8165,113.825,113.816,113.8285,194
2026-05-25T01:35:00+00:00,113.8255,113.863,113.8255,113.864,240
2026-05-25T01:36:00+00:00,113.8635,113.858,113.8495,113.866,256
2026-05-25T01:37:00+00:00,113.858,113.8665,113.8555,113.875,202
2026-05-25T01:38:00+00:00,113.867,113.8645,113.8635,113.8685,135
2026-05-25T01:39:00+00:00,113.865,113.867,113.858,113.8705,154
2026-05-25T01:40:00+00:00,113.8665,113.862,113.862,113.8725,168
2026-05-25T01:41:00+00:00,113.861,113.8665,113.861,113.8765,198
2026-05-25T01:42:00+00:00,113.8655,113.8395,113.8385,113.8655,188
2026-05-25T01:43:00+00:00,113.839,113.849,113.8375,113.8505,171
2026-05-25T01:44:00+00:00,113.8495,113.8635,113.8495,113.865,216
2026-05-25T01:45:00+00:00,113.863,113.8615,113.8575,113.8675,206
2026-05-25T01:46:00+00:00,113.862,113.8525,113.8525,113.876,265
2026-05-25T01:47:00+00:00,113.852,113.8585,113.849,113.859,141
2026-05-25T01:48:00+00:00,113.858,113.8625,113.8495,113.865,165
2026-05-25T01:49:00+00:00,113.863,113.8615,113.8535,113.8665,176
2026-05-25T01:50:00+00:00,113.862,113.851,113.8495,113.863,159
2026-05-25T01:51:00+00:00,113.8515,113.862,113.8475,113.8635,174
2026-05-25T01:52:00+00:00,113.862,113.855,113.8535,113.8635,165
2026-05-25T01:53:00+00:00,113.8545,113.8495,113.8475,113.856,118
2026-05-25T01:54:00+00:00,113.8505,113.8515,113.846,113.856,133
2026-05-25T01:55:00+00:00,113.8515,113.8525,113.8505,113.8605,166
2026-05-25T01:56:00+00:00,113.853,113.8515,113.8485,113.858,125
2026-05-25T01:57:00+00:00,113.8515,113.8435,113.843,113.854,153
2026-05-25T01:58:00+00:00,113.843,113.8555,113.841,113.8555,170
2026-05-25T01:59:00+00:00,113.8555,113.8535,113.852,113.8585,97
2026-05-25T02:00:00+00:00,113.854,113.8605,113.854,113.868,153
2026-05-25T02:01:00+00:00,113.861,113.8735,113.8595,113.8745,154
2026-05-25T02:02:00+00:00,113.873,113.873,113.872,113.879,128
2026-05-25T02:03:00+00:00,113.8725,113.8725,113.871,113.877,118
2026-05-25T02:04:00+00:00,113.872,113.873,113.8685,113.876,98
2026-05-25T02:05:00+00:00,113.8735,113.87,113.865,113.874,168
2026-05-25T02:06:00+00:00,113.871,113.885,113.8675,113.8945,219
2026-05-25T02:07:00+00:00,113.8845,113.901,113.883,113.9025,203
2026-05-25T02:08:00+00:00,113.9,113.892,113.884,113.9,195
2026-05-25T02:09:00+00:00,113.892,113.893,113.8895,113.905,292
2026-05-25T02:10:00+00:00,113.8925,113.8945,113.8915,113.9,165
2026-05-25T02:11:00+00:00,113.894,113.8775,113.872,113.894,202
2026-05-25T02:12:00+00:00,113.8775,113.885,113.873,113.8855,175
2026-05-25T02:13:00+00:00,113.8855,113.873,113.8725,113.8895,152
2026-05-25T02:14:00+00:00,113.8725,113.878,113.87,113.8815,187
2026-05-25T02:15:00+00:00,113.8785,113.8795,113.872,113.8815,200
2026-05-25T02:16:00+00:00,113.8795,113.877,113.8705,113.88,214
2026-05-25T02:17:00+00:00,113.877,113.8765,113.874,113.8785,96
2026-05-25T02:18:00+00:00,113.877,113.8775,113.8615,113.883,161
2026-05-25T02:19:00+00:00,113.877,113.8835,113.875,113.887,102
2026-05-25T02:20:00+00:00,113.884,113.8945,113.8775,113.897,119
2026-05-25T02:21:00+00:00,113.8945,113.897,113.891,113.9005,87
2026-05-25T02:22:00+00:00,113.8965,113.9035,113.896,113.907,88
2026-05-25T02:23:00+00:00,113.903,113.9195,113.903,113.926,138
2026-05-25T02:24:00+00:00,113.9185,113.9135,113.909,113.9185,150
2026-05-25T02:25:00+00:00,113.9125,113.9125,113.9085,113.9165,152
2026-05-25T02:26:00+00:00,113.913,113.9085,113.9005,113.915,175
2026-05-25T02:27:00+00:00,113.9085,113.9,113.9,113.91,117
2026-05-25T02:28:00+00:00,113.9005,113.909,113.895,113.911,118
2026-05-25T02:29:00+00:00,113.909,113.8975,113.8955,113.91,99
2026-05-25T02:30:00+00:00,113.898,113.8975,113.8905,113.8995,140
2026-05-25T02:31:00+00:00,113.8975,113.9,113.893,113.901,114
2026-05-25T02:32:00+00:00,113.9,113.906,113.898,113.915,79
2026-05-25T02:33:00+00:00,113.906,113.9,113.898,113.909,114
2026-05-25T02:34:00+00:00,113.8995,113.897,113.894,113.8995,75
2026-05-25T02:35:00+00:00,113.8975,113.896,113.892,113.903,155
2026-05-25T02:36:00+00:00,113.8965,113.887,113.884,113.8965,80
2026-05-25T02:37:00+00:00,113.887,113.8895,113.8865,113.895,58
2026-05-25T02:38:00+00:00,113.889,113.883,113.88,113.8895,107
2026-05-25T02:39:00+00:00,113.883,113.8725,113.8645,113.89,139
2026-05-25T02:40:00+00:00,113.873,113.86,113.8515,113.8735,209
2026-05-25T02:41:00+00:00,113.8605,113.8635,113.8585,113.865,62
2026-05-25T02:42:00+00:00,113.8625,113.871,113.862,113.8725,114
2026-05-25T02:43:00+00:00,113.8705,113.8735,113.87,113.8765,85
2026-05-25T02:44:00+00:00,113.8725,113.871,113.87,113.876,71
2026-05-25T02:45:00+00:00,113.8715,113.867,113.865,113.876,120
2026-05-25T02:46:00+00:00,113.867,113.8585,113.855,113.8715,158
2026-05-25T02:47:00+00:00,113.8585,113.8675,113.8585,113.8695,202
2026-05-25T02:48:00+00:00,113.867,113.866,113.858,113.8705,175
2026-05-25T02:49:00+00:00,113.867,113.858,113.8575,113.869,86
2026-05-25T02:50:00+00:00,113.8585,113.8575,113.857,113.8595,50
2026-05-25T02:51:00+00:00,113.8575,113.8435,113.8415,113.86,108
2026-05-25T02:52:00+00:00,113.8435,113.8455,113.8435,113.852,80
2026-05-25T02:53:00+00:00,113.846,113.8415,113.841,113.847,82
2026-05-25T02:54:00+00:00,113.841,113.824,113.8225,113.843,95
2026-05-25T02:55:00+00:00,113.8235,113.8115,113.8065,113.8235,132
2026-05-25T02:56:00+00:00,113.812,113.807,113.806,113.8125,93
2026-05-25T02:57:00+00:00,113.8065,113.809,113.8055,113.8105,147
2026-05-25T02:58:00+00:00,113.8095,113.799,113.7975,113.8105,172
2026-05-25T02:59:00+00:00,113.7995,113.8065,113.796,113.809,222
2026-05-25T03:00:00+00:00,113.806,113.815,113.8045,113.8275,357
2026-05-25T03:01:00+00:00,113.8145,113.823,113.81,113.826,189
2026-05-25T03:02:00+00:00,113.8235,113.8025,113.8015,113.8265,196
2026-05-25T03:03:00+00:00,113.802,113.797,113.7935,113.8085,154
2026-05-25T03:04:00+00:00,113.798,113.815,113.783,113.8155,205
2026-05-25T03:05:00+00:00,113.8145,113.7995,113.793,113.8165,183
2026-05-25T03:06:00+00:00,113.799,113.79,113.7895,113.8055,121
2026-05-25T03:07:00+00:00,113.7905,113.8025,113.785,113.804,183
2026-05-25T03:08:00+00:00,113.803,113.806,113.803,113.815,148
2026-05-25T03:09:00+00:00,113.8055,113.802,113.8015,113.8105,107
2026-05-25T03:10:00+00:00,113.802,113.806,113.799,113.807,90
2026-05-25T03:11:00+00:00,113.8065,113.8165,113.8035,113.819,132
2026-05-25T03:12:00+00:00,113.816,113.81,113.8095,113.8175,79
2026-05-25T03:13:00+00:00,113.8095,113.803,113.8005,113.8155,162
2026-05-25T03:14:00+00:00,113.8025,113.803,113.7995,113.809,165
2026-05-25T03:15:00+00:00,113.803,113.794,113.794,113.8045,111
2026-05-25T03:16:00+00:00,113.794,113.796,113.789,113.8005,135
2026-05-25T03:17:00+00:00,113.797,113.7975,113.787,113.8045,182
2026-05-25T03:18:00+00:00,113.797,113.798,113.7935,113.8015,104
2026-05-25T03:19:00+00:00,113.797,113.8,113.794,113.806,121
2026-05-25T03:20:00+00:00,113.8,113.8155,113.8,113.817,143
2026-05-25T03:21:00+00:00,113.815,113.8095,113.8085,113.8175,259
2026-05-25T03:22:00+00:00,113.8085,113.8045,113.794,113.8115,220
2026-05-25T03:23:00+00:00,113.804,113.797,113.7925,113.804,109
2026-05-25T03:24:00+00:00,113.797,113.787,113.7835,113.798,154
2026-05-25T03:25:00+00:00,113.7875,113.796,113.785,113.796,124
2026-05-25T03:26:00+00:00,113.796,113.8045,113.795,113.8085,114
2026-05-25T03:27:00+00:00,113.804,113.8045,113.7995,113.8085,153
2026-05-25T03:28:00+00:00,113.805,113.8025,113.802,113.8095,127
2026-05-25T03:29:00+00:00,113.8025,113.802,113.7985,113.8045,90
2026-05-25T03:30:00+00:00,113.8025,113.8055,113.8025,113.8105,113
2026-05-25T03:31:00+00:00,113.805,113.803,113.7965,113.811,212
2026-05-25T03:32:00+00:00,113.804,113.8095,113.8035,113.812,79
2026-05-25T03:33:00+00:00,113.8095,113.809,113.8085,113.8125,74
2026-05-25T03:34:00+00:00,113.809,113.8055,113.805,113.8095,41
2026-05-25T03:35:00+00:00,113.805,113.8045,113.802,113.813,262
2026-05-25T03:36:00+00:00,113.8045,113.7955,113.7955,113.8055,119
2026-05-25T03:37:00+00:00,113.796,113.8005,113.795,113.8015,59
2026-05-25T03:38:00+00:00,113.8005,113.7975,113.796,113.8025,69
2026-05-25T03:39:00+00:00,113.7985,113.783,113.7765,113.8,180
2026-05-25T03:40:00+00:00,113.7835,113.779,113.7765,113.7835,108
2026-05-25T03:41:00+00:00,113.7785,113.779,113.775,113.779,68
2026-05-25T03:42:00+00:00,113.7785,113.787,113.7765,113.7925,96
2026-05-25T03:43:00+00:00,113.7865,113.788,113.786,113.792,113
2026-05-25T03:44:00+00:00,113.7885,113.788,113.7815,113.7885,109
2026-05-25T03:45:00+00:00,113.7875,113.7865,113.7855,113.7915,155
2026-05-25T03:46:00+00:00,113.787,113.777,113.777,113.796,135
2026-05-25T03:47:00+00:00,113.7765,113.789,113.776,113.7905,134
2026-05-25T03:48:00+00:00,113.7895,113.787,113.7845,113.7925,95
2026-05-25T03:49:00+00:00,113.786,113.7825,113.7795,113.7885,91
2026-05-25T03:50:00+00:00,113.783,113.7885,113.7795,113.7965,102
2026-05-25T03:51:00+00:00,113.7885,113.794,113.787,113.801,115
2026-05-25T03:52:00+00:00,113.7935,113.786,113.782,113.7945,99
2026-05-25T03:53:00+00:00,113.786,113.787,113.784,113.788,72
2026-05-25T03:54:00+00:00,113.787,113.788,113.785,113.7935,85
2026-05-25T03:55:00+00:00,113.7865,113.784,113.781,113.7915,111
2026-05-25T03:56:00+00:00,113.7845,113.7695,113.7675,113.7845,107
2026-05-25T03:57:00+00:00,113.7695,113.7785,113.769,113.785,163
2026-05-25T03:58:00+00:00,113.779,113.7775,113.776,113.7895,127
2026-05-25T03:59:00+00:00,113.777,113.7835,113.7745,113.7855,86
2026-05-25T04:00:00+00:00,113.782,113.7855,113.782,113.7925,156
2026-05-25T04:01:00+00:00,113.786,113.7825,113.7815,113.786,94
2026-05-25T04:02:00+00:00,113.783,113.7955,113.782,113.7955,70
2026-05-25T04:03:00+00:00,113.795,113.798,113.7935,113.8045,57
2026-05-25T04:04:00+00:00,113.798,113.798,113.797,113.8035,37
2026-05-25T04:05:00+00:00,113.798,113.802,113.798,113.8045,77
2026-05-25T04:06:00+00:00,113.8015,113.816,113.8005,113.816,75
2026-05-25T04:07:00+00:00,113.8155,113.814,113.807,113.8205,109
2026-05-25T04:08:00+00:00,113.814,113.807,113.806,113.814,55
2026-05-25T04:09:00+00:00,113.8065,113.796,113.7925,113.8065,99
2026-05-25T04:10:00+00:00,113.7955,113.794,113.793,113.7965,40
2026-05-25T04:11:00+00:00,113.794,113.785,113.7835,113.797,133
2026-05-25T04:12:00+00:00,113.7855,113.792,113.784,113.795,165
2026-05-25T04:13:00+00:00,113.793,113.7935,113.789,113.795,104
2026-05-25T04:14:00+00:00,113.7935,113.793,113.7915,113.795,67
2026-05-25T04:15:00+00:00,113.7935,113.7975,113.788,113.799,120
2026-05-25T04:16:00+00:00,113.798,113.8,113.793,113.8,70
2026-05-25T04:17:00+00:00,113.8,113.799,113.7965,113.8,67
2026-05-25T04:18:00+00:00,113.8,113.8095,113.8,113.8135,84
2026-05-25T04:19:00+00:00,113.81,113.801,113.8,113.811,31
2026-05-25T04:20:00+00:00,113.8005,113.8135,113.7955,113.8155,87
2026-05-25T04:21:00+00:00,113.813,113.8205,113.8125,113.8245,89
2026-05-25T04:22:00+00:00,113.821,113.819,113.818,113.8225,69
2026-05-25T04:23:00+00:00,113.8195,113.8215,113.818,113.822,34
2026-05-25T04:24:00+00:00,113.822,113.82,113.819,113.825,86
2026-05-25T04:25:00+00:00,113.82,113.8305,113.82,113.832,110
2026-05-25T04:26:00+00:00,113.8315,113.847,113.8315,113.8485,70
2026-05-25T04:27:00+00:00,113.8475,113.854,113.845,113.854,57
2026-05-25T04:28:00+00:00,113.854,113.85,113.849,113.8565,143
2026-05-25T04:29:00+00:00,113.8495,113.851,113.845,113.853,64
2026-05-25T04:30:00+00:00,113.852,113.8385,113.8365,113.8535,123
2026-05-25T04:31:00+00:00,113.838,113.8535,113.8375,113.8535,174
2026-05-25T04:32:00+00:00,113.8525,113.8485,113.8415,113.853,90
2026-05-25T04:33:00+00:00,113.8485,113.856,113.8475,113.8575,68
2026-05-25T04:34:00+00:00,113.856,113.864,113.8535,113.8675,112
2026-05-25T04:35:00+00:00,113.8645,113.8715,113.8635,113.874,104
2026-05-25T04:36:00+00:00,113.871,113.8525,113.8505,113.871,94
2026-05-25T04:37:00+00:00,113.852,113.867,113.85,113.867,106
2026-05-25T04:38:00+00:00,113.867,113.8725,113.862,113.8725,86
2026-05-25T04:39:00+00:00,113.873,113.874,113.871,113.8755,61
2026-05-25T04:40:00+00:00,113.874,113.8775,113.8705,113.8875,115
2026-05-25T04:41:00+00:00,113.878,113.877,113.876,113.882,68
2026-05-25T04:42:00+00:00,113.877,113.885,113.876,113.886,60
2026-05-25T04:43:00+00:00,113.885,113.8825,113.881,113.889,57
2026-05-25T04:44:00+00:00,113.8825,113.8865,113.88,113.888,68
2026-05-25T04:45:00+00:00,113.8865,113.885,113.8825,113.891,89
2026-05-25T04:46:00+00:00,113.886,113.891,113.8845,113.8925,61
2026-05-25T04:47:00+00:00,113.8915,113.8865,113.885,113.9015,112
2026-05-25T04:48:00+00:00,113.8865,113.8965,113.884,113.8995,58
2026-05-25T04:49:00+00:00,113.8965,113.897,113.8945,113.903,51
2026-05-25T04:50:00+00:00,113.8985,113.9025,113.8975,113.904,75
2026-05-25T04:51:00+00:00,113.9025,113.9005,113.898,113.91,147
2026-05-25T04:52:00+00:00,113.9005,113.898,113.897,113.9065,147
2026-05-25T04:53:00+00:00,113.8985,113.901,113.895,113.901,71
2026-05-25T04:54:00+00:00,113.9005,113.895,113.895,113.9035,61
2026-05-25T04:55:00+00:00,113.8955,113.901,113.895,113.902,143
2026-05-25T04:56:00+00:00,113.8995,113.892,113.89,113.8995,141
2026-05-25T04:57:00+00:00,113.8925,113.9095,113.892,113.9135,148
2026-05-25T04:58:00+00:00,113.91,113.903,113.901,113.91,135
2026-05-25T04:59:00+00:00,113.9025,113.89,113.89,113.9045,143
2026-05-25T05:00:00+00:00,113.8895,113.8895,113.8835,113.898,206
2026-05-25T05:01:00+00:00,113.889,113.9055,113.885,113.9095,188
2026-05-25T05:02:00+00:00,113.9055,113.911,113.903,113.9135,125
2026-05-25T05:03:00+00:00,113.9105,113.908,113.904,113.912,118
2026-05-25T05:04:00+00:00,113.9075,113.905,113.9025,113.909,90
2026-05-25T05:05:00+00:00,113.905,113.9105,113.9,113.9105,108
2026-05-25T05:06:00+00:00,113.9105,113.917,113.907,113.9205,145
2026-05-25T05:07:00+00:00,113.917,113.915,113.906,113.924,204
2026-05-25T05:08:00+00:00,113.916,113.902,113.8995,113.92,156
2026-05-25T05:09:00+00:00,113.901,113.893,113.883,113.903,215
2026-05-25T05:10:00+00:00,113.8925,113.899,113.8915,113.9025,118
2026-05-25T05:11:00+00:00,113.8985,113.9105,113.896,113.913,136
2026-05-25T05:12:00+00:00,113.911,113.887,113.887,113.921,201
2026-05-25T05:13:00+00:00,113.8885,113.895,113.887,113.8995,106
2026-05-25T05:14:00+00:00,113.895,113.908,113.894,113.908,63
2026-05-25T05:15:00+00:00,113.908,113.9165,113.9075,113.917,95
2026-05-25T05:16:00+00:00,113.917,113.9255,113.916,113.9255,83
2026-05-25T05:17:00+00:00,113.925,113.9145,113.913,113.926,161
2026-05-25T05:18:00+00:00,113.914,113.913,113.912,113.92,91
2026-05-25T05:19:00+00:00,113.9125,113.9115,113.9055,113.913,88
2026-05-25T05:20:00+00:00,113.9115,113.911,113.91,113.913,32
2026-05-25T05:21:00+00:00,113.911,113.903,113.898,113.911,143
2026-05-25T05:22:00+00:00,113.9035,113.897,113.8955,113.91,152
2026-05-25T05:23:00+00:00,113.8975,113.898,113.8945,113.903,76
2026-05-25T05:24:00+00:00,113.8975,113.8935,113.8935,113.9,50
2026-05-25T05:25:00+00:00,113.893,113.892,113.89,113.897,139
2026-05-25T05:26:00+00:00,113.8915,113.892,113.891,113.895,105
2026-05-25T05:27:00+00:00,113.8915,113.8855,113.8855,113.8915,113
2026-05-25T05:28:00+00:00,113.886,113.884,113.882,113.887,50
2026-05-25T05:29:00+00:00,113.8845,113.879,113.8755,113.8845,86
2026-05-25T05:30:00+00:00,113.879,113.861,113.8605,113.879,144
2026-05-25T05:31:00+00:00,113.8605,113.87,113.858,113.874,172
2026-05-25T05:32:00+00:00,113.8705,113.8825,113.8705,113.8825,149
2026-05-25T05:33:00+00:00,113.883,113.8875,113.883,113.8925,149
2026-05-25T05:34:00+00:00,113.887,113.8975,113.887,113.899,131
2026-05-25T05:35:00+00:00,113.898,113.89,113.885,113.899,111
2026-05-25T05:36:00+00:00,113.8905,113.889,113.8865,113.8945,71
2026-05-25T05:37:00+00:00,113.8895,113.91,113.888,113.9105,92
2026-05-25T05:38:00+00:00,113.9095,113.9105,113.9075,113.913,57
2026-05-25T05:39:00+00:00,113.9105,113.905,113.9045,113.911,47
2026-05-25T05:40:00+00:00,113.9055,113.903,113.897,113.906,91
2026-05-25T05:41:00+00:00,113.9025,113.9095,113.9005,113.9115,103
2026-05-25T05:42:00+00:00,113.909,113.917,113.909,113.919,85
2026-05-25T05:43:00+00:00,113.9165,113.9105,113.9095,113.925,129
2026-05-25T05:44:00+00:00,113.9105,113.906,113.9035,113.9105,124
2026-05-25T05:45:00+00:00,113.906,113.9115,113.9045,113.916,121
2026-05-25T05:46:00+00:00,113.911,113.8955,113.8945,113.912,89
2026-05-25T05:47:00+00:00,113.895,113.9025,113.893,113.905,94
2026-05-25T05:48:00+00:00,113.903,113.8925,113.8915,113.903,98
2026-05-25T05:49:00+00:00,113.892,113.881,113.878,113.8925,110
2026-05-25T05:50:00+00:00,113.8805,113.863,113.863,113.8805,135
2026-05-25T05:51:00+00:00,113.8625,113.864,113.853,113.8685,139
2026-05-25T05:52:00+00:00,113.863,113.862,113.8565,113.8645,169
2026-05-25T05:53:00+00:00,113.861,113.8595,113.855,113.8655,112
2026-05-25T05:54:00+00:00,113.86,113.871,113.86,113.8725,49
2026-05-25T05:55:00+00:00,113.8705,113.8715,113.867,113.8785,150
2026-05-25T05:56:00+00:00,113.8725,113.866,113.865,113.882,157
2026-05-25T05:57:00+00:00,113.8665,113.8685,113.859,113.8695,211
2026-05-25T05:58:00+00:00,113.8695,113.8685,113.8625,113.8725,185
2026-05-25T05:59:00+00:00,113.868,113.877,113.868,113.8875,240
2026-05-25T06:00:00+00:00,113.8765,113.896,113.8645,113.897,416
2026-05-25T06:01:00+00:00,113.8965,113.897,113.8895,113.903,282
2026-05-25T06:02:00+00:00,113.8975,113.886,113.886,113.905,247
2026-05-25T06:03:00+00:00,113.886,113.896,113.881,113.8965,185
2026-05-25T06:04:00+00:00,113.8955,113.88,113.8785,113.8985,140
2026-05-25T06:05:00+00:00,113.88,113.8805,113.875,113.884,171
2026-05-25T06:06:00+00:00,113.88,113.882,113.878,113.885,139
2026-05-25T06:07:00+00:00,113.8825,113.902,113.8825,113.902,177
2026-05-25T06:08:00+00:00,113.9015,113.898,113.8975,113.9045,153
2026-05-25T06:09:00+00:00,113.8975,113.8985,113.8965,113.9035,115
2026-05-25T06:10:00+00:00,113.899,113.9055,113.899,113.9085,159
2026-05-25T06:11:00+00:00,113.9055,113.905,113.901,113.9075,124
2026-05-25T06:12:00+00:00,113.9045,113.9065,113.9035,113.911,115
2026-05-25T06:13:00+00:00,113.9065,113.906,113.903,113.912,133
2026-05-25T06:14:00+00:00,113.906,113.912,113.906,113.9145,111
2026-05-25T06:15:00+00:00,113.9125,113.895,113.893,113.913,156
2026-05-25T06:16:00+00:00,113.8955,113.88,113.88,113.8965,144
2026-05-25T06:17:00+00:00,113.881,113.883,113.878,113.8845,74
2026-05-25T06:18:00+00:00,113.8835,113.8835,113.8805,113.889,124
2026-05-25T06:19:00+00:00,113.884,113.876,113.875,113.884,81
2026-05-25T06:20:00+00:00,113.875,113.8665,113.8665,113.88,146
2026-05-25T06:21:00+00:00,113.866,113.8605,113.8585,113.8705,132
2026-05-25T06:22:00+00:00,113.86,113.857,113.854,113.8615,150
2026-05-25T06:23:00+00:00,113.8565,113.874,113.8555,113.8745,161
2026-05-25T06:24:00+00:00,113.8745,113.884,113.8725,113.8875,168
2026-05-25T06:25:00+00:00,113.884,113.875,113.871,113.8865,150
2026-05-25T06:26:00+00:00,113.875,113.8745,113.873,113.8835,134
2026-05-25T06:27:00+00:00,113.875,113.878,113.8745,113.884,128
2026-05-25T06:28:00+00:00,113.878,113.877,113.874,113.882,104
2026-05-25T06:29:00+00:00,113.8765,113.874,113.867,113.8765,154
2026-05-25T06:30:00+00:00,113.8735,113.8655,113.857,113.874,250
2026-05-25T06:31:00+00:00,113.8655,113.879,113.8655,113.8815,156
2026-05-25T06:32:00+00:00,113.8795,113.888,113.876,113.8895,245
2026-05-25T06:33:00+00:00,113.8875,113.88,113.878,113.893,189
2026-05-25T06:34:00+00:00,113.8805,113.891,113.878,113.8955,216
2026-05-25T06:35:00+00:00,113.8915,113.895,113.881,113.8955,152
2026-05-25T06:36:00+00:00,113.8955,113.8885,113.885,113.901,186
2026-05-25T06:37:00+00:00,113.889,113.8915,113.881,113.894,138
2026-05-25T06:38:00+00:00,113.8915,113.8965,113.89,113.899,115
2026-05-25T06:39:00+00:00,113.8975,113.9015,113.896,113.9095,154
2026-05-25T06:40:00+00:00,113.9015,113.898,113.8915,113.9015,110
2026-05-25T06:41:00+00:00,113.8985,113.8955,113.891,113.9,107
2026-05-25T06:42:00+00:00,113.896,113.89,113.882,113.8985,145
2026-05-25T06:43:00+00:00,113.89,113.8755,113.8745,113.89,126
2026-05-25T06:44:00+00:00,113.8765,113.875,113.874,113.878,111
2026-05-25T06:45:00+00:00,113.8755,113.8815,113.874,113.8865,141
2026-05-25T06:46:00+00:00,113.882,113.9,113.8815,113.9015,164
2026-05-25T06:47:00+00:00,113.9,113.8905,113.887,113.905,177
2026-05-25T06:48:00+00:00,113.891,113.8745,113.873,113.891,115
2026-05-25T06:49:00+00:00,113.8745,113.879,113.873,113.8815,71
2026-05-25T06:50:00+00:00,113.8785,113.8845,113.876,113.886,137
2026-05-25T06:51:00+00:00,113.884,113.8925,113.88,113.8935,197
2026-05-25T06:52:00+00:00,113.8925,113.88,113.871,113.8945,149
2026-05-25T06:53:00+00:00,113.8805,113.88,113.875,113.8825,130
2026-05-25T06:54:00+00:00,113.8805,113.884,113.8785,113.885,171
2026-05-25T06:55:00+00:00,113.8835,113.8885,113.879,113.891,187
2026-05-25T06:56:00+00:00,113.888,113.8845,113.883,113.892,153
2026-05-25T06:57:00+00:00,113.885,113.8865,113.8745,113.887,303
2026-05-25T06:58:00+00:00,113.886,113.882,113.8805,113.8875,226
2026-05-25T06:59:00+00:00,113.8825,113.874,113.87,113.885,203
2026-05-25T07:00:00+00:00,113.8745,113.8715,113.868,113.8815,345
2026-05-25T07:01:00+00:00,113.871,113.8665,113.865,113.873,225
2026-05-25T07:02:00+00:00,113.8665,113.867,113.8595,113.8715,283
2026-05-25T07:03:00+00:00,113.8675,113.867,113.8655,113.875,140
2026-05-25T07:04:00+00:00,113.8675,113.874,113.8675,113.8845,206
2026-05-25T07:05:00+00:00,113.8735,113.869,113.8645,113.8805,226
2026-05-25T07:06:00+00:00,113.8685,113.8455,113.84,113.869,317
2026-05-25T07:07:00+00:00,113.844,113.836,113.836,113.8485,237
2026-05-25T07:08:00+00:00,113.836,113.828,113.828,113.8395,170
2026-05-25T07:09:00+00:00,113.827,113.833,113.8125,113.8355,273
2026-05-25T07:10:00+00:00,113.832,113.8455,113.824,113.8535,220
2026-05-25T07:11:00+00:00,113.8465,113.855,113.844,113.8585,254
2026-05-25T07:12:00+00:00,113.8545,113.859,113.8515,113.8645,239
2026-05-25T07:13:00+00:00,113.8585,113.859,113.852,113.862,229
2026-05-25T07:14:00+00:00,113.858,113.8585,113.854,113.8645,189
2026-05-25T07:15:00+00:00,113.8585,113.8405,113.839,113.8615,184
2026-05-25T07:16:00+00:00,113.8395,113.836,113.8275,113.84,190
2026-05-25T07:17:00+00:00,113.8355,113.798,113.7965,113.8365,373
2026-05-25T07:18:00+00:00,113.7975,113.7505,113.749,113.807,905
2026-05-25T07:19:00+00:00,113.75,113.76,113.7465,113.7775,575
2026-05-25T07:20:00+00:00,113.762,113.7635,113.748,113.7735,569
2026-05-25T07:21:00+00:00,113.764,113.776,113.763,113.7815,407
2026-05-25T07:22:00+00:00,113.7755,113.7745,113.766,113.797,477
2026-05-25T07:23:00+00:00,113.774,113.765,113.7645,113.783,315
2026-05-25T07:24:00+00:00,113.7655,113.7945,113.7655,113.801,320
2026-05-25T07:25:00+00:00,113.795,113.793,113.7855,113.7995,412
2026-05-25T07:26:00+00:00,113.7935,113.8195,113.7935,113.823,369
2026-05-25T07:27:00+00:00,113.819,113.8335,113.8175,113.8375,289
2026-05-25T07:28:00+00:00,113.833,113.823,113.8225,113.833,208
2026-05-25T07:29:00+00:00,113.8225,113.8205,113.8165,113.829,272
2026-05-25T07:30:00+00:00,113.821,113.8365,113.821,113.8395,158
2026-05-25T07:31:00+00:00,113.836,113.8435,113.8335,113.8455,314
2026-05-25T07:32:00+00:00,113.843,113.855,113.83,113.8595,405
2026-05-25T07:33:00+00:00,113.854,113.8575,113.8515,113.878,693
2026-05-25T07:34:00+00:00,113.8585,113.844,113.8435,113.8595,350
2026-05-25T07:35:00+00:00,113.8445,113.854,113.844,113.8595,304
2026-05-25T07:36:00+00:00,113.8535,113.8545,113.843,113.859,288
2026-05-25T07:37:00+00:00,113.854,113.8415,113.838,113.8555,182
2026-05-25T07:38:00+00:00,113.8415,113.8345,113.8335,113.8475,211
2026-05-25T07:39:00+00:00,113.834,113.834,113.8315,113.841,113
2026-05-25T07:40:00+00:00,113.8335,113.8285,113.825,113.834,107
2026-05-25T07:41:00+00:00,113.828,113.824,113.8195,113.836,136
2026-05-25T07:42:00+00:00,113.8235,113.8285,113.823,113.836,146
2026-05-25T07:43:00+00:00,113.828,113.8235,113.822,113.8355,165
2026-05-25T07:44:00+00:00,113.823,113.814,113.812,113.8295,295
2026-05-25T07:45:00+00:00,113.813,113.821,113.8115,113.8225,153
2026-05-25T07:46:00+00:00,113.82,113.827,113.8125,113.8285,228
2026-05-25T07:47:00+00:00,113.8265,113.8275,113.822,113.8305,127
2026-05-25T07:48:00+00:00,113.8275,113.8165,113.815,113.8305,93
2026-05-25T07:49:00+00:00,113.816,113.8215,113.816,113.8225,149
2026-05-25T07:50:00+00:00,113.8205,113.814,113.812,113.8235,112
2026-05-25T07:51:00+00:00,113.814,113.8065,113.805,113.8165,71
2026-05-25T07:52:00+00:00,113.805,113.8155,113.8005,113.8165,127
2026-05-25T07:53:00+00:00,113.815,113.811,113.8035,113.8155,121
2026-05-25T07:54:00+00:00,113.811,113.8095,113.807,113.812,132
2026-05-25T07:55:00+00:00,113.81,113.815,113.809,113.818,90
2026-05-25T07:56:00+00:00,113.8165,113.8225,113.8145,113.826,172
2026-05-25T07:57:00+00:00,113.8225,113.839,113.821,113.8405,156
2026-05-25T07:58:00+00:00,113.8385,113.828,113.8265,113.841,199
2026-05-25T07:59:00+00:00,113.828,113.835,113.824,113.836,163
2026-05-25T08:00:00+00:00,113.8345,113.8235,113.8195,113.8365,293
2026-05-25T08:01:00+00:00,113.822,113.829,113.819,113.832,181
2026-05-25T08:02:00+00:00,113.8295,113.8115,113.81,113.83,242
2026-05-25T08:03:00+00:00,113.811,113.814,113.807,113.826,280
2026-05-25T08:04:00+00:00,113.8135,113.823,113.8135,113.828,151
2026-05-25T08:05:00+00:00,113.822,113.8135,113.813,113.8285,144
2026-05-25T08:06:00+00:00,113.813,113.8265,113.8125,113.8335,222
2026-05-25T08:07:00+00:00,113.827,113.824,113.8135,113.83,183
2026-05-25T08:08:00+00:00,113.823,113.824,113.819,113.829,199
2026-05-25T08:09:00+00:00,113.823,113.8325,113.821,113.837,197
2026-05-25T08:10:00+00:00,113.833,113.8285,113.8265,113.8395,181
2026-05-25T08:11:00+00:00,113.828,113.8265,113.8185,113.8375,214
2026-05-25T08:12:00+00:00,113.826,113.8245,113.8215,113.83,169
2026-05-25T08:13:00+00:00,113.824,113.818,113.813,113.824,181
2026-05-25T08:14:00+00:00,113.8175,113.823,113.8175,113.8285,201
2026-05-25T08:15:00+00:00,113.822,113.812,113.81,113.825,224
2026-05-25T08:16:00+00:00,113.8125,113.823,113.8105,113.827,167
2026-05-25T08:17:00+00:00,113.8235,113.8285,113.8235,113.831,110
2026-05-25T08:18:00+00:00,113.829,113.8305,113.8245,113.833,140
2026-05-25T08:19:00+00:00,113.8305,113.84,113.8285,113.84,138
2026-05-25T08:20:00+00:00,113.8395,113.8375,113.836,113.8515,177
2026-05-25T08:21:00+00:00,113.8375,113.8325,113.83,113.838,133
2026-05-25T08:22:00+00:00,113.8335,113.821,113.8205,113.8335,155
2026-05-25T08:23:00+00:00,113.8215,113.823,113.8175,113.824,115
2026-05-25T08:24:00+00:00,113.823,113.8295,113.822,113.832,119
2026-05-25T08:25:00+00:00,113.83,113.831,113.8255,113.8335,155
2026-05-25T08:26:00+00:00,113.8315,113.835,113.829,113.838,211
2026-05-25T08:27:00+00:00,113.836,113.838,113.8335,113.8435,200
2026-05-25T08:28:00+00:00,113.839,113.8345,113.83,113.839,117
2026-05-25T08:29:00+00:00,113.835,113.8355,113.8325,113.8395,158
2026-05-25T08:30:00+00:00,113.836,113.8505,113.8305,113.854,232
2026-05-25T08:31:00+00:00,113.85,113.871,113.847,113.8725,196
2026-05-25T08:32:00+00:00,113.8715,113.883,113.871,113.886,141
2026-05-25T08:33:00+00:00,113.8825,113.8915,113.882,113.895,118
2026-05-25T08:34:00+00:00,113.892,113.8975,113.8845,113.902,119
2026-05-25T08:35:00+00:00,113.897,113.8925,113.8895,113.903,211
2026-05-25T08:36:00+00:00,113.8925,113.8745,113.8745,113.8925,149
2026-05-25T08:37:00+00:00,113.875,113.8765,113.8735,113.8785,118
2026-05-25T08:38:00+00:00,113.8755,113.8875,113.8755,113.888,114
2026-05-25T08:39:00+00:00,113.887,113.897,113.887,113.9,150
2026-05-25T08:40:00+00:00,113.898,113.9035,113.897,113.9105,162
2026-05-25T08:41:00+00:00,113.903,113.902,113.8925,113.906,220
2026-05-25T08:42:00+00:00,113.9015,113.8945,113.8935,113.9015,121
2026-05-25T08:43:00+00:00,113.895,113.8805,113.88,113.8955,96
2026-05-25T08:44:00+00:00,113.881,113.887,113.878,113.888,118
2026-05-25T08:45:00+00:00,113.8875,113.888,113.8735,113.8885,163
2026-05-25T08:46:00+00:00,113.8875,113.893,113.8875,113.893,112
2026-05-25T08:47:00+00:00,113.8925,113.89,113.88,113.8935,125
2026-05-25T08:48:00+00:00,113.8905,113.895,113.886,113.8955,136
2026-05-25T08:49:00+00:00,113.8945,113.893,113.891,113.9015,137
2026-05-25T08:50:00+00:00,113.8925,113.8955,113.892,113.902,159
2026-05-25T08:51:00+00:00,113.896,113.899,113.8955,113.9095,170
2026-05-25T08:52:00+00:00,113.899,113.8925,113.891,113.9055,127
2026-05-25T08:53:00+00:00,113.892,113.88,113.88,113.8925,114
2026-05-25T08:54:00+00:00,113.8805,113.889,113.8805,113.8925,112
2026-05-25T08:55:00+00:00,113.8905,113.876,113.868,113.8955,229
2026-05-25T08:56:00+00:00,113.8775,113.878,113.874,113.882,157
2026-05-25T08:57:00+00:00,113.8785,113.886,113.874,113.886,157
2026-05-25T08:58:00+00:00,113.8865,113.899,113.8865,113.91,181
2026-05-25T08:59:00+00:00,113.898,113.8925,113.8915,113.9025,171
2026-05-25T09:00:00+00:00,113.8935,113.896,113.8915,113.8965,123
2026-05-25T09:01:00+00:00,113.8955,113.8905,113.8895,113.8985,175
2026-05-25T09:02:00+00:00,113.891,113.9025,113.8885,113.9045,197
2026-05-25T09:03:00+00:00,113.902,113.9065,113.9015,113.91,96
2026-05-25T09:04:00+00:00,113.9065,113.9075,113.9035,113.911,127
2026-05-25T09:05:00+00:00,113.907,113.9165,113.9015,113.9165,190
2026-05-25T09:06:00+00:00,113.916,113.906,113.905,113.9215,149
2026-05-25T09:07:00+00:00,113.906,113.905,113.9015,113.9065,74
2026-05-25T09:08:00+00:00,113.9045,113.898,113.8945,113.9045,130
2026-05-25T09:09:00+00:00,113.8975,113.8975,113.8975,113.903,121
2026-05-25T09:10:00+00:00,113.897,113.913,113.897,113.914,91
2026-05-25T09:11:00+00:00,113.9135,113.922,113.9125,113.9235,107
2026-05-25T09:12:00+00:00,113.923,113.9125,113.911,113.9235,140
2026-05-25T09:13:00+00:00,113.913,113.8995,113.8965,113.913,165
2026-05-25T09:14:00+00:00,113.8995,113.91,113.8915,113.912,129
2026-05-25T09:15:00+00:00,113.9095,113.9025,113.902,113.912,156
2026-05-25T09:16:00+00:00,113.903,113.906,113.8995,113.908,166
2026-05-25T09:17:00+00:00,113.905,113.9015,113.8955,113.906,114
2026-05-25T09:18:00+00:00,113.9015,113.9135,113.901,113.9135,144
2026-05-25T09:19:00+00:00,113.914,113.9045,113.903,113.914,89
2026-05-25T09:20:00+00:00,113.905,113.902,113.901,113.9135,125
2026-05-25T09:21:00+00:00,113.902,113.9,113.8955,113.904,107
2026-05-25T09:22:00+00:00,113.9,113.903,113.8985,113.9065,151
2026-05-25T09:23:00+00:00,113.903,113.8975,113.895,113.9045,134
2026-05-25T09:24:00+00:00,113.8975,113.9005,113.8975,113.9035,98
2026-05-25T09:25:00+00:00,113.9,113.9005,113.8995,113.904,77
2026-05-25T09:26:00+00:00,113.9,113.8905,113.8905,113.9015,108
2026-05-25T09:27:00+00:00,113.8915,113.8955,113.8915,113.8985,96
2026-05-25T09:28:00+00:00,113.896,113.898,113.8955,113.9015,83
2026-05-25T09:29:00+00:00,113.8985,113.8905,113.89,113.899,150
2026-05-25T09:30:00+00:00,113.891,113.9005,113.89,113.901,171
2026-05-25T09:31:00+00:00,113.9005,113.9095,113.9005,113.9105,123
2026-05-25T09:32:00+00:00,113.91,113.913,113.908,113.9155,84
2026-05-25T09:33:00+00:00,113.9145,113.911,113.908,113.9145,108
2026-05-25T09:34:00+00:00,113.911,113.913,113.909,113.9205,134
2026-05-25T09:35:00+00:00,113.9135,113.919,113.9135,113.92,101
2026-05-25T09:36:00+00:00,113.9195,113.912,113.911,113.926,128
2026-05-25T09:37:00+00:00,113.9125,113.915,113.912,113.918,61
2026-05-25T09:38:00+00:00,113.9165,113.9145,113.9135,113.9165,26
2026-05-25T09:39:00+00:00,113.915,113.926,113.9145,113.928,85
2026-05-25T09:40:00+00:00,113.926,113.925,113.924,113.929,70
2026-05-25T09:41:00+00:00,113.9255,113.9385,113.925,113.9405,121
2026-05-25T09:42:00+00:00,113.939,113.9445,113.938,113.9445,81
2026-05-25T09:43:00+00:00,113.944,113.945,113.942,113.945,27
2026-05-25T09:44:00+00:00,113.945,113.943,113.943,113.945,27
2026-05-25T09:45:00+00:00,113.943,113.933,113.933,113.9455,99
2026-05-25T09:46:00+00:00,113.9325,113.9395,113.931,113.941,96
2026-05-25T09:47:00+00:00,113.9395,113.934,113.934,113.9405,56
2026-05-25T09:48:00+00:00,113.935,113.915,113.915,113.9355,133
2026-05-25T09:49:00+00:00,113.9155,113.9155,113.914,113.9175,53
2026-05-25T09:50:00+00:00,113.916,113.917,113.9135,113.9215,77
2026-05-25T09:51:00+00:00,113.917,113.9165,113.9155,113.9205,64
2026-05-25T09:52:00+00:00,113.917,113.91,113.9095,113.9185,115
2026-05-25T09:53:00+00:00,113.91,113.9155,113.91,113.9165,68
2026-05-25T09:54:00+00:00,113.9155,113.911,113.911,113.916,79
2026-05-25T09:55:00+00:00,113.9115,113.914,113.9115,113.918,112
2026-05-25T09:56:00+00:00,113.914,113.9155,113.912,113.9165,53
2026-05-25T09:57:00+00:00,113.9155,113.9145,113.914,113.916,41
2026-05-25T09:58:00+00:00,113.9155,113.909,113.9085,113.9155,106
2026-05-25T09:59:00+00:00,113.909,113.903,113.9005,113.912,134
2026-05-25T10:00:00+00:00,113.9035,113.921,113.9015,113.924,147
2026-05-25T10:01:00+00:00,113.921,113.922,113.9185,113.9265,162
2026-05-25T10:02:00+00:00,113.9225,113.923,113.9215,113.9245,91
2026-05-25T10:03:00+00:00,113.9235,113.9235,113.917,113.928,107
2026-05-25T10:04:00+00:00,113.923,113.9175,113.917,113.9245,99
2026-05-25T10:05:00+00:00,113.917,113.9235,113.9165,113.9255,111
2026-05-25T10:06:00+00:00,113.924,113.9225,113.92,113.9255,59
2026-05-25T10:07:00+00:00,113.923,113.928,113.9225,113.9295,58
2026-05-25T10:08:00+00:00,113.929,113.922,113.922,113.93,114
2026-05-25T10:09:00+00:00,113.9225,113.924,113.92,113.929,100
2026-05-25T10:10:00+00:00,113.924,113.9305,113.915,113.9315,234
2026-05-25T10:11:00+00:00,113.9315,113.934,113.9295,113.9405,131
2026-05-25T10:12:00+00:00,113.9335,113.9365,113.9325,113.9395,78
2026-05-25T10:13:00+00:00,113.936,113.9315,113.9305,113.9375,152
2026-05-25T10:14:00+00:00,113.9315,113.927,113.9265,113.933,61
2026-05-25T10:15:00+00:00,113.9275,113.934,113.9245,113.9355,89
2026-05-25T10:16:00+00:00,113.934,113.933,113.9315,113.9365,92
2026-05-25T10:17:00+00:00,113.9335,113.9415,113.9335,113.945,84
2026-05-25T10:18:00+00:00,113.9415,113.9415,113.934,113.942,79
2026-05-25T10:19:00+00:00,113.9415,113.94,113.9395,113.9505,63
2026-05-25T10:20:00+00:00,113.94,113.9245,113.924,113.94,139
2026-05-25T10:21:00+00:00,113.9245,113.9295,113.9185,113.93,143
2026-05-25T10:22:00+00:00,113.929,113.9285,113.9265,113.9305,49
2026-05-25T10:23:00+00:00,113.9285,113.927,113.9245,113.931,78
2026-05-25T10:24:00+00:00,113.928,113.9235,113.923,113.9295,53
2026-05-25T10:25:00+00:00,113.923,113.918,113.9155,113.926,91
2026-05-25T10:26:00+00:00,113.9175,113.9215,113.9165,113.924,70
2026-05-25T10:27:00+00:00,113.921,113.922,113.9195,113.9235,59
2026-05-25T10:28:00+00:00,113.9215,113.9185,113.9165,113.9215,93
2026-05-25T10:29:00+00:00,113.919,113.9125,113.9095,113.9215,120
2026-05-25T10:30:00+00:00,113.9125,113.909,113.9045,113.9135,106
2026-05-25T10:31:00+00:00,113.909,113.903,113.9015,113.9095,102
2026-05-25T10:32:00+00:00,113.903,113.8975,113.8965,113.904,81
2026-05-25T10:33:00+00:00,113.898,113.899,113.8935,113.9,107
2026-05-25T10:34:00+00:00,113.899,113.906,113.899,113.9125,101
2026-05-25T10:35:00+00:00,113.906,113.8995,113.8985,113.9065,92
2026-05-25T10:36:00+00:00,113.9,113.9035,113.8975,113.9045,88
2026-05-25T10:37:00+00:00,113.903,113.898,113.8935,113.907,92
2026-05-25T10:38:00+00:00,113.8975,113.894,113.893,113.9025,137
2026-05-25T10:39:00+00:00,113.8935,113.894,113.8925,113.898,50
2026-05-25T10:40:00+00:00,113.894,113.904,113.894,113.9055,97
2026-05-25T10:41:00+00:00,113.904,113.9045,113.902,113.9095,153
2026-05-25T10:42:00+00:00,113.9045,113.9075,113.904,113.91,111
2026-05-25T10:43:00+00:00,113.908,113.912,113.9065,113.9155,82
2026-05-25T10:44:00+00:00,113.912,113.9145,113.9105,113.918,130
2026-05-25T10:45:00+00:00,113.915,113.918,113.913,113.921,173
2026-05-25T10:46:00+00:00,113.9195,113.9175,113.914,113.9225,87
2026-05-25T10:47:00+00:00,113.916,113.92,113.916,113.9225,81
2026-05-25T10:48:00+00:00,113.9195,113.9205,113.9195,113.925,66
2026-05-25T10:49:00+00:00,113.9215,113.9175,113.9165,113.922,74
2026-05-25T10:50:00+00:00,113.917,113.9155,113.9155,113.92,92
2026-05-25T10:51:00+00:00,113.915,113.9125,113.9095,113.9165,88
2026-05-25T10:52:00+00:00,113.9125,113.9095,113.907,113.916,114
2026-05-25T10:53:00+00:00,113.9095,113.9135,113.9075,113.914,57
2026-05-25T10:54:00+00:00,113.913,113.903,113.903,113.913,79
2026-05-25T10:55:00+00:00,113.9035,113.905,113.903,113.9055,42
2026-05-25T10:56:00+00:00,113.905,113.9025,113.9015,113.9065,69
2026-05-25T10:57:00+00:00,113.902,113.899,113.8985,113.908,126
2026-05-25T10:58:00+00:00,113.9,113.903,113.895,113.9045,111
2026-05-25T10:59:00+00:00,113.9045,113.909,113.9015,113.9095,87
2026-05-25T11:00:00+00:00,113.9095,113.8985,113.8975,113.9115,130
2026-05-25T11:01:00+00:00,113.8995,113.905,113.8975,113.9065,93
2026-05-25T11:02:00+00:00,113.905,113.893,113.893,113.9095,101
2026-05-25T11:03:00+00:00,113.894,113.8905,113.8885,113.8955,88
2026-05-25T11:04:00+00:00,113.8915,113.894,113.8885,113.8945,95
2026-05-25T11:05:00+00:00,113.894,113.891,113.89,113.895,136
2026-05-25T11:06:00+00:00,113.891,113.882,113.881,113.894,154
2026-05-25T11:07:00+00:00,113.8825,113.883,113.88,113.8845,96
2026-05-25T11:08:00+00:00,113.8825,113.8885,113.8815,113.89,97
2026-05-25T11:09:00+00:00,113.888,113.8985,113.8875,113.8995,113
2026-05-25T11:10:00+00:00,113.898,113.908,113.8965,113.913,112
2026-05-25T11:11:00+00:00,113.9085,113.902,113.9,113.9085,125
2026-05-25T11:12:00+00:00,113.9015,113.897,113.894,113.9015,148
2026-05-25T11:13:00+00:00,113.8975,113.9025,113.8955,113.903,113
2026-05-25T11:14:00+00:00,113.902,113.903,113.9,113.9055,52
2026-05-25T11:15:00+00:00,113.9025,113.9045,113.901,113.908,117
2026-05-25T11:16:00+00:00,113.905,113.909,113.902,113.91,97
2026-05-25T11:17:00+00:00,113.909,113.91,113.907,113.9115,68
2026-05-25T11:18:00+00:00,113.91,113.915,113.91,113.9165,88
2026-05-25T11:19:00+00:00,113.915,113.92,113.914,113.921,57
2026-05-25T11:20:00+00:00,113.9205,113.9235,113.919,113.924,67
2026-05-25T11:21:00+00:00,113.923,113.923,113.9195,113.924,81
2026-05-25T11:22:00+00:00,113.9225,113.92,113.9185,113.9255,68
2026-05-25T11:23:00+00:00,113.9195,113.916,113.914,113.922,46
2026-05-25T11:24:00+00:00,113.916,113.918,113.915,113.9205,63
2026-05-25T11:25:00+00:00,113.919,113.9185,113.918,113.922,65
2026-05-25T11:26:00+00:00,113.919,113.9105,113.91,113.9215,112
2026-05-25T11:27:00+00:00,113.911,113.918,113.911,113.9205,149
2026-05-25T11:28:00+00:00,113.9175,113.919,113.916,113.9195,46
2026-05-25T11:29:00+00:00,113.919,113.9275,113.9185,113.9285,82
2026-05-25T11:30:00+00:00,113.9275,113.9295,113.926,113.94,179
2026-05-25T11:31:00+00:00,113.929,113.9355,113.929,113.9435,107
2026-05-25T11:32:00+00:00,113.936,113.948,113.936,113.9545,138
2026-05-25T11:33:00+00:00,113.9485,113.954,113.9475,113.968,297
2026-05-25T11:34:00+00:00,113.9535,113.9555,113.949,113.9625,170
2026-05-25T11:35:00+00:00,113.956,113.9595,113.9495,113.963,125
2026-05-25T11:36:00+00:00,113.96,113.975,113.96,113.9785,123
2026-05-25T11:37:00+00:00,113.976,113.9855,113.975,113.988,197
2026-05-25T11:38:00+00:00,113.9855,113.98,113.9725,113.986,125
2026-05-25T11:39:00+00:00,113.979,113.989,113.978,113.9925,160
2026-05-25T11:40:00+00:00,113.9885,113.998,113.9885,114.0045,266
2026-05-25T11:41:00+00:00,113.998,113.998,113.9875,114.0005,220
2026-05-25T11:42:00+00:00,113.9975,113.992,113.9875,114.004,155
2026-05-25T11:43:00+00:00,113.992,113.997,113.99,113.998,191
2026-05-25T11:44:00+00:00,113.9965,114.002,113.9965,114.007,247
2026-05-25T11:45:00+00:00,114.002,113.994,113.99,114.01,288
2026-05-25T11:46:00+00:00,113.9945,113.995,113.982,113.997,241
2026-05-25T11:47:00+00:00,113.9955,113.9925,113.99,114.0025,191
2026-05-25T11:48:00+00:00,113.993,113.9815,113.9735,113.994,192
2026-05-25T11:49:00+00:00,113.9805,113.974,113.97,113.9815,168
2026-05-25T11:50:00+00:00,113.973,113.978,113.971,113.9785,104
2026-05-25T11:51:00+00:00,113.9785,113.9775,113.974,113.981,110
2026-05-25T11:52:00+00:00,113.978,113.9815,113.976,113.9835,201
2026-05-25T11:53:00+00:00,113.981,113.98,113.975,113.983,226
2026-05-25T11:54:00+00:00,113.9795,113.9745,113.9735,113.98,129
2026-05-25T11:55:00+00:00,113.975,113.9645,113.961,113.976,167
2026-05-25T11:56:00+00:00,113.965,113.971,113.965,113.98,303
2026-05-25T11:57:00+00:00,113.971,113.9615,113.959,113.9745,207
2026-05-25T11:58:00+00:00,113.9625,113.964,113.9615,113.971,258
2026-05-25T11:59:00+00:00,113.9635,113.953,113.951,113.9665,172
2026-05-25T12:00:00+00:00,113.9525,113.94,113.9305,113.9535,341
2026-05-25T12:01:00+00:00,113.9395,113.9445,113.939,113.9465,202
2026-05-25T12:02:00+00:00,113.945,113.942,113.9385,113.949,252
2026-05-25T12:03:00+00:00,113.9425,113.943,113.942,113.95,207
2026-05-25T12:04:00+00:00,113.9435,113.953,113.9425,113.9565,172
2026-05-25T12:05:00+00:00,113.9515,113.955,113.947,113.955,216
2026-05-25T12:06:00+00:00,113.955,113.9585,113.9525,113.9615,218
2026-05-25T12:07:00+00:00,113.958,113.95,113.9485,113.958,191
2026-05-25T12:08:00+00:00,113.9505,113.945,113.9425,113.9525,159
2026-05-25T12:09:00+00:00,113.9455,113.9385,113.9375,113.9515,220
2026-05-25T12:10:00+00:00,113.938,113.9455,113.938,113.9505,186
2026-05-25T12:11:00+00:00,113.9445,113.9575,113.9435,113.9575,180
2026-05-25T12:12:00+00:00,113.958,113.9635,113.955,113.964,123
2026-05-25T12:13:00+00:00,113.963,113.9645,113.9585,113.967,151
2026-05-25T12:14:00+00:00,113.9645,113.9465,113.945,113.9655,182
2026-05-25T12:15:00+00:00,113.946,113.945,113.943,113.9515,182
2026-05-25T12:16:00+00:00,113.9455,113.9535,113.9455,113.9575,153
2026-05-25T12:17:00+00:00,113.954,113.9475,113.9425,113.9585,185
2026-05-25T12:18:00+00:00,113.947,113.948,113.942,113.949,138
2026-05-25T12:19:00+00:00,113.947,113.9455,113.9455,113.9535,114
2026-05-25T12:20:00+00:00,113.945,113.938,113.9355,113.949,204
2026-05-25T12:21:00+00:00,113.9375,113.945,113.937,113.945,122
2026-05-25T12:22:00+00:00,113.945,113.9485,113.9435,113.954,132
2026-05-25T12:23:00+00:00,113.948,113.9465,113.941,113.964,415
2026-05-25T12:24:00+00:00,113.946,113.95,113.944,113.955,514
2026-05-25T12:25:00+00:00,113.95,113.953,113.945,113.959,331
2026-05-25T12:26:00+00:00,113.9525,113.949,113.946,113.953,236
2026-05-25T12:27:00+00:00,113.9495,113.944,113.944,113.955,293
2026-05-25T12:28:00+00:00,113.9445,113.9515,113.942,113.9525,244
2026-05-25T12:29:00+00:00,113.951,113.954,113.949,113.957,188
2026-05-25T12:30:00+00:00,113.9535,113.96,113.9535,113.963,295
2026-05-25T12:31:00+00:00,113.96,113.9685,113.958,113.9705,254
2026-05-25T12:32:00+00:00,113.969,113.971,113.966,113.9745,293
2026-05-25T12:33:00+00:00,113.971,113.971,113.967,113.9755,183
2026-05-25T12:34:00+00:00,113.972,113.9745,113.971,113.9785,167
2026-05-25T12:35:00+00:00,113.975,113.971,113.965,113.975,210
2026-05-25T12:36:00+00:00,113.9705,113.969,113.966,113.974,166
2026-05-25T12:37:00+00:00,113.969,113.9725,113.9675,113.9765,109
2026-05-25T12:38:00+00:00,113.973,113.96,113.958,113.974,164
2026-05-25T12:39:00+00:00,113.961,113.966,113.96,113.966,134
2026-05-25T12:40:00+00:00,113.9665,113.964,113.9605,113.9705,134
2026-05-25T12:41:00+00:00,113.9645,113.975,113.964,113.9755,159
2026-05-25T12:42:00+00:00,113.975,113.988,113.972,113.99,248
2026-05-25T12:43:00+00:00,113.9875,113.983,113.981,113.989,197
2026-05-25T12:44:00+00:00,113.9835,113.993,113.9815,113.993,212
2026-05-25T12:45:00+00:00,113.9925,113.977,113.962,113.9975,492
2026-05-25T12:46:00+00:00,113.976,113.9775,113.972,113.981,254
2026-05-25T12:47:00+00:00,113.9785,113.969,113.9675,113.979,148
2026-05-25T12:48:00+00:00,113.9685,113.96,113.9585,113.9725,144
2026-05-25T12:49:00+00:00,113.96,113.949,113.949,113.964,98
2026-05-25T12:50:00+00:00,113.95,113.937,113.937,113.951,142
2026-05-25T12:51:00+00:00,113.9375,113.9315,113.929,113.9445,234
2026-05-25T12:52:00+00:00,113.932,113.9235,113.923,113.932,216
2026-05-25T12:53:00+00:00,113.924,113.9285,113.9215,113.9285,173
2026-05-25T12:54:00+00:00,113.929,113.933,113.9285,113.9355,161
2026-05-25T12:55:00+00:00,113.933,113.935,113.9315,113.9355,77
2026-05-25T12:56:00+00:00,113.9345,113.9415,113.9295,113.9435,189
2026-05-25T12:57:00+00:00,113.942,113.9245,113.923,113.9485,208
2026-05-25T12:58:00+00:00,113.924,113.9205,113.9205,113.927,150
2026-05-25T12:59:00+00:00,113.92,113.9285,113.92,113.9315,130
2026-05-25T13:00:00+00:00,113.928,113.9235,113.9205,113.931,266
2026-05-25T13:01:00+00:00,113.925,113.9435,113.925,113.944,163
2026-05-25T13:02:00+00:00,113.9445,113.9435,113.9375,113.9455,162
2026-05-25T13:03:00+00:00,113.945,113.964,113.945,113.965,113
2026-05-25T13:04:00+00:00,113.964,113.954,113.9515,113.9705,179
2026-05-25T13:05:00+00:00,113.9545,113.9635,113.952,113.9645,97
2026-05-25T13:06:00+00:00,113.963,113.9595,113.9545,113.9665,110
2026-05-25T13:07:00+00:00,113.9615,113.968,113.9565,113.969,175
2026-05-25T13:08:00+00:00,113.9675,113.965,113.9645,113.9745,119
2026-05-25T13:09:00+00:00,113.966,113.969,113.959,113.971,208
2026-05-25T13:10:00+00:00,113.9695,113.963,113.9625,113.971,170
2026-05-25T13:11:00+00:00,113.9625,113.9555,113.954,113.968,162
2026-05-25T13:12:00+00:00,113.9545,113.9395,113.939,113.9555,187
2026-05-25T13:13:00+00:00,113.94,113.933,113.932,113.9435,131
2026-05-25T13:14:00+00:00,113.934,113.948,113.933,113.948,107
2026-05-25T13:15:00+00:00,113.947,113.949,113.944,113.952,161
2026-05-25T13:16:00+00:00,113.9485,113.944,113.939,113.949,144
2026-05-25T13:17:00+00:00,113.9445,113.9395,113.9355,113.9445,209
2026-05-25T13:18:00+00:00,113.9385,113.943,113.9355,113.944,115
2026-05-25T13:19:00+00:00,113.9435,113.9405,113.932,113.9445,178
2026-05-25T13:20:00+00:00,113.9395,113.9565,113.936,113.9565,115
2026-05-25T13:21:00+00:00,113.9555,113.951,113.945,113.96,196
2026-05-25T13:22:00+00:00,113.95,113.948,113.945,113.955,168
2026-05-25T13:23:00+00:00,113.9475,113.953,113.9465,113.9535,193
2026-05-25T13:24:00+00:00,113.9535,113.9525,113.952,113.956,181
2026-05-25T13:25:00+00:00,113.9535,113.9535,113.9505,113.9545,113
2026-05-25T13:26:00+00:00,113.953,113.9665,113.9515,113.967,171
2026-05-25T13:27:00+00:00,113.966,113.966,113.9635,113.9705,135
2026-05-25T13:28:00+00:00,113.966,113.96,113.956,113.9665,149
2026-05-25T13:29:00+00:00,113.9595,113.9615,113.959,113.964,98
2026-05-25T13:30:00+00:00,113.962,113.961,113.9515,113.966,325
2026-05-25T13:31:00+00:00,113.9605,113.9625,113.9495,113.964,207
2026-05-25T13:32:00+00:00,113.963,113.96,113.957,113.964,210
2026-05-25T13:33:00+00:00,113.9595,113.9605,113.955,113.9665,207
2026-05-25T13:34:00+00:00,113.96,113.959,113.9555,113.965,183
2026-05-25T13:35:00+00:00,113.9595,113.962,113.959,113.9655,149
2026-05-25T13:36:00+00:00,113.9625,113.9575,113.9555,113.964,147
2026-05-25T13:37:00+00:00,113.958,113.9575,113.9515,113.9615,164
2026-05-25T13:38:00+00:00,113.957,113.9545,113.951,113.9575,151
2026-05-25T13:39:00+00:00,113.954,113.961,113.9525,113.9665,143
2026-05-25T13:40:00+00:00,113.9605,113.9555,113.951,113.965,179
2026-05-25T13:41:00+00:00,113.9555,113.9495,113.947,113.959,172
2026-05-25T13:42:00+00:00,113.95,113.9445,113.943,113.956,170
2026-05-25T13:43:00+00:00,113.945,113.9425,113.942,113.951,119
2026-05-25T13:44:00+00:00,113.943,113.9425,113.9395,113.946,125
2026-05-25T13:45:00+00:00,113.943,113.931,113.93,113.9445,118
2026-05-25T13:46:00+00:00,113.9315,113.933,113.926,113.9345,131
2026-05-25T13:47:00+00:00,113.9335,113.9045,113.9,113.934,165
2026-05-25T13:48:00+00:00,113.904,113.914,113.903,113.915,179
2026-05-25T13:49:00+00:00,113.9145,113.9265,113.914,113.9265,85
2026-05-25T13:50:00+00:00,113.926,113.925,113.924,113.9315,70
2026-05-25T13:51:00+00:00,113.925,113.941,113.925,113.942,211
2026-05-25T13:52:00+00:00,113.9415,113.951,113.9375,113.951,171
2026-05-25T13:53:00+00:00,113.9515,113.938,113.9345,113.954,209
2026-05-25T13:54:00+00:00,113.938,113.935,113.931,113.94,163
2026-05-25T13:55:00+00:00,113.9345,113.937,113.931,113.9415,157
2026-05-25T13:56:00+00:00,113.9365,113.9325,113.931,113.9375,119
2026-05-25T13:57:00+00:00,113.933,113.926,113.9165,113.936,203
2026-05-25T13:58:00+00:00,113.9255,113.927,113.9255,113.9365,165
2026-05-25T13:59:00+00:00,113.9275,113.927,113.9245,113.9335,206
2026-05-25T14:00:00+00:00,113.9275,113.942,113.9275,113.944,247
2026-05-25T14:01:00+00:00,113.9415,113.943,113.932,113.9435,133
2026-05-25T14:02:00+00:00,113.9425,113.942,113.938,113.9475,214
2026-05-25T14:03:00+00:00,113.9425,113.955,113.938,113.957,146
2026-05-25T14:04:00+00:00,113.9545,113.968,113.9525,113.9705,174
2026-05-25T14:05:00+00:00,113.9675,113.9615,113.9605,113.9675,143
2026-05-25T14:06:00+00:00,113.962,113.961,113.959,113.9645,172
2026-05-25T14:07:00+00:00,113.961,113.9475,113.9475,113.961,104
2026-05-25T14:08:00+00:00,113.9485,113.951,113.9465,113.9535,112
2026-05-25T14:09:00+00:00,113.9505,113.9595,113.9485,113.9595,89
2026-05-25T14:10:00+00:00,113.959,113.9605,113.9575,113.9615,88
2026-05-25T14:11:00+00:00,113.96,113.953,113.952,113.9605,93
2026-05-25T14:12:00+00:00,113.953,113.944,113.9425,113.957,122
2026-05-25T14:13:00+00:00,113.945,113.939,113.9385,113.95,115
2026-05-25T14:14:00+00:00,113.9395,113.942,113.939,113.9475,79
2026-05-25T14:15:00+00:00,113.9435,113.948,113.9425,113.9485,109
2026-05-25T14:16:00+00:00,113.9475,113.9525,113.9475,113.9545,147
2026-05-25T14:17:00+00:00,113.953,113.949,113.946,113.953,100
2026-05-25T14:18:00+00:00,113.9495,113.9565,113.949,113.962,117
2026-05-25T14:19:00+00:00,113.956,113.9605,113.9525,113.963,126
2026-05-25T14:20:00+00:00,113.961,113.9655,113.957,113.971,218
2026-05-25T14:21:00+00:00,113.965,113.972,113.965,113.977,144
2026-05-25T14:22:00+00:00,113.9715,113.972,113.966,113.9725,178
2026-05-25T14:23:00+00:00,113.9725,113.979,113.9705,113.981,113
2026-05-25T14:24:00+00:00,113.9795,113.981,113.9735,113.981,143
2026-05-25T14:25:00+00:00,113.98,113.9755,113.973,113.98,109
2026-05-25T14:26:00+00:00,113.976,113.9725,113.9685,113.9765,169
2026-05-25T14:27:00+00:00,113.972,113.973,113.971,113.974,134
2026-05-25T14:28:00+00:00,113.9725,113.9735,113.9715,113.977,174
2026-05-25T14:29:00+00:00,113.973,113.967,113.965,113.9745,169
2026-05-25T14:30:00+00:00,113.968,113.959,113.957,113.968,187
2026-05-25T14:31:00+00:00,113.959,113.96,113.953,113.963,144
2026-05-25T14:32:00+00:00,113.961,113.955,113.953,113.965,136
2026-05-25T14:33:00+00:00,113.9555,113.954,113.9515,113.959,118
2026-05-25T14:34:00+00:00,113.953,113.964,113.953,113.966,167
2026-05-25T14:35:00+00:00,113.9635,113.9625,113.959,113.965,104
2026-05-25T14:36:00+00:00,113.963,113.9685,113.9625,113.971,90
2026-05-25T14:37:00+00:00,113.9685,113.96,113.958,113.97,116
2026-05-25T14:38:00+00:00,113.9595,113.961,113.959,113.9625,114
2026-05-25T14:39:00+00:00,113.9605,113.965,113.9595,113.967,143
2026-05-25T14:40:00+00:00,113.9655,113.967,113.9645,113.969,139
2026-05-25T14:41:00+00:00,113.9665,113.988,113.966,113.989,193
2026-05-25T14:42:00+00:00,113.9875,113.987,113.9835,113.99,155
2026-05-25T14:43:00+00:00,113.987,113.994,113.9845,113.997,122
2026-05-25T14:44:00+00:00,113.9945,113.9985,113.9945,114.002,152
2026-05-25T14:45:00+00:00,113.9975,113.9935,113.9895,113.9975,99
2026-05-25T14:46:00+00:00,113.993,114.0,113.982,114.0065,269
2026-05-25T14:47:00+00:00,114.0005,113.996,113.992,114.0045,219
2026-05-25T14:48:00+00:00,113.9965,113.991,113.99,113.999,153
2026-05-25T14:49:00+00:00,113.992,113.987,113.986,113.9945,114
2026-05-25T14:50:00+00:00,113.9875,113.986,113.9835,113.989,98
2026-05-25T14:51:00+00:00,113.9865,114.001,113.9855,114.0015,125
2026-05-25T14:52:00+00:00,114.0005,114.0025,114.0005,114.0045,91
2026-05-25T14:53:00+00:00,114.002,114.0075,113.9985,114.0105,118
2026-05-25T14:54:00+00:00,114.008,114.001,113.996,114.0095,232
2026-05-25T14:55:00+00:00,114.0005,114.0285,113.999,114.029,263
2026-05-25T14:56:00+00:00,114.029,114.045,114.026,114.0465,201
2026-05-25T14:57:00+00:00,114.0445,114.0585,114.0365,114.062,340
2026-05-25T14:58:00+00:00,114.0575,114.085,114.0555,114.0855,380
2026-05-25T14:59:00+00:00,114.0845,114.0775,114.074,114.0845,293
2026-05-25T15:00:00+00:00,114.077,114.0685,114.0605,114.0785,253
2026-05-25T15:01:00+00:00,114.068,114.0565,114.052,114.071,188
2026-05-25T15:02:00+00:00,114.057,114.0635,114.0385,114.0635,370
2026-05-25T15:03:00+00:00,114.063,114.0535,114.0525,114.0665,210
2026-05-25T15:04:00+00:00,114.053,114.0605,114.049,114.0605,108
2026-05-25T15:05:00+00:00,114.061,114.067,114.057,114.073,203
2026-05-25T15:06:00+00:00,114.0665,114.069,114.059,114.07,166
2026-05-25T15:07:00+00:00,114.068,114.0645,114.062,114.073,166
2026-05-25T15:08:00+00:00,114.064,114.0575,114.056,114.064,149
2026-05-25T15:09:00+00:00,114.058,114.044,114.044,114.0625,152
2026-05-25T15:10:00+00:00,114.043,114.0925,114.042,114.0955,541
2026-05-25T15:11:00+00:00,114.091,114.113,114.08,114.1245,941
2026-05-25T15:12:00+00:00,114.1135,114.0975,114.0905,114.1195,646
2026-05-25T15:13:00+00:00,114.098,114.0875,114.086,114.102,384
2026-05-25T15:14:00+00:00,114.087,114.0685,114.068,114.093,294
2026-05-25T15:15:00+00:00,114.069,114.067,114.061,114.0715,371
2026-05-25T15:16:00+00:00,114.0675,114.059,114.054,114.068,319
2026-05-25T15:17:00+00:00,114.059,114.051,114.046,114.063,257
2026-05-25T15:18:00+00:00,114.0515,114.0595,114.0515,114.062,189
2026-05-25T15:19:00+00:00,114.06,114.0665,114.0535,114.0675,141
2026-05-25T15:20:00+00:00,114.067,114.067,114.063,114.071,180
2026-05-25T15:21:00+00:00,114.066,114.061,114.056,114.07,124
2026-05-25T15:22:00+00:00,114.0605,114.058,114.057,114.063,56
2026-05-25T15:23:00+00:00,114.0585,114.062,114.051,114.063,167
2026-05-25T15:24:00+00:00,114.0625,114.0595,114.059,114.0675,202
2026-05-25T15:25:00+00:00,114.0585,114.056,114.0515,114.0615,167
2026-05-25T15:26:00+00:00,114.055,114.0685,114.0535,114.0685,317
2026-05-25T15:27:00+00:00,114.069,114.0585,114.0555,114.0695,189
2026-05-25T15:28:00+00:00,114.058,114.0445,114.0425,114.062,130
2026-05-25T15:29:00+00:00,114.045,114.042,114.04,114.054,180
2026-05-25T15:30:00+00:00,114.041,114.0335,114.03,114.0425,100
2026-05-25T15:31:00+00:00,114.033,114.0395,114.029,114.042,148
2026-05-25T15:32:00+00:00,114.0395,114.033,114.0325,114.0395,60
2026-05-25T15:33:00+00:00,114.0335,114.025,114.025,114.0415,152
2026-05-25T15:34:00+00:00,114.0255,114.026,114.022,114.033,96
2026-05-25T15:35:00+00:00,114.0255,114.021,114.017,114.0265,121
2026-05-25T15:36:00+00:00,114.0215,114.022,114.0215,114.0255,83
2026-05-25T15:37:00+00:00,114.022,114.017,114.011,114.022,126
2026-05-25T15:38:00+00:00,114.016,114.0215,114.016,114.0245,56
2026-05-25T15:39:00+00:00,114.022,114.0185,114.018,114.025,49
2026-05-25T15:40:00+00:00,114.019,114.0185,114.0105,114.0195,73
2026-05-25T15:41:00+00:00,114.0185,114.0055,114.005,114.0195,153
2026-05-25T15:42:00+00:00,114.0065,114.0255,114.0055,114.0265,109
2026-05-25T15:43:00+00:00,114.0255,114.025,114.024,114.027,42
2026-05-25T15:44:00+00:00,114.0255,114.0275,114.0245,114.0315,69
2026-05-25T15:45:00+00:00,114.027,114.034,114.0265,114.035,48
2026-05-25T15:46:00+00:00,114.0345,114.0345,114.0305,114.039,99
2026-05-25T15:47:00+00:00,114.0345,114.0375,114.0345,114.039,121
2026-05-25T15:48:00+00:00,114.038,114.0295,114.0265,114.0405,96
2026-05-25T15:49:00+00:00,114.0295,114.02,114.0185,114.0325,69
2026-05-25T15:50:00+00:00,114.02,114.0095,114.009,114.022,50
2026-05-25T15:51:00+00:00,114.009,114.0155,114.009,114.018,69
2026-05-25T15:52:00+00:00,114.015,114.006,114.003,114.016,104
2026-05-25T15:53:00+00:00,114.0065,114.0,113.9985,114.0065,54
2026-05-25T15:54:00+00:00,113.9995,114.0005,113.999,114.0015,35
2026-05-25T15:55:00+00:00,113.999,113.998,113.9975,114.0025,48
2026-05-25T15:56:00+00:00,113.998,113.999,113.998,114.002,53
2026-05-25T15:57:00+00:00,113.9985,113.9955,113.9955,114.001,55
2026-05-25T15:58:00+00:00,113.995,113.974,113.973,113.996,85
2026-05-25T15:59:00+00:00,113.9745,113.977,113.9725,113.982,68
2026-05-25T16:00:00+00:00,113.9765,113.97,113.969,113.981,165
2026-05-25T16:01:00+00:00,113.9705,113.9675,113.957,113.9705,163
2026-05-25T16:02:00+00:00,113.967,113.98,113.965,113.9805,101
2026-05-25T16:03:00+00:00,113.98,113.9735,113.9735,113.983,61
2026-05-25T16:04:00+00:00,113.9735,113.98,113.9735,113.983,86
2026-05-25T16:05:00+00:00,113.9795,113.971,113.971,113.9815,71
2026-05-25T16:06:00+00:00,113.97,113.9755,113.97,113.9785,82
2026-05-25T16:07:00+00:00,113.976,113.968,113.968,113.9785,68
2026-05-25T16:08:00+00:00,113.969,113.959,113.958,113.972,66
2026-05-25T16:09:00+00:00,113.9595,113.949,113.949,113.9605,50
2026-05-25T16:10:00+00:00,113.9495,113.9455,113.9435,113.955,116
2026-05-25T16:11:00+00:00,113.9475,113.9545,113.9475,113.957,69
2026-05-25T16:12:00+00:00,113.954,113.945,113.945,113.956,121
2026-05-25T16:13:00+00:00,113.9455,113.9525,113.9445,113.9545,128
2026-05-25T16:14:00+00:00,113.952,113.97,113.95,113.971,104
2026-05-25T16:15:00+00:00,113.97,113.978,113.9695,113.9795,37
2026-05-25T16:16:00+00:00,113.9785,113.9825,113.978,113.9845,133
2026-05-25T16:17:00+00:00,113.9825,113.9825,113.98,113.9865,48
2026-05-25T16:18:00+00:00,113.9825,113.9685,113.966,113.983,121
2026-05-25T16:19:00+00:00,113.9685,113.9605,113.9585,113.969,91
2026-05-25T16:20:00+00:00,113.961,113.953,113.953,113.9615,91
2026-05-25T16:21:00+00:00,113.9535,113.964,113.9525,113.964,73
2026-05-25T16:22:00+00:00,113.963,113.966,113.9625,113.968,114
2026-05-25T16:23:00+00:00,113.9665,113.962,113.962,113.97,124
2026-05-25T16:24:00+00:00,113.9625,113.9615,113.9595,113.9665,92
2026-05-25T16:25:00+00:00,113.962,113.9715,113.961,113.9715,75
2026-05-25T16:26:00+00:00,113.9715,113.967,113.965,113.9715,88
2026-05-25T16:27:00+00:00,113.9685,113.965,113.962,113.9695,116
2026-05-25T16:28:00+00:00,113.964,113.963,113.9625,113.964,5
2026-05-25T16:29:00+00:00,113.963,113.964,113.961,113.9675,40
2026-05-25T16:30:00+00:00,113.964,113.961,113.9605,113.966,28
2026-05-25T16:31:00+00:00,113.9605,113.9625,113.9605,113.9645,56
2026-05-25T16:32:00+00:00,113.9615,113.9585,113.9565,113.9635,91
2026-05-25T16:33:00+00:00,113.959,113.958,113.9555,113.961,180
2026-05-25T16:34:00+00:00,113.9585,113.957,113.953,113.9605,186
2026-05-25T16:35:00+00:00,113.9565,113.9595,113.9535,113.9605,180
2026-05-25T16:36:00+00:00,113.9595,113.959,113.9545,113.96,136
2026-05-25T16:37:00+00:00,113.959,113.9615,113.9585,113.963,214
2026-05-25T16:38:00+00:00,113.963,113.965,113.9585,113.966,148
2026-05-25T16:39:00+00:00,113.964,113.962,113.962,113.97,114
2026-05-25T16:40:00+00:00,113.961,113.96,113.9595,113.9675,143
2026-05-25T16:41:00+00:00,113.96,113.952,113.9465,113.961,108
2026-05-25T16:42:00+00:00,113.952,113.958,113.952,113.96,50
2026-05-25T16:43:00+00:00,113.958,113.967,113.958,113.967,145
2026-05-25T16:44:00+00:00,113.9665,113.974,113.966,113.974,34
2026-05-25T16:45:00+00:00,113.974,113.975,113.972,113.9785,76
2026-05-25T16:46:00+00:00,113.975,113.978,113.974,113.9785,23
2026-05-25T16:47:00+00:00,113.978,113.9745,113.969,113.979,89
2026-05-25T16:48:00+00:00,113.975,113.9805,113.9725,113.9805,134
2026-05-25T16:49:00+00:00,113.9795,113.979,113.977,113.983,105
2026-05-25T16:50:00+00:00,113.9805,113.9785,113.974,113.987,108
2026-05-25T16:51:00+00:00,113.9785,113.982,113.978,113.988,98
2026-05-25T16:52:00+00:00,113.9825,113.984,113.9805,113.9905,118
2026-05-25T16:53:00+00:00,113.983,113.97,113.9645,113.9845,144
2026-05-25T16:54:00+00:00,113.9705,113.9685,113.9665,113.973,86
2026-05-25T16:55:00+00:00,113.968,113.9765,113.968,113.9815,86
2026-05-25T16:56:00+00:00,113.977,113.9815,113.975,113.9845,80
2026-05-25T16:57:00+00:00,113.9805,113.982,113.977,113.982,75
2026-05-25T16:58:00+00:00,113.9815,113.989,113.9805,113.9895,112
2026-05-25T16:59:00+00:00,113.9875,113.9845,113.983,113.991,144
2026-05-25T17:00:00+00:00,113.9855,113.984,113.982,113.986,143
2026-05-25T17:01:00+00:00,113.984,113.9815,113.978,113.9875,76
2026-05-25T17:02:00+00:00,113.981,113.9845,113.981,113.9875,32
2026-05-25T17:03:00+00:00,113.9845,113.987,113.9835,113.987,25
2026-05-25T17:04:00+00:00,113.9875,113.989,113.985,113.989,30
2026-05-25T17:05:00+00:00,113.9895,113.984,113.983,113.9895,39
2026-05-25T17:06:00+00:00,113.9835,113.982,113.98,113.984,61
2026-05-25T17:07:00+00:00,113.982,113.9845,113.9795,113.985,16
2026-05-25T17:08:00+00:00,113.9845,113.9825,113.9795,113.985,30
2026-05-25T17:09:00+00:00,113.9825,113.9815,113.98,113.983,38
2026-05-25T17:10:00+00:00,113.981,113.983,113.9805,113.9835,57
2026-05-25T17:11:00+00:00,113.983,113.981,113.9795,113.9835,50
2026-05-25T17:12:00+00:00,113.9805,113.9865,113.98,113.9885,66
2026-05-25T17:13:00+00:00,113.9865,113.9905,113.986,113.9905,130
2026-05-25T17:14:00+00:00,113.9905,113.988,113.987,113.998,55
2026-05-25T17:15:00+00:00,113.988,113.992,113.987,113.9965,46
2026-05-25T17:16:00+00:00,113.9915,113.992,113.989,113.9935,41
2026-05-25T17:17:00+00:00,113.992,113.99,113.986,113.9935,36
2026-05-25T17:18:00+00:00,113.991,113.999,113.9905,113.999,48
2026-05-25T17:19:00+00:00,113.999,113.9995,113.998,114.0005,45
2026-05-25T17:20:00+00:00,113.9995,113.9985,113.9985,114.001,77
2026-05-25T17:21:00+00:00,113.9995,113.995,113.9945,114.003,147
2026-05-25T17:22:00+00:00,113.995,113.9955,113.994,113.998,42
2026-05-25T17:23:00+00:00,113.995,114.0095,113.995,114.0095,57
2026-05-25T17:24:00+00:00,114.0105,114.017,114.0095,114.0185,50
2026-05-25T17:25:00+00:00,114.017,114.016,114.015,114.0185,35
2026-05-25T17:26:00+00:00,114.016,114.018,114.014,114.02,83
2026-05-25T17:27:00+00:00,114.0185,114.022,114.017,114.022,27
2026-05-25T17:28:00+00:00,114.0215,114.0235,114.02,114.026,54
2026-05-25T17:29:00+00:00,114.0235,114.0315,114.023,114.0375,64
2026-05-25T17:30:00+00:00,114.031,114.0355,114.029,114.038,114
2026-05-25T17:31:00+00:00,114.0355,114.0315,114.029,114.036,143
2026-05-25T17:32:00+00:00,114.0315,114.0315,114.03,114.035,100
2026-05-25T17:33:00+00:00,114.031,114.0205,114.02,114.0315,121
2026-05-25T17:34:00+00:00,114.0205,114.0205,114.02,114.0225,77
2026-05-25T17:35:00+00:00,114.0205,114.0195,114.017,114.0205,35
2026-05-25T17:36:00+00:00,114.0195,114.0205,114.017,114.0205,68
2026-05-25T17:37:00+00:00,114.0205,114.02,114.019,114.026,68
2026-05-25T17:38:00+00:00,114.0195,114.0155,114.0125,114.0205,116
2026-05-25T17:39:00+00:00,114.0155,114.0165,114.014,114.0165,32
2026-05-25T17:40:00+00:00,114.016,114.0175,114.0155,114.0185,42
2026-05-25T17:41:00+00:00,114.0175,114.0175,114.017,114.019,26
2026-05-25T17:42:00+00:00,114.018,114.0175,114.017,114.019,19
2026-05-25T17:43:00+00:00,114.0175,114.0195,114.017,114.0195,13
2026-05-25T17:44:00+00:00,114.0195,114.018,114.0175,114.0195,27
2026-05-25T17:45:00+00:00,114.018,114.017,114.014,114.0185,126
2026-05-25T17:46:00+00:00,114.017,114.018,114.016,114.0185,24
2026-05-25T17:47:00+00:00,114.018,114.018,114.017,114.019,77
2026-05-25T17:48:00+00:00,114.019,114.0135,114.011,114.019,76
2026-05-25T17:49:00+00:00,114.0135,114.0165,114.0135,114.017,79
2026-05-25T17:50:00+00:00,114.016,114.0165,114.015,114.017,171
2026-05-25T17:51:00+00:00,114.016,114.017,114.0135,114.018,68
2026-05-25T17:52:00+00:00,114.017,114.017,114.0165,114.0175,9
2026-05-25T17:53:00+00:00,114.017,114.014,114.0115,114.018,28
2026-05-25T17:54:00+00:00,114.014,114.015,114.011,114.017,46
2026-05-25T17:55:00+00:00,114.0155,114.0155,114.0145,114.016,16
2026-05-25T17:56:00+00:00,114.015,114.012,114.011,114.0155,76
2026-05-25T17:57:00+00:00,114.012,114.012,114.0115,114.013,22
2026-05-25T17:58:00+00:00,114.0125,114.0145,114.0125,114.0145,10
2026-05-25T17:59:00+00:00,114.0145,114.018,114.0135,114.0185,23
2026-05-25T18:00:00+00:00,114.0185,114.0135,114.0135,114.0195,49
2026-05-25T18:01:00+00:00,114.0135,114.014,114.0135,114.015,19
2026-05-25T18:02:00+00:00,114.014,114.01,114.008,114.014,80
2026-05-25T18:03:00+00:00,114.0105,114.014,114.01,114.0145,150
2026-05-25T18:04:00+00:00,114.014,114.013,114.0125,114.015,22
2026-05-25T18:05:00+00:00,114.0135,114.0135,114.012,114.014,18
2026-05-25T18:06:00+00:00,114.0135,114.014,114.013,114.016,25
2026-05-25T18:07:00+00:00,114.014,114.0145,114.014,114.0145,1
2026-05-25T18:08:00+00:00,114.0145,114.0145,114.0125,114.0155,22
2026-05-25T18:09:00+00:00,114.0145,114.017,114.0145,114.0205,26
2026-05-25T18:10:00+00:00,114.017,114.0175,114.0165,114.019,31
2026-05-25T18:11:00+00:00,114.017,114.017,114.0165,114.0175,4
2026-05-25T18:12:00+00:00,114.0175,114.017,114.017,114.0175,4
2026-05-25T18:13:00+00:00,114.017,114.017,114.016,114.0175,14
2026-05-25T18:14:00+00:00,114.017,114.0165,114.016,114.017,5
2026-05-25T18:15:00+00:00,114.0165,114.016,114.015,114.0185,30
2026-05-25T18:16:00+00:00,114.0155,114.0155,114.0145,114.0165,16
2026-05-25T18:17:00+00:00,114.0155,114.0155,114.015,114.0165,12
2026-05-25T18:18:00+00:00,114.016,114.016,114.015,114.0165,31
2026-05-25T18:19:00+00:00,114.0155,114.0165,114.0155,114.0165,29
2026-05-25T18:20:00+00:00,114.0165,114.0165,114.014,114.0165,14
2026-05-25T18:21:00+00:00,114.0165,114.015,114.015,114.0175,17
2026-05-25T18:22:00+00:00,114.015,114.013,114.013,114.0155,14
2026-05-25T18:23:00+00:00,114.013,114.011,114.009,114.013,30
2026-05-25T18:24:00+00:00,114.01,114.0115,114.0095,114.0135,62
2026-05-25T18:25:00+00:00,114.0115,114.0115,114.011,114.0125,67
2026-05-25T18:26:00+00:00,114.0105,114.0115,114.0095,114.0115,31
2026-05-25T18:27:00+00:00,114.0105,114.0065,114.0055,114.0115,44
2026-05-25T18:28:00+00:00,114.0055,114.005,114.0045,114.0065,19
2026-05-25T18:29:00+00:00,114.005,114.009,114.005,114.009,23
2026-05-25T18:30:00+00:00,114.0085,114.0105,114.008,114.0165,37
2026-05-25T18:31:00+00:00,114.01,114.0105,114.0085,114.011,26
2026-05-25T18:32:00+00:00,114.01,114.01,114.009,114.0105,16
2026-05-25T18:33:00+00:00,114.0095,114.0105,114.0095,114.0115,22
2026-05-25T18:34:00+00:00,114.0095,114.0115,114.0095,114.0115,7
2026-05-25T18:35:00+00:00,114.0115,114.016,114.0115,114.0175,20
2026-05-25T18:36:00+00:00,114.016,114.0185,114.015,114.0185,28
2026-05-25T18:37:00+00:00,114.0175,114.0155,114.0155,114.0185,47
2026-05-25T18:38:00+00:00,114.0155,114.0165,114.0155,114.0175,17
2026-05-25T18:39:00+00:00,114.0175,114.016,114.016,114.0185,11
2026-05-25T18:40:00+00:00,114.016,114.0115,114.011,114.016,11
2026-05-25T18:41:00+00:00,114.0115,114.006,114.005,114.0115,42
2026-05-25T18:42:00+00:00,114.0065,114.001,114.001,114.0065,17
2026-05-25T18:43:00+00:00,114.001,114.003,114.0005,114.0035,8
2026-05-25T18:44:00+00:00,114.003,114.004,114.003,114.006,21
2026-05-25T18:45:00+00:00,114.004,114.0035,114.003,114.0045,10
2026-05-25T18:46:00+00:00,114.0045,114.002,114.002,114.0045,11
2026-05-25T18:47:00+00:00,114.002,114.01,114.002,114.01,26
2026-05-25T18:48:00+00:00,114.01,114.012,114.0095,114.012,23
2026-05-25T18:49:00+00:00,114.011,114.013,114.0105,114.014,23
2026-05-25T18:50:00+00:00,114.013,114.019,114.0125,114.0195,19
2026-05-25T18:51:00+00:00,114.019,114.0175,114.0165,114.0205,28
2026-05-25T18:52:00+00:00,114.0175,114.0125,114.0125,114.018,25
2026-05-25T18:53:00+00:00,114.012,114.0125,114.0115,114.015,35
2026-05-25T18:54:00+00:00,114.0125,114.0145,114.01,114.0165,35
2026-05-25T18:55:00+00:00,114.0145,114.02,114.013,114.02,22
2026-05-25T18:56:00+00:00,114.02,114.0195,114.018,114.0205,13
2026-05-25T18:57:00+00:00,114.0195,114.019,114.015,114.0195,18
2026-05-25T18:58:00+00:00,114.019,114.0185,114.0175,114.019,9
2026-05-25T18:59:00+00:00,114.0195,114.017,114.015,114.0205,46
2026-05-25T19:00:00+00:00,114.0185,114.017,114.0165,114.0185,24
2026-05-25T19:01:00+00:00,114.017,114.015,114.0125,114.017,19
2026-05-25T19:02:00+00:00,114.015,114.0165,114.0145,114.0165,16
2026-05-25T19:03:00+00:00,114.017,114.015,114.0135,114.017,16
2026-05-25T19:04:00+00:00,114.015,114.0145,114.0145,114.0165,28
2026-05-25T19:05:00+00:00,114.015,114.017,114.015,114.0175,24
2026-05-25T19:06:00+00:00,114.0165,114.024,114.0165,114.024,24
2026-05-25T19:07:00+00:00,114.0245,114.0165,114.0165,114.0245,14
2026-05-25T19:08:00+00:00,114.0165,114.0155,114.0155,114.021,49
2026-05-25T19:09:00+00:00,114.017,114.0155,114.0155,114.0185,35
2026-05-25T19:10:00+00:00,114.0155,114.0195,114.0155,114.02,28
2026-05-25T19:11:00+00:00,114.0195,114.0195,114.019,114.0195,4
2026-05-25T19:12:00+00:00,114.0195,114.0175,114.0155,114.02,26
2026-05-25T19:13:00+00:00,114.0175,114.017,114.0165,114.0175,6
2026-05-25T19:14:00+00:00,114.017,114.0165,114.0165,114.0175,13
2026-05-25T19:15:00+00:00,114.017,114.018,114.0165,114.018,7
2026-05-25T19:16:00+00:00,114.0185,114.0175,114.017,114.019,17
2026-05-25T19:17:00+00:00,114.0175,114.018,114.0175,114.019,12
2026-05-25T19:18:00+00:00,114.018,114.018,114.017,114.02,30
2026-05-25T19:19:00+00:00,114.0175,114.0185,114.0175,114.019,11
2026-05-25T19:20:00+00:00,114.0185,114.019,114.017,114.019,40
2026-05-25T19:21:00+00:00,114.018,114.019,114.018,114.0195,13
2026-05-25T19:22:00+00:00,114.019,114.018,114.017,114.019,24
2026-05-25T19:23:00+00:00,114.018,114.0125,114.012,114.018,39
2026-05-25T19:24:00+00:00,114.0125,114.014,114.012,114.0145,19
2026-05-25T19:25:00+00:00,114.015,114.019,114.014,114.0195,23
2026-05-25T19:26:00+00:00,114.019,114.0195,114.0175,114.0195,6
2026-05-25T19:27:00+00:00,114.0195,114.022,114.0175,114.022,10
2026-05-25T19:28:00+00:00,114.022,114.022,114.021,114.023,17
2026-05-25T19:29:00+00:00,114.022,114.0235,114.0175,114.024,40
2026-05-25T19:30:00+00:00,114.0225,114.0265,114.0225,114.028,51
2026-05-25T19:31:00+00:00,114.0265,114.026,114.025,114.027,13
2026-05-25T19:32:00+00:00,114.026,114.027,114.026,114.0275,8
2026-05-25T19:33:00+00:00,114.026,114.0265,114.026,114.0275,19
2026-05-25T19:34:00+00:00,114.026,114.0265,114.0255,114.028,33
2026-05-25T19:35:00+00:00,114.026,114.028,114.0225,114.028,30
2026-05-25T19:36:00+00:00,114.028,114.0295,114.026,114.0295,16
2026-05-25T19:37:00+00:00,114.0295,114.033,114.028,114.0365,44
2026-05-25T19:38:00+00:00,114.033,114.0315,114.0315,114.0335,9
2026-05-25T19:39:00+00:00,114.033,114.0315,114.0295,114.0335,31
2026-05-25T19:40:00+00:00,114.032,114.033,114.0315,114.034,34
2026-05-25T19:41:00+00:00,114.033,114.0295,114.0285,114.034,32
2026-05-25T19:42:00+00:00,114.0295,114.0275,114.027,114.033,52
2026-05-25T19:43:00+00:00,114.028,114.029,114.025,114.0295,39
2026-05-25T19:44:00+00:00,114.0295,114.028,114.027,114.0295,19
2026-05-25T19:45:00+00:00,114.028,114.0285,114.0265,114.0295,24
2026-05-25T19:46:00+00:00,114.0285,114.027,114.025,114.029,32
2026-05-25T19:47:00+00:00,114.026,114.0295,114.026,114.03,21
2026-05-25T19:48:00+00:00,114.0295,114.0295,114.0285,114.0315,15
2026-05-25T19:49:00+00:00,114.0295,114.0305,114.0295,114.031,3
2026-05-25T19:50:00+00:00,114.0295,114.0365,114.029,114.0385,70
2026-05-25T19:51:00+00:00,114.0365,114.038,114.035,114.0385,35
2026-05-25T19:52:00+00:00,114.0375,114.038,114.037,114.0395,46
2026-05-25T19:53:00+00:00,114.039,114.0385,114.036,114.039,17
2026-05-25T19:54:00+00:00,114.0385,114.0375,114.037,114.039,10
2026-05-25T19:55:00+00:00,114.038,114.045,114.038,114.048,76
2026-05-25T19:56:00+00:00,114.044,114.043,114.043,114.0455,23
2026-05-25T19:57:00+00:00,114.043,114.0375,114.0355,114.044,39
2026-05-25T19:58:00+00:00,114.0375,114.0355,114.0355,114.0415,72
2026-05-25T19:59:00+00:00,114.035,114.0335,114.0335,114.0365,42
2026-05-25T20:00:00+00:00,114.034,114.039,114.034,114.0435,54
2026-05-25T20:01:00+00:00,114.0395,114.04,114.037,114.0435,42
2026-05-25T20:02:00+00:00,114.0395,114.042,114.039,114.043,24
2026-05-25T20:03:00+00:00,114.042,114.041,114.0395,114.044,26
2026-05-25T20:04:00+00:00,114.041,114.0405,114.0395,114.043,23
2026-05-25T20:05:00+00:00,114.0405,114.034,114.034,114.0415,40
2026-05-25T20:06:00+00:00,114.035,114.036,114.035,114.0365,9
2026-05-25T20:07:00+00:00,114.036,114.043,114.036,114.0435,37
2026-05-25T20:08:00+00:00,114.043,114.0465,114.043,114.0495,63
2026-05-25T20:09:00+00:00,114.046,114.0455,114.0445,114.047,47
2026-05-25T20:10:00+00:00,114.046,114.0415,114.04,114.047,21
2026-05-25T20:11:00+00:00,114.0415,114.0435,114.0405,114.044,131
2026-05-25T20:12:00+00:00,114.0435,114.043,114.0415,114.0435,18
2026-05-25T20:13:00+00:00,114.043,114.04,114.0385,114.0435,56
2026-05-25T20:14:00+00:00,114.0405,114.042,114.04,114.042,17
2026-05-25T20:15:00+00:00,114.0415,114.04,114.039,114.042,15
2026-05-25T20:16:00+00:00,114.041,114.047,114.0395,114.0475,46
2026-05-25T20:17:00+00:00,114.0465,114.0425,114.042,114.0465,20
2026-05-25T20:18:00+00:00,114.042,114.0415,114.039,114.042,24
2026-05-25T20:19:00+00:00,114.041,114.0435,114.0405,114.0475,61
2026-05-25T20:20:00+00:00,114.043,114.0435,114.041,114.044,42
2026-05-25T20:21:00+00:00,114.043,114.041,114.0405,114.045,26
2026-05-25T20:22:00+00:00,114.041,114.039,114.0385,114.042,40
2026-05-25T20:23:00+00:00,114.039,114.036,114.033,114.039,43
2026-05-25T20:24:00+00:00,114.036,114.036,114.0345,114.0385,15
2026-05-25T20:25:00+00:00,114.0355,114.037,114.034,114.0375,25
2026-05-25T20:26:00+00:00,114.037,114.042,114.036,114.0425,33
2026-05-25T20:27:00+00:00,114.0415,114.0385,114.037,114.0415,68
2026-05-25T20:28:00+00:00,114.0385,114.0395,114.0385,114.043,68
2026-05-25T20:29:00+00:00,114.04,114.041,114.038,114.0435,63
2026-05-25T20:30:00+00:00,114.042,114.05,114.042,114.05,38
2026-05-25T20:31:00+00:00,114.05,114.045,114.044,114.05,27
2026-05-25T20:32:00+00:00,114.045,114.047,114.045,114.047,67
2026-05-25T20:33:00+00:00,114.0465,114.0455,114.0455,114.048,19
2026-05-25T20:34:00+00:00,114.0455,114.047,114.045,114.047,20
2026-05-25T20:35:00+00:00,114.0475,114.046,114.044,114.049,89
2026-05-25T20:36:00+00:00,114.046,114.042,114.042,114.046,28
2026-05-25T20:37:00+00:00,114.042,114.034,114.034,114.0445,37
2026-05-25T20:38:00+00:00,114.034,114.0315,114.026,114.036,94
2026-05-25T20:39:00+00:00,114.0315,114.023,114.022,114.0355,110
2026-05-25T20:40:00+00:00,114.0235,114.0275,114.02,114.0355,86
2026-05-25T20:41:00+00:00,114.0275,114.0415,114.0275,114.0415,30
2026-05-25T20:42:00+00:00,114.041,114.0325,114.031,114.041,54
2026-05-25T20:43:00+00:00,114.032,114.03,114.0285,114.032,79
2026-05-25T20:44:00+00:00,114.03,114.032,114.0295,114.033,60
2026-05-25T20:45:00+00:00,114.0325,114.0355,114.0325,114.037,88
2026-05-25T20:46:00+00:00,114.035,114.0345,114.033,114.038,107
2026-05-25T20:47:00+00:00,114.035,114.037,114.034,114.0395,68
2026-05-25T20:48:00+00:00,114.036,114.0335,114.033,114.0375,66
2026-05-25T20:49:00+00:00,114.0345,114.0275,114.0275,114.036,138
2026-05-25T20:50:00+00:00,114.028,114.0295,114.027,114.0355,248
2026-05-25T20:51:00+00:00,114.0295,114.026,114.025,114.0295,51
2026-05-25T20:52:00+00:00,114.026,114.0315,114.026,114.0335,70
2026-05-25T20:53:00+00:00,114.031,114.033,114.031,114.0335,38
2026-05-25T20:54:00+00:00,114.0325,114.0325,114.032,114.034,18
2026-05-25T20:55:00+00:00,114.033,114.037,114.033,114.0385,75
2026-05-25T20:56:00+00:00,114.0355,114.037,114.0355,114.04,78
2026-05-25T20:57:00+00:00,114.037,114.04,114.037,114.0405,16
2026-05-25T20:58:00+00:00,114.0395,114.0365,114.0365,114.0415,38
2026-05-25T20:59:00+00:00,114.0375,113.981,113.981,114.0385,168
2026-05-25T21:00:00+00:00,113.985,113.9585,113.9445,113.985,10
2026-05-25T21:01:00+00:00,113.9585,113.968,113.9585,113.968,3
2026-05-25T21:02:00+00:00,113.968,113.968,113.968,113.968,0
2026-05-25T21:03:00+00:00,113.968,113.969,113.9585,113.969,9
2026-05-25T21:04:00+00:00,113.969,113.9665,113.9605,113.969,2
2026-05-25T21:05:00+00:00,113.9655,113.966,113.9655,113.966,2
2026-05-25T21:06:00+00:00,113.966,113.966,113.966,113.966,0
2026-05-25T21:07:00+00:00,113.966,113.967,113.966,113.967,1
2026-05-25T21:08:00+00:00,113.967,113.968,113.965,113.968,6
2026-05-25T21:09:00+00:00,113.968,113.9645,113.9645,113.9685,14
2026-05-25T21:10:00+00:00,113.9645,113.968,113.9645,113.969,5
2026-05-25T21:11:00+00:00,113.968,113.967,113.967,113.968,1
2026-05-25T21:12:00+00:00,113.967,113.9645,113.9645,113.967,5
2026-05-25T21:13:00+00:00,113.9645,113.967,113.9645,113.97,3
2026-05-25T21:14:00+00:00,113.967,113.9675,113.967,113.9675,1
2026-05-25T21:15:00+00:00,113.9675,113.9675,113.965,113.983,8
2026-05-25T21:16:00+00:00,113.9675,113.9685,113.9675,113.9725,5
2026-05-25T21:17:00+00:00,113.9685,113.97,113.9685,113.97,2
2026-05-25T21:18:00+00:00,113.9725,113.9685,113.9685,113.9725,2
2026-05-25T21:19:00+00:00,113.9685,113.963,113.963,113.976,8
2026-05-25T21:20:00+00:00,113.963,113.9725,113.9615,113.975,16
2026-05-25T21:21:00+00:00,113.9725,113.967,113.958,113.9725,6
2026-05-25T21:22:00+00:00,113.967,113.9645,113.9645,113.967,1
2026-05-25T21:23:00+00:00,113.9645,113.9695,113.9645,113.9745,2
2026-05-25T21:24:00+00:00,113.9695,113.9665,113.9665,113.9695,1
2026-05-25T21:25:00+00:00,113.9665,113.9665,113.9665,113.9665,0
2026-05-25T21:26:00+00:00,113.9665,113.9665,113.9665,113.9745,3
2026-05-25T21:27:00+00:00,113.9665,113.9665,113.9665,113.9665,0
2026-05-25T21:28:00+00:00,113.9665,113.9635,113.9635,113.9745,9
2026-05-25T21:29:00+00:00,113.9635,113.969,113.9635,113.969,1
2026-05-25T21:30:00+00:00,113.969,113.969,113.969,113.969,0
2026-05-25T21:31:00+00:00,113.969,113.9745,113.955,113.9745,7
2026-05-25T21:32:00+00:00,113.9745,113.9675,113.955,113.9745,5
2026-05-25T21:33:00+00:00,113.9675,113.9675,113.9675,113.9675,0
2026-05-25T21:34:00+00:00,113.955,113.955,113.955,113.9555,4
2026-05-25T21:35:00+00:00,113.955,113.978,113.955,113.978,19
2026-05-25T21:36:00+00:00,113.978,113.982,113.976,113.982,3
2026-05-25T21:37:00+00:00,113.982,113.982,113.9805,113.982,4
2026-05-25T21:38:00+00:00,113.982,113.9625,113.959,113.982,15
2026-05-25T21:39:00+00:00,113.9605,113.9635,113.935,113.97,49
2026-05-25T21:40:00+00:00,113.9635,113.9745,113.9635,113.979,36
2026-05-25T21:41:00+00:00,113.9745,113.9805,113.972,113.9805,10
2026-05-25T21:42:00+00:00,113.9805,113.955,113.952,113.9805,15
2026-05-25T21:43:00+00:00,113.955,113.958,113.955,113.9665,29
2026-05-25T21:44:00+00:00,113.958,113.935,113.9175,113.9625,130
2026-05-25T21:45:00+00:00,113.9315,113.94,113.9315,113.9425,86
2026-05-25T21:46:00+00:00,113.9385,113.934,113.933,113.9405,17
2026-05-25T21:47:00+00:00,113.9345,113.935,113.9285,113.945,23
2026-05-25T21:48:00+00:00,113.935,113.9185,113.9185,113.9355,35
2026-05-25T21:49:00+00:00,113.92,113.9295,113.917,113.932,29
2026-05-25T21:50:00+00:00,113.929,113.938,113.929,113.9405,27
2026-05-25T21:51:00+00:00,113.94,113.9325,113.9325,113.9405,11
2026-05-25T21:52:00+00:00,113.9345,113.932,113.9315,113.9355,6
2026-05-25T21:53:00+00:00,113.932,113.938,113.932,113.9425,7
2026-05-25T21:54:00+00:00,113.938,113.9375,113.935,113.938,7
2026-05-25T21:55:00+00:00,113.9375,113.9365,113.935,113.943,14
2026-05-25T21:56:00+00:00,113.9365,113.9475,113.9365,113.977,102
2026-05-25T21:57:00+00:00,113.9475,113.941,113.941,113.9495,34
2026-05-25T21:58:00+00:00,113.941,113.941,113.9405,113.9495,26
2026-05-25T21:59:00+00:00,113.9405,113.9365,113.9135,113.945,52
2026-05-25T22:00:00+00:00,113.939,114.0015,113.9365,114.024,224
2026-05-25T22:01:00+00:00,114.0025,114.0005,114.0005,114.011,86
2026-05-25T22:02:00+00:00,114.004,114.0135,114.0015,114.0175,61
2026-05-25T22:03:00+00:00,114.013,114.0165,114.0125,114.0205,50
2026-05-25T22:04:00+00:00,114.016,114.0145,114.0095,114.024,71
2026-05-25T22:05:00+00:00,114.0155,114.0155,114.014,114.0195,27
2026-05-25T22:06:00+00:00,114.0155,114.0075,114.0075,114.018,23
2026-05-25T22:07:00+00:00,114.008,114.0105,114.007,114.0275,63
2026-05-25T22:08:00+00:00,114.0105,114.013,114.008,114.016,40
2026-05-25T22:09:00+00:00,114.013,113.9915,113.9915,114.013,46
2026-05-25T22:10:00+00:00,113.9915,113.984,113.983,113.992,16
2026-05-25T22:11:00+00:00,113.984,113.992,113.983,113.9985,63
2026-05-25T22:12:00+00:00,113.9925,113.995,113.992,113.9995,39
2026-05-25T22:13:00+00:00,113.995,114.0,113.995,114.001,21
2026-05-25T22:14:00+00:00,114.0,114.0025,113.9895,114.0025,50
2026-05-25T22:15:00+00:00,114.002,114.004,114.0,114.0055,27
2026-05-25T22:16:00+00:00,114.004,113.983,113.9825,114.004,55
2026-05-25T22:17:00+00:00,113.9825,113.9745,113.9665,113.9825,65
2026-05-25T22:18:00+00:00,113.9745,113.976,113.974,113.977,19
2026-05-25T22:19:00+00:00,113.9765,113.9745,113.974,113.977,27
2026-05-25T22:20:00+00:00,113.974,113.978,113.9735,113.978,31
2026-05-25T22:21:00+00:00,113.9775,113.983,113.9775,113.9845,47
2026-05-25T22:22:00+00:00,113.983,113.9895,113.983,113.9895,50
2026-05-25T22:23:00+00:00,113.9895,113.996,113.9885,114.0,54
2026-05-25T22:24:00+00:00,113.9955,113.997,113.9955,113.998,25
2026-05-25T22:25:00+00:00,113.997,113.997,113.9955,113.9985,14
2026-05-25T22:26:00+00:00,113.997,113.999,113.997,114.001,26
2026-05-25T22:27:00+00:00,113.9995,113.9915,113.991,114.0,40
2026-05-25T22:28:00+00:00,113.991,113.994,113.991,113.9955,57
2026-05-25T22:29:00+00:00,113.9945,113.998,113.992,114.0005,54
2026-05-25T22:30:00+00:00,113.9975,113.998,113.9875,113.999,146
2026-05-25T22:31:00+00:00,113.9975,113.994,113.9925,114.001,98
2026-05-25T22:32:00+00:00,113.9945,114.008,113.992,114.01,55
2026-05-25T22:33:00+00:00,114.0085,114.012,114.0075,114.015,54
2026-05-25T22:34:00+00:00,114.012,114.014,114.0095,114.015,63
2026-05-25T22:35:00+00:00,114.0135,114.0075,114.0065,114.014,42
2026-05-25T22:36:00+00:00,114.0075,114.0015,113.999,114.0075,93
2026-05-25T22:37:00+00:00,114.0025,114.0,114.0,114.004,74
2026-05-25T22:38:00+00:00,113.9995,113.9945,113.9945,114.001,49
2026-05-25T22:39:00+00:00,113.996,113.9955,113.9945,113.9965,28
2026-05-25T22:40:00+00:00,113.995,113.9955,113.9885,113.9965,83
2026-05-25T22:41:00+00:00,113.996,114.0015,113.996,114.002,100
2026-05-25T22:42:00+00:00,114.0015,114.0035,113.998,114.004,71
2026-05-25T22:43:00+00:00,114.0035,114.0005,113.997,114.004,44
2026-05-25T22:44:00+00:00,114.001,114.0,113.9995,114.001,31
2026-05-25T22:45:00+00:00,114.001,113.999,113.998,114.001,42
2026-05-25T22:46:00+00:00,113.999,114.009,113.9985,114.01,35
2026-05-25T22:47:00+00:00,114.009,114.0145,114.0065,114.015,76
2026-05-25T22:48:00+00:00,114.0145,114.008,114.0065,114.0145,43
2026-05-25T22:49:00+00:00,114.0085,114.015,114.008,114.016,44
2026-05-25T22:50:00+00:00,114.0155,114.017,114.015,114.0175,56
2026-05-25T22:51:00+00:00,114.017,114.0215,114.016,114.0255,70
2026-05-25T22:52:00+00:00,114.022,114.0175,114.0175,114.022,27
2026-05-25T22:53:00+00:00,114.0175,114.0185,114.017,114.019,26
2026-05-25T22:54:00+00:00,114.0185,114.024,114.0175,114.024,22
2026-05-25T22:55:00+00:00,114.024,114.011,114.0075,114.025,68
2026-05-25T22:56:00+00:00,114.0115,114.0165,114.0085,114.018,144
2026-05-25T22:57:00+00:00,114.017,114.0175,114.015,114.0205,39
2026-05-25T22:58:00+00:00,114.0175,114.015,114.0125,114.02,47
2026-05-25T22:59:00+00:00,114.0145,114.01,114.0095,114.015,76
2026-05-25T23:00:00+00:00,114.01,114.0235,114.009,114.0235,118
2026-05-25T23:01:00+00:00,114.0235,114.022,114.0175,114.0245,117
2026-05-25T23:02:00+00:00,114.0215,114.0245,114.0215,114.0325,54
2026-05-25T23:03:00+00:00,114.024,114.024,114.021,114.0245,48
2026-05-25T23:04:00+00:00,114.024,114.03,114.0235,114.033,48
2026-05-25T23:05:00+00:00,114.03,114.0375,114.0295,114.039,47
2026-05-25T23:06:00+00:00,114.0375,114.0265,114.0255,114.0425,51
2026-05-25T23:07:00+00:00,114.026,114.019,114.019,114.0265,39
2026-05-25T23:08:00+00:00,114.0185,114.023,114.017,114.0245,72
2026-05-25T23:09:00+00:00,114.024,114.024,114.0215,114.029,79
2026-05-25T23:10:00+00:00,114.0235,114.0255,114.02,114.0275,76
2026-05-25T23:11:00+00:00,114.025,114.0255,114.025,114.0275,61
2026-05-25T23:12:00+00:00,114.0255,114.0195,114.0185,114.0265,47
2026-05-25T23:13:00+00:00,114.0205,114.018,114.017,114.0255,49
2026-05-25T23:14:00+00:00,114.017,114.0195,114.017,114.0215,111
2026-05-25T23:15:00+00:00,114.019,114.0185,114.0175,114.0205,63
2026-05-25T23:16:00+00:00,114.0185,114.0185,114.0165,114.019,43
2026-05-25T23:17:00+00:00,114.0185,114.015,114.0145,114.0235,82
2026-05-25T23:18:00+00:00,114.0145,114.0215,114.0145,114.023,78
2026-05-25T23:19:00+00:00,114.0215,114.0215,114.019,114.028,68
2026-05-25T23:20:00+00:00,114.022,114.019,114.0185,114.0305,83
2026-05-25T23:21:00+00:00,114.0195,114.0225,114.018,114.0235,87
2026-05-25T23:22:00+00:00,114.0225,114.0225,114.02,114.0235,51
2026-05-25T23:23:00+00:00,114.022,114.0265,114.0205,114.03,75
2026-05-25T23:24:00+00:00,114.027,114.0235,114.0185,114.0495,193
2026-05-25T23:25:00+00:00,114.0235,114.022,114.022,114.0315,64
2026-05-25T23:26:00+00:00,114.022,114.026,114.02,114.0265,59
2026-05-25T23:27:00+00:00,114.0255,114.0235,114.0225,114.03,87
2026-05-25T23:28:00+00:00,114.0235,114.017,114.0165,114.031,76
2026-05-25T23:29:00+00:00,114.0175,114.0175,114.0155,114.0205,58
2026-05-25T23:30:00+00:00,114.018,114.0215,114.018,114.026,113
2026-05-25T23:31:00+00:00,114.022,114.0155,114.015,114.0255,58
2026-05-25T23:32:00+00:00,114.015,114.0095,114.0095,114.019,74
2026-05-25T23:33:00+00:00,114.0095,114.003,114.0015,114.011,94
2026-05-25T23:34:00+00:00,114.003,114.0005,114.0005,114.0055,61
2026-05-25T23:35:00+00:00,114.0,113.999,113.998,114.003,87
2026-05-25T23:36:00+00:00,113.9995,113.998,113.994,114.01,112
2026-05-25T23:37:00+00:00,113.9975,113.991,113.985,113.9985,163
2026-05-25T23:38:00+00:00,113.9915,113.9905,113.988,113.9945,68
2026-05-25T23:39:00+00:00,113.9905,113.985,113.9815,113.9915,80
2026-05-25T23:40:00+00:00,113.9845,113.984,113.98,113.9905,81
2026-05-25T23:41:00+00:00,113.9845,113.9835,113.9805,113.9855,64
2026-05-25T23:42:00+00:00,113.983,113.9875,113.975,113.99,118
2026-05-25T23:43:00+00:00,113.987,113.988,113.986,113.9885,48
2026-05-25T23:44:00+00:00,113.9875,113.978,113.9745,113.9885,111
2026-05-25T23:45:00+00:00,113.9775,113.996,113.976,113.999,256
2026-05-25T23:46:00+00:00,113.9965,113.9905,113.9865,113.9975,206
2026-05-25T23:47:00+00:00,113.9895,113.9725,113.9675,113.992,147
2026-05-25T23:48:00+00:00,113.973,113.9485,113.9445,113.973,211
2026-05-25T23:49:00+00:00,113.948,113.9525,113.9455,113.954,68
2026-05-25T23:50:00+00:00,113.9535,113.9455,113.9445,113.954,149
2026-05-25T23:51:00+00:00,113.945,113.9495,113.9415,113.956,162
2026-05-25T23:52:00+00:00,113.9495,113.954,113.9435,113.9555,116
2026-05-25T23:53:00+00:00,113.9535,113.9445,113.9445,113.9535,110
2026-05-25T23:54:00+00:00,113.9455,113.9525,113.9445,113.954,84
2026-05-25T23:55:00+00:00,113.9515,113.9455,113.945,113.954,83
2026-05-25T23:56:00+00:00,113.945,113.9495,113.9445,113.954,106
2026-05-25T23:57:00+00:00,113.949,113.963,113.948,113.963,117
2026-05-25T23:58:00+00:00,113.964,113.9485,113.9475,113.9645,120
2026-05-25T23:59:00+00:00,113.948,113.9425,113.936,113.948,126
2026-05-26T00:00:00+00:00,113.942,113.922,113.9205,113.948,678
2026-05-26T00:01:00+00:00,113.9225,113.916,113.91,113.9405,558
2026-05-26T00:02:00+00:00,113.9165,113.9145,113.9095,113.925,415
2026-05-26T00:03:00+00:00,113.9135,113.911,113.9075,113.923,267
2026-05-26T00:04:00+00:00,113.9115,113.9185,113.905,113.9235,294
2026-05-26T00:05:00+00:00,113.918,113.925,113.9155,113.933,310
2026-05-26T00:06:00+00:00,113.924,113.927,113.924,113.939,321
2026-05-26T00:07:00+00:00,113.9265,113.934,113.9245,113.9355,235
2026-05-26T00:08:00+00:00,113.9335,113.946,113.932,113.9465,227
2026-05-26T00:09:00+00:00,113.9455,113.9305,113.9275,113.946,259
2026-05-26T00:10:00+00:00,113.9315,113.9455,113.931,113.952,288
2026-05-26T00:11:00+00:00,113.945,113.973,113.944,113.9745,232
2026-05-26T00:12:00+00:00,113.974,113.984,113.966,113.9895,263
2026-05-26T00:13:00+00:00,113.984,113.9725,113.969,113.984,157
2026-05-26T00:14:00+00:00,113.973,113.9565,113.956,113.9745,183
2026-05-26T00:15:00+00:00,113.957,113.953,113.947,113.9615,221
2026-05-26T00:16:00+00:00,113.9525,113.9395,113.934,113.955,237
2026-05-26T00:17:00+00:00,113.938,113.922,113.922,113.9455,241
2026-05-26T00:18:00+00:00,113.9225,113.912,113.911,113.927,299
2026-05-26T00:19:00+00:00,113.9105,113.909,113.8955,113.9155,329
2026-05-26T00:20:00+00:00,113.9095,113.926,113.9085,113.9295,504
2026-05-26T00:21:00+00:00,113.9255,113.9265,113.925,113.935,268
2026-05-26T00:22:00+00:00,113.9275,113.926,113.9135,113.928,257
2026-05-26T00:23:00+00:00,113.9255,113.9205,113.9145,113.9265,187
2026-05-26T00:24:00+00:00,113.921,113.923,113.92,113.9325,206
2026-05-26T00:25:00+00:00,113.924,113.9245,113.922,113.9315,223
2026-05-26T00:26:00+00:00,113.9245,113.9345,113.924,113.935,232
2026-05-26T00:27:00+00:00,113.935,113.948,113.93,113.95,221
2026-05-26T00:28:00+00:00,113.949,113.9605,113.949,113.9645,206
2026-05-26T00:29:00+00:00,113.96,113.954,113.952,113.961,239
2026-05-26T00:30:00+00:00,113.9535,113.954,113.9445,113.968,362
2026-05-26T00:31:00+00:00,113.9535,113.9605,113.9485,113.963,237
2026-05-26T00:32:00+00:00,113.96,113.9625,113.9555,113.9655,240
2026-05-26T00:33:00+00:00,113.9635,113.9455,113.941,113.964,219
2026-05-26T00:34:00+00:00,113.945,113.951,113.9365,113.954,230
2026-05-26T00:35:00+00:00,113.9505,113.9515,113.944,113.9575,142
2026-05-26T00:36:00+00:00,113.9525,113.9645,113.9525,113.9665,160
2026-05-26T00:37:00+00:00,113.9635,113.95,113.949,113.9655,177
2026-05-26T00:38:00+00:00,113.9505,113.941,113.941,113.9545,141
2026-05-26T00:39:00+00:00,113.94,113.939,113.9385,113.948,161
2026-05-26T00:40:00+00:00,113.9395,113.9255,113.924,113.941,158
2026-05-26T00:41:00+00:00,113.926,113.9325,113.926,113.9455,186
2026-05-26T00:42:00+00:00,113.9335,113.952,113.9335,113.954,193
2026-05-26T00:43:00+00:00,113.9525,113.944,113.941,113.9535,189
2026-05-26T00:44:00+00:00,113.9435,113.9385,113.937,113.947,123
2026-05-26T00:45:00+00:00,113.939,113.93,113.9225,113.939,181
2026-05-26T00:46:00+00:00,113.9295,113.9545,113.9255,113.9565,201
2026-05-26T00:47:00+00:00,113.955,113.947,113.943,113.9565,236
2026-05-26T00:48:00+00:00,113.9465,113.944,113.941,113.9505,237
2026-05-26T00:49:00+00:00,113.9435,113.934,113.928,113.946,279
2026-05-26T00:50:00+00:00,113.9335,113.946,113.933,113.948,196
2026-05-26T00:51:00+00:00,113.946,113.9395,113.939,113.9515,249
2026-05-26T00:52:00+00:00,113.941,113.938,113.9375,113.9455,165
2026-05-26T00:53:00+00:00,113.9385,113.943,113.937,113.9465,194
2026-05-26T00:54:00+00:00,113.944,113.943,113.933,113.9515,349
2026-05-26T00:55:00+00:00,113.9435,113.9695,113.9435,113.974,342
2026-05-26T00:56:00+00:00,113.97,113.973,113.962,113.975,188
2026-05-26T00:57:00+00:00,113.9735,113.973,113.961,113.9755,176
2026-05-26T00:58:00+00:00,113.9735,113.9865,113.973,113.9865,166
2026-05-26T00:59:00+00:00,113.987,113.988,113.9825,113.9925,198
2026-05-26T01:00:00+00:00,113.9875,113.986,113.9775,113.9975,373
2026-05-26T01:01:00+00:00,113.9855,114.0095,113.983,114.0105,285
2026-05-26T01:02:00+00:00,114.0105,113.992,113.992,114.0135,322
2026-05-26T01:03:00+00:00,113.9925,113.9825,113.981,113.9925,285
2026-05-26T01:04:00+00:00,113.9825,113.982,113.981,113.9985,299
2026-05-26T01:05:00+00:00,113.9825,113.9845,113.9805,113.9935,274
2026-05-26T01:06:00+00:00,113.9855,113.9655,113.9635,113.9855,394
2026-05-26T01:07:00+00:00,113.965,113.9265,113.925,113.965,414
2026-05-26T01:08:00+00:00,113.927,113.9415,113.925,113.944,275
2026-05-26T01:09:00+00:00,113.941,113.9345,113.9195,113.944,249
2026-05-26T01:10:00+00:00,113.934,113.926,113.9235,113.9395,258
2026-05-26T01:11:00+00:00,113.9255,113.923,113.9215,113.9315,200
2026-05-26T01:12:00+00:00,113.9235,113.94,113.9225,113.941,254
2026-05-26T01:13:00+00:00,113.9395,113.9425,113.939,113.9545,251
2026-05-26T01:14:00+00:00,113.942,113.957,113.9325,113.9605,321
2026-05-26T01:15:00+00:00,113.9565,113.9515,113.9495,113.9655,291
2026-05-26T01:16:00+00:00,113.952,113.948,113.948,113.9605,206
2026-05-26T01:17:00+00:00,113.9485,113.951,113.9485,113.958,187
2026-05-26T01:18:00+00:00,113.9505,113.9325,113.9325,113.951,256
2026-05-26T01:19:00+00:00,113.933,113.933,113.9215,113.9395,248
2026-05-26T01:20:00+00:00,113.9335,113.914,113.9085,113.9385,307
2026-05-26T01:21:00+00:00,113.914,113.9145,113.895,113.916,344
2026-05-26T01:22:00+00:00,113.915,113.9445,113.9145,113.946,322
2026-05-26T01:23:00+00:00,113.944,113.9525,113.936,113.9555,325
2026-05-26T01:24:00+00:00,113.952,113.9605,113.9465,113.9665,305
2026-05-26T01:25:00+00:00,113.961,113.9625,113.9475,113.9725,300
2026-05-26T01:26:00+00:00,113.963,113.9505,113.9475,113.963,259
2026-05-26T01:27:00+00:00,113.9495,113.956,113.9495,113.957,188
2026-05-26T01:28:00+00:00,113.9555,113.947,113.9465,113.96,176
2026-05-26T01:29:00+00:00,113.948,113.942,113.935,113.953,327
2026-05-26T01:30:00+00:00,113.9425,113.9425,113.9365,113.9535,413
2026-05-26T01:31:00+00:00,113.9435,113.9325,113.929,113.9525,452
2026-05-26T01:32:00+00:00,113.932,113.9245,113.9215,113.932,335
2026-05-26T01:33:00+00:00,113.924,113.9235,113.9205,113.931,249
2026-05-26T01:34:00+00:00,113.924,113.929,113.919,113.9355,338
2026-05-26T01:35:00+00:00,113.9285,113.9235,113.919,113.9295,165
2026-05-26T01:36:00+00:00,113.923,113.907,113.9055,113.9315,209
2026-05-26T01:37:00+00:00,113.9075,113.912,113.9035,113.9145,231
2026-05-26T01:38:00+00:00,113.9115,113.9065,113.898,113.918,230
2026-05-26T01:39:00+00:00,113.9075,113.8725,113.867,113.914,379
2026-05-26T01:40:00+00:00,113.8715,113.881,113.866,113.883,341
2026-05-26T01:41:00+00:00,113.8805,113.864,113.859,113.8805,305
2026-05-26T01:42:00+00:00,113.8635,113.8655,113.8545,113.868,329
2026-05-26T01:43:00+00:00,113.866,113.875,113.8615,113.8805,319
2026-05-26T01:44:00+00:00,113.8745,113.8765,113.8725,113.882,210
2026-05-26T01:45:00+00:00,113.877,113.8755,113.8725,113.886,329
2026-05-26T01:46:00+00:00,113.875,113.885,113.871,113.8855,234
2026-05-26T01:47:00+00:00,113.8855,113.889,113.884,113.897,300
2026-05-26T01:48:00+00:00,113.8895,113.8775,113.869,113.8895,239
2026-05-26T01:49:00+00:00,113.877,113.9005,113.877,113.9105,270
2026-05-26T01:50:00+00:00,113.901,113.9,113.8965,113.9055,233
2026-05-26T01:51:00+00:00,113.9005,113.8925,113.89,113.9045,139
2026-05-26T01:52:00+00:00,113.893,113.8835,113.881,113.895,211
2026-05-26T01:53:00+00:00,113.883,113.8925,113.883,113.894,299
2026-05-26T01:54:00+00:00,113.892,113.896,113.8885,113.899,271
2026-05-26T01:55:00+00:00,113.895,113.9145,113.894,113.9165,223
2026-05-26T01:56:00+00:00,113.914,113.924,113.91,113.9325,221
2026-05-26T01:57:00+00:00,113.9245,113.916,113.9105,113.9275,230
2026-05-26T01:58:00+00:00,113.9155,113.9185,113.914,113.9245,183
2026-05-26T01:59:00+00:00,113.918,113.905,113.9015,113.922,194
2026-05-26T02:00:00+00:00,113.9045,113.897,113.8835,113.9085,237
2026-05-26T02:01:00+00:00,113.8975,113.9,113.8975,113.9125,205
2026-05-26T02:02:00+00:00,113.9005,113.905,113.893,113.906,163
2026-05-26T02:03:00+00:00,113.905,113.9075,113.9015,113.9135,178
2026-05-26T02:04:00+00:00,113.907,113.893,113.8925,113.9115,142
2026-05-26T02:05:00+00:00,113.8935,113.9145,113.8915,113.915,286
2026-05-26T02:06:00+00:00,113.915,113.9235,113.907,113.928,252
2026-05-26T02:07:00+00:00,113.923,113.911,113.9105,113.9265,150
2026-05-26T02:08:00+00:00,113.911,113.9095,113.9055,113.912,69
2026-05-26T02:09:00+00:00,113.9095,113.9075,113.907,113.919,138
2026-05-26T02:10:00+00:00,113.908,113.9025,113.9005,113.91,188
2026-05-26T02:11:00+00:00,113.9015,113.899,113.8975,113.9045,110
2026-05-26T02:12:00+00:00,113.8985,113.8995,113.895,113.902,157
2026-05-26T02:13:00+00:00,113.9005,113.8835,113.883,113.9005,168
2026-05-26T02:14:00+00:00,113.8845,113.876,113.874,113.8865,146
2026-05-26T02:15:00+00:00,113.8765,113.893,113.8755,113.894,163
2026-05-26T02:16:00+00:00,113.8925,113.898,113.8915,113.8995,92
2026-05-26T02:17:00+00:00,113.898,113.895,113.8915,113.8995,138
2026-05-26T02:18:00+00:00,113.895,113.8875,113.882,113.895,180
2026-05-26T02:19:00+00:00,113.888,113.894,113.885,113.896,108
2026-05-26T02:20:00+00:00,113.8945,113.8835,113.882,113.8945,154
2026-05-26T02:21:00+00:00,113.884,113.891,113.88,113.8915,168
2026-05-26T02:22:00+00:00,113.8905,113.8825,113.881,113.8975,187
2026-05-26T02:23:00+00:00,113.8825,113.88,113.8775,113.8895,139
2026-05-26T02:24:00+00:00,113.8795,113.8735,113.8725,113.881,134
2026-05-26T02:25:00+00:00,113.874,113.882,113.8695,113.89,138
2026-05-26T02:26:00+00:00,113.8815,113.8935,113.8815,113.8945,118
2026-05-26T02:27:00+00:00,113.894,113.907,113.893,113.9095,202
2026-05-26T02:28:00+00:00,113.9075,113.9055,113.903,113.91,142
2026-05-26T02:29:00+00:00,113.9045,113.9015,113.8985,113.9095,219
2026-05-26T02:30:00+00:00,113.902,113.9115,113.9015,113.9125,147
2026-05-26T02:31:00+00:00,113.9125,113.908,113.9035,113.914,144
2026-05-26T02:32:00+00:00,113.9075,113.903,113.9005,113.908,195
2026-05-26T02:33:00+00:00,113.903,113.8955,113.895,113.903,151
2026-05-26T02:34:00+00:00,113.895,113.9005,113.8945,113.9025,68
2026-05-26T02:35:00+00:00,113.9005,113.8945,113.8915,113.9045,179
2026-05-26T02:36:00+00:00,113.895,113.891,113.886,113.8965,112
2026-05-26T02:37:00+00:00,113.8905,113.8905,113.885,113.8985,261
2026-05-26T02:38:00+00:00,113.891,113.8985,113.891,113.901,157
2026-05-26T02:39:00+00:00,113.8995,113.891,113.888,113.8995,147
2026-05-26T02:40:00+00:00,113.89,113.884,113.883,113.8945,397
2026-05-26T02:41:00+00:00,113.8835,113.87,113.8675,113.8835,370
2026-05-26T02:42:00+00:00,113.8695,113.881,113.8675,113.882,230
2026-05-26T02:43:00+00:00,113.8815,113.8675,113.865,113.882,245
2026-05-26T02:44:00+00:00,113.868,113.8665,113.8635,113.868,150
2026-05-26T02:45:00+00:00,113.8665,113.87,113.8635,113.873,142
2026-05-26T02:46:00+00:00,113.8705,113.889,113.87,113.8915,249
2026-05-26T02:47:00+00:00,113.8895,113.893,113.887,113.899,143
2026-05-26T02:48:00+00:00,113.8925,113.8885,113.8885,113.8945,214
2026-05-26T02:49:00+00:00,113.889,113.89,113.8855,113.893,218
2026-05-26T02:50:00+00:00,113.8905,113.893,113.879,113.893,117
2026-05-26T02:51:00+00:00,113.894,113.8925,113.891,113.8985,131
2026-05-26T02:52:00+00:00,113.893,113.875,113.871,113.8965,157
2026-05-26T02:53:00+00:00,113.8755,113.883,113.8735,113.885,129
2026-05-26T02:54:00+00:00,113.8835,113.879,113.874,113.8835,151
2026-05-26T02:55:00+00:00,113.8795,113.9125,113.8795,113.9135,135
2026-05-26T02:56:00+00:00,113.912,113.906,113.906,113.913,146
2026-05-26T02:57:00+00:00,113.9065,113.9,113.8985,113.9085,124
2026-05-26T02:58:00+00:00,113.8995,113.908,113.8995,113.908,72
2026-05-26T02:59:00+00:00,113.9075,113.898,113.898,113.9095,219
2026-05-26T03:00:00+00:00,113.8985,113.9005,113.8915,113.902,120
2026-05-26T03:01:00+00:00,113.9,113.9145,113.896,113.9185,220
2026-05-26T03:02:00+00:00,113.9145,113.9115,113.9095,113.917,136
2026-05-26T03:03:00+00:00,113.9115,113.9115,113.9075,113.916,110
2026-05-26T03:04:00+00:00,113.911,113.906,113.905,113.911,65
2026-05-26T03:05:00+00:00,113.9055,113.9215,113.9025,113.9215,151
2026-05-26T03:06:00+00:00,113.921,113.9285,113.92,113.9305,191
2026-05-26T03:07:00+00:00,113.93,113.938,113.928,113.9385,129
2026-05-26T03:08:00+00:00,113.9385,113.942,113.9365,113.944,160
2026-05-26T03:09:00+00:00,113.942,113.941,113.938,113.957,161
2026-05-26T03:10:00+00:00,113.9405,113.9425,113.936,113.9435,82
2026-05-26T03:11:00+00:00,113.9425,113.938,113.935,113.947,126
2026-05-26T03:12:00+00:00,113.9375,113.9385,113.9325,113.9415,98
2026-05-26T03:13:00+00:00,113.9395,113.9325,113.9315,113.94,107
2026-05-26T03:14:00+00:00,113.932,113.9275,113.926,113.933,94
2026-05-26T03:15:00+00:00,113.927,113.93,113.9175,113.9315,191
2026-05-26T03:16:00+00:00,113.9295,113.9345,113.927,113.9345,149
2026-05-26T03:17:00+00:00,113.935,113.935,113.93,113.9365,127
2026-05-26T03:18:00+00:00,113.934,113.9445,113.93,113.9455,178
2026-05-26T03:19:00+00:00,113.9435,113.943,113.941,113.9515,141
2026-05-26T03:20:00+00:00,113.9415,113.952,113.94,113.953,148
2026-05-26T03:21:00+00:00,113.9525,113.959,113.9445,113.9615,175
2026-05-26T03:22:00+00:00,113.959,113.959,113.9575,113.963,90
2026-05-26T03:23:00+00:00,113.958,113.9605,113.9525,113.963,118
2026-05-26T03:24:00+00:00,113.961,113.9615,113.956,113.963,109
2026-05-26T03:25:00+00:00,113.962,113.9765,113.9605,113.9825,198
2026-05-26T03:26:00+00:00,113.9765,113.966,113.965,113.979,109
2026-05-26T03:27:00+00:00,113.9655,113.9565,113.9565,113.9685,161
2026-05-26T03:28:00+00:00,113.957,113.9595,113.956,113.9615,70
2026-05-26T03:29:00+00:00,113.9595,113.951,113.9485,113.961,109
2026-05-26T03:30:00+00:00,113.9515,113.9545,113.951,113.962,155
2026-05-26T03:31:00+00:00,113.955,113.9555,113.9505,113.9575,107
2026-05-26T03:32:00+00:00,113.955,113.952,113.9515,113.962,150
2026-05-26T03:33:00+00:00,113.9525,113.9515,113.9505,113.954,74
2026-05-26T03:34:00+00:00,113.951,113.9455,113.945,113.9525,110
2026-05-26T03:35:00+00:00,113.945,113.948,113.945,113.949,89
2026-05-26T03:36:00+00:00,113.9475,113.9515,113.944,113.952,187
2026-05-26T03:37:00+00:00,113.951,113.9595,113.9505,113.9605,107
2026-05-26T03:38:00+00:00,113.959,113.9555,113.9495,113.96,231
2026-05-26T03:39:00+00:00,113.955,113.942,113.941,113.9555,62
2026-05-26T03:40:00+00:00,113.941,113.9465,113.94,113.9475,57
2026-05-26T03:41:00+00:00,113.946,113.946,113.9445,113.9535,69
2026-05-26T03:42:00+00:00,113.946,113.949,113.9425,113.9505,122
2026-05-26T03:43:00+00:00,113.9485,113.956,113.9465,113.958,166
2026-05-26T03:44:00+00:00,113.9565,113.972,113.955,113.9775,140
2026-05-26T03:45:00+00:00,113.971,113.9555,113.955,113.971,156
2026-05-26T03:46:00+00:00,113.956,113.963,113.95,113.9645,207
2026-05-26T03:47:00+00:00,113.9635,113.9595,113.9585,113.9675,90
2026-05-26T03:48:00+00:00,113.9595,113.955,113.954,113.961,28
2026-05-26T03:49:00+00:00,113.955,113.9615,113.9545,113.9615,37
2026-05-26T03:50:00+00:00,113.9615,113.9615,113.96,113.965,73
2026-05-26T03:51:00+00:00,113.962,113.959,113.9555,113.9635,113
2026-05-26T03:52:00+00:00,113.9585,113.972,113.955,113.973,135
2026-05-26T03:53:00+00:00,113.9725,113.967,113.965,113.973,109
2026-05-26T03:54:00+00:00,113.966,113.968,113.9655,113.9705,69
2026-05-26T03:55:00+00:00,113.9685,113.9585,113.9565,113.9685,85
2026-05-26T03:56:00+00:00,113.959,113.971,113.9585,113.972,103
2026-05-26T03:57:00+00:00,113.9715,113.966,113.9615,113.972,106
2026-05-26T03:58:00+00:00,113.966,113.975,113.964,113.9765,59
2026-05-26T03:59:00+00:00,113.975,113.9765,113.9725,113.9805,79
2026-05-26T04:00:00+00:00,113.976,113.9755,113.9685,113.978,103
2026-05-26T04:01:00+00:00,113.9755,113.977,113.972,113.978,65
2026-05-26T04:02:00+00:00,113.977,113.9845,113.977,113.9865,71
2026-05-26T04:03:00+00:00,113.9835,113.944,113.9405,113.984,176
2026-05-26T04:04:00+00:00,113.9445,113.931,113.9225,113.9465,98
2026-05-26T04:05:00+00:00,113.931,113.929,113.9215,113.939,103
2026-05-26T04:06:00+00:00,113.9285,113.9315,113.9275,113.932,57
2026-05-26T04:07:00+00:00,113.9315,113.946,113.931,113.946,115
2026-05-26T04:08:00+00:00,113.9465,113.9465,113.944,113.948,48
2026-05-26T04:09:00+00:00,113.947,113.948,113.947,113.954,86
2026-05-26T04:10:00+00:00,113.9485,113.9505,113.948,113.9555,81
2026-05-26T04:11:00+00:00,113.95,113.9595,113.95,113.961,87
2026-05-26T04:12:00+00:00,113.96,113.9565,113.955,113.963,107
2026-05-26T04:13:00+00:00,113.9565,113.966,113.9565,113.967,71
2026-05-26T04:14:00+00:00,113.965,113.9805,113.964,113.985,145
2026-05-26T04:15:00+00:00,113.98,113.976,113.972,113.98,123
2026-05-26T04:16:00+00:00,113.9755,113.9725,113.9655,113.9825,134
2026-05-26T04:17:00+00:00,113.973,113.974,113.9715,113.9795,116
2026-05-26T04:18:00+00:00,113.9735,113.9725,113.968,113.974,127
2026-05-26T04:19:00+00:00,113.973,113.971,113.9695,113.9735,69
2026-05-26T04:20:00+00:00,113.9715,113.971,113.9695,113.973,46
2026-05-26T04:21:00+00:00,113.9705,113.9765,113.969,113.977,95
2026-05-26T04:22:00+00:00,113.9765,113.97,113.966,113.977,98
2026-05-26T04:23:00+00:00,113.97,113.9665,113.9645,113.97,68
2026-05-26T04:24:00+00:00,113.9665,113.9645,113.964,113.9685,59
2026-05-26T04:25:00+00:00,113.965,113.9625,113.962,113.969,116
2026-05-26T04:26:00+00:00,113.9625,113.9635,113.962,113.9675,68
2026-05-26T04:27:00+00:00,113.963,113.9595,113.959,113.9645,35
2026-05-26T04:28:00+00:00,113.96,113.952,113.9495,113.96,96
2026-05-26T04:29:00+00:00,113.9515,113.9345,113.9335,113.9515,109
2026-05-26T04:30:00+00:00,113.934,113.926,113.9235,113.937,101
2026-05-26T04:31:00+00:00,113.9255,113.926,113.9235,113.931,94
2026-05-26T04:32:00+00:00,113.9255,113.9315,113.917,113.9315,144
2026-05-26T04:33:00+00:00,113.9315,113.9155,113.915,113.9335,120
2026-05-26T04:34:00+00:00,113.916,113.916,113.9145,113.928,119
2026-05-26T04:35:00+00:00,113.916,113.9125,113.9115,113.921,109
2026-05-26T04:36:00+00:00,113.9125,113.8995,113.899,113.916,109
2026-05-26T04:37:00+00:00,113.899,113.892,113.89,113.8995,115
2026-05-26T04:38:00+00:00,113.8915,113.8785,113.8755,113.8915,124
2026-05-26T04:39:00+00:00,113.8785,113.873,113.87,113.882,123
2026-05-26T04:40:00+00:00,113.8735,113.8755,113.864,113.876,153
2026-05-26T04:41:00+00:00,113.875,113.872,113.872,113.879,56
2026-05-26T04:42:00+00:00,113.8715,113.85,113.847,113.8715,195
2026-05-26T04:43:00+00:00,113.8495,113.85,113.8475,113.8545,145
2026-05-26T04:44:00+00:00,113.85,113.861,113.848,113.866,139
2026-05-26T04:45:00+00:00,113.8615,113.866,113.8545,113.8715,101
2026-05-26T04:46:00+00:00,113.8655,113.875,113.86,113.875,142
2026-05-26T04:47:00+00:00,113.8755,113.867,113.8645,113.8755,186
2026-05-26T04:48:00+00:00,113.8665,113.869,113.8655,113.8755,128
2026-05-26T04:49:00+00:00,113.869,113.875,113.867,113.876,87
2026-05-26T04:50:00+00:00,113.876,113.878,113.872,113.8795,118
2026-05-26T04:51:00+00:00,113.8785,113.873,113.8685,113.8805,140
2026-05-26T04:52:00+00:00,113.8735,113.8625,113.861,113.8755,120
2026-05-26T04:53:00+00:00,113.8625,113.865,113.8605,113.8685,91
2026-05-26T04:54:00+00:00,113.864,113.868,113.8635,113.8715,89
2026-05-26T04:55:00+00:00,113.8675,113.8535,113.845,113.8675,172
2026-05-26T04:56:00+00:00,113.8535,113.8545,113.8535,113.8625,80
2026-05-26T04:57:00+00:00,113.854,113.8725,113.854,113.875,124
2026-05-26T04:58:00+00:00,113.872,113.879,113.865,113.882,183
2026-05-26T04:59:00+00:00,113.8785,113.8615,113.861,113.88,301
2026-05-26T05:00:00+00:00,113.862,113.8445,113.8405,113.871,406
2026-05-26T05:01:00+00:00,113.844,113.819,113.811,113.847,283
2026-05-26T05:02:00+00:00,113.8185,113.8115,113.806,113.821,206
2026-05-26T05:03:00+00:00,113.811,113.8055,113.801,113.816,159
2026-05-26T05:04:00+00:00,113.805,113.782,113.7815,113.805,180
2026-05-26T05:05:00+00:00,113.7825,113.7885,113.7815,113.791,171
2026-05-26T05:06:00+00:00,113.788,113.7965,113.7825,113.7965,190
2026-05-26T05:07:00+00:00,113.796,113.8165,113.796,113.8165,149
2026-05-26T05:08:00+00:00,113.817,113.8165,113.8165,113.831,166
2026-05-26T05:09:00+00:00,113.816,113.815,113.8145,113.827,206
2026-05-26T05:10:00+00:00,113.8145,113.812,113.8075,113.822,153
2026-05-26T05:11:00+00:00,113.812,113.807,113.8065,113.813,95
2026-05-26T05:12:00+00:00,113.808,113.8185,113.8065,113.8185,169
2026-05-26T05:13:00+00:00,113.819,113.8255,113.8165,113.8295,139
2026-05-26T05:14:00+00:00,113.825,113.8275,113.8225,113.83,116
2026-05-26T05:15:00+00:00,113.8265,113.835,113.824,113.8375,189
2026-05-26T05:16:00+00:00,113.8355,113.846,113.8355,113.8465,135
2026-05-26T05:17:00+00:00,113.8465,113.8465,113.837,113.8495,127
2026-05-26T05:18:00+00:00,113.847,113.839,113.838,113.854,123
2026-05-26T05:19:00+00:00,113.8385,113.8295,113.8275,113.843,165
2026-05-26T05:20:00+00:00,113.8295,113.831,113.828,113.837,132
2026-05-26T05:21:00+00:00,113.8305,113.835,113.83,113.8385,124
2026-05-26T05:22:00+00:00,113.8345,113.838,113.832,113.838,84
2026-05-26T05:23:00+00:00,113.838,113.832,113.8295,113.8405,88
2026-05-26T05:24:00+00:00,113.8325,113.8355,113.8305,113.8375,67
2026-05-26T05:25:00+00:00,113.8355,113.8385,113.833,113.8385,84
2026-05-26T05:26:00+00:00,113.838,113.847,113.837,113.849,100
2026-05-26T05:27:00+00:00,113.8465,113.84,113.839,113.85,167
2026-05-26T05:28:00+00:00,113.839,113.8465,113.836,113.849,313
2026-05-26T05:29:00+00:00,113.846,113.8505,113.844,113.8515,236
2026-05-26T05:30:00+00:00,113.851,113.8675,113.8495,113.8725,528
2026-05-26T05:31:00+00:00,113.867,113.859,113.8565,113.873,338
2026-05-26T05:32:00+00:00,113.859,113.858,113.8575,113.866,299
2026-05-26T05:33:00+00:00,113.8585,113.8585,113.8575,113.862,177
2026-05-26T05:34:00+00:00,113.858,113.8625,113.8565,113.865,198
2026-05-26T05:35:00+00:00,113.863,113.8555,113.8535,113.864,233
2026-05-26T05:36:00+00:00,113.857,113.855,113.848,113.858,141
2026-05-26T05:37:00+00:00,113.855,113.8535,113.852,113.859,265
2026-05-26T05:38:00+00:00,113.853,113.852,113.842,113.8545,141
2026-05-26T05:39:00+00:00,113.8525,113.8575,113.8495,113.8605,221
2026-05-26T05:40:00+00:00,113.858,113.852,113.85,113.8625,160
2026-05-26T05:41:00+00:00,113.852,113.839,113.833,113.854,208
2026-05-26T05:42:00+00:00,113.8385,113.84,113.837,113.8415,154
2026-05-26T05:43:00+00:00,113.84,113.8535,113.839,113.856,136
2026-05-26T05:44:00+00:00,113.853,113.852,113.849,113.8555,91
2026-05-26T05:45:00+00:00,113.8525,113.8495,113.847,113.8545,147
2026-05-26T05:46:00+00:00,113.8505,113.843,113.842,113.857,138
2026-05-26T05:47:00+00:00,113.842,113.837,113.834,113.842,151
2026-05-26T05:48:00+00:00,113.8375,113.855,113.8375,113.856,182
2026-05-26T05:49:00+00:00,113.8555,113.8515,113.849,113.8585,213
2026-05-26T05:50:00+00:00,113.85,113.8555,113.848,113.8565,181
2026-05-26T05:51:00+00:00,113.855,113.847,113.8455,113.8555,123
2026-05-26T05:52:00+00:00,113.846,113.8455,113.842,113.849,106
2026-05-26T05:53:00+00:00,113.845,113.841,113.839,113.848,96
2026-05-26T05:54:00+00:00,113.84,113.852,113.8395,113.853,128
2026-05-26T05:55:00+00:00,113.8515,113.843,113.8415,113.855,201
2026-05-26T05:56:00+00:00,113.842,113.8515,113.8405,113.852,126
2026-05-26T05:57:00+00:00,113.852,113.858,113.849,113.8595,137
2026-05-26T05:58:00+00:00,113.8575,113.8615,113.856,113.865,160
2026-05-26T05:59:00+00:00,113.861,113.8565,113.854,113.864,215
2026-05-26T06:00:00+00:00,113.857,113.862,113.842,113.8695,421
2026-05-26T06:01:00+00:00,113.8615,113.862,113.856,113.865,329
2026-05-26T06:02:00+00:00,113.8615,113.8835,113.859,113.8835,430
2026-05-26T06:03:00+00:00,113.884,113.8845,113.883,113.899,278
2026-05-26T06:04:00+00:00,113.884,113.882,113.877,113.8865,310
2026-05-26T06:05:00+00:00,113.8825,113.8985,113.882,113.9005,240
2026-05-26T06:06:00+00:00,113.8985,113.887,113.886,113.9005,173
2026-05-26T06:07:00+00:00,113.888,113.9005,113.8845,113.901,161
2026-05-26T06:08:00+00:00,113.9,113.8845,113.883,113.9,258
2026-05-26T06:09:00+00:00,113.884,113.883,113.8805,113.8895,219
2026-05-26T06:10:00+00:00,113.8835,113.906,113.8825,113.907,168
2026-05-26T06:11:00+00:00,113.9065,113.915,113.906,113.92,180
2026-05-26T06:12:00+00:00,113.9145,113.8995,113.899,113.9145,117
2026-05-26T06:13:00+00:00,113.899,113.9105,113.899,113.9105,141
2026-05-26T06:14:00+00:00,113.91,113.9095,113.9015,113.91,125
2026-05-26T06:15:00+00:00,113.909,113.9095,113.908,113.921,235
2026-05-26T06:16:00+00:00,113.909,113.916,113.9085,113.918,198
2026-05-26T06:17:00+00:00,113.917,113.908,113.907,113.9175,112
2026-05-26T06:18:00+00:00,113.9075,113.909,113.9035,113.9145,194
2026-05-26T06:19:00+00:00,113.909,113.9135,113.9035,113.9155,167
2026-05-26T06:20:00+00:00,113.914,113.9155,113.908,113.9175,212
2026-05-26T06:21:00+00:00,113.9155,113.921,113.913,113.922,119
2026-05-26T06:22:00+00:00,113.9205,113.921,113.916,113.924,141
2026-05-26T06:23:00+00:00,113.9205,113.9195,113.915,113.9295,159
2026-05-26T06:24:00+00:00,113.92,113.956,113.919,113.9635,244
2026-05-26T06:25:00+00:00,113.9555,113.9835,113.9555,113.992,372
2026-05-26T06:26:00+00:00,113.984,113.9995,113.9815,114.009,354
2026-05-26T06:27:00+00:00,114.0,114.0045,113.985,114.007,236
2026-05-26T06:28:00+00:00,114.004,113.9635,113.9535,114.013,389
2026-05-26T06:29:00+00:00,113.963,113.9675,113.95,113.98,564
2026-05-26T06:30:00+00:00,113.968,113.9755,113.9605,113.979,543
2026-05-26T06:31:00+00:00,113.975,113.9695,113.966,113.9765,363
2026-05-26T06:32:00+00:00,113.969,113.961,113.9515,113.974,372
2026-05-26T06:33:00+00:00,113.9605,113.9955,113.9605,113.997,347
2026-05-26T06:34:00+00:00,113.9945,113.9795,113.974,113.996,360
2026-05-26T06:35:00+00:00,113.98,113.9885,113.98,113.9955,369
2026-05-26T06:36:00+00:00,113.989,114.0015,113.9865,114.004,233
2026-05-26T06:37:00+00:00,114.002,114.008,113.998,114.012,202
2026-05-26T06:38:00+00:00,114.0085,114.0135,113.9995,114.0145,263
2026-05-26T06:39:00+00:00,114.013,114.0215,114.013,114.029,206
2026-05-26T06:40:00+00:00,114.022,114.0275,114.0155,114.029,147
2026-05-26T06:41:00+00:00,114.028,114.0225,114.02,114.031,99
2026-05-26T06:42:00+00:00,114.0225,114.0185,114.015,114.0275,188
2026-05-26T06:43:00+00:00,114.018,114.0225,114.0115,114.024,204
2026-05-26T06:44:00+00:00,114.0235,114.039,114.021,114.041,217
2026-05-26T06:45:00+00:00,114.0395,114.039,114.038,114.0485,259
2026-05-26T06:46:00+00:00,114.0395,114.0295,114.0285,114.04,271
2026-05-26T06:47:00+00:00,114.0295,114.018,114.0165,114.0295,186
2026-05-26T06:48:00+00:00,114.0185,114.015,114.0065,114.0205,318
2026-05-26T06:49:00+00:00,114.015,113.995,113.9935,114.016,255
2026-05-26T06:50:00+00:00,113.9945,114.0015,113.9945,114.0085,248
2026-05-26T06:51:00+00:00,114.002,114.0145,114.001,114.0145,164
2026-05-26T06:52:00+00:00,114.014,114.0185,114.013,114.025,191
2026-05-26T06:53:00+00:00,114.0175,114.017,114.0155,114.019,73
2026-05-26T06:54:00+00:00,114.018,114.016,114.013,114.0235,226
2026-05-26T06:55:00+00:00,114.017,114.0095,114.008,114.023,255
2026-05-26T06:56:00+00:00,114.011,114.0375,114.0095,114.0375,284
2026-05-26T06:57:00+00:00,114.038,114.0295,114.0295,114.046,240
2026-05-26T06:58:00+00:00,114.029,114.014,114.013,114.0325,149
2026-05-26T06:59:00+00:00,114.0135,113.9965,113.9915,114.0135,250
2026-05-26T07:00:00+00:00,113.997,114.004,113.9935,114.008,393
2026-05-26T07:01:00+00:00,114.0035,113.998,113.992,114.0065,247
2026-05-26T07:02:00+00:00,113.9995,114.001,113.9945,114.01,266
2026-05-26T07:03:00+00:00,114.0015,113.9555,113.9545,114.004,436
2026-05-26T07:04:00+00:00,113.956,113.9305,113.9265,113.9595,615
2026-05-26T07:05:00+00:00,113.931,113.911,113.906,113.9415,634
2026-05-26T07:06:00+00:00,113.9105,113.9675,113.895,113.975,704
2026-05-26T07:07:00+00:00,113.968,113.999,113.967,114.01,466
2026-05-26T07:08:00+00:00,113.9995,113.965,113.959,114.0085,388
2026-05-26T07:09:00+00:00,113.964,113.95,113.949,113.969,363
2026-05-26T07:10:00+00:00,113.9505,113.9955,113.9455,113.997,333
2026-05-26T07:11:00+00:00,113.995,113.988,113.987,114.0045,270
2026-05-26T07:12:00+00:00,113.9875,113.999,113.9875,114.0125,286
2026-05-26T07:13:00+00:00,113.9995,113.9985,113.981,114.002,340
2026-05-26T07:14:00+00:00,113.998,114.004,113.997,114.014,337
2026-05-26T07:15:00+00:00,114.0045,113.9915,113.9885,114.0055,314
2026-05-26T07:16:00+00:00,113.991,113.987,113.984,113.995,264
2026-05-26T07:17:00+00:00,113.9875,113.977,113.977,113.99,222
2026-05-26T07:18:00+00:00,113.9775,113.982,113.9745,113.9885,265
2026-05-26T07:19:00+00:00,113.982,113.9725,113.9685,113.986,300
2026-05-26T07:20:00+00:00,113.973,113.983,113.973,113.988,253
2026-05-26T07:21:00+00:00,113.9835,113.9805,113.979,113.9945,231
2026-05-26T07:22:00+00:00,113.98,113.9885,113.973,113.9895,188
2026-05-26T07:23:00+00:00,113.989,113.987,113.987,113.999,178
2026-05-26T07:24:00+00:00,113.9875,113.987,113.9835,113.9975,209
2026-05-26T07:25:00+00:00,113.9865,113.977,113.963,113.9915,292
2026-05-26T07:26:00+00:00,113.9775,113.9865,113.9715,113.995,159
2026-05-26T07:27:00+00:00,113.987,113.972,113.9665,113.9895,186
2026-05-26T07:28:00+00:00,113.9725,113.97,113.965,113.976,211
2026-05-26T07:29:00+00:00,113.97,113.9625,113.9485,113.97,265
2026-05-26T07:30:00+00:00,113.964,113.9565,113.935,113.9645,351
2026-05-26T07:31:00+00:00,113.956,114.024,113.9535,114.0325,472
2026-05-26T07:32:00+00:00,114.023,113.9665,113.966,114.0435,995
2026-05-26T07:33:00+00:00,113.967,113.9565,113.9255,113.977,591
2026-05-26T07:34:00+00:00,113.957,113.951,113.944,113.962,313
2026-05-26T07:35:00+00:00,113.951,113.953,113.931,113.957,387
2026-05-26T07:36:00+00:00,113.954,113.958,113.9435,113.9585,341
2026-05-26T07:37:00+00:00,113.9585,113.9455,113.9445,113.9625,293
2026-05-26T07:38:00+00:00,113.9455,113.946,113.9405,113.9605,225
2026-05-26T07:39:00+00:00,113.9465,113.951,113.94,113.9615,238
2026-05-26T07:40:00+00:00,113.9505,113.963,113.9425,113.964,262
2026-05-26T07:41:00+00:00,113.9635,113.954,113.947,113.966,238
2026-05-26T07:42:00+00:00,113.9535,113.9555,113.952,113.9635,182
2026-05-26T07:43:00+00:00,113.956,113.9565,113.9555,113.967,167
2026-05-26T07:44:00+00:00,113.957,113.9685,113.9495,113.9685,163
2026-05-26T07:45:00+00:00,113.969,113.949,113.947,113.971,173
2026-05-26T07:46:00+00:00,113.9495,113.962,113.941,113.9635,201
2026-05-26T07:47:00+00:00,113.962,113.967,113.96,113.973,193
2026-05-26T07:48:00+00:00,113.9675,114.005,113.9675,114.006,223
2026-05-26T07:49:00+00:00,114.004,114.0225,113.9975,114.0245,290
2026-05-26T07:50:00+00:00,114.023,114.0335,114.017,114.036,283
2026-05-26T07:51:00+00:00,114.034,114.0165,114.016,114.037,282
2026-05-26T07:52:00+00:00,114.016,114.011,114.01,114.0195,197
2026-05-26T07:53:00+00:00,114.0125,114.01,114.002,114.0125,242
2026-05-26T07:54:00+00:00,114.0095,113.9955,113.9955,114.0105,254
2026-05-26T07:55:00+00:00,113.996,113.9945,113.994,114.012,284
2026-05-26T07:56:00+00:00,113.995,114.0,113.9895,114.0,200
2026-05-26T07:57:00+00:00,114.0005,114.0305,114.0,114.0335,234
2026-05-26T07:58:00+00:00,114.0305,114.04,114.028,114.04,242
2026-05-26T07:59:00+00:00,114.04,114.0465,114.0395,114.0495,269
2026-05-26T08:00:00+00:00,114.047,114.0085,114.008,114.064,630
2026-05-26T08:01:00+00:00,114.009,114.0245,114.0015,114.0285,342
2026-05-26T08:02:00+00:00,114.024,114.037,114.023,114.041,226
2026-05-26T08:03:00+00:00,114.0375,114.045,114.03,114.0465,346
2026-05-26T08:04:00+00:00,114.0465,114.0645,114.046,114.066,244
2026-05-26T08:05:00+00:00,114.0645,114.08,114.0625,114.0805,207
2026-05-26T08:06:00+00:00,114.081,114.069,114.065,114.082,203
2026-05-26T08:07:00+00:00,114.069,114.069,114.0645,114.075,162
2026-05-26T08:08:00+00:00,114.07,114.059,114.0585,114.0715,158
2026-05-26T08:09:00+00:00,114.0595,114.064,114.0595,114.071,256
2026-05-26T08:10:00+00:00,114.0635,114.086,114.06,114.0875,301
2026-05-26T08:11:00+00:00,114.0855,114.0945,114.085,114.102,292
2026-05-26T08:12:00+00:00,114.095,114.093,114.083,114.0995,264
2026-05-26T08:13:00+00:00,114.0925,114.0635,114.0635,114.096,239
2026-05-26T08:14:00+00:00,114.064,114.0675,114.0565,114.0695,210
2026-05-26T08:15:00+00:00,114.067,114.07,114.059,114.0725,197
2026-05-26T08:16:00+00:00,114.0695,114.0615,114.061,114.07,161
2026-05-26T08:17:00+00:00,114.061,114.077,114.0595,114.078,197
2026-05-26T08:18:00+00:00,114.0775,114.0855,114.076,114.091,183
2026-05-26T08:19:00+00:00,114.085,114.0885,114.0815,114.097,284
2026-05-26T08:20:00+00:00,114.089,114.0865,114.083,114.0915,262
2026-05-26T08:21:00+00:00,114.086,114.1,114.0835,114.1035,242
2026-05-26T08:22:00+00:00,114.1,114.101,114.093,114.1035,206
2026-05-26T08:23:00+00:00,114.1015,114.1095,114.101,114.112,175
2026-05-26T08:24:00+00:00,114.109,114.119,114.109,114.119,169
2026-05-26T08:25:00+00:00,114.119,114.113,114.107,114.1195,215
2026-05-26T08:26:00+00:00,114.1125,114.103,114.099,114.113,166
2026-05-26T08:27:00+00:00,114.1035,114.0925,114.086,114.104,200
2026-05-26T08:28:00+00:00,114.092,114.0915,114.0845,114.0955,177
2026-05-26T08:29:00+00:00,114.09,114.097,114.078,114.102,287
2026-05-26T08:30:00+00:00,114.098,114.0965,114.0935,114.1025,321
2026-05-26T08:31:00+00:00,114.096,114.106,114.096,114.114,281
2026-05-26T08:32:00+00:00,114.1065,114.0915,114.0895,114.1085,219
2026-05-26T08:33:00+00:00,114.092,114.0915,114.09,114.1035,242
2026-05-26T08:34:00+00:00,114.092,114.088,114.072,114.095,229
2026-05-26T08:35:00+00:00,114.0875,114.0805,114.08,114.0945,204
2026-05-26T08:36:00+00:00,114.08,114.083,114.08,114.0935,288
2026-05-26T08:37:00+00:00,114.0825,114.0955,114.078,114.0965,235
2026-05-26T08:38:00+00:00,114.096,114.087,114.086,114.098,115
2026-05-26T08:39:00+00:00,114.087,114.079,114.079,114.0955,184
2026-05-26T08:40:00+00:00,114.0795,114.0805,114.072,114.0815,220
2026-05-26T08:41:00+00:00,114.081,114.0805,114.0765,114.092,207
2026-05-26T08:42:00+00:00,114.081,114.0745,114.071,114.0835,220
2026-05-26T08:43:00+00:00,114.074,114.0545,114.0535,114.08,216
2026-05-26T08:44:00+00:00,114.055,114.0495,114.048,114.061,311
2026-05-26T08:45:00+00:00,114.05,114.0405,114.0385,114.053,238
2026-05-26T08:46:00+00:00,114.041,114.0485,114.039,114.0515,192
2026-05-26T08:47:00+00:00,114.048,114.0455,114.0425,114.0535,130
2026-05-26T08:48:00+00:00,114.046,114.043,114.0295,114.046,210
2026-05-26T08:49:00+00:00,114.043,114.036,114.031,114.044,179
2026-05-26T08:50:00+00:00,114.035,114.0305,114.0145,114.0365,185
2026-05-26T08:51:00+00:00,114.031,114.03,114.027,114.0355,143
2026-05-26T08:52:00+00:00,114.031,114.0295,114.0285,114.042,155
2026-05-26T08:53:00+00:00,114.03,114.0535,114.028,114.0535,170
2026-05-26T08:54:00+00:00,114.054,114.0665,114.051,114.0665,153
2026-05-26T08:55:00+00:00,114.066,114.0595,114.058,114.069,165
2026-05-26T08:56:00+00:00,114.06,114.055,114.0545,114.0625,176
2026-05-26T08:57:00+00:00,114.0545,114.0475,114.041,114.057,179
2026-05-26T08:58:00+00:00,114.048,114.05,114.045,114.0565,217
2026-05-26T08:59:00+00:00,114.0505,114.0555,114.0455,114.061,366
2026-05-26T09:00:00+00:00,114.0565,114.06,114.049,114.067,329
2026-05-26T09:01:00+00:00,114.0595,114.047,114.0385,114.064,274
2026-05-26T09:02:00+00:00,114.0465,114.023,114.0215,114.0485,227
2026-05-26T09:03:00+00:00,114.0225,113.996,113.995,114.0225,282
2026-05-26T09:04:00+00:00,113.9965,114.0085,113.994,114.013,299
2026-05-26T09:05:00+00:00,114.008,114.008,113.99,114.0155,321
2026-05-26T09:06:00+00:00,114.007,114.003,114.0015,114.0155,189
2026-05-26T09:07:00+00:00,114.0035,113.976,113.9745,114.0075,321
2026-05-26T09:08:00+00:00,113.977,113.993,113.975,113.993,337
2026-05-26T09:09:00+00:00,113.9925,113.9885,113.9845,113.995,202
2026-05-26T09:10:00+00:00,113.989,113.9885,113.983,113.991,116
2026-05-26T09:11:00+00:00,113.989,114.013,113.987,114.013,103
2026-05-26T09:12:00+00:00,114.0125,114.0205,114.008,114.025,198
2026-05-26T09:13:00+00:00,114.021,114.005,114.0035,114.0225,194
2026-05-26T09:14:00+00:00,114.0055,114.002,113.9975,114.0095,174
2026-05-26T09:15:00+00:00,114.0015,113.9945,113.9925,114.0015,160
2026-05-26T09:16:00+00:00,113.994,114.008,113.9915,114.009,141
2026-05-26T09:17:00+00:00,114.0075,114.0055,113.9975,114.0245,499
2026-05-26T09:18:00+00:00,114.006,114.0025,114.0,114.015,247
2026-05-26T09:19:00+00:00,114.001,114.009,113.9975,114.0185,240
2026-05-26T09:20:00+00:00,114.01,114.0155,114.001,114.022,315
2026-05-26T09:21:00+00:00,114.015,114.0245,114.015,114.0245,267
2026-05-26T09:22:00+00:00,114.025,114.005,114.003,114.026,252
2026-05-26T09:23:00+00:00,114.0045,113.9915,113.9835,114.0055,303
2026-05-26T09:24:00+00:00,113.992,114.0055,113.992,114.0085,203
2026-05-26T09:25:00+00:00,114.005,114.0005,113.992,114.006,193
2026-05-26T09:26:00+00:00,114.0,114.0135,113.9985,114.0145,192
2026-05-26T09:27:00+00:00,114.014,114.026,114.011,114.027,200
2026-05-26T09:28:00+00:00,114.026,114.0185,114.0085,114.0275,252
2026-05-26T09:29:00+00:00,114.0195,114.0365,114.015,114.042,304
2026-05-26T09:30:00+00:00,114.0375,114.0405,114.0315,114.056,391
2026-05-26T09:31:00+00:00,114.04,114.045,114.033,114.0475,168
2026-05-26T09:32:00+00:00,114.0455,114.0355,114.027,114.046,341
2026-05-26T09:33:00+00:00,114.035,114.044,114.035,114.05,206
2026-05-26T09:34:00+00:00,114.0445,114.049,114.0415,114.0555,243
2026-05-26T09:35:00+00:00,114.0515,114.039,114.038,114.0535,184
2026-05-26T09:36:00+00:00,114.0395,114.0395,114.032,114.0415,115
2026-05-26T09:37:00+00:00,114.039,114.042,114.037,114.048,108
2026-05-26T09:38:00+00:00,114.0425,114.05,114.0385,114.0525,146
2026-05-26T09:39:00+00:00,114.05,114.0495,114.046,114.0535,122
2026-05-26T09:40:00+00:00,114.05,114.043,114.0425,114.0605,269
2026-05-26T09:41:00+00:00,114.0425,114.0495,114.0375,114.05,209
2026-05-26T09:42:00+00:00,114.049,114.038,114.0315,114.0495,215
2026-05-26T09:43:00+00:00,114.0375,114.034,114.027,114.04,153
2026-05-26T09:44:00+00:00,114.0335,114.017,114.0135,114.0335,229
2026-05-26T09:45:00+00:00,114.017,114.024,114.015,114.026,211
2026-05-26T09:46:00+00:00,114.0235,114.0235,114.019,114.027,279
2026-05-26T09:47:00+00:00,114.024,114.033,114.023,114.0355,170
2026-05-26T09:48:00+00:00,114.0325,114.041,114.032,114.042,149
2026-05-26T09:49:00+00:00,114.042,114.0515,114.0405,114.0535,181
2026-05-26T09:50:00+00:00,114.051,114.055,114.044,114.061,268
2026-05-26T09:51:00+00:00,114.0545,114.029,114.026,114.0555,204
2026-05-26T09:52:00+00:00,114.029,114.023,114.0175,114.031,143
2026-05-26T09:53:00+00:00,114.0235,114.0215,114.0215,114.028,155
2026-05-26T09:54:00+00:00,114.022,114.022,114.011,114.0245,273
2026-05-26T09:55:00+00:00,114.0225,114.039,114.0225,114.0405,276
2026-05-26T09:56:00+00:00,114.0385,114.0435,114.038,114.046,144
2026-05-26T09:57:00+00:00,114.044,114.0285,114.0265,114.045,215
2026-05-26T09:58:00+00:00,114.028,114.022,114.019,114.029,220
2026-05-26T09:59:00+00:00,114.0225,114.023,114.021,114.027,205
2026-05-26T10:00:00+00:00,114.0235,114.0195,114.012,114.0255,344
2026-05-26T10:01:00+00:00,114.019,114.0145,114.009,114.021,298
2026-05-26T10:02:00+00:00,114.0155,114.0045,114.0005,114.0155,234
2026-05-26T10:03:00+00:00,114.005,114.0065,114.001,114.013,225
2026-05-26T10:04:00+00:00,114.0075,113.9895,113.989,114.008,153
2026-05-26T10:05:00+00:00,113.99,113.982,113.975,113.9905,215
2026-05-26T10:06:00+00:00,113.9825,113.988,113.9815,113.9905,194
2026-05-26T10:07:00+00:00,113.988,113.9945,113.984,113.996,179
2026-05-26T10:08:00+00:00,113.995,113.998,113.994,114.0005,240
2026-05-26T10:09:00+00:00,113.997,113.9985,113.993,114.003,214
2026-05-26T10:10:00+00:00,113.998,114.013,113.997,114.014,210
2026-05-26T10:11:00+00:00,114.0125,114.0125,114.004,114.013,143
2026-05-26T10:12:00+00:00,114.0125,114.0115,114.007,114.015,130
2026-05-26T10:13:00+00:00,114.012,113.9995,113.9995,114.014,149
2026-05-26T10:14:00+00:00,114.0,114.002,113.997,114.009,187
2026-05-26T10:15:00+00:00,114.0025,113.9965,113.996,114.0085,151
2026-05-26T10:16:00+00:00,113.9965,114.004,113.995,114.007,123
2026-05-26T10:17:00+00:00,114.0035,114.001,113.998,114.004,170
2026-05-26T10:18:00+00:00,114.0005,113.9995,113.9945,114.004,138
2026-05-26T10:19:00+00:00,113.999,114.003,113.997,114.0055,194
2026-05-26T10:20:00+00:00,114.0035,114.009,114.003,114.013,211
2026-05-26T10:21:00+00:00,114.0095,114.0195,114.0095,114.021,120
2026-05-26T10:22:00+00:00,114.0185,114.0155,114.0085,114.019,252
2026-05-26T10:23:00+00:00,114.015,114.0135,114.0135,114.022,116
2026-05-26T10:24:00+00:00,114.013,114.006,114.0045,114.026,187
2026-05-26T10:25:00+00:00,114.0055,114.01,114.0015,114.0155,147
2026-05-26T10:26:00+00:00,114.011,114.0205,114.008,114.0215,79
2026-05-26T10:27:00+00:00,114.021,114.0225,114.02,114.0295,170
2026-05-26T10:28:00+00:00,114.023,114.0265,114.019,114.0415,405
2026-05-26T10:29:00+00:00,114.027,114.017,114.01,114.0275,362
2026-05-26T10:30:00+00:00,114.0175,114.036,114.016,114.0485,704
2026-05-26T10:31:00+00:00,114.0365,114.0195,114.015,114.039,421
2026-05-26T10:32:00+00:00,114.0195,114.006,114.006,114.023,337
2026-05-26T10:33:00+00:00,114.0065,114.012,114.0035,114.016,356
2026-05-26T10:34:00+00:00,114.0115,114.017,114.007,114.018,363
2026-05-26T10:35:00+00:00,114.017,114.013,114.012,114.035,315
2026-05-26T10:36:00+00:00,114.0135,114.0005,114.0,114.0145,380
2026-05-26T10:37:00+00:00,114.0005,113.992,113.991,114.0055,284
2026-05-26T10:38:00+00:00,113.9925,113.987,113.987,113.9975,227
2026-05-26T10:39:00+00:00,113.9875,113.9935,113.986,113.998,424
2026-05-26T10:40:00+00:00,113.993,113.997,113.99,114.0045,320
2026-05-26T10:41:00+00:00,113.9965,113.9955,113.992,114.0015,187
2026-05-26T10:42:00+00:00,113.9955,114.0055,113.994,114.0075,232
2026-05-26T10:43:00+00:00,114.006,114.0145,114.004,114.019,249
2026-05-26T10:44:00+00:00,114.014,114.0315,114.014,114.037,183
2026-05-26T10:45:00+00:00,114.032,114.0255,114.0205,114.0345,178
2026-05-26T10:46:00+00:00,114.0255,114.0155,114.0155,114.03,186
2026-05-26T10:47:00+00:00,114.016,114.017,114.0105,114.024,189
2026-05-26T10:48:00+00:00,114.0175,114.0195,114.0155,114.0245,163
2026-05-26T10:49:00+00:00,114.02,114.045,114.018,114.0455,211
2026-05-26T10:50:00+00:00,114.0455,114.052,114.044,114.0535,128
2026-05-26T10:51:00+00:00,114.0515,114.052,114.0445,114.054,171
2026-05-26T10:52:00+00:00,114.0515,114.069,114.048,114.0705,268
2026-05-26T10:53:00+00:00,114.068,114.0675,114.065,114.073,202
2026-05-26T10:54:00+00:00,114.068,114.059,114.055,114.0695,187
2026-05-26T10:55:00+00:00,114.0595,114.0615,114.057,114.0725,255
2026-05-26T10:56:00+00:00,114.0605,114.055,114.054,114.0625,188
2026-05-26T10:57:00+00:00,114.054,114.058,114.0505,114.062,194
2026-05-26T10:58:00+00:00,114.0575,114.0675,114.057,114.069,156
2026-05-26T10:59:00+00:00,114.068,114.04,114.038,114.068,246
2026-05-26T11:00:00+00:00,114.0395,114.037,114.03,114.041,314
2026-05-26T11:01:00+00:00,114.0365,114.0375,114.0335,114.045,255
2026-05-26T11:02:00+00:00,114.038,114.0315,114.0295,114.0445,135
2026-05-26T11:03:00+00:00,114.032,114.047,114.03,114.047,241
2026-05-26T11:04:00+00:00,114.0475,114.043,114.0405,114.0515,245
2026-05-26T11:05:00+00:00,114.0435,114.046,114.0425,114.053,307
2026-05-26T11:06:00+00:00,114.0465,114.05,114.046,114.0555,171
2026-05-26T11:07:00+00:00,114.0495,114.0625,114.0485,114.0635,112
2026-05-26T11:08:00+00:00,114.062,114.0585,114.0555,114.0625,149
2026-05-26T11:09:00+00:00,114.0585,114.0605,114.0555,114.0625,113
2026-05-26T11:10:00+00:00,114.061,114.0715,114.06,114.072,104
2026-05-26T11:11:00+00:00,114.071,114.0725,114.0685,114.0805,179
2026-05-26T11:12:00+00:00,114.0725,114.085,114.0705,114.0865,140
2026-05-26T11:13:00+00:00,114.0845,114.0785,114.073,114.0885,162
2026-05-26T11:14:00+00:00,114.0785,114.073,114.073,114.084,128
2026-05-26T11:15:00+00:00,114.072,114.075,114.07,114.0815,161
2026-05-26T11:16:00+00:00,114.0755,114.081,114.0695,114.0815,132
2026-05-26T11:17:00+00:00,114.081,114.081,114.0745,114.0865,204
2026-05-26T11:18:00+00:00,114.0815,114.068,114.067,114.0825,213
2026-05-26T11:19:00+00:00,114.069,114.0735,114.0635,114.076,225
2026-05-26T11:20:00+00:00,114.0745,114.07,114.066,114.0775,209
2026-05-26T11:21:00+00:00,114.069,114.0685,114.063,114.0725,184
2026-05-26T11:22:00+00:00,114.068,114.0715,114.067,114.0735,142
2026-05-26T11:23:00+00:00,114.072,114.073,114.07,114.075,140
2026-05-26T11:24:00+00:00,114.074,114.0755,114.0735,114.081,129
2026-05-26T11:25:00+00:00,114.075,114.07,114.069,114.08,140
2026-05-26T11:26:00+00:00,114.0705,114.0625,114.0615,114.0745,151
2026-05-26T11:27:00+00:00,114.063,114.0565,114.055,114.063,169
2026-05-26T11:28:00+00:00,114.056,114.0655,114.0555,114.0665,120
2026-05-26T11:29:00+00:00,114.0655,114.066,114.064,114.068,147
2026-05-26T11:30:00+00:00,114.065,114.0715,114.06,114.0735,161
2026-05-26T11:31:00+00:00,114.071,114.0675,114.0675,114.077,165
2026-05-26T11:32:00+00:00,114.068,114.091,114.068,114.0935,216
2026-05-26T11:33:00+00:00,114.0915,114.085,114.082,114.0925,164
2026-05-26T11:34:00+00:00,114.0845,114.0455,114.0275,114.0865,1025
2026-05-26T11:35:00+00:00,114.045,114.0085,114.005,114.0575,747
2026-05-26T11:36:00+00:00,114.008,114.0175,113.9965,114.021,721
2026-05-26T11:37:00+00:00,114.017,114.027,114.009,114.034,317
2026-05-26T11:38:00+00:00,114.026,114.0355,114.026,114.0375,361
2026-05-26T11:39:00+00:00,114.035,114.047,114.0335,114.0505,289
2026-05-26T11:40:00+00:00,114.046,114.04,114.0325,114.0485,312
2026-05-26T11:41:00+00:00,114.0405,114.0385,114.037,114.0465,191
2026-05-26T11:42:00+00:00,114.038,114.024,114.0215,114.039,305
2026-05-26T11:43:00+00:00,114.024,114.0455,114.021,114.0455,269
2026-05-26T11:44:00+00:00,114.046,114.031,114.03,114.0465,181
2026-05-26T11:45:00+00:00,114.0315,114.031,114.027,114.038,418
2026-05-26T11:46:00+00:00,114.03,114.0395,114.029,114.0415,227
2026-05-26T11:47:00+00:00,114.039,114.047,114.035,114.0485,191
2026-05-26T11:48:00+00:00,114.0475,114.043,114.036,114.048,307
2026-05-26T11:49:00+00:00,114.0435,114.045,114.0425,114.048,169
2026-05-26T11:50:00+00:00,114.046,114.061,114.044,114.0685,219
2026-05-26T11:51:00+00:00,114.0605,114.056,114.0555,114.069,190
2026-05-26T11:52:00+00:00,114.056,114.059,114.047,114.06,228
2026-05-26T11:53:00+00:00,114.059,114.068,114.0575,114.071,173
2026-05-26T11:54:00+00:00,114.0685,114.059,114.0525,114.069,175
2026-05-26T11:55:00+00:00,114.0585,114.0525,114.049,114.0605,197
2026-05-26T11:56:00+00:00,114.053,114.0765,114.0525,114.0775,250
2026-05-26T11:57:00+00:00,114.0765,114.0505,114.05,114.0765,207
2026-05-26T11:58:00+00:00,114.051,114.0585,114.0505,114.062,255
2026-05-26T11:59:00+00:00,114.058,114.0505,114.0475,114.058,295
2026-05-26T12:00:00+00:00,114.05,114.032,114.027,114.052,449
2026-05-26T12:01:00+00:00,114.031,114.051,114.028,114.0515,237
2026-05-26T12:02:00+00:00,114.05,114.055,114.0445,114.057,290
2026-05-26T12:03:00+00:00,114.055,114.05,114.0485,114.056,185
2026-05-26T12:04:00+00:00,114.0505,114.0525,114.045,114.054,191
2026-05-26T12:05:00+00:00,114.054,114.062,114.0525,114.0745,234
2026-05-26T12:06:00+00:00,114.0625,114.0745,114.062,114.0795,217
2026-05-26T12:07:00+00:00,114.075,114.0675,114.065,114.0795,196
2026-05-26T12:08:00+00:00,114.068,114.0435,114.0325,114.0705,500
2026-05-26T12:09:00+00:00,114.0425,114.075,114.0375,114.0805,597
2026-05-26T12:10:00+00:00,114.0755,114.067,114.0585,114.0795,285
2026-05-26T12:11:00+00:00,114.067,114.0655,114.062,114.0715,189
2026-05-26T12:12:00+00:00,114.066,114.0775,114.065,114.081,234
2026-05-26T12:13:00+00:00,114.077,114.076,114.072,114.08,155
2026-05-26T12:14:00+00:00,114.076,114.0665,114.062,114.076,189
2026-05-26T12:15:00+00:00,114.066,114.071,114.0615,114.073,255
2026-05-26T12:16:00+00:00,114.072,114.0665,114.0615,114.0775,227
2026-05-26T12:17:00+00:00,114.066,114.0705,114.0615,114.078,216
2026-05-26T12:18:00+00:00,114.07,114.072,114.0655,114.072,244
2026-05-26T12:19:00+00:00,114.0715,114.087,114.07,114.088,208
2026-05-26T12:20:00+00:00,114.0865,114.085,114.079,114.095,239
2026-05-26T12:21:00+00:00,114.085,114.0955,114.0845,114.0955,148
2026-05-26T12:22:00+00:00,114.095,114.102,114.089,114.1035,126
2026-05-26T12:23:00+00:00,114.103,114.096,114.086,114.104,210
2026-05-26T12:24:00+00:00,114.096,114.089,114.088,114.096,142
2026-05-26T12:25:00+00:00,114.089,114.097,114.082,114.097,163
2026-05-26T12:26:00+00:00,114.0975,114.091,114.084,114.0985,182
2026-05-26T12:27:00+00:00,114.091,114.096,114.09,114.1005,70
2026-05-26T12:28:00+00:00,114.096,114.1105,114.096,114.111,98
2026-05-26T12:29:00+00:00,114.1105,114.1155,114.1105,114.1175,85
2026-05-26T12:30:00+00:00,114.115,114.0995,114.0975,114.1175,153
2026-05-26T12:31:00+00:00,114.099,114.1035,114.0945,114.1065,120
2026-05-26T12:32:00+00:00,114.104,114.1065,114.1,114.1105,143
2026-05-26T12:33:00+00:00,114.106,114.1035,114.103,114.1065,135
2026-05-26T12:34:00+00:00,114.104,114.116,114.103,114.1175,146
2026-05-26T12:35:00+00:00,114.1155,114.1,114.089,114.116,185
2026-05-26T12:36:00+00:00,114.0995,114.102,114.094,114.104,150
2026-05-26T12:37:00+00:00,114.102,114.1,114.093,114.1025,163
2026-05-26T12:38:00+00:00,114.1015,114.094,114.0915,114.1075,156
2026-05-26T12:39:00+00:00,114.093,114.087,114.085,114.097,193
2026-05-26T12:40:00+00:00,114.087,114.101,114.087,114.1085,224
2026-05-26T12:41:00+00:00,114.1015,114.109,114.1005,114.111,176
2026-05-26T12:42:00+00:00,114.1095,114.117,114.1065,114.1255,207
2026-05-26T12:43:00+00:00,114.1175,114.118,114.114,114.127,258
2026-05-26T12:44:00+00:00,114.1175,114.105,114.103,114.1195,337
2026-05-26T12:45:00+00:00,114.106,114.094,114.092,114.106,254
2026-05-26T12:46:00+00:00,114.0945,114.094,114.086,114.098,225
2026-05-26T12:47:00+00:00,114.093,114.089,114.0875,114.1,266
2026-05-26T12:48:00+00:00,114.089,114.097,114.088,114.0975,158
2026-05-26T12:49:00+00:00,114.098,114.108,114.096,114.1095,400
2026-05-26T12:50:00+00:00,114.1085,114.104,114.102,114.112,336
2026-05-26T12:51:00+00:00,114.1045,114.1125,114.103,114.115,158
2026-05-26T12:52:00+00:00,114.112,114.104,114.1,114.1205,177
2026-05-26T12:53:00+00:00,114.1035,114.1075,114.1025,114.114,172
2026-05-26T12:54:00+00:00,114.107,114.1085,114.103,114.1095,182
2026-05-26T12:55:00+00:00,114.1085,114.1085,114.104,114.118,293
2026-05-26T12:56:00+00:00,114.108,114.111,114.107,114.114,139
2026-05-26T12:57:00+00:00,114.111,114.1265,114.111,114.1305,157
2026-05-26T12:58:00+00:00,114.126,114.143,114.1235,114.1435,174
2026-05-26T12:59:00+00:00,114.1445,114.1385,114.135,114.146,146
2026-05-26T13:00:00+00:00,114.139,114.146,114.1295,114.1515,248
2026-05-26T13:01:00+00:00,114.1455,114.161,114.139,114.161,213
2026-05-26T13:02:00+00:00,114.16,114.1585,114.153,114.171,364
2026-05-26T13:03:00+00:00,114.158,114.169,114.158,114.1745,301
2026-05-26T13:04:00+00:00,114.1695,114.1715,114.1655,114.1745,223
2026-05-26T13:05:00+00:00,114.171,114.176,114.1665,114.1825,336
2026-05-26T13:06:00+00:00,114.175,114.178,114.168,114.178,264
2026-05-26T13:07:00+00:00,114.177,114.1675,114.162,114.1785,183
2026-05-26T13:08:00+00:00,114.168,114.171,114.158,114.171,172
2026-05-26T13:09:00+00:00,114.1705,114.176,114.1645,114.179,209
2026-05-26T13:10:00+00:00,114.1755,114.181,114.1705,114.181,210
2026-05-26T13:11:00+00:00,114.1805,114.175,114.1605,114.181,260
2026-05-26T13:12:00+00:00,114.1745,114.173,114.16,114.1755,259
2026-05-26T13:13:00+00:00,114.1725,114.164,114.1635,114.176,219
2026-05-26T13:14:00+00:00,114.1645,114.1795,114.163,114.1805,254
2026-05-26T13:15:00+00:00,114.179,114.178,114.1665,114.18,245
2026-05-26T13:16:00+00:00,114.1775,114.173,114.17,114.179,214
2026-05-26T13:17:00+00:00,114.1725,114.1885,114.17,114.189,166
2026-05-26T13:18:00+00:00,114.189,114.197,114.1885,114.2,247
2026-05-26T13:19:00+00:00,114.1975,114.193,114.192,114.206,265
2026-05-26T13:20:00+00:00,114.192,114.2055,114.188,114.2065,207
2026-05-26T13:21:00+00:00,114.205,114.211,114.204,114.2155,306
2026-05-26T13:22:00+00:00,114.2105,114.217,114.2075,114.217,193
2026-05-26T13:23:00+00:00,114.2165,114.2215,114.2155,114.226,210
2026-05-26T13:24:00+00:00,114.221,114.222,114.215,114.227,247
2026-05-26T13:25:00+00:00,114.2215,114.2075,114.2065,114.2235,179
2026-05-26T13:26:00+00:00,114.2065,114.193,114.1925,114.207,158
2026-05-26T13:27:00+00:00,114.193,114.2015,114.1915,114.202,142
2026-05-26T13:28:00+00:00,114.2005,114.1915,114.1885,114.2005,215
2026-05-26T13:29:00+00:00,114.192,114.1965,114.185,114.2005,308
2026-05-26T13:30:00+00:00,114.197,114.211,114.197,114.2235,542
2026-05-26T13:31:00+00:00,114.2115,114.2045,114.201,114.2135,443
2026-05-26T13:32:00+00:00,114.205,114.193,114.193,114.213,351
2026-05-26T13:33:00+00:00,114.1935,114.1795,114.177,114.1995,361
2026-05-26T13:34:00+00:00,114.178,114.1865,114.178,114.201,393
2026-05-26T13:35:00+00:00,114.186,114.1625,114.1565,114.188,361
2026-05-26T13:36:00+00:00,114.1615,114.177,114.161,114.1815,320
2026-05-26T13:37:00+00:00,114.1765,114.212,114.1765,114.2155,356
2026-05-26T13:38:00+00:00,114.2125,114.207,114.197,114.217,391
2026-05-26T13:39:00+00:00,114.206,114.2015,114.1995,114.207,280
2026-05-26T13:40:00+00:00,114.201,114.203,114.199,114.2185,407
2026-05-26T13:41:00+00:00,114.2035,114.218,114.202,114.2195,318
2026-05-26T13:42:00+00:00,114.2175,114.226,114.21,114.2305,370
2026-05-26T13:43:00+00:00,114.2255,114.2425,114.2245,114.2465,357
2026-05-26T13:44:00+00:00,114.242,114.219,114.218,114.249,392
2026-05-26T13:45:00+00:00,114.22,114.2315,114.22,114.236,380
2026-05-26T13:46:00+00:00,114.231,114.271,114.226,114.2715,357
2026-05-26T13:47:00+00:00,114.2705,114.253,114.249,114.283,402
2026-05-26T13:48:00+00:00,114.2535,114.251,114.247,114.264,378
2026-05-26T13:49:00+00:00,114.2515,114.2555,114.249,114.269,296
2026-05-26T13:50:00+00:00,114.256,114.219,114.2185,114.26,594
2026-05-26T13:51:00+00:00,114.2185,114.1865,114.181,114.2195,761
2026-05-26T13:52:00+00:00,114.1855,114.1975,114.1765,114.2165,615
2026-05-26T13:53:00+00:00,114.197,114.129,114.1025,114.198,995
2026-05-26T13:54:00+00:00,114.1295,114.139,114.1225,114.143,710
2026-05-26T13:55:00+00:00,114.1395,114.1625,114.1365,114.165,619
2026-05-26T13:56:00+00:00,114.163,114.1675,114.152,114.173,409
2026-05-26T13:57:00+00:00,114.168,114.172,114.1665,114.178,431
2026-05-26T13:58:00+00:00,114.1715,114.1725,114.1695,114.1785,171
2026-05-26T13:59:00+00:00,114.172,114.184,114.172,114.1895,229
2026-05-26T14:00:00+00:00,114.1835,114.18,114.164,114.197,447
2026-05-26T14:01:00+00:00,114.1805,114.2075,114.177,114.2135,456
2026-05-26T14:02:00+00:00,114.2085,114.239,114.2075,114.2425,380
2026-05-26T14:03:00+00:00,114.238,114.2565,114.2345,114.2565,496
2026-05-26T14:04:00+00:00,114.256,114.241,114.2395,114.2575,296
2026-05-26T14:05:00+00:00,114.242,114.214,114.21,114.243,609
2026-05-26T14:06:00+00:00,114.213,114.208,114.1975,114.2135,512
2026-05-26T14:07:00+00:00,114.2075,114.2115,114.2045,114.22,395
2026-05-26T14:08:00+00:00,114.211,114.2125,114.1965,114.2165,352
2026-05-26T14:09:00+00:00,114.213,114.204,114.195,114.216,412
2026-05-26T14:10:00+00:00,114.2045,114.221,114.204,114.229,346
2026-05-26T14:11:00+00:00,114.222,114.203,114.201,114.223,301
2026-05-26T14:12:00+00:00,114.202,114.1945,114.194,114.2105,211
2026-05-26T14:13:00+00:00,114.1945,114.209,114.191,114.214,350
2026-05-26T14:14:00+00:00,114.2095,114.2205,114.2015,114.2225,348
2026-05-26T14:15:00+00:00,114.22,114.1965,114.1955,114.2215,327
2026-05-26T14:16:00+00:00,114.196,114.201,114.196,114.2095,291
2026-05-26T14:17:00+00:00,114.2005,114.206,114.1935,114.209,327
2026-05-26T14:18:00+00:00,114.2065,114.213,114.202,114.215,202
2026-05-26T14:19:00+00:00,114.213,114.2,114.1955,114.2135,263
2026-05-26T14:20:00+00:00,114.1995,114.194,114.184,114.2055,290
2026-05-26T14:21:00+00:00,114.1945,114.1955,114.188,114.1985,305
2026-05-26T14:22:00+00:00,114.195,114.2115,114.1905,114.2405,357
2026-05-26T14:23:00+00:00,114.2105,114.1885,114.1835,114.219,333
2026-05-26T14:24:00+00:00,114.189,114.2105,114.189,114.2145,315
2026-05-26T14:25:00+00:00,114.21,114.1965,114.1965,114.2185,392
2026-05-26T14:26:00+00:00,114.196,114.1635,114.1555,114.196,300
2026-05-26T14:27:00+00:00,114.163,114.1565,114.152,114.168,264
2026-05-26T14:28:00+00:00,114.156,114.15,114.1395,114.1615,341
2026-05-26T14:29:00+00:00,114.1495,114.1615,114.14,114.163,289
2026-05-26T14:30:00+00:00,114.162,114.148,114.142,114.1625,303
2026-05-26T14:31:00+00:00,114.1475,114.148,114.1445,114.155,346
2026-05-26T14:32:00+00:00,114.1485,114.1455,114.139,114.157,363
2026-05-26T14:33:00+00:00,114.145,114.1395,114.118,114.145,396
2026-05-26T14:34:00+00:00,114.139,114.1615,114.136,114.1625,343
2026-05-26T14:35:00+00:00,114.161,114.2045,114.161,114.211,469
2026-05-26T14:36:00+00:00,114.204,114.1705,114.166,114.2045,464
2026-05-26T14:37:00+00:00,114.171,114.1685,114.153,114.1735,391
2026-05-26T14:38:00+00:00,114.168,114.161,114.1585,114.171,414
2026-05-26T14:39:00+00:00,114.1615,114.1525,114.1485,114.1665,440
2026-05-26T14:40:00+00:00,114.152,114.167,114.145,114.169,385
2026-05-26T14:41:00+00:00,114.167,114.1635,114.159,114.1805,241
2026-05-26T14:42:00+00:00,114.163,114.18,114.159,114.1865,342
2026-05-26T14:43:00+00:00,114.1805,114.149,114.147,114.1805,274
2026-05-26T14:44:00+00:00,114.1495,114.1685,114.128,114.1695,339
2026-05-26T14:45:00+00:00,114.1695,114.167,114.147,114.1695,385
2026-05-26T14:46:00+00:00,114.166,114.164,114.1515,114.17,340
2026-05-26T14:47:00+00:00,114.1635,114.15,114.15,114.171,336
2026-05-26T14:48:00+00:00,114.1505,114.1665,114.1415,114.171,423
2026-05-26T14:49:00+00:00,114.1655,114.17,114.165,114.174,332
2026-05-26T14:50:00+00:00,114.1705,114.1695,114.1665,114.1795,331
2026-05-26T14:51:00+00:00,114.169,114.169,114.1625,114.176,329
2026-05-26T14:52:00+00:00,114.1695,114.1685,114.1645,114.174,304
2026-05-26T14:53:00+00:00,114.1695,114.178,114.166,114.1795,397
2026-05-26T14:54:00+00:00,114.1785,114.175,114.1695,114.182,351
2026-05-26T14:55:00+00:00,114.174,114.1495,114.1485,114.181,383
2026-05-26T14:56:00+00:00,114.15,114.152,114.1445,114.161,428
2026-05-26T14:57:00+00:00,114.1515,114.176,114.143,114.177,507
2026-05-26T14:58:00+00:00,114.1765,114.196,114.1765,114.1975,452
2026-05-26T14:59:00+00:00,114.1955,114.2035,114.1935,114.2075,423
2026-05-26T15:00:00+00:00,114.2025,114.196,114.185,114.204,362
2026-05-26T15:01:00+00:00,114.1955,114.18,114.175,114.201,439
2026-05-26T15:02:00+00:00,114.1805,114.171,114.1565,114.1825,466
2026-05-26T15:03:00+00:00,114.1715,114.176,114.1615,114.184,488
2026-05-26T15:04:00+00:00,114.1755,114.172,114.164,114.182,314
2026-05-26T15:05:00+00:00,114.1715,114.163,114.157,114.173,406
2026-05-26T15:06:00+00:00,114.163,114.17,114.153,114.17,431
2026-05-26T15:07:00+00:00,114.1695,114.172,114.167,114.1765,399
2026-05-26T15:08:00+00:00,114.173,114.1685,114.166,114.181,490
2026-05-26T15:09:00+00:00,114.1675,114.158,114.1575,114.1705,332
2026-05-26T15:10:00+00:00,114.1575,114.1535,114.151,114.165,291
2026-05-26T15:11:00+00:00,114.153,114.1585,114.153,114.163,327
2026-05-26T15:12:00+00:00,114.158,114.185,114.158,114.1855,207
2026-05-26T15:13:00+00:00,114.186,114.19,114.178,114.193,377
2026-05-26T15:14:00+00:00,114.1895,114.177,114.1745,114.1925,367
2026-05-26T15:15:00+00:00,114.1765,114.175,114.1705,114.184,407
2026-05-26T15:16:00+00:00,114.175,114.1595,114.158,114.1755,267
2026-05-26T15:17:00+00:00,114.16,114.143,114.142,114.164,383
2026-05-26T15:18:00+00:00,114.1425,114.151,114.1355,114.1595,350
2026-05-26T15:19:00+00:00,114.1515,114.145,114.141,114.1635,352
2026-05-26T15:20:00+00:00,114.1445,114.132,114.127,114.15,321
2026-05-26T15:21:00+00:00,114.1315,114.137,114.126,114.141,294
2026-05-26T15:22:00+00:00,114.138,114.132,114.131,114.143,293
2026-05-26T15:23:00+00:00,114.133,114.122,114.119,114.133,215
2026-05-26T15:24:00+00:00,114.121,114.12,114.113,114.1245,317
2026-05-26T15:25:00+00:00,114.1195,114.127,114.119,114.129,262
2026-05-26T15:26:00+00:00,114.128,114.1345,114.1265,114.141,330
2026-05-26T15:27:00+00:00,114.134,114.1245,114.117,114.1375,252
2026-05-26T15:28:00+00:00,114.124,114.126,114.1225,114.146,319
2026-05-26T15:29:00+00:00,114.1265,114.1175,114.116,114.1315,307
2026-05-26T15:30:00+00:00,114.118,114.1255,114.117,114.139,501
2026-05-26T15:31:00+00:00,114.125,114.11,114.109,114.134,373
2026-05-26T15:32:00+00:00,114.1085,114.118,114.103,114.1275,425
2026-05-26T15:33:00+00:00,114.1175,114.1195,114.116,114.1285,323
2026-05-26T15:34:00+00:00,114.1205,114.1075,114.106,114.125,412
2026-05-26T15:35:00+00:00,114.108,114.1025,114.101,114.115,380
2026-05-26T15:36:00+00:00,114.102,114.069,114.068,114.1025,434
2026-05-26T15:37:00+00:00,114.068,114.098,114.0675,114.1,492
2026-05-26T15:38:00+00:00,114.0985,114.105,114.0855,114.1075,371
2026-05-26T15:39:00+00:00,114.1045,114.1225,114.101,114.1245,361
2026-05-26T15:40:00+00:00,114.123,114.113,114.1045,114.1285,426
2026-05-26T15:41:00+00:00,114.1135,114.1205,114.112,114.124,307
2026-05-26T15:42:00+00:00,114.121,114.1205,114.116,114.1325,332
2026-05-26T15:43:00+00:00,114.12,114.128,114.1195,114.1295,323
2026-05-26T15:44:00+00:00,114.1275,114.12,114.119,114.1315,259
2026-05-26T15:45:00+00:00,114.1205,114.132,114.109,114.135,354
2026-05-26T15:46:00+00:00,114.1315,114.119,114.11,114.1315,338
2026-05-26T15:47:00+00:00,114.1185,114.126,114.1165,114.129,312
2026-05-26T15:48:00+00:00,114.127,114.1185,114.117,114.133,366
2026-05-26T15:49:00+00:00,114.118,114.1155,114.1115,114.126,256
2026-05-26T15:50:00+00:00,114.115,114.116,114.1105,114.122,396
2026-05-26T15:51:00+00:00,114.1155,114.1175,114.112,114.1225,343
2026-05-26T15:52:00+00:00,114.118,114.1185,114.109,114.121,261
2026-05-26T15:53:00+00:00,114.118,114.116,114.112,114.1195,244
2026-05-26T15:54:00+00:00,114.1155,114.107,114.0995,114.1175,304
2026-05-26T15:55:00+00:00,114.1055,114.1035,114.101,114.1125,307
2026-05-26T15:56:00+00:00,114.104,114.1015,114.093,114.106,337
2026-05-26T15:57:00+00:00,114.1025,114.111,114.098,114.1115,362
2026-05-26T15:58:00+00:00,114.1105,114.1065,114.1,114.1145,315
2026-05-26T15:59:00+00:00,114.1075,114.1125,114.1035,114.1135,246
2026-05-26T16:00:00+00:00,114.113,114.1075,114.105,114.122,345
2026-05-26T16:01:00+00:00,114.1085,114.114,114.096,114.1175,293
2026-05-26T16:02:00+00:00,114.115,114.119,114.1075,114.12,388
2026-05-26T16:03:00+00:00,114.1195,114.117,114.1135,114.124,265
2026-05-26T16:04:00+00:00,114.1165,114.1165,114.113,114.1195,295
2026-05-26T16:05:00+00:00,114.117,114.1215,114.1155,114.125,201
2026-05-26T16:06:00+00:00,114.1205,114.106,114.104,114.1215,204
2026-05-26T16:07:00+00:00,114.1055,114.112,114.1055,114.1155,140
2026-05-26T16:08:00+00:00,114.1125,114.111,114.1065,114.1175,172
2026-05-26T16:09:00+00:00,114.1115,114.1225,114.1105,114.123,253
2026-05-26T16:10:00+00:00,114.123,114.1185,114.113,114.124,324
2026-05-26T16:11:00+00:00,114.1195,114.1265,114.117,114.1285,215
2026-05-26T16:12:00+00:00,114.1255,114.1195,114.117,114.131,322
2026-05-26T16:13:00+00:00,114.12,114.1245,114.119,114.131,189
2026-05-26T16:14:00+00:00,114.1245,114.126,114.1205,114.1305,204
2026-05-26T16:15:00+00:00,114.1265,114.1325,114.125,114.1395,310
2026-05-26T16:16:00+00:00,114.133,114.136,114.1265,114.1365,241
2026-05-26T16:17:00+00:00,114.135,114.1345,114.1305,114.1415,224
2026-05-26T16:18:00+00:00,114.1355,114.1415,114.134,114.1425,188
2026-05-26T16:19:00+00:00,114.1415,114.155,114.14,114.157,225
2026-05-26T16:20:00+00:00,114.156,114.1565,114.1495,114.157,187
2026-05-26T16:21:00+00:00,114.156,114.1375,114.133,114.1565,159
2026-05-26T16:22:00+00:00,114.1375,114.143,114.133,114.1435,179
2026-05-26T16:23:00+00:00,114.143,114.1445,114.1415,114.15,209
2026-05-26T16:24:00+00:00,114.144,114.146,114.142,114.152,162
2026-05-26T16:25:00+00:00,114.1465,114.1345,114.1255,114.1465,176
2026-05-26T16:26:00+00:00,114.1335,114.1355,114.131,114.1375,190
2026-05-26T16:27:00+00:00,114.136,114.1405,114.1315,114.143,174
2026-05-26T16:28:00+00:00,114.1405,114.143,114.139,114.147,205
2026-05-26T16:29:00+00:00,114.1435,114.15,114.142,114.1505,267
2026-05-26T16:30:00+00:00,114.149,114.158,114.144,114.16,229
2026-05-26T16:31:00+00:00,114.157,114.158,114.1545,114.1585,89
2026-05-26T16:32:00+00:00,114.158,114.1575,114.15,114.16,161
2026-05-26T16:33:00+00:00,114.158,114.1505,114.146,114.159,481
2026-05-26T16:34:00+00:00,114.151,114.1465,114.1425,114.1555,305
2026-05-26T16:35:00+00:00,114.1475,114.1435,114.1415,114.1505,197
2026-05-26T16:36:00+00:00,114.1445,114.1245,114.1225,114.147,280
2026-05-26T16:37:00+00:00,114.125,114.1225,114.1155,114.1295,232
2026-05-26T16:38:00+00:00,114.1235,114.123,114.115,114.125,208
2026-05-26T16:39:00+00:00,114.1225,114.1155,114.115,114.124,223
2026-05-26T16:40:00+00:00,114.1155,114.1085,114.108,114.1195,229
2026-05-26T16:41:00+00:00,114.108,114.1035,114.0985,114.1095,243
2026-05-26T16:42:00+00:00,114.104,114.1055,114.1015,114.1105,180
2026-05-26T16:43:00+00:00,114.105,114.123,114.103,114.132,254
2026-05-26T16:44:00+00:00,114.1225,114.1195,114.1175,114.1265,208
2026-05-26T16:45:00+00:00,114.119,114.118,114.1145,114.124,308
2026-05-26T16:46:00+00:00,114.1175,114.1105,114.108,114.118,269
2026-05-26T16:47:00+00:00,114.1115,114.114,114.1115,114.122,262
2026-05-26T16:48:00+00:00,114.1135,114.105,114.104,114.117,248
2026-05-26T16:49:00+00:00,114.1055,114.11,114.1055,114.1175,208
2026-05-26T16:50:00+00:00,114.1095,114.1185,114.1095,114.124,272
2026-05-26T16:51:00+00:00,114.119,114.115,114.1115,114.12,211
2026-05-26T16:52:00+00:00,114.1155,114.1065,114.1,114.116,229
2026-05-26T16:53:00+00:00,114.105,114.1035,114.0985,114.1075,258
2026-05-26T16:54:00+00:00,114.1045,114.102,114.1015,114.1095,300
2026-05-26T16:55:00+00:00,114.1015,114.1085,114.095,114.1095,302
2026-05-26T16:56:00+00:00,114.109,114.11,114.1075,114.113,212
2026-05-26T16:57:00+00:00,114.1095,114.1115,114.107,114.1155,144
2026-05-26T16:58:00+00:00,114.1125,114.1095,114.107,114.114,171
2026-05-26T16:59:00+00:00,114.1105,114.1105,114.1055,114.1115,167
2026-05-26T17:00:00+00:00,114.111,114.1175,114.1065,114.118,209
2026-05-26T17:01:00+00:00,114.118,114.125,114.1155,114.127,220
2026-05-26T17:02:00+00:00,114.1245,114.1155,114.1115,114.1245,188
2026-05-26T17:03:00+00:00,114.1155,114.1205,114.114,114.1245,189
2026-05-26T17:04:00+00:00,114.12,114.109,114.1085,114.1205,182
2026-05-26T17:05:00+00:00,114.1095,114.11,114.1015,114.1125,182
2026-05-26T17:06:00+00:00,114.1105,114.1135,114.108,114.116,228
2026-05-26T17:07:00+00:00,114.114,114.099,114.097,114.115,223
2026-05-26T17:08:00+00:00,114.0985,114.1025,114.0985,114.1085,218
2026-05-26T17:09:00+00:00,114.103,114.107,114.1015,114.1085,156
2026-05-26T17:10:00+00:00,114.1065,114.1135,114.101,114.1135,232
2026-05-26T17:11:00+00:00,114.1135,114.11,114.107,114.1175,215
2026-05-26T17:12:00+00:00,114.1105,114.1155,114.109,114.1185,222
2026-05-26T17:13:00+00:00,114.1155,114.115,114.113,114.119,253
2026-05-26T17:14:00+00:00,114.115,114.118,114.1145,114.1205,244
2026-05-26T17:15:00+00:00,114.1175,114.122,114.117,114.124,153
2026-05-26T17:16:00+00:00,114.122,114.1245,114.1205,114.128,148
2026-05-26T17:17:00+00:00,114.1255,114.1215,114.1205,114.129,176
2026-05-26T17:18:00+00:00,114.1205,114.1215,114.119,114.1275,190
2026-05-26T17:19:00+00:00,114.1215,114.119,114.117,114.124,117
2026-05-26T17:20:00+00:00,114.1185,114.122,114.1165,114.1245,222
2026-05-26T17:21:00+00:00,114.121,114.127,114.121,114.129,173
2026-05-26T17:22:00+00:00,114.1275,114.1215,114.121,114.13,221
2026-05-26T17:23:00+00:00,114.122,114.1255,114.1195,114.128,256
2026-05-26T17:24:00+00:00,114.126,114.126,114.1195,114.1275,199
2026-05-26T17:25:00+00:00,114.1255,114.1215,114.1205,114.13,247
2026-05-26T17:26:00+00:00,114.1225,114.134,114.1225,114.135,168
2026-05-26T17:27:00+00:00,114.1335,114.1415,114.1305,114.146,147
2026-05-26T17:28:00+00:00,114.1415,114.1305,114.129,114.1425,208
2026-05-26T17:29:00+00:00,114.1315,114.1255,114.1235,114.1355,175
2026-05-26T17:30:00+00:00,114.125,114.122,114.114,114.1265,232
2026-05-26T17:31:00+00:00,114.121,114.1265,114.114,114.1275,217
2026-05-26T17:32:00+00:00,114.126,114.1375,114.126,114.1395,206
2026-05-26T17:33:00+00:00,114.138,114.1355,114.1355,114.1435,227
2026-05-26T17:34:00+00:00,114.135,114.14,114.134,114.1455,198
2026-05-26T17:35:00+00:00,114.1395,114.14,114.1305,114.141,166
2026-05-26T17:36:00+00:00,114.139,114.1345,114.1275,114.139,210
2026-05-26T17:37:00+00:00,114.134,114.1445,114.134,114.1445,211
2026-05-26T17:38:00+00:00,114.144,114.145,114.1365,114.1465,135
2026-05-26T17:39:00+00:00,114.1455,114.136,114.136,114.148,154
2026-05-26T17:40:00+00:00,114.1355,114.13,114.124,114.1365,197
2026-05-26T17:41:00+00:00,114.13,114.1225,114.122,114.1305,209
2026-05-26T17:42:00+00:00,114.1245,114.121,114.1195,114.1245,79
2026-05-26T17:43:00+00:00,114.1215,114.127,114.12,114.129,124
2026-05-26T17:44:00+00:00,114.1265,114.1155,114.115,114.1265,108
2026-05-26T17:45:00+00:00,114.1175,114.1245,114.1135,114.125,154
2026-05-26T17:46:00+00:00,114.1245,114.1155,114.1155,114.1245,144
2026-05-26T17:47:00+00:00,114.1155,114.1245,114.1155,114.131,145
2026-05-26T17:48:00+00:00,114.1255,114.1225,114.121,114.129,147
2026-05-26T17:49:00+00:00,114.1235,114.1305,114.1235,114.134,102
2026-05-26T17:50:00+00:00,114.1315,114.1385,114.13,114.139,184
2026-05-26T17:51:00+00:00,114.139,114.145,114.139,114.1495,125
2026-05-26T17:52:00+00:00,114.146,114.148,114.142,114.1495,156
2026-05-26T17:53:00+00:00,114.1475,114.15,114.144,114.1555,174
2026-05-26T17:54:00+00:00,114.1505,114.147,114.1455,114.152,148
2026-05-26T17:55:00+00:00,114.146,114.1485,114.1435,114.15,134
2026-05-26T17:56:00+00:00,114.148,114.142,114.139,114.1495,209
2026-05-26T17:57:00+00:00,114.1415,114.1465,114.1325,114.1475,191
2026-05-26T17:58:00+00:00,114.146,114.142,114.1385,114.1475,247
2026-05-26T17:59:00+00:00,114.1415,114.1405,114.1395,114.146,216
2026-05-26T18:00:00+00:00,114.14,114.1395,114.1325,114.143,314
2026-05-26T18:01:00+00:00,114.14,114.139,114.1355,114.1445,208
2026-05-26T18:02:00+00:00,114.1395,114.144,114.1375,114.145,211
2026-05-26T18:03:00+00:00,114.1435,114.152,114.142,114.1535,203
2026-05-26T18:04:00+00:00,114.152,114.1535,114.1465,114.154,129
2026-05-26T18:05:00+00:00,114.154,114.156,114.1525,114.1625,221
2026-05-26T18:06:00+00:00,114.1565,114.1625,114.1565,114.1635,105
2026-05-26T18:07:00+00:00,114.163,114.161,114.16,114.1665,111
2026-05-26T18:08:00+00:00,114.1605,114.163,114.1605,114.1685,168
2026-05-26T18:09:00+00:00,114.1635,114.1595,114.156,114.165,194
2026-05-26T18:10:00+00:00,114.161,114.1745,114.159,114.1745,197
2026-05-26T18:11:00+00:00,114.174,114.1765,114.1685,114.178,190
2026-05-26T18:12:00+00:00,114.1765,114.177,114.171,114.183,113
2026-05-26T18:13:00+00:00,114.1775,114.181,114.1715,114.1825,140
2026-05-26T18:14:00+00:00,114.1805,114.176,114.1705,114.181,153
2026-05-26T18:15:00+00:00,114.1765,114.174,114.1735,114.1815,178
2026-05-26T18:16:00+00:00,114.1735,114.168,114.166,114.176,100
2026-05-26T18:17:00+00:00,114.1665,114.174,114.166,114.1765,197
2026-05-26T18:18:00+00:00,114.173,114.1705,114.167,114.175,191
2026-05-26T18:19:00+00:00,114.171,114.1805,114.1695,114.181,126
2026-05-26T18:20:00+00:00,114.18,114.175,114.168,114.181,186
2026-05-26T18:21:00+00:00,114.1755,114.1755,114.166,114.179,185
2026-05-26T18:22:00+00:00,114.175,114.1715,114.171,114.1815,177
2026-05-26T18:23:00+00:00,114.172,114.1805,114.1665,114.1815,276
2026-05-26T18:24:00+00:00,114.18,114.1665,114.164,114.181,157
2026-05-26T18:25:00+00:00,114.166,114.168,114.1655,114.1695,137
2026-05-26T18:26:00+00:00,114.1685,114.1705,114.1635,114.1705,198
2026-05-26T18:27:00+00:00,114.17,114.17,114.1655,114.1715,178
2026-05-26T18:28:00+00:00,114.1695,114.1745,114.1675,114.177,267
2026-05-26T18:29:00+00:00,114.175,114.1855,114.1745,114.1855,111
2026-05-26T18:30:00+00:00,114.186,114.1945,114.186,114.2005,193
2026-05-26T18:31:00+00:00,114.194,114.1975,114.193,114.2015,288
2026-05-26T18:32:00+00:00,114.198,114.194,114.1895,114.1995,282
2026-05-26T18:33:00+00:00,114.1935,114.2005,114.193,114.206,139
2026-05-26T18:34:00+00:00,114.201,114.205,114.192,114.2055,136
2026-05-26T18:35:00+00:00,114.2055,114.198,114.1965,114.207,193
2026-05-26T18:36:00+00:00,114.1985,114.196,114.1925,114.1995,160
2026-05-26T18:37:00+00:00,114.1955,114.192,114.192,114.197,106
2026-05-26T18:38:00+00:00,114.1925,114.1955,114.1925,114.2015,137
2026-05-26T18:39:00+00:00,114.1955,114.1955,114.194,114.2025,159
2026-05-26T18:40:00+00:00,114.196,114.175,114.1735,114.1985,228
2026-05-26T18:41:00+00:00,114.1755,114.176,114.169,114.1765,201
2026-05-26T18:42:00+00:00,114.176,114.18,114.169,114.182,272
2026-05-26T18:43:00+00:00,114.1805,114.19,114.18,114.191,166
2026-05-26T18:44:00+00:00,114.191,114.1935,114.191,114.196,130
2026-05-26T18:45:00+00:00,114.1935,114.19,114.187,114.196,81
2026-05-26T18:46:00+00:00,114.191,114.1915,114.1865,114.1925,60
2026-05-26T18:47:00+00:00,114.1895,114.19,114.1885,114.1945,66
2026-05-26T18:48:00+00:00,114.191,114.191,114.189,114.196,74
2026-05-26T18:49:00+00:00,114.1915,114.194,114.19,114.201,120
2026-05-26T18:50:00+00:00,114.1945,114.2005,114.192,114.204,163
2026-05-26T18:51:00+00:00,114.201,114.2065,114.197,114.2085,163
2026-05-26T18:52:00+00:00,114.207,114.1985,114.197,114.207,151
2026-05-26T18:53:00+00:00,114.199,114.2,114.1965,114.2055,228
2026-05-26T18:54:00+00:00,114.1995,114.206,114.197,114.2065,123
2026-05-26T18:55:00+00:00,114.2075,114.201,114.1985,114.2095,106
2026-05-26T18:56:00+00:00,114.201,114.1995,114.198,114.201,125
2026-05-26T18:57:00+00:00,114.2005,114.219,114.193,114.219,210
2026-05-26T18:58:00+00:00,114.219,114.212,114.21,114.219,209
2026-05-26T18:59:00+00:00,114.211,114.2125,114.21,114.22,245
2026-05-26T19:00:00+00:00,114.213,114.1955,114.194,114.213,265
2026-05-26T19:01:00+00:00,114.1955,114.1925,114.1915,114.1995,258
2026-05-26T19:02:00+00:00,114.193,114.185,114.184,114.197,125
2026-05-26T19:03:00+00:00,114.1855,114.1955,114.1845,114.1965,175
2026-05-26T19:04:00+00:00,114.195,114.1895,114.185,114.1965,167
2026-05-26T19:05:00+00:00,114.19,114.1915,114.186,114.1945,137
2026-05-26T19:06:00+00:00,114.1915,114.1925,114.1905,114.1945,141
2026-05-26T19:07:00+00:00,114.1935,114.1925,114.1915,114.1975,125
2026-05-26T19:08:00+00:00,114.1925,114.1955,114.1905,114.1955,106
2026-05-26T19:09:00+00:00,114.1955,114.1975,114.193,114.1995,70
2026-05-26T19:10:00+00:00,114.198,114.1995,114.197,114.2015,91
2026-05-26T19:11:00+00:00,114.201,114.2045,114.1995,114.208,116
2026-05-26T19:12:00+00:00,114.205,114.1965,114.1965,114.206,151
2026-05-26T19:13:00+00:00,114.196,114.201,114.196,114.206,155
2026-05-26T19:14:00+00:00,114.2015,114.19,114.1895,114.2045,196
2026-05-26T19:15:00+00:00,114.1905,114.185,114.184,114.191,162
2026-05-26T19:16:00+00:00,114.1855,114.1885,114.182,114.1905,110
2026-05-26T19:17:00+00:00,114.189,114.1905,114.187,114.194,194
2026-05-26T19:18:00+00:00,114.191,114.1895,114.1855,114.1915,96
2026-05-26T19:19:00+00:00,114.19,114.1905,114.1845,114.1915,115
2026-05-26T19:20:00+00:00,114.191,114.199,114.19,114.2005,138
2026-05-26T19:21:00+00:00,114.1995,114.191,114.189,114.2005,199
2026-05-26T19:22:00+00:00,114.191,114.1955,114.191,114.196,94
2026-05-26T19:23:00+00:00,114.196,114.2065,114.196,114.208,134
2026-05-26T19:24:00+00:00,114.2065,114.2135,114.2055,114.2145,157
2026-05-26T19:25:00+00:00,114.2125,114.215,114.2065,114.216,105
2026-05-26T19:26:00+00:00,114.2145,114.2145,114.2095,114.2175,79
2026-05-26T19:27:00+00:00,114.2145,114.2085,114.207,114.2155,99
2026-05-26T19:28:00+00:00,114.2085,114.2,114.1995,114.2085,87
2026-05-26T19:29:00+00:00,114.1995,114.203,114.1995,114.207,120
2026-05-26T19:30:00+00:00,114.2025,114.204,114.1965,114.2095,175
2026-05-26T19:31:00+00:00,114.203,114.208,114.2015,114.2095,108
2026-05-26T19:32:00+00:00,114.208,114.2085,114.2015,114.2095,204
2026-05-26T19:33:00+00:00,114.209,114.208,114.205,114.21,126
2026-05-26T19:34:00+00:00,114.2085,114.217,114.2085,114.22,216
2026-05-26T19:35:00+00:00,114.2165,114.21,114.2085,114.217,104
2026-05-26T19:36:00+00:00,114.21,114.216,114.209,114.2185,165
2026-05-26T19:37:00+00:00,114.2155,114.2145,114.2085,114.2165,175
2026-05-26T19:38:00+00:00,114.215,114.2085,114.2045,114.216,226
2026-05-26T19:39:00+00:00,114.2085,114.2105,114.2065,114.2145,151
2026-05-26T19:40:00+00:00,114.21,114.211,114.209,114.2135,97
2026-05-26T19:41:00+00:00,114.2105,114.2145,114.21,114.217,105
2026-05-26T19:42:00+00:00,114.215,114.216,114.214,114.2175,106
2026-05-26T19:43:00+00:00,114.2155,114.22,114.213,114.2205,86
2026-05-26T19:44:00+00:00,114.2205,114.2245,114.2195,114.225,85
2026-05-26T19:45:00+00:00,114.2235,114.222,114.218,114.2245,125
2026-05-26T19:46:00+00:00,114.2225,114.224,114.217,114.2265,109
2026-05-26T19:47:00+00:00,114.2245,114.223,114.2225,114.225,50
2026-05-26T19:48:00+00:00,114.2235,114.2245,114.2215,114.225,59
2026-05-26T19:49:00+00:00,114.2245,114.23,114.2235,114.2305,87
2026-05-26T19:50:00+00:00,114.2305,114.226,114.225,114.2355,163
2026-05-26T19:51:00+00:00,114.2265,114.2185,114.2185,114.23,106
2026-05-26T19:52:00+00:00,114.2185,114.222,114.2165,114.2235,133
2026-05-26T19:53:00+00:00,114.222,114.219,114.218,114.2245,91
2026-05-26T19:54:00+00:00,114.219,114.2205,114.219,114.2245,108
2026-05-26T19:55:00+00:00,114.221,114.223,114.218,114.2285,150
2026-05-26T19:56:00+00:00,114.222,114.21,114.205,114.2245,173
2026-05-26T19:57:00+00:00,114.2085,114.2085,114.204,114.214,169
2026-05-26T19:58:00+00:00,114.209,114.197,114.197,114.2125,229
2026-05-26T19:59:00+00:00,114.1975,114.211,114.1965,114.212,354
2026-05-26T20:00:00+00:00,114.2115,114.204,114.201,114.213,276
2026-05-26T20:01:00+00:00,114.205,114.2135,114.205,114.2155,165
2026-05-26T20:02:00+00:00,114.213,114.2205,114.2115,114.2215,129
2026-05-26T20:03:00+00:00,114.2205,114.221,114.216,114.2215,89
2026-05-26T20:04:00+00:00,114.2205,114.208,114.208,114.221,99
2026-05-26T20:05:00+00:00,114.209,114.2,114.1985,114.2165,101
2026-05-26T20:06:00+00:00,114.201,114.199,114.198,114.201,32
2026-05-26T20:07:00+00:00,114.199,114.1985,114.197,114.1995,13
2026-05-26T20:08:00+00:00,114.1985,114.1975,114.1955,114.199,42
2026-05-26T20:09:00+00:00,114.1975,114.189,114.189,114.1975,44
2026-05-26T20:10:00+00:00,114.1895,114.196,114.1885,114.1965,46
2026-05-26T20:11:00+00:00,114.1975,114.199,114.1925,114.2005,35
2026-05-26T20:12:00+00:00,114.1995,114.197,114.197,114.2005,30
2026-05-26T20:13:00+00:00,114.197,114.197,114.196,114.1975,11
2026-05-26T20:14:00+00:00,114.1965,114.1945,114.1935,114.199,31
2026-05-26T20:15:00+00:00,114.1945,114.197,114.1925,114.198,53
2026-05-26T20:16:00+00:00,114.197,114.193,114.1925,114.1975,37
2026-05-26T20:17:00+00:00,114.1935,114.191,114.1905,114.195,50
2026-05-26T20:18:00+00:00,114.1915,114.191,114.19,114.193,38
2026-05-26T20:19:00+00:00,114.191,114.1915,114.19,114.193,25
2026-05-26T20:20:00+00:00,114.193,114.193,114.1905,114.1955,23
2026-05-26T20:21:00+00:00,114.193,114.192,114.1905,114.193,20
2026-05-26T20:22:00+00:00,114.192,114.1905,114.1895,114.193,22
2026-05-26T20:23:00+00:00,114.1905,114.1905,114.19,114.192,34
2026-05-26T20:24:00+00:00,114.1905,114.195,114.1905,114.1995,36
2026-05-26T20:25:00+00:00,114.1945,114.1975,114.194,114.198,40
2026-05-26T20:26:00+00:00,114.198,114.2005,114.198,114.201,45
2026-05-26T20:27:00+00:00,114.2005,114.1985,114.1965,114.206,47
2026-05-26T20:28:00+00:00,114.1985,114.1995,114.198,114.201,74
2026-05-26T20:29:00+00:00,114.2005,114.1915,114.1915,114.201,152
2026-05-26T20:30:00+00:00,114.191,114.1965,114.19,114.197,42
2026-05-26T20:31:00+00:00,114.1965,114.196,114.194,114.1995,81
2026-05-26T20:32:00+00:00,114.196,114.2075,114.196,114.209,52
2026-05-26T20:33:00+00:00,114.207,114.201,114.201,114.2095,49
2026-05-26T20:34:00+00:00,114.201,114.2,114.199,114.2025,11
2026-05-26T20:35:00+00:00,114.2,114.201,114.1995,114.2025,39
2026-05-26T20:36:00+00:00,114.2005,114.2075,114.2005,114.2075,31
2026-05-26T20:37:00+00:00,114.208,114.2115,114.2075,114.2115,42
2026-05-26T20:38:00+00:00,114.21,114.2125,114.207,114.2125,56
2026-05-26T20:39:00+00:00,114.213,114.2075,114.2055,114.2135,66
2026-05-26T20:40:00+00:00,114.207,114.213,114.2065,114.213,80
2026-05-26T20:41:00+00:00,114.213,114.2105,114.2095,114.213,24
2026-05-26T20:42:00+00:00,114.21,114.207,114.2035,114.21,119
2026-05-26T20:43:00+00:00,114.2065,114.203,114.202,114.2085,203
2026-05-26T20:44:00+00:00,114.204,114.201,114.198,114.204,26
2026-05-26T20:45:00+00:00,114.2015,114.1985,114.196,114.2015,64
2026-05-26T20:46:00+00:00,114.1985,114.197,114.196,114.1985,82
2026-05-26T20:47:00+00:00,114.1975,114.197,114.1965,114.1985,30
2026-05-26T20:48:00+00:00,114.197,114.1965,114.1895,114.197,51
2026-05-26T20:49:00+00:00,114.197,114.1935,114.193,114.1975,56
2026-05-26T20:50:00+00:00,114.193,114.1735,114.172,114.1945,164
2026-05-26T20:51:00+00:00,114.174,114.173,114.164,114.176,89
2026-05-26T20:52:00+00:00,114.173,114.175,114.1725,114.176,95
2026-05-26T20:53:00+00:00,114.174,114.174,114.17,114.176,90
2026-05-26T20:54:00+00:00,114.1735,114.1795,114.1705,114.181,98
2026-05-26T20:55:00+00:00,114.1785,114.1825,114.173,114.183,76
2026-05-26T20:56:00+00:00,114.1825,114.174,114.17,114.1825,103
2026-05-26T20:57:00+00:00,114.174,114.1725,114.1705,114.1765,50
2026-05-26T20:58:00+00:00,114.172,114.176,114.172,114.179,104
2026-05-26T20:59:00+00:00,114.1755,114.1935,114.1645,114.1965,159
2026-05-26T21:00:00+00:00,114.196,114.209,114.195,114.2395,57
2026-05-26T21:01:00+00:00,114.211,114.2095,114.209,114.211,25
2026-05-26T21:02:00+00:00,114.21,114.2095,114.2095,114.21,26
2026-05-26T21:03:00+00:00,114.2095,114.2095,114.2095,114.2095,22
2026-05-26T21:04:00+00:00,114.2095,114.209,114.205,114.215,27
2026-05-26T21:05:00+00:00,114.209,114.209,114.2055,114.209,85
2026-05-26T21:06:00+00:00,114.208,114.209,114.2065,114.2195,242
2026-05-26T21:07:00+00:00,114.208,114.21,114.208,114.2195,297
2026-05-26T21:08:00+00:00,114.2135,114.2105,114.209,114.218,273
2026-05-26T21:09:00+00:00,114.211,114.211,114.208,114.22,263
2026-05-26T21:10:00+00:00,114.2145,114.222,114.208,114.222,208
2026-05-26T21:11:00+00:00,114.217,114.2215,114.217,114.236,63
2026-05-26T21:12:00+00:00,114.2215,114.2295,114.2215,114.2305,66
2026-05-26T21:13:00+00:00,114.2305,114.2255,114.2255,114.247,78
2026-05-26T21:14:00+00:00,114.2255,114.182,114.182,114.227,20
2026-05-26T21:15:00+00:00,114.1815,114.2,114.162,114.2205,45
2026-05-26T21:16:00+00:00,114.2035,114.198,114.198,114.2075,6
2026-05-26T21:17:00+00:00,114.198,114.17,114.1695,114.198,27
2026-05-26T21:18:00+00:00,114.17,114.203,114.161,114.2045,35
2026-05-26T21:19:00+00:00,114.203,114.2085,114.203,114.2095,20
2026-05-26T21:20:00+00:00,114.2085,114.2095,114.208,114.235,52
2026-05-26T21:21:00+00:00,114.2095,114.211,114.2085,114.213,10
2026-05-26T21:22:00+00:00,114.211,114.2085,114.2085,114.2125,8
2026-05-26T21:23:00+00:00,114.2085,114.209,114.2085,114.209,1
2026-05-26T21:24:00+00:00,114.209,114.1915,114.1915,114.2355,15
2026-05-26T21:25:00+00:00,114.1915,114.1875,114.187,114.1915,4
2026-05-26T21:26:00+00:00,114.1875,114.187,114.187,114.192,14
2026-05-26T21:27:00+00:00,114.187,114.187,114.1865,114.187,2
2026-05-26T21:28:00+00:00,114.187,114.187,114.187,114.187,0
2026-05-26T21:29:00+00:00,114.187,114.2015,114.187,114.2015,2
2026-05-26T21:30:00+00:00,114.2015,114.1865,114.1865,114.2015,1
2026-05-26T21:31:00+00:00,114.1865,114.186,114.186,114.189,3
2026-05-26T21:32:00+00:00,114.186,114.19,114.1855,114.1905,4
2026-05-26T21:33:00+00:00,114.19,114.202,114.19,114.2025,2
2026-05-26T21:34:00+00:00,114.202,114.2025,114.202,114.2025,3
2026-05-26T21:35:00+00:00,114.2025,114.203,114.202,114.203,4
2026-05-26T21:36:00+00:00,114.203,114.194,114.188,114.2035,13
2026-05-26T21:37:00+00:00,114.194,114.1935,114.192,114.196,8
2026-05-26T21:38:00+00:00,114.1935,114.197,114.1935,114.2005,10
2026-05-26T21:39:00+00:00,114.197,114.2005,114.197,114.2005,1
2026-05-26T21:40:00+00:00,114.2005,114.198,114.198,114.202,3
2026-05-26T21:41:00+00:00,114.198,114.196,114.194,114.2025,6
2026-05-26T21:42:00+00:00,114.196,114.1905,114.1905,114.199,6
2026-05-26T21:43:00+00:00,114.1905,114.1905,114.1905,114.1905,0
2026-05-26T21:44:00+00:00,114.1905,114.187,114.187,114.194,3
2026-05-26T21:45:00+00:00,114.187,114.19,114.187,114.1945,6
2026-05-26T21:46:00+00:00,114.19,114.185,114.1845,114.19,4
2026-05-26T21:47:00+00:00,114.185,114.1815,114.181,114.185,9
2026-05-26T21:48:00+00:00,114.1815,114.1815,114.181,114.1835,4
2026-05-26T21:49:00+00:00,114.1815,114.181,114.1745,114.185,21
2026-05-26T21:50:00+00:00,114.181,114.181,114.178,114.183,11
2026-05-26T21:51:00+00:00,114.181,114.1825,114.1795,114.1845,11
2026-05-26T21:52:00+00:00,114.1825,114.1825,114.1825,114.1825,0
2026-05-26T21:53:00+00:00,114.1825,114.181,114.1795,114.1825,6
2026-05-26T21:54:00+00:00,114.181,114.181,114.1805,114.1825,6
2026-05-26T21:55:00+00:00,114.181,114.1825,114.1795,114.1845,26
2026-05-26T21:56:00+00:00,114.1825,114.182,114.182,114.183,2
2026-05-26T21:57:00+00:00,114.182,114.1845,114.182,114.185,16
2026-05-26T21:58:00+00:00,114.1845,114.1845,114.1845,114.186,4
2026-05-26T21:59:00+00:00,114.1845,114.1565,114.1535,114.1855,62
2026-05-26T22:00:00+00:00,114.156,114.177,114.1555,114.186,103
2026-05-26T22:01:00+00:00,114.1745,114.1765,114.168,114.183,140
2026-05-26T22:02:00+00:00,114.1785,114.1755,114.1725,114.1815,35
2026-05-26T22:03:00+00:00,114.1755,114.174,114.174,114.1785,19
2026-05-26T22:04:00+00:00,114.174,114.1735,114.1705,114.18,39
2026-05-26T22:05:00+00:00,114.174,114.1765,114.1665,114.178,89
2026-05-26T22:06:00+00:00,114.178,114.1775,114.17,114.179,22
2026-05-26T22:07:00+00:00,114.1775,114.1715,114.1715,114.1785,31
2026-05-26T22:08:00+00:00,114.172,114.1645,114.163,114.179,68
2026-05-26T22:09:00+00:00,114.1645,114.1685,114.1645,114.172,53
2026-05-26T22:10:00+00:00,114.169,114.1665,114.1625,114.1745,197
2026-05-26T22:11:00+00:00,114.1665,114.1585,114.156,114.1695,142
2026-05-26T22:12:00+00:00,114.1585,114.1705,114.158,114.173,121
2026-05-26T22:13:00+00:00,114.1705,114.1685,114.167,114.173,71
2026-05-26T22:14:00+00:00,114.1695,114.168,114.1665,114.1725,77
2026-05-26T22:15:00+00:00,114.169,114.1725,114.1675,114.1735,35
2026-05-26T22:16:00+00:00,114.1725,114.1705,114.1665,114.1725,49
2026-05-26T22:17:00+00:00,114.1705,114.17,114.169,114.172,29
2026-05-26T22:18:00+00:00,114.17,114.175,114.17,114.176,42
2026-05-26T22:19:00+00:00,114.175,114.1795,114.175,114.18,49
2026-05-26T22:20:00+00:00,114.18,114.1795,114.1775,114.182,58
2026-05-26T22:21:00+00:00,114.1795,114.1745,114.1745,114.1795,42
2026-05-26T22:22:00+00:00,114.1735,114.1745,114.173,114.1785,40
2026-05-26T22:23:00+00:00,114.1745,114.177,114.1735,114.1835,60
2026-05-26T22:24:00+00:00,114.1765,114.177,114.1725,114.178,27
2026-05-26T22:25:00+00:00,114.177,114.171,114.171,114.182,63
2026-05-26T22:26:00+00:00,114.171,114.171,114.17,114.177,14
2026-05-26T22:27:00+00:00,114.171,114.1735,114.171,114.177,37
2026-05-26T22:28:00+00:00,114.174,114.174,114.17,114.176,49
2026-05-26T22:29:00+00:00,114.174,114.1655,114.164,114.174,60
2026-05-26T22:30:00+00:00,114.164,114.1665,114.163,114.169,73
2026-05-26T22:31:00+00:00,114.1685,114.172,114.166,114.1725,68
2026-05-26T22:32:00+00:00,114.172,114.1735,114.172,114.1775,62
2026-05-26T22:33:00+00:00,114.174,114.1725,114.171,114.1745,28
2026-05-26T22:34:00+00:00,114.172,114.1725,114.172,114.1795,45
2026-05-26T22:35:00+00:00,114.1725,114.178,114.1725,114.1805,51
2026-05-26T22:36:00+00:00,114.178,114.1725,114.171,114.178,45
2026-05-26T22:37:00+00:00,114.172,114.171,114.1645,114.1725,25
2026-05-26T22:38:00+00:00,114.171,114.1645,114.1625,114.171,49
2026-05-26T22:39:00+00:00,114.1655,114.1715,114.1645,114.174,63
2026-05-26T22:40:00+00:00,114.172,114.179,114.172,114.18,71
2026-05-26T22:41:00+00:00,114.179,114.1775,114.177,114.1795,39
2026-05-26T22:42:00+00:00,114.1785,114.1775,114.1745,114.1785,45
2026-05-26T22:43:00+00:00,114.1765,114.178,114.176,114.1785,36
2026-05-26T22:44:00+00:00,114.178,114.171,114.1695,114.178,30
2026-05-26T22:45:00+00:00,114.171,114.17,114.1695,114.173,29
2026-05-26T22:46:00+00:00,114.1695,114.162,114.162,114.1705,72
2026-05-26T22:47:00+00:00,114.1625,114.163,114.162,114.1645,30
2026-05-26T22:48:00+00:00,114.1625,114.1545,114.153,114.164,67
2026-05-26T22:49:00+00:00,114.1545,114.1525,114.1515,114.1545,20
2026-05-26T22:50:00+00:00,114.152,114.1605,114.152,114.161,44
2026-05-26T22:51:00+00:00,114.1595,114.1595,114.159,114.1605,22
2026-05-26T22:52:00+00:00,114.16,114.16,114.158,114.1605,30
2026-05-26T22:53:00+00:00,114.1595,114.1525,114.1515,114.1595,102
2026-05-26T22:54:00+00:00,114.152,114.1525,114.15,114.1545,41
2026-05-26T22:55:00+00:00,114.152,114.153,114.1515,114.153,13
2026-05-26T22:56:00+00:00,114.153,114.168,114.153,114.1705,59
2026-05-26T22:57:00+00:00,114.1675,114.167,114.1625,114.168,69
2026-05-26T22:58:00+00:00,114.1675,114.165,114.163,114.168,39
2026-05-26T22:59:00+00:00,114.165,114.1525,114.1515,114.165,109
2026-05-26T23:00:00+00:00,114.1515,114.167,114.1495,114.168,133
2026-05-26T23:01:00+00:00,114.1665,114.15,114.15,114.1665,111
2026-05-26T23:02:00+00:00,114.1505,114.1545,114.1485,114.1585,57
2026-05-26T23:03:00+00:00,114.155,114.153,114.1515,114.1595,55
2026-05-26T23:04:00+00:00,114.1525,114.152,114.152,114.153,15
2026-05-26T23:05:00+00:00,114.1525,114.152,114.151,114.157,35
2026-05-26T23:06:00+00:00,114.1525,114.1595,114.152,114.168,70
2026-05-26T23:07:00+00:00,114.1595,114.163,114.153,114.163,47
2026-05-26T23:08:00+00:00,114.1625,114.1625,114.1605,114.163,33
2026-05-26T23:09:00+00:00,114.1625,114.1675,114.159,114.1675,64
2026-05-26T23:10:00+00:00,114.167,114.166,114.166,114.1685,37
2026-05-26T23:11:00+00:00,114.1675,114.1675,114.167,114.17,45
2026-05-26T23:12:00+00:00,114.1665,114.167,114.1655,114.1675,12
2026-05-26T23:13:00+00:00,114.1665,114.163,114.162,114.1675,16
2026-05-26T23:14:00+00:00,114.1625,114.1595,114.159,114.1635,21
2026-05-26T23:15:00+00:00,114.1585,114.161,114.1585,114.161,22
2026-05-26T23:16:00+00:00,114.161,114.161,114.159,114.166,53
2026-05-26T23:17:00+00:00,114.1615,114.1585,114.158,114.1615,16
2026-05-26T23:18:00+00:00,114.158,114.16,114.158,114.1615,34
2026-05-26T23:19:00+00:00,114.1605,114.17,114.1605,114.17,47
2026-05-26T23:20:00+00:00,114.169,114.167,114.1655,114.169,28
2026-05-26T23:21:00+00:00,114.167,114.167,114.161,114.1705,89
2026-05-26T23:22:00+00:00,114.167,114.1675,114.1665,114.1685,34
2026-05-26T23:23:00+00:00,114.167,114.1655,114.1645,114.168,40
2026-05-26T23:24:00+00:00,114.164,114.166,114.158,114.1695,70
2026-05-26T23:25:00+00:00,114.166,114.1585,114.158,114.1665,56
2026-05-26T23:26:00+00:00,114.158,114.1615,114.1575,114.163,58
2026-05-26T23:27:00+00:00,114.1615,114.182,114.1615,114.1825,84
2026-05-26T23:28:00+00:00,114.1825,114.1785,114.175,114.1845,94
2026-05-26T23:29:00+00:00,114.1775,114.1815,114.1775,114.1865,73
2026-05-26T23:30:00+00:00,114.181,114.1965,114.179,114.1975,84
2026-05-26T23:31:00+00:00,114.1965,114.1895,114.1875,114.1975,45
2026-05-26T23:32:00+00:00,114.1895,114.192,114.1885,114.1935,47
2026-05-26T23:33:00+00:00,114.192,114.1995,114.1905,114.2025,66
2026-05-26T23:34:00+00:00,114.2,114.1995,114.1965,114.203,101
2026-05-26T23:35:00+00:00,114.1995,114.1955,114.1955,114.1995,35
2026-05-26T23:36:00+00:00,114.195,114.196,114.195,114.1965,48
2026-05-26T23:37:00+00:00,114.196,114.1975,114.1955,114.199,29
2026-05-26T23:38:00+00:00,114.1965,114.2045,114.1965,114.2085,55
2026-05-26T23:39:00+00:00,114.205,114.206,114.204,114.2085,40
2026-05-26T23:40:00+00:00,114.206,114.205,114.2045,114.206,11
2026-05-26T23:41:00+00:00,114.2045,114.2045,114.2045,114.211,47
2026-05-26T23:42:00+00:00,114.2045,114.2035,114.2025,114.2055,34
2026-05-26T23:43:00+00:00,114.2035,114.2115,114.202,114.2125,73
2026-05-26T23:44:00+00:00,114.212,114.2155,114.21,114.217,70
2026-05-26T23:45:00+00:00,114.215,114.2175,114.21,114.228,198
2026-05-26T23:46:00+00:00,114.218,114.213,114.2065,114.218,128
2026-05-26T23:47:00+00:00,114.2135,114.2085,114.203,114.2135,127
2026-05-26T23:48:00+00:00,114.2085,114.2205,114.208,114.221,76
2026-05-26T23:49:00+00:00,114.22,114.194,114.194,114.2215,98
2026-05-26T23:50:00+00:00,114.192,114.195,114.1865,114.1965,127
2026-05-26T23:51:00+00:00,114.1955,114.1985,114.195,114.1985,49
2026-05-26T23:52:00+00:00,114.1985,114.194,114.194,114.216,113
2026-05-26T23:53:00+00:00,114.194,114.1875,114.187,114.195,45
2026-05-26T23:54:00+00:00,114.188,114.1985,114.188,114.2005,97
2026-05-26T23:55:00+00:00,114.1995,114.1935,114.1925,114.2035,160
2026-05-26T23:56:00+00:00,114.194,114.1985,114.191,114.2025,173
2026-05-26T23:57:00+00:00,114.198,114.1975,114.192,114.1995,160
2026-05-26T23:58:00+00:00,114.198,114.1935,114.1895,114.199,112
2026-05-26T23:59:00+00:00,114.1935,114.195,114.1905,114.1965,177
2026-05-27T00:00:00+00:00,114.1945,114.195,114.183,114.2045,523
2026-05-27T00:01:00+00:00,114.1955,114.1905,114.1845,114.205,314
2026-05-27T00:02:00+00:00,114.19,114.192,114.184,114.1985,265
2026-05-27T00:03:00+00:00,114.1925,114.182,114.178,114.193,318
2026-05-27T00:04:00+00:00,114.183,114.18,114.179,114.1895,225
2026-05-27T00:05:00+00:00,114.18,114.176,114.174,114.1855,238
2026-05-27T00:06:00+00:00,114.1765,114.175,114.171,114.186,356
2026-05-27T00:07:00+00:00,114.1745,114.1665,114.1645,114.1825,308
2026-05-27T00:08:00+00:00,114.1675,114.169,114.167,114.1835,307
2026-05-27T00:09:00+00:00,114.1695,114.159,114.1535,114.1705,324
2026-05-27T00:10:00+00:00,114.1595,114.152,114.146,114.16,285
2026-05-27T00:11:00+00:00,114.1525,114.1445,114.1385,114.155,301
2026-05-27T00:12:00+00:00,114.145,114.1765,114.142,114.1765,386
2026-05-27T00:13:00+00:00,114.176,114.183,114.176,114.1875,208
2026-05-27T00:14:00+00:00,114.1835,114.1855,114.182,114.1895,160
2026-05-27T00:15:00+00:00,114.186,114.1745,114.1745,114.1905,245
2026-05-27T00:16:00+00:00,114.1755,114.184,114.1735,114.1865,410
2026-05-27T00:17:00+00:00,114.1845,114.1845,114.178,114.189,449
2026-05-27T00:18:00+00:00,114.1835,114.179,114.1785,114.1865,232
2026-05-27T00:19:00+00:00,114.1795,114.1705,114.1705,114.181,271
2026-05-27T00:20:00+00:00,114.171,114.159,114.1535,114.1735,421
2026-05-27T00:21:00+00:00,114.1595,114.1635,114.1575,114.1745,360
2026-05-27T00:22:00+00:00,114.1625,114.1625,114.16,114.1715,140
2026-05-27T00:23:00+00:00,114.163,114.1775,114.161,114.18,245
2026-05-27T00:24:00+00:00,114.178,114.1745,114.173,114.19,364
2026-05-27T00:25:00+00:00,114.175,114.177,114.1715,114.18,159
2026-05-27T00:26:00+00:00,114.177,114.1815,114.175,114.1845,179
2026-05-27T00:27:00+00:00,114.182,114.2035,114.182,114.2045,331
2026-05-27T00:28:00+00:00,114.203,114.2225,114.1975,114.2225,276
2026-05-27T00:29:00+00:00,114.223,114.226,114.217,114.23,316
2026-05-27T00:30:00+00:00,114.2255,114.229,114.2205,114.232,249
2026-05-27T00:31:00+00:00,114.229,114.238,114.2255,114.251,258
2026-05-27T00:32:00+00:00,114.2385,114.2485,114.2365,114.251,132
2026-05-27T00:33:00+00:00,114.248,114.2625,114.2435,114.2635,173
2026-05-27T00:34:00+00:00,114.263,114.266,114.26,114.269,148
2026-05-27T00:35:00+00:00,114.266,114.27,114.263,114.2715,154
2026-05-27T00:36:00+00:00,114.2705,114.273,114.2565,114.2755,190
2026-05-27T00:37:00+00:00,114.2725,114.2765,114.269,114.284,229
2026-05-27T00:38:00+00:00,114.277,114.27,114.2655,114.2845,285
2026-05-27T00:39:00+00:00,114.2695,114.27,114.265,114.2805,244
2026-05-27T00:40:00+00:00,114.2705,114.2695,114.267,114.2795,243
2026-05-27T00:41:00+00:00,114.269,114.2685,114.265,114.276,187
2026-05-27T00:42:00+00:00,114.2675,114.28,114.267,114.2805,107
2026-05-27T00:43:00+00:00,114.279,114.2805,114.2705,114.2815,105
2026-05-27T00:44:00+00:00,114.28,114.2855,114.2785,114.287,99
2026-05-27T00:45:00+00:00,114.285,114.295,114.285,114.3045,333
2026-05-27T00:46:00+00:00,114.294,114.301,114.291,114.3025,187
2026-05-27T00:47:00+00:00,114.3015,114.3095,114.2995,114.3125,117
2026-05-27T00:48:00+00:00,114.309,114.31,114.3015,114.3145,191
2026-05-27T00:49:00+00:00,114.3105,114.312,114.3055,114.315,140
2026-05-27T00:50:00+00:00,114.3125,114.3195,114.3115,114.3235,231
2026-05-27T00:51:00+00:00,114.32,114.3275,114.315,114.33,298
2026-05-27T00:52:00+00:00,114.328,114.327,114.323,114.336,315
2026-05-27T00:53:00+00:00,114.3265,114.325,114.3245,114.339,391
2026-05-27T00:54:00+00:00,114.3245,114.322,114.3195,114.3545,796
2026-05-27T00:55:00+00:00,114.3225,114.3275,114.302,114.3325,391
2026-05-27T00:56:00+00:00,114.328,114.3175,114.3155,114.328,195
2026-05-27T00:57:00+00:00,114.3185,114.2935,114.2935,114.3255,272
2026-05-27T00:58:00+00:00,114.294,114.273,114.2595,114.2975,419
2026-05-27T00:59:00+00:00,114.2735,114.2955,114.271,114.2965,291
2026-05-27T01:00:00+00:00,114.2945,114.3035,114.2875,114.3105,447
2026-05-27T01:01:00+00:00,114.3025,114.285,114.2835,114.3025,429
2026-05-27T01:02:00+00:00,114.2865,114.283,114.2805,114.2925,392
2026-05-27T01:03:00+00:00,114.2835,114.2835,114.275,114.2935,202
2026-05-27T01:04:00+00:00,114.283,114.2735,114.269,114.283,186
2026-05-27T01:05:00+00:00,114.273,114.262,114.25,114.2735,237
2026-05-27T01:06:00+00:00,114.2625,114.265,114.256,114.269,232
2026-05-27T01:07:00+00:00,114.2655,114.2625,114.2615,114.273,187
2026-05-27T01:08:00+00:00,114.262,114.2555,114.248,114.265,218
2026-05-27T01:09:00+00:00,114.255,114.2615,114.2525,114.2625,289
2026-05-27T01:10:00+00:00,114.262,114.29,114.262,114.2915,264
2026-05-27T01:11:00+00:00,114.2895,114.27,114.27,114.29,202
2026-05-27T01:12:00+00:00,114.2695,114.278,114.269,114.2785,141
2026-05-27T01:13:00+00:00,114.2775,114.2835,114.2725,114.2845,154
2026-05-27T01:14:00+00:00,114.284,114.286,114.283,114.2905,127
2026-05-27T01:15:00+00:00,114.2855,114.28,114.271,114.286,305
2026-05-27T01:16:00+00:00,114.2805,114.277,114.277,114.2855,260
2026-05-27T01:17:00+00:00,114.278,114.2935,114.2725,114.294,260
2026-05-27T01:18:00+00:00,114.293,114.2985,114.29,114.3015,252
2026-05-27T01:19:00+00:00,114.299,114.2865,114.2855,114.2995,283
2026-05-27T01:20:00+00:00,114.287,114.2865,114.2795,114.2895,204
2026-05-27T01:21:00+00:00,114.286,114.2915,114.286,114.303,264
2026-05-27T01:22:00+00:00,114.2925,114.2945,114.2855,114.296,226
2026-05-27T01:23:00+00:00,114.2955,114.299,114.293,114.3005,216
2026-05-27T01:24:00+00:00,114.298,114.287,114.286,114.3045,244
2026-05-27T01:25:00+00:00,114.2865,114.285,114.279,114.292,142
2026-05-27T01:26:00+00:00,114.285,114.268,114.265,114.2855,125
2026-05-27T01:27:00+00:00,114.268,114.2695,114.2555,114.2705,195
2026-05-27T01:28:00+00:00,114.2695,114.274,114.2635,114.276,228
2026-05-27T01:29:00+00:00,114.2745,114.284,114.2745,114.288,273
2026-05-27T01:30:00+00:00,114.2855,114.0935,114.057,114.2855,998
2026-05-27T01:31:00+00:00,114.0955,113.9985,113.995,114.0975,670
2026-05-27T01:32:00+00:00,113.998,114.048,113.962,114.054,635
2026-05-27T01:33:00+00:00,114.0485,114.009,114.001,114.0515,787
2026-05-27T01:34:00+00:00,114.0095,113.9775,113.9725,114.0405,604
2026-05-27T01:35:00+00:00,113.977,114.0155,113.9735,114.0175,525
2026-05-27T01:36:00+00:00,114.016,114.0105,114.0105,114.0325,409
2026-05-27T01:37:00+00:00,114.0115,114.066,114.0005,114.0665,393
2026-05-27T01:38:00+00:00,114.0665,114.0245,114.02,114.076,288
2026-05-27T01:39:00+00:00,114.025,113.9975,113.986,114.0295,454
2026-05-27T01:40:00+00:00,113.998,114.034,113.998,114.035,392
2026-05-27T01:41:00+00:00,114.034,114.0475,114.03,114.059,277
2026-05-27T01:42:00+00:00,114.0485,114.0625,114.0475,114.0705,286
2026-05-27T01:43:00+00:00,114.063,114.061,114.0525,114.0665,265
2026-05-27T01:44:00+00:00,114.0615,114.068,114.046,114.0695,253
2026-05-27T01:45:00+00:00,114.0685,114.055,114.051,114.07,251
2026-05-27T01:46:00+00:00,114.0555,113.995,113.9935,114.0555,214
2026-05-27T01:47:00+00:00,113.9955,113.9795,113.979,113.997,234
2026-05-27T01:48:00+00:00,113.979,114.0085,113.979,114.01,310
2026-05-27T01:49:00+00:00,114.009,114.0195,113.997,114.0245,223
2026-05-27T01:50:00+00:00,114.019,113.9985,113.997,114.02,241
2026-05-27T01:51:00+00:00,113.9985,113.9905,113.9885,114.0035,235
2026-05-27T01:52:00+00:00,113.991,113.9745,113.966,113.991,424
2026-05-27T01:53:00+00:00,113.9745,113.965,113.958,113.9905,398
2026-05-27T01:54:00+00:00,113.9665,113.967,113.958,113.985,368
2026-05-27T01:55:00+00:00,113.963,113.9575,113.9385,113.9655,369
2026-05-27T01:56:00+00:00,113.957,113.9775,113.956,113.9835,167
2026-05-27T01:57:00+00:00,113.977,113.959,113.9515,113.9855,286
2026-05-27T01:58:00+00:00,113.958,114.0025,113.958,114.0055,352
2026-05-27T01:59:00+00:00,114.0015,114.009,113.9885,114.0115,355
2026-05-27T02:00:00+00:00,114.0095,114.0185,113.987,114.056,981
2026-05-27T02:01:00+00:00,114.018,114.039,114.013,114.0605,748
2026-05-27T02:02:00+00:00,114.0375,113.9985,113.996,114.0525,723
2026-05-27T02:03:00+00:00,113.998,114.032,113.977,114.0385,695
2026-05-27T02:04:00+00:00,114.0335,114.0425,114.0215,114.055,620
2026-05-27T02:05:00+00:00,114.042,114.0475,114.021,114.0495,545
2026-05-27T02:06:00+00:00,114.048,114.048,114.0395,114.08,568
2026-05-27T02:07:00+00:00,114.0485,114.072,114.0305,114.073,558
2026-05-27T02:08:00+00:00,114.0725,114.089,114.0715,114.101,327
2026-05-27T02:09:00+00:00,114.0895,114.1005,114.088,114.106,301
2026-05-27T02:10:00+00:00,114.1,114.088,114.0865,114.1105,299
2026-05-27T02:11:00+00:00,114.0885,114.089,114.071,114.0955,289
2026-05-27T02:12:00+00:00,114.088,114.0745,114.0735,114.1,304
2026-05-27T02:13:00+00:00,114.073,114.0595,114.056,114.079,307
2026-05-27T02:14:00+00:00,114.06,114.062,114.048,114.064,287
2026-05-27T02:15:00+00:00,114.0615,114.0515,114.0475,114.0645,289
2026-05-27T02:16:00+00:00,114.051,114.057,114.0505,114.059,229
2026-05-27T02:17:00+00:00,114.0575,114.056,114.047,114.0625,146
2026-05-27T02:18:00+00:00,114.0555,114.046,114.04,114.0555,282
2026-05-27T02:19:00+00:00,114.0465,114.0245,114.024,114.047,337
2026-05-27T02:20:00+00:00,114.025,114.04,114.017,114.042,295
2026-05-27T02:21:00+00:00,114.0395,114.0175,114.012,114.0395,337
2026-05-27T02:22:00+00:00,114.017,114.008,113.9985,114.018,337
2026-05-27T02:23:00+00:00,114.0085,114.0085,114.0065,114.0175,237
2026-05-27T02:24:00+00:00,114.008,114.027,114.004,114.0275,432
2026-05-27T02:25:00+00:00,114.0265,114.0425,114.023,114.048,318
2026-05-27T02:26:00+00:00,114.043,114.034,114.0295,114.048,294
2026-05-27T02:27:00+00:00,114.0355,114.0325,114.0245,114.041,179
2026-05-27T02:28:00+00:00,114.032,114.014,114.01,114.0335,239
2026-05-27T02:29:00+00:00,114.0145,114.012,113.997,114.0185,306
2026-05-27T02:30:00+00:00,114.0115,114.0195,114.004,114.022,402
2026-05-27T02:31:00+00:00,114.02,114.024,114.014,114.0345,311
2026-05-27T02:32:00+00:00,114.0235,114.0045,114.0025,114.0235,217
2026-05-27T02:33:00+00:00,114.004,114.008,114.002,114.0185,266
2026-05-27T02:34:00+00:00,114.0075,114.022,114.001,114.022,304
2026-05-27T02:35:00+00:00,114.0215,114.0005,113.9955,114.0225,342
2026-05-27T02:36:00+00:00,114.001,114.009,113.995,114.015,334
2026-05-27T02:37:00+00:00,114.008,114.0065,113.9945,114.01,223
2026-05-27T02:38:00+00:00,114.007,114.001,114.0,114.0095,222
2026-05-27T02:39:00+00:00,114.001,114.0085,113.9975,114.0085,178
2026-05-27T02:40:00+00:00,114.009,114.0205,114.008,114.028,220
2026-05-27T02:41:00+00:00,114.02,114.0345,114.0155,114.0375,265
2026-05-27T02:42:00+00:00,114.034,114.034,114.0295,114.0435,179
2026-05-27T02:43:00+00:00,114.0325,114.019,114.0095,114.0335,241
2026-05-27T02:44:00+00:00,114.0185,114.0185,114.017,114.0265,183
2026-05-27T02:45:00+00:00,114.018,114.0205,114.0135,114.0275,179
2026-05-27T02:46:00+00:00,114.0205,114.028,114.0185,114.032,202
2026-05-27T02:47:00+00:00,114.0275,114.026,114.0145,114.032,237
2026-05-27T02:48:00+00:00,114.0255,114.0385,114.0245,114.047,238
2026-05-27T02:49:00+00:00,114.038,114.051,114.0375,114.0515,174
2026-05-27T02:50:00+00:00,114.051,114.0545,114.05,114.0625,158
2026-05-27T02:51:00+00:00,114.055,114.0715,114.052,114.073,181
2026-05-27T02:52:00+00:00,114.071,114.0675,114.063,114.074,155
2026-05-27T02:53:00+00:00,114.068,114.1,114.068,114.1015,193
2026-05-27T02:54:00+00:00,114.0985,114.0805,114.073,114.1,251
2026-05-27T02:55:00+00:00,114.0805,114.0605,114.0595,114.0805,201
2026-05-27T02:56:00+00:00,114.061,114.043,114.042,114.0615,197
2026-05-27T02:57:00+00:00,114.0435,114.028,114.0125,114.0485,380
2026-05-27T02:58:00+00:00,114.0285,114.0295,114.021,114.038,307
2026-05-27T02:59:00+00:00,114.029,114.035,114.028,114.036,213
2026-05-27T03:00:00+00:00,114.0345,114.041,114.0285,114.05,280
2026-05-27T03:01:00+00:00,114.0405,114.0405,114.0335,114.049,310
2026-05-27T03:02:00+00:00,114.04,114.047,114.0395,114.0515,217
2026-05-27T03:03:00+00:00,114.047,114.0945,114.0465,114.1045,385
2026-05-27T03:04:00+00:00,114.094,114.0765,114.065,114.099,331
2026-05-27T03:05:00+00:00,114.077,114.0665,114.0595,114.089,424
2026-05-27T03:06:00+00:00,114.066,114.0765,114.0635,114.0895,281
2026-05-27T03:07:00+00:00,114.076,114.062,114.061,114.083,357
2026-05-27T03:08:00+00:00,114.0625,114.083,114.062,114.095,229
2026-05-27T03:09:00+00:00,114.083,114.086,114.0775,114.0915,253
2026-05-27T03:10:00+00:00,114.0855,114.0695,114.0655,114.0855,127
2026-05-27T03:11:00+00:00,114.069,114.0595,114.0525,114.071,169
2026-05-27T03:12:00+00:00,114.059,114.0495,114.0415,114.0615,291
2026-05-27T03:13:00+00:00,114.049,114.037,114.037,114.052,280
2026-05-27T03:14:00+00:00,114.0365,114.031,114.029,114.0445,178
2026-05-27T03:15:00+00:00,114.0305,114.024,114.0185,114.036,148
2026-05-27T03:16:00+00:00,114.024,114.0185,114.0155,114.0245,97
2026-05-27T03:17:00+00:00,114.018,114.0295,114.008,114.0315,236
2026-05-27T03:18:00+00:00,114.03,114.0255,114.0235,114.044,240
2026-05-27T03:19:00+00:00,114.026,114.022,114.0195,114.036,155
2026-05-27T03:20:00+00:00,114.023,114.017,114.0135,114.023,140
2026-05-27T03:21:00+00:00,114.017,114.0015,114.0,114.017,158
2026-05-27T03:22:00+00:00,114.0005,114.0025,113.999,114.0065,144
2026-05-27T03:23:00+00:00,114.0025,113.991,113.9905,114.0025,152
2026-05-27T03:24:00+00:00,113.9905,113.9955,113.979,113.996,167
2026-05-27T03:25:00+00:00,113.996,113.9825,113.977,113.999,174
2026-05-27T03:26:00+00:00,113.983,113.993,113.982,113.9955,215
2026-05-27T03:27:00+00:00,113.9925,113.99,113.9895,114.001,153
2026-05-27T03:28:00+00:00,113.9905,113.989,113.987,114.001,210
2026-05-27T03:29:00+00:00,113.9885,114.0125,113.982,114.014,234
2026-05-27T03:30:00+00:00,114.013,114.014,114.0105,114.027,262
2026-05-27T03:31:00+00:00,114.0145,114.021,114.011,114.0235,240
2026-05-27T03:32:00+00:00,114.0215,114.021,114.011,114.028,227
2026-05-27T03:33:00+00:00,114.022,114.009,114.0065,114.023,208
2026-05-27T03:34:00+00:00,114.0085,114.0075,114.005,114.0215,261
2026-05-27T03:35:00+00:00,114.0065,114.009,114.0025,114.0155,190
2026-05-27T03:36:00+00:00,114.0095,113.9945,113.9935,114.012,161
2026-05-27T03:37:00+00:00,113.994,113.9785,113.977,113.994,278
2026-05-27T03:38:00+00:00,113.978,114.0015,113.9705,114.0035,366
2026-05-27T03:39:00+00:00,114.001,113.989,113.9865,114.002,255
2026-05-27T03:40:00+00:00,113.9885,113.9905,113.984,113.9945,187
2026-05-27T03:41:00+00:00,113.991,113.9825,113.9805,113.9915,121
2026-05-27T03:42:00+00:00,113.982,113.9825,113.9805,113.9935,178
2026-05-27T03:43:00+00:00,113.982,113.973,113.9645,113.9905,174
2026-05-27T03:44:00+00:00,113.9725,113.971,113.962,113.9735,193
2026-05-27T03:45:00+00:00,113.9715,113.9785,113.9685,113.9805,125
2026-05-27T03:46:00+00:00,113.979,113.976,113.974,113.9855,190
2026-05-27T03:47:00+00:00,113.9755,113.984,113.9755,113.9855,125
2026-05-27T03:48:00+00:00,113.985,113.9795,113.9685,113.988,161
2026-05-27T03:49:00+00:00,113.9805,113.971,113.971,113.9835,163
2026-05-27T03:50:00+00:00,113.9715,113.9685,113.962,113.9735,109
2026-05-27T03:51:00+00:00,113.968,113.98,113.968,113.9835,81
2026-05-27T03:52:00+00:00,113.981,113.9865,113.977,113.995,142
2026-05-27T03:53:00+00:00,113.986,114.0,113.9855,114.0015,152
2026-05-27T03:54:00+00:00,113.9995,114.0005,113.9945,114.0055,186
2026-05-27T03:55:00+00:00,114.0,113.9775,113.9745,114.0015,233
2026-05-27T03:56:00+00:00,113.977,113.989,113.977,113.9915,177
2026-05-27T03:57:00+00:00,113.989,113.99,113.9855,113.994,128
2026-05-27T03:58:00+00:00,113.9895,114.0005,113.9895,114.0015,125
2026-05-27T03:59:00+00:00,114.0,113.988,113.9865,114.0005,155
2026-05-27T04:00:00+00:00,113.9875,113.9915,113.973,113.9925,273
2026-05-27T04:01:00+00:00,113.991,113.9955,113.989,114.0,189
2026-05-27T04:02:00+00:00,113.9955,113.9805,113.979,113.999,206
2026-05-27T04:03:00+00:00,113.981,113.966,113.961,113.984,229
2026-05-27T04:04:00+00:00,113.9655,113.983,113.959,113.9885,163
2026-05-27T04:05:00+00:00,113.983,113.983,113.9715,113.985,136
2026-05-27T04:06:00+00:00,113.9835,113.992,113.983,113.993,90
2026-05-27T04:07:00+00:00,113.9925,114.0065,113.992,114.0075,109
2026-05-27T04:08:00+00:00,114.007,113.999,113.999,114.0155,115
2026-05-27T04:09:00+00:00,113.9995,114.011,113.999,114.019,78
2026-05-27T04:10:00+00:00,114.0105,114.0045,114.003,114.013,104
2026-05-27T04:11:00+00:00,114.004,114.006,114.002,114.0085,97
2026-05-27T04:12:00+00:00,114.007,114.0065,114.003,114.0125,146
2026-05-27T04:13:00+00:00,114.007,114.031,114.007,114.0355,192
2026-05-27T04:14:00+00:00,114.0315,114.0395,114.025,114.0435,208
2026-05-27T04:15:00+00:00,114.039,114.019,114.018,114.04,186
2026-05-27T04:16:00+00:00,114.0185,114.0265,114.0185,114.0295,118
2026-05-27T04:17:00+00:00,114.026,114.0075,114.0065,114.0265,227
2026-05-27T04:18:00+00:00,114.007,114.005,114.004,114.017,222
2026-05-27T04:19:00+00:00,114.0055,114.01,114.0025,114.016,144
2026-05-27T04:20:00+00:00,114.0095,114.006,114.006,114.0155,160
2026-05-27T04:21:00+00:00,114.006,114.0315,114.006,114.033,189
2026-05-27T04:22:00+00:00,114.031,114.0305,114.0295,114.0365,246
2026-05-27T04:23:00+00:00,114.03,114.036,114.0225,114.037,230
2026-05-27T04:24:00+00:00,114.0365,114.0395,114.036,114.0485,148
2026-05-27T04:25:00+00:00,114.0395,114.0285,114.0285,114.0425,160
2026-05-27T04:26:00+00:00,114.028,114.0145,114.014,114.0355,261
2026-05-27T04:27:00+00:00,114.014,114.0245,114.011,114.03,278
2026-05-27T04:28:00+00:00,114.025,114.0115,114.0105,114.0295,210
2026-05-27T04:29:00+00:00,114.012,113.999,113.997,114.0205,188
2026-05-27T04:30:00+00:00,113.9985,114.0055,113.993,114.012,139
2026-05-27T04:31:00+00:00,114.006,113.996,113.996,114.014,176
2026-05-27T04:32:00+00:00,113.9965,114.0055,113.9955,114.0065,161
2026-05-27T04:33:00+00:00,114.004,114.012,113.9935,114.0195,161
2026-05-27T04:34:00+00:00,114.0125,114.018,114.01,114.02,166
2026-05-27T04:35:00+00:00,114.017,114.0135,114.0105,114.019,172
2026-05-27T04:36:00+00:00,114.013,114.006,113.9975,114.0145,223
2026-05-27T04:37:00+00:00,114.0065,114.001,113.9955,114.0075,150
2026-05-27T04:38:00+00:00,114.001,114.009,114.0,114.012,113
2026-05-27T04:39:00+00:00,114.009,114.0365,114.0045,114.0395,169
2026-05-27T04:40:00+00:00,114.036,114.032,114.0285,114.037,166
2026-05-27T04:41:00+00:00,114.0325,114.0265,114.0255,114.0355,148
2026-05-27T04:42:00+00:00,114.0265,114.024,114.024,114.0285,67
2026-05-27T04:43:00+00:00,114.0235,114.035,114.0225,114.035,149
2026-05-27T04:44:00+00:00,114.0345,114.0585,114.031,114.0585,154
2026-05-27T04:45:00+00:00,114.058,114.068,114.0525,114.0695,227
2026-05-27T04:46:00+00:00,114.0685,114.068,114.0605,114.0695,141
2026-05-27T04:47:00+00:00,114.068,114.0645,114.0635,114.074,106
2026-05-27T04:48:00+00:00,114.0655,114.049,114.049,114.0665,110
2026-05-27T04:49:00+00:00,114.0485,114.068,114.0445,114.069,190
2026-05-27T04:50:00+00:00,114.068,114.068,114.0645,114.0705,157
2026-05-27T04:51:00+00:00,114.068,114.066,114.0645,114.074,146
2026-05-27T04:52:00+00:00,114.0665,114.056,114.056,114.0675,92
2026-05-27T04:53:00+00:00,114.0565,114.0515,114.047,114.0565,209
2026-05-27T04:54:00+00:00,114.052,114.047,114.043,114.053,97
2026-05-27T04:55:00+00:00,114.047,114.037,114.0305,114.0535,142
2026-05-27T04:56:00+00:00,114.037,114.023,114.022,114.0375,123
2026-05-27T04:57:00+00:00,114.0235,114.03,114.015,114.0305,170
2026-05-27T04:58:00+00:00,114.0305,114.037,114.029,114.038,117
2026-05-27T04:59:00+00:00,114.0375,114.036,114.0335,114.042,124
2026-05-27T05:00:00+00:00,114.0365,114.027,114.018,114.0365,203
2026-05-27T05:01:00+00:00,114.028,114.0345,114.027,114.0475,153
2026-05-27T05:02:00+00:00,114.035,114.013,114.008,114.04,281
2026-05-27T05:03:00+00:00,114.0135,114.023,114.0135,114.0305,135
2026-05-27T05:04:00+00:00,114.023,114.0485,114.023,114.05,233
2026-05-27T05:05:00+00:00,114.0485,114.0405,114.0395,114.0505,247
2026-05-27T05:06:00+00:00,114.041,114.036,114.0335,114.0435,323
2026-05-27T05:07:00+00:00,114.0365,114.0485,114.0325,114.0485,185
2026-05-27T05:08:00+00:00,114.048,114.048,114.042,114.051,133
2026-05-27T05:09:00+00:00,114.048,114.066,114.048,114.0695,103
2026-05-27T05:10:00+00:00,114.0655,114.062,114.0545,114.068,126
2026-05-27T05:11:00+00:00,114.062,114.065,114.058,114.0695,111
2026-05-27T05:12:00+00:00,114.065,114.0515,114.048,114.065,191
2026-05-27T05:13:00+00:00,114.052,114.049,114.0485,114.0605,175
2026-05-27T05:14:00+00:00,114.0485,114.06,114.0485,114.066,146
2026-05-27T05:15:00+00:00,114.0605,114.048,114.0475,114.0615,163
2026-05-27T05:16:00+00:00,114.0485,114.033,114.033,114.051,151
2026-05-27T05:17:00+00:00,114.0335,114.0325,114.026,114.037,100
2026-05-27T05:18:00+00:00,114.032,114.025,114.022,114.0385,113
2026-05-27T05:19:00+00:00,114.0255,114.026,114.024,114.0285,90
2026-05-27T05:20:00+00:00,114.0265,114.0265,114.017,114.027,149
2026-05-27T05:21:00+00:00,114.027,114.05,114.025,114.052,174
2026-05-27T05:22:00+00:00,114.0495,114.044,114.0355,114.052,170
2026-05-27T05:23:00+00:00,114.0435,114.039,114.0375,114.0445,142
2026-05-27T05:24:00+00:00,114.0385,114.0605,114.0385,114.0615,174
2026-05-27T05:25:00+00:00,114.06,114.039,114.039,114.0605,131
2026-05-27T05:26:00+00:00,114.0395,114.051,114.0395,114.052,146
2026-05-27T05:27:00+00:00,114.051,114.056,114.05,114.0585,128
2026-05-27T05:28:00+00:00,114.0555,114.037,114.0325,114.0585,128
2026-05-27T05:29:00+00:00,114.0365,114.06,114.035,114.061,236
2026-05-27T05:30:00+00:00,114.0595,114.0655,114.059,114.0725,191
2026-05-27T05:31:00+00:00,114.066,114.049,114.043,114.068,213
2026-05-27T05:32:00+00:00,114.048,114.028,114.017,114.048,292
2026-05-27T05:33:00+00:00,114.0275,114.013,114.01,114.028,308
2026-05-27T05:34:00+00:00,114.0135,114.007,113.9925,114.0145,338
2026-05-27T05:35:00+00:00,114.0075,113.9995,113.985,114.011,312
2026-05-27T05:36:00+00:00,113.999,114.0345,113.9985,114.0405,304
2026-05-27T05:37:00+00:00,114.034,114.0265,114.0265,114.043,147
2026-05-27T05:38:00+00:00,114.027,114.045,114.016,114.045,173
2026-05-27T05:39:00+00:00,114.045,114.0305,114.0295,114.045,191
2026-05-27T05:40:00+00:00,114.031,114.0345,114.03,114.04,191
2026-05-27T05:41:00+00:00,114.035,114.0305,114.013,114.035,269
2026-05-27T05:42:00+00:00,114.031,114.0205,114.013,114.037,294
2026-05-27T05:43:00+00:00,114.021,114.0205,114.02,114.0295,164
2026-05-27T05:44:00+00:00,114.02,114.0245,114.018,114.0285,192
2026-05-27T05:45:00+00:00,114.024,114.025,114.006,114.026,225
2026-05-27T05:46:00+00:00,114.0245,114.0455,114.0245,114.048,240
2026-05-27T05:47:00+00:00,114.0465,114.031,114.0305,114.0505,168
2026-05-27T05:48:00+00:00,114.0315,114.0285,114.0115,114.033,262
2026-05-27T05:49:00+00:00,114.028,114.028,114.0165,114.031,217
2026-05-27T05:50:00+00:00,114.0285,114.039,114.025,114.047,205
2026-05-27T05:51:00+00:00,114.0395,114.033,114.0155,114.044,255
2026-05-27T05:52:00+00:00,114.0325,114.0415,114.0325,114.0445,160
2026-05-27T05:53:00+00:00,114.041,114.0305,114.028,114.0445,270
2026-05-27T05:54:00+00:00,114.031,114.03,114.028,114.042,192
2026-05-27T05:55:00+00:00,114.0295,114.03,114.0205,114.041,278
2026-05-27T05:56:00+00:00,114.029,114.0405,114.0275,114.043,205
2026-05-27T05:57:00+00:00,114.04,114.04,114.0315,114.0495,234
2026-05-27T05:58:00+00:00,114.0395,114.0325,114.0315,114.052,244
2026-05-27T05:59:00+00:00,114.033,114.01,114.009,114.0335,194
2026-05-27T06:00:00+00:00,114.0105,114.002,113.998,114.0215,520
2026-05-27T06:01:00+00:00,114.0015,114.0115,114.0,114.016,300
2026-05-27T06:02:00+00:00,114.012,114.005,113.999,114.0185,452
2026-05-27T06:03:00+00:00,114.0055,114.016,114.0055,114.0235,211
2026-05-27T06:04:00+00:00,114.0155,113.994,113.989,114.016,266
2026-05-27T06:05:00+00:00,113.996,113.997,113.995,114.0125,216
2026-05-27T06:06:00+00:00,113.9975,114.0015,113.995,114.01,171
2026-05-27T06:07:00+00:00,114.001,114.016,113.979,114.018,225
2026-05-27T06:08:00+00:00,114.0155,114.0045,114.0025,114.0165,220
2026-05-27T06:09:00+00:00,114.005,114.017,114.005,114.0175,193
2026-05-27T06:10:00+00:00,114.0175,114.0105,114.004,114.029,237
2026-05-27T06:11:00+00:00,114.0095,114.019,114.0035,114.02,167
2026-05-27T06:12:00+00:00,114.0185,113.9995,113.9965,114.019,252
2026-05-27T06:13:00+00:00,113.999,113.9905,113.989,114.008,210
2026-05-27T06:14:00+00:00,113.991,113.965,113.963,113.991,182
2026-05-27T06:15:00+00:00,113.9645,113.977,113.9635,113.985,305
2026-05-27T06:16:00+00:00,113.977,113.956,113.9545,113.9825,248
2026-05-27T06:17:00+00:00,113.955,113.958,113.9545,113.969,267
2026-05-27T06:18:00+00:00,113.9575,113.9435,113.9365,113.9655,309
2026-05-27T06:19:00+00:00,113.9445,113.954,113.939,113.954,141
2026-05-27T06:20:00+00:00,113.955,113.959,113.955,113.965,144
2026-05-27T06:21:00+00:00,113.9595,113.903,113.902,113.9605,358
2026-05-27T06:22:00+00:00,113.9035,113.9095,113.896,113.9125,266
2026-05-27T06:23:00+00:00,113.909,113.93,113.9015,113.9315,241
2026-05-27T06:24:00+00:00,113.9305,113.918,113.918,113.94,181
2026-05-27T06:25:00+00:00,113.919,113.925,113.908,113.926,210
2026-05-27T06:26:00+00:00,113.924,113.917,113.906,113.927,156
2026-05-27T06:27:00+00:00,113.9175,113.929,113.9175,113.9295,216
2026-05-27T06:28:00+00:00,113.9285,113.9355,113.9235,113.936,181
2026-05-27T06:29:00+00:00,113.9355,113.929,113.92,113.94,271
2026-05-27T06:30:00+00:00,113.9295,113.9545,113.926,113.9565,314
2026-05-27T06:31:00+00:00,113.954,113.938,113.938,113.957,279
2026-05-27T06:32:00+00:00,113.9385,113.94,113.92,113.9435,349
2026-05-27T06:33:00+00:00,113.9395,113.957,113.936,113.957,258
2026-05-27T06:34:00+00:00,113.9565,113.95,113.9465,113.958,260
2026-05-27T06:35:00+00:00,113.9495,113.954,113.949,113.9595,231
2026-05-27T06:36:00+00:00,113.9535,113.9585,113.949,113.9625,257
2026-05-27T06:37:00+00:00,113.959,113.9615,113.956,113.968,161
2026-05-27T06:38:00+00:00,113.962,113.963,113.9575,113.9725,222
2026-05-27T06:39:00+00:00,113.962,113.9475,113.943,113.9635,297
2026-05-27T06:40:00+00:00,113.947,113.9455,113.944,113.9655,225
2026-05-27T06:41:00+00:00,113.945,113.9405,113.9385,113.956,240
2026-05-27T06:42:00+00:00,113.941,113.9575,113.939,113.9575,230
2026-05-27T06:43:00+00:00,113.957,113.9545,113.952,113.9635,179
2026-05-27T06:44:00+00:00,113.955,113.962,113.952,113.966,233
2026-05-27T06:45:00+00:00,113.9605,113.933,113.9325,113.961,395
2026-05-27T06:46:00+00:00,113.9335,113.9395,113.9245,113.9395,263
2026-05-27T06:47:00+00:00,113.939,113.9545,113.934,113.956,271
2026-05-27T06:48:00+00:00,113.954,113.956,113.949,113.96,190
2026-05-27T06:49:00+00:00,113.9565,113.942,113.941,113.9565,259
2026-05-27T06:50:00+00:00,113.9425,113.913,113.91,113.946,250
2026-05-27T06:51:00+00:00,113.9135,113.914,113.906,113.922,265
2026-05-27T06:52:00+00:00,113.9135,113.895,113.895,113.914,204
2026-05-27T06:53:00+00:00,113.8955,113.8945,113.892,113.91,243
2026-05-27T06:54:00+00:00,113.893,113.8835,113.877,113.9015,414
2026-05-27T06:55:00+00:00,113.883,113.896,113.876,113.8995,300
2026-05-27T06:56:00+00:00,113.8965,113.9,113.894,113.9035,235
2026-05-27T06:57:00+00:00,113.901,113.883,113.877,113.901,232
2026-05-27T06:58:00+00:00,113.8825,113.8785,113.878,113.8945,288
2026-05-27T06:59:00+00:00,113.878,113.882,113.8765,113.889,350
2026-05-27T07:00:00+00:00,113.8825,113.903,113.881,113.909,406
2026-05-27T07:01:00+00:00,113.9035,113.9255,113.9005,113.926,380
2026-05-27T07:02:00+00:00,113.925,113.922,113.915,113.9335,443
2026-05-27T07:03:00+00:00,113.9215,113.916,113.9105,113.923,289
2026-05-27T07:04:00+00:00,113.9155,113.9135,113.8985,113.9165,289
2026-05-27T07:05:00+00:00,113.914,113.9195,113.914,113.929,220
2026-05-27T07:06:00+00:00,113.92,113.9135,113.906,113.9205,189
2026-05-27T07:07:00+00:00,113.9135,113.917,113.902,113.918,200
2026-05-27T07:08:00+00:00,113.9175,113.8915,113.889,113.9175,370
2026-05-27T07:09:00+00:00,113.8925,113.867,113.8615,113.8935,326
2026-05-27T07:10:00+00:00,113.8675,113.8625,113.8565,113.872,215
2026-05-27T07:11:00+00:00,113.8635,113.873,113.8615,113.8735,175
2026-05-27T07:12:00+00:00,113.8735,113.886,113.873,113.8885,194
2026-05-27T07:13:00+00:00,113.8855,113.869,113.868,113.887,179
2026-05-27T07:14:00+00:00,113.868,113.875,113.864,113.8765,189
2026-05-27T07:15:00+00:00,113.8765,113.8705,113.864,113.877,208
2026-05-27T07:16:00+00:00,113.871,113.868,113.8625,113.873,178
2026-05-27T07:17:00+00:00,113.8675,113.879,113.863,113.8805,156
2026-05-27T07:18:00+00:00,113.879,113.881,113.8705,113.889,201
2026-05-27T07:19:00+00:00,113.881,113.88,113.874,113.883,128
2026-05-27T07:20:00+00:00,113.8805,113.8475,113.844,113.882,275
2026-05-27T07:21:00+00:00,113.8475,113.827,113.8225,113.852,321
2026-05-27T07:22:00+00:00,113.8265,113.845,113.8245,113.849,213
2026-05-27T07:23:00+00:00,113.8455,113.839,113.835,113.847,194
2026-05-27T07:24:00+00:00,113.8395,113.8555,113.839,113.861,229
2026-05-27T07:25:00+00:00,113.856,113.8485,113.8435,113.856,204
2026-05-27T07:26:00+00:00,113.849,113.8415,113.8395,113.854,166
2026-05-27T07:27:00+00:00,113.842,113.859,113.839,113.8605,201
2026-05-27T07:28:00+00:00,113.8585,113.859,113.847,113.8715,265
2026-05-27T07:29:00+00:00,113.8595,113.854,113.8475,113.867,245
2026-05-27T07:30:00+00:00,113.8535,113.817,113.816,113.8575,247
2026-05-27T07:31:00+00:00,113.817,113.8325,113.808,113.837,231
2026-05-27T07:32:00+00:00,113.832,113.815,113.8135,113.8365,188
2026-05-27T07:33:00+00:00,113.8155,113.815,113.8115,113.825,227
2026-05-27T07:34:00+00:00,113.815,113.8175,113.806,113.8405,279
2026-05-27T07:35:00+00:00,113.818,113.814,113.8085,113.835,283
2026-05-27T07:36:00+00:00,113.8135,113.8085,113.804,113.815,163
2026-05-27T07:37:00+00:00,113.808,113.794,113.7915,113.8125,219
2026-05-27T07:38:00+00:00,113.7945,113.777,113.777,113.8,239
2026-05-27T07:39:00+00:00,113.7765,113.779,113.7745,113.782,264
2026-05-27T07:40:00+00:00,113.7795,113.7665,113.764,113.7795,168
2026-05-27T07:41:00+00:00,113.767,113.766,113.755,113.7765,225
2026-05-27T07:42:00+00:00,113.7655,113.7775,113.7655,113.778,241
2026-05-27T07:43:00+00:00,113.777,113.7825,113.7735,113.7835,239
2026-05-27T07:44:00+00:00,113.783,113.793,113.783,113.7985,241
2026-05-27T07:45:00+00:00,113.7935,113.799,113.7845,113.8015,182
2026-05-27T07:46:00+00:00,113.7985,113.8235,113.795,113.832,269
2026-05-27T07:47:00+00:00,113.8225,113.8005,113.8005,113.8265,282
2026-05-27T07:48:00+00:00,113.8,113.7855,113.7815,113.8035,211
2026-05-27T07:49:00+00:00,113.786,113.7855,113.777,113.7865,261
2026-05-27T07:50:00+00:00,113.7855,113.783,113.7765,113.787,170
2026-05-27T07:51:00+00:00,113.7825,113.777,113.7695,113.784,332
2026-05-27T07:52:00+00:00,113.7765,113.7525,113.7485,113.7795,278
2026-05-27T07:53:00+00:00,113.753,113.7615,113.736,113.7685,313
2026-05-27T07:54:00+00:00,113.7605,113.792,113.76,113.797,210
2026-05-27T07:55:00+00:00,113.7925,113.7645,113.752,113.7925,309
2026-05-27T07:56:00+00:00,113.7655,113.735,113.7345,113.7695,205
2026-05-27T07:57:00+00:00,113.7355,113.734,113.728,113.747,374
2026-05-27T07:58:00+00:00,113.7345,113.7415,113.729,113.7425,227
2026-05-27T07:59:00+00:00,113.741,113.7555,113.741,113.76,280
2026-05-27T08:00:00+00:00,113.7535,113.749,113.7365,113.7575,470
2026-05-27T08:01:00+00:00,113.7495,113.7535,113.739,113.7685,531
2026-05-27T08:02:00+00:00,113.753,113.754,113.75,113.767,427
2026-05-27T08:03:00+00:00,113.7545,113.758,113.739,113.7615,404
2026-05-27T08:04:00+00:00,113.7585,113.7675,113.748,113.7705,303
2026-05-27T08:05:00+00:00,113.767,113.777,113.764,113.7835,328
2026-05-27T08:06:00+00:00,113.7765,113.7605,113.751,113.783,335
2026-05-27T08:07:00+00:00,113.761,113.7635,113.758,113.7685,216
2026-05-27T08:08:00+00:00,113.764,113.759,113.751,113.7695,270
2026-05-27T08:09:00+00:00,113.7595,113.762,113.758,113.767,213
2026-05-27T08:10:00+00:00,113.7615,113.762,113.7525,113.768,334
2026-05-27T08:11:00+00:00,113.7625,113.7615,113.759,113.769,235
2026-05-27T08:12:00+00:00,113.7615,113.744,113.743,113.771,325
2026-05-27T08:13:00+00:00,113.7435,113.731,113.714,113.746,400
2026-05-27T08:14:00+00:00,113.73,113.7455,113.7295,113.748,280
2026-05-27T08:15:00+00:00,113.746,113.7455,113.7415,113.7665,322
2026-05-27T08:16:00+00:00,113.746,113.7725,113.746,113.7725,295
2026-05-27T08:17:00+00:00,113.773,113.7855,113.773,113.7995,261
2026-05-27T08:18:00+00:00,113.786,113.7815,113.7805,113.8015,341
2026-05-27T08:19:00+00:00,113.7805,113.7815,113.7685,113.79,324
2026-05-27T08:20:00+00:00,113.7825,113.789,113.7705,113.7895,324
2026-05-27T08:21:00+00:00,113.7895,113.8,113.7895,113.8065,274
2026-05-27T08:22:00+00:00,113.7995,113.81,113.7995,113.8165,181
2026-05-27T08:23:00+00:00,113.8105,113.823,113.8105,113.8345,304
2026-05-27T08:24:00+00:00,113.8225,113.797,113.791,113.8235,365
2026-05-27T08:25:00+00:00,113.7975,113.7715,113.7705,113.802,324
2026-05-27T08:26:00+00:00,113.772,113.765,113.759,113.7755,271
2026-05-27T08:27:00+00:00,113.7655,113.7965,113.7655,113.798,204
2026-05-27T08:28:00+00:00,113.796,113.783,113.782,113.7975,169
2026-05-27T08:29:00+00:00,113.7835,113.811,113.7835,113.814,303
2026-05-27T08:30:00+00:00,113.8105,113.7975,113.788,113.8145,268
2026-05-27T08:31:00+00:00,113.798,113.7975,113.794,113.802,132
2026-05-27T08:32:00+00:00,113.7985,113.81,113.7955,113.8105,157
2026-05-27T08:33:00+00:00,113.8105,113.806,113.8015,113.814,147
2026-05-27T08:34:00+00:00,113.8055,113.8125,113.797,113.8155,250
2026-05-27T08:35:00+00:00,113.8115,113.797,113.789,113.82,277
2026-05-27T08:36:00+00:00,113.7965,113.7995,113.792,113.7995,156
2026-05-27T08:37:00+00:00,113.799,113.805,113.797,113.813,228
2026-05-27T08:38:00+00:00,113.8055,113.801,113.798,113.8135,189
2026-05-27T08:39:00+00:00,113.8005,113.777,113.7765,113.8015,235
2026-05-27T08:40:00+00:00,113.7775,113.7785,113.7685,113.7815,221
2026-05-27T08:41:00+00:00,113.7785,113.7805,113.775,113.7825,152
2026-05-27T08:42:00+00:00,113.7805,113.792,113.774,113.793,190
2026-05-27T08:43:00+00:00,113.7925,113.78,113.7735,113.7935,192
2026-05-27T08:44:00+00:00,113.779,113.796,113.7775,113.7985,182
2026-05-27T08:45:00+00:00,113.7955,113.791,113.7885,113.796,151
2026-05-27T08:46:00+00:00,113.7915,113.792,113.787,113.798,162
2026-05-27T08:47:00+00:00,113.7915,113.788,113.7865,113.801,248
2026-05-27T08:48:00+00:00,113.7885,113.8095,113.7855,113.81,207
2026-05-27T08:49:00+00:00,113.809,113.793,113.7925,113.8135,176
2026-05-27T08:50:00+00:00,113.7935,113.8025,113.793,113.8105,151
2026-05-27T08:51:00+00:00,113.802,113.806,113.7955,113.806,163
2026-05-27T08:52:00+00:00,113.806,113.814,113.8035,113.8265,193
2026-05-27T08:53:00+00:00,113.814,113.804,113.7925,113.814,227
2026-05-27T08:54:00+00:00,113.8045,113.8045,113.7975,113.8055,153
2026-05-27T08:55:00+00:00,113.805,113.815,113.7995,113.8165,172
2026-05-27T08:56:00+00:00,113.814,113.8095,113.809,113.82,263
2026-05-27T08:57:00+00:00,113.809,113.8165,113.8055,113.8175,216
2026-05-27T08:58:00+00:00,113.817,113.835,113.816,113.839,220
2026-05-27T08:59:00+00:00,113.836,113.8335,113.8265,113.838,304
2026-05-27T09:00:00+00:00,113.834,113.8075,113.807,113.843,327
2026-05-27T09:01:00+00:00,113.808,113.833,113.8075,113.835,225
2026-05-27T09:02:00+00:00,113.833,113.8155,113.814,113.84,258
2026-05-27T09:03:00+00:00,113.8155,113.835,113.813,113.8355,180
2026-05-27T09:04:00+00:00,113.834,113.826,113.824,113.8355,124
2026-05-27T09:05:00+00:00,113.8265,113.8195,113.814,113.827,180
2026-05-27T09:06:00+00:00,113.819,113.807,113.8,113.821,227
2026-05-27T09:07:00+00:00,113.8075,113.8205,113.8075,113.8205,206
2026-05-27T09:08:00+00:00,113.8185,113.8135,113.807,113.8185,126
2026-05-27T09:09:00+00:00,113.813,113.8125,113.807,113.8155,163
2026-05-27T09:10:00+00:00,113.813,113.8125,113.8,113.815,184
2026-05-27T09:11:00+00:00,113.813,113.812,113.804,113.8155,174
2026-05-27T09:12:00+00:00,113.813,113.7945,113.7925,113.813,190
2026-05-27T09:13:00+00:00,113.795,113.8025,113.7925,113.8055,138
2026-05-27T09:14:00+00:00,113.802,113.7975,113.791,113.809,229
2026-05-27T09:15:00+00:00,113.798,113.8125,113.7975,113.8125,210
2026-05-27T09:16:00+00:00,113.8115,113.836,113.8095,113.837,236
2026-05-27T09:17:00+00:00,113.8355,113.8465,113.826,113.8475,269
2026-05-27T09:18:00+00:00,113.846,113.834,113.826,113.8475,230
2026-05-27T09:19:00+00:00,113.8345,113.8435,113.8305,113.846,110
2026-05-27T09:20:00+00:00,113.844,113.824,113.817,113.8485,244
2026-05-27T09:21:00+00:00,113.8245,113.819,113.8165,113.829,251
2026-05-27T09:22:00+00:00,113.8195,113.844,113.814,113.8445,246
2026-05-27T09:23:00+00:00,113.8445,113.849,113.8445,113.8575,265
2026-05-27T09:24:00+00:00,113.8495,113.827,113.827,113.852,218
2026-05-27T09:25:00+00:00,113.8275,113.828,113.8255,113.8305,138
2026-05-27T09:26:00+00:00,113.829,113.844,113.823,113.844,238
2026-05-27T09:27:00+00:00,113.843,113.842,113.8385,113.844,107
2026-05-27T09:28:00+00:00,113.8415,113.836,113.8285,113.847,201
2026-05-27T09:29:00+00:00,113.8355,113.8365,113.8335,113.8415,252
2026-05-27T09:30:00+00:00,113.836,113.8425,113.831,113.8455,229
2026-05-27T09:31:00+00:00,113.8435,113.8535,113.8405,113.854,200
2026-05-27T09:32:00+00:00,113.854,113.8595,113.85,113.861,163
2026-05-27T09:33:00+00:00,113.859,113.8435,113.8385,113.8635,218
2026-05-27T09:34:00+00:00,113.843,113.848,113.842,113.8535,174
2026-05-27T09:35:00+00:00,113.8485,113.845,113.839,113.8505,195
2026-05-27T09:36:00+00:00,113.8455,113.8375,113.837,113.8475,116
2026-05-27T09:37:00+00:00,113.838,113.8315,113.8305,113.8405,113
2026-05-27T09:38:00+00:00,113.832,113.844,113.832,113.8445,79
2026-05-27T09:39:00+00:00,113.844,113.8415,113.838,113.848,120
2026-05-27T09:40:00+00:00,113.842,113.837,113.836,113.849,85
2026-05-27T09:41:00+00:00,113.8375,113.838,113.833,113.84,116
2026-05-27T09:42:00+00:00,113.838,113.8335,113.8315,113.843,119
2026-05-27T09:43:00+00:00,113.8335,113.8215,113.819,113.838,112
2026-05-27T09:44:00+00:00,113.8225,113.8215,113.821,113.8265,100
2026-05-27T09:45:00+00:00,113.821,113.8185,113.8145,113.823,143
2026-05-27T09:46:00+00:00,113.819,113.8165,113.815,113.8325,140
2026-05-27T09:47:00+00:00,113.816,113.8005,113.8005,113.8165,137
2026-05-27T09:48:00+00:00,113.801,113.801,113.7995,113.8075,115
2026-05-27T09:49:00+00:00,113.802,113.804,113.801,113.808,86
2026-05-27T09:50:00+00:00,113.8045,113.824,113.8045,113.825,185
2026-05-27T09:51:00+00:00,113.824,113.832,113.824,113.836,101
2026-05-27T09:52:00+00:00,113.8325,113.809,113.8085,113.8335,130
2026-05-27T09:53:00+00:00,113.8095,113.8285,113.808,113.8285,123
2026-05-27T09:54:00+00:00,113.829,113.837,113.8265,113.838,129
2026-05-27T09:55:00+00:00,113.837,113.845,113.835,113.8495,138
2026-05-27T09:56:00+00:00,113.845,113.849,113.8395,113.849,161
2026-05-27T09:57:00+00:00,113.8495,113.844,113.839,113.8495,161
2026-05-27T09:58:00+00:00,113.8435,113.834,113.833,113.845,238
2026-05-27T09:59:00+00:00,113.835,113.8205,113.819,113.8365,274
2026-05-27T10:00:00+00:00,113.82,113.8215,113.814,113.825,264
2026-05-27T10:01:00+00:00,113.821,113.821,113.819,113.832,276
2026-05-27T10:02:00+00:00,113.8215,113.8185,113.818,113.823,232
2026-05-27T10:03:00+00:00,113.819,113.819,113.815,113.824,218
2026-05-27T10:04:00+00:00,113.8195,113.8355,113.8195,113.838,203
2026-05-27T10:05:00+00:00,113.835,113.8355,113.83,113.8375,211
2026-05-27T10:06:00+00:00,113.835,113.844,113.8345,113.845,142
2026-05-27T10:07:00+00:00,113.844,113.854,113.844,113.858,219
2026-05-27T10:08:00+00:00,113.8535,113.8385,113.838,113.8585,199
2026-05-27T10:09:00+00:00,113.8395,113.837,113.833,113.844,166
2026-05-27T10:10:00+00:00,113.8375,113.83,113.8265,113.843,254
2026-05-27T10:11:00+00:00,113.8305,113.8265,113.824,113.84,170
2026-05-27T10:12:00+00:00,113.827,113.8325,113.825,113.835,192
2026-05-27T10:13:00+00:00,113.832,113.8305,113.8265,113.836,146
2026-05-27T10:14:00+00:00,113.831,113.825,113.823,113.831,177
2026-05-27T10:15:00+00:00,113.824,113.823,113.821,113.836,211
2026-05-27T10:16:00+00:00,113.824,113.813,113.8075,113.824,182
2026-05-27T10:17:00+00:00,113.812,113.8275,113.812,113.8275,107
2026-05-27T10:18:00+00:00,113.827,113.823,113.82,113.831,174
2026-05-27T10:19:00+00:00,113.8235,113.8165,113.8125,113.825,116
2026-05-27T10:20:00+00:00,113.816,113.819,113.812,113.8225,217
2026-05-27T10:21:00+00:00,113.8195,113.8025,113.801,113.8215,218
2026-05-27T10:22:00+00:00,113.802,113.805,113.802,113.8095,176
2026-05-27T10:23:00+00:00,113.8055,113.7985,113.796,113.812,250
2026-05-27T10:24:00+00:00,113.799,113.8255,113.799,113.8275,288
2026-05-27T10:25:00+00:00,113.826,113.8175,113.8165,113.826,116
2026-05-27T10:26:00+00:00,113.818,113.809,113.807,113.82,163
2026-05-27T10:27:00+00:00,113.8095,113.803,113.7995,113.811,129
2026-05-27T10:28:00+00:00,113.8035,113.785,113.781,113.805,276
2026-05-27T10:29:00+00:00,113.7845,113.7875,113.784,113.793,271
2026-05-27T10:30:00+00:00,113.788,113.7845,113.7785,113.788,190
2026-05-27T10:31:00+00:00,113.784,113.7885,113.782,113.792,166
2026-05-27T10:32:00+00:00,113.789,113.7865,113.7855,113.791,146
2026-05-27T10:33:00+00:00,113.787,113.7885,113.787,113.797,141
2026-05-27T10:34:00+00:00,113.7885,113.795,113.7885,113.8055,209
2026-05-27T10:35:00+00:00,113.7945,113.781,113.7775,113.7965,191
2026-05-27T10:36:00+00:00,113.7805,113.7945,113.7775,113.797,209
2026-05-27T10:37:00+00:00,113.7945,113.796,113.792,113.7965,110
2026-05-27T10:38:00+00:00,113.797,113.806,113.797,113.8085,160
2026-05-27T10:39:00+00:00,113.8055,113.7765,113.773,113.808,220
2026-05-27T10:40:00+00:00,113.776,113.774,113.7735,113.785,218
2026-05-27T10:41:00+00:00,113.7735,113.7715,113.7675,113.7825,149
2026-05-27T10:42:00+00:00,113.7705,113.7815,113.768,113.782,195
2026-05-27T10:43:00+00:00,113.7815,113.7835,113.78,113.786,165
2026-05-27T10:44:00+00:00,113.7835,113.769,113.7595,113.7845,234
2026-05-27T10:45:00+00:00,113.7695,113.773,113.763,113.78,171
2026-05-27T10:46:00+00:00,113.773,113.754,113.7425,113.773,346
2026-05-27T10:47:00+00:00,113.7545,113.7265,113.726,113.755,269
2026-05-27T10:48:00+00:00,113.728,113.7505,113.727,113.7575,284
2026-05-27T10:49:00+00:00,113.751,113.764,113.751,113.7715,304
2026-05-27T10:50:00+00:00,113.7635,113.749,113.735,113.767,258
2026-05-27T10:51:00+00:00,113.7495,113.7325,113.732,113.7555,236
2026-05-27T10:52:00+00:00,113.732,113.731,113.716,113.734,190
2026-05-27T10:53:00+00:00,113.7305,113.73,113.72,113.731,132
2026-05-27T10:54:00+00:00,113.7305,113.7425,113.7285,113.745,174
2026-05-27T10:55:00+00:00,113.742,113.7175,113.717,113.7425,160
2026-05-27T10:56:00+00:00,113.718,113.7075,113.707,113.722,257
2026-05-27T10:57:00+00:00,113.708,113.713,113.694,113.719,208
2026-05-27T10:58:00+00:00,113.712,113.6855,113.6775,113.713,220
2026-05-27T10:59:00+00:00,113.686,113.706,113.6825,113.709,236
2026-05-27T11:00:00+00:00,113.7065,113.7085,113.7065,113.7345,174
2026-05-27T11:01:00+00:00,113.708,113.72,113.7055,113.72,141
2026-05-27T11:02:00+00:00,113.7195,113.729,113.7195,113.7325,253
2026-05-27T11:03:00+00:00,113.7295,113.7275,113.727,113.736,251
2026-05-27T11:04:00+00:00,113.728,113.7325,113.7215,113.74,280
2026-05-27T11:05:00+00:00,113.7325,113.714,113.7065,113.733,308
2026-05-27T11:06:00+00:00,113.714,113.7005,113.6995,113.716,259
2026-05-27T11:07:00+00:00,113.701,113.69,113.69,113.7025,220
2026-05-27T11:08:00+00:00,113.69,113.706,113.69,113.706,264
2026-05-27T11:09:00+00:00,113.705,113.7,113.698,113.706,360
2026-05-27T11:10:00+00:00,113.6995,113.6905,113.682,113.7015,316
2026-05-27T11:11:00+00:00,113.69,113.6935,113.675,113.695,268
2026-05-27T11:12:00+00:00,113.693,113.7085,113.6905,113.7085,184
2026-05-27T11:13:00+00:00,113.709,113.7155,113.706,113.7155,196
2026-05-27T11:14:00+00:00,113.7155,113.7145,113.704,113.7155,203
2026-05-27T11:15:00+00:00,113.7145,113.721,113.7065,113.7225,187
2026-05-27T11:16:00+00:00,113.7215,113.718,113.7025,113.725,348
2026-05-27T11:17:00+00:00,113.7185,113.719,113.715,113.7215,127
2026-05-27T11:18:00+00:00,113.7195,113.7145,113.713,113.72,202
2026-05-27T11:19:00+00:00,113.714,113.7025,113.702,113.718,150
2026-05-27T11:20:00+00:00,113.702,113.691,113.688,113.7055,185
2026-05-27T11:21:00+00:00,113.6905,113.6835,113.6835,113.7,227
2026-05-27T11:22:00+00:00,113.6845,113.6935,113.6795,113.7015,216
2026-05-27T11:23:00+00:00,113.693,113.6915,113.6865,113.7065,311
2026-05-27T11:24:00+00:00,113.691,113.701,113.691,113.7055,198
2026-05-27T11:25:00+00:00,113.702,113.699,113.6915,113.703,256
2026-05-27T11:26:00+00:00,113.6995,113.684,113.6755,113.7,178
2026-05-27T11:27:00+00:00,113.6835,113.6855,113.675,113.687,136
2026-05-27T11:28:00+00:00,113.6855,113.6795,113.6775,113.6855,158
2026-05-27T11:29:00+00:00,113.678,113.6775,113.676,113.683,124
2026-05-27T11:30:00+00:00,113.678,113.685,113.6735,113.6865,231
2026-05-27T11:31:00+00:00,113.684,113.669,113.6635,113.6865,435
2026-05-27T11:32:00+00:00,113.6685,113.679,113.6685,113.684,310
2026-05-27T11:33:00+00:00,113.6795,113.678,113.671,113.6845,260
2026-05-27T11:34:00+00:00,113.6785,113.685,113.673,113.6855,190
2026-05-27T11:35:00+00:00,113.6845,113.6955,113.6825,113.696,175
2026-05-27T11:36:00+00:00,113.696,113.6925,113.6875,113.7025,200
2026-05-27T11:37:00+00:00,113.692,113.695,113.684,113.697,234
2026-05-27T11:38:00+00:00,113.6955,113.685,113.6845,113.712,300
2026-05-27T11:39:00+00:00,113.684,113.6795,113.679,113.6875,224
2026-05-27T11:40:00+00:00,113.68,113.668,113.655,113.6805,257
2026-05-27T11:41:00+00:00,113.6685,113.683,113.6545,113.6845,274
2026-05-27T11:42:00+00:00,113.6835,113.6785,113.6695,113.6835,199
2026-05-27T11:43:00+00:00,113.678,113.7045,113.6735,113.7045,205
2026-05-27T11:44:00+00:00,113.7035,113.7175,113.7035,113.7185,177
2026-05-27T11:45:00+00:00,113.7185,113.7185,113.7115,113.719,196
2026-05-27T11:46:00+00:00,113.718,113.7085,113.708,113.7265,315
2026-05-27T11:47:00+00:00,113.709,113.715,113.7005,113.7155,284
2026-05-27T11:48:00+00:00,113.716,113.7045,113.697,113.717,283
2026-05-27T11:49:00+00:00,113.7055,113.697,113.6935,113.713,255
2026-05-27T11:50:00+00:00,113.6965,113.69,113.6805,113.6965,316
2026-05-27T11:51:00+00:00,113.69,113.6945,113.6885,113.697,191
2026-05-27T11:52:00+00:00,113.695,113.698,113.6945,113.708,189
2026-05-27T11:53:00+00:00,113.6985,113.7055,113.694,113.7065,223
2026-05-27T11:54:00+00:00,113.706,113.6965,113.6955,113.7095,243
2026-05-27T11:55:00+00:00,113.696,113.6865,113.6815,113.7005,364
2026-05-27T11:56:00+00:00,113.685,113.6925,113.685,113.6985,241
2026-05-27T11:57:00+00:00,113.692,113.698,113.689,113.699,278
2026-05-27T11:58:00+00:00,113.6975,113.716,113.697,113.7195,227
2026-05-27T11:59:00+00:00,113.716,113.7155,113.7065,113.721,284
2026-05-27T12:00:00+00:00,113.715,113.697,113.69,113.7215,535
2026-05-27T12:01:00+00:00,113.6975,113.6995,113.689,113.705,402
2026-05-27T12:02:00+00:00,113.7,113.691,113.69,113.7045,368
2026-05-27T12:03:00+00:00,113.692,113.686,113.6795,113.6935,279
2026-05-27T12:04:00+00:00,113.686,113.6865,113.681,113.6905,205
2026-05-27T12:05:00+00:00,113.686,113.692,113.6815,113.693,280
2026-05-27T12:06:00+00:00,113.6915,113.7,113.6835,113.7035,301
2026-05-27T12:07:00+00:00,113.6995,113.6915,113.688,113.7035,227
2026-05-27T12:08:00+00:00,113.692,113.683,113.6805,113.6925,149
2026-05-27T12:09:00+00:00,113.6825,113.67,113.659,113.6845,263
2026-05-27T12:10:00+00:00,113.6695,113.6665,113.663,113.6735,305
2026-05-27T12:11:00+00:00,113.6675,113.6715,113.666,113.679,248
2026-05-27T12:12:00+00:00,113.672,113.663,113.655,113.673,301
2026-05-27T12:13:00+00:00,113.6625,113.6465,113.6465,113.673,309
2026-05-27T12:14:00+00:00,113.647,113.615,113.615,113.6495,359
2026-05-27T12:15:00+00:00,113.6165,113.5905,113.587,113.6295,417
2026-05-27T12:16:00+00:00,113.591,113.607,113.5895,113.615,382
2026-05-27T12:17:00+00:00,113.6065,113.623,113.602,113.629,295
2026-05-27T12:18:00+00:00,113.624,113.694,113.6165,113.698,1672
2026-05-27T12:19:00+00:00,113.6945,113.7065,113.6885,113.75,1690
2026-05-27T12:20:00+00:00,113.706,113.718,113.6745,113.7205,1123
2026-05-27T12:21:00+00:00,113.7175,113.766,113.709,113.7735,1428
2026-05-27T12:22:00+00:00,113.7665,113.813,113.76,113.822,1669
2026-05-27T12:23:00+00:00,113.8135,113.768,113.7455,113.8225,1536
2026-05-27T12:24:00+00:00,113.7685,113.7735,113.745,113.7765,1070
2026-05-27T12:25:00+00:00,113.772,113.85,113.7705,113.85,936
2026-05-27T12:26:00+00:00,113.8505,113.8125,113.811,113.853,941
2026-05-27T12:27:00+00:00,113.812,113.783,113.7695,113.8175,765
2026-05-27T12:28:00+00:00,113.7825,113.82,113.781,113.8245,661
2026-05-27T12:29:00+00:00,113.8195,113.855,113.8145,113.8625,571
2026-05-27T12:30:00+00:00,113.854,113.8855,113.8515,113.894,790
2026-05-27T12:31:00+00:00,113.885,113.839,113.8385,113.888,599
2026-05-27T12:32:00+00:00,113.8385,113.825,113.8125,113.8405,628
2026-05-27T12:33:00+00:00,113.824,113.8235,113.8095,113.832,510
2026-05-27T12:34:00+00:00,113.824,113.832,113.795,113.8325,603
2026-05-27T12:35:00+00:00,113.8325,113.808,113.8015,113.8445,698
2026-05-27T12:36:00+00:00,113.8085,113.827,113.8065,113.8565,1215
2026-05-27T12:37:00+00:00,113.8275,113.7905,113.782,113.8325,1066
2026-05-27T12:38:00+00:00,113.79,113.791,113.768,113.795,710
2026-05-27T12:39:00+00:00,113.7915,113.7795,113.7675,113.796,644
2026-05-27T12:40:00+00:00,113.7805,113.769,113.767,113.783,813
2026-05-27T12:41:00+00:00,113.768,113.78,113.757,113.784,830
2026-05-27T12:42:00+00:00,113.7795,113.758,113.755,113.7845,654
2026-05-27T12:43:00+00:00,113.7575,113.775,113.748,113.782,519
2026-05-27T12:44:00+00:00,113.7745,113.7795,113.772,113.797,570
2026-05-27T12:45:00+00:00,113.779,113.767,113.7635,113.782,599
2026-05-27T12:46:00+00:00,113.766,113.755,113.7475,113.7665,453
2026-05-27T12:47:00+00:00,113.755,113.7565,113.739,113.761,486
2026-05-27T12:48:00+00:00,113.756,113.75,113.735,113.7575,519
2026-05-27T12:49:00+00:00,113.7505,113.748,113.742,113.763,580
2026-05-27T12:50:00+00:00,113.748,113.746,113.7385,113.7495,340
2026-05-27T12:51:00+00:00,113.745,113.759,113.7445,113.7665,359
2026-05-27T12:52:00+00:00,113.758,113.7735,113.7575,113.777,372
2026-05-27T12:53:00+00:00,113.773,113.7645,113.7595,113.774,385
2026-05-27T12:54:00+00:00,113.7655,113.7705,113.765,113.774,337
2026-05-27T12:55:00+00:00,113.77,113.77,113.769,113.7805,311
2026-05-27T12:56:00+00:00,113.7705,113.7655,113.764,113.7785,313
2026-05-27T12:57:00+00:00,113.765,113.7625,113.752,113.7685,413
2026-05-27T12:58:00+00:00,113.762,113.7375,113.736,113.7685,337
2026-05-27T12:59:00+00:00,113.738,113.727,113.702,113.742,650
2026-05-27T13:00:00+00:00,113.7265,113.7565,113.719,113.764,653
2026-05-27T13:01:00+00:00,113.756,113.743,113.739,113.765,555
2026-05-27T13:02:00+00:00,113.742,113.7955,113.741,113.796,581
2026-05-27T13:03:00+00:00,113.795,113.795,113.7835,113.7985,427
2026-05-27T13:04:00+00:00,113.7945,113.7645,113.759,113.796,542
2026-05-27T13:05:00+00:00,113.765,113.77,113.7585,113.779,532
2026-05-27T13:06:00+00:00,113.7695,113.7555,113.755,113.77,404
2026-05-27T13:07:00+00:00,113.755,113.751,113.7395,113.755,544
2026-05-27T13:08:00+00:00,113.7505,113.7405,113.735,113.7635,513
2026-05-27T13:09:00+00:00,113.7395,113.7335,113.7245,113.7505,525
2026-05-27T13:10:00+00:00,113.734,113.7685,113.7335,113.7695,531
2026-05-27T13:11:00+00:00,113.7695,113.767,113.752,113.776,475
2026-05-27T13:12:00+00:00,113.7675,113.761,113.7465,113.7715,399
2026-05-27T13:13:00+00:00,113.7605,113.7505,113.745,113.763,393
2026-05-27T13:14:00+00:00,113.75,113.739,113.738,113.7515,410
2026-05-27T13:15:00+00:00,113.7385,113.728,113.7185,113.743,404
2026-05-27T13:16:00+00:00,113.7285,113.7355,113.7135,113.736,498
2026-05-27T13:17:00+00:00,113.735,113.7365,113.7295,113.743,346
2026-05-27T13:18:00+00:00,113.737,113.7395,113.7325,113.7455,311
2026-05-27T13:19:00+00:00,113.7405,113.7455,113.739,113.76,333
2026-05-27T13:20:00+00:00,113.7455,113.7215,113.718,113.747,348
2026-05-27T13:21:00+00:00,113.721,113.718,113.715,113.728,429
2026-05-27T13:22:00+00:00,113.7175,113.714,113.706,113.724,430
2026-05-27T13:23:00+00:00,113.7145,113.718,113.712,113.7265,340
2026-05-27T13:24:00+00:00,113.7185,113.7325,113.7115,113.738,220
2026-05-27T13:25:00+00:00,113.732,113.7365,113.732,113.757,295
2026-05-27T13:26:00+00:00,113.737,113.755,113.735,113.7555,413
2026-05-27T13:27:00+00:00,113.7555,113.7205,113.713,113.7595,523
2026-05-27T13:28:00+00:00,113.72,113.7035,113.7005,113.725,474
2026-05-27T13:29:00+00:00,113.704,113.694,113.6825,113.704,534
2026-05-27T13:30:00+00:00,113.6935,113.7055,113.689,113.706,691
2026-05-27T13:31:00+00:00,113.705,113.7365,113.7035,113.7375,556
2026-05-27T13:32:00+00:00,113.737,113.7475,113.728,113.75,607
2026-05-27T13:33:00+00:00,113.747,113.7635,113.746,113.7835,723
2026-05-27T13:34:00+00:00,113.764,113.7765,113.7615,113.7805,593
2026-05-27T13:35:00+00:00,113.776,113.752,113.7465,113.78,584
2026-05-27T13:36:00+00:00,113.7515,113.7105,113.7105,113.7555,619
2026-05-27T13:37:00+00:00,113.71,113.7025,113.6915,113.7155,692
2026-05-27T13:38:00+00:00,113.703,113.7025,113.688,113.712,558
2026-05-27T13:39:00+00:00,113.702,113.7205,113.7005,113.7245,632
2026-05-27T13:40:00+00:00,113.721,113.736,113.718,113.744,592
2026-05-27T13:41:00+00:00,113.735,113.738,113.724,113.742,665
2026-05-27T13:42:00+00:00,113.7365,113.732,113.7255,113.743,609
2026-05-27T13:43:00+00:00,113.7315,113.71,113.708,113.733,529
2026-05-27T13:44:00+00:00,113.7105,113.7225,113.701,113.7255,671
2026-05-27T13:45:00+00:00,113.723,113.7545,113.7175,113.7545,785
2026-05-27T13:46:00+00:00,113.754,113.719,113.7155,113.754,838
2026-05-27T13:47:00+00:00,113.7195,113.7175,113.7045,113.7265,626
2026-05-27T13:48:00+00:00,113.718,113.7125,113.7105,113.7305,705
2026-05-27T13:49:00+00:00,113.7115,113.698,113.694,113.7125,794
2026-05-27T13:50:00+00:00,113.6975,113.7105,113.6895,113.7215,924
2026-05-27T13:51:00+00:00,113.71,113.742,113.7095,113.744,762
2026-05-27T13:52:00+00:00,113.7415,113.745,113.7235,113.7455,893
2026-05-27T13:53:00+00:00,113.7445,113.7265,113.7265,113.746,910
2026-05-27T13:54:00+00:00,113.727,113.7255,113.7075,113.731,909
2026-05-27T13:55:00+00:00,113.727,113.724,113.723,113.745,625
2026-05-27T13:56:00+00:00,113.7235,113.719,113.711,113.726,565
2026-05-27T13:57:00+00:00,113.7195,113.7385,113.7175,113.7395,522
2026-05-27T13:58:00+00:00,113.738,113.736,113.7265,113.738,428
2026-05-27T13:59:00+00:00,113.7355,113.7615,113.7345,113.767,450
2026-05-27T14:00:00+00:00,113.7625,113.7545,113.7495,113.783,547
2026-05-27T14:01:00+00:00,113.755,113.768,113.7505,113.7715,450
2026-05-27T14:02:00+00:00,113.7685,113.755,113.752,113.7695,440
2026-05-27T14:03:00+00:00,113.7555,113.739,113.7355,113.758,485
2026-05-27T14:04:00+00:00,113.7385,113.7455,113.725,113.7475,474
2026-05-27T14:05:00+00:00,113.745,113.7305,113.7285,113.748,405
2026-05-27T14:06:00+00:00,113.7295,113.732,113.7185,113.7415,511
2026-05-27T14:07:00+00:00,113.731,113.711,113.6995,113.7495,620
2026-05-27T14:08:00+00:00,113.7115,113.713,113.706,113.7255,670
2026-05-27T14:09:00+00:00,113.7135,113.7355,113.7115,113.737,574
2026-05-27T14:10:00+00:00,113.7365,113.732,113.7185,113.7415,447
2026-05-27T14:11:00+00:00,113.7315,113.727,113.7265,113.7405,463
2026-05-27T14:12:00+00:00,113.728,113.752,113.728,113.7605,469
2026-05-27T14:13:00+00:00,113.7515,113.7565,113.748,113.759,520
2026-05-27T14:14:00+00:00,113.757,113.7605,113.747,113.771,526
2026-05-27T14:15:00+00:00,113.7615,113.7545,113.7445,113.7645,468
2026-05-27T14:16:00+00:00,113.755,113.788,113.754,113.7965,608
2026-05-27T14:17:00+00:00,113.7875,113.801,113.783,113.8115,539
2026-05-27T14:18:00+00:00,113.8015,113.8125,113.795,113.8125,540
2026-05-27T14:19:00+00:00,113.8135,113.8215,113.804,113.823,482
2026-05-27T14:20:00+00:00,113.821,113.7955,113.786,113.8295,1025
2026-05-27T14:21:00+00:00,113.795,113.807,113.7915,113.824,546
2026-05-27T14:22:00+00:00,113.8075,113.7885,113.787,113.8145,609
2026-05-27T14:23:00+00:00,113.789,113.77,113.7695,113.795,582
2026-05-27T14:24:00+00:00,113.7695,113.725,113.7155,113.77,707
2026-05-27T14:25:00+00:00,113.7255,113.7535,113.7255,113.765,625
2026-05-27T14:26:00+00:00,113.7545,113.754,113.7395,113.764,502
2026-05-27T14:27:00+00:00,113.7535,113.7335,113.733,113.7635,424
2026-05-27T14:28:00+00:00,113.733,113.745,113.7215,113.753,591
2026-05-27T14:29:00+00:00,113.7445,113.7475,113.739,113.757,512
2026-05-27T14:30:00+00:00,113.747,113.7585,113.743,113.77,469
2026-05-27T14:31:00+00:00,113.758,113.7765,113.758,113.7795,381
2026-05-27T14:32:00+00:00,113.777,113.728,113.7275,113.7855,702
2026-05-27T14:33:00+00:00,113.7275,113.6785,113.6685,113.7605,1614
2026-05-27T14:34:00+00:00,113.679,113.709,113.655,113.7245,1305
2026-05-27T14:35:00+00:00,113.7085,113.7015,113.691,113.7145,1006
2026-05-27T14:36:00+00:00,113.701,113.7235,113.698,113.7325,650
2026-05-27T14:37:00+00:00,113.723,113.7205,113.71,113.737,489
2026-05-27T14:38:00+00:00,113.72,113.733,113.72,113.749,587
2026-05-27T14:39:00+00:00,113.7335,113.748,113.7275,113.749,394
2026-05-27T14:40:00+00:00,113.7475,113.742,113.73,113.754,514
2026-05-27T14:41:00+00:00,113.7415,113.7335,113.7235,113.7415,408
2026-05-27T14:42:00+00:00,113.733,113.72,113.705,113.733,587
2026-05-27T14:43:00+00:00,113.7195,113.7485,113.7175,113.758,556
2026-05-27T14:44:00+00:00,113.748,113.7595,113.7465,113.766,508
2026-05-27T14:45:00+00:00,113.759,113.784,113.7525,113.7845,509
2026-05-27T14:46:00+00:00,113.7835,113.7985,113.774,113.801,533
2026-05-27T14:47:00+00:00,113.798,113.8015,113.7955,113.8215,583
2026-05-27T14:48:00+00:00,113.802,113.7885,113.7655,113.8035,716
2026-05-27T14:49:00+00:00,113.789,113.7615,113.7595,113.7935,783
2026-05-27T14:50:00+00:00,113.762,113.75,113.7425,113.768,772
2026-05-27T14:51:00+00:00,113.7495,113.7445,113.74,113.7585,755
2026-05-27T14:52:00+00:00,113.7435,113.7285,113.7265,113.7525,591
2026-05-27T14:53:00+00:00,113.7275,113.719,113.7115,113.734,1001
2026-05-27T14:54:00+00:00,113.7195,113.7115,113.694,113.727,663
2026-05-27T14:55:00+00:00,113.711,113.678,113.675,113.711,783
2026-05-27T14:56:00+00:00,113.6775,113.6655,113.6635,113.6935,726
2026-05-27T14:57:00+00:00,113.665,113.654,113.6425,113.677,873
2026-05-27T14:58:00+00:00,113.6545,113.683,113.6485,113.69,636
2026-05-27T14:59:00+00:00,113.6825,113.686,113.6745,113.6885,713
2026-05-27T15:00:00+00:00,113.6865,113.6925,113.682,113.6955,643
2026-05-27T15:01:00+00:00,113.693,113.7185,113.6915,113.73,815
2026-05-27T15:02:00+00:00,113.719,113.7315,113.711,113.737,593
2026-05-27T15:03:00+00:00,113.731,113.749,113.729,113.7585,595
2026-05-27T15:04:00+00:00,113.7485,113.734,113.717,113.7535,821
2026-05-27T15:05:00+00:00,113.7345,113.7435,113.7345,113.7565,637
2026-05-27T15:06:00+00:00,113.744,113.7395,113.7385,113.761,495
2026-05-27T15:07:00+00:00,113.74,113.752,113.729,113.754,521
2026-05-27T15:08:00+00:00,113.7525,113.7655,113.7435,113.7695,555
2026-05-27T15:09:00+00:00,113.7645,113.763,113.7515,113.7695,520
2026-05-27T15:10:00+00:00,113.762,113.7605,113.7545,113.7675,492
2026-05-27T15:11:00+00:00,113.759,113.777,113.7585,113.7795,557
2026-05-27T15:12:00+00:00,113.7765,113.785,113.7755,113.7895,415
2026-05-27T15:13:00+00:00,113.784,113.7815,113.7775,113.789,419
2026-05-27T15:14:00+00:00,113.781,113.786,113.7805,113.7945,409
2026-05-27T15:15:00+00:00,113.7865,113.7855,113.78,113.7915,351
2026-05-27T15:16:00+00:00,113.785,113.791,113.785,113.7995,313
2026-05-27T15:17:00+00:00,113.7915,113.7965,113.7895,113.8025,362
2026-05-27T15:18:00+00:00,113.797,113.8075,113.796,113.81,375
2026-05-27T15:19:00+00:00,113.807,113.796,113.7915,113.807,239
2026-05-27T15:20:00+00:00,113.795,113.8055,113.7945,113.8155,390
2026-05-27T15:21:00+00:00,113.806,113.794,113.7905,113.811,365
2026-05-27T15:22:00+00:00,113.7935,113.7925,113.791,113.7995,258
2026-05-27T15:23:00+00:00,113.793,113.7965,113.791,113.8025,311
2026-05-27T15:24:00+00:00,113.7955,113.8095,113.7835,113.811,414
2026-05-27T15:25:00+00:00,113.809,113.8045,113.802,113.8195,384
2026-05-27T15:26:00+00:00,113.804,113.8185,113.8025,113.8275,305
2026-05-27T15:27:00+00:00,113.8185,113.8105,113.81,113.825,254
2026-05-27T15:28:00+00:00,113.811,113.818,113.807,113.8195,237
2026-05-27T15:29:00+00:00,113.8185,113.8175,113.811,113.8255,319
2026-05-27T15:30:00+00:00,113.8185,113.808,113.7985,113.8225,521
2026-05-27T15:31:00+00:00,113.809,113.8145,113.8025,113.8365,761
2026-05-27T15:32:00+00:00,113.815,113.812,113.8055,113.8205,467
2026-05-27T15:33:00+00:00,113.813,113.824,113.8075,113.8255,556
2026-05-27T15:34:00+00:00,113.825,113.816,113.8085,113.826,501
2026-05-27T15:35:00+00:00,113.815,113.788,113.7855,113.82,469
2026-05-27T15:36:00+00:00,113.7885,113.793,113.775,113.798,472
2026-05-27T15:37:00+00:00,113.7925,113.7825,113.7735,113.793,351
2026-05-27T15:38:00+00:00,113.783,113.7865,113.783,113.798,517
2026-05-27T15:39:00+00:00,113.786,113.794,113.775,113.796,390
2026-05-27T15:40:00+00:00,113.793,113.811,113.791,113.812,382
2026-05-27T15:41:00+00:00,113.8105,113.8065,113.8025,113.8245,336
2026-05-27T15:42:00+00:00,113.8055,113.7975,113.7865,113.813,337
2026-05-27T15:43:00+00:00,113.797,113.7865,113.781,113.801,383
2026-05-27T15:44:00+00:00,113.786,113.772,113.7705,113.796,667
2026-05-27T15:45:00+00:00,113.7715,113.773,113.767,113.7995,724
2026-05-27T15:46:00+00:00,113.7725,113.771,113.769,113.778,355
2026-05-27T15:47:00+00:00,113.7705,113.7405,113.74,113.771,409
2026-05-27T15:48:00+00:00,113.74,113.737,113.7345,113.745,278
2026-05-27T15:49:00+00:00,113.7365,113.7375,113.736,113.7485,410
2026-05-27T15:50:00+00:00,113.738,113.7575,113.737,113.7595,373
2026-05-27T15:51:00+00:00,113.757,113.743,113.743,113.758,383
2026-05-27T15:52:00+00:00,113.742,113.749,113.7355,113.755,318
2026-05-27T15:53:00+00:00,113.75,113.761,113.75,113.766,378
2026-05-27T15:54:00+00:00,113.76,113.7685,113.7425,113.7695,558
2026-05-27T15:55:00+00:00,113.7675,113.7735,113.7575,113.775,551
2026-05-27T15:56:00+00:00,113.773,113.7845,113.7695,113.7865,384
2026-05-27T15:57:00+00:00,113.784,113.795,113.782,113.7965,355
2026-05-27T15:58:00+00:00,113.7945,113.7855,113.783,113.7945,304
2026-05-27T15:59:00+00:00,113.785,113.793,113.78,113.7935,315
2026-05-27T16:00:00+00:00,113.794,113.8005,113.789,113.806,498
2026-05-27T16:01:00+00:00,113.8015,113.7945,113.793,113.8095,369
2026-05-27T16:02:00+00:00,113.7935,113.803,113.793,113.8045,313
2026-05-27T16:03:00+00:00,113.803,113.78,113.769,113.817,530
2026-05-27T16:04:00+00:00,113.781,113.7925,113.764,113.8005,763
2026-05-27T16:05:00+00:00,113.793,113.798,113.792,113.808,409
2026-05-27T16:06:00+00:00,113.7975,113.808,113.796,113.8115,353
2026-05-27T16:07:00+00:00,113.8085,113.797,113.794,113.81,394
2026-05-27T16:08:00+00:00,113.796,113.8065,113.7825,113.808,436
2026-05-27T16:09:00+00:00,113.806,113.816,113.8015,113.8165,254
2026-05-27T16:10:00+00:00,113.816,113.821,113.814,113.8265,288
2026-05-27T16:11:00+00:00,113.8205,113.8345,113.819,113.838,346
2026-05-27T16:12:00+00:00,113.8335,113.8415,113.8295,113.8435,327
2026-05-27T16:13:00+00:00,113.841,113.824,113.8235,113.842,291
2026-05-27T16:14:00+00:00,113.8235,113.83,113.8225,113.833,228
2026-05-27T16:15:00+00:00,113.8305,113.846,113.8305,113.8465,143
2026-05-27T16:16:00+00:00,113.8455,113.845,113.84,113.8495,219
2026-05-27T16:17:00+00:00,113.8455,113.8495,113.8385,113.851,307
2026-05-27T16:18:00+00:00,113.849,113.8675,113.849,113.8675,299
2026-05-27T16:19:00+00:00,113.868,113.8525,113.8495,113.8685,233
2026-05-27T16:20:00+00:00,113.852,113.8605,113.852,113.867,210
2026-05-27T16:21:00+00:00,113.861,113.8665,113.8605,113.871,208
2026-05-27T16:22:00+00:00,113.866,113.8685,113.862,113.873,289
2026-05-27T16:23:00+00:00,113.8685,113.867,113.86,113.8705,195
2026-05-27T16:24:00+00:00,113.867,113.8405,113.837,113.867,277
2026-05-27T16:25:00+00:00,113.839,113.8475,113.8375,113.849,316
2026-05-27T16:26:00+00:00,113.848,113.8465,113.8425,113.8525,329
2026-05-27T16:27:00+00:00,113.847,113.8515,113.8405,113.8545,277
2026-05-27T16:28:00+00:00,113.8515,113.8405,113.837,113.8535,185
2026-05-27T16:29:00+00:00,113.841,113.848,113.8395,113.851,246
2026-05-27T16:30:00+00:00,113.8485,113.8365,113.836,113.854,258
2026-05-27T16:31:00+00:00,113.837,113.854,113.8335,113.855,259
2026-05-27T16:32:00+00:00,113.8545,113.852,113.849,113.8585,281
2026-05-27T16:33:00+00:00,113.8515,113.8475,113.8455,113.855,228
2026-05-27T16:34:00+00:00,113.8465,113.8585,113.844,113.8585,181
2026-05-27T16:35:00+00:00,113.859,113.857,113.856,113.8605,129
2026-05-27T16:36:00+00:00,113.8565,113.8585,113.8555,113.865,243
2026-05-27T16:37:00+00:00,113.858,113.8525,113.8485,113.859,196
2026-05-27T16:38:00+00:00,113.853,113.851,113.847,113.854,244
2026-05-27T16:39:00+00:00,113.8505,113.8485,113.8475,113.8565,198
2026-05-27T16:40:00+00:00,113.8475,113.866,113.8475,113.8685,231
2026-05-27T16:41:00+00:00,113.8665,113.8605,113.8595,113.876,206
2026-05-27T16:42:00+00:00,113.8605,113.8615,113.856,113.866,186
2026-05-27T16:43:00+00:00,113.862,113.8645,113.8605,113.8665,162
2026-05-27T16:44:00+00:00,113.865,113.8685,113.8595,113.8695,169
2026-05-27T16:45:00+00:00,113.869,113.871,113.868,113.8745,196
2026-05-27T16:46:00+00:00,113.8715,113.8785,113.8625,113.8795,166
2026-05-27T16:47:00+00:00,113.878,113.8835,113.876,113.8845,130
2026-05-27T16:48:00+00:00,113.884,113.8885,113.879,113.8925,291
2026-05-27T16:49:00+00:00,113.888,113.887,113.8855,113.8915,203
2026-05-27T16:50:00+00:00,113.888,113.8805,113.8745,113.8915,175
2026-05-27T16:51:00+00:00,113.881,113.889,113.8805,113.891,182
2026-05-27T16:52:00+00:00,113.8895,113.8855,113.885,113.8915,209
2026-05-27T16:53:00+00:00,113.886,113.887,113.8815,113.8875,225
2026-05-27T16:54:00+00:00,113.8865,113.8775,113.876,113.888,231
2026-05-27T16:55:00+00:00,113.878,113.8685,113.8675,113.878,156
2026-05-27T16:56:00+00:00,113.868,113.87,113.863,113.8745,218
2026-05-27T16:57:00+00:00,113.8705,113.8645,113.8635,113.874,282
2026-05-27T16:58:00+00:00,113.865,113.8735,113.862,113.8765,281
2026-05-27T16:59:00+00:00,113.874,113.869,113.8645,113.875,177
2026-05-27T17:00:00+00:00,113.8695,113.876,113.866,113.8785,231
2026-05-27T17:01:00+00:00,113.876,113.859,113.8545,113.8765,264
2026-05-27T17:02:00+00:00,113.8575,113.8575,113.8475,113.861,418
2026-05-27T17:03:00+00:00,113.8585,113.8555,113.8455,113.865,294
2026-05-27T17:04:00+00:00,113.857,113.8495,113.846,113.861,254
2026-05-27T17:05:00+00:00,113.8505,113.863,113.8495,113.865,201
2026-05-27T17:06:00+00:00,113.862,113.8445,113.843,113.862,298
2026-05-27T17:07:00+00:00,113.845,113.82,113.8165,113.846,388
2026-05-27T17:08:00+00:00,113.8195,113.7915,113.786,113.822,602
2026-05-27T17:09:00+00:00,113.791,113.796,113.791,113.8175,448
2026-05-27T17:10:00+00:00,113.797,113.811,113.7955,113.8145,379
2026-05-27T17:11:00+00:00,113.812,113.804,113.8005,113.8185,361
2026-05-27T17:12:00+00:00,113.804,113.8085,113.799,113.8115,346
2026-05-27T17:13:00+00:00,113.808,113.804,113.8,113.808,258
2026-05-27T17:14:00+00:00,113.8055,113.809,113.7995,113.8105,243
2026-05-27T17:15:00+00:00,113.8085,113.83,113.8005,113.83,239
2026-05-27T17:16:00+00:00,113.831,113.828,113.8225,113.8345,275
2026-05-27T17:17:00+00:00,113.8285,113.8365,113.8265,113.8375,225
2026-05-27T17:18:00+00:00,113.836,113.8255,113.8175,113.838,307
2026-05-27T17:19:00+00:00,113.826,113.824,113.8155,113.8295,269
2026-05-27T17:20:00+00:00,113.8235,113.8305,113.82,113.833,187
2026-05-27T17:21:00+00:00,113.8305,113.823,113.822,113.8315,271
2026-05-27T17:22:00+00:00,113.8225,113.8255,113.8215,113.8325,232
2026-05-27T17:23:00+00:00,113.8245,113.827,113.8215,113.8325,248
2026-05-27T17:24:00+00:00,113.8275,113.831,113.826,113.834,197
2026-05-27T17:25:00+00:00,113.8305,113.8285,113.8275,113.838,236
2026-05-27T17:26:00+00:00,113.829,113.83,113.8275,113.8335,163
2026-05-27T17:27:00+00:00,113.8305,113.823,113.822,113.833,167
2026-05-27T17:28:00+00:00,113.8225,113.823,113.8205,113.8275,113
2026-05-27T17:29:00+00:00,113.8235,113.826,113.823,113.8375,295
2026-05-27T17:30:00+00:00,113.8265,113.8285,113.825,113.8305,183
2026-05-27T17:31:00+00:00,113.829,113.8225,113.821,113.8305,239
2026-05-27T17:32:00+00:00,113.822,113.826,113.82,113.8265,166
2026-05-27T17:33:00+00:00,113.8255,113.8305,113.8235,113.8325,217
2026-05-27T17:34:00+00:00,113.8295,113.8325,113.8265,113.837,153
2026-05-27T17:35:00+00:00,113.832,113.8335,113.824,113.837,211
2026-05-27T17:36:00+00:00,113.8345,113.8345,113.8245,113.835,224
2026-05-27T17:37:00+00:00,113.835,113.825,113.824,113.8365,232
2026-05-27T17:38:00+00:00,113.8255,113.834,113.824,113.836,278
2026-05-27T17:39:00+00:00,113.8345,113.828,113.826,113.8385,226
2026-05-27T17:40:00+00:00,113.829,113.829,113.8235,113.8345,220
2026-05-27T17:41:00+00:00,113.8285,113.836,113.8275,113.8385,135
2026-05-27T17:42:00+00:00,113.8355,113.826,113.8255,113.8365,158
2026-05-27T17:43:00+00:00,113.825,113.8275,113.82,113.8285,222
2026-05-27T17:44:00+00:00,113.8275,113.816,113.8155,113.8275,142
2026-05-27T17:45:00+00:00,113.8155,113.8215,113.814,113.826,137
2026-05-27T17:46:00+00:00,113.823,113.8265,113.8205,113.8285,228
2026-05-27T17:47:00+00:00,113.826,113.816,113.816,113.828,162
2026-05-27T17:48:00+00:00,113.8165,113.818,113.8125,113.82,137
2026-05-27T17:49:00+00:00,113.8185,113.8295,113.8185,113.8295,131
2026-05-27T17:50:00+00:00,113.829,113.837,113.829,113.839,151
2026-05-27T17:51:00+00:00,113.8375,113.8455,113.835,113.847,140
2026-05-27T17:52:00+00:00,113.846,113.8375,113.832,113.8465,156
2026-05-27T17:53:00+00:00,113.837,113.838,113.8305,113.84,131
2026-05-27T17:54:00+00:00,113.8375,113.83,113.83,113.842,179
2026-05-27T17:55:00+00:00,113.8315,113.8395,113.831,113.8475,188
2026-05-27T17:56:00+00:00,113.84,113.841,113.8395,113.851,183
2026-05-27T17:57:00+00:00,113.8405,113.8415,113.836,113.843,160
2026-05-27T17:58:00+00:00,113.842,113.84,113.836,113.843,117
2026-05-27T17:59:00+00:00,113.8415,113.8295,113.8265,113.8415,194
2026-05-27T18:00:00+00:00,113.829,113.82,113.814,113.8325,278
2026-05-27T18:01:00+00:00,113.82,113.82,113.816,113.826,202
2026-05-27T18:02:00+00:00,113.8205,113.8205,113.818,113.829,246
2026-05-27T18:03:00+00:00,113.8215,113.8255,113.82,113.827,217
2026-05-27T18:04:00+00:00,113.8265,113.823,113.8185,113.8265,183
2026-05-27T18:05:00+00:00,113.823,113.8225,113.817,113.826,248
2026-05-27T18:06:00+00:00,113.8225,113.8265,113.815,113.8275,187
2026-05-27T18:07:00+00:00,113.827,113.8295,113.826,113.83,141
2026-05-27T18:08:00+00:00,113.83,113.8265,113.822,113.83,148
2026-05-27T18:09:00+00:00,113.827,113.8225,113.8215,113.83,113
2026-05-27T18:10:00+00:00,113.823,113.8195,113.815,113.824,117
2026-05-27T18:11:00+00:00,113.8185,113.8105,113.808,113.82,159
2026-05-27T18:12:00+00:00,113.8095,113.8155,113.8065,113.816,177
2026-05-27T18:13:00+00:00,113.8155,113.8125,113.8115,113.8165,176
2026-05-27T18:14:00+00:00,113.8125,113.822,113.812,113.823,206
2026-05-27T18:15:00+00:00,113.822,113.822,113.8135,113.8225,213
2026-05-27T18:16:00+00:00,113.8225,113.82,113.8175,113.827,252
2026-05-27T18:17:00+00:00,113.8195,113.825,113.818,113.8275,264
2026-05-27T18:18:00+00:00,113.8245,113.8265,113.8195,113.829,181
2026-05-27T18:19:00+00:00,113.826,113.8225,113.8225,113.828,143
2026-05-27T18:20:00+00:00,113.822,113.831,113.822,113.8335,198
2026-05-27T18:21:00+00:00,113.8305,113.8255,113.825,113.8355,203
2026-05-27T18:22:00+00:00,113.8255,113.8285,113.8255,113.831,162
2026-05-27T18:23:00+00:00,113.8295,113.832,113.8245,113.833,182
2026-05-27T18:24:00+00:00,113.832,113.8335,113.826,113.834,182
2026-05-27T18:25:00+00:00,113.833,113.8385,113.831,113.839,158
2026-05-27T18:26:00+00:00,113.8395,113.848,113.839,113.848,90
2026-05-27T18:27:00+00:00,113.8475,113.8445,113.841,113.8555,227
2026-05-27T18:28:00+00:00,113.844,113.849,113.84,113.85,267
2026-05-27T18:29:00+00:00,113.848,113.8535,113.847,113.856,90
2026-05-27T18:30:00+00:00,113.854,113.8545,113.8485,113.8575,280
2026-05-27T18:31:00+00:00,113.854,113.846,113.8435,113.855,185
2026-05-27T18:32:00+00:00,113.8465,113.839,113.8365,113.8465,157
2026-05-27T18:33:00+00:00,113.8385,113.838,113.837,113.8485,197
2026-05-27T18:34:00+00:00,113.8385,113.837,113.8315,113.839,143
2026-05-27T18:35:00+00:00,113.8365,113.838,113.8365,113.8445,150
2026-05-27T18:36:00+00:00,113.8385,113.85,113.8355,113.8545,164
2026-05-27T18:37:00+00:00,113.85,113.8435,113.842,113.852,181
2026-05-27T18:38:00+00:00,113.843,113.8425,113.8415,113.848,162
2026-05-27T18:39:00+00:00,113.8425,113.854,113.842,113.854,186
2026-05-27T18:40:00+00:00,113.854,113.852,113.8485,113.857,103
2026-05-27T18:41:00+00:00,113.8535,113.8565,113.8505,113.8595,93
2026-05-27T18:42:00+00:00,113.8565,113.861,113.8515,113.861,164
2026-05-27T18:43:00+00:00,113.8605,113.8645,113.86,113.87,214
2026-05-27T18:44:00+00:00,113.865,113.8615,113.858,113.865,117
2026-05-27T18:45:00+00:00,113.861,113.8555,113.854,113.861,158
2026-05-27T18:46:00+00:00,113.8555,113.854,113.8525,113.856,138
2026-05-27T18:47:00+00:00,113.854,113.8625,113.853,113.863,213
2026-05-27T18:48:00+00:00,113.862,113.858,113.855,113.862,111
2026-05-27T18:49:00+00:00,113.859,113.861,113.854,113.863,163
2026-05-27T18:50:00+00:00,113.8605,113.862,113.8595,113.876,161
2026-05-27T18:51:00+00:00,113.8625,113.87,113.8605,113.8725,147
2026-05-27T18:52:00+00:00,113.87,113.8655,113.863,113.8715,128
2026-05-27T18:53:00+00:00,113.8665,113.867,113.864,113.8735,133
2026-05-27T18:54:00+00:00,113.866,113.8665,113.861,113.871,111
2026-05-27T18:55:00+00:00,113.866,113.8805,113.866,113.8805,147
2026-05-27T18:56:00+00:00,113.88,113.8835,113.876,113.8845,152
2026-05-27T18:57:00+00:00,113.8845,113.874,113.8735,113.8865,128
2026-05-27T18:58:00+00:00,113.8735,113.874,113.868,113.8775,175
2026-05-27T18:59:00+00:00,113.876,113.8735,113.8705,113.878,158
2026-05-27T19:00:00+00:00,113.8725,113.8655,113.8635,113.8775,166
2026-05-27T19:01:00+00:00,113.8645,113.8765,113.863,113.8765,196
2026-05-27T19:02:00+00:00,113.8755,113.8825,113.873,113.8845,173
2026-05-27T19:03:00+00:00,113.8825,113.8865,113.8815,113.8865,78
2026-05-27T19:04:00+00:00,113.8855,113.892,113.8845,113.8975,148
2026-05-27T19:05:00+00:00,113.8915,113.9085,113.8915,113.9095,165
2026-05-27T19:06:00+00:00,113.909,113.9195,113.907,113.92,137
2026-05-27T19:07:00+00:00,113.92,113.921,113.9145,113.922,103
2026-05-27T19:08:00+00:00,113.922,113.915,113.914,113.924,136
2026-05-27T19:09:00+00:00,113.9155,113.9175,113.9135,113.919,99
2026-05-27T19:10:00+00:00,113.9175,113.9245,113.916,113.926,114
2026-05-27T19:11:00+00:00,113.925,113.9185,113.9175,113.926,89
2026-05-27T19:12:00+00:00,113.9185,113.9215,113.915,113.923,131
2026-05-27T19:13:00+00:00,113.923,113.9225,113.919,113.9245,131
2026-05-27T19:14:00+00:00,113.9215,113.9255,113.919,113.929,180
2026-05-27T19:15:00+00:00,113.925,113.9205,113.9205,113.93,169
2026-05-27T19:16:00+00:00,113.9205,113.9185,113.9145,113.921,262
2026-05-27T19:17:00+00:00,113.919,113.9215,113.9185,113.926,139
2026-05-27T19:18:00+00:00,113.922,113.9175,113.916,113.9235,178
2026-05-27T19:19:00+00:00,113.917,113.9185,113.9135,113.92,154
2026-05-27T19:20:00+00:00,113.918,113.919,113.916,113.9215,174
2026-05-27T19:21:00+00:00,113.919,113.916,113.9155,113.9205,100
2026-05-27T19:22:00+00:00,113.9165,113.918,113.9165,113.92,129
2026-05-27T19:23:00+00:00,113.918,113.9245,113.917,113.927,108
2026-05-27T19:24:00+00:00,113.9235,113.92,113.919,113.9245,106
2026-05-27T19:25:00+00:00,113.9205,113.913,113.912,113.921,75
2026-05-27T19:26:00+00:00,113.913,113.911,113.909,113.9165,126
2026-05-27T19:27:00+00:00,113.911,113.909,113.904,113.9115,243
2026-05-27T19:28:00+00:00,113.908,113.905,113.8975,113.911,127
2026-05-27T19:29:00+00:00,113.904,113.9045,113.8995,113.9055,90
2026-05-27T19:30:00+00:00,113.905,113.8965,113.895,113.9065,211
2026-05-27T19:31:00+00:00,113.8965,113.8995,113.893,113.901,102
2026-05-27T19:32:00+00:00,113.898,113.903,113.8945,113.9125,166
