timestamp_utc,open,close,min,max,volume
2026-05-21T12:04:00+00:00,1.62743,1.62744,1.62738,1.627525,516
2026-05-21T12:05:00+00:00,1.627435,1.62746,1.627385,1.62754,478
2026-05-21T12:06:00+00:00,1.627475,1.627405,1.627385,1.62752,350
2026-05-21T12:07:00+00:00,1.627415,1.62746,1.627385,1.627495,262
2026-05-21T12:08:00+00:00,1.62745,1.627585,1.627425,1.627695,459
2026-05-21T12:09:00+00:00,1.62759,1.62725,1.627225,1.62759,590
2026-05-21T12:10:00+00:00,1.627255,1.627205,1.62718,1.627375,489
2026-05-21T12:11:00+00:00,1.6272,1.62739,1.62717,1.627435,444
2026-05-21T12:12:00+00:00,1.627385,1.627345,1.62732,1.62744,378
2026-05-21T12:13:00+00:00,1.62734,1.627415,1.62731,1.627495,442
2026-05-21T12:14:00+00:00,1.627405,1.627255,1.627255,1.627405,313
2026-05-21T12:15:00+00:00,1.62726,1.62747,1.62726,1.62748,272
2026-05-21T12:16:00+00:00,1.627465,1.62749,1.62744,1.627585,422
2026-05-21T12:17:00+00:00,1.627495,1.62751,1.62743,1.62758,503
2026-05-21T12:18:00+00:00,1.627505,1.627385,1.62734,1.62755,417
2026-05-21T12:19:00+00:00,1.627375,1.627335,1.627185,1.62743,403
2026-05-21T12:20:00+00:00,1.62733,1.627515,1.62733,1.62755,481
2026-05-21T12:21:00+00:00,1.627505,1.62764,1.627505,1.627735,649
2026-05-21T12:22:00+00:00,1.627635,1.627775,1.627595,1.627835,469
2026-05-21T12:23:00+00:00,1.62779,1.627705,1.6277,1.627915,411
2026-05-21T12:24:00+00:00,1.62772,1.62762,1.62762,1.62776,471
2026-05-21T12:25:00+00:00,1.627625,1.627635,1.62755,1.627755,419
2026-05-21T12:26:00+00:00,1.62764,1.627795,1.627615,1.6278,387
2026-05-21T12:27:00+00:00,1.6278,1.627525,1.62752,1.627825,357
2026-05-21T12:28:00+00:00,1.62752,1.62729,1.627275,1.62763,388
2026-05-21T12:29:00+00:00,1.627295,1.627445,1.627245,1.627445,409
2026-05-21T12:30:00+00:00,1.627435,1.62729,1.62716,1.62752,351
2026-05-21T12:31:00+00:00,1.62728,1.62726,1.627185,1.627385,255
2026-05-21T12:32:00+00:00,1.627265,1.62745,1.62703,1.627455,291
2026-05-21T12:33:00+00:00,1.627455,1.627255,1.626875,1.627545,1546
2026-05-21T12:34:00+00:00,1.62726,1.627035,1.626775,1.62726,979
2026-05-21T12:35:00+00:00,1.627025,1.62729,1.626945,1.627315,885
2026-05-21T12:36:00+00:00,1.627285,1.6273,1.62712,1.62738,738
2026-05-21T12:37:00+00:00,1.627295,1.627395,1.62727,1.62752,733
2026-05-21T12:38:00+00:00,1.6274,1.627205,1.62718,1.627455,804
2026-05-21T12:39:00+00:00,1.6272,1.626955,1.626935,1.62726,884
2026-05-21T12:40:00+00:00,1.626965,1.62726,1.626945,1.627305,910
2026-05-21T12:41:00+00:00,1.627265,1.627605,1.62719,1.6277,926
2026-05-21T12:42:00+00:00,1.6276,1.627595,1.62748,1.62763,753
2026-05-21T12:43:00+00:00,1.62759,1.62763,1.62753,1.627735,427
2026-05-21T12:44:00+00:00,1.627625,1.62766,1.62758,1.627785,738
2026-05-21T12:45:00+00:00,1.62767,1.627595,1.627535,1.627735,611
2026-05-21T12:46:00+00:00,1.627605,1.62782,1.62742,1.62783,745
2026-05-21T12:47:00+00:00,1.627825,1.627725,1.62769,1.627855,741
2026-05-21T12:48:00+00:00,1.62772,1.62755,1.62746,1.627775,800
2026-05-21T12:49:00+00:00,1.627555,1.62746,1.627425,1.627655,656
2026-05-21T12:50:00+00:00,1.627455,1.627565,1.627415,1.62761,499
2026-05-21T12:51:00+00:00,1.62757,1.627665,1.627565,1.62775,578
2026-05-21T12:52:00+00:00,1.627655,1.62783,1.627655,1.62788,627
2026-05-21T12:53:00+00:00,1.627835,1.6279,1.627705,1.627915,566
2026-05-21T12:54:00+00:00,1.627905,1.627565,1.62749,1.62793,629
2026-05-21T12:55:00+00:00,1.62757,1.6276,1.62737,1.6276,632
2026-05-21T12:56:00+00:00,1.62759,1.627655,1.62759,1.62786,499
2026-05-21T12:57:00+00:00,1.627645,1.627725,1.62754,1.627725,444
2026-05-21T12:58:00+00:00,1.627715,1.627535,1.62752,1.62772,440
2026-05-21T12:59:00+00:00,1.62753,1.627645,1.62752,1.62773,533
2026-05-21T13:00:00+00:00,1.627635,1.62761,1.62743,1.62783,951
2026-05-21T13:01:00+00:00,1.627615,1.62771,1.62761,1.62783,380
2026-05-21T13:02:00+00:00,1.6277,1.62751,1.627485,1.627725,504
2026-05-21T13:03:00+00:00,1.627505,1.62753,1.627465,1.627675,566
2026-05-21T13:04:00+00:00,1.627525,1.627345,1.627305,1.62753,521
2026-05-21T13:05:00+00:00,1.62734,1.62744,1.627335,1.6275,606
2026-05-21T13:06:00+00:00,1.627425,1.62745,1.62737,1.62757,478
2026-05-21T13:07:00+00:00,1.627445,1.62754,1.62734,1.627545,472
2026-05-21T13:08:00+00:00,1.627535,1.62777,1.62753,1.62786,715
2026-05-21T13:09:00+00:00,1.627765,1.62788,1.627765,1.6281,570
2026-05-21T13:10:00+00:00,1.627885,1.62808,1.62788,1.62819,662
2026-05-21T13:11:00+00:00,1.62809,1.6279,1.62788,1.628185,681
2026-05-21T13:12:00+00:00,1.62791,1.627825,1.627735,1.62791,427
2026-05-21T13:13:00+00:00,1.62783,1.627985,1.627755,1.62799,529
2026-05-21T13:14:00+00:00,1.62798,1.62797,1.627885,1.628005,484
2026-05-21T13:15:00+00:00,1.627975,1.62805,1.627955,1.62811,552
2026-05-21T13:16:00+00:00,1.628055,1.62783,1.62781,1.628095,430
2026-05-21T13:17:00+00:00,1.627835,1.62776,1.627745,1.627895,358
2026-05-21T13:18:00+00:00,1.627755,1.627875,1.627725,1.627875,493
2026-05-21T13:19:00+00:00,1.627865,1.62769,1.627645,1.627885,686
2026-05-21T13:20:00+00:00,1.627695,1.62747,1.627455,1.627785,597
2026-05-21T13:21:00+00:00,1.627475,1.62747,1.627445,1.627705,684
2026-05-21T13:22:00+00:00,1.62746,1.62742,1.62738,1.627565,538
2026-05-21T13:23:00+00:00,1.62741,1.62733,1.627265,1.62744,446
2026-05-21T13:24:00+00:00,1.627345,1.627505,1.62727,1.62756,516
2026-05-21T13:25:00+00:00,1.62749,1.627305,1.627305,1.627575,417
2026-05-21T13:26:00+00:00,1.62731,1.62729,1.62717,1.62735,351
2026-05-21T13:27:00+00:00,1.627295,1.627155,1.627155,1.62735,374
2026-05-21T13:28:00+00:00,1.627165,1.62716,1.62713,1.62723,409
2026-05-21T13:29:00+00:00,1.627155,1.627045,1.627045,1.627265,478
2026-05-21T13:30:00+00:00,1.627035,1.627225,1.62701,1.62724,1236
2026-05-21T13:31:00+00:00,1.62723,1.627265,1.627175,1.6274,891
2026-05-21T13:32:00+00:00,1.62728,1.627175,1.62707,1.62729,840
2026-05-21T13:33:00+00:00,1.627185,1.6275,1.627145,1.62752,860
2026-05-21T13:34:00+00:00,1.627505,1.62713,1.627125,1.62754,818
2026-05-21T13:35:00+00:00,1.62712,1.62708,1.62702,1.627245,1151
2026-05-21T13:36:00+00:00,1.627085,1.627025,1.62699,1.62717,836
2026-05-21T13:37:00+00:00,1.62702,1.626935,1.626885,1.627135,939
2026-05-21T13:38:00+00:00,1.62694,1.626995,1.626845,1.62711,984
2026-05-21T13:39:00+00:00,1.627,1.627095,1.626855,1.62714,989
2026-05-21T13:40:00+00:00,1.62709,1.626745,1.62673,1.62721,976
2026-05-21T13:41:00+00:00,1.62675,1.62675,1.62668,1.627,796
2026-05-21T13:42:00+00:00,1.626755,1.62656,1.62648,1.62687,811
2026-05-21T13:43:00+00:00,1.626555,1.626725,1.62655,1.62676,608
2026-05-21T13:44:00+00:00,1.62672,1.626955,1.62669,1.62698,1016
2026-05-21T13:45:00+00:00,1.62695,1.626895,1.626745,1.62707,626
2026-05-21T13:46:00+00:00,1.62689,1.62675,1.62673,1.626995,667
2026-05-21T13:47:00+00:00,1.62674,1.626855,1.62666,1.626905,793
2026-05-21T13:48:00+00:00,1.62686,1.626645,1.6266,1.627,1074
2026-05-21T13:49:00+00:00,1.62664,1.626845,1.626575,1.62689,961
2026-05-21T13:50:00+00:00,1.62682,1.6266,1.626585,1.626855,904
2026-05-21T13:51:00+00:00,1.62661,1.62655,1.62648,1.626835,921
2026-05-21T13:52:00+00:00,1.626565,1.62647,1.62625,1.6266,1904
2026-05-21T13:53:00+00:00,1.62648,1.62602,1.626015,1.62648,1499
2026-05-21T13:54:00+00:00,1.62601,1.62626,1.62583,1.626285,1509
2026-05-21T13:55:00+00:00,1.62625,1.62633,1.625965,1.62638,1426
2026-05-21T13:56:00+00:00,1.626325,1.626595,1.626285,1.626595,1268
2026-05-21T13:57:00+00:00,1.6266,1.62629,1.62601,1.62663,1191
2026-05-21T13:58:00+00:00,1.62628,1.62607,1.626015,1.6264,1050
2026-05-21T13:59:00+00:00,1.626075,1.625995,1.62576,1.626105,896
2026-05-21T14:00:00+00:00,1.626,1.625995,1.625845,1.6261,1009
2026-05-21T14:01:00+00:00,1.626,1.626135,1.625895,1.626185,957
2026-05-21T14:02:00+00:00,1.62615,1.626415,1.6261,1.62644,1013
2026-05-21T14:03:00+00:00,1.62642,1.626535,1.626315,1.626545,917
2026-05-21T14:04:00+00:00,1.62654,1.62661,1.626405,1.62665,886
2026-05-21T14:05:00+00:00,1.626615,1.62662,1.6265,1.626665,900
2026-05-21T14:06:00+00:00,1.626615,1.62654,1.626465,1.626755,890
2026-05-21T14:07:00+00:00,1.626525,1.62656,1.626415,1.62658,1061
2026-05-21T14:08:00+00:00,1.62655,1.62663,1.62648,1.62667,693
2026-05-21T14:09:00+00:00,1.626625,1.626575,1.626495,1.626665,769
2026-05-21T14:10:00+00:00,1.62657,1.62661,1.626515,1.62669,647
2026-05-21T14:11:00+00:00,1.626605,1.62675,1.626535,1.626765,551
2026-05-21T14:12:00+00:00,1.626755,1.62691,1.62672,1.62692,583
2026-05-21T14:13:00+00:00,1.62691,1.62681,1.62674,1.626985,851
2026-05-21T14:14:00+00:00,1.626795,1.62659,1.62647,1.626885,756
2026-05-21T14:15:00+00:00,1.62657,1.626575,1.626445,1.626685,1207
2026-05-21T14:16:00+00:00,1.626585,1.62643,1.62642,1.62669,906
2026-05-21T14:17:00+00:00,1.626435,1.62643,1.626215,1.626465,782
2026-05-21T14:18:00+00:00,1.626435,1.62647,1.62642,1.626645,650
2026-05-21T14:19:00+00:00,1.626465,1.62641,1.62629,1.626535,793
2026-05-21T14:20:00+00:00,1.626415,1.626465,1.626365,1.62656,1035
2026-05-21T14:21:00+00:00,1.62647,1.626365,1.62636,1.626535,1088
2026-05-21T14:22:00+00:00,1.62637,1.626415,1.62619,1.62647,959
2026-05-21T14:23:00+00:00,1.626405,1.626465,1.6263,1.626545,1008
2026-05-21T14:24:00+00:00,1.62647,1.62611,1.626095,1.626525,850
2026-05-21T14:25:00+00:00,1.62612,1.62604,1.625945,1.62617,905
2026-05-21T14:26:00+00:00,1.626035,1.62625,1.62603,1.62633,756
2026-05-21T14:27:00+00:00,1.626255,1.62616,1.626135,1.62629,976
2026-05-21T14:28:00+00:00,1.62617,1.626005,1.625925,1.6262,935
2026-05-21T14:29:00+00:00,1.626,1.625995,1.625925,1.62607,700
2026-05-21T14:30:00+00:00,1.626,1.62598,1.62579,1.626025,816
2026-05-21T14:31:00+00:00,1.625985,1.6262,1.625955,1.626245,800
2026-05-21T14:32:00+00:00,1.626205,1.62606,1.626045,1.626215,735
2026-05-21T14:33:00+00:00,1.626055,1.62607,1.625965,1.62613,805
2026-05-21T14:34:00+00:00,1.626065,1.62583,1.62582,1.626125,592
2026-05-21T14:35:00+00:00,1.62584,1.625775,1.625725,1.62599,696
2026-05-21T14:36:00+00:00,1.62577,1.62571,1.62564,1.625795,609
2026-05-21T14:37:00+00:00,1.625705,1.62568,1.62558,1.62575,621
2026-05-21T14:38:00+00:00,1.625685,1.625755,1.625675,1.625885,545
2026-05-21T14:39:00+00:00,1.62575,1.625865,1.62572,1.625885,554
2026-05-21T14:40:00+00:00,1.625855,1.62578,1.62576,1.62606,849
2026-05-21T14:41:00+00:00,1.625785,1.625545,1.62549,1.625815,814
2026-05-21T14:42:00+00:00,1.62555,1.625625,1.625525,1.62572,489
2026-05-21T14:43:00+00:00,1.62562,1.625795,1.62559,1.62587,554
2026-05-21T14:44:00+00:00,1.62579,1.62584,1.625745,1.625855,478
2026-05-21T14:45:00+00:00,1.625835,1.62586,1.625805,1.625965,604
2026-05-21T14:46:00+00:00,1.625855,1.6258,1.625775,1.626005,737
2026-05-21T14:47:00+00:00,1.62581,1.6259,1.6258,1.62596,650
2026-05-21T14:48:00+00:00,1.625905,1.62593,1.625805,1.626035,677
2026-05-21T14:49:00+00:00,1.625925,1.625875,1.625845,1.62601,609
2026-05-21T14:50:00+00:00,1.62587,1.6259,1.625715,1.62605,673
2026-05-21T14:51:00+00:00,1.62591,1.62574,1.625605,1.625965,642
2026-05-21T14:52:00+00:00,1.625735,1.625205,1.625185,1.625735,738
2026-05-21T14:53:00+00:00,1.62521,1.62511,1.6248,1.62522,834
2026-05-21T14:54:00+00:00,1.625115,1.62497,1.624855,1.625145,888
2026-05-21T14:55:00+00:00,1.624965,1.624755,1.624695,1.625065,740
2026-05-21T14:56:00+00:00,1.62476,1.624805,1.62467,1.62492,461
2026-05-21T14:57:00+00:00,1.62481,1.62456,1.62444,1.62491,657
2026-05-21T14:58:00+00:00,1.624565,1.624465,1.62445,1.624605,460
2026-05-21T14:59:00+00:00,1.62448,1.624545,1.62444,1.624605,574
2026-05-21T15:00:00+00:00,1.62455,1.62476,1.624445,1.624825,667
2026-05-21T15:01:00+00:00,1.624765,1.624755,1.624695,1.62482,617
2026-05-21T15:02:00+00:00,1.624745,1.624795,1.624725,1.62486,718
2026-05-21T15:03:00+00:00,1.624785,1.62485,1.62473,1.624955,753
2026-05-21T15:04:00+00:00,1.624855,1.62498,1.624825,1.62505,735
2026-05-21T15:05:00+00:00,1.62499,1.625335,1.62499,1.625385,661
2026-05-21T15:06:00+00:00,1.625345,1.62527,1.62511,1.625405,1099
2026-05-21T15:07:00+00:00,1.625265,1.62563,1.62517,1.625675,1234
2026-05-21T15:08:00+00:00,1.625625,1.62594,1.62562,1.626035,1196
2026-05-21T15:09:00+00:00,1.625955,1.625635,1.625625,1.62602,960
2026-05-21T15:10:00+00:00,1.62564,1.62563,1.62561,1.62601,977
2026-05-21T15:11:00+00:00,1.62564,1.625675,1.62556,1.625805,741
2026-05-21T15:12:00+00:00,1.62569,1.625425,1.62538,1.62576,830
2026-05-21T15:13:00+00:00,1.62543,1.62504,1.6249,1.625485,1146
2026-05-21T15:14:00+00:00,1.625045,1.62511,1.62489,1.625255,1425
2026-05-21T15:15:00+00:00,1.625115,1.62494,1.62486,1.625195,1184
2026-05-21T15:16:00+00:00,1.624945,1.62514,1.62491,1.62517,931
2026-05-21T15:17:00+00:00,1.62513,1.62517,1.625005,1.625275,952
2026-05-21T15:18:00+00:00,1.625175,1.6251,1.625065,1.625245,819
2026-05-21T15:19:00+00:00,1.625105,1.625245,1.625045,1.625255,793
2026-05-21T15:20:00+00:00,1.62524,1.625175,1.62511,1.62528,694
2026-05-21T15:21:00+00:00,1.625165,1.625345,1.62515,1.625375,821
2026-05-21T15:22:00+00:00,1.62534,1.62526,1.625255,1.62541,578
2026-05-21T15:23:00+00:00,1.625265,1.62544,1.625235,1.62544,658
2026-05-21T15:24:00+00:00,1.625445,1.625515,1.62536,1.62558,628
2026-05-21T15:25:00+00:00,1.62552,1.625515,1.62549,1.625655,577
2026-05-21T15:26:00+00:00,1.625505,1.62545,1.6254,1.625555,413
2026-05-21T15:27:00+00:00,1.625455,1.625255,1.62523,1.625455,619
2026-05-21T15:28:00+00:00,1.62525,1.625175,1.62516,1.625285,451
2026-05-21T15:29:00+00:00,1.625165,1.62514,1.625035,1.6252,548
2026-05-21T15:30:00+00:00,1.625155,1.62532,1.625105,1.625345,671
2026-05-21T15:31:00+00:00,1.625325,1.62536,1.62531,1.62547,538
2026-05-21T15:32:00+00:00,1.625355,1.62529,1.62527,1.625465,391
2026-05-21T15:33:00+00:00,1.625285,1.625295,1.62527,1.625425,430
2026-05-21T15:34:00+00:00,1.6253,1.62526,1.625195,1.62536,756
2026-05-21T15:35:00+00:00,1.625265,1.625115,1.62501,1.6253,767
2026-05-21T15:36:00+00:00,1.62511,1.624965,1.62492,1.62522,560
2026-05-21T15:37:00+00:00,1.62497,1.624795,1.62475,1.625005,463
2026-05-21T15:38:00+00:00,1.6248,1.624705,1.62466,1.624845,438
2026-05-21T15:39:00+00:00,1.62471,1.62449,1.624425,1.624735,430
2026-05-21T15:40:00+00:00,1.624495,1.624655,1.624445,1.62471,448
2026-05-21T15:41:00+00:00,1.62465,1.62477,1.6246,1.624805,421
2026-05-21T15:42:00+00:00,1.624775,1.62467,1.62465,1.624795,563
2026-05-21T15:43:00+00:00,1.62468,1.624645,1.6246,1.624745,457
2026-05-21T15:44:00+00:00,1.62465,1.624695,1.624645,1.624795,395
2026-05-21T15:45:00+00:00,1.62469,1.624765,1.62465,1.62479,426
2026-05-21T15:46:00+00:00,1.62477,1.624805,1.62472,1.624845,401
2026-05-21T15:47:00+00:00,1.6248,1.624625,1.624625,1.624825,490
2026-05-21T15:48:00+00:00,1.6246,1.624625,1.62444,1.624645,510
2026-05-21T15:49:00+00:00,1.62463,1.62459,1.62456,1.62467,403
2026-05-21T15:50:00+00:00,1.624585,1.62462,1.624555,1.624695,325
2026-05-21T15:51:00+00:00,1.62463,1.624595,1.62447,1.624685,430
2026-05-21T15:52:00+00:00,1.6246,1.624495,1.62447,1.62466,449
2026-05-21T15:53:00+00:00,1.6245,1.624535,1.62449,1.624705,382
2026-05-21T15:54:00+00:00,1.624535,1.624435,1.62438,1.624585,305
2026-05-21T15:55:00+00:00,1.624445,1.62464,1.624445,1.62464,448
2026-05-21T15:56:00+00:00,1.624645,1.62462,1.62458,1.62465,306
2026-05-21T15:57:00+00:00,1.624625,1.624605,1.624505,1.62466,325
2026-05-21T15:58:00+00:00,1.6246,1.624645,1.624495,1.62465,313
2026-05-21T15:59:00+00:00,1.62467,1.62469,1.624625,1.62479,276
2026-05-21T16:00:00+00:00,1.624675,1.62447,1.62442,1.62469,621
2026-05-21T16:01:00+00:00,1.624475,1.624285,1.62413,1.624505,704
2026-05-21T16:02:00+00:00,1.62429,1.62432,1.62419,1.624375,506
2026-05-21T16:03:00+00:00,1.624315,1.62419,1.624165,1.62438,445
2026-05-21T16:04:00+00:00,1.624185,1.62421,1.624155,1.624325,359
2026-05-21T16:05:00+00:00,1.6242,1.62403,1.62402,1.624255,471
2026-05-21T16:06:00+00:00,1.62404,1.624,1.623995,1.62415,513
2026-05-21T16:07:00+00:00,1.62399,1.62379,1.623775,1.624045,513
2026-05-21T16:08:00+00:00,1.623785,1.62345,1.62341,1.623835,452
2026-05-21T16:09:00+00:00,1.62347,1.623535,1.6234,1.62356,444
2026-05-21T16:10:00+00:00,1.623555,1.62368,1.623555,1.62383,587
2026-05-21T16:11:00+00:00,1.623685,1.62386,1.623605,1.623985,596
2026-05-21T16:12:00+00:00,1.623855,1.62401,1.623845,1.624015,529
2026-05-21T16:13:00+00:00,1.624015,1.624005,1.623965,1.62417,981
2026-05-21T16:14:00+00:00,1.62399,1.623965,1.62394,1.62412,456
2026-05-21T16:15:00+00:00,1.62396,1.624115,1.62394,1.624215,545
2026-05-21T16:16:00+00:00,1.62412,1.624065,1.62402,1.624195,484
2026-05-21T16:17:00+00:00,1.62406,1.62415,1.624005,1.62421,442
2026-05-21T16:18:00+00:00,1.62415,1.624235,1.624115,1.62424,362
2026-05-21T16:19:00+00:00,1.62423,1.624245,1.62419,1.6243,379
2026-05-21T16:20:00+00:00,1.62425,1.62432,1.6242,1.624375,572
2026-05-21T16:21:00+00:00,1.624315,1.62428,1.624195,1.62434,528
2026-05-21T16:22:00+00:00,1.624275,1.62431,1.62416,1.62438,748
2026-05-21T16:23:00+00:00,1.624305,1.62437,1.624275,1.62445,591
2026-05-21T16:24:00+00:00,1.62438,1.624485,1.62437,1.62451,344
2026-05-21T16:25:00+00:00,1.624495,1.62441,1.6244,1.624515,302
2026-05-21T16:26:00+00:00,1.624405,1.624425,1.624345,1.62448,334
2026-05-21T16:27:00+00:00,1.624425,1.624295,1.624275,1.624445,468
2026-05-21T16:28:00+00:00,1.62429,1.624415,1.624285,1.624445,357
2026-05-21T16:29:00+00:00,1.62441,1.6244,1.62437,1.62444,309
2026-05-21T16:30:00+00:00,1.624395,1.624345,1.624315,1.62451,378
2026-05-21T16:31:00+00:00,1.624365,1.62452,1.624345,1.62455,497
2026-05-21T16:32:00+00:00,1.624515,1.62462,1.624515,1.624735,525
2026-05-21T16:33:00+00:00,1.624615,1.62465,1.624575,1.62469,391
2026-05-21T16:34:00+00:00,1.624645,1.62472,1.62461,1.624735,338
2026-05-21T16:35:00+00:00,1.62473,1.62463,1.624595,1.62474,357
2026-05-21T16:36:00+00:00,1.624625,1.624695,1.62457,1.62475,459
2026-05-21T16:37:00+00:00,1.6247,1.624665,1.62463,1.62474,443
2026-05-21T16:38:00+00:00,1.62466,1.624805,1.62465,1.624835,513
2026-05-21T16:39:00+00:00,1.6248,1.62464,1.62459,1.62484,388
2026-05-21T16:40:00+00:00,1.624645,1.62459,1.624585,1.62477,427
2026-05-21T16:41:00+00:00,1.624595,1.624735,1.62459,1.624825,380
2026-05-21T16:42:00+00:00,1.62473,1.624795,1.624725,1.624855,207
2026-05-21T16:43:00+00:00,1.624805,1.624895,1.624785,1.62498,264
2026-05-21T16:44:00+00:00,1.624905,1.62493,1.624825,1.62496,201
2026-05-21T16:45:00+00:00,1.624925,1.624965,1.624875,1.625005,297
2026-05-21T16:46:00+00:00,1.624975,1.62509,1.624935,1.62513,402
2026-05-21T16:47:00+00:00,1.6251,1.625145,1.6251,1.625225,280
2026-05-21T16:48:00+00:00,1.625135,1.6251,1.62496,1.62519,354
2026-05-21T16:49:00+00:00,1.625095,1.62509,1.625045,1.625195,297
2026-05-21T16:50:00+00:00,1.625085,1.62528,1.625085,1.6253,294
2026-05-21T16:51:00+00:00,1.625285,1.625075,1.625045,1.625295,388
2026-05-21T16:52:00+00:00,1.62507,1.62505,1.62499,1.62508,289
2026-05-21T16:53:00+00:00,1.625055,1.624975,1.624945,1.625095,412
2026-05-21T16:54:00+00:00,1.62498,1.62495,1.62491,1.625015,172
2026-05-21T16:55:00+00:00,1.624945,1.624955,1.624915,1.62505,372
2026-05-21T16:56:00+00:00,1.62495,1.62486,1.624815,1.624965,531
2026-05-21T16:57:00+00:00,1.62486,1.62474,1.624685,1.624885,421
2026-05-21T16:58:00+00:00,1.624735,1.62473,1.6247,1.624855,377
2026-05-21T16:59:00+00:00,1.624725,1.624685,1.624675,1.624805,278
2026-05-21T17:00:00+00:00,1.62469,1.624605,1.62457,1.62472,421
2026-05-21T17:01:00+00:00,1.624615,1.62462,1.62458,1.62468,387
2026-05-21T17:02:00+00:00,1.624615,1.624815,1.624605,1.624815,469
2026-05-21T17:03:00+00:00,1.6248,1.624805,1.624695,1.624835,443
2026-05-21T17:04:00+00:00,1.6248,1.624835,1.624795,1.624895,296
2026-05-21T17:05:00+00:00,1.62483,1.624875,1.624795,1.624925,272
2026-05-21T17:06:00+00:00,1.62488,1.624725,1.624705,1.62488,369
2026-05-21T17:07:00+00:00,1.624715,1.62469,1.62466,1.62479,300
2026-05-21T17:08:00+00:00,1.624685,1.624745,1.62464,1.624765,246
2026-05-21T17:09:00+00:00,1.62474,1.624655,1.62465,1.62476,307
2026-05-21T17:10:00+00:00,1.62466,1.624135,1.62412,1.62467,1512
2026-05-21T17:11:00+00:00,1.62412,1.623805,1.623635,1.62417,1572
2026-05-21T17:12:00+00:00,1.6238,1.62352,1.62323,1.6238,1426
2026-05-21T17:13:00+00:00,1.623515,1.624085,1.623515,1.624215,1340
2026-05-21T17:14:00+00:00,1.62408,1.62391,1.62387,1.62412,955
2026-05-21T17:15:00+00:00,1.623915,1.623375,1.623285,1.6241,1487
2026-05-21T17:16:00+00:00,1.62338,1.6232,1.623015,1.62348,1870
2026-05-21T17:17:00+00:00,1.62319,1.623465,1.622965,1.623535,1677
2026-05-21T17:18:00+00:00,1.62346,1.62358,1.62339,1.623735,1653
2026-05-21T17:19:00+00:00,1.623575,1.62348,1.623465,1.62375,1124
2026-05-21T17:20:00+00:00,1.623485,1.62319,1.623065,1.623545,1209
2026-05-21T17:21:00+00:00,1.623185,1.622835,1.62276,1.62326,1181
2026-05-21T17:22:00+00:00,1.622825,1.623105,1.62266,1.623145,1269
2026-05-21T17:23:00+00:00,1.6231,1.623325,1.62298,1.62346,1439
2026-05-21T17:24:00+00:00,1.62331,1.62313,1.62306,1.623355,947
2026-05-21T17:25:00+00:00,1.623135,1.62305,1.622995,1.62318,758
2026-05-21T17:26:00+00:00,1.623045,1.62309,1.622955,1.623145,782
2026-05-21T17:27:00+00:00,1.623085,1.62301,1.622855,1.623145,952
2026-05-21T17:28:00+00:00,1.623015,1.62295,1.62294,1.623215,986
2026-05-21T17:29:00+00:00,1.622975,1.6228,1.622715,1.622995,876
2026-05-21T17:30:00+00:00,1.622795,1.62263,1.62257,1.622895,844
2026-05-21T17:31:00+00:00,1.622635,1.62252,1.6225,1.62283,929
2026-05-21T17:32:00+00:00,1.622515,1.622445,1.62237,1.622585,897
2026-05-21T17:33:00+00:00,1.62245,1.622925,1.622395,1.62298,1079
2026-05-21T17:34:00+00:00,1.62292,1.62284,1.62274,1.623045,1037
2026-05-21T17:35:00+00:00,1.622835,1.622815,1.62277,1.622895,993
2026-05-21T17:36:00+00:00,1.62283,1.62263,1.622565,1.62287,736
2026-05-21T17:37:00+00:00,1.622625,1.622575,1.622525,1.62265,764
2026-05-21T17:38:00+00:00,1.622565,1.622515,1.622505,1.62265,790
2026-05-21T17:39:00+00:00,1.62251,1.622225,1.62219,1.62255,699
2026-05-21T17:40:00+00:00,1.622235,1.622175,1.622055,1.62227,730
2026-05-21T17:41:00+00:00,1.62218,1.622345,1.622175,1.62239,775
2026-05-21T17:42:00+00:00,1.62235,1.622315,1.62224,1.622395,914
2026-05-21T17:43:00+00:00,1.62231,1.622265,1.622175,1.622405,724
2026-05-21T17:44:00+00:00,1.62226,1.6221,1.62209,1.62229,763
2026-05-21T17:45:00+00:00,1.62211,1.622615,1.62209,1.622645,894
2026-05-21T17:46:00+00:00,1.62261,1.622495,1.62245,1.622685,761
2026-05-21T17:47:00+00:00,1.6225,1.62254,1.62241,1.622555,780
2026-05-21T17:48:00+00:00,1.622535,1.622515,1.622465,1.622645,696
2026-05-21T17:49:00+00:00,1.62252,1.622485,1.62241,1.622705,633
2026-05-21T17:50:00+00:00,1.62249,1.62254,1.622455,1.62262,620
2026-05-21T17:51:00+00:00,1.622545,1.62228,1.62226,1.622585,810
2026-05-21T17:52:00+00:00,1.62229,1.622285,1.622235,1.622425,741
2026-05-21T17:53:00+00:00,1.622295,1.62259,1.62228,1.62261,598
2026-05-21T17:54:00+00:00,1.622585,1.622525,1.622395,1.622645,668
2026-05-21T17:55:00+00:00,1.62252,1.622455,1.622345,1.62254,708
2026-05-21T17:56:00+00:00,1.62247,1.622595,1.62242,1.622655,735
2026-05-21T17:57:00+00:00,1.622585,1.622625,1.6225,1.62266,557
2026-05-21T17:58:00+00:00,1.62263,1.622705,1.62238,1.62273,775
2026-05-21T17:59:00+00:00,1.622685,1.6229,1.622625,1.62294,543
2026-05-21T18:00:00+00:00,1.622895,1.62281,1.622765,1.62297,795
2026-05-21T18:01:00+00:00,1.622805,1.623175,1.622725,1.62322,799
2026-05-21T18:02:00+00:00,1.62317,1.623095,1.62303,1.62332,833
2026-05-21T18:03:00+00:00,1.623105,1.622925,1.622905,1.62323,625
2026-05-21T18:04:00+00:00,1.622915,1.62348,1.622915,1.623605,1123
2026-05-21T18:05:00+00:00,1.623475,1.62349,1.623465,1.623685,1121
2026-05-21T18:06:00+00:00,1.62349,1.623555,1.623365,1.62362,615
2026-05-21T18:07:00+00:00,1.623535,1.62343,1.62343,1.623665,558
2026-05-21T18:08:00+00:00,1.623435,1.6234,1.62339,1.623545,587
2026-05-21T18:09:00+00:00,1.623415,1.62337,1.623295,1.62342,475
2026-05-21T18:10:00+00:00,1.623365,1.623605,1.62331,1.62362,487
2026-05-21T18:11:00+00:00,1.6236,1.623535,1.62348,1.6237,773
2026-05-21T18:12:00+00:00,1.623525,1.623595,1.623525,1.623655,544
2026-05-21T18:13:00+00:00,1.6236,1.6238,1.62359,1.62384,495
2026-05-21T18:14:00+00:00,1.623815,1.62383,1.623705,1.623905,461
2026-05-21T18:15:00+00:00,1.62382,1.623885,1.62377,1.62392,495
2026-05-21T18:16:00+00:00,1.623865,1.62388,1.6238,1.623935,505
2026-05-21T18:17:00+00:00,1.623875,1.623885,1.62387,1.62403,523
2026-05-21T18:18:00+00:00,1.623895,1.62375,1.623735,1.623915,397
2026-05-21T18:19:00+00:00,1.623755,1.62364,1.62353,1.623775,447
2026-05-21T18:20:00+00:00,1.62364,1.62352,1.62345,1.62367,442
2026-05-21T18:21:00+00:00,1.623535,1.62354,1.6234,1.623575,470
2026-05-21T18:22:00+00:00,1.623545,1.623515,1.623455,1.62363,498
2026-05-21T18:23:00+00:00,1.62351,1.623555,1.62344,1.623635,428
2026-05-21T18:24:00+00:00,1.623545,1.62336,1.623345,1.62357,398
2026-05-21T18:25:00+00:00,1.62338,1.62339,1.623305,1.62344,504
2026-05-21T18:26:00+00:00,1.623395,1.623385,1.623365,1.62348,505
2026-05-21T18:27:00+00:00,1.62338,1.623395,1.62332,1.623415,497
2026-05-21T18:28:00+00:00,1.62339,1.62328,1.623265,1.623415,465
2026-05-21T18:29:00+00:00,1.623285,1.623435,1.62325,1.623465,426
2026-05-21T18:30:00+00:00,1.623445,1.623395,1.623365,1.623545,491
2026-05-21T18:31:00+00:00,1.6234,1.623325,1.62323,1.6234,456
2026-05-21T18:32:00+00:00,1.623325,1.62339,1.623235,1.623435,388
2026-05-21T18:33:00+00:00,1.623395,1.623545,1.62339,1.623585,524
2026-05-21T18:34:00+00:00,1.62354,1.62348,1.623435,1.623605,404
2026-05-21T18:35:00+00:00,1.623475,1.62383,1.623465,1.623835,361
2026-05-21T18:36:00+00:00,1.62383,1.62373,1.623715,1.62385,408
2026-05-21T18:37:00+00:00,1.623725,1.623725,1.623655,1.623765,384
2026-05-21T18:38:00+00:00,1.62373,1.6238,1.623715,1.6239,390
2026-05-21T18:39:00+00:00,1.623795,1.62373,1.623715,1.62385,395
2026-05-21T18:40:00+00:00,1.623735,1.62342,1.623415,1.623735,485
2026-05-21T18:41:00+00:00,1.623415,1.623415,1.623345,1.62351,479
2026-05-21T18:42:00+00:00,1.623415,1.62341,1.623375,1.62349,347
2026-05-21T18:43:00+00:00,1.623405,1.623415,1.62338,1.62346,380
2026-05-21T18:44:00+00:00,1.62342,1.623485,1.62339,1.623505,252
2026-05-21T18:45:00+00:00,1.62348,1.62358,1.623425,1.623635,360
2026-05-21T18:46:00+00:00,1.62358,1.623645,1.62355,1.623755,392
2026-05-21T18:47:00+00:00,1.62365,1.623615,1.623565,1.623665,407
2026-05-21T18:48:00+00:00,1.62361,1.6238,1.62354,1.624055,967
2026-05-21T18:49:00+00:00,1.623795,1.62399,1.62376,1.624085,1239
2026-05-21T18:50:00+00:00,1.62398,1.623795,1.62375,1.624065,834
2026-05-21T18:51:00+00:00,1.623785,1.623705,1.623705,1.623895,679
2026-05-21T18:52:00+00:00,1.62371,1.624425,1.6237,1.624455,1584
2026-05-21T18:53:00+00:00,1.624415,1.624775,1.624255,1.62483,1181
2026-05-21T18:54:00+00:00,1.624785,1.62484,1.62448,1.624865,1552
2026-05-21T18:55:00+00:00,1.624835,1.624855,1.62463,1.62502,1577
2026-05-21T18:56:00+00:00,1.62486,1.624915,1.624715,1.624995,1152
2026-05-21T18:57:00+00:00,1.62493,1.624835,1.62477,1.625015,1017
2026-05-21T18:58:00+00:00,1.624845,1.62471,1.6247,1.624905,884
2026-05-21T18:59:00+00:00,1.624715,1.624575,1.62454,1.624785,756
2026-05-21T19:00:00+00:00,1.62458,1.6245,1.62443,1.6246,701
2026-05-21T19:01:00+00:00,1.624505,1.624365,1.624325,1.624595,766
2026-05-21T19:02:00+00:00,1.62437,1.62447,1.624275,1.624485,695
2026-05-21T19:03:00+00:00,1.624475,1.62422,1.62418,1.624475,650
2026-05-21T19:04:00+00:00,1.624235,1.624195,1.624135,1.624295,529
2026-05-21T19:05:00+00:00,1.62419,1.624205,1.6241,1.624295,548
2026-05-21T19:06:00+00:00,1.624215,1.62455,1.624115,1.624705,650
2026-05-21T19:07:00+00:00,1.624555,1.62461,1.62455,1.62475,616
2026-05-21T19:08:00+00:00,1.624605,1.62434,1.6243,1.62464,655
2026-05-21T19:09:00+00:00,1.624355,1.624365,1.62432,1.62444,420
2026-05-21T19:10:00+00:00,1.62437,1.624465,1.62434,1.62451,474
2026-05-21T19:11:00+00:00,1.62446,1.62457,1.624425,1.62457,445
2026-05-21T19:12:00+00:00,1.624565,1.624385,1.62433,1.62464,346
2026-05-21T19:13:00+00:00,1.62439,1.62439,1.624255,1.624445,333
2026-05-21T19:14:00+00:00,1.624385,1.62433,1.62432,1.6245,364
2026-05-21T19:15:00+00:00,1.624325,1.624195,1.62419,1.62435,368
2026-05-21T19:16:00+00:00,1.62418,1.624225,1.62416,1.62427,284
2026-05-21T19:17:00+00:00,1.62423,1.624085,1.624065,1.624245,265
2026-05-21T19:18:00+00:00,1.62408,1.624105,1.62407,1.624155,231
2026-05-21T19:19:00+00:00,1.6241,1.624125,1.62407,1.62419,235
2026-05-21T19:20:00+00:00,1.624115,1.624185,1.624025,1.624195,320
2026-05-21T19:21:00+00:00,1.62419,1.62432,1.62416,1.62433,277
2026-05-21T19:22:00+00:00,1.624315,1.62425,1.62423,1.624375,315
2026-05-21T19:23:00+00:00,1.62426,1.624275,1.624245,1.624325,166
2026-05-21T19:24:00+00:00,1.62426,1.624225,1.624175,1.624285,241
2026-05-21T19:25:00+00:00,1.624225,1.62427,1.624175,1.624305,268
2026-05-21T19:26:00+00:00,1.62428,1.624275,1.624195,1.62431,203
2026-05-21T19:27:00+00:00,1.624285,1.624275,1.62424,1.62429,170
2026-05-21T19:28:00+00:00,1.62428,1.624265,1.62422,1.624325,207
2026-05-21T19:29:00+00:00,1.62426,1.62422,1.62419,1.624355,319
2026-05-21T19:30:00+00:00,1.62423,1.62406,1.623985,1.624235,343
2026-05-21T19:31:00+00:00,1.62405,1.624005,1.623985,1.624115,264
2026-05-21T19:32:00+00:00,1.62401,1.62393,1.623925,1.624035,257
2026-05-21T19:33:00+00:00,1.623935,1.623765,1.623735,1.623965,358
2026-05-21T19:34:00+00:00,1.62376,1.623865,1.623715,1.62388,274
2026-05-21T19:35:00+00:00,1.62386,1.623955,1.623765,1.623985,382
2026-05-21T19:36:00+00:00,1.62396,1.624045,1.623955,1.624105,233
2026-05-21T19:37:00+00:00,1.62404,1.624165,1.623955,1.62417,260
2026-05-21T19:38:00+00:00,1.624155,1.62406,1.62396,1.624185,253
2026-05-21T19:39:00+00:00,1.62406,1.62414,1.62404,1.624155,197
2026-05-21T19:40:00+00:00,1.624135,1.624285,1.624055,1.624295,429
2026-05-21T19:41:00+00:00,1.62429,1.624305,1.62425,1.624345,261
2026-05-21T19:42:00+00:00,1.62431,1.624335,1.62424,1.62441,472
2026-05-21T19:43:00+00:00,1.62433,1.624175,1.62414,1.624405,415
2026-05-21T19:44:00+00:00,1.62418,1.62414,1.62406,1.62418,372
2026-05-21T19:45:00+00:00,1.624135,1.624125,1.624095,1.624215,342
2026-05-21T19:46:00+00:00,1.62412,1.62419,1.624055,1.6242,309
2026-05-21T19:47:00+00:00,1.62419,1.624105,1.62406,1.62422,319
2026-05-21T19:48:00+00:00,1.62411,1.62417,1.624075,1.62417,205
2026-05-21T19:49:00+00:00,1.624175,1.624175,1.624145,1.624245,189
2026-05-21T19:50:00+00:00,1.62418,1.62419,1.624095,1.624265,445
2026-05-21T19:51:00+00:00,1.6242,1.624245,1.62415,1.624265,286
2026-05-21T19:52:00+00:00,1.624255,1.62415,1.62414,1.624265,158
2026-05-21T19:53:00+00:00,1.624145,1.624255,1.624095,1.624315,511
2026-05-21T19:54:00+00:00,1.62425,1.62458,1.62425,1.62473,972
2026-05-21T19:55:00+00:00,1.62457,1.62451,1.624375,1.624715,595
2026-05-21T19:56:00+00:00,1.624505,1.62423,1.62423,1.62453,800
2026-05-21T19:57:00+00:00,1.624235,1.62418,1.624035,1.6243,533
2026-05-21T19:58:00+00:00,1.624185,1.624285,1.62416,1.62434,451
2026-05-21T19:59:00+00:00,1.624255,1.62434,1.62418,1.62441,617
2026-05-21T20:00:00+00:00,1.624345,1.62428,1.62426,1.624465,630
2026-05-21T20:01:00+00:00,1.624285,1.624355,1.624245,1.624405,298
2026-05-21T20:02:00+00:00,1.62435,1.624265,1.62422,1.62439,248
2026-05-21T20:03:00+00:00,1.624265,1.624335,1.62426,1.62437,254
2026-05-21T20:04:00+00:00,1.62433,1.624445,1.62428,1.62447,253
2026-05-21T20:05:00+00:00,1.62445,1.624455,1.624385,1.624545,241
2026-05-21T20:06:00+00:00,1.62446,1.624435,1.624415,1.624495,213
2026-05-21T20:07:00+00:00,1.62443,1.62457,1.624375,1.624595,276
2026-05-21T20:08:00+00:00,1.624565,1.624635,1.624555,1.62471,228
2026-05-21T20:09:00+00:00,1.62463,1.624725,1.624615,1.62474,163
2026-05-21T20:10:00+00:00,1.62473,1.62473,1.624685,1.62474,88
2026-05-21T20:11:00+00:00,1.624735,1.624745,1.62471,1.624785,133
2026-05-21T20:12:00+00:00,1.62474,1.62465,1.624635,1.62476,58
2026-05-21T20:13:00+00:00,1.624655,1.624605,1.624565,1.624655,78
2026-05-21T20:14:00+00:00,1.624615,1.624615,1.624595,1.62465,85
2026-05-21T20:15:00+00:00,1.624605,1.624695,1.624605,1.62471,151
2026-05-21T20:16:00+00:00,1.62469,1.62462,1.624595,1.624705,143
2026-05-21T20:17:00+00:00,1.62462,1.624705,1.62462,1.624725,95
2026-05-21T20:18:00+00:00,1.624715,1.62468,1.624675,1.624765,87
2026-05-21T20:19:00+00:00,1.624695,1.624665,1.624645,1.6247,79
2026-05-21T20:20:00+00:00,1.624665,1.62471,1.62461,1.624725,163
2026-05-21T20:21:00+00:00,1.62472,1.62467,1.624665,1.624745,151
2026-05-21T20:22:00+00:00,1.62466,1.624715,1.62465,1.62476,98
2026-05-21T20:23:00+00:00,1.624705,1.624555,1.62455,1.624715,113
2026-05-21T20:24:00+00:00,1.624555,1.624575,1.6245,1.624585,83
2026-05-21T20:25:00+00:00,1.62458,1.62466,1.624545,1.624665,145
2026-05-21T20:26:00+00:00,1.62466,1.624805,1.62464,1.62482,161
2026-05-21T20:27:00+00:00,1.62481,1.62476,1.62474,1.62484,89
2026-05-21T20:28:00+00:00,1.62476,1.624775,1.624755,1.62479,25
2026-05-21T20:29:00+00:00,1.624775,1.62477,1.62474,1.624835,76
2026-05-21T20:30:00+00:00,1.624765,1.624645,1.624615,1.62482,103
2026-05-21T20:31:00+00:00,1.62465,1.62455,1.62452,1.624655,75
2026-05-21T20:32:00+00:00,1.624545,1.624495,1.624495,1.624555,59
2026-05-21T20:33:00+00:00,1.624495,1.624535,1.62446,1.624545,97
2026-05-21T20:34:00+00:00,1.624535,1.624535,1.624515,1.624585,86
2026-05-21T20:35:00+00:00,1.62453,1.62453,1.624515,1.624555,59
2026-05-21T20:36:00+00:00,1.624535,1.6246,1.62452,1.6246,68
2026-05-21T20:37:00+00:00,1.6246,1.6246,1.624575,1.624605,37
2026-05-21T20:38:00+00:00,1.624605,1.624625,1.62456,1.624655,137
2026-05-21T20:39:00+00:00,1.624625,1.624605,1.624515,1.624625,57
2026-05-21T20:40:00+00:00,1.62461,1.624565,1.62453,1.624635,70
2026-05-21T20:41:00+00:00,1.62456,1.624585,1.62453,1.624595,62
2026-05-21T20:42:00+00:00,1.62459,1.624675,1.624585,1.624675,45
2026-05-21T20:43:00+00:00,1.624675,1.624635,1.624605,1.62471,138
2026-05-21T20:44:00+00:00,1.624635,1.62477,1.624615,1.62481,128
2026-05-21T20:45:00+00:00,1.624765,1.62475,1.624705,1.624775,74
2026-05-21T20:46:00+00:00,1.624755,1.624635,1.624635,1.624755,48
2026-05-21T20:47:00+00:00,1.624635,1.62466,1.624595,1.624685,28
2026-05-21T20:48:00+00:00,1.62468,1.624655,1.62461,1.62468,43
2026-05-21T20:49:00+00:00,1.624655,1.62463,1.624585,1.6247,57
2026-05-21T20:50:00+00:00,1.624635,1.62469,1.62462,1.624725,106
2026-05-21T20:51:00+00:00,1.62469,1.624705,1.624645,1.624725,85
2026-05-21T20:52:00+00:00,1.624715,1.62466,1.62463,1.62472,88
2026-05-21T20:53:00+00:00,1.624655,1.624655,1.624615,1.624665,78
2026-05-21T20:54:00+00:00,1.62465,1.624625,1.624605,1.624655,37
2026-05-21T20:55:00+00:00,1.624635,1.62488,1.624635,1.62491,156
2026-05-21T20:56:00+00:00,1.624885,1.624955,1.624885,1.62501,178
2026-05-21T20:57:00+00:00,1.62495,1.62495,1.62489,1.624985,132
2026-05-21T20:58:00+00:00,1.624935,1.62498,1.624925,1.625055,145
2026-05-21T20:59:00+00:00,1.62496,1.62512,1.62485,1.62512,173
2026-05-21T21:00:00+00:00,1.62512,1.62512,1.62512,1.62512,0
2026-05-21T21:01:00+00:00,1.62512,1.62512,1.62512,1.62512,0
2026-05-21T21:02:00+00:00,1.62512,1.62512,1.62512,1.62512,0
2026-05-21T21:03:00+00:00,1.62507,1.62507,1.62507,1.62507,1
2026-05-21T21:04:00+00:00,1.62507,1.62502,1.62501,1.62507,4
2026-05-21T21:05:00+00:00,1.62502,1.62506,1.62502,1.62506,1
2026-05-21T21:06:00+00:00,1.62506,1.6246,1.62452,1.62512,9
2026-05-21T21:07:00+00:00,1.6246,1.624515,1.624325,1.6246,22
2026-05-21T21:08:00+00:00,1.624515,1.62444,1.62434,1.624595,22
2026-05-21T21:09:00+00:00,1.624435,1.62475,1.624425,1.624995,37
2026-05-21T21:10:00+00:00,1.62475,1.62498,1.62469,1.625075,35
2026-05-21T21:11:00+00:00,1.62498,1.62473,1.624615,1.625145,13
2026-05-21T21:12:00+00:00,1.62473,1.62472,1.624675,1.625475,16
2026-05-21T21:13:00+00:00,1.62472,1.624735,1.62472,1.624735,1
2026-05-21T21:14:00+00:00,1.624735,1.62467,1.62465,1.624735,2
2026-05-21T21:15:00+00:00,1.624355,1.62504,1.624355,1.625075,15
2026-05-21T21:16:00+00:00,1.62504,1.624945,1.624945,1.62506,14
2026-05-21T21:17:00+00:00,1.624945,1.62491,1.62485,1.624955,16
2026-05-21T21:18:00+00:00,1.62491,1.624525,1.624515,1.62491,14
2026-05-21T21:19:00+00:00,1.624525,1.62452,1.624425,1.624805,88
2026-05-21T21:20:00+00:00,1.62452,1.62452,1.624465,1.624615,236
2026-05-21T21:21:00+00:00,1.62452,1.62461,1.62452,1.62461,29
2026-05-21T21:22:00+00:00,1.62461,1.624675,1.62461,1.624675,3
2026-05-21T21:23:00+00:00,1.624675,1.624655,1.624655,1.624675,5
2026-05-21T21:24:00+00:00,1.624655,1.624855,1.62462,1.62486,25
2026-05-21T21:25:00+00:00,1.624835,1.62483,1.624825,1.624845,21
2026-05-21T21:26:00+00:00,1.62483,1.62483,1.62482,1.624845,12
2026-05-21T21:27:00+00:00,1.62483,1.624795,1.624795,1.624835,12
2026-05-21T21:28:00+00:00,1.624795,1.62491,1.624795,1.62491,7
2026-05-21T21:29:00+00:00,1.62491,1.624875,1.624845,1.62491,3
2026-05-21T21:30:00+00:00,1.62488,1.624815,1.62474,1.624905,38
2026-05-21T21:31:00+00:00,1.624815,1.624815,1.624765,1.624835,16
2026-05-21T21:32:00+00:00,1.624815,1.624825,1.624775,1.62487,7
2026-05-21T21:33:00+00:00,1.624825,1.62478,1.62473,1.624825,8
2026-05-21T21:34:00+00:00,1.62478,1.625045,1.624725,1.625115,124
2026-05-21T21:35:00+00:00,1.62507,1.62519,1.625045,1.625575,130
2026-05-21T21:36:00+00:00,1.62519,1.625485,1.62504,1.62556,126
2026-05-21T21:37:00+00:00,1.625525,1.6253,1.62513,1.62557,48
2026-05-21T21:38:00+00:00,1.6253,1.625265,1.625105,1.62533,47
2026-05-21T21:39:00+00:00,1.625245,1.6251,1.6251,1.62539,19
2026-05-21T21:40:00+00:00,1.6251,1.62527,1.6251,1.62545,99
2026-05-21T21:41:00+00:00,1.62527,1.62533,1.625165,1.62534,44
2026-05-21T21:42:00+00:00,1.62533,1.625245,1.62518,1.625345,70
2026-05-21T21:43:00+00:00,1.625245,1.625265,1.62513,1.625385,654
2026-05-21T21:44:00+00:00,1.625265,1.62524,1.625205,1.62531,7
2026-05-21T21:45:00+00:00,1.625345,1.625095,1.62509,1.62537,25
2026-05-21T21:46:00+00:00,1.625095,1.62511,1.62508,1.62513,11
2026-05-21T21:47:00+00:00,1.62511,1.625105,1.625085,1.62515,17
2026-05-21T21:48:00+00:00,1.625105,1.625085,1.62507,1.625105,4
2026-05-21T21:49:00+00:00,1.625085,1.62509,1.624985,1.62509,20
2026-05-21T21:50:00+00:00,1.62509,1.625175,1.625,1.6252,30
2026-05-21T21:51:00+00:00,1.625175,1.6252,1.62517,1.625215,9
2026-05-21T21:52:00+00:00,1.6252,1.625235,1.62516,1.625235,15
2026-05-21T21:53:00+00:00,1.62522,1.62522,1.62515,1.625285,21
2026-05-21T21:54:00+00:00,1.62522,1.62538,1.625175,1.62539,29
2026-05-21T21:55:00+00:00,1.62534,1.62534,1.62526,1.62539,36
2026-05-21T21:56:00+00:00,1.62535,1.62538,1.625325,1.62538,14
2026-05-21T21:57:00+00:00,1.62538,1.625375,1.625345,1.62545,17
2026-05-21T21:58:00+00:00,1.62538,1.62531,1.625235,1.62538,15
2026-05-21T21:59:00+00:00,1.62531,1.62529,1.625275,1.62536,23
2026-05-21T22:00:00+00:00,1.62535,1.62477,1.624575,1.62535,166
2026-05-21T22:01:00+00:00,1.62477,1.624735,1.624705,1.62477,28
2026-05-21T22:02:00+00:00,1.624735,1.624755,1.624595,1.6249,67
2026-05-21T22:03:00+00:00,1.624725,1.62471,1.624705,1.624795,18
2026-05-21T22:04:00+00:00,1.62471,1.624685,1.624675,1.624715,8
2026-05-21T22:05:00+00:00,1.62468,1.624525,1.62452,1.624695,57
2026-05-21T22:06:00+00:00,1.62452,1.624535,1.6245,1.62462,28
2026-05-21T22:07:00+00:00,1.624535,1.62446,1.624435,1.62454,47
2026-05-21T22:08:00+00:00,1.62446,1.62436,1.624335,1.62446,22
2026-05-21T22:09:00+00:00,1.624335,1.62431,1.624275,1.62436,36
2026-05-21T22:10:00+00:00,1.624315,1.62432,1.62425,1.624405,73
2026-05-21T22:11:00+00:00,1.62433,1.624285,1.624275,1.624335,25
2026-05-21T22:12:00+00:00,1.624285,1.624285,1.6242,1.624365,23
2026-05-21T22:13:00+00:00,1.624285,1.624295,1.624285,1.62435,14
2026-05-21T22:14:00+00:00,1.624295,1.624355,1.62429,1.624395,44
2026-05-21T22:15:00+00:00,1.624355,1.6243,1.62427,1.624355,45
2026-05-21T22:16:00+00:00,1.624305,1.624305,1.624245,1.624305,11
2026-05-21T22:17:00+00:00,1.624305,1.624425,1.624295,1.624435,37
2026-05-21T22:18:00+00:00,1.62442,1.624415,1.624385,1.62444,18
2026-05-21T22:19:00+00:00,1.624415,1.624405,1.624405,1.624415,1
2026-05-21T22:20:00+00:00,1.624405,1.624405,1.624375,1.62442,11
2026-05-21T22:21:00+00:00,1.624405,1.624385,1.62438,1.6245,19
2026-05-21T22:22:00+00:00,1.624385,1.624395,1.624385,1.624405,8
2026-05-21T22:23:00+00:00,1.624395,1.624395,1.624395,1.6244,6
2026-05-21T22:24:00+00:00,1.624395,1.624395,1.624395,1.624405,10
2026-05-21T22:25:00+00:00,1.624395,1.624505,1.624395,1.62453,34
2026-05-21T22:26:00+00:00,1.624505,1.624565,1.6245,1.624565,20
2026-05-21T22:27:00+00:00,1.624525,1.62452,1.62452,1.624565,13
2026-05-21T22:28:00+00:00,1.62452,1.624495,1.62441,1.624555,37
2026-05-21T22:29:00+00:00,1.624495,1.624465,1.624455,1.624515,17
2026-05-21T22:30:00+00:00,1.62447,1.62458,1.62447,1.62461,54
2026-05-21T22:31:00+00:00,1.624585,1.62454,1.624525,1.62459,29
2026-05-21T22:32:00+00:00,1.624545,1.62465,1.624545,1.62471,63
2026-05-21T22:33:00+00:00,1.62465,1.62461,1.62461,1.624665,24
2026-05-21T22:34:00+00:00,1.62461,1.62464,1.62461,1.624685,25
2026-05-21T22:35:00+00:00,1.62464,1.624705,1.624635,1.624705,21
2026-05-21T22:36:00+00:00,1.624705,1.62463,1.62463,1.624705,35
2026-05-21T22:37:00+00:00,1.62463,1.62464,1.624615,1.624655,38
2026-05-21T22:38:00+00:00,1.624645,1.624635,1.62458,1.624655,37
2026-05-21T22:39:00+00:00,1.624635,1.62465,1.62463,1.62465,17
2026-05-21T22:40:00+00:00,1.624645,1.62437,1.6243,1.62465,114
2026-05-21T22:41:00+00:00,1.62437,1.624415,1.62424,1.62443,88
2026-05-21T22:42:00+00:00,1.624415,1.624345,1.624325,1.62443,28
2026-05-21T22:43:00+00:00,1.62434,1.624385,1.624295,1.624395,66
2026-05-21T22:44:00+00:00,1.62439,1.624435,1.62439,1.624495,61
2026-05-21T22:45:00+00:00,1.62443,1.62443,1.624345,1.62449,116
2026-05-21T22:46:00+00:00,1.624425,1.62448,1.62442,1.6245,38
2026-05-21T22:47:00+00:00,1.62448,1.62446,1.62445,1.624535,59
2026-05-21T22:48:00+00:00,1.62446,1.62441,1.624405,1.624495,78
2026-05-21T22:49:00+00:00,1.624415,1.624385,1.624375,1.62442,24
2026-05-21T22:50:00+00:00,1.624385,1.624365,1.62434,1.624425,30
2026-05-21T22:51:00+00:00,1.624375,1.62437,1.62436,1.624405,34
2026-05-21T22:52:00+00:00,1.62437,1.62434,1.624335,1.624395,43
2026-05-21T22:53:00+00:00,1.624335,1.624385,1.62433,1.624435,37
2026-05-21T22:54:00+00:00,1.62438,1.6244,1.62434,1.624415,60
2026-05-21T22:55:00+00:00,1.6244,1.624295,1.624285,1.62441,45
2026-05-21T22:56:00+00:00,1.624295,1.62454,1.624295,1.62455,96
2026-05-21T22:57:00+00:00,1.624535,1.62448,1.62447,1.624565,133
2026-05-21T22:58:00+00:00,1.6245,1.624535,1.62446,1.62456,60
2026-05-21T22:59:00+00:00,1.624545,1.624515,1.624475,1.624585,132
2026-05-21T23:00:00+00:00,1.62451,1.62454,1.62448,1.624595,200
2026-05-21T23:01:00+00:00,1.624545,1.62462,1.62454,1.624625,49
2026-05-21T23:02:00+00:00,1.62462,1.62468,1.62456,1.62469,78
2026-05-21T23:03:00+00:00,1.62469,1.624765,1.624685,1.624775,54
2026-05-21T23:04:00+00:00,1.624765,1.62475,1.62473,1.62479,58
2026-05-21T23:05:00+00:00,1.624755,1.62475,1.624735,1.62479,34
2026-05-21T23:06:00+00:00,1.62475,1.62466,1.624635,1.62475,56
2026-05-21T23:07:00+00:00,1.62466,1.62469,1.62463,1.6247,51
2026-05-21T23:08:00+00:00,1.62469,1.624705,1.624665,1.624725,16
2026-05-21T23:09:00+00:00,1.624705,1.624705,1.624695,1.624745,24
2026-05-21T23:10:00+00:00,1.62471,1.624675,1.624675,1.624715,24
2026-05-21T23:11:00+00:00,1.624675,1.624695,1.624635,1.624705,30
2026-05-21T23:12:00+00:00,1.6247,1.62469,1.62465,1.62471,31
2026-05-21T23:13:00+00:00,1.62469,1.624755,1.624685,1.624765,28
2026-05-21T23:14:00+00:00,1.62475,1.62475,1.62472,1.62475,23
2026-05-21T23:15:00+00:00,1.62474,1.624735,1.624695,1.624745,50
2026-05-21T23:16:00+00:00,1.624735,1.624745,1.6247,1.624745,51
2026-05-21T23:17:00+00:00,1.624745,1.624755,1.62474,1.624765,29
2026-05-21T23:18:00+00:00,1.62475,1.6249,1.62475,1.624945,79
2026-05-21T23:19:00+00:00,1.6249,1.62494,1.624895,1.625015,54
2026-05-21T23:20:00+00:00,1.62494,1.62497,1.62493,1.62499,30
2026-05-21T23:21:00+00:00,1.62497,1.625175,1.62497,1.62531,135
2026-05-21T23:22:00+00:00,1.625165,1.625155,1.625035,1.625175,70
2026-05-21T23:23:00+00:00,1.62514,1.625105,1.625095,1.62515,21
2026-05-21T23:24:00+00:00,1.625105,1.62501,1.625,1.625105,62
2026-05-21T23:25:00+00:00,1.625015,1.624925,1.62482,1.62502,107
2026-05-21T23:26:00+00:00,1.624925,1.62492,1.624905,1.624925,8
2026-05-21T23:27:00+00:00,1.62492,1.62483,1.624825,1.62498,45
2026-05-21T23:28:00+00:00,1.624825,1.6248,1.624795,1.62485,50
2026-05-21T23:29:00+00:00,1.624795,1.6247,1.624695,1.624815,75
2026-05-21T23:30:00+00:00,1.624705,1.624725,1.62461,1.624755,95
2026-05-21T23:31:00+00:00,1.62473,1.624675,1.62467,1.62473,49
2026-05-21T23:32:00+00:00,1.624675,1.624705,1.624665,1.624705,26
2026-05-21T23:33:00+00:00,1.624705,1.62471,1.62466,1.624775,59
2026-05-21T23:34:00+00:00,1.624705,1.62465,1.62464,1.624725,51
2026-05-21T23:35:00+00:00,1.624645,1.62466,1.624645,1.624715,41
2026-05-21T23:36:00+00:00,1.62466,1.624665,1.624645,1.62467,22
2026-05-21T23:37:00+00:00,1.624665,1.62483,1.624665,1.624885,69
2026-05-21T23:38:00+00:00,1.62484,1.62479,1.624785,1.62484,17
2026-05-21T23:39:00+00:00,1.62479,1.62481,1.624785,1.624815,9
2026-05-21T23:40:00+00:00,1.62482,1.624955,1.62482,1.62503,66
2026-05-21T23:41:00+00:00,1.624955,1.62503,1.624945,1.62503,43
2026-05-21T23:42:00+00:00,1.625035,1.62503,1.625005,1.625045,59
2026-05-21T23:43:00+00:00,1.62503,1.62515,1.62501,1.62515,159
2026-05-21T23:44:00+00:00,1.625155,1.625205,1.625125,1.62525,162
2026-05-21T23:45:00+00:00,1.62521,1.625235,1.62519,1.62525,167
2026-05-21T23:46:00+00:00,1.625225,1.625135,1.625135,1.62532,130
2026-05-21T23:47:00+00:00,1.62516,1.62515,1.625095,1.62521,154
2026-05-21T23:48:00+00:00,1.62514,1.625125,1.62504,1.62517,109
2026-05-21T23:49:00+00:00,1.62513,1.62513,1.6251,1.62514,62
2026-05-21T23:50:00+00:00,1.62511,1.62505,1.62501,1.625125,145
2026-05-21T23:51:00+00:00,1.625045,1.625015,1.62499,1.625085,202
2026-05-21T23:52:00+00:00,1.62503,1.62513,1.625015,1.625185,141
2026-05-21T23:53:00+00:00,1.62513,1.62525,1.62513,1.62526,108
2026-05-21T23:54:00+00:00,1.62526,1.625525,1.625245,1.62559,139
2026-05-21T23:55:00+00:00,1.625535,1.62554,1.62547,1.62557,129
2026-05-21T23:56:00+00:00,1.625545,1.625485,1.62548,1.62556,92
2026-05-21T23:57:00+00:00,1.62549,1.625565,1.62549,1.62568,115
2026-05-21T23:58:00+00:00,1.62557,1.62538,1.625365,1.62557,100
2026-05-21T23:59:00+00:00,1.625375,1.625355,1.62531,1.62541,134
2026-05-22T00:00:00+00:00,1.62536,1.62562,1.625335,1.62579,493
2026-05-22T00:01:00+00:00,1.625615,1.6255,1.62546,1.625625,296
2026-05-22T00:02:00+00:00,1.62551,1.625605,1.625425,1.625755,490
2026-05-22T00:03:00+00:00,1.6256,1.62563,1.62551,1.625685,452
2026-05-22T00:04:00+00:00,1.625625,1.625625,1.62547,1.625635,294
2026-05-22T00:05:00+00:00,1.62563,1.625535,1.625495,1.62564,262
2026-05-22T00:06:00+00:00,1.62554,1.62563,1.625465,1.625675,458
2026-05-22T00:07:00+00:00,1.625645,1.625645,1.62551,1.62572,261
2026-05-22T00:08:00+00:00,1.62564,1.62556,1.62551,1.62565,389
2026-05-22T00:09:00+00:00,1.625555,1.625575,1.625445,1.62558,325
2026-05-22T00:10:00+00:00,1.62558,1.62542,1.625405,1.6256,263
2026-05-22T00:11:00+00:00,1.625425,1.62551,1.625405,1.62551,234
2026-05-22T00:12:00+00:00,1.625515,1.625505,1.625385,1.625565,236
2026-05-22T00:13:00+00:00,1.625495,1.625765,1.62549,1.625805,271
2026-05-22T00:14:00+00:00,1.62577,1.625905,1.625745,1.62592,283
2026-05-22T00:15:00+00:00,1.62591,1.626155,1.625835,1.62618,399
2026-05-22T00:16:00+00:00,1.62615,1.626305,1.626055,1.626305,283
2026-05-22T00:17:00+00:00,1.626295,1.626115,1.62605,1.62632,319
2026-05-22T00:18:00+00:00,1.62611,1.626085,1.62597,1.62613,378
2026-05-22T00:19:00+00:00,1.62608,1.62612,1.62607,1.626185,302
2026-05-22T00:20:00+00:00,1.626125,1.62621,1.6261,1.626245,179
2026-05-22T00:21:00+00:00,1.626205,1.626095,1.62604,1.62627,246
2026-05-22T00:22:00+00:00,1.6261,1.62616,1.626,1.6262,345
2026-05-22T00:23:00+00:00,1.626165,1.625985,1.625945,1.626165,227
2026-05-22T00:24:00+00:00,1.626,1.625965,1.6259,1.62602,154
2026-05-22T00:25:00+00:00,1.62596,1.626015,1.625915,1.626095,168
2026-05-22T00:26:00+00:00,1.626005,1.62578,1.6257,1.626035,207
2026-05-22T00:27:00+00:00,1.625775,1.62555,1.62541,1.62578,304
2026-05-22T00:28:00+00:00,1.625535,1.625385,1.62537,1.625585,241
2026-05-22T00:29:00+00:00,1.62539,1.625415,1.62536,1.62547,244
2026-05-22T00:30:00+00:00,1.625425,1.62551,1.62535,1.62551,323
2026-05-22T00:31:00+00:00,1.625505,1.625745,1.625505,1.625815,175
2026-05-22T00:32:00+00:00,1.62575,1.625455,1.62544,1.62579,247
2026-05-22T00:33:00+00:00,1.625465,1.625635,1.62546,1.62566,264
2026-05-22T00:34:00+00:00,1.62564,1.625715,1.62562,1.625765,179
2026-05-22T00:35:00+00:00,1.62573,1.62582,1.62573,1.62598,369
2026-05-22T00:36:00+00:00,1.62583,1.62575,1.6257,1.625885,328
2026-05-22T00:37:00+00:00,1.625745,1.625545,1.62553,1.62575,284
2026-05-22T00:38:00+00:00,1.62555,1.625445,1.62543,1.62556,215
2026-05-22T00:39:00+00:00,1.62546,1.62554,1.625425,1.62557,155
2026-05-22T00:40:00+00:00,1.625545,1.62547,1.62547,1.6256,215
2026-05-22T00:41:00+00:00,1.62548,1.625645,1.62544,1.62566,237
2026-05-22T00:42:00+00:00,1.625645,1.62565,1.625565,1.62573,208
2026-05-22T00:43:00+00:00,1.625645,1.625505,1.6255,1.625645,137
2026-05-22T00:44:00+00:00,1.625505,1.62547,1.625435,1.62553,161
2026-05-22T00:45:00+00:00,1.625475,1.625575,1.62535,1.625585,294
2026-05-22T00:46:00+00:00,1.62558,1.62562,1.62552,1.62563,175
2026-05-22T00:47:00+00:00,1.625605,1.62563,1.625605,1.625705,145
2026-05-22T00:48:00+00:00,1.625645,1.625735,1.625575,1.62575,159
2026-05-22T00:49:00+00:00,1.62575,1.625755,1.625675,1.625775,95
2026-05-22T00:50:00+00:00,1.62576,1.62569,1.625625,1.625775,151
2026-05-22T00:51:00+00:00,1.625695,1.62573,1.62566,1.625765,168
2026-05-22T00:52:00+00:00,1.625745,1.625965,1.625695,1.625975,218
2026-05-22T00:53:00+00:00,1.62595,1.62592,1.62589,1.625985,235
2026-05-22T00:54:00+00:00,1.625915,1.62594,1.625855,1.625965,295
2026-05-22T00:55:00+00:00,1.625945,1.626105,1.625895,1.626125,318
2026-05-22T00:56:00+00:00,1.62611,1.62614,1.62607,1.626155,215
2026-05-22T00:57:00+00:00,1.626145,1.626345,1.62609,1.62637,238
2026-05-22T00:58:00+00:00,1.62634,1.626345,1.626325,1.62654,233
2026-05-22T00:59:00+00:00,1.62635,1.626375,1.62633,1.626415,154
2026-05-22T01:00:00+00:00,1.62637,1.62649,1.62637,1.626675,413
2026-05-22T01:01:00+00:00,1.6265,1.62674,1.62645,1.62675,303
2026-05-22T01:02:00+00:00,1.626735,1.62704,1.62672,1.627215,392
2026-05-22T01:03:00+00:00,1.627035,1.627185,1.626875,1.62719,429
2026-05-22T01:04:00+00:00,1.6272,1.62706,1.62704,1.62723,413
2026-05-22T01:05:00+00:00,1.627065,1.627105,1.62705,1.62722,306
2026-05-22T01:06:00+00:00,1.627105,1.62725,1.62708,1.62733,331
2026-05-22T01:07:00+00:00,1.62724,1.627145,1.627075,1.627255,271
2026-05-22T01:08:00+00:00,1.62714,1.627205,1.62706,1.627205,203
2026-05-22T01:09:00+00:00,1.627205,1.62728,1.62714,1.627345,268
2026-05-22T01:10:00+00:00,1.627285,1.627235,1.62723,1.627355,240
2026-05-22T01:11:00+00:00,1.627225,1.6272,1.62707,1.627255,212
2026-05-22T01:12:00+00:00,1.627205,1.627095,1.62705,1.62726,185
2026-05-22T01:13:00+00:00,1.627085,1.626925,1.626895,1.627095,274
2026-05-22T01:14:00+00:00,1.62693,1.62691,1.626785,1.62694,271
2026-05-22T01:15:00+00:00,1.62691,1.62677,1.626755,1.626925,357
2026-05-22T01:16:00+00:00,1.626765,1.62693,1.626745,1.62696,208
2026-05-22T01:17:00+00:00,1.626925,1.626835,1.62683,1.626985,158
2026-05-22T01:18:00+00:00,1.626825,1.62679,1.62676,1.62691,296
2026-05-22T01:19:00+00:00,1.6268,1.62681,1.626715,1.62692,303
2026-05-22T01:20:00+00:00,1.6268,1.626755,1.626705,1.626875,256
2026-05-22T01:21:00+00:00,1.62676,1.62669,1.626655,1.626765,195
2026-05-22T01:22:00+00:00,1.626685,1.6268,1.62666,1.62685,241
2026-05-22T01:23:00+00:00,1.626795,1.626785,1.62672,1.62682,176
2026-05-22T01:24:00+00:00,1.62678,1.62732,1.62678,1.627335,310
2026-05-22T01:25:00+00:00,1.62731,1.627105,1.627105,1.627335,448
2026-05-22T01:26:00+00:00,1.6271,1.62658,1.62651,1.62711,424
2026-05-22T01:27:00+00:00,1.626575,1.62657,1.62656,1.626695,146
2026-05-22T01:28:00+00:00,1.62656,1.626425,1.62642,1.626615,161
2026-05-22T01:29:00+00:00,1.62642,1.626325,1.626255,1.626425,189
2026-05-22T01:30:00+00:00,1.62634,1.626325,1.62631,1.626465,382
2026-05-22T01:31:00+00:00,1.62634,1.626365,1.626235,1.626455,301
2026-05-22T01:32:00+00:00,1.626375,1.626385,1.626265,1.626435,259
2026-05-22T01:33:00+00:00,1.626375,1.62644,1.626355,1.62649,262
2026-05-22T01:34:00+00:00,1.626435,1.62644,1.626425,1.62649,104
2026-05-22T01:35:00+00:00,1.62643,1.626515,1.626425,1.62668,377
2026-05-22T01:36:00+00:00,1.626515,1.626355,1.626355,1.626535,192
2026-05-22T01:37:00+00:00,1.62636,1.62678,1.62635,1.62679,340
2026-05-22T01:38:00+00:00,1.626775,1.626775,1.62672,1.626825,364
2026-05-22T01:39:00+00:00,1.62678,1.626945,1.62678,1.62707,317
2026-05-22T01:40:00+00:00,1.62695,1.62707,1.626935,1.627095,245
2026-05-22T01:41:00+00:00,1.627065,1.626865,1.62685,1.627125,365
2026-05-22T01:42:00+00:00,1.62686,1.62652,1.62646,1.62688,367
2026-05-22T01:43:00+00:00,1.626515,1.626795,1.62648,1.62685,426
2026-05-22T01:44:00+00:00,1.62679,1.626785,1.62674,1.62693,383
2026-05-22T01:45:00+00:00,1.626795,1.6266,1.626575,1.626825,301
2026-05-22T01:46:00+00:00,1.626595,1.626475,1.626465,1.626685,314
2026-05-22T01:47:00+00:00,1.62647,1.626325,1.62628,1.626485,198
2026-05-22T01:48:00+00:00,1.626315,1.62623,1.62623,1.62632,213
2026-05-22T01:49:00+00:00,1.626235,1.626235,1.62621,1.626315,314
2026-05-22T01:50:00+00:00,1.62624,1.626175,1.62617,1.626265,405
2026-05-22T01:51:00+00:00,1.626185,1.625855,1.62584,1.626185,267
2026-05-22T01:52:00+00:00,1.625865,1.62613,1.625855,1.626175,296
2026-05-22T01:53:00+00:00,1.626125,1.626215,1.626075,1.62627,237
2026-05-22T01:54:00+00:00,1.62622,1.62643,1.626185,1.62647,299
2026-05-22T01:55:00+00:00,1.626425,1.626425,1.62636,1.626465,448
2026-05-22T01:56:00+00:00,1.62642,1.62653,1.626355,1.626565,318
2026-05-22T01:57:00+00:00,1.626525,1.626465,1.626425,1.626535,328
2026-05-22T01:58:00+00:00,1.62646,1.626615,1.62637,1.626615,250
2026-05-22T01:59:00+00:00,1.62662,1.62672,1.6266,1.62676,197
2026-05-22T02:00:00+00:00,1.62673,1.62652,1.62652,1.626755,288
2026-05-22T02:01:00+00:00,1.626515,1.62648,1.626455,1.626575,215
2026-05-22T02:02:00+00:00,1.626475,1.6264,1.62631,1.626475,247
2026-05-22T02:03:00+00:00,1.62641,1.6263,1.62628,1.626445,227
2026-05-22T02:04:00+00:00,1.626295,1.626285,1.626215,1.62634,160
2026-05-22T02:05:00+00:00,1.626285,1.62618,1.626175,1.626295,197
2026-05-22T02:06:00+00:00,1.626175,1.62612,1.626105,1.62623,144
2026-05-22T02:07:00+00:00,1.62611,1.62615,1.626035,1.62617,208
2026-05-22T02:08:00+00:00,1.62615,1.626045,1.626005,1.62617,107
2026-05-22T02:09:00+00:00,1.62604,1.62616,1.62604,1.626175,211
2026-05-22T02:10:00+00:00,1.62615,1.626145,1.62609,1.626235,212
2026-05-22T02:11:00+00:00,1.62615,1.62625,1.626095,1.626255,185
2026-05-22T02:12:00+00:00,1.626245,1.62639,1.626225,1.626395,178
2026-05-22T02:13:00+00:00,1.626385,1.626275,1.626245,1.626385,182
2026-05-22T02:14:00+00:00,1.626275,1.62617,1.626125,1.626275,140
2026-05-22T02:15:00+00:00,1.626155,1.626135,1.626105,1.626235,115
2026-05-22T02:16:00+00:00,1.62613,1.62619,1.626095,1.62621,118
2026-05-22T02:17:00+00:00,1.62618,1.626205,1.626085,1.626215,194
2026-05-22T02:18:00+00:00,1.6262,1.62602,1.625995,1.62621,171
2026-05-22T02:19:00+00:00,1.626025,1.62609,1.626025,1.62614,134
2026-05-22T02:20:00+00:00,1.62607,1.626235,1.626065,1.626245,122
2026-05-22T02:21:00+00:00,1.62623,1.626325,1.626165,1.626325,208
2026-05-22T02:22:00+00:00,1.62633,1.626095,1.62608,1.626365,235
2026-05-22T02:23:00+00:00,1.626105,1.626015,1.625985,1.62613,290
2026-05-22T02:24:00+00:00,1.626015,1.626245,1.626015,1.626245,192
2026-05-22T02:25:00+00:00,1.62624,1.62624,1.626215,1.62634,182
2026-05-22T02:26:00+00:00,1.626245,1.62627,1.626245,1.62636,228
2026-05-22T02:27:00+00:00,1.62627,1.626165,1.62615,1.626285,132
2026-05-22T02:28:00+00:00,1.626175,1.62619,1.62614,1.62625,164
2026-05-22T02:29:00+00:00,1.626185,1.62614,1.62613,1.62621,155
2026-05-22T02:30:00+00:00,1.626145,1.62611,1.626,1.626245,207
2026-05-22T02:31:00+00:00,1.626105,1.62602,1.626015,1.62615,217
2026-05-22T02:32:00+00:00,1.626025,1.626105,1.62599,1.62611,218
2026-05-22T02:33:00+00:00,1.626115,1.626205,1.626115,1.626255,210
2026-05-22T02:34:00+00:00,1.626205,1.626275,1.62614,1.6263,108
2026-05-22T02:35:00+00:00,1.62627,1.626315,1.62624,1.626395,170
2026-05-22T02:36:00+00:00,1.626305,1.626115,1.626095,1.626335,184
2026-05-22T02:37:00+00:00,1.62611,1.62603,1.625995,1.626115,132
2026-05-22T02:38:00+00:00,1.626025,1.62602,1.626,1.626105,99
2026-05-22T02:39:00+00:00,1.62604,1.626015,1.626,1.62607,118
2026-05-22T02:40:00+00:00,1.62602,1.625905,1.62589,1.62606,108
2026-05-22T02:41:00+00:00,1.62589,1.625915,1.62586,1.625935,122
2026-05-22T02:42:00+00:00,1.625915,1.625935,1.625885,1.625955,170
2026-05-22T02:43:00+00:00,1.62593,1.62584,1.62578,1.62595,184
2026-05-22T02:44:00+00:00,1.625855,1.62591,1.62579,1.625915,134
2026-05-22T02:45:00+00:00,1.625915,1.625925,1.625875,1.625945,115
2026-05-22T02:46:00+00:00,1.625925,1.626085,1.625925,1.62612,189
2026-05-22T02:47:00+00:00,1.62609,1.626125,1.626065,1.626135,114
2026-05-22T02:48:00+00:00,1.62613,1.626205,1.6261,1.626205,110
2026-05-22T02:49:00+00:00,1.626205,1.626135,1.626105,1.62624,146
2026-05-22T02:50:00+00:00,1.626125,1.62627,1.626095,1.62627,181
2026-05-22T02:51:00+00:00,1.626265,1.626275,1.62609,1.6263,275
2026-05-22T02:52:00+00:00,1.626265,1.62631,1.626235,1.626405,255
2026-05-22T02:53:00+00:00,1.626315,1.62665,1.626315,1.626675,237
2026-05-22T02:54:00+00:00,1.626645,1.62666,1.62661,1.626705,192
2026-05-22T02:55:00+00:00,1.626665,1.62669,1.626625,1.62677,208
2026-05-22T02:56:00+00:00,1.626695,1.626595,1.62658,1.626745,243
2026-05-22T02:57:00+00:00,1.62659,1.626585,1.626545,1.626655,211
2026-05-22T02:58:00+00:00,1.626575,1.62634,1.626295,1.626685,282
2026-05-22T02:59:00+00:00,1.626345,1.626365,1.62626,1.62638,186
2026-05-22T03:00:00+00:00,1.62637,1.626445,1.62633,1.62647,296
2026-05-22T03:01:00+00:00,1.62644,1.62651,1.62641,1.626575,236
2026-05-22T03:02:00+00:00,1.626515,1.626535,1.62643,1.62657,176
2026-05-22T03:03:00+00:00,1.62653,1.626525,1.626465,1.62656,149
2026-05-22T03:04:00+00:00,1.62653,1.62641,1.626355,1.62653,189
2026-05-22T03:05:00+00:00,1.626395,1.626615,1.626385,1.626625,238
2026-05-22T03:06:00+00:00,1.62662,1.626615,1.626525,1.62674,221
2026-05-22T03:07:00+00:00,1.626605,1.62658,1.626535,1.626645,167
2026-05-22T03:08:00+00:00,1.626585,1.626665,1.62657,1.626775,183
2026-05-22T03:09:00+00:00,1.62667,1.626695,1.62666,1.62677,201
2026-05-22T03:10:00+00:00,1.62669,1.626665,1.62665,1.626795,197
2026-05-22T03:11:00+00:00,1.62667,1.626885,1.62667,1.62692,279
2026-05-22T03:12:00+00:00,1.62688,1.62685,1.626815,1.62693,139
2026-05-22T03:13:00+00:00,1.62685,1.627065,1.626825,1.627085,198
2026-05-22T03:14:00+00:00,1.62707,1.62709,1.627025,1.62711,170
2026-05-22T03:15:00+00:00,1.627095,1.626965,1.626965,1.62714,270
2026-05-22T03:16:00+00:00,1.62696,1.62697,1.626925,1.62701,160
2026-05-22T03:17:00+00:00,1.626965,1.627055,1.626925,1.627115,180
2026-05-22T03:18:00+00:00,1.627045,1.62709,1.626915,1.62711,338
2026-05-22T03:19:00+00:00,1.627095,1.62697,1.62692,1.627135,261
2026-05-22T03:20:00+00:00,1.626965,1.627055,1.626905,1.6271,236
2026-05-22T03:21:00+00:00,1.62705,1.62703,1.626995,1.627135,219
2026-05-22T03:22:00+00:00,1.62704,1.627015,1.626955,1.627065,200
2026-05-22T03:23:00+00:00,1.627015,1.627045,1.62693,1.62709,187
2026-05-22T03:24:00+00:00,1.627045,1.62701,1.62699,1.627065,145
2026-05-22T03:25:00+00:00,1.627005,1.626975,1.626965,1.62705,185
2026-05-22T03:26:00+00:00,1.626975,1.62698,1.62692,1.62704,183
2026-05-22T03:27:00+00:00,1.626975,1.62693,1.6269,1.626995,218
2026-05-22T03:28:00+00:00,1.626935,1.62683,1.62683,1.62695,192
2026-05-22T03:29:00+00:00,1.62684,1.626785,1.626765,1.62686,182
2026-05-22T03:30:00+00:00,1.62678,1.626695,1.62664,1.62678,345
2026-05-22T03:31:00+00:00,1.6267,1.62669,1.626665,1.626725,162
2026-05-22T03:32:00+00:00,1.62669,1.62664,1.62656,1.62672,197
2026-05-22T03:33:00+00:00,1.626645,1.62658,1.62649,1.626645,194
2026-05-22T03:34:00+00:00,1.626565,1.626555,1.626525,1.62666,183
2026-05-22T03:35:00+00:00,1.626555,1.62672,1.626555,1.626775,208
2026-05-22T03:36:00+00:00,1.626715,1.626665,1.626615,1.626715,157
2026-05-22T03:37:00+00:00,1.62666,1.62668,1.626645,1.626745,175
2026-05-22T03:38:00+00:00,1.626675,1.6268,1.626635,1.626805,140
2026-05-22T03:39:00+00:00,1.626795,1.62678,1.62674,1.62681,123
2026-05-22T03:40:00+00:00,1.626775,1.62675,1.62669,1.626775,158
2026-05-22T03:41:00+00:00,1.626755,1.62682,1.62675,1.62682,98
2026-05-22T03:42:00+00:00,1.62681,1.62682,1.6268,1.62686,161
2026-05-22T03:43:00+00:00,1.626825,1.626905,1.626785,1.62694,187
2026-05-22T03:44:00+00:00,1.6269,1.62686,1.626855,1.62694,125
2026-05-22T03:45:00+00:00,1.626865,1.626915,1.626835,1.62692,124
2026-05-22T03:46:00+00:00,1.626925,1.626855,1.626855,1.62693,123
2026-05-22T03:47:00+00:00,1.62686,1.62689,1.62684,1.62691,55
2026-05-22T03:48:00+00:00,1.626895,1.62696,1.62688,1.626995,72
2026-05-22T03:49:00+00:00,1.626975,1.62699,1.62695,1.627015,101
2026-05-22T03:50:00+00:00,1.626995,1.627055,1.62699,1.62707,130
2026-05-22T03:51:00+00:00,1.62705,1.627055,1.62703,1.6271,123
2026-05-22T03:52:00+00:00,1.62705,1.62701,1.626995,1.62707,107
2026-05-22T03:53:00+00:00,1.62701,1.62699,1.62691,1.62701,124
2026-05-22T03:54:00+00:00,1.626995,1.626905,1.62689,1.627015,88
2026-05-22T03:55:00+00:00,1.626905,1.626835,1.62683,1.626915,119
2026-05-22T03:56:00+00:00,1.62683,1.626875,1.626825,1.62691,132
2026-05-22T03:57:00+00:00,1.62687,1.6265,1.62648,1.62687,182
2026-05-22T03:58:00+00:00,1.626515,1.626415,1.626415,1.626565,153
2026-05-22T03:59:00+00:00,1.62641,1.626365,1.626225,1.62642,196
2026-05-22T04:00:00+00:00,1.62637,1.626465,1.626255,1.62647,271
2026-05-22T04:01:00+00:00,1.626465,1.62651,1.6264,1.626515,176
2026-05-22T04:02:00+00:00,1.62651,1.626535,1.62648,1.62663,110
2026-05-22T04:03:00+00:00,1.626515,1.626485,1.62646,1.62661,157
2026-05-22T04:04:00+00:00,1.626495,1.626405,1.626385,1.62652,151
2026-05-22T04:05:00+00:00,1.62641,1.626255,1.626255,1.62647,198
2026-05-22T04:06:00+00:00,1.62626,1.626225,1.6262,1.626315,232
2026-05-22T04:07:00+00:00,1.62623,1.62626,1.626205,1.62632,155
2026-05-22T04:08:00+00:00,1.626275,1.626375,1.626275,1.6264,115
2026-05-22T04:09:00+00:00,1.62638,1.62659,1.62637,1.62663,231
2026-05-22T04:10:00+00:00,1.62659,1.6266,1.62658,1.626665,102
2026-05-22T04:11:00+00:00,1.626595,1.62655,1.626525,1.6266,56
2026-05-22T04:12:00+00:00,1.626555,1.62645,1.626415,1.626565,123
2026-05-22T04:13:00+00:00,1.626455,1.626285,1.6262,1.62646,194
2026-05-22T04:14:00+00:00,1.626285,1.626285,1.62627,1.62632,73
2026-05-22T04:15:00+00:00,1.62628,1.62625,1.62625,1.62635,105
2026-05-22T04:16:00+00:00,1.62625,1.626335,1.626235,1.626425,99
2026-05-22T04:17:00+00:00,1.62633,1.626395,1.626295,1.626395,116
2026-05-22T04:18:00+00:00,1.626395,1.62633,1.626315,1.62641,158
2026-05-22T04:19:00+00:00,1.626335,1.626305,1.626265,1.626375,129
2026-05-22T04:20:00+00:00,1.62631,1.6264,1.62625,1.626425,182
2026-05-22T04:21:00+00:00,1.626405,1.626255,1.626215,1.62641,136
2026-05-22T04:22:00+00:00,1.626255,1.626255,1.626175,1.626265,133
2026-05-22T04:23:00+00:00,1.62625,1.62629,1.62623,1.62631,151
2026-05-22T04:24:00+00:00,1.626285,1.626275,1.62626,1.626325,109
2026-05-22T04:25:00+00:00,1.62628,1.62627,1.62625,1.62631,80
2026-05-22T04:26:00+00:00,1.626275,1.62631,1.62627,1.626405,94
2026-05-22T04:27:00+00:00,1.626305,1.6263,1.626265,1.62633,75
2026-05-22T04:28:00+00:00,1.626295,1.626325,1.62628,1.626335,102
2026-05-22T04:29:00+00:00,1.626335,1.62634,1.626275,1.626375,88
2026-05-22T04:30:00+00:00,1.626335,1.626675,1.62633,1.626705,202
2026-05-22T04:31:00+00:00,1.626675,1.62662,1.62656,1.62668,67
2026-05-22T04:32:00+00:00,1.62662,1.626605,1.626575,1.626635,20
2026-05-22T04:33:00+00:00,1.62661,1.626555,1.626495,1.62661,127
2026-05-22T04:34:00+00:00,1.62656,1.626565,1.62652,1.62658,74
2026-05-22T04:35:00+00:00,1.62657,1.62656,1.626555,1.626615,58
2026-05-22T04:36:00+00:00,1.62657,1.626605,1.62653,1.626635,109
2026-05-22T04:37:00+00:00,1.62661,1.62668,1.62659,1.6267,65
2026-05-22T04:38:00+00:00,1.626685,1.6267,1.626615,1.626705,91
2026-05-22T04:39:00+00:00,1.626705,1.6268,1.626705,1.626825,86
2026-05-22T04:40:00+00:00,1.6268,1.626775,1.626765,1.62684,108
2026-05-22T04:41:00+00:00,1.626765,1.626665,1.62665,1.626775,112
2026-05-22T04:42:00+00:00,1.62667,1.626685,1.626605,1.626745,119
2026-05-22T04:43:00+00:00,1.62668,1.626595,1.62659,1.62676,140
2026-05-22T04:44:00+00:00,1.6266,1.626615,1.626535,1.626615,93
2026-05-22T04:45:00+00:00,1.626615,1.626695,1.626605,1.62673,80
2026-05-22T04:46:00+00:00,1.626695,1.6267,1.626685,1.62672,72
2026-05-22T04:47:00+00:00,1.62671,1.626695,1.62653,1.62672,133
2026-05-22T04:48:00+00:00,1.626705,1.626745,1.626695,1.62675,61
2026-05-22T04:49:00+00:00,1.626745,1.626695,1.626695,1.626745,74
2026-05-22T04:50:00+00:00,1.626695,1.62662,1.62662,1.626715,99
2026-05-22T04:51:00+00:00,1.626615,1.626685,1.626595,1.626715,121
2026-05-22T04:52:00+00:00,1.62669,1.62666,1.626655,1.626695,58
2026-05-22T04:53:00+00:00,1.626655,1.626625,1.62661,1.62669,108
2026-05-22T04:54:00+00:00,1.62662,1.62674,1.62662,1.62674,95
2026-05-22T04:55:00+00:00,1.62673,1.62673,1.626675,1.626775,160
2026-05-22T04:56:00+00:00,1.626725,1.62682,1.62672,1.62682,133
2026-05-22T04:57:00+00:00,1.62682,1.626765,1.62675,1.62682,111
2026-05-22T04:58:00+00:00,1.62676,1.626765,1.62673,1.62678,136
2026-05-22T04:59:00+00:00,1.626765,1.626655,1.62665,1.626765,96
2026-05-22T05:00:00+00:00,1.62665,1.626585,1.626375,1.626715,321
2026-05-22T05:01:00+00:00,1.626595,1.62655,1.62654,1.626675,220
2026-05-22T05:02:00+00:00,1.626545,1.62666,1.626545,1.62673,188
2026-05-22T05:03:00+00:00,1.62666,1.626665,1.62662,1.626695,77
2026-05-22T05:04:00+00:00,1.62667,1.626565,1.62652,1.6267,198
2026-05-22T05:05:00+00:00,1.626555,1.626475,1.626445,1.62658,283
2026-05-22T05:06:00+00:00,1.62647,1.626295,1.62626,1.626475,193
2026-05-22T05:07:00+00:00,1.626285,1.62637,1.626285,1.62641,209
2026-05-22T05:08:00+00:00,1.626375,1.626405,1.62635,1.626415,102
2026-05-22T05:09:00+00:00,1.626395,1.6262,1.626185,1.626435,238
2026-05-22T05:10:00+00:00,1.62621,1.626175,1.62614,1.626245,192
2026-05-22T05:11:00+00:00,1.62617,1.626185,1.626155,1.626235,129
2026-05-22T05:12:00+00:00,1.62618,1.62623,1.62618,1.626255,119
2026-05-22T05:13:00+00:00,1.626235,1.626305,1.62623,1.626315,129
2026-05-22T05:14:00+00:00,1.62631,1.626305,1.62629,1.62637,160
2026-05-22T05:15:00+00:00,1.6263,1.62625,1.62624,1.626305,177
2026-05-22T05:16:00+00:00,1.626255,1.62626,1.626225,1.62628,151
2026-05-22T05:17:00+00:00,1.626265,1.62628,1.626265,1.626325,128
2026-05-22T05:18:00+00:00,1.626285,1.626215,1.62621,1.62629,128
2026-05-22T05:19:00+00:00,1.62621,1.62625,1.62621,1.62628,167
2026-05-22T05:20:00+00:00,1.62626,1.62643,1.626245,1.62645,221
2026-05-22T05:21:00+00:00,1.626425,1.626345,1.626325,1.626435,166
2026-05-22T05:22:00+00:00,1.626345,1.62637,1.626325,1.626445,150
2026-05-22T05:23:00+00:00,1.62637,1.626515,1.62631,1.62652,137
2026-05-22T05:24:00+00:00,1.62652,1.626445,1.62642,1.62653,286
2026-05-22T05:25:00+00:00,1.62643,1.62639,1.626365,1.62646,184
2026-05-22T05:26:00+00:00,1.626395,1.62646,1.62637,1.626475,158
2026-05-22T05:27:00+00:00,1.626465,1.62636,1.62633,1.626475,143
2026-05-22T05:28:00+00:00,1.626365,1.62626,1.626235,1.626395,182
2026-05-22T05:29:00+00:00,1.626255,1.62621,1.62618,1.62635,215
2026-05-22T05:30:00+00:00,1.6262,1.62612,1.626045,1.626205,274
2026-05-22T05:31:00+00:00,1.626115,1.62609,1.62599,1.626115,261
2026-05-22T05:32:00+00:00,1.626095,1.62614,1.62604,1.62616,187
2026-05-22T05:33:00+00:00,1.626135,1.62617,1.62611,1.62621,269
2026-05-22T05:34:00+00:00,1.626165,1.62607,1.62605,1.626165,222
2026-05-22T05:35:00+00:00,1.626075,1.62608,1.62606,1.62612,128
2026-05-22T05:36:00+00:00,1.626085,1.62615,1.626035,1.626175,192
2026-05-22T05:37:00+00:00,1.62615,1.62606,1.62602,1.62618,210
2026-05-22T05:38:00+00:00,1.626065,1.6262,1.626005,1.6262,257
2026-05-22T05:39:00+00:00,1.626195,1.626225,1.62619,1.62626,207
2026-05-22T05:40:00+00:00,1.626235,1.626335,1.626195,1.626355,162
2026-05-22T05:41:00+00:00,1.626325,1.626235,1.626225,1.626345,121
2026-05-22T05:42:00+00:00,1.62624,1.62632,1.626215,1.62632,237
2026-05-22T05:43:00+00:00,1.626315,1.6264,1.626295,1.62647,293
2026-05-22T05:44:00+00:00,1.626405,1.62624,1.62623,1.62646,220
2026-05-22T05:45:00+00:00,1.626235,1.626125,1.62609,1.62627,265
2026-05-22T05:46:00+00:00,1.62612,1.626095,1.626085,1.626195,185
2026-05-22T05:47:00+00:00,1.626105,1.62602,1.62598,1.626105,149
2026-05-22T05:48:00+00:00,1.626025,1.626025,1.625955,1.626075,195
2026-05-22T05:49:00+00:00,1.62604,1.625975,1.62583,1.62606,175
2026-05-22T05:50:00+00:00,1.62597,1.625695,1.625665,1.62602,192
2026-05-22T05:51:00+00:00,1.6257,1.62567,1.62554,1.62575,306
2026-05-22T05:52:00+00:00,1.625675,1.625875,1.625555,1.625875,258
2026-05-22T05:53:00+00:00,1.62586,1.625955,1.625795,1.625955,254
2026-05-22T05:54:00+00:00,1.625965,1.625955,1.625915,1.62602,190
2026-05-22T05:55:00+00:00,1.62595,1.62629,1.62591,1.62638,425
2026-05-22T05:56:00+00:00,1.62627,1.62645,1.626245,1.6265,470
2026-05-22T05:57:00+00:00,1.626445,1.62648,1.626345,1.626535,601
2026-05-22T05:58:00+00:00,1.626475,1.626315,1.626265,1.626515,730
2026-05-22T05:59:00+00:00,1.62632,1.62647,1.626275,1.626545,399
2026-05-22T06:00:00+00:00,1.626465,1.6264,1.626265,1.626565,607
2026-05-22T06:01:00+00:00,1.62639,1.626355,1.626165,1.626465,511
2026-05-22T06:02:00+00:00,1.62636,1.62634,1.62623,1.62637,504
2026-05-22T06:03:00+00:00,1.62633,1.62634,1.626275,1.6264,514
2026-05-22T06:04:00+00:00,1.626345,1.626245,1.62623,1.626415,360
2026-05-22T06:05:00+00:00,1.626245,1.62651,1.6262,1.62653,457
2026-05-22T06:06:00+00:00,1.626505,1.626575,1.626415,1.62665,582
2026-05-22T06:07:00+00:00,1.626585,1.626715,1.62656,1.626735,452
2026-05-22T06:08:00+00:00,1.62671,1.626685,1.62662,1.626875,351
2026-05-22T06:09:00+00:00,1.62669,1.62658,1.62644,1.62669,345
2026-05-22T06:10:00+00:00,1.626585,1.62666,1.626565,1.626695,338
2026-05-22T06:11:00+00:00,1.626655,1.626655,1.62654,1.626735,326
2026-05-22T06:12:00+00:00,1.62666,1.626725,1.62665,1.626765,264
2026-05-22T06:13:00+00:00,1.62673,1.62673,1.626675,1.62677,165
2026-05-22T06:14:00+00:00,1.626725,1.626905,1.626715,1.626925,245
2026-05-22T06:15:00+00:00,1.62691,1.62693,1.62691,1.62703,428
2026-05-22T06:16:00+00:00,1.62694,1.627095,1.626785,1.62712,578
2026-05-22T06:17:00+00:00,1.6271,1.62759,1.6271,1.6276,523
2026-05-22T06:18:00+00:00,1.627585,1.627335,1.627275,1.627625,449
2026-05-22T06:19:00+00:00,1.627345,1.6272,1.627175,1.627345,258
2026-05-22T06:20:00+00:00,1.62719,1.627105,1.6269,1.62725,353
2026-05-22T06:21:00+00:00,1.62711,1.62729,1.62702,1.627305,453
2026-05-22T06:22:00+00:00,1.627285,1.627735,1.62727,1.627745,294
2026-05-22T06:23:00+00:00,1.627725,1.627495,1.62748,1.62773,370
2026-05-22T06:24:00+00:00,1.6275,1.62768,1.627495,1.62769,269
2026-05-22T06:25:00+00:00,1.62767,1.627715,1.62755,1.627715,476
2026-05-22T06:26:00+00:00,1.62771,1.627895,1.627615,1.628095,613
2026-05-22T06:27:00+00:00,1.6279,1.627895,1.627695,1.627935,538
2026-05-22T06:28:00+00:00,1.62789,1.627645,1.62751,1.627905,590
2026-05-22T06:29:00+00:00,1.62765,1.627235,1.62719,1.627695,609
2026-05-22T06:30:00+00:00,1.62723,1.62728,1.6271,1.627365,669
2026-05-22T06:31:00+00:00,1.627285,1.62712,1.62709,1.627285,450
2026-05-22T06:32:00+00:00,1.627115,1.627095,1.627095,1.627245,412
2026-05-22T06:33:00+00:00,1.62709,1.62704,1.62702,1.627145,306
2026-05-22T06:34:00+00:00,1.627045,1.62693,1.62689,1.627065,452
2026-05-22T06:35:00+00:00,1.626925,1.626785,1.626645,1.62693,404
2026-05-22T06:36:00+00:00,1.6268,1.626945,1.626785,1.627045,442
2026-05-22T06:37:00+00:00,1.626935,1.62695,1.62692,1.627015,301
2026-05-22T06:38:00+00:00,1.626955,1.626995,1.62695,1.62703,414
2026-05-22T06:39:00+00:00,1.627,1.62704,1.62697,1.62711,325
2026-05-22T06:40:00+00:00,1.627035,1.627065,1.626995,1.62713,411
2026-05-22T06:41:00+00:00,1.62707,1.6272,1.627025,1.627245,392
2026-05-22T06:42:00+00:00,1.627195,1.62703,1.62702,1.62721,404
2026-05-22T06:43:00+00:00,1.627035,1.6271,1.627035,1.62713,189
2026-05-22T06:44:00+00:00,1.627105,1.627335,1.626965,1.62737,488
2026-05-22T06:45:00+00:00,1.62734,1.62747,1.62729,1.627535,329
2026-05-22T06:46:00+00:00,1.627475,1.627465,1.627255,1.62751,345
2026-05-22T06:47:00+00:00,1.62746,1.627285,1.627245,1.6275,311
2026-05-22T06:48:00+00:00,1.62729,1.62728,1.62725,1.62736,423
2026-05-22T06:49:00+00:00,1.627285,1.627365,1.62726,1.627415,461
2026-05-22T06:50:00+00:00,1.62736,1.627135,1.627125,1.627395,347
2026-05-22T06:51:00+00:00,1.627125,1.62692,1.626915,1.627145,294
2026-05-22T06:52:00+00:00,1.626915,1.62685,1.62682,1.626955,279
2026-05-22T06:53:00+00:00,1.626845,1.62693,1.62684,1.62696,341
2026-05-22T06:54:00+00:00,1.62694,1.626965,1.62689,1.62706,520
2026-05-22T06:55:00+00:00,1.62697,1.62714,1.62697,1.62724,523
2026-05-22T06:56:00+00:00,1.627145,1.62716,1.6271,1.62726,456
2026-05-22T06:57:00+00:00,1.627165,1.62721,1.62697,1.627245,442
2026-05-22T06:58:00+00:00,1.627205,1.62711,1.627015,1.627205,320
2026-05-22T06:59:00+00:00,1.627105,1.626935,1.6269,1.62711,373
2026-05-22T07:00:00+00:00,1.62693,1.627005,1.62666,1.627005,703
2026-05-22T07:01:00+00:00,1.627,1.627245,1.626995,1.627275,551
2026-05-22T07:02:00+00:00,1.62725,1.627415,1.627225,1.627515,586
2026-05-22T07:03:00+00:00,1.627405,1.627375,1.62727,1.627455,397
2026-05-22T07:04:00+00:00,1.627365,1.627465,1.627265,1.62747,287
2026-05-22T07:05:00+00:00,1.62746,1.62744,1.627355,1.627575,473
2026-05-22T07:06:00+00:00,1.627445,1.6276,1.62732,1.627635,397
2026-05-22T07:07:00+00:00,1.627605,1.627765,1.627575,1.62784,396
2026-05-22T07:08:00+00:00,1.62777,1.628025,1.627735,1.628035,292
2026-05-22T07:09:00+00:00,1.62803,1.628,1.627905,1.628035,352
2026-05-22T07:10:00+00:00,1.628005,1.627805,1.6278,1.62807,405
2026-05-22T07:11:00+00:00,1.627815,1.627785,1.627615,1.62789,298
2026-05-22T07:12:00+00:00,1.62778,1.62771,1.62771,1.62786,314
2026-05-22T07:13:00+00:00,1.627725,1.627775,1.627725,1.62786,198
2026-05-22T07:14:00+00:00,1.62776,1.62755,1.627525,1.62781,338
2026-05-22T07:15:00+00:00,1.627555,1.62736,1.627345,1.627575,282
2026-05-22T07:16:00+00:00,1.62738,1.62726,1.62726,1.627535,322
2026-05-22T07:17:00+00:00,1.627235,1.62734,1.6272,1.627355,316
2026-05-22T07:18:00+00:00,1.627335,1.62724,1.62718,1.627425,292
2026-05-22T07:19:00+00:00,1.627245,1.627325,1.627225,1.62737,262
2026-05-22T07:20:00+00:00,1.62732,1.627335,1.627295,1.6274,260
2026-05-22T07:21:00+00:00,1.62734,1.627445,1.62727,1.62749,288
2026-05-22T07:22:00+00:00,1.62744,1.62758,1.62734,1.6276,250
2026-05-22T07:23:00+00:00,1.62758,1.6276,1.62756,1.62766,260
2026-05-22T07:24:00+00:00,1.627605,1.627575,1.627555,1.62763,126
2026-05-22T07:25:00+00:00,1.62758,1.62743,1.62737,1.627625,275
2026-05-22T07:26:00+00:00,1.627425,1.627305,1.6273,1.62751,309
2026-05-22T07:27:00+00:00,1.62731,1.627115,1.62702,1.62731,278
2026-05-22T07:28:00+00:00,1.627105,1.627265,1.62709,1.627285,195
2026-05-22T07:29:00+00:00,1.62727,1.627615,1.62727,1.62779,351
2026-05-22T07:30:00+00:00,1.627625,1.627565,1.627525,1.62772,383
2026-05-22T07:31:00+00:00,1.62757,1.627805,1.62755,1.627985,532
2026-05-22T07:32:00+00:00,1.627805,1.627645,1.627545,1.627805,484
2026-05-22T07:33:00+00:00,1.62764,1.62767,1.62761,1.627785,634
2026-05-22T07:34:00+00:00,1.627675,1.62765,1.627605,1.627685,326
2026-05-22T07:35:00+00:00,1.627645,1.62755,1.627475,1.62768,523
2026-05-22T07:36:00+00:00,1.62756,1.627455,1.627445,1.62758,499
2026-05-22T07:37:00+00:00,1.62745,1.627625,1.62745,1.627665,386
2026-05-22T07:38:00+00:00,1.62763,1.627415,1.627405,1.62766,283
2026-05-22T07:39:00+00:00,1.627405,1.627455,1.627365,1.627505,466
2026-05-22T07:40:00+00:00,1.62746,1.62731,1.62726,1.627465,236
2026-05-22T07:41:00+00:00,1.627315,1.62722,1.627205,1.62732,309
2026-05-22T07:42:00+00:00,1.627215,1.62713,1.627065,1.62722,172
2026-05-22T07:43:00+00:00,1.627135,1.627295,1.62706,1.627305,327
2026-05-22T07:44:00+00:00,1.627285,1.627275,1.627235,1.627355,276
2026-05-22T07:45:00+00:00,1.62728,1.62752,1.62725,1.627575,306
2026-05-22T07:46:00+00:00,1.62753,1.62758,1.62752,1.627715,240
2026-05-22T07:47:00+00:00,1.62759,1.62743,1.627425,1.62761,212
2026-05-22T07:48:00+00:00,1.627435,1.627375,1.62729,1.627455,210
2026-05-22T07:49:00+00:00,1.62738,1.62757,1.62738,1.62762,217
2026-05-22T07:50:00+00:00,1.627565,1.627545,1.627535,1.62767,264
2026-05-22T07:51:00+00:00,1.62754,1.62749,1.627415,1.627545,380
2026-05-22T07:52:00+00:00,1.627485,1.627615,1.62734,1.62766,236
2026-05-22T07:53:00+00:00,1.62761,1.627665,1.62761,1.62775,279
2026-05-22T07:54:00+00:00,1.62766,1.627785,1.62756,1.62781,343
2026-05-22T07:55:00+00:00,1.627775,1.627445,1.627435,1.62782,398
2026-05-22T07:56:00+00:00,1.627445,1.627495,1.627375,1.62753,307
2026-05-22T07:57:00+00:00,1.6275,1.627445,1.62743,1.6276,429
2026-05-22T07:58:00+00:00,1.62744,1.62731,1.62725,1.62747,309
2026-05-22T07:59:00+00:00,1.627315,1.62712,1.62712,1.627355,301
2026-05-22T08:00:00+00:00,1.627115,1.627365,1.627065,1.627385,495
2026-05-22T08:01:00+00:00,1.627355,1.627385,1.62727,1.627455,511
2026-05-22T08:02:00+00:00,1.627375,1.627685,1.627365,1.6277,371
2026-05-22T08:03:00+00:00,1.62768,1.627485,1.627415,1.627685,283
2026-05-22T08:04:00+00:00,1.627495,1.627395,1.62729,1.6275,270
2026-05-22T08:05:00+00:00,1.62739,1.62731,1.627285,1.627445,253
2026-05-22T08:06:00+00:00,1.627315,1.627255,1.6272,1.627375,255
2026-05-22T08:07:00+00:00,1.627245,1.627155,1.62714,1.62728,247
2026-05-22T08:08:00+00:00,1.627165,1.62732,1.62706,1.62734,343
2026-05-22T08:09:00+00:00,1.62733,1.627395,1.62719,1.627395,405
2026-05-22T08:10:00+00:00,1.62739,1.62727,1.627255,1.627485,274
2026-05-22T08:11:00+00:00,1.627275,1.627285,1.627215,1.627325,236
2026-05-22T08:12:00+00:00,1.62729,1.62733,1.627265,1.62736,231
2026-05-22T08:13:00+00:00,1.627325,1.62728,1.627245,1.627355,196
2026-05-22T08:14:00+00:00,1.627265,1.62723,1.62723,1.62736,123
2026-05-22T08:15:00+00:00,1.627235,1.62712,1.626995,1.627255,346
2026-05-22T08:16:00+00:00,1.62713,1.62707,1.62701,1.62719,441
2026-05-22T08:17:00+00:00,1.627065,1.626745,1.62672,1.627115,370
2026-05-22T08:18:00+00:00,1.62674,1.62636,1.62619,1.62675,487
2026-05-22T08:19:00+00:00,1.62637,1.626365,1.626355,1.626475,459
2026-05-22T08:20:00+00:00,1.62637,1.626035,1.62582,1.626395,811
2026-05-22T08:21:00+00:00,1.626025,1.62673,1.62596,1.626745,815
2026-05-22T08:22:00+00:00,1.62672,1.626865,1.62672,1.626965,557
2026-05-22T08:23:00+00:00,1.62686,1.62658,1.62658,1.62687,345
2026-05-22T08:24:00+00:00,1.62657,1.626545,1.626475,1.626675,348
2026-05-22T08:25:00+00:00,1.626545,1.6265,1.626435,1.626615,388
2026-05-22T08:26:00+00:00,1.626495,1.626475,1.626455,1.62657,300
2026-05-22T08:27:00+00:00,1.62647,1.626525,1.626415,1.6266,214
2026-05-22T08:28:00+00:00,1.62654,1.626835,1.62654,1.626875,342
2026-05-22T08:29:00+00:00,1.62682,1.626815,1.6268,1.626915,333
2026-05-22T08:30:00+00:00,1.62681,1.62668,1.62655,1.626875,436
2026-05-22T08:31:00+00:00,1.626685,1.626505,1.6265,1.62678,304
2026-05-22T08:32:00+00:00,1.62651,1.62635,1.626325,1.626515,260
2026-05-22T08:33:00+00:00,1.62635,1.62664,1.62635,1.62665,346
2026-05-22T08:34:00+00:00,1.62665,1.62711,1.626615,1.627185,502
2026-05-22T08:35:00+00:00,1.627125,1.62708,1.62707,1.62741,1163
2026-05-22T08:36:00+00:00,1.627085,1.6271,1.627085,1.62725,800
2026-05-22T08:37:00+00:00,1.62709,1.626945,1.626795,1.62716,638
2026-05-22T08:38:00+00:00,1.626975,1.62673,1.62657,1.627015,810
2026-05-22T08:39:00+00:00,1.62671,1.627095,1.626705,1.627195,658
2026-05-22T08:40:00+00:00,1.62709,1.627175,1.62701,1.627275,551
2026-05-22T08:41:00+00:00,1.62718,1.62713,1.62709,1.62724,539
2026-05-22T08:42:00+00:00,1.62714,1.626875,1.62681,1.62716,487
2026-05-22T08:43:00+00:00,1.62687,1.62681,1.626675,1.62689,484
2026-05-22T08:44:00+00:00,1.626805,1.62694,1.6268,1.62702,476
2026-05-22T08:45:00+00:00,1.626945,1.62682,1.62677,1.626945,379
2026-05-22T08:46:00+00:00,1.626825,1.62686,1.62673,1.626875,237
2026-05-22T08:47:00+00:00,1.626875,1.626825,1.62677,1.6269,279
2026-05-22T08:48:00+00:00,1.62682,1.626865,1.62677,1.62695,273
2026-05-22T08:49:00+00:00,1.62687,1.62686,1.626765,1.626895,330
2026-05-22T08:50:00+00:00,1.626855,1.626835,1.626815,1.62699,326
2026-05-22T08:51:00+00:00,1.62683,1.626815,1.626775,1.62692,308
2026-05-22T08:52:00+00:00,1.62681,1.626765,1.626715,1.626935,418
2026-05-22T08:53:00+00:00,1.626775,1.62685,1.62673,1.62686,533
2026-05-22T08:54:00+00:00,1.626855,1.626855,1.626745,1.626885,357
2026-05-22T08:55:00+00:00,1.62685,1.626865,1.62679,1.62689,230
2026-05-22T08:56:00+00:00,1.62686,1.626935,1.626805,1.626945,306
2026-05-22T08:57:00+00:00,1.62694,1.626825,1.626775,1.626965,258
2026-05-22T08:58:00+00:00,1.626815,1.62704,1.626805,1.627055,261
2026-05-22T08:59:00+00:00,1.627035,1.627225,1.627015,1.627235,282
2026-05-22T09:00:00+00:00,1.62723,1.62712,1.62712,1.62737,472
2026-05-22T09:01:00+00:00,1.627115,1.62716,1.627105,1.627235,466
2026-05-22T09:02:00+00:00,1.627155,1.627295,1.627095,1.6273,413
2026-05-22T09:03:00+00:00,1.62729,1.62715,1.627105,1.627305,247
2026-05-22T09:04:00+00:00,1.627155,1.62734,1.62712,1.627395,231
2026-05-22T09:05:00+00:00,1.627335,1.627445,1.627335,1.627545,390
2026-05-22T09:06:00+00:00,1.62745,1.627795,1.627415,1.627795,412
2026-05-22T09:07:00+00:00,1.6278,1.62776,1.627695,1.62789,496
2026-05-22T09:08:00+00:00,1.627755,1.627805,1.62765,1.627935,469
2026-05-22T09:09:00+00:00,1.6278,1.627745,1.627695,1.627865,458
2026-05-22T09:10:00+00:00,1.62774,1.627565,1.62754,1.62775,403
2026-05-22T09:11:00+00:00,1.62756,1.62731,1.62726,1.627575,276
2026-05-22T09:12:00+00:00,1.627315,1.627285,1.627255,1.62743,369
2026-05-22T09:13:00+00:00,1.62729,1.62726,1.627165,1.627325,381
2026-05-22T09:14:00+00:00,1.62727,1.62729,1.627205,1.627345,352
2026-05-22T09:15:00+00:00,1.627295,1.62745,1.62722,1.627475,462
2026-05-22T09:16:00+00:00,1.627455,1.62752,1.62742,1.62761,392
2026-05-22T09:17:00+00:00,1.62751,1.62753,1.627505,1.627725,492
2026-05-22T09:18:00+00:00,1.627525,1.627445,1.627345,1.62764,607
2026-05-22T09:19:00+00:00,1.62744,1.627525,1.62741,1.627565,417
2026-05-22T09:20:00+00:00,1.62753,1.627645,1.627415,1.627645,350
2026-05-22T09:21:00+00:00,1.62764,1.62776,1.627585,1.62781,411
2026-05-22T09:22:00+00:00,1.627775,1.627835,1.627685,1.627835,415
2026-05-22T09:23:00+00:00,1.62783,1.627885,1.62779,1.62795,465
2026-05-22T09:24:00+00:00,1.627885,1.627835,1.627825,1.627975,287
2026-05-22T09:25:00+00:00,1.62784,1.62775,1.627685,1.627865,322
2026-05-22T09:26:00+00:00,1.627745,1.6279,1.627725,1.62793,278
2026-05-22T09:27:00+00:00,1.627895,1.62754,1.627525,1.627905,337
2026-05-22T09:28:00+00:00,1.62753,1.627515,1.6274,1.62755,415
2026-05-22T09:29:00+00:00,1.627525,1.627285,1.62728,1.62753,298
2026-05-22T09:30:00+00:00,1.62728,1.627395,1.62725,1.62741,309
2026-05-22T09:31:00+00:00,1.627385,1.62747,1.627345,1.627565,326
2026-05-22T09:32:00+00:00,1.627455,1.62767,1.627455,1.627675,289
2026-05-22T09:33:00+00:00,1.627665,1.627615,1.627615,1.627745,276
2026-05-22T09:34:00+00:00,1.62761,1.62747,1.627405,1.627675,315
2026-05-22T09:35:00+00:00,1.627475,1.62752,1.62745,1.62763,245
2026-05-22T09:36:00+00:00,1.627495,1.627625,1.62745,1.627675,244
2026-05-22T09:37:00+00:00,1.627605,1.627845,1.6276,1.627915,301
2026-05-22T09:38:00+00:00,1.62785,1.62775,1.627745,1.627875,272
2026-05-22T09:39:00+00:00,1.62776,1.62726,1.627255,1.62778,445
2026-05-22T09:40:00+00:00,1.627255,1.627365,1.62725,1.62747,381
2026-05-22T09:41:00+00:00,1.62736,1.627355,1.62732,1.627475,299
2026-05-22T09:42:00+00:00,1.627345,1.62747,1.627305,1.627515,259
2026-05-22T09:43:00+00:00,1.627475,1.62759,1.62747,1.62761,235
2026-05-22T09:44:00+00:00,1.62758,1.62759,1.62752,1.62768,307
2026-05-22T09:45:00+00:00,1.62758,1.62755,1.627505,1.62763,313
2026-05-22T09:46:00+00:00,1.62756,1.627645,1.62754,1.62773,235
2026-05-22T09:47:00+00:00,1.62764,1.627485,1.62747,1.627685,258
2026-05-22T09:48:00+00:00,1.627495,1.627435,1.62737,1.627505,412
2026-05-22T09:49:00+00:00,1.62743,1.62742,1.62738,1.627555,275
2026-05-22T09:50:00+00:00,1.62741,1.62735,1.62729,1.627475,380
2026-05-22T09:51:00+00:00,1.62736,1.62739,1.62734,1.627485,342
2026-05-22T09:52:00+00:00,1.627395,1.62743,1.627345,1.627445,296
2026-05-22T09:53:00+00:00,1.627415,1.62746,1.62737,1.627505,343
2026-05-22T09:54:00+00:00,1.627465,1.627625,1.62746,1.627645,310
2026-05-22T09:55:00+00:00,1.627615,1.627495,1.627455,1.627635,385
2026-05-22T09:56:00+00:00,1.627505,1.62758,1.627455,1.62764,321
2026-05-22T09:57:00+00:00,1.627585,1.627725,1.627585,1.62775,313
2026-05-22T09:58:00+00:00,1.62773,1.6277,1.62769,1.627805,398
2026-05-22T09:59:00+00:00,1.62769,1.62771,1.627575,1.627725,415
2026-05-22T10:00:00+00:00,1.627715,1.627245,1.62716,1.62782,555
2026-05-22T10:01:00+00:00,1.62724,1.62738,1.627155,1.62747,384
2026-05-22T10:02:00+00:00,1.627375,1.627465,1.627295,1.62753,445
2026-05-22T10:03:00+00:00,1.62746,1.627625,1.627405,1.627635,348
2026-05-22T10:04:00+00:00,1.62763,1.62785,1.62763,1.62787,365
2026-05-22T10:05:00+00:00,1.627845,1.62768,1.62767,1.62785,331
2026-05-22T10:06:00+00:00,1.627685,1.627445,1.627385,1.627685,337
2026-05-22T10:07:00+00:00,1.627425,1.627425,1.627365,1.627525,280
2026-05-22T10:08:00+00:00,1.62742,1.62739,1.62729,1.62744,222
2026-05-22T10:09:00+00:00,1.627385,1.627425,1.62735,1.627455,161
2026-05-22T10:10:00+00:00,1.627425,1.627345,1.62733,1.62743,216
2026-05-22T10:11:00+00:00,1.62734,1.627505,1.627335,1.627555,167
2026-05-22T10:12:00+00:00,1.6275,1.6275,1.627455,1.627565,281
2026-05-22T10:13:00+00:00,1.627495,1.62762,1.627445,1.62762,298
2026-05-22T10:14:00+00:00,1.627625,1.62753,1.627485,1.627685,417
2026-05-22T10:15:00+00:00,1.627525,1.627425,1.62742,1.62756,339
2026-05-22T10:16:00+00:00,1.62743,1.627345,1.627345,1.627475,226
2026-05-22T10:17:00+00:00,1.62734,1.62735,1.627315,1.627425,278
2026-05-22T10:18:00+00:00,1.627355,1.62736,1.627295,1.62743,260
2026-05-22T10:19:00+00:00,1.627365,1.627325,1.627315,1.62742,250
2026-05-22T10:20:00+00:00,1.62734,1.627355,1.62726,1.627385,228
2026-05-22T10:21:00+00:00,1.62736,1.627285,1.62718,1.627365,366
2026-05-22T10:22:00+00:00,1.62729,1.62729,1.62725,1.62736,251
2026-05-22T10:23:00+00:00,1.627295,1.627285,1.62725,1.62738,235
2026-05-22T10:24:00+00:00,1.627295,1.627205,1.62718,1.627385,257
2026-05-22T10:25:00+00:00,1.6272,1.62721,1.62713,1.62723,137
2026-05-22T10:26:00+00:00,1.62721,1.627095,1.62709,1.62722,307
2026-05-22T10:27:00+00:00,1.6271,1.627385,1.627095,1.6274,239
2026-05-22T10:28:00+00:00,1.627385,1.62737,1.62729,1.627425,285
2026-05-22T10:29:00+00:00,1.627365,1.627475,1.62732,1.627505,342
2026-05-22T10:30:00+00:00,1.62747,1.62744,1.627335,1.627495,323
2026-05-22T10:31:00+00:00,1.62746,1.62786,1.62746,1.627895,412
2026-05-22T10:32:00+00:00,1.627865,1.62794,1.627845,1.62817,353
2026-05-22T10:33:00+00:00,1.62794,1.62753,1.62752,1.627955,353
2026-05-22T10:34:00+00:00,1.62753,1.627895,1.62748,1.627945,302
2026-05-22T10:35:00+00:00,1.6279,1.627845,1.62783,1.62823,452
2026-05-22T10:36:00+00:00,1.62785,1.627735,1.627625,1.627905,327
2026-05-22T10:37:00+00:00,1.62773,1.62755,1.627535,1.62774,433
2026-05-22T10:38:00+00:00,1.627555,1.62778,1.62752,1.627835,330
2026-05-22T10:39:00+00:00,1.627785,1.628,1.62778,1.62802,475
2026-05-22T10:40:00+00:00,1.628005,1.62796,1.62791,1.62802,265
2026-05-22T10:41:00+00:00,1.627965,1.627785,1.627775,1.62797,312
2026-05-22T10:42:00+00:00,1.627795,1.62777,1.62772,1.627865,346
2026-05-22T10:43:00+00:00,1.627765,1.62766,1.62764,1.62783,307
2026-05-22T10:44:00+00:00,1.627655,1.62768,1.627655,1.62774,265
2026-05-22T10:45:00+00:00,1.62769,1.627665,1.6276,1.62771,165
2026-05-22T10:46:00+00:00,1.62767,1.62767,1.62765,1.627765,274
2026-05-22T10:47:00+00:00,1.62766,1.627715,1.627655,1.62775,204
2026-05-22T10:48:00+00:00,1.627715,1.62769,1.627525,1.62773,326
2026-05-22T10:49:00+00:00,1.627695,1.627585,1.62758,1.62778,367
2026-05-22T10:50:00+00:00,1.62758,1.62749,1.62747,1.62759,299
2026-05-22T10:51:00+00:00,1.62749,1.62758,1.62746,1.62759,232
2026-05-22T10:52:00+00:00,1.627575,1.62737,1.62731,1.627615,323
2026-05-22T10:53:00+00:00,1.62739,1.627345,1.627345,1.627415,296
2026-05-22T10:54:00+00:00,1.627355,1.62752,1.627335,1.627545,212
2026-05-22T10:55:00+00:00,1.627525,1.627465,1.627465,1.627575,329
2026-05-22T10:56:00+00:00,1.627475,1.62739,1.62738,1.6275,268
2026-05-22T10:57:00+00:00,1.627395,1.627455,1.62737,1.62749,191
2026-05-22T10:58:00+00:00,1.62745,1.62753,1.62744,1.627565,130
2026-05-22T10:59:00+00:00,1.627535,1.62766,1.627515,1.62767,207
2026-05-22T11:00:00+00:00,1.62767,1.627365,1.62733,1.62767,494
2026-05-22T11:01:00+00:00,1.62737,1.627365,1.62727,1.62744,318
2026-05-22T11:02:00+00:00,1.62737,1.62759,1.62737,1.627655,505
2026-05-22T11:03:00+00:00,1.627585,1.62755,1.62749,1.62767,264
2026-05-22T11:04:00+00:00,1.627545,1.62744,1.627405,1.627555,267
2026-05-22T11:05:00+00:00,1.627445,1.62764,1.627435,1.62764,345
2026-05-22T11:06:00+00:00,1.627635,1.62763,1.62756,1.627645,224
2026-05-22T11:07:00+00:00,1.627635,1.62782,1.627625,1.62787,347
2026-05-22T11:08:00+00:00,1.627815,1.627735,1.62771,1.62788,330
2026-05-22T11:09:00+00:00,1.62773,1.62779,1.62773,1.627815,263
2026-05-22T11:10:00+00:00,1.627805,1.627825,1.627785,1.62796,400
2026-05-22T11:11:00+00:00,1.62782,1.62786,1.6278,1.627915,347
2026-05-22T11:12:00+00:00,1.62786,1.628,1.62786,1.62805,308
2026-05-22T11:13:00+00:00,1.627985,1.628025,1.62795,1.62804,202
2026-05-22T11:14:00+00:00,1.62802,1.62829,1.628015,1.62835,321
2026-05-22T11:15:00+00:00,1.628295,1.62794,1.62791,1.62833,391
2026-05-22T11:16:00+00:00,1.627945,1.62769,1.627685,1.628,311
2026-05-22T11:17:00+00:00,1.627705,1.6277,1.627595,1.62774,134
2026-05-22T11:18:00+00:00,1.627715,1.627785,1.62768,1.62786,213
2026-05-22T11:19:00+00:00,1.62778,1.627875,1.627715,1.6279,180
2026-05-22T11:20:00+00:00,1.627865,1.62798,1.627845,1.628015,219
2026-05-22T11:21:00+00:00,1.627985,1.62803,1.627975,1.62809,201
2026-05-22T11:22:00+00:00,1.62802,1.627945,1.627945,1.628035,240
2026-05-22T11:23:00+00:00,1.62795,1.62801,1.6279,1.628025,259
2026-05-22T11:24:00+00:00,1.628015,1.627995,1.627915,1.628025,266
2026-05-22T11:25:00+00:00,1.627985,1.627985,1.627955,1.62805,157
2026-05-22T11:26:00+00:00,1.627985,1.62791,1.62786,1.628,246
2026-05-22T11:27:00+00:00,1.627915,1.627815,1.62773,1.627935,188
2026-05-22T11:28:00+00:00,1.627825,1.627565,1.62755,1.62783,367
2026-05-22T11:29:00+00:00,1.627565,1.62769,1.62751,1.627695,185
2026-05-22T11:30:00+00:00,1.627695,1.628205,1.62768,1.62827,256
2026-05-22T11:31:00+00:00,1.628195,1.628315,1.62813,1.62835,321
2026-05-22T11:32:00+00:00,1.628325,1.62822,1.628155,1.628335,230
2026-05-22T11:33:00+00:00,1.628225,1.62827,1.628225,1.62833,171
2026-05-22T11:34:00+00:00,1.628285,1.62832,1.628265,1.628345,170
2026-05-22T11:35:00+00:00,1.62833,1.628225,1.628225,1.628355,186
2026-05-22T11:36:00+00:00,1.62823,1.628315,1.62814,1.62835,303
2026-05-22T11:37:00+00:00,1.628295,1.628165,1.62814,1.628335,226
2026-05-22T11:38:00+00:00,1.628175,1.62821,1.628155,1.628235,154
2026-05-22T11:39:00+00:00,1.628205,1.628195,1.62803,1.628215,390
2026-05-22T11:40:00+00:00,1.62819,1.62828,1.62811,1.628285,241
2026-05-22T11:41:00+00:00,1.62828,1.628475,1.628245,1.628485,207
2026-05-22T11:42:00+00:00,1.62847,1.62842,1.62835,1.628505,251
2026-05-22T11:43:00+00:00,1.62841,1.62849,1.628395,1.62855,246
2026-05-22T11:44:00+00:00,1.628495,1.628585,1.628425,1.628585,243
2026-05-22T11:45:00+00:00,1.62858,1.6284,1.62838,1.628625,273
2026-05-22T11:46:00+00:00,1.628395,1.628315,1.62826,1.62843,300
2026-05-22T11:47:00+00:00,1.62832,1.628465,1.628125,1.628485,721
2026-05-22T11:48:00+00:00,1.628475,1.628145,1.62812,1.62851,650
2026-05-22T11:49:00+00:00,1.628155,1.628265,1.627965,1.62828,410
2026-05-22T11:50:00+00:00,1.62825,1.62803,1.62799,1.628295,445
2026-05-22T11:51:00+00:00,1.628015,1.62806,1.627955,1.628125,454
2026-05-22T11:52:00+00:00,1.628055,1.62814,1.627955,1.628155,260
2026-05-22T11:53:00+00:00,1.628135,1.62802,1.628,1.62815,228
2026-05-22T11:54:00+00:00,1.62802,1.62798,1.62795,1.628065,134
2026-05-22T11:55:00+00:00,1.627975,1.628205,1.627925,1.628205,325
2026-05-22T11:56:00+00:00,1.628195,1.628355,1.628145,1.628395,310
2026-05-22T11:57:00+00:00,1.62836,1.62836,1.628265,1.628445,347
2026-05-22T11:58:00+00:00,1.628375,1.628355,1.62831,1.628425,251
2026-05-22T11:59:00+00:00,1.62836,1.628335,1.628295,1.628455,208
2026-05-22T12:00:00+00:00,1.628345,1.62798,1.62798,1.628385,474
2026-05-22T12:01:00+00:00,1.627975,1.628215,1.62797,1.628215,322
2026-05-22T12:02:00+00:00,1.62821,1.62831,1.62818,1.628325,308
2026-05-22T12:03:00+00:00,1.628315,1.62826,1.6281,1.62833,376
2026-05-22T12:04:00+00:00,1.62826,1.62823,1.628085,1.62827,302
2026-05-22T12:05:00+00:00,1.628235,1.62827,1.62822,1.62836,335
2026-05-22T12:06:00+00:00,1.62828,1.62846,1.62826,1.62846,178
2026-05-22T12:07:00+00:00,1.62847,1.62853,1.628405,1.62856,289
2026-05-22T12:08:00+00:00,1.628525,1.628525,1.62848,1.628605,344
2026-05-22T12:09:00+00:00,1.62853,1.628385,1.62836,1.62853,294
2026-05-22T12:10:00+00:00,1.62839,1.62842,1.628305,1.628465,282
2026-05-22T12:11:00+00:00,1.628415,1.628355,1.628315,1.62846,292
2026-05-22T12:12:00+00:00,1.62836,1.627995,1.62762,1.628375,1509
2026-05-22T12:13:00+00:00,1.62799,1.62704,1.627015,1.62805,1361
2026-05-22T12:14:00+00:00,1.627035,1.627635,1.626835,1.62784,1086
2026-05-22T12:15:00+00:00,1.62764,1.62785,1.62754,1.627895,1048
2026-05-22T12:16:00+00:00,1.62784,1.62752,1.62742,1.62786,927
2026-05-22T12:17:00+00:00,1.627525,1.62802,1.627485,1.628055,863
2026-05-22T12:18:00+00:00,1.628025,1.627765,1.627725,1.62811,681
2026-05-22T12:19:00+00:00,1.627775,1.627305,1.62714,1.627835,1156
2026-05-22T12:20:00+00:00,1.627335,1.627755,1.627285,1.62777,764
2026-05-22T12:21:00+00:00,1.62775,1.627875,1.627655,1.627875,572
2026-05-22T12:22:00+00:00,1.62788,1.628195,1.62783,1.62831,639
2026-05-22T12:23:00+00:00,1.6282,1.628055,1.62797,1.62825,614
2026-05-22T12:24:00+00:00,1.628045,1.627965,1.62795,1.6281,480
2026-05-22T12:25:00+00:00,1.62797,1.627885,1.62784,1.628005,527
2026-05-22T12:26:00+00:00,1.62789,1.62777,1.62772,1.627945,455
2026-05-22T12:27:00+00:00,1.62776,1.62787,1.62767,1.627955,610
2026-05-22T12:28:00+00:00,1.627865,1.627985,1.62782,1.627985,355
2026-05-22T12:29:00+00:00,1.62799,1.62806,1.62793,1.628075,286
2026-05-22T12:30:00+00:00,1.628065,1.627915,1.627875,1.628065,414
2026-05-22T12:31:00+00:00,1.62792,1.627955,1.627855,1.627995,283
2026-05-22T12:32:00+00:00,1.62796,1.62796,1.627815,1.62799,348
2026-05-22T12:33:00+00:00,1.627955,1.628065,1.627955,1.62815,320
2026-05-22T12:34:00+00:00,1.62806,1.628125,1.62804,1.62833,448
2026-05-22T12:35:00+00:00,1.62812,1.62802,1.627995,1.62819,411
2026-05-22T12:36:00+00:00,1.62803,1.6279,1.62789,1.62814,441
2026-05-22T12:37:00+00:00,1.627905,1.627835,1.627815,1.62792,358
2026-05-22T12:38:00+00:00,1.627845,1.62788,1.627685,1.627905,235
2026-05-22T12:39:00+00:00,1.62787,1.62788,1.62773,1.627915,269
2026-05-22T12:40:00+00:00,1.627865,1.627855,1.62775,1.627965,393
2026-05-22T12:41:00+00:00,1.62785,1.62791,1.627795,1.62799,284
2026-05-22T12:42:00+00:00,1.627905,1.62824,1.6278,1.628255,314
2026-05-22T12:43:00+00:00,1.62823,1.62822,1.62818,1.628465,450
2026-05-22T12:44:00+00:00,1.628215,1.628255,1.628095,1.628255,353
2026-05-22T12:45:00+00:00,1.62825,1.627905,1.627885,1.628255,465
2026-05-22T12:46:00+00:00,1.627895,1.628085,1.627895,1.628125,467
2026-05-22T12:47:00+00:00,1.62809,1.62775,1.62775,1.62814,442
2026-05-22T12:48:00+00:00,1.62776,1.62788,1.6277,1.627985,269
2026-05-22T12:49:00+00:00,1.627875,1.627735,1.627685,1.627905,241
2026-05-22T12:50:00+00:00,1.62774,1.627845,1.62774,1.627895,269
2026-05-22T12:51:00+00:00,1.62784,1.627845,1.627825,1.627905,272
2026-05-22T12:52:00+00:00,1.62784,1.627725,1.62768,1.627845,246
2026-05-22T12:53:00+00:00,1.62773,1.627455,1.62745,1.62774,297
2026-05-22T12:54:00+00:00,1.62745,1.62761,1.627415,1.62764,335
2026-05-22T12:55:00+00:00,1.627625,1.627645,1.62762,1.62772,298
2026-05-22T12:56:00+00:00,1.62765,1.627315,1.627295,1.62766,399
2026-05-22T12:57:00+00:00,1.62731,1.627475,1.627275,1.6275,408
2026-05-22T12:58:00+00:00,1.62748,1.62743,1.627415,1.62754,522
2026-05-22T12:59:00+00:00,1.627425,1.627125,1.627105,1.627545,600
2026-05-22T13:00:00+00:00,1.62713,1.627245,1.626925,1.627345,893
2026-05-22T13:01:00+00:00,1.62724,1.6272,1.627175,1.62734,557
2026-05-22T13:02:00+00:00,1.627195,1.627225,1.6271,1.627255,491
2026-05-22T13:03:00+00:00,1.627235,1.62696,1.62695,1.62726,437
2026-05-22T13:04:00+00:00,1.62697,1.62701,1.62692,1.62709,448
2026-05-22T13:05:00+00:00,1.627005,1.62675,1.626745,1.627005,547
2026-05-22T13:06:00+00:00,1.626745,1.626755,1.62649,1.62678,401
2026-05-22T13:07:00+00:00,1.62675,1.627005,1.626705,1.627035,610
2026-05-22T13:08:00+00:00,1.626995,1.62697,1.62692,1.62706,529
2026-05-22T13:09:00+00:00,1.626985,1.62688,1.626565,1.627105,1049
2026-05-22T13:10:00+00:00,1.62682,1.62687,1.626705,1.626975,1470
2026-05-22T13:11:00+00:00,1.626875,1.62645,1.62644,1.62702,1070
2026-05-22T13:12:00+00:00,1.626465,1.626915,1.626465,1.627045,930
2026-05-22T13:13:00+00:00,1.626885,1.626685,1.62643,1.62689,922
2026-05-22T13:14:00+00:00,1.62669,1.62657,1.626525,1.62678,781
2026-05-22T13:15:00+00:00,1.62658,1.626585,1.626535,1.626725,779
2026-05-22T13:16:00+00:00,1.62658,1.6268,1.62653,1.626945,626
2026-05-22T13:17:00+00:00,1.626795,1.6269,1.62676,1.626955,604
2026-05-22T13:18:00+00:00,1.626905,1.62694,1.626815,1.627005,528
2026-05-22T13:19:00+00:00,1.626945,1.627235,1.626865,1.627235,1003
2026-05-22T13:20:00+00:00,1.62723,1.627415,1.627195,1.627425,801
2026-05-22T13:21:00+00:00,1.62742,1.627715,1.62741,1.627735,823
2026-05-22T13:22:00+00:00,1.62771,1.627705,1.627645,1.62779,591
2026-05-22T13:23:00+00:00,1.62771,1.62769,1.62768,1.62782,510
2026-05-22T13:24:00+00:00,1.627695,1.62764,1.627615,1.62774,519
2026-05-22T13:25:00+00:00,1.627645,1.627585,1.62757,1.62773,486
2026-05-22T13:26:00+00:00,1.627585,1.62737,1.62735,1.62765,473
2026-05-22T13:27:00+00:00,1.62739,1.62743,1.62739,1.62751,452
2026-05-22T13:28:00+00:00,1.627435,1.62749,1.62739,1.62753,317
2026-05-22T13:29:00+00:00,1.627495,1.62779,1.62749,1.62781,427
2026-05-22T13:30:00+00:00,1.6278,1.627665,1.62765,1.62784,954
2026-05-22T13:31:00+00:00,1.62766,1.627635,1.627525,1.62773,581
2026-05-22T13:32:00+00:00,1.627645,1.627675,1.627525,1.62773,517
2026-05-22T13:33:00+00:00,1.62767,1.62778,1.627585,1.62786,845
2026-05-22T13:34:00+00:00,1.627785,1.62766,1.627645,1.62786,901
2026-05-22T13:35:00+00:00,1.627665,1.62776,1.627655,1.627825,810
2026-05-22T13:36:00+00:00,1.627755,1.62777,1.62764,1.62783,614
2026-05-22T13:37:00+00:00,1.627765,1.627825,1.6277,1.627875,673
2026-05-22T13:38:00+00:00,1.62783,1.627975,1.62782,1.628045,730
2026-05-22T13:39:00+00:00,1.62798,1.62804,1.627815,1.628065,658
2026-05-22T13:40:00+00:00,1.628035,1.627945,1.627775,1.62806,826
2026-05-22T13:41:00+00:00,1.62794,1.62785,1.62773,1.62796,762
2026-05-22T13:42:00+00:00,1.627855,1.62797,1.62784,1.62815,1058
2026-05-22T13:43:00+00:00,1.627955,1.627785,1.62775,1.627985,847
2026-05-22T13:44:00+00:00,1.62779,1.627805,1.627765,1.627895,635
2026-05-22T13:45:00+00:00,1.6278,1.628015,1.627735,1.628065,634
2026-05-22T13:46:00+00:00,1.62801,1.62828,1.627955,1.62829,525
2026-05-22T13:47:00+00:00,1.62827,1.628155,1.62807,1.628335,352
2026-05-22T13:48:00+00:00,1.62816,1.628405,1.628145,1.628485,829
2026-05-22T13:49:00+00:00,1.62842,1.628295,1.628275,1.62842,661
2026-05-22T13:50:00+00:00,1.62829,1.628185,1.628165,1.628445,719
2026-05-22T13:51:00+00:00,1.628195,1.62807,1.62802,1.628275,901
2026-05-22T13:52:00+00:00,1.628075,1.62811,1.62797,1.62814,616
2026-05-22T13:53:00+00:00,1.628105,1.627735,1.627695,1.62814,705
2026-05-22T13:54:00+00:00,1.62774,1.62771,1.627675,1.62786,802
2026-05-22T13:55:00+00:00,1.627715,1.627595,1.62752,1.627715,687
2026-05-22T13:56:00+00:00,1.6276,1.627675,1.62758,1.627745,568
2026-05-22T13:57:00+00:00,1.62768,1.627735,1.627585,1.627875,596
2026-05-22T13:58:00+00:00,1.62773,1.627725,1.627645,1.62782,377
2026-05-22T13:59:00+00:00,1.62772,1.6276,1.627585,1.62779,415
2026-05-22T14:00:00+00:00,1.627595,1.628185,1.6275,1.62821,1258
2026-05-22T14:01:00+00:00,1.62818,1.62849,1.627945,1.62851,1060
2026-05-22T14:02:00+00:00,1.628495,1.628415,1.62836,1.628705,1063
2026-05-22T14:03:00+00:00,1.62841,1.628345,1.62819,1.62851,1130
2026-05-22T14:04:00+00:00,1.628345,1.62848,1.6282,1.628495,1064
2026-05-22T14:05:00+00:00,1.628485,1.628405,1.628305,1.62862,839
2026-05-22T14:06:00+00:00,1.628415,1.62844,1.628335,1.62864,963
2026-05-22T14:07:00+00:00,1.62845,1.62838,1.628265,1.62852,853
2026-05-22T14:08:00+00:00,1.628375,1.62798,1.62798,1.628385,818
2026-05-22T14:09:00+00:00,1.627975,1.6279,1.62777,1.6281,984
2026-05-22T14:10:00+00:00,1.627905,1.62788,1.62782,1.627935,754
2026-05-22T14:11:00+00:00,1.627885,1.628025,1.627885,1.628055,594
2026-05-22T14:12:00+00:00,1.62802,1.627935,1.627885,1.62816,635
2026-05-22T14:13:00+00:00,1.62795,1.627875,1.62784,1.62804,890
2026-05-22T14:14:00+00:00,1.62787,1.628,1.6278,1.628065,707
2026-05-22T14:15:00+00:00,1.628005,1.628075,1.627915,1.628195,864
2026-05-22T14:16:00+00:00,1.62807,1.62809,1.62799,1.62815,848
2026-05-22T14:17:00+00:00,1.628095,1.628235,1.628045,1.62831,764
2026-05-22T14:18:00+00:00,1.62824,1.6281,1.628085,1.628295,666
2026-05-22T14:19:00+00:00,1.628095,1.628035,1.62802,1.62816,482
2026-05-22T14:20:00+00:00,1.62803,1.628025,1.627905,1.628055,574
2026-05-22T14:21:00+00:00,1.62802,1.62801,1.627975,1.62809,595
2026-05-22T14:22:00+00:00,1.628,1.62823,1.627975,1.62823,594
2026-05-22T14:23:00+00:00,1.628225,1.62861,1.62822,1.62861,576
2026-05-22T14:24:00+00:00,1.628615,1.62861,1.62853,1.62875,585
2026-05-22T14:25:00+00:00,1.628615,1.62856,1.628555,1.628695,475
2026-05-22T14:26:00+00:00,1.628555,1.62856,1.62839,1.628625,564
2026-05-22T14:27:00+00:00,1.628555,1.62849,1.62846,1.62862,593
2026-05-22T14:28:00+00:00,1.62848,1.62826,1.628255,1.6285,615
2026-05-22T14:29:00+00:00,1.628255,1.628215,1.62815,1.6283,553
2026-05-22T14:30:00+00:00,1.628205,1.628175,1.62813,1.628365,660
2026-05-22T14:31:00+00:00,1.62817,1.628115,1.628005,1.628175,571
2026-05-22T14:32:00+00:00,1.62812,1.628045,1.627945,1.628185,715
2026-05-22T14:33:00+00:00,1.628045,1.62814,1.628005,1.62817,622
2026-05-22T14:34:00+00:00,1.628145,1.62807,1.62801,1.62827,692
2026-05-22T14:35:00+00:00,1.628075,1.628025,1.62792,1.62808,613
2026-05-22T14:36:00+00:00,1.628035,1.62792,1.627915,1.62813,516
2026-05-22T14:37:00+00:00,1.627915,1.627925,1.62787,1.62799,355
2026-05-22T14:38:00+00:00,1.62793,1.62824,1.627905,1.628255,603
2026-05-22T14:39:00+00:00,1.62825,1.6282,1.628125,1.62828,639
2026-05-22T14:40:00+00:00,1.628195,1.62802,1.62789,1.62823,626
2026-05-22T14:41:00+00:00,1.628025,1.628055,1.62794,1.6281,406
2026-05-22T14:42:00+00:00,1.62805,1.62824,1.628025,1.62831,403
2026-05-22T14:43:00+00:00,1.628235,1.628385,1.628105,1.62843,382
2026-05-22T14:44:00+00:00,1.62839,1.628255,1.628235,1.628415,362
2026-05-22T14:45:00+00:00,1.628245,1.627915,1.627885,1.628285,669
2026-05-22T14:46:00+00:00,1.62792,1.62806,1.62792,1.628085,533
2026-05-22T14:47:00+00:00,1.628065,1.62787,1.62783,1.628085,601
2026-05-22T14:48:00+00:00,1.627875,1.62788,1.627715,1.62792,530
2026-05-22T14:49:00+00:00,1.62789,1.62822,1.62781,1.62822,517
2026-05-22T14:50:00+00:00,1.628215,1.628105,1.62802,1.62829,598
2026-05-22T14:51:00+00:00,1.62811,1.627705,1.6277,1.628145,642
2026-05-22T14:52:00+00:00,1.62771,1.62763,1.62758,1.62774,509
2026-05-22T14:53:00+00:00,1.627625,1.627335,1.627315,1.627645,508
2026-05-22T14:54:00+00:00,1.62733,1.627295,1.62724,1.62738,487
2026-05-22T14:55:00+00:00,1.62729,1.62737,1.627285,1.62748,750
2026-05-22T14:56:00+00:00,1.62736,1.62725,1.627115,1.627375,558
2026-05-22T14:57:00+00:00,1.62724,1.627265,1.627165,1.627335,612
2026-05-22T14:58:00+00:00,1.62726,1.62717,1.627095,1.6273,491
2026-05-22T14:59:00+00:00,1.627175,1.62731,1.627035,1.627325,460
2026-05-22T15:00:00+00:00,1.627305,1.627435,1.62727,1.62745,601
2026-05-22T15:01:00+00:00,1.62743,1.627555,1.62736,1.62757,677
2026-05-22T15:02:00+00:00,1.62755,1.62759,1.627475,1.62769,504
2026-05-22T15:03:00+00:00,1.62758,1.62766,1.62755,1.627755,499
2026-05-22T15:04:00+00:00,1.62767,1.627505,1.62736,1.627745,503
2026-05-22T15:05:00+00:00,1.627515,1.6273,1.62722,1.62758,599
2026-05-22T15:06:00+00:00,1.627295,1.62722,1.627115,1.627415,810
2026-05-22T15:07:00+00:00,1.627215,1.62738,1.627165,1.62741,703
2026-05-22T15:08:00+00:00,1.62737,1.627285,1.62719,1.627415,545
2026-05-22T15:09:00+00:00,1.627295,1.627195,1.62717,1.627345,470
2026-05-22T15:10:00+00:00,1.62719,1.627185,1.627135,1.62729,374
2026-05-22T15:11:00+00:00,1.62719,1.62727,1.627135,1.62733,406
2026-05-22T15:12:00+00:00,1.627275,1.627385,1.627255,1.627425,365
2026-05-22T15:13:00+00:00,1.627395,1.627495,1.627335,1.627505,274
2026-05-22T15:14:00+00:00,1.627505,1.627495,1.62744,1.627555,315
2026-05-22T15:15:00+00:00,1.6275,1.62761,1.62744,1.627675,347
2026-05-22T15:16:00+00:00,1.627615,1.62761,1.627485,1.627625,425
2026-05-22T15:17:00+00:00,1.627595,1.627635,1.627575,1.627695,408
2026-05-22T15:18:00+00:00,1.627645,1.627685,1.62761,1.627745,331
2026-05-22T15:19:00+00:00,1.627695,1.627605,1.627595,1.62774,378
2026-05-22T15:20:00+00:00,1.627605,1.62752,1.627495,1.62766,378
2026-05-22T15:21:00+00:00,1.627515,1.627515,1.62746,1.627605,505
2026-05-22T15:22:00+00:00,1.62752,1.62742,1.62739,1.627525,378
2026-05-22T15:23:00+00:00,1.627425,1.62729,1.627265,1.627465,413
2026-05-22T15:24:00+00:00,1.62731,1.62742,1.627265,1.627445,447
2026-05-22T15:25:00+00:00,1.627415,1.62728,1.62726,1.62746,399
2026-05-22T15:26:00+00:00,1.627275,1.627485,1.627155,1.62751,502
2026-05-22T15:27:00+00:00,1.627495,1.62744,1.627385,1.627525,343
2026-05-22T15:28:00+00:00,1.62745,1.62743,1.627345,1.62753,415
2026-05-22T15:29:00+00:00,1.627425,1.6274,1.6274,1.62755,416
2026-05-22T15:30:00+00:00,1.627405,1.62721,1.62714,1.627405,634
2026-05-22T15:31:00+00:00,1.627215,1.62689,1.62685,1.62725,592
2026-05-22T15:32:00+00:00,1.6269,1.62686,1.626835,1.626965,403
2026-05-22T15:33:00+00:00,1.62687,1.62699,1.626835,1.627015,547
2026-05-22T15:34:00+00:00,1.626985,1.626925,1.626835,1.626995,549
2026-05-22T15:35:00+00:00,1.62693,1.62674,1.626725,1.62699,622
2026-05-22T15:36:00+00:00,1.626735,1.62686,1.626715,1.62698,468
2026-05-22T15:37:00+00:00,1.626855,1.62708,1.626805,1.62709,421
2026-05-22T15:38:00+00:00,1.627075,1.626845,1.62684,1.6271,446
2026-05-22T15:39:00+00:00,1.62685,1.62683,1.62677,1.62691,505
2026-05-22T15:40:00+00:00,1.626825,1.62693,1.62675,1.62696,467
2026-05-22T15:41:00+00:00,1.626935,1.626975,1.62685,1.627,479
2026-05-22T15:42:00+00:00,1.62697,1.626915,1.626895,1.627,391
2026-05-22T15:43:00+00:00,1.626915,1.62674,1.62673,1.627035,505
2026-05-22T15:44:00+00:00,1.626745,1.626755,1.626625,1.626765,365
2026-05-22T15:45:00+00:00,1.62675,1.62655,1.626545,1.626835,393
2026-05-22T15:46:00+00:00,1.626555,1.626735,1.626535,1.62676,411
2026-05-22T15:47:00+00:00,1.62674,1.62708,1.626725,1.62708,461
2026-05-22T15:48:00+00:00,1.627085,1.627055,1.62701,1.627135,538
2026-05-22T15:49:00+00:00,1.62705,1.627155,1.627005,1.62718,443
2026-05-22T15:50:00+00:00,1.62715,1.626985,1.62695,1.62717,362
2026-05-22T15:51:00+00:00,1.62698,1.62693,1.626895,1.626995,374
2026-05-22T15:52:00+00:00,1.626935,1.62691,1.62684,1.626975,298
2026-05-22T15:53:00+00:00,1.626895,1.62688,1.62685,1.62697,410
2026-05-22T15:54:00+00:00,1.626875,1.626925,1.62685,1.62698,410
2026-05-22T15:55:00+00:00,1.62693,1.626925,1.626835,1.626975,412
2026-05-22T15:56:00+00:00,1.62692,1.626875,1.626845,1.62696,348
2026-05-22T15:57:00+00:00,1.62687,1.626945,1.62683,1.62706,407
2026-05-22T15:58:00+00:00,1.626945,1.62695,1.62682,1.626975,382
2026-05-22T15:59:00+00:00,1.62694,1.627125,1.626935,1.627145,290
2026-05-22T16:00:00+00:00,1.62713,1.627045,1.627025,1.62718,646
2026-05-22T16:01:00+00:00,1.62704,1.626725,1.626695,1.627055,521
2026-05-22T16:02:00+00:00,1.62673,1.626725,1.6267,1.626865,305
2026-05-22T16:03:00+00:00,1.62672,1.62681,1.62672,1.62693,421
2026-05-22T16:04:00+00:00,1.62682,1.62685,1.62675,1.626885,457
2026-05-22T16:05:00+00:00,1.626845,1.62694,1.62679,1.62695,427
2026-05-22T16:06:00+00:00,1.626945,1.627105,1.626915,1.627115,356
2026-05-22T16:07:00+00:00,1.62711,1.62717,1.62704,1.62718,344
2026-05-22T16:08:00+00:00,1.627175,1.627205,1.627085,1.627225,405
2026-05-22T16:09:00+00:00,1.627195,1.627305,1.62717,1.62733,355
2026-05-22T16:10:00+00:00,1.62731,1.627295,1.627135,1.62736,484
2026-05-22T16:11:00+00:00,1.62729,1.627205,1.6272,1.627315,513
2026-05-22T16:12:00+00:00,1.6272,1.62707,1.626995,1.627205,348
2026-05-22T16:13:00+00:00,1.627075,1.62725,1.626965,1.62725,373
2026-05-22T16:14:00+00:00,1.627245,1.627305,1.627215,1.627385,312
2026-05-22T16:15:00+00:00,1.62731,1.627555,1.62731,1.62757,540
2026-05-22T16:16:00+00:00,1.62755,1.627365,1.627335,1.627565,313
2026-05-22T16:17:00+00:00,1.62736,1.62725,1.62722,1.62739,308
2026-05-22T16:18:00+00:00,1.627245,1.627255,1.6272,1.62733,304
2026-05-22T16:19:00+00:00,1.627255,1.62726,1.62721,1.627305,266
2026-05-22T16:20:00+00:00,1.62726,1.62703,1.62702,1.627285,395
2026-05-22T16:21:00+00:00,1.627035,1.62709,1.626975,1.627095,429
2026-05-22T16:22:00+00:00,1.627085,1.627185,1.627085,1.6272,349
2026-05-22T16:23:00+00:00,1.62718,1.62732,1.627135,1.62736,417
2026-05-22T16:24:00+00:00,1.627325,1.62733,1.62726,1.627355,299
2026-05-22T16:25:00+00:00,1.627325,1.62714,1.627135,1.62734,384
2026-05-22T16:26:00+00:00,1.627145,1.626965,1.626955,1.62717,285
2026-05-22T16:27:00+00:00,1.626975,1.62696,1.626925,1.627035,266
2026-05-22T16:28:00+00:00,1.626965,1.62693,1.62691,1.626995,243
2026-05-22T16:29:00+00:00,1.626925,1.62701,1.626915,1.627025,262
2026-05-22T16:30:00+00:00,1.627005,1.62697,1.62688,1.627045,326
2026-05-22T16:31:00+00:00,1.626975,1.62697,1.626855,1.62702,321
2026-05-22T16:32:00+00:00,1.62696,1.627115,1.62694,1.627175,429
2026-05-22T16:33:00+00:00,1.62711,1.627075,1.62702,1.62713,392
2026-05-22T16:34:00+00:00,1.62708,1.627215,1.627035,1.627235,430
2026-05-22T16:35:00+00:00,1.62722,1.62729,1.627185,1.62729,314
2026-05-22T16:36:00+00:00,1.627285,1.62735,1.62728,1.62739,409
2026-05-22T16:37:00+00:00,1.62734,1.62725,1.627235,1.627365,229
2026-05-22T16:38:00+00:00,1.627245,1.627175,1.62713,1.627255,277
2026-05-22T16:39:00+00:00,1.62718,1.627185,1.627155,1.62725,437
2026-05-22T16:40:00+00:00,1.62719,1.62713,1.627115,1.627205,179
2026-05-22T16:41:00+00:00,1.627135,1.627025,1.62693,1.62714,255
2026-05-22T16:42:00+00:00,1.62702,1.627015,1.626945,1.62703,308
2026-05-22T16:43:00+00:00,1.62701,1.627095,1.627,1.62719,377
2026-05-22T16:44:00+00:00,1.627095,1.627205,1.627025,1.62724,220
2026-05-22T16:45:00+00:00,1.62721,1.627185,1.62712,1.62721,282
2026-05-22T16:46:00+00:00,1.62718,1.627095,1.62706,1.62726,399
2026-05-22T16:47:00+00:00,1.62709,1.627015,1.626975,1.62711,282
2026-05-22T16:48:00+00:00,1.62702,1.62714,1.62698,1.62714,275
2026-05-22T16:49:00+00:00,1.62715,1.6271,1.627075,1.627175,279
2026-05-22T16:50:00+00:00,1.627105,1.627075,1.627015,1.627105,310
2026-05-22T16:51:00+00:00,1.627075,1.627085,1.62701,1.62712,293
2026-05-22T16:52:00+00:00,1.62708,1.62715,1.627055,1.62717,333
2026-05-22T16:53:00+00:00,1.627145,1.627155,1.627075,1.62718,298
2026-05-22T16:54:00+00:00,1.62715,1.62721,1.62701,1.62721,308
2026-05-22T16:55:00+00:00,1.627205,1.627285,1.627185,1.627295,224
2026-05-22T16:56:00+00:00,1.627275,1.627315,1.627235,1.627335,319
2026-05-22T16:57:00+00:00,1.627325,1.627265,1.627225,1.62738,353
2026-05-22T16:58:00+00:00,1.62727,1.627215,1.627185,1.627275,281
2026-05-22T16:59:00+00:00,1.6272,1.62729,1.627185,1.627325,286
2026-05-22T17:00:00+00:00,1.62728,1.62716,1.627095,1.627315,434
2026-05-22T17:01:00+00:00,1.627165,1.6272,1.627145,1.627265,261
2026-05-22T17:02:00+00:00,1.62721,1.627125,1.627075,1.627215,281
2026-05-22T17:03:00+00:00,1.62712,1.62715,1.627065,1.62715,316
2026-05-22T17:04:00+00:00,1.627145,1.627015,1.627,1.627145,218
2026-05-22T17:05:00+00:00,1.62701,1.62706,1.626955,1.62707,315
2026-05-22T17:06:00+00:00,1.62705,1.62703,1.627005,1.627155,428
2026-05-22T17:07:00+00:00,1.627035,1.62694,1.626905,1.62705,308
2026-05-22T17:08:00+00:00,1.626935,1.627005,1.62691,1.62705,187
2026-05-22T17:09:00+00:00,1.627,1.626985,1.626905,1.62703,157
2026-05-22T17:10:00+00:00,1.62698,1.626975,1.62693,1.62702,262
2026-05-22T17:11:00+00:00,1.62698,1.626935,1.62692,1.62701,152
2026-05-22T17:12:00+00:00,1.62694,1.626915,1.6269,1.62701,210
2026-05-22T17:13:00+00:00,1.626915,1.62694,1.626855,1.62698,179
2026-05-22T17:14:00+00:00,1.626935,1.627025,1.626885,1.62703,289
2026-05-22T17:15:00+00:00,1.627025,1.627115,1.626995,1.62716,226
2026-05-22T17:16:00+00:00,1.627105,1.627105,1.6271,1.627175,210
2026-05-22T17:17:00+00:00,1.62711,1.62705,1.62705,1.62717,238
2026-05-22T17:18:00+00:00,1.627055,1.62708,1.62701,1.62712,220
2026-05-22T17:19:00+00:00,1.627075,1.62723,1.62698,1.62728,328
2026-05-22T17:20:00+00:00,1.627225,1.6271,1.627035,1.627295,973
2026-05-22T17:21:00+00:00,1.627105,1.62712,1.6271,1.627285,610
2026-05-22T17:22:00+00:00,1.62714,1.62731,1.62713,1.62731,512
2026-05-22T17:23:00+00:00,1.627315,1.62727,1.62726,1.6274,440
2026-05-22T17:24:00+00:00,1.627265,1.627225,1.62721,1.627375,295
2026-05-22T17:25:00+00:00,1.627235,1.62721,1.62715,1.62724,440
2026-05-22T17:26:00+00:00,1.62722,1.62724,1.62719,1.62729,316
2026-05-22T17:27:00+00:00,1.627245,1.62723,1.627175,1.627275,331
2026-05-22T17:28:00+00:00,1.62722,1.627165,1.62691,1.62742,1713
2026-05-22T17:29:00+00:00,1.627175,1.626875,1.626735,1.62732,1483
2026-05-22T17:30:00+00:00,1.626865,1.62686,1.62669,1.626995,1570
2026-05-22T17:31:00+00:00,1.626865,1.6269,1.626715,1.626935,1307
2026-05-22T17:32:00+00:00,1.626895,1.627035,1.626755,1.62711,973
2026-05-22T17:33:00+00:00,1.62703,1.62707,1.626995,1.62713,705
2026-05-22T17:34:00+00:00,1.627065,1.627035,1.626955,1.62707,637
2026-05-22T17:35:00+00:00,1.62703,1.626915,1.626865,1.627115,459
2026-05-22T17:36:00+00:00,1.626925,1.62693,1.62685,1.62698,435
2026-05-22T17:37:00+00:00,1.62694,1.62677,1.626735,1.62695,442
2026-05-22T17:38:00+00:00,1.62677,1.62681,1.626705,1.626835,439
2026-05-22T17:39:00+00:00,1.6268,1.62675,1.626645,1.6268,437
2026-05-22T17:40:00+00:00,1.626755,1.626775,1.626675,1.62684,366
2026-05-22T17:41:00+00:00,1.62678,1.62689,1.626735,1.62689,286
2026-05-22T17:42:00+00:00,1.62688,1.626805,1.62679,1.626905,442
2026-05-22T17:43:00+00:00,1.626815,1.626955,1.62681,1.627,339
2026-05-22T17:44:00+00:00,1.62696,1.627015,1.62693,1.627025,411
2026-05-22T17:45:00+00:00,1.627005,1.626995,1.62696,1.627045,553
2026-05-22T17:46:00+00:00,1.627,1.62686,1.62683,1.62701,252
2026-05-22T17:47:00+00:00,1.626855,1.626815,1.62674,1.62692,400
2026-05-22T17:48:00+00:00,1.62681,1.626785,1.62672,1.62684,287
2026-05-22T17:49:00+00:00,1.62678,1.62676,1.62671,1.626805,163
2026-05-22T17:50:00+00:00,1.626765,1.62681,1.626745,1.626845,271
2026-05-22T17:51:00+00:00,1.626815,1.626755,1.626735,1.626865,460
2026-05-22T17:52:00+00:00,1.62676,1.62677,1.62673,1.626815,435
2026-05-22T17:53:00+00:00,1.62678,1.626785,1.626725,1.626805,339
2026-05-22T17:54:00+00:00,1.62679,1.62692,1.62675,1.62693,384
2026-05-22T17:55:00+00:00,1.6269,1.62686,1.62684,1.626935,311
2026-05-22T17:56:00+00:00,1.626855,1.6269,1.626825,1.62692,297
2026-05-22T17:57:00+00:00,1.626895,1.626885,1.626795,1.626945,296
2026-05-22T17:58:00+00:00,1.626875,1.62691,1.62687,1.626945,290
2026-05-22T17:59:00+00:00,1.626905,1.626995,1.626905,1.62703,342
2026-05-22T18:00:00+00:00,1.62699,1.627015,1.626975,1.627045,337
2026-05-22T18:01:00+00:00,1.627015,1.62711,1.627005,1.627135,300
2026-05-22T18:02:00+00:00,1.627115,1.62703,1.62696,1.627165,386
2026-05-22T18:03:00+00:00,1.627025,1.627005,1.62698,1.627075,308
2026-05-22T18:04:00+00:00,1.627,1.62704,1.626975,1.627325,706
2026-05-22T18:05:00+00:00,1.627045,1.62697,1.62694,1.62709,602
2026-05-22T18:06:00+00:00,1.62696,1.627005,1.62696,1.62705,438
2026-05-22T18:07:00+00:00,1.627,1.62685,1.62685,1.627035,494
2026-05-22T18:08:00+00:00,1.626855,1.626885,1.62684,1.626935,397
2026-05-22T18:09:00+00:00,1.626895,1.62688,1.62683,1.62695,327
2026-05-22T18:10:00+00:00,1.626885,1.626805,1.626745,1.62692,282
2026-05-22T18:11:00+00:00,1.6268,1.626755,1.62673,1.626835,341
2026-05-22T18:12:00+00:00,1.62675,1.62682,1.62673,1.626875,374
2026-05-22T18:13:00+00:00,1.626825,1.626765,1.62674,1.62684,222
2026-05-22T18:14:00+00:00,1.62676,1.626725,1.6267,1.62683,355
2026-05-22T18:15:00+00:00,1.62672,1.626775,1.62671,1.626815,345
2026-05-22T18:16:00+00:00,1.62677,1.62673,1.626685,1.6268,295
2026-05-22T18:17:00+00:00,1.626725,1.626785,1.6267,1.626835,222
2026-05-22T18:18:00+00:00,1.62679,1.62671,1.626635,1.6268,353
2026-05-22T18:19:00+00:00,1.626705,1.626685,1.626605,1.62672,287
2026-05-22T18:20:00+00:00,1.62668,1.62668,1.62664,1.62673,220
2026-05-22T18:21:00+00:00,1.626675,1.62672,1.626645,1.62674,263
2026-05-22T18:22:00+00:00,1.62671,1.62674,1.62671,1.62683,274
2026-05-22T18:23:00+00:00,1.626745,1.62679,1.62674,1.626855,254
2026-05-22T18:24:00+00:00,1.626795,1.62683,1.626785,1.62693,322
2026-05-22T18:25:00+00:00,1.62683,1.62678,1.62676,1.626855,233
2026-05-22T18:26:00+00:00,1.62679,1.626815,1.626775,1.626845,222
2026-05-22T18:27:00+00:00,1.62681,1.62679,1.6267,1.626835,388
2026-05-22T18:28:00+00:00,1.626795,1.626795,1.626755,1.626835,319
2026-05-22T18:29:00+00:00,1.626785,1.626805,1.62675,1.62684,280
2026-05-22T18:30:00+00:00,1.6268,1.626755,1.626745,1.62686,256
2026-05-22T18:31:00+00:00,1.62676,1.62678,1.626735,1.626825,260
2026-05-22T18:32:00+00:00,1.626775,1.626805,1.62674,1.626825,187
2026-05-22T18:33:00+00:00,1.6268,1.6268,1.62676,1.62684,183
2026-05-22T18:34:00+00:00,1.626805,1.626795,1.626765,1.62682,96
2026-05-22T18:35:00+00:00,1.6268,1.626935,1.6268,1.62696,260
2026-05-22T18:36:00+00:00,1.62692,1.62689,1.626875,1.62696,219
2026-05-22T18:37:00+00:00,1.626885,1.62701,1.62685,1.627015,268
2026-05-22T18:38:00+00:00,1.627005,1.626815,1.626775,1.62706,332
2026-05-22T18:39:00+00:00,1.62682,1.62672,1.6266,1.62689,862
2026-05-22T18:40:00+00:00,1.62672,1.626645,1.62661,1.626735,446
2026-05-22T18:41:00+00:00,1.62664,1.626635,1.626585,1.6267,415
2026-05-22T18:42:00+00:00,1.62663,1.62666,1.626605,1.62672,171
2026-05-22T18:43:00+00:00,1.62665,1.62664,1.62661,1.62671,364
2026-05-22T18:44:00+00:00,1.626635,1.62672,1.626635,1.626735,249
2026-05-22T18:45:00+00:00,1.626715,1.6268,1.62667,1.62684,245
2026-05-22T18:46:00+00:00,1.626795,1.62676,1.62672,1.626795,105
2026-05-22T18:47:00+00:00,1.62676,1.62681,1.62672,1.626835,169
2026-05-22T18:48:00+00:00,1.626805,1.626785,1.62677,1.626825,207
2026-05-22T18:49:00+00:00,1.62679,1.626785,1.6267,1.626815,306
2026-05-22T18:50:00+00:00,1.626785,1.626735,1.626695,1.626785,197
2026-05-22T18:51:00+00:00,1.62673,1.626745,1.626695,1.626775,314
2026-05-22T18:52:00+00:00,1.62675,1.6268,1.62673,1.626825,145
2026-05-22T18:53:00+00:00,1.626795,1.626815,1.62676,1.62686,272
2026-05-22T18:54:00+00:00,1.626805,1.626845,1.626755,1.62688,199
2026-05-22T18:55:00+00:00,1.62684,1.62686,1.62684,1.626935,184
2026-05-22T18:56:00+00:00,1.626855,1.626895,1.626825,1.62692,174
2026-05-22T18:57:00+00:00,1.6269,1.6268,1.626795,1.6269,181
2026-05-22T18:58:00+00:00,1.626805,1.626765,1.626735,1.62683,152
2026-05-22T18:59:00+00:00,1.626755,1.626735,1.6267,1.6268,244
2026-05-22T19:00:00+00:00,1.62673,1.626875,1.62673,1.62692,275
2026-05-22T19:01:00+00:00,1.626885,1.626915,1.626815,1.626955,383
2026-05-22T19:02:00+00:00,1.62692,1.62698,1.62686,1.62707,495
2026-05-22T19:03:00+00:00,1.626985,1.627105,1.626955,1.627105,667
2026-05-22T19:04:00+00:00,1.62711,1.627105,1.627055,1.627195,328
2026-05-22T19:05:00+00:00,1.627115,1.6271,1.62704,1.627135,235
2026-05-22T19:06:00+00:00,1.627095,1.62714,1.627055,1.62716,306
2026-05-22T19:07:00+00:00,1.627135,1.62711,1.62703,1.62715,292
2026-05-22T19:08:00+00:00,1.62711,1.62712,1.62705,1.62715,168
2026-05-22T19:09:00+00:00,1.627125,1.62705,1.627035,1.62719,216
2026-05-22T19:10:00+00:00,1.627055,1.62707,1.62702,1.62713,222
2026-05-22T19:11:00+00:00,1.627075,1.627,1.627,1.627075,155
2026-05-22T19:12:00+00:00,1.627005,1.62695,1.62694,1.62701,168
2026-05-22T19:13:00+00:00,1.62696,1.62695,1.626905,1.62699,215
2026-05-22T19:14:00+00:00,1.626955,1.62698,1.626945,1.62703,163
2026-05-22T19:15:00+00:00,1.626975,1.626975,1.62694,1.62701,229
2026-05-22T19:16:00+00:00,1.62698,1.62703,1.62694,1.62704,222
2026-05-22T19:17:00+00:00,1.627025,1.626985,1.62697,1.627065,143
2026-05-22T19:18:00+00:00,1.626985,1.626865,1.626865,1.62701,164
2026-05-22T19:19:00+00:00,1.62687,1.626885,1.62684,1.626895,132
2026-05-22T19:20:00+00:00,1.626885,1.627075,1.626885,1.62711,134
2026-05-22T19:21:00+00:00,1.627075,1.6271,1.627055,1.627125,133
2026-05-22T19:22:00+00:00,1.627095,1.62714,1.627095,1.62717,119
2026-05-22T19:23:00+00:00,1.62713,1.627065,1.62706,1.627155,144
2026-05-22T19:24:00+00:00,1.627055,1.6271,1.62705,1.627145,210
2026-05-22T19:25:00+00:00,1.627105,1.627185,1.6271,1.62721,138
2026-05-22T19:26:00+00:00,1.627185,1.627175,1.627145,1.62723,214
2026-05-22T19:27:00+00:00,1.62718,1.62715,1.627135,1.627195,155
2026-05-22T19:28:00+00:00,1.627145,1.62716,1.627135,1.627175,110
2026-05-22T19:29:00+00:00,1.627165,1.6272,1.627155,1.62727,341
2026-05-22T19:30:00+00:00,1.627195,1.62728,1.62716,1.627305,351
2026-05-22T19:31:00+00:00,1.627285,1.62729,1.627195,1.62732,349
2026-05-22T19:32:00+00:00,1.62729,1.62715,1.627125,1.6273,216
2026-05-22T19:33:00+00:00,1.627155,1.62715,1.62711,1.62721,161
2026-05-22T19:34:00+00:00,1.627145,1.627155,1.627105,1.6272,238
2026-05-22T19:35:00+00:00,1.627165,1.627305,1.62713,1.62732,294
2026-05-22T19:36:00+00:00,1.627305,1.62727,1.627255,1.62735,224
2026-05-22T19:37:00+00:00,1.627265,1.627335,1.627265,1.627375,284
2026-05-22T19:38:00+00:00,1.62733,1.62731,1.62727,1.62738,302
2026-05-22T19:39:00+00:00,1.627305,1.62737,1.627265,1.627385,305
2026-05-22T19:40:00+00:00,1.627365,1.627415,1.627325,1.627465,133
2026-05-22T19:41:00+00:00,1.62742,1.627305,1.627285,1.627465,127
2026-05-22T19:42:00+00:00,1.6273,1.62732,1.627285,1.627385,291
2026-05-22T19:43:00+00:00,1.627335,1.627245,1.62723,1.627335,212
2026-05-22T19:44:00+00:00,1.627235,1.62729,1.62723,1.62732,208
2026-05-22T19:45:00+00:00,1.627285,1.62734,1.627265,1.627345,304
2026-05-22T19:46:00+00:00,1.627345,1.62736,1.62731,1.627435,315
2026-05-22T19:47:00+00:00,1.62733,1.627325,1.627275,1.627355,246
2026-05-22T19:48:00+00:00,1.627315,1.627415,1.627315,1.62744,139
2026-05-22T19:49:00+00:00,1.62741,1.62742,1.627355,1.627455,185
2026-05-22T19:50:00+00:00,1.627425,1.62733,1.627325,1.62755,315
2026-05-22T19:51:00+00:00,1.62733,1.627395,1.627325,1.627445,192
2026-05-22T19:52:00+00:00,1.62741,1.627355,1.627325,1.627415,178
2026-05-22T19:53:00+00:00,1.62735,1.627385,1.62728,1.627405,186
2026-05-22T19:54:00+00:00,1.627405,1.627395,1.627355,1.627445,169
2026-05-22T19:55:00+00:00,1.62739,1.62725,1.627245,1.62739,176
2026-05-22T19:56:00+00:00,1.62724,1.62725,1.627205,1.62729,194
2026-05-22T19:57:00+00:00,1.62725,1.62719,1.627075,1.627275,293
2026-05-22T19:58:00+00:00,1.6272,1.62719,1.627155,1.627225,229
2026-05-22T19:59:00+00:00,1.627195,1.627305,1.62714,1.62735,337
2026-05-22T20:00:00+00:00,1.6273,1.62738,1.62727,1.6274,369
2026-05-22T20:01:00+00:00,1.627385,1.62744,1.62736,1.62747,190
2026-05-22T20:02:00+00:00,1.627435,1.6274,1.627315,1.62746,214
2026-05-22T20:03:00+00:00,1.627405,1.627285,1.62725,1.62743,147
2026-05-22T20:04:00+00:00,1.62728,1.62738,1.62728,1.627415,272
2026-05-22T20:05:00+00:00,1.627375,1.627365,1.627345,1.6274,198
2026-05-22T20:06:00+00:00,1.62737,1.627275,1.62726,1.627405,153
2026-05-22T20:07:00+00:00,1.62728,1.62724,1.627225,1.6273,184
2026-05-22T20:08:00+00:00,1.627225,1.627215,1.62718,1.627255,107
2026-05-22T20:09:00+00:00,1.627215,1.62723,1.627195,1.62728,94
2026-05-22T20:10:00+00:00,1.627235,1.62723,1.62723,1.627255,51
2026-05-22T20:11:00+00:00,1.627225,1.62736,1.62721,1.62737,90
2026-05-22T20:12:00+00:00,1.62736,1.627365,1.627345,1.62738,44
2026-05-22T20:13:00+00:00,1.627365,1.62728,1.627265,1.627365,111
2026-05-22T20:14:00+00:00,1.627275,1.6272,1.627195,1.627275,54
2026-05-22T20:15:00+00:00,1.627195,1.627335,1.62719,1.627345,126
2026-05-22T20:16:00+00:00,1.627335,1.627415,1.627275,1.62743,113
2026-05-22T20:17:00+00:00,1.627415,1.627395,1.62733,1.627415,136
2026-05-22T20:18:00+00:00,1.6274,1.62739,1.62736,1.627445,267
2026-05-22T20:19:00+00:00,1.627395,1.627355,1.627355,1.627455,147
2026-05-22T20:20:00+00:00,1.62735,1.62742,1.627345,1.627425,67
2026-05-22T20:21:00+00:00,1.62741,1.627485,1.627405,1.62753,157
2026-05-22T20:22:00+00:00,1.627485,1.62749,1.627445,1.62749,31
2026-05-22T20:23:00+00:00,1.627485,1.62753,1.62746,1.627555,100
2026-05-22T20:24:00+00:00,1.627535,1.627455,1.627445,1.627535,24
2026-05-22T20:25:00+00:00,1.627465,1.627475,1.627425,1.627475,55
2026-05-22T20:26:00+00:00,1.62747,1.627465,1.62744,1.62749,52
2026-05-22T20:27:00+00:00,1.627465,1.62745,1.62736,1.627465,52
2026-05-22T20:28:00+00:00,1.627445,1.62747,1.6274,1.62749,154
2026-05-22T20:29:00+00:00,1.627465,1.62762,1.627405,1.627625,170
2026-05-22T20:30:00+00:00,1.627615,1.62754,1.62753,1.627625,121
2026-05-22T20:31:00+00:00,1.62754,1.627665,1.627535,1.6278,545
2026-05-22T20:32:00+00:00,1.627675,1.627765,1.627575,1.6278,345
2026-05-22T20:33:00+00:00,1.62776,1.62768,1.6276,1.62777,176
2026-05-22T20:34:00+00:00,1.627675,1.62754,1.62748,1.627705,341
2026-05-22T20:35:00+00:00,1.627535,1.627565,1.627505,1.627625,132
2026-05-22T20:36:00+00:00,1.62755,1.627445,1.627415,1.6276,137
2026-05-22T20:37:00+00:00,1.62745,1.62747,1.62741,1.627505,261
2026-05-22T20:38:00+00:00,1.62747,1.62733,1.6273,1.627495,667
2026-05-22T20:39:00+00:00,1.627325,1.627335,1.62728,1.62736,194
2026-05-22T20:40:00+00:00,1.627325,1.627335,1.627195,1.62736,297
2026-05-22T20:41:00+00:00,1.627335,1.62738,1.62731,1.62738,151
2026-05-22T20:42:00+00:00,1.627375,1.627415,1.627365,1.627425,121
2026-05-22T20:43:00+00:00,1.62741,1.627335,1.62733,1.62744,773
2026-05-22T20:44:00+00:00,1.627345,1.627335,1.627285,1.62739,566
2026-05-22T20:45:00+00:00,1.62733,1.627305,1.62728,1.62736,258
2026-05-22T20:46:00+00:00,1.6273,1.627245,1.62718,1.627335,323
2026-05-22T20:47:00+00:00,1.627255,1.627335,1.627165,1.627375,265
2026-05-22T20:48:00+00:00,1.627345,1.62751,1.627285,1.62751,144
2026-05-22T20:49:00+00:00,1.62751,1.6273,1.627245,1.62753,128
2026-05-22T20:50:00+00:00,1.627305,1.627555,1.62729,1.627555,112
2026-05-22T20:51:00+00:00,1.62756,1.627665,1.62749,1.627705,144
2026-05-22T20:52:00+00:00,1.627675,1.62761,1.627505,1.627675,132
2026-05-22T20:53:00+00:00,1.627595,1.627525,1.627455,1.627595,142
2026-05-22T20:54:00+00:00,1.62752,1.627425,1.62735,1.62755,401
2026-05-22T20:55:00+00:00,1.627415,1.62747,1.627415,1.62766,217
2026-05-22T20:56:00+00:00,1.62747,1.627595,1.62742,1.6278,227
2026-05-22T20:57:00+00:00,1.627605,1.6277,1.62752,1.627715,114
2026-05-22T20:58:00+00:00,1.627685,1.627645,1.627535,1.62769,74
2026-05-22T20:59:00+00:00,1.627645,1.62767,1.62751,1.627835,79
2026-05-24T21:01:00+00:00,1.62767,1.62767,1.62767,1.62767,0
2026-05-24T21:02:00+00:00,1.62767,1.627,1.62648,1.62767,8
2026-05-24T21:03:00+00:00,1.627,1.627055,1.62698,1.62706,21
2026-05-24T21:04:00+00:00,1.627055,1.62682,1.62682,1.627065,18
2026-05-24T21:05:00+00:00,1.626835,1.62675,1.62675,1.626835,2
2026-05-24T21:06:00+00:00,1.62675,1.626225,1.626145,1.62675,21
2026-05-24T21:07:00+00:00,1.62623,1.626065,1.625955,1.626235,20
2026-05-24T21:08:00+00:00,1.626085,1.626055,1.626,1.626105,23
2026-05-24T21:09:00+00:00,1.626055,1.625845,1.625765,1.62614,16
2026-05-24T21:10:00+00:00,1.62582,1.625795,1.625725,1.625995,38
2026-05-24T21:11:00+00:00,1.6258,1.625905,1.6258,1.625975,35
2026-05-24T21:12:00+00:00,1.625905,1.62618,1.625855,1.62619,22
2026-05-24T21:13:00+00:00,1.62618,1.625795,1.625795,1.626215,21
2026-05-24T21:14:00+00:00,1.62579,1.62572,1.625595,1.625815,48
2026-05-24T21:15:00+00:00,1.625655,1.625725,1.625635,1.625735,32
2026-05-24T21:16:00+00:00,1.62574,1.625795,1.62547,1.626045,42
2026-05-24T21:17:00+00:00,1.625795,1.62576,1.625735,1.62605,47
2026-05-24T21:18:00+00:00,1.62576,1.625725,1.625725,1.625785,19
2026-05-24T21:19:00+00:00,1.625725,1.625765,1.625635,1.62583,20
2026-05-24T21:20:00+00:00,1.62577,1.625765,1.62575,1.62583,21
2026-05-24T21:21:00+00:00,1.625765,1.625765,1.625765,1.62577,4
2026-05-24T21:22:00+00:00,1.625765,1.625765,1.62575,1.625795,19
2026-05-24T21:23:00+00:00,1.625765,1.625895,1.625765,1.625915,22
2026-05-24T21:24:00+00:00,1.625895,1.625895,1.62589,1.625895,14
2026-05-24T21:25:00+00:00,1.625895,1.62568,1.62568,1.625995,33
2026-05-24T21:26:00+00:00,1.62568,1.62554,1.625475,1.6257,33
2026-05-24T21:27:00+00:00,1.62554,1.625625,1.625265,1.625635,39
2026-05-24T21:28:00+00:00,1.625625,1.625885,1.625625,1.6259,21
2026-05-24T21:29:00+00:00,1.625885,1.625765,1.625755,1.62589,6
2026-05-24T21:30:00+00:00,1.625765,1.62575,1.625655,1.6259,7
2026-05-24T21:31:00+00:00,1.62575,1.625765,1.625705,1.626,31
2026-05-24T21:32:00+00:00,1.625755,1.62586,1.625755,1.626205,44
2026-05-24T21:33:00+00:00,1.62586,1.62583,1.62583,1.62586,2
2026-05-24T21:34:00+00:00,1.62583,1.625805,1.62579,1.62584,3
2026-05-24T21:35:00+00:00,1.625805,1.625785,1.625785,1.62583,5
2026-05-24T21:36:00+00:00,1.625785,1.62574,1.625625,1.625835,24
2026-05-24T21:37:00+00:00,1.62574,1.625845,1.625715,1.625845,3
2026-05-24T21:38:00+00:00,1.625845,1.625835,1.625835,1.625845,1
2026-05-24T21:39:00+00:00,1.625835,1.625825,1.625805,1.62586,10
2026-05-24T21:40:00+00:00,1.625825,1.625845,1.62578,1.62593,23
2026-05-24T21:41:00+00:00,1.625845,1.62592,1.6257,1.625935,42
2026-05-24T21:42:00+00:00,1.62592,1.62582,1.62582,1.62592,56
2026-05-24T21:43:00+00:00,1.62582,1.62584,1.62568,1.6259,44
2026-05-24T21:44:00+00:00,1.62584,1.62595,1.62582,1.62595,4
2026-05-24T21:45:00+00:00,1.625895,1.62594,1.62583,1.62594,15
2026-05-24T21:46:00+00:00,1.62594,1.62591,1.62591,1.62594,7
2026-05-24T21:47:00+00:00,1.62591,1.6257,1.625545,1.62599,101
2026-05-24T21:48:00+00:00,1.62576,1.626035,1.625755,1.626035,47
2026-05-24T21:49:00+00:00,1.626035,1.62607,1.626035,1.62607,4
2026-05-24T21:50:00+00:00,1.62607,1.626165,1.62607,1.626165,10
2026-05-24T21:51:00+00:00,1.626165,1.62628,1.62616,1.62631,14
2026-05-24T21:52:00+00:00,1.62629,1.626305,1.62629,1.626305,4
2026-05-24T21:53:00+00:00,1.626305,1.626235,1.62619,1.626305,9
2026-05-24T21:54:00+00:00,1.626235,1.626155,1.6261,1.62627,34
2026-05-24T21:55:00+00:00,1.626155,1.625855,1.62577,1.62627,70
2026-05-24T21:56:00+00:00,1.625855,1.625865,1.62577,1.625965,66
2026-05-24T21:57:00+00:00,1.625865,1.62592,1.62585,1.625945,24
2026-05-24T21:58:00+00:00,1.62606,1.626035,1.625995,1.626255,50
2026-05-24T21:59:00+00:00,1.62604,1.626075,1.625995,1.62609,28
2026-05-24T22:00:00+00:00,1.62613,1.62501,1.624975,1.62628,447
2026-05-24T22:01:00+00:00,1.624995,1.62475,1.62472,1.62518,308
2026-05-24T22:02:00+00:00,1.62475,1.625545,1.62452,1.625635,157
2026-05-24T22:03:00+00:00,1.625525,1.625385,1.625185,1.625605,187
2026-05-24T22:04:00+00:00,1.625355,1.625405,1.625275,1.62549,88
2026-05-24T22:05:00+00:00,1.625425,1.625255,1.6252,1.62553,243
2026-05-24T22:06:00+00:00,1.62524,1.625385,1.625215,1.625545,112
2026-05-24T22:07:00+00:00,1.625385,1.625445,1.625345,1.625585,51
2026-05-24T22:08:00+00:00,1.625445,1.625485,1.625385,1.625605,79
2026-05-24T22:09:00+00:00,1.625485,1.62542,1.625375,1.625565,140
2026-05-24T22:10:00+00:00,1.625425,1.625425,1.625335,1.625625,121
2026-05-24T22:11:00+00:00,1.62543,1.62544,1.625375,1.62552,86
2026-05-24T22:12:00+00:00,1.625435,1.625415,1.625315,1.625515,108
2026-05-24T22:13:00+00:00,1.625415,1.625535,1.62538,1.625565,126
2026-05-24T22:14:00+00:00,1.62554,1.625685,1.62554,1.62571,104
2026-05-24T22:15:00+00:00,1.62565,1.62563,1.625395,1.62565,185
2026-05-24T22:16:00+00:00,1.62564,1.625655,1.62557,1.62579,177
2026-05-24T22:17:00+00:00,1.62566,1.6256,1.6255,1.625795,158
2026-05-24T22:18:00+00:00,1.625605,1.62563,1.62552,1.625725,77
2026-05-24T22:19:00+00:00,1.62563,1.62565,1.6256,1.625705,66
2026-05-24T22:20:00+00:00,1.625645,1.625725,1.62555,1.625735,109
2026-05-24T22:21:00+00:00,1.625735,1.62602,1.62572,1.62602,193
2026-05-24T22:22:00+00:00,1.626015,1.62595,1.625895,1.62611,172
2026-05-24T22:23:00+00:00,1.62595,1.626045,1.62593,1.62614,139
2026-05-24T22:24:00+00:00,1.626045,1.62622,1.62601,1.62629,82
2026-05-24T22:25:00+00:00,1.626225,1.626225,1.626155,1.626275,121
2026-05-24T22:26:00+00:00,1.62622,1.626125,1.626065,1.62622,137
2026-05-24T22:27:00+00:00,1.626115,1.6262,1.6261,1.62629,227
2026-05-24T22:28:00+00:00,1.626195,1.626525,1.626165,1.62654,175
2026-05-24T22:29:00+00:00,1.626535,1.62679,1.626515,1.62683,132
2026-05-24T22:30:00+00:00,1.62681,1.62704,1.62681,1.62706,256
2026-05-24T22:31:00+00:00,1.627035,1.626915,1.62691,1.627185,296
2026-05-24T22:32:00+00:00,1.62692,1.62694,1.62686,1.627025,224
2026-05-24T22:33:00+00:00,1.626935,1.62695,1.6269,1.627045,183
2026-05-24T22:34:00+00:00,1.626945,1.62691,1.626815,1.626975,126
2026-05-24T22:35:00+00:00,1.62691,1.62677,1.626765,1.62691,125
2026-05-24T22:36:00+00:00,1.626765,1.62674,1.62673,1.626885,214
2026-05-24T22:37:00+00:00,1.626735,1.626705,1.626695,1.62682,195
2026-05-24T22:38:00+00:00,1.6267,1.626685,1.626655,1.626755,126
2026-05-24T22:39:00+00:00,1.62669,1.626785,1.62665,1.626785,120
2026-05-24T22:40:00+00:00,1.62679,1.626745,1.62667,1.6268,89
2026-05-24T22:41:00+00:00,1.62674,1.626895,1.62673,1.626945,168
2026-05-24T22:42:00+00:00,1.6269,1.626975,1.626865,1.627,68
2026-05-24T22:43:00+00:00,1.62698,1.627105,1.62698,1.627185,172
2026-05-24T22:44:00+00:00,1.62711,1.62704,1.627005,1.627135,188
2026-05-24T22:45:00+00:00,1.627035,1.626925,1.62691,1.627055,125
2026-05-24T22:46:00+00:00,1.62693,1.62683,1.626775,1.62696,242
2026-05-24T22:47:00+00:00,1.62683,1.626675,1.62659,1.62686,132
2026-05-24T22:48:00+00:00,1.626675,1.62654,1.626525,1.626705,49
2026-05-24T22:49:00+00:00,1.62654,1.626325,1.62631,1.6266,173
2026-05-24T22:50:00+00:00,1.626335,1.6263,1.626265,1.62637,173
2026-05-24T22:51:00+00:00,1.6263,1.626315,1.62626,1.62638,132
2026-05-24T22:52:00+00:00,1.62632,1.6263,1.62628,1.626385,122
2026-05-24T22:53:00+00:00,1.6263,1.626315,1.62625,1.62632,123
2026-05-24T22:54:00+00:00,1.626325,1.626365,1.626295,1.62638,60
2026-05-24T22:55:00+00:00,1.62637,1.626415,1.626315,1.62653,81
2026-05-24T22:56:00+00:00,1.62642,1.626655,1.62642,1.626655,102
2026-05-24T22:57:00+00:00,1.626655,1.62657,1.626535,1.626655,73
2026-05-24T22:58:00+00:00,1.62657,1.626545,1.626485,1.62658,72
2026-05-24T22:59:00+00:00,1.62656,1.626565,1.626545,1.62666,57
2026-05-24T23:00:00+00:00,1.626555,1.626135,1.626025,1.62657,306
2026-05-24T23:01:00+00:00,1.62613,1.62629,1.626045,1.62631,204
2026-05-24T23:02:00+00:00,1.626295,1.62642,1.626285,1.62642,89
2026-05-24T23:03:00+00:00,1.626425,1.626355,1.626265,1.626425,143
2026-05-24T23:04:00+00:00,1.626365,1.6263,1.62629,1.62644,154
2026-05-24T23:05:00+00:00,1.626295,1.62634,1.626235,1.626345,171
2026-05-24T23:06:00+00:00,1.626335,1.626335,1.62628,1.626365,156
2026-05-24T23:07:00+00:00,1.62634,1.626245,1.626225,1.62639,194
2026-05-24T23:08:00+00:00,1.62624,1.626205,1.626195,1.626295,82
2026-05-24T23:09:00+00:00,1.626205,1.62629,1.626205,1.62637,127
2026-05-24T23:10:00+00:00,1.626285,1.62626,1.626145,1.62631,157
2026-05-24T23:11:00+00:00,1.626255,1.62634,1.626255,1.62636,115
2026-05-24T23:12:00+00:00,1.626335,1.62638,1.626305,1.62639,144
2026-05-24T23:13:00+00:00,1.626385,1.62642,1.62636,1.62642,122
2026-05-24T23:14:00+00:00,1.62642,1.626435,1.6264,1.626455,107
2026-05-24T23:15:00+00:00,1.62643,1.626435,1.626415,1.626485,60
2026-05-24T23:16:00+00:00,1.62643,1.626485,1.62643,1.62651,74
2026-05-24T23:17:00+00:00,1.626485,1.626435,1.626435,1.626535,85
2026-05-24T23:18:00+00:00,1.62644,1.62642,1.6264,1.626455,70
2026-05-24T23:19:00+00:00,1.626425,1.62647,1.626425,1.62652,77
2026-05-24T23:20:00+00:00,1.62647,1.6265,1.62647,1.62651,62
2026-05-24T23:21:00+00:00,1.6265,1.626485,1.626435,1.6265,73
2026-05-24T23:22:00+00:00,1.626485,1.626505,1.62646,1.62656,58
2026-05-24T23:23:00+00:00,1.626495,1.626315,1.62627,1.62651,86
2026-05-24T23:24:00+00:00,1.62632,1.6264,1.6263,1.626405,73
2026-05-24T23:25:00+00:00,1.6264,1.62664,1.6264,1.626665,92
2026-05-24T23:26:00+00:00,1.62664,1.626645,1.62663,1.62669,64
2026-05-24T23:27:00+00:00,1.62665,1.626525,1.62652,1.62668,55
2026-05-24T23:28:00+00:00,1.62652,1.62637,1.62637,1.626545,88
2026-05-24T23:29:00+00:00,1.626375,1.626515,1.626375,1.62653,54
2026-05-24T23:30:00+00:00,1.62652,1.626525,1.626495,1.6266,133
2026-05-24T23:31:00+00:00,1.626525,1.626415,1.626335,1.626525,169
2026-05-24T23:32:00+00:00,1.62641,1.62632,1.62627,1.626425,78
2026-05-24T23:33:00+00:00,1.62632,1.626285,1.62628,1.62637,43
2026-05-24T23:34:00+00:00,1.62628,1.626325,1.62626,1.626425,183
2026-05-24T23:35:00+00:00,1.626335,1.6262,1.62618,1.62635,228
2026-05-24T23:36:00+00:00,1.626205,1.6262,1.626165,1.626255,129
2026-05-24T23:37:00+00:00,1.626195,1.62621,1.62617,1.626325,129
2026-05-24T23:38:00+00:00,1.626215,1.626195,1.62618,1.62626,86
2026-05-24T23:39:00+00:00,1.626195,1.62603,1.62603,1.62621,68
2026-05-24T23:40:00+00:00,1.62604,1.62602,1.626015,1.626115,105
2026-05-24T23:41:00+00:00,1.62602,1.62609,1.626,1.62614,144
2026-05-24T23:42:00+00:00,1.626085,1.62605,1.62604,1.62615,140
2026-05-24T23:43:00+00:00,1.626045,1.62605,1.626035,1.62611,118
2026-05-24T23:44:00+00:00,1.62605,1.6261,1.62602,1.626135,75
2026-05-24T23:45:00+00:00,1.626105,1.62612,1.626055,1.62626,243
2026-05-24T23:46:00+00:00,1.626115,1.62608,1.626,1.626155,181
2026-05-24T23:47:00+00:00,1.626085,1.626115,1.62606,1.62613,147
2026-05-24T23:48:00+00:00,1.62612,1.626225,1.626075,1.626225,180
2026-05-24T23:49:00+00:00,1.62623,1.626305,1.626185,1.62633,121
2026-05-24T23:50:00+00:00,1.62631,1.626515,1.626305,1.62657,188
2026-05-24T23:51:00+00:00,1.62652,1.62651,1.626425,1.626575,193
2026-05-24T23:52:00+00:00,1.6265,1.62651,1.62638,1.62654,171
2026-05-24T23:53:00+00:00,1.62652,1.626335,1.626315,1.62654,172
2026-05-24T23:54:00+00:00,1.62633,1.626445,1.62633,1.626495,185
2026-05-24T23:55:00+00:00,1.62644,1.626455,1.62638,1.62651,137
2026-05-24T23:56:00+00:00,1.62646,1.62657,1.62644,1.62658,172
2026-05-24T23:57:00+00:00,1.626565,1.62663,1.626565,1.62672,276
2026-05-24T23:58:00+00:00,1.62663,1.626675,1.62654,1.62672,258
2026-05-24T23:59:00+00:00,1.62668,1.62667,1.62664,1.62674,241
2026-05-25T00:00:00+00:00,1.626675,1.62641,1.62637,1.626725,580
2026-05-25T00:01:00+00:00,1.626405,1.626635,1.626395,1.626665,464
2026-05-25T00:02:00+00:00,1.62663,1.62663,1.626605,1.626795,513
2026-05-25T00:03:00+00:00,1.626625,1.626735,1.62652,1.626745,393
2026-05-25T00:04:00+00:00,1.626735,1.626745,1.626715,1.62682,203
2026-05-25T00:05:00+00:00,1.62674,1.62664,1.626565,1.626755,228
2026-05-25T00:06:00+00:00,1.626645,1.626405,1.6264,1.62666,263
2026-05-25T00:07:00+00:00,1.626395,1.62631,1.626255,1.626465,270
2026-05-25T00:08:00+00:00,1.626305,1.62628,1.626235,1.62637,254
2026-05-25T00:09:00+00:00,1.62629,1.62614,1.626135,1.62632,228
2026-05-25T00:10:00+00:00,1.62615,1.626035,1.626025,1.626165,255
2026-05-25T00:11:00+00:00,1.62604,1.62617,1.626015,1.626215,416
2026-05-25T00:12:00+00:00,1.626175,1.62616,1.626095,1.626205,308
2026-05-25T00:13:00+00:00,1.626165,1.626175,1.626145,1.62624,294
2026-05-25T00:14:00+00:00,1.62617,1.62612,1.626115,1.62622,279
2026-05-25T00:15:00+00:00,1.62611,1.626165,1.626035,1.626205,406
2026-05-25T00:16:00+00:00,1.62617,1.626235,1.62608,1.626255,418
2026-05-25T00:17:00+00:00,1.62623,1.62651,1.626215,1.62653,336
2026-05-25T00:18:00+00:00,1.626505,1.626355,1.626325,1.62653,257
2026-05-25T00:19:00+00:00,1.62636,1.626375,1.62634,1.62646,265
2026-05-25T00:20:00+00:00,1.626365,1.626165,1.626165,1.62637,212
2026-05-25T00:21:00+00:00,1.62617,1.62599,1.62599,1.62621,252
2026-05-25T00:22:00+00:00,1.62598,1.62586,1.62578,1.626,251
2026-05-25T00:23:00+00:00,1.625875,1.62581,1.62578,1.6259,286
2026-05-25T00:24:00+00:00,1.62582,1.62567,1.625625,1.625845,234
2026-05-25T00:25:00+00:00,1.62566,1.62597,1.62562,1.62597,334
2026-05-25T00:26:00+00:00,1.62596,1.62584,1.625825,1.625985,343
2026-05-25T00:27:00+00:00,1.62583,1.625905,1.625815,1.625915,158
2026-05-25T00:28:00+00:00,1.6259,1.625905,1.625795,1.62593,268
2026-05-25T00:29:00+00:00,1.625915,1.62562,1.625605,1.62592,365
2026-05-25T00:30:00+00:00,1.625615,1.62559,1.62549,1.625645,381
2026-05-25T00:31:00+00:00,1.625585,1.62575,1.625585,1.62575,301
2026-05-25T00:32:00+00:00,1.62574,1.625855,1.62568,1.62587,170
2026-05-25T00:33:00+00:00,1.625845,1.62602,1.625825,1.62611,284
2026-05-25T00:34:00+00:00,1.626015,1.62605,1.625975,1.62609,194
2026-05-25T00:35:00+00:00,1.62604,1.625895,1.62585,1.626045,235
2026-05-25T00:36:00+00:00,1.625885,1.62591,1.62584,1.62599,260
2026-05-25T00:37:00+00:00,1.625905,1.62583,1.625815,1.625945,241
2026-05-25T00:38:00+00:00,1.625835,1.625805,1.62579,1.626,218
2026-05-25T00:39:00+00:00,1.6258,1.62573,1.625715,1.62583,244
2026-05-25T00:40:00+00:00,1.625735,1.62588,1.625735,1.62598,246
2026-05-25T00:41:00+00:00,1.625885,1.625935,1.62584,1.625935,143
2026-05-25T00:42:00+00:00,1.625925,1.62597,1.62591,1.62603,260
2026-05-25T00:43:00+00:00,1.625975,1.626075,1.62591,1.62608,246
2026-05-25T00:44:00+00:00,1.626065,1.626025,1.626005,1.62611,222
2026-05-25T00:45:00+00:00,1.62602,1.62594,1.625925,1.62608,412
2026-05-25T00:46:00+00:00,1.625945,1.62592,1.625875,1.62597,218
2026-05-25T00:47:00+00:00,1.625915,1.62584,1.62584,1.625985,212
2026-05-25T00:48:00+00:00,1.625845,1.62574,1.62571,1.62588,258
2026-05-25T00:49:00+00:00,1.625745,1.625845,1.62562,1.62586,696
2026-05-25T00:50:00+00:00,1.62584,1.62594,1.625765,1.626,481
2026-05-25T00:51:00+00:00,1.62593,1.625705,1.625675,1.625945,348
2026-05-25T00:52:00+00:00,1.62571,1.625605,1.625555,1.62572,370
2026-05-25T00:53:00+00:00,1.62561,1.6256,1.625545,1.625665,267
2026-05-25T00:54:00+00:00,1.62561,1.62578,1.625585,1.62582,390
2026-05-25T00:55:00+00:00,1.62579,1.625625,1.62546,1.62585,713
2026-05-25T00:56:00+00:00,1.625635,1.62552,1.62547,1.62564,614
2026-05-25T00:57:00+00:00,1.625515,1.625665,1.625415,1.625695,620
2026-05-25T00:58:00+00:00,1.62566,1.625625,1.62552,1.62574,675
2026-05-25T00:59:00+00:00,1.62563,1.625535,1.625505,1.625725,721
2026-05-25T01:00:00+00:00,1.62553,1.62533,1.62526,1.62554,1007
2026-05-25T01:01:00+00:00,1.625335,1.625255,1.625195,1.625385,839
2026-05-25T01:02:00+00:00,1.62525,1.62533,1.625245,1.625425,603
2026-05-25T01:03:00+00:00,1.625325,1.625205,1.62518,1.625375,498
2026-05-25T01:04:00+00:00,1.625195,1.62525,1.62517,1.625345,330
2026-05-25T01:05:00+00:00,1.625255,1.625105,1.625025,1.625255,395
2026-05-25T01:06:00+00:00,1.625095,1.624965,1.62494,1.625125,375
2026-05-25T01:07:00+00:00,1.62496,1.625,1.62486,1.625025,362
2026-05-25T01:08:00+00:00,1.624995,1.624935,1.62485,1.625,344
2026-05-25T01:09:00+00:00,1.62492,1.6249,1.62484,1.62498,260
2026-05-25T01:10:00+00:00,1.624895,1.624775,1.62472,1.624895,343
2026-05-25T01:11:00+00:00,1.62477,1.624465,1.624465,1.62477,259
2026-05-25T01:12:00+00:00,1.62447,1.624615,1.624445,1.62462,278
2026-05-25T01:13:00+00:00,1.624625,1.62456,1.62443,1.624645,472
2026-05-25T01:14:00+00:00,1.62456,1.62451,1.62446,1.62466,593
2026-05-25T01:15:00+00:00,1.624515,1.62475,1.62443,1.624805,495
2026-05-25T01:16:00+00:00,1.624755,1.624675,1.62461,1.624875,299
2026-05-25T01:17:00+00:00,1.62468,1.62447,1.624445,1.624685,227
2026-05-25T01:18:00+00:00,1.624465,1.624625,1.624425,1.62463,312
2026-05-25T01:19:00+00:00,1.62461,1.624565,1.62448,1.62471,445
2026-05-25T01:20:00+00:00,1.624555,1.62468,1.62452,1.624765,480
2026-05-25T01:21:00+00:00,1.624675,1.624535,1.624455,1.624675,153
2026-05-25T01:22:00+00:00,1.62453,1.62442,1.624365,1.62454,285
2026-05-25T01:23:00+00:00,1.624425,1.62462,1.624365,1.62468,329
2026-05-25T01:24:00+00:00,1.62461,1.624505,1.6245,1.62463,186
2026-05-25T01:25:00+00:00,1.624495,1.624505,1.62437,1.624555,324
2026-05-25T01:26:00+00:00,1.62451,1.624395,1.62436,1.62452,348
2026-05-25T01:27:00+00:00,1.62439,1.62421,1.624205,1.62439,235
2026-05-25T01:28:00+00:00,1.62421,1.623935,1.623875,1.62423,259
2026-05-25T01:29:00+00:00,1.62394,1.623695,1.623675,1.62403,529
2026-05-25T01:30:00+00:00,1.623705,1.624695,1.623695,1.62486,709
2026-05-25T01:31:00+00:00,1.6247,1.624355,1.6242,1.6247,512
2026-05-25T01:32:00+00:00,1.62435,1.624305,1.624265,1.624445,540
2026-05-25T01:33:00+00:00,1.62429,1.62424,1.62406,1.624305,381
2026-05-25T01:34:00+00:00,1.624235,1.62412,1.6241,1.624245,311
2026-05-25T01:35:00+00:00,1.624115,1.6239,1.62385,1.624185,305
2026-05-25T01:36:00+00:00,1.623895,1.62391,1.62389,1.62396,388
2026-05-25T01:37:00+00:00,1.623905,1.623805,1.62369,1.623925,318
2026-05-25T01:38:00+00:00,1.623815,1.62378,1.62377,1.62386,231
2026-05-25T01:39:00+00:00,1.623785,1.62376,1.623735,1.62383,229
2026-05-25T01:40:00+00:00,1.623765,1.62372,1.62367,1.623805,271
2026-05-25T01:41:00+00:00,1.623725,1.62367,1.62355,1.62373,274
2026-05-25T01:42:00+00:00,1.62368,1.623845,1.623635,1.62385,292
2026-05-25T01:43:00+00:00,1.62385,1.623795,1.62377,1.623875,214
2026-05-25T01:44:00+00:00,1.62379,1.623735,1.623705,1.62381,240
2026-05-25T01:45:00+00:00,1.623745,1.623875,1.62372,1.62391,254
2026-05-25T01:46:00+00:00,1.62387,1.624075,1.623845,1.624105,290
2026-05-25T01:47:00+00:00,1.62408,1.624025,1.62401,1.624105,161
2026-05-25T01:48:00+00:00,1.62403,1.623915,1.623885,1.624105,241
2026-05-25T01:49:00+00:00,1.623905,1.624035,1.623905,1.624085,207
2026-05-25T01:50:00+00:00,1.624025,1.624015,1.62398,1.624085,179
2026-05-25T01:51:00+00:00,1.62402,1.623955,1.62392,1.62413,187
2026-05-25T01:52:00+00:00,1.62395,1.62406,1.623945,1.624085,216
2026-05-25T01:53:00+00:00,1.624055,1.624085,1.62405,1.624165,167
2026-05-25T01:54:00+00:00,1.62408,1.624155,1.62403,1.624205,133
2026-05-25T01:55:00+00:00,1.624145,1.62409,1.624005,1.62415,213
2026-05-25T01:56:00+00:00,1.624095,1.624145,1.62403,1.62419,191
2026-05-25T01:57:00+00:00,1.62415,1.62428,1.62411,1.62429,240
2026-05-25T01:58:00+00:00,1.624285,1.624145,1.62411,1.624315,254
2026-05-25T01:59:00+00:00,1.62414,1.62418,1.6241,1.62419,149
2026-05-25T02:00:00+00:00,1.62417,1.62404,1.624015,1.624175,276
2026-05-25T02:01:00+00:00,1.624035,1.62396,1.62395,1.62408,226
2026-05-25T02:02:00+00:00,1.623955,1.62396,1.6239,1.62397,167
2026-05-25T02:03:00+00:00,1.623955,1.62403,1.62394,1.62404,163
2026-05-25T02:04:00+00:00,1.624025,1.624055,1.623985,1.624105,121
2026-05-25T02:05:00+00:00,1.62406,1.62403,1.624,1.62409,169
2026-05-25T02:06:00+00:00,1.624035,1.6238,1.623775,1.624065,297
2026-05-25T02:07:00+00:00,1.6238,1.62356,1.623525,1.62383,241
2026-05-25T02:08:00+00:00,1.623555,1.623655,1.623555,1.62375,246
2026-05-25T02:09:00+00:00,1.623655,1.623635,1.623515,1.623675,303
2026-05-25T02:10:00+00:00,1.62364,1.623655,1.62357,1.62367,194
2026-05-25T02:11:00+00:00,1.623665,1.62386,1.623665,1.62388,264
2026-05-25T02:12:00+00:00,1.623865,1.623765,1.623755,1.623915,183
2026-05-25T02:13:00+00:00,1.62377,1.623855,1.623715,1.623865,164
2026-05-25T02:14:00+00:00,1.62386,1.62382,1.62379,1.623865,258
2026-05-25T02:15:00+00:00,1.623815,1.62385,1.62379,1.62393,224
2026-05-25T02:16:00+00:00,1.62385,1.62393,1.62385,1.62399,245
2026-05-25T02:17:00+00:00,1.62394,1.623905,1.623895,1.62395,115
2026-05-25T02:18:00+00:00,1.623895,1.62384,1.62383,1.623955,166
2026-05-25T02:19:00+00:00,1.62384,1.62379,1.623765,1.62389,122
2026-05-25T02:20:00+00:00,1.6238,1.623705,1.62366,1.623875,172
2026-05-25T02:21:00+00:00,1.623705,1.62371,1.623655,1.623735,117
2026-05-25T02:22:00+00:00,1.6237,1.62358,1.62356,1.6237,111
2026-05-25T02:23:00+00:00,1.62358,1.623405,1.623365,1.623585,207
2026-05-25T02:24:00+00:00,1.623415,1.62346,1.62339,1.623515,145
2026-05-25T02:25:00+00:00,1.623475,1.623455,1.623415,1.623505,143
2026-05-25T02:26:00+00:00,1.62346,1.62355,1.623445,1.62365,150
2026-05-25T02:27:00+00:00,1.62355,1.623595,1.62352,1.62363,130
2026-05-25T02:28:00+00:00,1.6236,1.623575,1.62355,1.62366,144
2026-05-25T02:29:00+00:00,1.623575,1.623635,1.62355,1.623645,84
2026-05-25T02:30:00+00:00,1.62363,1.623585,1.623545,1.623705,177
2026-05-25T02:31:00+00:00,1.62358,1.62362,1.62355,1.623675,156
2026-05-25T02:32:00+00:00,1.623625,1.62353,1.62347,1.62366,198
2026-05-25T02:33:00+00:00,1.623535,1.623595,1.623475,1.62362,151
2026-05-25T02:34:00+00:00,1.6236,1.62369,1.6236,1.623715,114
2026-05-25T02:35:00+00:00,1.623685,1.62368,1.62358,1.6237,192
2026-05-25T02:36:00+00:00,1.623675,1.623725,1.623675,1.62374,82
2026-05-25T02:37:00+00:00,1.623725,1.62372,1.62364,1.623725,78
2026-05-25T02:38:00+00:00,1.623715,1.623765,1.62371,1.62379,148
2026-05-25T02:39:00+00:00,1.623765,1.623885,1.623655,1.624005,181
2026-05-25T02:40:00+00:00,1.623875,1.623975,1.62387,1.624105,260
2026-05-25T02:41:00+00:00,1.62397,1.6239,1.623895,1.623985,104
2026-05-25T02:42:00+00:00,1.623905,1.6238,1.6238,1.62392,133
2026-05-25T02:43:00+00:00,1.623805,1.623765,1.623725,1.623815,113
2026-05-25T02:44:00+00:00,1.623775,1.62381,1.62373,1.623835,82
2026-05-25T02:45:00+00:00,1.62381,1.623855,1.62377,1.62386,145
2026-05-25T02:46:00+00:00,1.623855,1.623945,1.623825,1.623995,167
2026-05-25T02:47:00+00:00,1.623945,1.623925,1.623855,1.62398,180
2026-05-25T02:48:00+00:00,1.62391,1.623895,1.623845,1.62398,225
2026-05-25T02:49:00+00:00,1.62389,1.624025,1.623865,1.624035,131
2026-05-25T02:50:00+00:00,1.62403,1.623985,1.62397,1.62404,84
2026-05-25T02:51:00+00:00,1.623985,1.62409,1.62397,1.62413,126
2026-05-25T02:52:00+00:00,1.62409,1.624065,1.623985,1.62411,79
2026-05-25T02:53:00+00:00,1.62406,1.62412,1.62406,1.624135,116
2026-05-25T02:54:00+00:00,1.62411,1.62433,1.624105,1.624335,123
2026-05-25T02:55:00+00:00,1.624335,1.62444,1.624335,1.6245,135
2026-05-25T02:56:00+00:00,1.62442,1.624405,1.62439,1.624485,108
2026-05-25T02:57:00+00:00,1.624425,1.62435,1.624315,1.62443,158
2026-05-25T02:58:00+00:00,1.62434,1.624465,1.624325,1.62449,204
2026-05-25T02:59:00+00:00,1.62447,1.624395,1.62436,1.624515,270
2026-05-25T03:00:00+00:00,1.624405,1.624345,1.62414,1.624415,442
2026-05-25T03:01:00+00:00,1.62435,1.624275,1.62425,1.6244,275
2026-05-25T03:02:00+00:00,1.62427,1.624545,1.624245,1.624555,218
2026-05-25T03:03:00+00:00,1.62455,1.6245,1.62447,1.624585,234
2026-05-25T03:04:00+00:00,1.62449,1.624295,1.624285,1.624635,253
2026-05-25T03:05:00+00:00,1.624285,1.62442,1.62428,1.624495,252
2026-05-25T03:06:00+00:00,1.62443,1.6246,1.624365,1.6246,157
2026-05-25T03:07:00+00:00,1.624585,1.624515,1.62451,1.624655,191
2026-05-25T03:08:00+00:00,1.62453,1.62457,1.62441,1.624575,149
2026-05-25T03:09:00+00:00,1.62457,1.62458,1.62448,1.62459,122
2026-05-25T03:10:00+00:00,1.624585,1.624535,1.624535,1.624605,141
2026-05-25T03:11:00+00:00,1.62453,1.624455,1.62441,1.62458,178
2026-05-25T03:12:00+00:00,1.62446,1.624535,1.624435,1.62455,149
2026-05-25T03:13:00+00:00,1.624535,1.624565,1.624485,1.62459,187
2026-05-25T03:14:00+00:00,1.62457,1.624575,1.624505,1.62463,196
2026-05-25T03:15:00+00:00,1.624575,1.62465,1.62454,1.62466,150
2026-05-25T03:16:00+00:00,1.624645,1.624605,1.62457,1.62471,202
2026-05-25T03:17:00+00:00,1.6246,1.624555,1.624485,1.624695,317
2026-05-25T03:18:00+00:00,1.624565,1.62452,1.62447,1.62458,126
2026-05-25T03:19:00+00:00,1.624515,1.624565,1.624475,1.624585,167
2026-05-25T03:20:00+00:00,1.62457,1.62448,1.62443,1.62459,254
2026-05-25T03:21:00+00:00,1.624485,1.624665,1.62445,1.624665,325
2026-05-25T03:22:00+00:00,1.62466,1.62474,1.62465,1.62485,310
2026-05-25T03:23:00+00:00,1.624745,1.624795,1.62474,1.62487,183
2026-05-25T03:24:00+00:00,1.624805,1.62484,1.62475,1.62489,146
2026-05-25T03:25:00+00:00,1.624855,1.624775,1.62477,1.62487,197
2026-05-25T03:26:00+00:00,1.62477,1.62458,1.624565,1.624775,170
2026-05-25T03:27:00+00:00,1.6246,1.62451,1.624475,1.624625,185
2026-05-25T03:28:00+00:00,1.624515,1.624585,1.624485,1.624635,196
2026-05-25T03:29:00+00:00,1.624575,1.624595,1.624545,1.62461,179
2026-05-25T03:30:00+00:00,1.6246,1.624625,1.62454,1.62465,139
2026-05-25T03:31:00+00:00,1.62463,1.62471,1.624605,1.624835,271
2026-05-25T03:32:00+00:00,1.624715,1.624655,1.624635,1.62475,104
2026-05-25T03:33:00+00:00,1.624655,1.624685,1.62461,1.6247,102
2026-05-25T03:34:00+00:00,1.624705,1.6247,1.624685,1.62473,59
2026-05-25T03:35:00+00:00,1.624705,1.624715,1.62457,1.62473,313
2026-05-25T03:36:00+00:00,1.624695,1.62479,1.624695,1.624815,199
2026-05-25T03:37:00+00:00,1.624785,1.62475,1.624745,1.6248,76
2026-05-25T03:38:00+00:00,1.62475,1.624785,1.62473,1.6248,95
2026-05-25T03:39:00+00:00,1.62479,1.624975,1.624755,1.62504,244
2026-05-25T03:40:00+00:00,1.62497,1.62504,1.62497,1.625075,114
2026-05-25T03:41:00+00:00,1.625035,1.625035,1.625015,1.62508,145
2026-05-25T03:42:00+00:00,1.62504,1.624925,1.624855,1.62504,128
2026-05-25T03:43:00+00:00,1.62492,1.624925,1.624885,1.62494,101
2026-05-25T03:44:00+00:00,1.62493,1.62485,1.62485,1.62497,121
2026-05-25T03:45:00+00:00,1.624855,1.624905,1.62481,1.624905,172
2026-05-25T03:46:00+00:00,1.6249,1.625055,1.62486,1.625055,198
2026-05-25T03:47:00+00:00,1.625055,1.62496,1.62496,1.625085,155
2026-05-25T03:48:00+00:00,1.62497,1.62499,1.624915,1.625025,93
2026-05-25T03:49:00+00:00,1.62499,1.625035,1.624985,1.62507,144
2026-05-25T03:50:00+00:00,1.625035,1.62491,1.624835,1.625035,127
2026-05-25T03:51:00+00:00,1.62491,1.624885,1.624805,1.624945,197
2026-05-25T03:52:00+00:00,1.624885,1.62489,1.62487,1.624925,104
2026-05-25T03:53:00+00:00,1.624885,1.62487,1.62487,1.624915,131
2026-05-25T03:54:00+00:00,1.624875,1.62489,1.62485,1.624915,171
2026-05-25T03:55:00+00:00,1.6249,1.62485,1.624815,1.62494,134
2026-05-25T03:56:00+00:00,1.624845,1.625075,1.62484,1.625105,142
2026-05-25T03:57:00+00:00,1.62508,1.625,1.62497,1.625105,214
2026-05-25T03:58:00+00:00,1.625,1.62506,1.62493,1.625075,129
2026-05-25T03:59:00+00:00,1.625065,1.62502,1.62495,1.62508,117
2026-05-25T04:00:00+00:00,1.625025,1.624845,1.62481,1.62503,188
2026-05-25T04:01:00+00:00,1.62483,1.624855,1.62482,1.624885,112
2026-05-25T04:02:00+00:00,1.624855,1.624785,1.62476,1.624855,65
2026-05-25T04:03:00+00:00,1.624775,1.624665,1.624655,1.62482,65
2026-05-25T04:04:00+00:00,1.62466,1.624665,1.6246,1.624675,47
2026-05-25T04:05:00+00:00,1.624655,1.62464,1.62459,1.624675,107
2026-05-25T04:06:00+00:00,1.624645,1.624625,1.624605,1.62467,69
2026-05-25T04:07:00+00:00,1.62463,1.624615,1.624505,1.62471,129
2026-05-25T04:08:00+00:00,1.624625,1.624685,1.62461,1.62471,99
2026-05-25T04:09:00+00:00,1.62468,1.6248,1.62468,1.62483,130
2026-05-25T04:10:00+00:00,1.624805,1.62485,1.62479,1.624855,78
2026-05-25T04:11:00+00:00,1.62485,1.624955,1.62483,1.624995,181
2026-05-25T04:12:00+00:00,1.62495,1.624935,1.62488,1.624985,279
2026-05-25T04:13:00+00:00,1.62493,1.62487,1.62486,1.62496,208
2026-05-25T04:14:00+00:00,1.624875,1.624915,1.624865,1.62493,148
2026-05-25T04:15:00+00:00,1.62491,1.62492,1.6248,1.624945,241
2026-05-25T04:16:00+00:00,1.62492,1.62489,1.624845,1.62494,105
2026-05-25T04:17:00+00:00,1.62488,1.624895,1.624875,1.62491,110
2026-05-25T04:18:00+00:00,1.6249,1.62477,1.62471,1.6249,136
2026-05-25T04:19:00+00:00,1.624775,1.624915,1.62476,1.624925,78
2026-05-25T04:20:00+00:00,1.624915,1.62479,1.624765,1.62499,182
2026-05-25T04:21:00+00:00,1.624795,1.62473,1.62463,1.62481,170
2026-05-25T04:22:00+00:00,1.62473,1.62472,1.62467,1.624735,92
2026-05-25T04:23:00+00:00,1.62472,1.6247,1.62469,1.624745,96
2026-05-25T04:24:00+00:00,1.62471,1.62464,1.624615,1.62471,159
2026-05-25T04:25:00+00:00,1.62464,1.624585,1.62456,1.624645,147
2026-05-25T04:26:00+00:00,1.624575,1.624365,1.62435,1.62458,112
2026-05-25T04:27:00+00:00,1.624375,1.62426,1.624255,1.624385,76
2026-05-25T04:28:00+00:00,1.624255,1.624315,1.624235,1.624345,155
2026-05-25T04:29:00+00:00,1.62432,1.62429,1.624265,1.62438,88
2026-05-25T04:30:00+00:00,1.624295,1.624375,1.624275,1.6244,139
2026-05-25T04:31:00+00:00,1.624375,1.624315,1.624315,1.62442,230
2026-05-25T04:32:00+00:00,1.62432,1.62434,1.6243,1.62441,123
2026-05-25T04:33:00+00:00,1.62434,1.62431,1.62428,1.624365,135
2026-05-25T04:34:00+00:00,1.62431,1.624265,1.62421,1.62433,131
2026-05-25T04:35:00+00:00,1.62426,1.624145,1.62411,1.624275,224
2026-05-25T04:36:00+00:00,1.62415,1.62423,1.624115,1.624245,126
2026-05-25T04:37:00+00:00,1.624225,1.62404,1.62404,1.624295,157
2026-05-25T04:38:00+00:00,1.624045,1.623965,1.623965,1.624085,105
2026-05-25T04:39:00+00:00,1.62396,1.62391,1.623885,1.623975,109
2026-05-25T04:40:00+00:00,1.623905,1.624005,1.623875,1.62404,170
2026-05-25T04:41:00+00:00,1.624,1.62398,1.62395,1.624025,117
2026-05-25T04:42:00+00:00,1.62398,1.62395,1.62392,1.624035,126
2026-05-25T04:43:00+00:00,1.62394,1.623975,1.62389,1.623985,107
2026-05-25T04:44:00+00:00,1.623975,1.62394,1.623915,1.623995,106
2026-05-25T04:45:00+00:00,1.623935,1.623885,1.62385,1.62394,101
2026-05-25T04:46:00+00:00,1.62388,1.623795,1.623775,1.62389,112
2026-05-25T04:47:00+00:00,1.6238,1.6239,1.62369,1.623905,177
2026-05-25T04:48:00+00:00,1.623905,1.623845,1.62381,1.623985,86
2026-05-25T04:49:00+00:00,1.623845,1.62381,1.62379,1.623855,78
2026-05-25T04:50:00+00:00,1.623815,1.62377,1.62374,1.62382,144
2026-05-25T04:51:00+00:00,1.62377,1.623835,1.623675,1.62385,219
2026-05-25T04:52:00+00:00,1.623835,1.623905,1.62379,1.62392,173
2026-05-25T04:53:00+00:00,1.6239,1.623905,1.62389,1.623975,96
2026-05-25T04:54:00+00:00,1.62391,1.623975,1.623895,1.623985,99
2026-05-25T04:55:00+00:00,1.62397,1.62398,1.62394,1.624045,145
2026-05-25T04:56:00+00:00,1.623985,1.624015,1.62395,1.62405,194
2026-05-25T04:57:00+00:00,1.62401,1.623835,1.62374,1.624025,217
2026-05-25T04:58:00+00:00,1.623825,1.623835,1.623785,1.62388,200
2026-05-25T04:59:00+00:00,1.62383,1.623935,1.62381,1.62394,202
2026-05-25T05:00:00+00:00,1.62394,1.624025,1.62391,1.624085,266
2026-05-25T05:01:00+00:00,1.624035,1.623855,1.623805,1.624075,216
2026-05-25T05:02:00+00:00,1.62385,1.623845,1.62381,1.623895,195
2026-05-25T05:03:00+00:00,1.62384,1.62378,1.62374,1.623855,184
2026-05-25T05:04:00+00:00,1.623775,1.6238,1.623775,1.623845,146
2026-05-25T05:05:00+00:00,1.623805,1.62376,1.62376,1.62387,159
2026-05-25T05:06:00+00:00,1.62376,1.623585,1.623555,1.623765,230
2026-05-25T05:07:00+00:00,1.623585,1.62372,1.62358,1.62386,244
2026-05-25T05:08:00+00:00,1.62373,1.623855,1.623685,1.62393,227
2026-05-25T05:09:00+00:00,1.623865,1.62393,1.62386,1.62404,329
2026-05-25T05:10:00+00:00,1.62394,1.623865,1.62385,1.623965,182
2026-05-25T05:11:00+00:00,1.62386,1.62379,1.623755,1.62392,230
2026-05-25T05:12:00+00:00,1.623785,1.623745,1.62372,1.623875,376
2026-05-25T05:13:00+00:00,1.623755,1.623755,1.62371,1.623795,212
2026-05-25T05:14:00+00:00,1.623755,1.62372,1.623715,1.623795,69
2026-05-25T05:15:00+00:00,1.62372,1.623725,1.62369,1.623785,149
2026-05-25T05:16:00+00:00,1.623715,1.62364,1.623635,1.62373,129
2026-05-25T05:17:00+00:00,1.62363,1.623665,1.62354,1.623725,226
2026-05-25T05:18:00+00:00,1.62367,1.623755,1.623665,1.623775,118
2026-05-25T05:19:00+00:00,1.62376,1.62381,1.623755,1.623875,95
2026-05-25T05:20:00+00:00,1.623815,1.623865,1.623815,1.623885,60
2026-05-25T05:21:00+00:00,1.623875,1.62402,1.623865,1.624055,175
2026-05-25T05:22:00+00:00,1.624015,1.62396,1.62391,1.624015,196
2026-05-25T05:23:00+00:00,1.623965,1.62398,1.623925,1.62399,81
2026-05-25T05:24:00+00:00,1.623975,1.62402,1.623965,1.62404,101
2026-05-25T05:25:00+00:00,1.62403,1.624035,1.62399,1.62408,122
2026-05-25T05:26:00+00:00,1.62404,1.62407,1.624005,1.624075,160
2026-05-25T05:27:00+00:00,1.62406,1.624095,1.62406,1.624115,163
2026-05-25T05:28:00+00:00,1.6241,1.6242,1.62409,1.624205,105
2026-05-25T05:29:00+00:00,1.624195,1.624305,1.62419,1.624355,71
2026-05-25T05:30:00+00:00,1.6243,1.62445,1.6243,1.62449,191
2026-05-25T05:31:00+00:00,1.62444,1.624375,1.624305,1.624475,281
2026-05-25T05:32:00+00:00,1.62438,1.62427,1.62427,1.624385,251
2026-05-25T05:33:00+00:00,1.624275,1.624245,1.624185,1.624285,205
2026-05-25T05:34:00+00:00,1.62424,1.62406,1.62406,1.62425,198
2026-05-25T05:35:00+00:00,1.624055,1.62411,1.62403,1.62418,124
2026-05-25T05:36:00+00:00,1.624105,1.624205,1.6241,1.624235,124
2026-05-25T05:37:00+00:00,1.624205,1.623955,1.62395,1.62422,123
2026-05-25T05:38:00+00:00,1.62396,1.624,1.62391,1.624005,83
2026-05-25T05:39:00+00:00,1.624,1.624045,1.623995,1.62407,88
2026-05-25T05:40:00+00:00,1.624045,1.62402,1.62396,1.624055,111
2026-05-25T05:41:00+00:00,1.62402,1.62393,1.6239,1.62405,122
2026-05-25T05:42:00+00:00,1.623935,1.62384,1.623775,1.623935,86
2026-05-25T05:43:00+00:00,1.62384,1.62391,1.623735,1.62394,109
2026-05-25T05:44:00+00:00,1.62391,1.623965,1.6239,1.62397,75
2026-05-25T05:45:00+00:00,1.62395,1.62397,1.62392,1.624015,167
2026-05-25T05:46:00+00:00,1.623965,1.62417,1.623965,1.624195,144
2026-05-25T05:47:00+00:00,1.624175,1.624055,1.624055,1.6242,101
2026-05-25T05:48:00+00:00,1.62405,1.62419,1.62405,1.62421,127
2026-05-25T05:49:00+00:00,1.624195,1.62427,1.62413,1.62432,166
2026-05-25T05:50:00+00:00,1.624275,1.62449,1.624275,1.62449,205
2026-05-25T05:51:00+00:00,1.6245,1.62451,1.624435,1.624615,231
2026-05-25T05:52:00+00:00,1.6245,1.624435,1.6244,1.624555,270
2026-05-25T05:53:00+00:00,1.62444,1.62451,1.62443,1.624535,208
2026-05-25T05:54:00+00:00,1.624505,1.624375,1.624335,1.624505,110
2026-05-25T05:55:00+00:00,1.62438,1.624395,1.62435,1.624435,288
2026-05-25T05:56:00+00:00,1.624405,1.62439,1.624275,1.624405,233
2026-05-25T05:57:00+00:00,1.624385,1.6244,1.62435,1.624455,297
2026-05-25T05:58:00+00:00,1.624395,1.62441,1.624375,1.62446,258
2026-05-25T05:59:00+00:00,1.624405,1.62438,1.62426,1.62443,316
2026-05-25T06:00:00+00:00,1.62439,1.62412,1.62411,1.62453,585
2026-05-25T06:01:00+00:00,1.624115,1.62405,1.624035,1.62417,482
2026-05-25T06:02:00+00:00,1.62404,1.624045,1.623945,1.62407,403
2026-05-25T06:03:00+00:00,1.624055,1.62397,1.623965,1.62412,245
2026-05-25T06:04:00+00:00,1.623965,1.62414,1.623965,1.624155,254
2026-05-25T06:05:00+00:00,1.62414,1.62415,1.624065,1.62419,286
2026-05-25T06:06:00+00:00,1.624145,1.62405,1.62402,1.624145,188
2026-05-25T06:07:00+00:00,1.624045,1.62397,1.623965,1.624065,310
2026-05-25T06:08:00+00:00,1.623975,1.623925,1.62389,1.623975,220
2026-05-25T06:09:00+00:00,1.62393,1.623885,1.62386,1.623975,268
2026-05-25T06:10:00+00:00,1.62388,1.623815,1.623785,1.6239,308
2026-05-25T06:11:00+00:00,1.623815,1.623955,1.623815,1.62398,258
2026-05-25T06:12:00+00:00,1.62395,1.623945,1.62388,1.623985,154
2026-05-25T06:13:00+00:00,1.62395,1.62398,1.623935,1.62402,244
2026-05-25T06:14:00+00:00,1.62398,1.62395,1.6239,1.624,241
2026-05-25T06:15:00+00:00,1.62394,1.6241,1.62394,1.62411,250
2026-05-25T06:16:00+00:00,1.6241,1.62417,1.6241,1.62421,247
2026-05-25T06:17:00+00:00,1.624175,1.62411,1.62411,1.624185,163
2026-05-25T06:18:00+00:00,1.6241,1.624025,1.624005,1.6241,152
2026-05-25T06:19:00+00:00,1.62404,1.62411,1.623985,1.62412,166
2026-05-25T06:20:00+00:00,1.624105,1.624215,1.62407,1.624235,270
2026-05-25T06:21:00+00:00,1.62421,1.6243,1.624165,1.62433,239
2026-05-25T06:22:00+00:00,1.624305,1.62434,1.624275,1.624375,209
2026-05-25T06:23:00+00:00,1.624345,1.62434,1.62426,1.62437,209
2026-05-25T06:24:00+00:00,1.624335,1.624245,1.62418,1.624335,228
2026-05-25T06:25:00+00:00,1.62424,1.6244,1.624235,1.62444,393
2026-05-25T06:26:00+00:00,1.624395,1.624405,1.624345,1.62448,304
2026-05-25T06:27:00+00:00,1.6244,1.624345,1.624285,1.624415,220
2026-05-25T06:28:00+00:00,1.62435,1.624305,1.62427,1.62435,208
2026-05-25T06:29:00+00:00,1.62431,1.624275,1.62424,1.62436,318
2026-05-25T06:30:00+00:00,1.62428,1.624245,1.62424,1.624335,275
2026-05-25T06:31:00+00:00,1.624245,1.624215,1.62416,1.62427,203
2026-05-25T06:32:00+00:00,1.62421,1.6241,1.62409,1.624235,272
2026-05-25T06:33:00+00:00,1.624095,1.62424,1.62403,1.62426,229
2026-05-25T06:34:00+00:00,1.624245,1.624155,1.624135,1.624265,235
2026-05-25T06:35:00+00:00,1.624165,1.62424,1.624145,1.624335,227
2026-05-25T06:36:00+00:00,1.624235,1.6243,1.624215,1.624355,192
2026-05-25T06:37:00+00:00,1.624295,1.624265,1.624225,1.624385,182
2026-05-25T06:38:00+00:00,1.624265,1.624225,1.62421,1.62429,198
2026-05-25T06:39:00+00:00,1.624235,1.62425,1.62417,1.62428,183
2026-05-25T06:40:00+00:00,1.62425,1.62423,1.62422,1.62435,186
2026-05-25T06:41:00+00:00,1.624225,1.62433,1.62422,1.624375,146
2026-05-25T06:42:00+00:00,1.62432,1.624445,1.62428,1.62447,247
2026-05-25T06:43:00+00:00,1.62444,1.62459,1.62443,1.62461,252
2026-05-25T06:44:00+00:00,1.624595,1.624595,1.624575,1.62465,174
2026-05-25T06:45:00+00:00,1.624605,1.624605,1.62453,1.624635,194
2026-05-25T06:46:00+00:00,1.6246,1.62442,1.624385,1.624625,264
2026-05-25T06:47:00+00:00,1.624425,1.624515,1.62436,1.62453,225
2026-05-25T06:48:00+00:00,1.624525,1.62474,1.624485,1.62477,207
2026-05-25T06:49:00+00:00,1.624745,1.62477,1.624705,1.624775,133
2026-05-25T06:50:00+00:00,1.624775,1.624765,1.62471,1.624825,250
2026-05-25T06:51:00+00:00,1.62477,1.624615,1.62461,1.6248,264
2026-05-25T06:52:00+00:00,1.62461,1.624785,1.6246,1.624865,219
2026-05-25T06:53:00+00:00,1.62479,1.624945,1.62478,1.62499,216
2026-05-25T06:54:00+00:00,1.62494,1.624805,1.62479,1.62497,262
2026-05-25T06:55:00+00:00,1.6248,1.6246,1.62457,1.624855,336
2026-05-25T06:56:00+00:00,1.624605,1.624595,1.62455,1.624655,214
2026-05-25T06:57:00+00:00,1.62459,1.624305,1.62427,1.624645,380
2026-05-25T06:58:00+00:00,1.62431,1.6243,1.624255,1.62441,410
2026-05-25T06:59:00+00:00,1.624295,1.62446,1.624255,1.62449,369
2026-05-25T07:00:00+00:00,1.624445,1.62457,1.624395,1.62463,464
2026-05-25T07:01:00+00:00,1.624565,1.62464,1.624555,1.624695,320
2026-05-25T07:02:00+00:00,1.62464,1.624725,1.62459,1.624735,466
2026-05-25T07:03:00+00:00,1.62472,1.624745,1.62462,1.62475,282
2026-05-25T07:04:00+00:00,1.62474,1.624755,1.624645,1.624805,238
2026-05-25T07:05:00+00:00,1.62476,1.62487,1.624695,1.624925,283
2026-05-25T07:06:00+00:00,1.62488,1.62493,1.62486,1.62512,500
2026-05-25T07:07:00+00:00,1.624925,1.62494,1.624855,1.625035,371
2026-05-25T07:08:00+00:00,1.62493,1.625015,1.624895,1.62504,367
2026-05-25T07:09:00+00:00,1.625025,1.625145,1.625015,1.62518,514
2026-05-25T07:10:00+00:00,1.62514,1.62495,1.62484,1.62518,388
2026-05-25T07:11:00+00:00,1.624945,1.624935,1.62481,1.624995,450
2026-05-25T07:12:00+00:00,1.62495,1.62488,1.62481,1.624965,442
2026-05-25T07:13:00+00:00,1.624875,1.624945,1.62487,1.625025,408
2026-05-25T07:14:00+00:00,1.62495,1.62497,1.624875,1.624985,333
2026-05-25T07:15:00+00:00,1.624965,1.625115,1.624915,1.62512,330
2026-05-25T07:16:00+00:00,1.62511,1.62519,1.62507,1.625225,246
2026-05-25T07:17:00+00:00,1.62519,1.625545,1.62519,1.625605,479
2026-05-25T07:18:00+00:00,1.62555,1.626,1.62544,1.626015,1163
2026-05-25T07:19:00+00:00,1.625995,1.62587,1.62573,1.62602,889
2026-05-25T07:20:00+00:00,1.625865,1.62589,1.625815,1.625985,740
2026-05-25T07:21:00+00:00,1.625895,1.625775,1.62573,1.625915,477
2026-05-25T07:22:00+00:00,1.625785,1.625885,1.62561,1.62599,556
2026-05-25T07:23:00+00:00,1.62588,1.62605,1.62582,1.626055,386
2026-05-25T07:24:00+00:00,1.62604,1.62569,1.62566,1.62605,362
2026-05-25T07:25:00+00:00,1.625695,1.62578,1.62568,1.625875,366
2026-05-25T07:26:00+00:00,1.625775,1.625515,1.625485,1.625805,449
2026-05-25T07:27:00+00:00,1.62552,1.62527,1.625225,1.62554,488
2026-05-25T07:28:00+00:00,1.625275,1.62543,1.625275,1.625445,334
2026-05-25T07:29:00+00:00,1.625435,1.625425,1.625385,1.625465,296
2026-05-25T07:30:00+00:00,1.625405,1.625195,1.62518,1.625425,243
2026-05-25T07:31:00+00:00,1.6252,1.625085,1.62503,1.62523,437
2026-05-25T07:32:00+00:00,1.62509,1.624925,1.624875,1.625175,583
2026-05-25T07:33:00+00:00,1.62491,1.62486,1.624705,1.624945,1132
2026-05-25T07:34:00+00:00,1.624855,1.624975,1.624835,1.625005,650
2026-05-25T07:35:00+00:00,1.62497,1.624905,1.62484,1.62497,469
2026-05-25T07:36:00+00:00,1.62491,1.624985,1.62488,1.625095,433
2026-05-25T07:37:00+00:00,1.62498,1.62511,1.624945,1.62511,315
2026-05-25T07:38:00+00:00,1.625105,1.625125,1.625035,1.62513,393
2026-05-25T07:39:00+00:00,1.62513,1.625095,1.625015,1.625135,254
2026-05-25T07:40:00+00:00,1.625105,1.625165,1.62509,1.625175,249
2026-05-25T07:41:00+00:00,1.62517,1.625165,1.62508,1.625225,382
2026-05-25T07:42:00+00:00,1.62516,1.625155,1.6251,1.6252,225
2026-05-25T07:43:00+00:00,1.625145,1.62512,1.625,1.625155,288
2026-05-25T07:44:00+00:00,1.625115,1.625235,1.625055,1.62524,481
2026-05-25T07:45:00+00:00,1.625245,1.625215,1.625195,1.625275,277
2026-05-25T07:46:00+00:00,1.62521,1.625005,1.624995,1.62523,419
2026-05-25T07:47:00+00:00,1.624995,1.625065,1.62494,1.625105,283
2026-05-25T07:48:00+00:00,1.625075,1.625165,1.62503,1.62518,181
2026-05-25T07:49:00+00:00,1.62517,1.625095,1.625075,1.62517,237
2026-05-25T07:50:00+00:00,1.6251,1.62515,1.62508,1.625195,220
2026-05-25T07:51:00+00:00,1.625145,1.62524,1.625125,1.62525,137
2026-05-25T07:52:00+00:00,1.62525,1.62526,1.625175,1.625275,190
2026-05-25T07:53:00+00:00,1.625255,1.62527,1.62524,1.62536,165
2026-05-25T07:54:00+00:00,1.62527,1.625255,1.62517,1.62529,222
2026-05-25T07:55:00+00:00,1.625265,1.625195,1.625165,1.62527,174
2026-05-25T07:56:00+00:00,1.6252,1.62515,1.62512,1.625235,181
2026-05-25T07:57:00+00:00,1.62515,1.62513,1.625105,1.62521,298
2026-05-25T07:58:00+00:00,1.625135,1.62521,1.62512,1.62522,324
2026-05-25T07:59:00+00:00,1.62521,1.62521,1.62517,1.625265,275
2026-05-25T08:00:00+00:00,1.625205,1.625075,1.62506,1.625255,448
2026-05-25T08:01:00+00:00,1.6251,1.624985,1.624965,1.62518,204
2026-05-25T08:02:00+00:00,1.62499,1.62511,1.624975,1.62513,342
2026-05-25T08:03:00+00:00,1.6251,1.62509,1.62497,1.62517,375
2026-05-25T08:04:00+00:00,1.6251,1.625115,1.625025,1.625135,231
2026-05-25T08:05:00+00:00,1.625125,1.62528,1.625055,1.62529,215
2026-05-25T08:06:00+00:00,1.625275,1.625215,1.625105,1.625305,349
2026-05-25T08:07:00+00:00,1.625205,1.62532,1.62516,1.62534,276
2026-05-25T08:08:00+00:00,1.625325,1.625375,1.62528,1.62539,218
2026-05-25T08:09:00+00:00,1.62538,1.625255,1.625195,1.625395,275
2026-05-25T08:10:00+00:00,1.625265,1.625305,1.625205,1.62532,281
2026-05-25T08:11:00+00:00,1.6253,1.62526,1.62517,1.625345,271
2026-05-25T08:12:00+00:00,1.625265,1.6253,1.625225,1.62534,204
2026-05-25T08:13:00+00:00,1.625305,1.625365,1.625295,1.625415,271
2026-05-25T08:14:00+00:00,1.62536,1.62529,1.62527,1.62536,261
2026-05-25T08:15:00+00:00,1.625295,1.62539,1.625285,1.625415,309
2026-05-25T08:16:00+00:00,1.625375,1.62534,1.6253,1.625405,212
2026-05-25T08:17:00+00:00,1.625335,1.62533,1.625285,1.62536,174
2026-05-25T08:18:00+00:00,1.62532,1.62533,1.62529,1.62538,198
2026-05-25T08:19:00+00:00,1.62533,1.625205,1.625195,1.625355,234
2026-05-25T08:20:00+00:00,1.6252,1.625235,1.625095,1.625245,277
2026-05-25T08:21:00+00:00,1.625235,1.62526,1.62519,1.6253,218
2026-05-25T08:22:00+00:00,1.62527,1.62534,1.625215,1.62536,226
2026-05-25T08:23:00+00:00,1.62533,1.625255,1.625245,1.625375,174
2026-05-25T08:24:00+00:00,1.62527,1.625175,1.625155,1.62527,212
2026-05-25T08:25:00+00:00,1.625165,1.625145,1.6251,1.625215,290
2026-05-25T08:26:00+00:00,1.62515,1.625185,1.62509,1.625225,337
2026-05-25T08:27:00+00:00,1.62519,1.62518,1.625095,1.6252,345
2026-05-25T08:28:00+00:00,1.625165,1.62522,1.625165,1.62526,235
2026-05-25T08:29:00+00:00,1.625215,1.62525,1.62518,1.625305,260
2026-05-25T08:30:00+00:00,1.625245,1.625205,1.62516,1.62531,326
2026-05-25T08:31:00+00:00,1.625215,1.62501,1.624965,1.625215,297
2026-05-25T08:32:00+00:00,1.625005,1.62488,1.62486,1.625005,193
2026-05-25T08:33:00+00:00,1.624875,1.624785,1.62475,1.624905,242
2026-05-25T08:34:00+00:00,1.624785,1.624645,1.624595,1.62482,235
2026-05-25T08:35:00+00:00,1.62465,1.624715,1.624555,1.624735,315
2026-05-25T08:36:00+00:00,1.62472,1.624765,1.624685,1.62478,340
2026-05-25T08:37:00+00:00,1.62477,1.624885,1.624765,1.624905,194
2026-05-25T08:38:00+00:00,1.62489,1.62481,1.62477,1.624895,243
2026-05-25T08:39:00+00:00,1.6248,1.624825,1.624775,1.62484,187
2026-05-25T08:40:00+00:00,1.62482,1.624785,1.62469,1.624825,274
2026-05-25T08:41:00+00:00,1.62479,1.62493,1.624785,1.62497,388
2026-05-25T08:42:00+00:00,1.624935,1.62497,1.624935,1.62507,202
2026-05-25T08:43:00+00:00,1.62496,1.624945,1.62494,1.62501,216
2026-05-25T08:44:00+00:00,1.62494,1.6248,1.624795,1.62495,203
2026-05-25T08:45:00+00:00,1.624805,1.62479,1.62477,1.62494,306
2026-05-25T08:46:00+00:00,1.624795,1.62476,1.624715,1.624795,240
2026-05-25T08:47:00+00:00,1.624755,1.62467,1.624665,1.62478,282
2026-05-25T08:48:00+00:00,1.624675,1.624645,1.624615,1.624725,239
2026-05-25T08:49:00+00:00,1.62465,1.624665,1.624615,1.6247,274
2026-05-25T08:50:00+00:00,1.62467,1.62448,1.62446,1.62468,318
2026-05-25T08:51:00+00:00,1.624475,1.624635,1.624455,1.624635,286
2026-05-25T08:52:00+00:00,1.62464,1.62484,1.62459,1.624855,279
2026-05-25T08:53:00+00:00,1.624845,1.62494,1.624805,1.624965,203
2026-05-25T08:54:00+00:00,1.624945,1.62496,1.624875,1.62498,201
2026-05-25T08:55:00+00:00,1.624955,1.62483,1.624795,1.624965,250
2026-05-25T08:56:00+00:00,1.624825,1.624825,1.624785,1.624865,333
2026-05-25T08:57:00+00:00,1.62482,1.624825,1.62478,1.6249,232
2026-05-25T08:58:00+00:00,1.62482,1.624575,1.624565,1.624825,292
2026-05-25T08:59:00+00:00,1.62459,1.62467,1.624575,1.6247,158
2026-05-25T09:00:00+00:00,1.624665,1.624645,1.62461,1.624665,148
2026-05-25T09:01:00+00:00,1.62465,1.62475,1.62461,1.62476,165
2026-05-25T09:02:00+00:00,1.62474,1.624545,1.62454,1.624755,245
2026-05-25T09:03:00+00:00,1.624555,1.62451,1.624485,1.624565,211
2026-05-25T09:04:00+00:00,1.624505,1.624465,1.62442,1.624535,194
2026-05-25T09:05:00+00:00,1.624475,1.62434,1.62433,1.624535,195
2026-05-25T09:06:00+00:00,1.624335,1.6244,1.62429,1.62444,275
2026-05-25T09:07:00+00:00,1.6244,1.62435,1.624345,1.624415,114
2026-05-25T09:08:00+00:00,1.624355,1.624385,1.624325,1.624435,213
2026-05-25T09:09:00+00:00,1.62438,1.624355,1.624325,1.6244,227
2026-05-25T09:10:00+00:00,1.62436,1.62427,1.62426,1.624375,171
2026-05-25T09:11:00+00:00,1.624265,1.624195,1.624185,1.62427,177
2026-05-25T09:12:00+00:00,1.6242,1.62435,1.62419,1.624385,190
2026-05-25T09:13:00+00:00,1.62434,1.624355,1.624315,1.624425,203
2026-05-25T09:14:00+00:00,1.624365,1.624385,1.62431,1.624405,184
2026-05-25T09:15:00+00:00,1.62438,1.62435,1.62434,1.624415,179
2026-05-25T09:16:00+00:00,1.624355,1.62447,1.624315,1.624475,242
2026-05-25T09:17:00+00:00,1.624475,1.62446,1.624415,1.624515,139
2026-05-25T09:18:00+00:00,1.62446,1.62432,1.62431,1.62446,213
2026-05-25T09:19:00+00:00,1.62431,1.624475,1.62431,1.624475,156
2026-05-25T09:20:00+00:00,1.62447,1.62455,1.62447,1.62457,150
2026-05-25T09:21:00+00:00,1.62454,1.62458,1.624505,1.62459,137
2026-05-25T09:22:00+00:00,1.62458,1.62456,1.624535,1.624595,216
2026-05-25T09:23:00+00:00,1.624555,1.624675,1.62455,1.624685,239
2026-05-25T09:24:00+00:00,1.62467,1.624695,1.624645,1.624725,183
2026-05-25T09:25:00+00:00,1.62469,1.6247,1.62464,1.62471,92
2026-05-25T09:26:00+00:00,1.6247,1.624765,1.624675,1.624775,148
2026-05-25T09:27:00+00:00,1.624755,1.624755,1.624705,1.62478,143
2026-05-25T09:28:00+00:00,1.62475,1.62472,1.62469,1.62478,106
2026-05-25T09:29:00+00:00,1.62471,1.62468,1.624655,1.624725,188
2026-05-25T09:30:00+00:00,1.624675,1.62453,1.62452,1.624705,299
2026-05-25T09:31:00+00:00,1.62453,1.62443,1.624405,1.62454,225
2026-05-25T09:32:00+00:00,1.624435,1.62434,1.624325,1.62446,154
2026-05-25T09:33:00+00:00,1.62434,1.62438,1.62433,1.624415,168
2026-05-25T09:34:00+00:00,1.62437,1.624285,1.62425,1.624375,226
2026-05-25T09:35:00+00:00,1.62429,1.62426,1.624235,1.62431,192
2026-05-25T09:36:00+00:00,1.624265,1.624335,1.62419,1.62434,178
2026-05-25T09:37:00+00:00,1.62433,1.62434,1.624285,1.62434,127
2026-05-25T09:38:00+00:00,1.624335,1.62435,1.624315,1.62435,83
2026-05-25T09:39:00+00:00,1.62434,1.624195,1.62418,1.62434,147
2026-05-25T09:40:00+00:00,1.62421,1.62421,1.62415,1.62424,132
2026-05-25T09:41:00+00:00,1.624205,1.62407,1.624065,1.624205,176
2026-05-25T09:42:00+00:00,1.624065,1.62404,1.624035,1.624125,114
2026-05-25T09:43:00+00:00,1.62405,1.624075,1.62403,1.624075,69
2026-05-25T09:44:00+00:00,1.62408,1.624155,1.62407,1.624165,108
2026-05-25T09:45:00+00:00,1.62416,1.62417,1.624085,1.62419,207
2026-05-25T09:46:00+00:00,1.624165,1.62414,1.62414,1.62421,116
2026-05-25T09:47:00+00:00,1.62414,1.62415,1.62413,1.62418,64
2026-05-25T09:48:00+00:00,1.62415,1.624265,1.62414,1.6243,188
2026-05-25T09:49:00+00:00,1.62427,1.624285,1.624255,1.624305,195
2026-05-25T09:50:00+00:00,1.62428,1.624265,1.624175,1.6243,178
2026-05-25T09:51:00+00:00,1.62427,1.624225,1.62421,1.624275,178
2026-05-25T09:52:00+00:00,1.62423,1.624245,1.62419,1.62428,269
2026-05-25T09:53:00+00:00,1.62424,1.62425,1.624235,1.624305,184
2026-05-25T09:54:00+00:00,1.62425,1.62432,1.624245,1.62433,169
2026-05-25T09:55:00+00:00,1.624325,1.624255,1.62423,1.624325,175
2026-05-25T09:56:00+00:00,1.624255,1.624275,1.62425,1.624285,121
2026-05-25T09:57:00+00:00,1.624275,1.624205,1.624195,1.62429,141
2026-05-25T09:58:00+00:00,1.62421,1.62423,1.624195,1.624265,175
2026-05-25T09:59:00+00:00,1.624235,1.624325,1.624205,1.62434,198
2026-05-25T10:00:00+00:00,1.62433,1.624135,1.62407,1.624345,279
2026-05-25T10:01:00+00:00,1.624135,1.624225,1.624095,1.624235,229
2026-05-25T10:02:00+00:00,1.624215,1.624215,1.62419,1.624235,141
2026-05-25T10:03:00+00:00,1.624205,1.62417,1.62415,1.62427,204
2026-05-25T10:04:00+00:00,1.624175,1.624255,1.624135,1.624265,155
2026-05-25T10:05:00+00:00,1.62426,1.62424,1.6242,1.62427,184
2026-05-25T10:06:00+00:00,1.624225,1.624165,1.62416,1.624245,108
2026-05-25T10:07:00+00:00,1.624165,1.62421,1.624155,1.624235,131
2026-05-25T10:08:00+00:00,1.624205,1.62419,1.624135,1.62421,245
2026-05-25T10:09:00+00:00,1.624195,1.624225,1.62413,1.62426,146
2026-05-25T10:10:00+00:00,1.624225,1.62415,1.62413,1.624325,349
2026-05-25T10:11:00+00:00,1.624145,1.6242,1.62409,1.62421,231
2026-05-25T10:12:00+00:00,1.62421,1.62413,1.624125,1.62422,144
2026-05-25T10:13:00+00:00,1.624125,1.624125,1.624095,1.624155,181
2026-05-25T10:14:00+00:00,1.62413,1.624235,1.624085,1.62425,117
2026-05-25T10:15:00+00:00,1.62423,1.624165,1.62415,1.62425,165
2026-05-25T10:16:00+00:00,1.62416,1.624155,1.624135,1.624205,193
2026-05-25T10:17:00+00:00,1.62416,1.62418,1.6241,1.62418,152
2026-05-25T10:18:00+00:00,1.62418,1.62416,1.62411,1.624245,155
2026-05-25T10:19:00+00:00,1.624165,1.624175,1.624155,1.624235,118
2026-05-25T10:20:00+00:00,1.624175,1.624345,1.62416,1.624385,275
2026-05-25T10:21:00+00:00,1.624345,1.624275,1.624275,1.624375,159
2026-05-25T10:22:00+00:00,1.624285,1.624265,1.624255,1.624325,75
2026-05-25T10:23:00+00:00,1.624265,1.624245,1.624205,1.62428,165
2026-05-25T10:24:00+00:00,1.62424,1.624285,1.624185,1.624285,68
2026-05-25T10:25:00+00:00,1.62428,1.62435,1.62427,1.62436,110
2026-05-25T10:26:00+00:00,1.624345,1.62428,1.624235,1.62435,101
2026-05-25T10:27:00+00:00,1.624275,1.624295,1.62421,1.62432,141
2026-05-25T10:28:00+00:00,1.62429,1.624305,1.624285,1.624365,117
2026-05-25T10:29:00+00:00,1.62431,1.624375,1.62427,1.624405,165
2026-05-25T10:30:00+00:00,1.62437,1.624425,1.62435,1.624465,199
2026-05-25T10:31:00+00:00,1.624425,1.62453,1.62442,1.62453,90
2026-05-25T10:32:00+00:00,1.624525,1.62454,1.62448,1.62456,186
2026-05-25T10:33:00+00:00,1.62454,1.62457,1.62452,1.62459,105
2026-05-25T10:34:00+00:00,1.624575,1.62452,1.624435,1.624585,106
2026-05-25T10:35:00+00:00,1.62452,1.624635,1.62452,1.62464,110
2026-05-25T10:36:00+00:00,1.62463,1.6246,1.62459,1.624675,107
2026-05-25T10:37:00+00:00,1.62458,1.624695,1.62456,1.62473,148
2026-05-25T10:38:00+00:00,1.62469,1.624745,1.62464,1.62475,131
2026-05-25T10:39:00+00:00,1.624745,1.624765,1.624695,1.624795,104
2026-05-25T10:40:00+00:00,1.62477,1.62464,1.624625,1.62477,135
2026-05-25T10:41:00+00:00,1.62464,1.62463,1.62459,1.62465,219
2026-05-25T10:42:00+00:00,1.62463,1.6246,1.624585,1.624655,167
2026-05-25T10:43:00+00:00,1.624605,1.62457,1.62453,1.624605,134
2026-05-25T10:44:00+00:00,1.624575,1.62454,1.6245,1.624585,114
2026-05-25T10:45:00+00:00,1.624545,1.624495,1.624455,1.624545,251
2026-05-25T10:46:00+00:00,1.62449,1.624495,1.62442,1.624515,144
2026-05-25T10:47:00+00:00,1.624505,1.624455,1.62443,1.62451,167
2026-05-25T10:48:00+00:00,1.62446,1.62445,1.624395,1.62447,117
2026-05-25T10:49:00+00:00,1.624445,1.62449,1.624445,1.624495,162
2026-05-25T10:50:00+00:00,1.624485,1.624515,1.624475,1.624525,146
2026-05-25T10:51:00+00:00,1.624525,1.62457,1.62449,1.6246,192
2026-05-25T10:52:00+00:00,1.624575,1.62456,1.62449,1.624585,149
2026-05-25T10:53:00+00:00,1.62456,1.624615,1.624545,1.624615,77
2026-05-25T10:54:00+00:00,1.62461,1.624595,1.624565,1.62463,127
2026-05-25T10:55:00+00:00,1.624595,1.624565,1.624555,1.624595,53
2026-05-25T10:56:00+00:00,1.624565,1.624585,1.6245,1.62462,148
2026-05-25T10:57:00+00:00,1.62459,1.62464,1.62452,1.62465,210
2026-05-25T10:58:00+00:00,1.624635,1.624705,1.624625,1.62471,166
2026-05-25T10:59:00+00:00,1.62471,1.62463,1.62461,1.62477,195
2026-05-25T11:00:00+00:00,1.624625,1.62469,1.624595,1.62472,257
2026-05-25T11:01:00+00:00,1.62468,1.62468,1.62466,1.62471,189
2026-05-25T11:02:00+00:00,1.62468,1.62477,1.624645,1.624785,203
2026-05-25T11:03:00+00:00,1.624775,1.624805,1.62476,1.624825,136
2026-05-25T11:04:00+00:00,1.62481,1.624755,1.62475,1.624835,138
2026-05-25T11:05:00+00:00,1.62476,1.62475,1.624735,1.624815,229
2026-05-25T11:06:00+00:00,1.624755,1.624785,1.62469,1.624815,272
2026-05-25T11:07:00+00:00,1.62479,1.62478,1.624755,1.624825,181
2026-05-25T11:08:00+00:00,1.62479,1.624695,1.624675,1.624805,149
2026-05-25T11:09:00+00:00,1.624685,1.624595,1.62456,1.624705,212
2026-05-25T11:10:00+00:00,1.6246,1.6245,1.62444,1.624605,223
2026-05-25T11:11:00+00:00,1.62451,1.624525,1.62449,1.62456,179
2026-05-25T11:12:00+00:00,1.62453,1.6246,1.624525,1.624675,175
2026-05-25T11:13:00+00:00,1.624605,1.624495,1.62449,1.624625,193
2026-05-25T11:14:00+00:00,1.62449,1.624525,1.624475,1.624545,81
2026-05-25T11:15:00+00:00,1.624515,1.62451,1.624445,1.62455,137
2026-05-25T11:16:00+00:00,1.624505,1.624515,1.624495,1.62458,140
2026-05-25T11:17:00+00:00,1.624505,1.624585,1.624505,1.624595,120
2026-05-25T11:18:00+00:00,1.62458,1.624525,1.624485,1.6246,127
2026-05-25T11:19:00+00:00,1.624525,1.62447,1.624465,1.624535,113
2026-05-25T11:20:00+00:00,1.62447,1.624445,1.62443,1.624485,95
2026-05-25T11:21:00+00:00,1.62444,1.62454,1.62443,1.62456,183
2026-05-25T11:22:00+00:00,1.62455,1.62456,1.62451,1.624605,116
2026-05-25T11:23:00+00:00,1.624565,1.624605,1.624545,1.624665,104
2026-05-25T11:24:00+00:00,1.624595,1.62458,1.624575,1.62461,132
2026-05-25T11:25:00+00:00,1.62458,1.62463,1.62457,1.62466,124
2026-05-25T11:26:00+00:00,1.624635,1.62467,1.62459,1.62469,199
2026-05-25T11:27:00+00:00,1.624675,1.624595,1.62457,1.6247,215
2026-05-25T11:28:00+00:00,1.624585,1.62455,1.624535,1.624595,102
2026-05-25T11:29:00+00:00,1.62455,1.624485,1.624485,1.624585,192
2026-05-25T11:30:00+00:00,1.62449,1.624425,1.62433,1.62453,264
2026-05-25T11:31:00+00:00,1.624435,1.624425,1.624285,1.62446,236
2026-05-25T11:32:00+00:00,1.62443,1.62416,1.62415,1.62444,306
2026-05-25T11:33:00+00:00,1.624165,1.624075,1.62399,1.62419,478
2026-05-25T11:34:00+00:00,1.624075,1.62403,1.623975,1.62412,247
2026-05-25T11:35:00+00:00,1.624035,1.62399,1.62394,1.62407,238
2026-05-25T11:36:00+00:00,1.62398,1.62389,1.62385,1.623995,165
2026-05-25T11:37:00+00:00,1.62391,1.62382,1.623785,1.62392,310
2026-05-25T11:38:00+00:00,1.62382,1.623855,1.623785,1.623865,182
2026-05-25T11:39:00+00:00,1.62386,1.62383,1.623825,1.62398,273
2026-05-25T11:40:00+00:00,1.62384,1.623845,1.623745,1.623865,452
2026-05-25T11:41:00+00:00,1.623855,1.62379,1.62378,1.623965,337
2026-05-25T11:42:00+00:00,1.623785,1.6239,1.623765,1.62396,199
2026-05-25T11:43:00+00:00,1.6239,1.62386,1.623835,1.623955,260
2026-05-25T11:44:00+00:00,1.62386,1.623825,1.623735,1.623865,279
2026-05-25T11:45:00+00:00,1.62383,1.623795,1.62372,1.623895,399
2026-05-25T11:46:00+00:00,1.62378,1.623805,1.62375,1.623925,329
2026-05-25T11:47:00+00:00,1.62381,1.623855,1.623785,1.623865,213
2026-05-25T11:48:00+00:00,1.62384,1.623905,1.62383,1.62401,265
2026-05-25T11:49:00+00:00,1.6239,1.62392,1.623875,1.62398,241
2026-05-25T11:50:00+00:00,1.62393,1.623915,1.62391,1.624,257
2026-05-25T11:51:00+00:00,1.62393,1.62393,1.623905,1.62398,306
2026-05-25T11:52:00+00:00,1.62391,1.623945,1.62383,1.62396,295
2026-05-25T11:53:00+00:00,1.62394,1.62403,1.623925,1.62407,280
2026-05-25T11:54:00+00:00,1.624025,1.624005,1.623965,1.624065,228
2026-05-25T11:55:00+00:00,1.624015,1.62406,1.623955,1.624095,271
2026-05-25T11:56:00+00:00,1.624065,1.624055,1.623995,1.62413,442
2026-05-25T11:57:00+00:00,1.62406,1.624005,1.623905,1.62409,321
2026-05-25T11:58:00+00:00,1.62399,1.62395,1.6239,1.624005,335
2026-05-25T11:59:00+00:00,1.62394,1.62407,1.623865,1.62407,243
2026-05-25T12:00:00+00:00,1.624065,1.62411,1.62406,1.624225,407
2026-05-25T12:01:00+00:00,1.62412,1.62403,1.624015,1.62414,253
2026-05-25T12:02:00+00:00,1.62403,1.624045,1.623955,1.624075,272
2026-05-25T12:03:00+00:00,1.62405,1.624045,1.623975,1.62406,260
2026-05-25T12:04:00+00:00,1.624035,1.62398,1.62386,1.62405,246
2026-05-25T12:05:00+00:00,1.623985,1.62397,1.623955,1.62404,223
2026-05-25T12:06:00+00:00,1.623965,1.62383,1.623805,1.62399,270
2026-05-25T12:07:00+00:00,1.623835,1.623965,1.623815,1.623975,168
2026-05-25T12:08:00+00:00,1.62396,1.62403,1.623925,1.624045,215
2026-05-25T12:09:00+00:00,1.62402,1.624005,1.623995,1.624085,228
2026-05-25T12:10:00+00:00,1.624005,1.623975,1.623865,1.624005,206
2026-05-25T12:11:00+00:00,1.62398,1.623835,1.623785,1.623985,219
2026-05-25T12:12:00+00:00,1.62383,1.62383,1.623795,1.623875,197
2026-05-25T12:13:00+00:00,1.62382,1.62395,1.6238,1.62397,227
2026-05-25T12:14:00+00:00,1.62395,1.624065,1.623945,1.624065,193
2026-05-25T12:15:00+00:00,1.62407,1.624035,1.62398,1.624075,210
2026-05-25T12:16:00+00:00,1.624045,1.623955,1.623945,1.62406,252
2026-05-25T12:17:00+00:00,1.62396,1.624005,1.623905,1.62403,169
2026-05-25T12:18:00+00:00,1.62402,1.62407,1.624015,1.624085,219
2026-05-25T12:19:00+00:00,1.624075,1.62414,1.62404,1.624145,149
2026-05-25T12:20:00+00:00,1.624135,1.624185,1.624125,1.62423,232
2026-05-25T12:21:00+00:00,1.62418,1.624105,1.624075,1.62421,196
2026-05-25T12:22:00+00:00,1.62409,1.62401,1.62398,1.624125,178
2026-05-25T12:23:00+00:00,1.624015,1.62404,1.623865,1.624085,446
2026-05-25T12:24:00+00:00,1.624045,1.623945,1.623925,1.62408,420
2026-05-25T12:25:00+00:00,1.62395,1.623925,1.623835,1.62399,308
2026-05-25T12:26:00+00:00,1.623945,1.623845,1.62383,1.62397,228
2026-05-25T12:27:00+00:00,1.623855,1.623955,1.62383,1.62396,259
2026-05-25T12:28:00+00:00,1.62395,1.62386,1.623845,1.623975,218
2026-05-25T12:29:00+00:00,1.623865,1.623845,1.62378,1.623895,249
2026-05-25T12:30:00+00:00,1.62385,1.623875,1.62379,1.623885,236
2026-05-25T12:31:00+00:00,1.623875,1.62406,1.6238,1.62406,363
2026-05-25T12:32:00+00:00,1.624065,1.624125,1.624055,1.624195,474
2026-05-25T12:33:00+00:00,1.624125,1.62408,1.624035,1.624125,218
2026-05-25T12:34:00+00:00,1.624075,1.624105,1.62402,1.624145,272
2026-05-25T12:35:00+00:00,1.6241,1.624105,1.62407,1.624145,216
2026-05-25T12:36:00+00:00,1.624115,1.624145,1.62404,1.62418,187
2026-05-25T12:37:00+00:00,1.624145,1.62409,1.62404,1.624145,133
2026-05-25T12:38:00+00:00,1.62408,1.624165,1.62406,1.624185,177
2026-05-25T12:39:00+00:00,1.62417,1.62413,1.624115,1.624195,196
2026-05-25T12:40:00+00:00,1.624125,1.624145,1.6241,1.62419,154
2026-05-25T12:41:00+00:00,1.624135,1.62399,1.623985,1.62415,147
2026-05-25T12:42:00+00:00,1.62399,1.62388,1.623865,1.62404,207
2026-05-25T12:43:00+00:00,1.623885,1.623955,1.62388,1.62397,273
2026-05-25T12:44:00+00:00,1.623965,1.62396,1.623935,1.624,318
2026-05-25T12:45:00+00:00,1.623965,1.624245,1.623905,1.624275,557
2026-05-25T12:46:00+00:00,1.62424,1.624345,1.624215,1.62439,387
2026-05-25T12:47:00+00:00,1.62434,1.6243,1.624285,1.62437,268
2026-05-25T12:48:00+00:00,1.6243,1.62437,1.62421,1.624375,199
2026-05-25T12:49:00+00:00,1.62437,1.62444,1.62431,1.624445,194
2026-05-25T12:50:00+00:00,1.624435,1.62455,1.62443,1.62461,192
2026-05-25T12:51:00+00:00,1.624545,1.624595,1.624495,1.624675,280
2026-05-25T12:52:00+00:00,1.624595,1.624635,1.62457,1.62466,179
2026-05-25T12:53:00+00:00,1.62465,1.62459,1.624555,1.62468,161
2026-05-25T12:54:00+00:00,1.624585,1.62453,1.6245,1.624585,141
2026-05-25T12:55:00+00:00,1.624535,1.624555,1.624535,1.624595,143
2026-05-25T12:56:00+00:00,1.62456,1.62456,1.624505,1.624645,210
2026-05-25T12:57:00+00:00,1.624565,1.624685,1.624455,1.624715,275
2026-05-25T12:58:00+00:00,1.624695,1.62472,1.62462,1.62474,237
2026-05-25T12:59:00+00:00,1.624725,1.62466,1.624595,1.62473,185
2026-05-25T13:00:00+00:00,1.624655,1.624795,1.624625,1.624805,309
2026-05-25T13:01:00+00:00,1.624775,1.62458,1.62457,1.624775,210
2026-05-25T13:02:00+00:00,1.624565,1.624585,1.62454,1.624625,200
2026-05-25T13:03:00+00:00,1.62458,1.624265,1.62426,1.62458,182
2026-05-25T13:04:00+00:00,1.62427,1.624375,1.6242,1.624385,197
2026-05-25T13:05:00+00:00,1.62437,1.624245,1.62424,1.624395,126
2026-05-25T13:06:00+00:00,1.62425,1.624295,1.62424,1.624345,106
2026-05-25T13:07:00+00:00,1.62426,1.624205,1.624185,1.62432,193
2026-05-25T13:08:00+00:00,1.62421,1.624185,1.624105,1.624235,135
2026-05-25T13:09:00+00:00,1.624185,1.62415,1.62414,1.62429,199
2026-05-25T13:10:00+00:00,1.62414,1.624165,1.624125,1.6242,180
2026-05-25T13:11:00+00:00,1.624155,1.62407,1.62401,1.624165,280
2026-05-25T13:12:00+00:00,1.62408,1.624235,1.62405,1.624255,243
2026-05-25T13:13:00+00:00,1.62423,1.624325,1.62418,1.62433,123
2026-05-25T13:14:00+00:00,1.62432,1.624135,1.624115,1.624325,122
2026-05-25T13:15:00+00:00,1.624125,1.62414,1.624045,1.624165,183
2026-05-25T13:16:00+00:00,1.62413,1.62405,1.623995,1.62415,181
2026-05-25T13:17:00+00:00,1.62405,1.624035,1.624025,1.62413,291
2026-05-25T13:18:00+00:00,1.624055,1.62399,1.623975,1.624065,180
2026-05-25T13:19:00+00:00,1.623995,1.62406,1.623975,1.62416,248
2026-05-25T13:20:00+00:00,1.62407,1.623905,1.62389,1.62408,125
2026-05-25T13:21:00+00:00,1.62391,1.62394,1.623885,1.62396,285
2026-05-25T13:22:00+00:00,1.623935,1.624015,1.623925,1.624035,215
2026-05-25T13:23:00+00:00,1.624005,1.623905,1.623875,1.624005,223
2026-05-25T13:24:00+00:00,1.623915,1.623895,1.62386,1.62392,220
2026-05-25T13:25:00+00:00,1.62389,1.62386,1.623845,1.623915,149
2026-05-25T13:26:00+00:00,1.623865,1.623835,1.623805,1.623885,204
2026-05-25T13:27:00+00:00,1.62384,1.623775,1.62375,1.623855,178
2026-05-25T13:28:00+00:00,1.62377,1.623755,1.6237,1.623815,212
2026-05-25T13:29:00+00:00,1.62375,1.623715,1.6237,1.62376,162
2026-05-25T13:30:00+00:00,1.62371,1.62356,1.62356,1.623755,423
2026-05-25T13:31:00+00:00,1.623565,1.6236,1.623545,1.62369,238
2026-05-25T13:32:00+00:00,1.623605,1.62358,1.623555,1.623645,231
2026-05-25T13:33:00+00:00,1.6236,1.623705,1.623545,1.623725,286
2026-05-25T13:34:00+00:00,1.62371,1.62366,1.623595,1.62371,263
2026-05-25T13:35:00+00:00,1.623665,1.62361,1.623545,1.623665,154
2026-05-25T13:36:00+00:00,1.623605,1.623545,1.623525,1.623645,246
2026-05-25T13:37:00+00:00,1.623535,1.62361,1.623505,1.623615,173
2026-05-25T13:38:00+00:00,1.6236,1.62362,1.623545,1.62365,172
2026-05-25T13:39:00+00:00,1.623615,1.62363,1.62355,1.62365,160
2026-05-25T13:40:00+00:00,1.62364,1.623595,1.623555,1.623665,152
2026-05-25T13:41:00+00:00,1.6236,1.62364,1.623585,1.62366,265
2026-05-25T13:42:00+00:00,1.623645,1.623635,1.623535,1.62369,286
2026-05-25T13:43:00+00:00,1.62364,1.62364,1.623545,1.623735,268
2026-05-25T13:44:00+00:00,1.62363,1.62365,1.62358,1.62367,215
2026-05-25T13:45:00+00:00,1.623645,1.62365,1.623595,1.62368,211
2026-05-25T13:46:00+00:00,1.623635,1.623665,1.62361,1.6237,271
2026-05-25T13:47:00+00:00,1.62366,1.62392,1.62364,1.623975,300
2026-05-25T13:48:00+00:00,1.62393,1.62394,1.623895,1.623975,300
2026-05-25T13:49:00+00:00,1.623935,1.623835,1.623825,1.62395,162
2026-05-25T13:50:00+00:00,1.62384,1.6238,1.623785,1.623845,152
2026-05-25T13:51:00+00:00,1.62381,1.62387,1.623785,1.62394,329
2026-05-25T13:52:00+00:00,1.62386,1.623725,1.62372,1.623915,195
2026-05-25T13:53:00+00:00,1.62372,1.623725,1.623685,1.623795,289
2026-05-25T13:54:00+00:00,1.623735,1.623675,1.623665,1.62375,246
2026-05-25T13:55:00+00:00,1.62368,1.62365,1.623595,1.62371,300
2026-05-25T13:56:00+00:00,1.623655,1.623655,1.62361,1.62369,230
2026-05-25T13:57:00+00:00,1.62365,1.62367,1.62365,1.623815,241
2026-05-25T13:58:00+00:00,1.623675,1.623515,1.62348,1.623675,260
2026-05-25T13:59:00+00:00,1.62352,1.62353,1.62347,1.6236,288
2026-05-25T14:00:00+00:00,1.623535,1.623315,1.623315,1.623545,322
2026-05-25T14:01:00+00:00,1.62332,1.623285,1.623285,1.62342,365
2026-05-25T14:02:00+00:00,1.62329,1.62336,1.623265,1.623465,383
2026-05-25T14:03:00+00:00,1.623345,1.62333,1.62328,1.62344,276
2026-05-25T14:04:00+00:00,1.623325,1.62326,1.62316,1.62334,286
2026-05-25T14:05:00+00:00,1.623265,1.623315,1.623265,1.62333,185
2026-05-25T14:06:00+00:00,1.62332,1.623325,1.623275,1.623345,162
2026-05-25T14:07:00+00:00,1.62333,1.62343,1.623295,1.62343,159
2026-05-25T14:08:00+00:00,1.623425,1.623365,1.62336,1.623455,189
2026-05-25T14:09:00+00:00,1.623375,1.62336,1.623325,1.62342,207
2026-05-25T14:10:00+00:00,1.623355,1.623295,1.62328,1.623375,199
2026-05-25T14:11:00+00:00,1.62329,1.62335,1.623265,1.62338,159
2026-05-25T14:12:00+00:00,1.623345,1.6234,1.62332,1.62343,172
2026-05-25T14:13:00+00:00,1.623405,1.62339,1.623325,1.62342,256
2026-05-25T14:14:00+00:00,1.623385,1.62334,1.623305,1.623405,156
2026-05-25T14:15:00+00:00,1.62334,1.62335,1.623305,1.623375,182
2026-05-25T14:16:00+00:00,1.62336,1.623335,1.6233,1.62337,308
2026-05-25T14:17:00+00:00,1.62333,1.623375,1.623325,1.6234,152
2026-05-25T14:18:00+00:00,1.62339,1.62332,1.62325,1.6234,201
2026-05-25T14:19:00+00:00,1.62332,1.623295,1.623245,1.623375,170
2026-05-25T14:20:00+00:00,1.6233,1.62326,1.62323,1.623335,246
2026-05-25T14:21:00+00:00,1.623275,1.623235,1.623185,1.62328,213
2026-05-25T14:22:00+00:00,1.62324,1.623225,1.623185,1.62325,260
2026-05-25T14:23:00+00:00,1.62323,1.62319,1.623155,1.623245,190
2026-05-25T14:24:00+00:00,1.623185,1.62312,1.623115,1.62322,210
2026-05-25T14:25:00+00:00,1.62314,1.62317,1.62312,1.62323,183
2026-05-25T14:26:00+00:00,1.62317,1.62319,1.623145,1.62321,169
2026-05-25T14:27:00+00:00,1.623195,1.623185,1.623175,1.623205,136
2026-05-25T14:28:00+00:00,1.62319,1.623155,1.62315,1.623215,212
2026-05-25T14:29:00+00:00,1.62316,1.62322,1.623155,1.62325,220
2026-05-25T14:30:00+00:00,1.623215,1.62333,1.623195,1.62336,235
2026-05-25T14:31:00+00:00,1.62334,1.623255,1.623255,1.623365,243
2026-05-25T14:32:00+00:00,1.62326,1.62331,1.62323,1.623325,252
2026-05-25T14:33:00+00:00,1.623305,1.623325,1.62325,1.623365,251
2026-05-25T14:34:00+00:00,1.623335,1.62334,1.62324,1.62337,248
2026-05-25T14:35:00+00:00,1.623345,1.62334,1.62334,1.623415,119
2026-05-25T14:36:00+00:00,1.623335,1.6233,1.623265,1.62335,137
2026-05-25T14:37:00+00:00,1.6233,1.623355,1.623285,1.623385,176
2026-05-25T14:38:00+00:00,1.62336,1.62343,1.623325,1.62344,152
2026-05-25T14:39:00+00:00,1.623425,1.62336,1.62333,1.623435,247
2026-05-25T14:40:00+00:00,1.623365,1.62331,1.623295,1.623385,214
2026-05-25T14:41:00+00:00,1.623305,1.623215,1.623195,1.623395,283
2026-05-25T14:42:00+00:00,1.623225,1.6232,1.62317,1.62328,230
2026-05-25T14:43:00+00:00,1.623205,1.623135,1.62313,1.623235,167
2026-05-25T14:44:00+00:00,1.623125,1.6231,1.623095,1.623165,203
2026-05-25T14:45:00+00:00,1.623095,1.623195,1.623095,1.623205,144
2026-05-25T14:46:00+00:00,1.623195,1.623205,1.62313,1.623285,307
2026-05-25T14:47:00+00:00,1.6232,1.623215,1.623115,1.62324,257
2026-05-25T14:48:00+00:00,1.62322,1.623295,1.62315,1.623355,266
2026-05-25T14:49:00+00:00,1.623285,1.62332,1.62324,1.62335,188
2026-05-25T14:50:00+00:00,1.623325,1.623345,1.6233,1.623385,147
2026-05-25T14:51:00+00:00,1.623335,1.623115,1.623105,1.62334,187
2026-05-25T14:52:00+00:00,1.623145,1.623125,1.623115,1.623165,203
2026-05-25T14:53:00+00:00,1.62313,1.623085,1.623075,1.62319,173
2026-05-25T14:54:00+00:00,1.623085,1.623075,1.62305,1.623115,230
2026-05-25T14:55:00+00:00,1.62307,1.62294,1.622915,1.62308,280
2026-05-25T14:56:00+00:00,1.622945,1.62277,1.622755,1.622965,220
2026-05-25T14:57:00+00:00,1.622775,1.621965,1.621965,1.622835,475
2026-05-25T14:58:00+00:00,1.621975,1.621695,1.621695,1.622135,624
2026-05-25T14:59:00+00:00,1.6217,1.621835,1.6217,1.621905,428
2026-05-25T15:00:00+00:00,1.62184,1.62196,1.62183,1.622095,405
2026-05-25T15:01:00+00:00,1.621955,1.622125,1.621915,1.622185,557
2026-05-25T15:02:00+00:00,1.62213,1.62194,1.62194,1.62225,804
2026-05-25T15:03:00+00:00,1.621955,1.62214,1.621925,1.62215,374
2026-05-25T15:04:00+00:00,1.622135,1.622065,1.62205,1.6222,179
2026-05-25T15:05:00+00:00,1.622055,1.62212,1.62199,1.62213,383
2026-05-25T15:06:00+00:00,1.622105,1.62222,1.62206,1.62226,323
2026-05-25T15:07:00+00:00,1.622215,1.62227,1.62218,1.622315,292
2026-05-25T15:08:00+00:00,1.622285,1.62236,1.62225,1.62236,236
2026-05-25T15:09:00+00:00,1.622355,1.622515,1.622335,1.622515,168
2026-05-25T15:10:00+00:00,1.62252,1.62209,1.62201,1.622545,573
2026-05-25T15:11:00+00:00,1.6221,1.621965,1.62186,1.62216,1058
2026-05-25T15:12:00+00:00,1.62197,1.62218,1.6219,1.62225,720
2026-05-25T15:13:00+00:00,1.622185,1.622245,1.622125,1.62229,538
2026-05-25T15:14:00+00:00,1.622255,1.62235,1.622185,1.62236,408
2026-05-25T15:15:00+00:00,1.622345,1.62238,1.62232,1.62243,388
2026-05-25T15:16:00+00:00,1.622385,1.622445,1.622365,1.622565,410
2026-05-25T15:17:00+00:00,1.62244,1.62253,1.62242,1.62262,328
2026-05-25T15:18:00+00:00,1.622525,1.6224,1.622345,1.622525,228
2026-05-25T15:19:00+00:00,1.6224,1.622395,1.62235,1.62248,215
2026-05-25T15:20:00+00:00,1.622395,1.622445,1.622385,1.622485,219
2026-05-25T15:21:00+00:00,1.62244,1.622625,1.62242,1.622645,236
2026-05-25T15:22:00+00:00,1.62262,1.62268,1.62261,1.622685,127
2026-05-25T15:23:00+00:00,1.622675,1.622605,1.622605,1.62271,224
2026-05-25T15:24:00+00:00,1.62261,1.62266,1.62257,1.62267,272
2026-05-25T15:25:00+00:00,1.622665,1.622675,1.622625,1.62273,212
2026-05-25T15:26:00+00:00,1.622675,1.622605,1.622575,1.62271,437
2026-05-25T15:27:00+00:00,1.62262,1.622635,1.622595,1.62271,251
2026-05-25T15:28:00+00:00,1.622625,1.622655,1.62258,1.622675,209
2026-05-25T15:29:00+00:00,1.62265,1.622715,1.622605,1.622755,260
2026-05-25T15:30:00+00:00,1.62273,1.622805,1.6227,1.622855,147
2026-05-25T15:31:00+00:00,1.62281,1.62274,1.62271,1.62286,204
2026-05-25T15:32:00+00:00,1.62273,1.6228,1.62271,1.6228,102
2026-05-25T15:33:00+00:00,1.62279,1.622795,1.622695,1.6228,197
2026-05-25T15:34:00+00:00,1.622785,1.622845,1.62275,1.622865,103
2026-05-25T15:35:00+00:00,1.622835,1.622845,1.622825,1.62292,182
2026-05-25T15:36:00+00:00,1.62285,1.62281,1.62279,1.62286,98
2026-05-25T15:37:00+00:00,1.622825,1.622865,1.622815,1.62291,180
2026-05-25T15:38:00+00:00,1.622855,1.622855,1.622795,1.62287,120
2026-05-25T15:39:00+00:00,1.62285,1.62294,1.62282,1.622955,85
2026-05-25T15:40:00+00:00,1.62293,1.6229,1.622895,1.62298,96
2026-05-25T15:41:00+00:00,1.6229,1.623045,1.622885,1.623065,176
2026-05-25T15:42:00+00:00,1.623035,1.622855,1.622795,1.62305,161
2026-05-25T15:43:00+00:00,1.622855,1.622795,1.62279,1.62287,71
2026-05-25T15:44:00+00:00,1.622795,1.622815,1.62277,1.622835,96
2026-05-25T15:45:00+00:00,1.62281,1.622735,1.62273,1.62282,86
2026-05-25T15:46:00+00:00,1.622735,1.622695,1.62268,1.622755,139
2026-05-25T15:47:00+00:00,1.62269,1.622625,1.62259,1.62269,109
2026-05-25T15:48:00+00:00,1.622615,1.622535,1.62251,1.62262,132
2026-05-25T15:49:00+00:00,1.622535,1.622635,1.6225,1.622635,64
2026-05-25T15:50:00+00:00,1.622635,1.622825,1.6226,1.622825,116
2026-05-25T15:51:00+00:00,1.62283,1.62279,1.622765,1.62286,86
2026-05-25T15:52:00+00:00,1.62279,1.622785,1.62276,1.6228,93
2026-05-25T15:53:00+00:00,1.6228,1.622915,1.622785,1.622925,103
2026-05-25T15:54:00+00:00,1.62293,1.622905,1.62289,1.62294,37
2026-05-25T15:55:00+00:00,1.62293,1.62299,1.62291,1.623,76
2026-05-25T15:56:00+00:00,1.62299,1.62299,1.622955,1.623025,74
2026-05-25T15:57:00+00:00,1.62298,1.622965,1.62289,1.623,116
2026-05-25T15:58:00+00:00,1.622965,1.623155,1.62295,1.623175,103
2026-05-25T15:59:00+00:00,1.62317,1.62307,1.623015,1.6232,105
2026-05-25T16:00:00+00:00,1.62309,1.623085,1.623025,1.623115,161
2026-05-25T16:01:00+00:00,1.623085,1.623135,1.623075,1.623315,282
2026-05-25T16:02:00+00:00,1.623145,1.623045,1.623015,1.623185,186
2026-05-25T16:03:00+00:00,1.623035,1.623145,1.623025,1.623155,122
2026-05-25T16:04:00+00:00,1.62315,1.623145,1.62313,1.62318,131
2026-05-25T16:05:00+00:00,1.623145,1.62323,1.623135,1.623265,119
2026-05-25T16:06:00+00:00,1.62324,1.623195,1.62315,1.623255,98
2026-05-25T16:07:00+00:00,1.62319,1.623175,1.62313,1.6232,142
2026-05-25T16:08:00+00:00,1.623175,1.623295,1.62315,1.623315,165
2026-05-25T16:09:00+00:00,1.6233,1.623365,1.62326,1.623405,78
2026-05-25T16:10:00+00:00,1.62337,1.623415,1.62329,1.62346,186
2026-05-25T16:11:00+00:00,1.62342,1.623245,1.623245,1.623435,128
2026-05-25T16:12:00+00:00,1.62325,1.623095,1.62303,1.6233,256
2026-05-25T16:13:00+00:00,1.623105,1.62306,1.623015,1.62314,325
2026-05-25T16:14:00+00:00,1.623065,1.6229,1.62289,1.62308,191
2026-05-25T16:15:00+00:00,1.6229,1.622785,1.62276,1.6229,77
2026-05-25T16:16:00+00:00,1.62278,1.622745,1.622725,1.62279,143
2026-05-25T16:17:00+00:00,1.622745,1.622705,1.622675,1.62275,79
2026-05-25T16:18:00+00:00,1.62271,1.622865,1.6227,1.622985,114
2026-05-25T16:19:00+00:00,1.62288,1.623,1.622855,1.62302,94
2026-05-25T16:20:00+00:00,1.622995,1.62312,1.622995,1.623145,105
2026-05-25T16:21:00+00:00,1.623115,1.62306,1.62306,1.623145,100
2026-05-25T16:22:00+00:00,1.623065,1.622965,1.62296,1.623065,108
2026-05-25T16:23:00+00:00,1.622955,1.622945,1.62293,1.62302,89
2026-05-25T16:24:00+00:00,1.622935,1.62302,1.62292,1.62303,116
2026-05-25T16:25:00+00:00,1.623025,1.622975,1.622935,1.62303,95
2026-05-25T16:26:00+00:00,1.622975,1.622945,1.622935,1.623005,175
2026-05-25T16:27:00+00:00,1.62294,1.62299,1.622915,1.623025,148
2026-05-25T16:28:00+00:00,1.623,1.622985,1.62297,1.623015,82
2026-05-25T16:29:00+00:00,1.62298,1.622895,1.62288,1.622985,98
2026-05-25T16:30:00+00:00,1.622905,1.62292,1.622885,1.622935,116
2026-05-25T16:31:00+00:00,1.622915,1.622895,1.622885,1.622945,113
2026-05-25T16:32:00+00:00,1.6229,1.62297,1.62289,1.62302,244
2026-05-25T16:33:00+00:00,1.622965,1.62299,1.62291,1.623025,290
2026-05-25T16:34:00+00:00,1.622985,1.623015,1.62296,1.623085,333
2026-05-25T16:35:00+00:00,1.62302,1.623015,1.62296,1.62306,348
2026-05-25T16:36:00+00:00,1.622995,1.62304,1.62297,1.623075,257
2026-05-25T16:37:00+00:00,1.62304,1.623,1.622975,1.62304,260
2026-05-25T16:38:00+00:00,1.622985,1.622945,1.622935,1.62303,230
2026-05-25T16:39:00+00:00,1.622915,1.622795,1.62275,1.62293,238
2026-05-25T16:40:00+00:00,1.622805,1.62282,1.62277,1.62284,115
2026-05-25T16:41:00+00:00,1.62282,1.622875,1.622795,1.622915,95
2026-05-25T16:42:00+00:00,1.622865,1.62284,1.62282,1.622885,69
2026-05-25T16:43:00+00:00,1.62284,1.62282,1.62281,1.62289,148
2026-05-25T16:44:00+00:00,1.622825,1.62275,1.62275,1.622825,19
2026-05-25T16:45:00+00:00,1.622755,1.622755,1.622705,1.6228,95
2026-05-25T16:46:00+00:00,1.622755,1.622755,1.622735,1.62278,35
2026-05-25T16:47:00+00:00,1.622765,1.62279,1.62275,1.622825,102
2026-05-25T16:48:00+00:00,1.622795,1.62279,1.62275,1.622835,189
2026-05-25T16:49:00+00:00,1.622795,1.6228,1.622735,1.622805,89
2026-05-25T16:50:00+00:00,1.6228,1.62279,1.6227,1.622855,164
2026-05-25T16:51:00+00:00,1.62279,1.622695,1.62266,1.62279,143
2026-05-25T16:52:00+00:00,1.622695,1.62272,1.62265,1.62275,145
2026-05-25T16:53:00+00:00,1.622725,1.62288,1.62272,1.62293,222
2026-05-25T16:54:00+00:00,1.622875,1.622885,1.62282,1.62291,169
2026-05-25T16:55:00+00:00,1.6229,1.622885,1.62282,1.622925,106
2026-05-25T16:56:00+00:00,1.62289,1.62283,1.6228,1.622915,126
2026-05-25T16:57:00+00:00,1.622835,1.622815,1.622815,1.62289,77
2026-05-25T16:58:00+00:00,1.622825,1.622795,1.622705,1.62283,109
2026-05-25T16:59:00+00:00,1.62278,1.6228,1.62274,1.62282,184
2026-05-25T17:00:00+00:00,1.622805,1.62277,1.622745,1.62284,172
2026-05-25T17:01:00+00:00,1.62277,1.62281,1.62275,1.622875,114
2026-05-25T17:02:00+00:00,1.622825,1.62276,1.622745,1.622835,63
2026-05-25T17:03:00+00:00,1.62276,1.62273,1.622725,1.622765,56
2026-05-25T17:04:00+00:00,1.62273,1.6227,1.6227,1.62275,47
2026-05-25T17:05:00+00:00,1.622705,1.62278,1.6227,1.62278,72
2026-05-25T17:06:00+00:00,1.622785,1.622785,1.62277,1.622815,114
2026-05-25T17:07:00+00:00,1.62278,1.622725,1.6227,1.622785,49
2026-05-25T17:08:00+00:00,1.622725,1.622745,1.622725,1.62279,65
2026-05-25T17:09:00+00:00,1.622745,1.622765,1.622745,1.622795,83
2026-05-25T17:10:00+00:00,1.62277,1.62278,1.62275,1.622805,58
2026-05-25T17:11:00+00:00,1.62278,1.62284,1.622775,1.622845,61
2026-05-25T17:12:00+00:00,1.622835,1.62286,1.62283,1.62288,71
2026-05-25T17:13:00+00:00,1.622875,1.62288,1.622855,1.622915,88
2026-05-25T17:14:00+00:00,1.62288,1.622945,1.622865,1.622965,76
2026-05-25T17:15:00+00:00,1.62293,1.622935,1.622915,1.622975,110
2026-05-25T17:16:00+00:00,1.62294,1.62297,1.622905,1.62298,88
2026-05-25T17:17:00+00:00,1.62297,1.62297,1.622955,1.62303,59
2026-05-25T17:18:00+00:00,1.622965,1.62287,1.62286,1.62297,115
2026-05-25T17:19:00+00:00,1.622865,1.622825,1.622775,1.622875,140
2026-05-25T17:20:00+00:00,1.62283,1.62282,1.622805,1.622855,269
2026-05-25T17:21:00+00:00,1.622825,1.62289,1.62282,1.622905,207
2026-05-25T17:22:00+00:00,1.622885,1.6229,1.622865,1.622935,125
2026-05-25T17:23:00+00:00,1.6229,1.62272,1.62272,1.622915,133
2026-05-25T17:24:00+00:00,1.62272,1.62265,1.622645,1.62273,77
2026-05-25T17:25:00+00:00,1.622665,1.62267,1.62263,1.62267,71
2026-05-25T17:26:00+00:00,1.62267,1.62267,1.622655,1.622715,144
2026-05-25T17:27:00+00:00,1.622675,1.62256,1.622555,1.622675,66
2026-05-25T17:28:00+00:00,1.62256,1.62265,1.622535,1.62266,55
2026-05-25T17:29:00+00:00,1.62265,1.622525,1.62246,1.62265,93
2026-05-25T17:30:00+00:00,1.62253,1.62245,1.62241,1.62254,69
2026-05-25T17:31:00+00:00,1.62245,1.62246,1.62243,1.62252,98
2026-05-25T17:32:00+00:00,1.62246,1.62248,1.62244,1.62248,143
2026-05-25T17:33:00+00:00,1.622485,1.622615,1.622485,1.62263,125
2026-05-25T17:34:00+00:00,1.622615,1.62264,1.62259,1.62264,183
2026-05-25T17:35:00+00:00,1.62264,1.622605,1.62259,1.62264,78
2026-05-25T17:36:00+00:00,1.6226,1.622565,1.622535,1.6226,127
2026-05-25T17:37:00+00:00,1.62256,1.6226,1.62254,1.622605,198
2026-05-25T17:38:00+00:00,1.622605,1.62252,1.622505,1.622605,163
2026-05-25T17:39:00+00:00,1.62252,1.622535,1.622515,1.62255,93
2026-05-25T17:40:00+00:00,1.622535,1.622575,1.622535,1.62259,82
2026-05-25T17:41:00+00:00,1.62257,1.62259,1.62257,1.6226,73
2026-05-25T17:42:00+00:00,1.622585,1.622625,1.622585,1.62264,70
2026-05-25T17:43:00+00:00,1.62263,1.622615,1.62261,1.622645,24
2026-05-25T17:44:00+00:00,1.62261,1.62256,1.62256,1.62262,148
2026-05-25T17:45:00+00:00,1.62257,1.62255,1.62253,1.622585,200
2026-05-25T17:46:00+00:00,1.62254,1.62254,1.62253,1.622565,49
2026-05-25T17:47:00+00:00,1.62254,1.622545,1.622525,1.62256,133
2026-05-25T17:48:00+00:00,1.62254,1.6226,1.622535,1.622635,134
2026-05-25T17:49:00+00:00,1.6226,1.622585,1.62258,1.62261,91
2026-05-25T17:50:00+00:00,1.62259,1.6226,1.622585,1.62262,180
2026-05-25T17:51:00+00:00,1.6226,1.622565,1.622555,1.62262,96
2026-05-25T17:52:00+00:00,1.622565,1.62257,1.622555,1.622575,14
2026-05-25T17:53:00+00:00,1.622575,1.62259,1.622575,1.62264,112
2026-05-25T17:54:00+00:00,1.62259,1.62264,1.622575,1.62269,89
2026-05-25T17:55:00+00:00,1.622645,1.62265,1.62264,1.62267,130
2026-05-25T17:56:00+00:00,1.622665,1.622665,1.62263,1.622685,75
2026-05-25T17:57:00+00:00,1.622665,1.622675,1.62266,1.622675,33
2026-05-25T17:58:00+00:00,1.622665,1.622635,1.622625,1.622665,30
2026-05-25T17:59:00+00:00,1.622625,1.62263,1.62259,1.622645,41
2026-05-25T18:00:00+00:00,1.622635,1.62267,1.62262,1.622695,105
2026-05-25T18:01:00+00:00,1.622675,1.62263,1.62261,1.622685,87
2026-05-25T18:02:00+00:00,1.622625,1.622595,1.62257,1.62263,70
2026-05-25T18:03:00+00:00,1.622595,1.622565,1.62255,1.6226,52
2026-05-25T18:04:00+00:00,1.62256,1.62258,1.62255,1.622585,142
2026-05-25T18:05:00+00:00,1.622585,1.622565,1.62256,1.622585,34
2026-05-25T18:06:00+00:00,1.622565,1.622535,1.62251,1.622575,41
2026-05-25T18:07:00+00:00,1.622535,1.62253,1.62253,1.622535,3
2026-05-25T18:08:00+00:00,1.62253,1.622625,1.62253,1.62263,51
2026-05-25T18:09:00+00:00,1.622625,1.62258,1.62255,1.622625,136
2026-05-25T18:10:00+00:00,1.622575,1.62258,1.62256,1.62259,67
2026-05-25T18:11:00+00:00,1.62258,1.62259,1.62258,1.62259,37
2026-05-25T18:12:00+00:00,1.62259,1.62259,1.62258,1.62259,14
2026-05-25T18:13:00+00:00,1.622585,1.62264,1.622585,1.62266,54
2026-05-25T18:14:00+00:00,1.622635,1.622605,1.622605,1.622655,16
2026-05-25T18:15:00+00:00,1.62261,1.622635,1.6226,1.622635,75
2026-05-25T18:16:00+00:00,1.62264,1.6226,1.622585,1.62264,33
2026-05-25T18:17:00+00:00,1.6226,1.62263,1.62259,1.62263,12
2026-05-25T18:18:00+00:00,1.62263,1.62261,1.622605,1.62263,57
2026-05-25T18:19:00+00:00,1.622615,1.62261,1.6226,1.62263,14
2026-05-25T18:20:00+00:00,1.62261,1.62262,1.62261,1.622635,43
2026-05-25T18:21:00+00:00,1.62262,1.62263,1.62259,1.622635,32
2026-05-25T18:22:00+00:00,1.62263,1.622665,1.62263,1.622685,66
2026-05-25T18:23:00+00:00,1.622665,1.622695,1.622665,1.62272,50
2026-05-25T18:24:00+00:00,1.6227,1.62267,1.62267,1.622705,62
2026-05-25T18:25:00+00:00,1.62267,1.62267,1.62265,1.62269,105
2026-05-25T18:26:00+00:00,1.62267,1.622675,1.62266,1.622685,47
2026-05-25T18:27:00+00:00,1.622685,1.62273,1.62267,1.62274,60
2026-05-25T18:28:00+00:00,1.622725,1.62273,1.62271,1.622735,16
2026-05-25T18:29:00+00:00,1.62273,1.62271,1.622705,1.62273,18
2026-05-25T18:30:00+00:00,1.622705,1.6227,1.622615,1.62271,33
2026-05-25T18:31:00+00:00,1.6227,1.6227,1.62269,1.62272,51
2026-05-25T18:32:00+00:00,1.6227,1.622675,1.62267,1.6227,22
2026-05-25T18:33:00+00:00,1.62268,1.622675,1.62265,1.622685,30
2026-05-25T18:34:00+00:00,1.62268,1.62266,1.62266,1.62268,36
2026-05-25T18:35:00+00:00,1.622665,1.62263,1.62261,1.62268,29
2026-05-25T18:36:00+00:00,1.622625,1.62267,1.622625,1.622695,46
2026-05-25T18:37:00+00:00,1.622675,1.622705,1.622675,1.622705,54
2026-05-25T18:38:00+00:00,1.622705,1.622695,1.62268,1.622705,13
2026-05-25T18:39:00+00:00,1.62269,1.622705,1.62268,1.622705,20
2026-05-25T18:40:00+00:00,1.622705,1.62267,1.62265,1.622705,69
2026-05-25T18:41:00+00:00,1.62267,1.62272,1.62267,1.622735,57
2026-05-25T18:42:00+00:00,1.622715,1.622735,1.62271,1.622755,45
2026-05-25T18:43:00+00:00,1.62273,1.622725,1.6227,1.62275,44
2026-05-25T18:44:00+00:00,1.622725,1.622745,1.62271,1.622765,86
2026-05-25T18:45:00+00:00,1.622745,1.62275,1.62273,1.622755,45
2026-05-25T18:46:00+00:00,1.62275,1.62279,1.622745,1.62279,41
2026-05-25T18:47:00+00:00,1.62279,1.622695,1.62269,1.62279,23
2026-05-25T18:48:00+00:00,1.622695,1.622665,1.62266,1.622695,17
2026-05-25T18:49:00+00:00,1.62267,1.62266,1.622655,1.622675,15
2026-05-25T18:50:00+00:00,1.622655,1.622625,1.62261,1.62268,39
2026-05-25T18:51:00+00:00,1.622625,1.622635,1.62262,1.62266,33
2026-05-25T18:52:00+00:00,1.622635,1.62269,1.622625,1.62269,23
2026-05-25T18:53:00+00:00,1.622685,1.62269,1.62266,1.622705,65
2026-05-25T18:54:00+00:00,1.62269,1.6227,1.622675,1.622735,57
2026-05-25T18:55:00+00:00,1.6227,1.62262,1.62262,1.622705,61
2026-05-25T18:56:00+00:00,1.62262,1.622635,1.62262,1.622645,14
2026-05-25T18:57:00+00:00,1.622635,1.62264,1.622635,1.62269,20
2026-05-25T18:58:00+00:00,1.62264,1.62265,1.622635,1.62266,16
2026-05-25T18:59:00+00:00,1.622655,1.622735,1.62265,1.622785,101
2026-05-25T19:00:00+00:00,1.62274,1.622725,1.62271,1.622765,22
2026-05-25T19:01:00+00:00,1.622725,1.622725,1.62272,1.622745,34
2026-05-25T19:02:00+00:00,1.622725,1.622715,1.62271,1.62273,31
2026-05-25T19:03:00+00:00,1.62272,1.622735,1.62271,1.62275,43
2026-05-25T19:04:00+00:00,1.62274,1.62274,1.62271,1.622745,32
2026-05-25T19:05:00+00:00,1.62273,1.62265,1.62265,1.622735,52
2026-05-25T19:06:00+00:00,1.622655,1.62256,1.622555,1.62267,51
2026-05-25T19:07:00+00:00,1.62256,1.62263,1.622555,1.62264,27
2026-05-25T19:08:00+00:00,1.62263,1.622655,1.622565,1.62266,98
2026-05-25T19:09:00+00:00,1.62264,1.62264,1.622615,1.62265,67
2026-05-25T19:10:00+00:00,1.622635,1.622585,1.622585,1.62264,41
2026-05-25T19:11:00+00:00,1.622585,1.62259,1.622565,1.62261,29
2026-05-25T19:12:00+00:00,1.62259,1.62259,1.622565,1.62262,71
2026-05-25T19:13:00+00:00,1.622595,1.622585,1.62258,1.622595,13
2026-05-25T19:14:00+00:00,1.622585,1.622605,1.62258,1.62262,13
2026-05-25T19:15:00+00:00,1.62261,1.62259,1.62259,1.622615,33
2026-05-25T19:16:00+00:00,1.622585,1.62259,1.622575,1.62259,11
2026-05-25T19:17:00+00:00,1.622585,1.622595,1.62257,1.6226,42
2026-05-25T19:18:00+00:00,1.62259,1.62264,1.62258,1.622645,22
2026-05-25T19:19:00+00:00,1.62264,1.622635,1.622625,1.62264,43
2026-05-25T19:20:00+00:00,1.62263,1.62258,1.62258,1.622645,36
2026-05-25T19:21:00+00:00,1.622585,1.622605,1.622585,1.622625,30
2026-05-25T19:22:00+00:00,1.622605,1.62261,1.622595,1.622635,34
2026-05-25T19:23:00+00:00,1.62261,1.62262,1.62256,1.622625,44
2026-05-25T19:24:00+00:00,1.62262,1.622615,1.62261,1.622635,24
2026-05-25T19:25:00+00:00,1.622605,1.622595,1.62259,1.62262,42
2026-05-25T19:26:00+00:00,1.622595,1.62262,1.62259,1.622625,68
2026-05-25T19:27:00+00:00,1.62262,1.62257,1.62257,1.622625,20
2026-05-25T19:28:00+00:00,1.622565,1.62253,1.622515,1.62257,46
2026-05-25T19:29:00+00:00,1.62253,1.62258,1.62251,1.6226,64
2026-05-25T19:30:00+00:00,1.622575,1.622565,1.622545,1.62258,58
2026-05-25T19:31:00+00:00,1.622565,1.622525,1.622515,1.622565,25
2026-05-25T19:32:00+00:00,1.622525,1.62248,1.622465,1.622525,29
2026-05-25T19:33:00+00:00,1.622485,1.622515,1.622475,1.62252,41
2026-05-25T19:34:00+00:00,1.62251,1.62249,1.62249,1.622535,36
2026-05-25T19:35:00+00:00,1.62249,1.62247,1.622445,1.62252,50
2026-05-25T19:36:00+00:00,1.622465,1.622445,1.62244,1.622495,46
2026-05-25T19:37:00+00:00,1.622445,1.62249,1.622445,1.622515,56
2026-05-25T19:38:00+00:00,1.622495,1.622505,1.622485,1.622505,6
2026-05-25T19:39:00+00:00,1.622485,1.622495,1.62247,1.622505,23
2026-05-25T19:40:00+00:00,1.6225,1.622475,1.62247,1.622505,65
2026-05-25T19:41:00+00:00,1.622475,1.6225,1.62247,1.622535,32
2026-05-25T19:42:00+00:00,1.6225,1.622555,1.622475,1.62257,58
2026-05-25T19:43:00+00:00,1.622535,1.622505,1.62249,1.62258,47
2026-05-25T19:44:00+00:00,1.622505,1.622505,1.622495,1.62252,15
2026-05-25T19:45:00+00:00,1.622505,1.62251,1.622495,1.622525,25
2026-05-25T19:46:00+00:00,1.62251,1.62248,1.62248,1.622525,30
2026-05-25T19:47:00+00:00,1.62248,1.62244,1.62244,1.62248,24
2026-05-25T19:48:00+00:00,1.62244,1.62245,1.62244,1.622455,19
2026-05-25T19:49:00+00:00,1.62245,1.622455,1.622445,1.622455,9
2026-05-25T19:50:00+00:00,1.62246,1.622395,1.62237,1.622465,122
2026-05-25T19:51:00+00:00,1.622395,1.62241,1.622395,1.62243,36
2026-05-25T19:52:00+00:00,1.622405,1.622405,1.622385,1.622415,69
2026-05-25T19:53:00+00:00,1.62241,1.62239,1.622385,1.622435,55
2026-05-25T19:54:00+00:00,1.62239,1.62239,1.62238,1.622395,10
2026-05-25T19:55:00+00:00,1.622385,1.62228,1.622255,1.622385,106
2026-05-25T19:56:00+00:00,1.622285,1.62228,1.622265,1.622305,46
2026-05-25T19:57:00+00:00,1.62228,1.62244,1.622275,1.62248,91
2026-05-25T19:58:00+00:00,1.622435,1.622415,1.62235,1.622435,74
2026-05-25T19:59:00+00:00,1.62242,1.622415,1.6224,1.62244,37
2026-05-25T20:00:00+00:00,1.622405,1.622375,1.622325,1.622415,53
2026-05-25T20:01:00+00:00,1.62237,1.622385,1.62234,1.622405,84
2026-05-25T20:02:00+00:00,1.62238,1.62236,1.62234,1.62239,31
2026-05-25T20:03:00+00:00,1.62237,1.622345,1.622315,1.62237,31
2026-05-25T20:04:00+00:00,1.622345,1.62238,1.622345,1.62238,17
2026-05-25T20:05:00+00:00,1.622375,1.62245,1.62236,1.622455,56
2026-05-25T20:06:00+00:00,1.622445,1.62243,1.62242,1.622445,8
2026-05-25T20:07:00+00:00,1.62243,1.622405,1.62236,1.62244,59
2026-05-25T20:08:00+00:00,1.622405,1.622425,1.622395,1.62243,25
2026-05-25T20:09:00+00:00,1.622415,1.62246,1.622415,1.62247,60
2026-05-25T20:10:00+00:00,1.62246,1.62244,1.62244,1.622465,11
2026-05-25T20:11:00+00:00,1.622445,1.622445,1.62243,1.62246,33
2026-05-25T20:12:00+00:00,1.622445,1.622435,1.62243,1.62245,19
2026-05-25T20:13:00+00:00,1.622435,1.62244,1.622425,1.622445,20
2026-05-25T20:14:00+00:00,1.62244,1.622435,1.62243,1.62245,44
2026-05-25T20:15:00+00:00,1.622435,1.62245,1.622415,1.62245,34
2026-05-25T20:16:00+00:00,1.62245,1.62239,1.622385,1.622465,35
2026-05-25T20:17:00+00:00,1.622395,1.62245,1.622395,1.62246,30
2026-05-25T20:18:00+00:00,1.62245,1.622445,1.62243,1.62249,62
2026-05-25T20:19:00+00:00,1.62244,1.622445,1.62238,1.62245,40
2026-05-25T20:20:00+00:00,1.622445,1.622445,1.62244,1.62246,13
2026-05-25T20:21:00+00:00,1.622445,1.622375,1.622345,1.622445,27
2026-05-25T20:22:00+00:00,1.622375,1.622405,1.622355,1.62242,20
2026-05-25T20:23:00+00:00,1.622405,1.622435,1.622405,1.622465,33
2026-05-25T20:24:00+00:00,1.622435,1.62242,1.6224,1.622435,31
2026-05-25T20:25:00+00:00,1.622425,1.622395,1.622385,1.62243,51
2026-05-25T20:26:00+00:00,1.62239,1.6224,1.62239,1.622405,36
2026-05-25T20:27:00+00:00,1.622405,1.62241,1.622385,1.622425,38
2026-05-25T20:28:00+00:00,1.62241,1.62248,1.62239,1.62248,40
2026-05-25T20:29:00+00:00,1.622475,1.622535,1.62247,1.622535,53
2026-05-25T20:30:00+00:00,1.62254,1.62244,1.62244,1.62255,21
2026-05-25T20:31:00+00:00,1.622445,1.622505,1.62243,1.622505,27
2026-05-25T20:32:00+00:00,1.622505,1.622465,1.622465,1.622505,8
2026-05-25T20:33:00+00:00,1.622465,1.62248,1.62245,1.62249,30
2026-05-25T20:34:00+00:00,1.62248,1.622475,1.62246,1.6225,34
2026-05-25T20:35:00+00:00,1.622475,1.62237,1.62237,1.62249,52
2026-05-25T20:36:00+00:00,1.62237,1.62242,1.62237,1.622425,12
2026-05-25T20:37:00+00:00,1.62242,1.622565,1.62242,1.622565,24
2026-05-25T20:38:00+00:00,1.622565,1.62258,1.622565,1.62267,90
2026-05-25T20:39:00+00:00,1.62258,1.622645,1.62254,1.62267,85
2026-05-25T20:40:00+00:00,1.62263,1.62271,1.62262,1.62279,75
2026-05-25T20:41:00+00:00,1.62271,1.622525,1.62252,1.622715,41
2026-05-25T20:42:00+00:00,1.62254,1.622605,1.62254,1.62261,44
2026-05-25T20:43:00+00:00,1.62261,1.62263,1.62261,1.622645,46
2026-05-25T20:44:00+00:00,1.622635,1.622705,1.622615,1.62271,118
2026-05-25T20:45:00+00:00,1.622695,1.622605,1.622605,1.622695,37
2026-05-25T20:46:00+00:00,1.62261,1.622635,1.622585,1.622645,27
2026-05-25T20:47:00+00:00,1.622645,1.62258,1.62257,1.622655,78
2026-05-25T20:48:00+00:00,1.622585,1.622655,1.622575,1.62267,160
2026-05-25T20:49:00+00:00,1.622665,1.622755,1.622635,1.622765,177
2026-05-25T20:50:00+00:00,1.622745,1.62267,1.622605,1.62276,94
2026-05-25T20:51:00+00:00,1.622665,1.62277,1.622665,1.62277,90
2026-05-25T20:52:00+00:00,1.62277,1.62269,1.62268,1.62277,33
2026-05-25T20:53:00+00:00,1.6227,1.622705,1.62269,1.62273,71
2026-05-25T20:54:00+00:00,1.62272,1.622715,1.62269,1.622745,33
2026-05-25T20:55:00+00:00,1.622705,1.62265,1.62265,1.622715,67
2026-05-25T20:56:00+00:00,1.62267,1.62266,1.62262,1.62267,111
2026-05-25T20:57:00+00:00,1.62266,1.622645,1.622645,1.62269,31
2026-05-25T20:58:00+00:00,1.622655,1.62267,1.62262,1.62267,104
2026-05-25T20:59:00+00:00,1.622675,1.6234,1.62265,1.6234,212
2026-05-25T21:00:00+00:00,1.623415,1.62343,1.623365,1.623585,9
2026-05-25T21:01:00+00:00,1.62343,1.62336,1.62336,1.62344,2
2026-05-25T21:02:00+00:00,1.62336,1.62306,1.62306,1.62336,1
2026-05-25T21:03:00+00:00,1.62306,1.62294,1.62294,1.62306,3
2026-05-25T21:04:00+00:00,1.62294,1.623125,1.62294,1.623125,3
2026-05-25T21:05:00+00:00,1.623085,1.62297,1.622915,1.62313,2962
2026-05-25T21:06:00+00:00,1.62297,1.622915,1.622915,1.623155,276
2026-05-25T21:07:00+00:00,1.622915,1.62296,1.622915,1.62296,9
2026-05-25T21:08:00+00:00,1.62296,1.622865,1.62262,1.62296,7
2026-05-25T21:09:00+00:00,1.622865,1.62315,1.622645,1.623155,16
2026-05-25T21:10:00+00:00,1.62315,1.62314,1.623125,1.623185,17
2026-05-25T21:11:00+00:00,1.62314,1.623125,1.623115,1.62314,9
2026-05-25T21:12:00+00:00,1.623125,1.62315,1.62312,1.623155,21
2026-05-25T21:13:00+00:00,1.62315,1.62321,1.623125,1.623215,31
2026-05-25T21:14:00+00:00,1.62321,1.623155,1.623155,1.623215,27
2026-05-25T21:15:00+00:00,1.62315,1.62314,1.623135,1.623165,47
2026-05-25T21:16:00+00:00,1.62314,1.62309,1.62309,1.623145,22
2026-05-25T21:17:00+00:00,1.62309,1.623065,1.623035,1.623125,4
2026-05-25T21:18:00+00:00,1.623065,1.62314,1.623065,1.62315,56
2026-05-25T21:19:00+00:00,1.62314,1.62314,1.62312,1.62315,47
2026-05-25T21:20:00+00:00,1.62314,1.622865,1.62282,1.62314,13
2026-05-25T21:21:00+00:00,1.622965,1.623,1.622945,1.623105,20
2026-05-25T21:22:00+00:00,1.623005,1.623205,1.622995,1.62321,17
2026-05-25T21:23:00+00:00,1.623205,1.623215,1.62301,1.623215,4
2026-05-25T21:24:00+00:00,1.623215,1.623085,1.622875,1.623215,12
2026-05-25T21:25:00+00:00,1.623085,1.62295,1.62295,1.623085,1
2026-05-25T21:26:00+00:00,1.62291,1.623055,1.622765,1.623055,3
2026-05-25T21:27:00+00:00,1.623055,1.62279,1.62269,1.6232,37
2026-05-25T21:28:00+00:00,1.62279,1.623055,1.622675,1.623055,15
2026-05-25T21:29:00+00:00,1.623055,1.6231,1.62288,1.6231,8
2026-05-25T21:30:00+00:00,1.6231,1.623095,1.622945,1.62326,13
2026-05-25T21:31:00+00:00,1.623095,1.623045,1.623045,1.62313,3
2026-05-25T21:32:00+00:00,1.623045,1.623045,1.623045,1.62305,2
2026-05-25T21:33:00+00:00,1.623045,1.62332,1.623015,1.62339,16
2026-05-25T21:34:00+00:00,1.62332,1.62333,1.623295,1.623445,15
2026-05-25T21:35:00+00:00,1.62344,1.62331,1.62328,1.62344,26
2026-05-25T21:36:00+00:00,1.62331,1.62329,1.623265,1.623375,38
2026-05-25T21:37:00+00:00,1.623295,1.623235,1.623235,1.62337,11
2026-05-25T21:38:00+00:00,1.623235,1.62349,1.623205,1.62358,30
2026-05-25T21:39:00+00:00,1.62349,1.623415,1.62332,1.623715,65
2026-05-25T21:40:00+00:00,1.623395,1.623135,1.623105,1.623395,55
2026-05-25T21:41:00+00:00,1.62313,1.62314,1.62311,1.62321,29
2026-05-25T21:42:00+00:00,1.62314,1.623095,1.623045,1.623145,22
2026-05-25T21:43:00+00:00,1.623095,1.623,1.622755,1.62314,84
2026-05-25T21:44:00+00:00,1.623,1.62323,1.622965,1.623275,62
2026-05-25T21:45:00+00:00,1.62325,1.622945,1.622895,1.62332,162
2026-05-25T21:46:00+00:00,1.623025,1.622965,1.6229,1.623045,61
2026-05-25T21:47:00+00:00,1.622955,1.622865,1.62286,1.623065,47
2026-05-25T21:48:00+00:00,1.62286,1.622855,1.62282,1.622945,43
2026-05-25T21:49:00+00:00,1.62291,1.622885,1.622725,1.622975,77
2026-05-25T21:50:00+00:00,1.622885,1.622745,1.622685,1.623085,36
2026-05-25T21:51:00+00:00,1.62273,1.622785,1.6227,1.62292,19
2026-05-25T21:52:00+00:00,1.622795,1.622745,1.62271,1.622795,16
2026-05-25T21:53:00+00:00,1.622745,1.62273,1.6227,1.622895,14
2026-05-25T21:54:00+00:00,1.62273,1.622925,1.62272,1.622955,18
2026-05-25T21:55:00+00:00,1.622925,1.623005,1.622925,1.623065,16
2026-05-25T21:56:00+00:00,1.623005,1.623065,1.622545,1.623065,80
2026-05-25T21:57:00+00:00,1.623065,1.62306,1.622925,1.62314,19
2026-05-25T21:58:00+00:00,1.623065,1.62309,1.623065,1.62313,7
2026-05-25T21:59:00+00:00,1.62309,1.62324,1.62309,1.623605,60
2026-05-25T22:00:00+00:00,1.623305,1.62291,1.622605,1.623315,184
2026-05-25T22:01:00+00:00,1.622905,1.623035,1.62287,1.62304,59
2026-05-25T22:02:00+00:00,1.62303,1.622905,1.622815,1.62303,47
2026-05-25T22:03:00+00:00,1.6229,1.622765,1.622715,1.6229,30
2026-05-25T22:04:00+00:00,1.622725,1.622745,1.622685,1.62287,82
2026-05-25T22:05:00+00:00,1.62275,1.6227,1.622675,1.622775,37
2026-05-25T22:06:00+00:00,1.6227,1.62277,1.62263,1.62279,39
2026-05-25T22:07:00+00:00,1.622765,1.622595,1.622485,1.622795,94
2026-05-25T22:08:00+00:00,1.62261,1.62259,1.622455,1.62263,105
2026-05-25T22:09:00+00:00,1.62259,1.62284,1.62259,1.622855,60
2026-05-25T22:10:00+00:00,1.622845,1.62282,1.62282,1.622855,19
2026-05-25T22:11:00+00:00,1.62282,1.622825,1.622625,1.623045,125
2026-05-25T22:12:00+00:00,1.622825,1.6228,1.622725,1.622825,36
2026-05-25T22:13:00+00:00,1.6228,1.622755,1.622755,1.622845,34
2026-05-25T22:14:00+00:00,1.622755,1.622755,1.622725,1.6229,41
2026-05-25T22:15:00+00:00,1.62276,1.62275,1.622725,1.62276,19
2026-05-25T22:16:00+00:00,1.62275,1.622875,1.62275,1.6229,55
2026-05-25T22:17:00+00:00,1.62288,1.623,1.62288,1.62314,81
2026-05-25T22:18:00+00:00,1.623005,1.62293,1.62291,1.623015,21
2026-05-25T22:19:00+00:00,1.622925,1.622925,1.62292,1.62293,9
2026-05-25T22:20:00+00:00,1.622925,1.622915,1.62291,1.622935,38
2026-05-25T22:21:00+00:00,1.62292,1.62293,1.62277,1.62293,44
2026-05-25T22:22:00+00:00,1.62293,1.62284,1.62284,1.62293,30
2026-05-25T22:23:00+00:00,1.62284,1.622745,1.622725,1.622855,59
2026-05-25T22:24:00+00:00,1.62274,1.62274,1.62273,1.622745,25
2026-05-25T22:25:00+00:00,1.622745,1.622785,1.62274,1.622795,16
2026-05-25T22:26:00+00:00,1.622785,1.62277,1.62274,1.622785,17
2026-05-25T22:27:00+00:00,1.62277,1.622865,1.62275,1.622865,22
2026-05-25T22:28:00+00:00,1.62287,1.62285,1.622805,1.622875,27
2026-05-25T22:29:00+00:00,1.62285,1.622765,1.62274,1.62285,30
2026-05-25T22:30:00+00:00,1.622775,1.622775,1.62275,1.622885,103
2026-05-25T22:31:00+00:00,1.62276,1.622895,1.62276,1.62296,90
2026-05-25T22:32:00+00:00,1.6229,1.622775,1.62275,1.622905,60
2026-05-25T22:33:00+00:00,1.622775,1.622725,1.62271,1.622805,64
2026-05-25T22:34:00+00:00,1.62272,1.62266,1.622655,1.62275,80
2026-05-25T22:35:00+00:00,1.62267,1.622745,1.62266,1.62276,72
2026-05-25T22:36:00+00:00,1.62274,1.62284,1.622725,1.622875,96
2026-05-25T22:37:00+00:00,1.62284,1.622825,1.622805,1.62284,33
2026-05-25T22:38:00+00:00,1.622825,1.62291,1.62282,1.62291,53
2026-05-25T22:39:00+00:00,1.622905,1.62291,1.62289,1.622915,35
2026-05-25T22:40:00+00:00,1.62291,1.62294,1.62291,1.62302,83
2026-05-25T22:41:00+00:00,1.622935,1.622935,1.62292,1.62298,87
2026-05-25T22:42:00+00:00,1.622935,1.622895,1.62287,1.622955,70
2026-05-25T22:43:00+00:00,1.622895,1.622895,1.62289,1.62292,33
2026-05-25T22:44:00+00:00,1.6229,1.622895,1.62288,1.62291,40
2026-05-25T22:45:00+00:00,1.6229,1.622915,1.622885,1.622915,28
2026-05-25T22:46:00+00:00,1.622915,1.622755,1.62274,1.622915,41
2026-05-25T22:47:00+00:00,1.622755,1.622755,1.62273,1.62281,97
2026-05-25T22:48:00+00:00,1.622755,1.62278,1.622745,1.622815,61
2026-05-25T22:49:00+00:00,1.62278,1.62269,1.622665,1.62278,46
2026-05-25T22:50:00+00:00,1.62268,1.622675,1.622665,1.6227,75
2026-05-25T22:51:00+00:00,1.622675,1.62263,1.62258,1.622685,76
2026-05-25T22:52:00+00:00,1.62263,1.62266,1.622625,1.62267,29
2026-05-25T22:53:00+00:00,1.62266,1.62267,1.62266,1.622675,25
2026-05-25T22:54:00+00:00,1.62267,1.622615,1.622605,1.62268,32
2026-05-25T22:55:00+00:00,1.62262,1.622705,1.62259,1.622725,93
2026-05-25T22:56:00+00:00,1.622705,1.622655,1.62264,1.622735,132
2026-05-25T22:57:00+00:00,1.62265,1.62265,1.6226,1.62267,61
2026-05-25T22:58:00+00:00,1.622645,1.62268,1.62263,1.622715,82
2026-05-25T22:59:00+00:00,1.62269,1.622705,1.62267,1.622725,77
2026-05-25T23:00:00+00:00,1.622705,1.622625,1.622605,1.622725,137
2026-05-25T23:01:00+00:00,1.62263,1.62265,1.622605,1.6227,189
2026-05-25T23:02:00+00:00,1.622645,1.622575,1.62255,1.62265,122
2026-05-25T23:03:00+00:00,1.62259,1.62259,1.62258,1.622615,40
2026-05-25T23:04:00+00:00,1.62259,1.622585,1.62254,1.622615,37
2026-05-25T23:05:00+00:00,1.622585,1.6225,1.622475,1.622605,53
2026-05-25T23:06:00+00:00,1.6225,1.62264,1.62241,1.62264,65
2026-05-25T23:07:00+00:00,1.622645,1.622745,1.622645,1.622745,54
2026-05-25T23:08:00+00:00,1.622755,1.62264,1.622635,1.622755,56
2026-05-25T23:09:00+00:00,1.62264,1.622685,1.622615,1.62271,81
2026-05-25T23:10:00+00:00,1.622695,1.622665,1.622635,1.622725,67
2026-05-25T23:11:00+00:00,1.62267,1.62271,1.62264,1.62271,59
2026-05-25T23:12:00+00:00,1.62271,1.62278,1.622695,1.622795,43
2026-05-25T23:13:00+00:00,1.622775,1.62278,1.622725,1.622795,50
2026-05-25T23:14:00+00:00,1.62279,1.62275,1.62273,1.6228,101
2026-05-25T23:15:00+00:00,1.62276,1.62276,1.622745,1.62279,47
2026-05-25T23:16:00+00:00,1.62276,1.622745,1.622745,1.62278,45
2026-05-25T23:17:00+00:00,1.622745,1.62277,1.622695,1.62277,68
2026-05-25T23:18:00+00:00,1.622765,1.622695,1.62267,1.62277,62
2026-05-25T23:19:00+00:00,1.622695,1.622705,1.62264,1.622745,80
2026-05-25T23:20:00+00:00,1.622685,1.622725,1.622575,1.62273,74
2026-05-25T23:21:00+00:00,1.62272,1.622675,1.62266,1.62274,59
2026-05-25T23:22:00+00:00,1.622675,1.622675,1.622655,1.6227,83
2026-05-25T23:23:00+00:00,1.622685,1.622615,1.622575,1.622705,73
2026-05-25T23:24:00+00:00,1.622615,1.62271,1.62253,1.62278,179
2026-05-25T23:25:00+00:00,1.62271,1.62262,1.622595,1.62271,56
2026-05-25T23:26:00+00:00,1.62262,1.62263,1.62262,1.622695,67
2026-05-25T23:27:00+00:00,1.622645,1.62267,1.62259,1.62269,79
2026-05-25T23:28:00+00:00,1.62267,1.62273,1.62265,1.622745,80
2026-05-25T23:29:00+00:00,1.62273,1.622765,1.62273,1.622775,38
2026-05-25T23:30:00+00:00,1.62275,1.622755,1.62271,1.622775,77
2026-05-25T23:31:00+00:00,1.622755,1.62283,1.622725,1.62285,76
2026-05-25T23:32:00+00:00,1.62284,1.62293,1.62282,1.62293,53
2026-05-25T23:33:00+00:00,1.62293,1.62301,1.62291,1.623025,79
2026-05-25T23:34:00+00:00,1.62301,1.622965,1.622945,1.623025,59
2026-05-25T23:35:00+00:00,1.622965,1.62299,1.62293,1.622995,46
2026-05-25T23:36:00+00:00,1.622985,1.62298,1.622885,1.623015,71
2026-05-25T23:37:00+00:00,1.62298,1.623115,1.62298,1.62314,144
2026-05-25T23:38:00+00:00,1.623105,1.623085,1.62302,1.623115,101
2026-05-25T23:39:00+00:00,1.62309,1.623195,1.623085,1.62323,75
2026-05-25T23:40:00+00:00,1.62319,1.623135,1.623065,1.623195,96
2026-05-25T23:41:00+00:00,1.62314,1.62314,1.6231,1.623165,86
2026-05-25T23:42:00+00:00,1.623135,1.62302,1.623015,1.623185,116
2026-05-25T23:43:00+00:00,1.623015,1.62297,1.62296,1.623025,63
2026-05-25T23:44:00+00:00,1.62298,1.62296,1.62295,1.623065,123
2026-05-25T23:45:00+00:00,1.62296,1.62284,1.62281,1.62303,304
2026-05-25T23:46:00+00:00,1.62285,1.62286,1.622815,1.622945,205
2026-05-25T23:47:00+00:00,1.622855,1.623065,1.622855,1.623115,186
2026-05-25T23:48:00+00:00,1.623065,1.623165,1.623065,1.62329,263
2026-05-25T23:49:00+00:00,1.62317,1.62308,1.62307,1.623205,81
2026-05-25T23:50:00+00:00,1.62307,1.623135,1.623005,1.623145,191
2026-05-25T23:51:00+00:00,1.623135,1.623175,1.623005,1.623185,195
2026-05-25T23:52:00+00:00,1.62318,1.623085,1.623075,1.623235,103
2026-05-25T23:53:00+00:00,1.62308,1.62316,1.623055,1.62316,97
2026-05-25T23:54:00+00:00,1.623175,1.6231,1.623085,1.623185,93
2026-05-25T23:55:00+00:00,1.623105,1.623165,1.623085,1.62317,68
2026-05-25T23:56:00+00:00,1.623175,1.62317,1.623105,1.62323,149
2026-05-25T23:57:00+00:00,1.623175,1.62306,1.62306,1.62322,134
2026-05-25T23:58:00+00:00,1.623055,1.62323,1.623045,1.62324,137
2026-05-25T23:59:00+00:00,1.623235,1.623285,1.62318,1.62335,184
2026-05-26T00:00:00+00:00,1.623285,1.623555,1.623225,1.62356,851
2026-05-26T00:01:00+00:00,1.62355,1.623665,1.623385,1.62372,670
2026-05-26T00:02:00+00:00,1.62368,1.623595,1.6235,1.62368,583
2026-05-26T00:03:00+00:00,1.62359,1.623805,1.623535,1.623805,415
2026-05-26T00:04:00+00:00,1.62381,1.62377,1.623715,1.623845,332
2026-05-26T00:05:00+00:00,1.623775,1.6238,1.623675,1.62381,316
2026-05-26T00:06:00+00:00,1.62381,1.62377,1.62368,1.62381,373
2026-05-26T00:07:00+00:00,1.623775,1.62368,1.62365,1.623785,272
2026-05-26T00:08:00+00:00,1.623675,1.623595,1.62358,1.62369,429
2026-05-26T00:09:00+00:00,1.6236,1.6237,1.6236,1.623745,332
2026-05-26T00:10:00+00:00,1.62369,1.623605,1.62353,1.62371,411
2026-05-26T00:11:00+00:00,1.62361,1.623375,1.62336,1.62367,371
2026-05-26T00:12:00+00:00,1.62337,1.623275,1.623215,1.623425,292
2026-05-26T00:13:00+00:00,1.623275,1.62334,1.623265,1.62342,211
2026-05-26T00:14:00+00:00,1.623345,1.623475,1.62329,1.623505,277
2026-05-26T00:15:00+00:00,1.623485,1.623455,1.623395,1.62353,296
2026-05-26T00:16:00+00:00,1.623465,1.623615,1.62345,1.623685,291
2026-05-26T00:17:00+00:00,1.62362,1.62377,1.623565,1.623775,285
2026-05-26T00:18:00+00:00,1.62376,1.623825,1.62368,1.623825,308
2026-05-26T00:19:00+00:00,1.62382,1.62383,1.6238,1.62401,351
2026-05-26T00:20:00+00:00,1.623825,1.623705,1.623625,1.623845,463
2026-05-26T00:21:00+00:00,1.623725,1.623635,1.623595,1.623725,221
2026-05-26T00:22:00+00:00,1.623625,1.62372,1.62361,1.623775,339
2026-05-26T00:23:00+00:00,1.62373,1.62368,1.623645,1.623735,245
2026-05-26T00:24:00+00:00,1.62367,1.623625,1.623565,1.62368,267
2026-05-26T00:25:00+00:00,1.62362,1.62357,1.62353,1.623625,285
2026-05-26T00:26:00+00:00,1.62357,1.62344,1.62343,1.62357,367
2026-05-26T00:27:00+00:00,1.623435,1.623425,1.623385,1.623495,256
2026-05-26T00:28:00+00:00,1.623415,1.623275,1.623235,1.623415,230
2026-05-26T00:29:00+00:00,1.62327,1.623325,1.623265,1.623355,246
2026-05-26T00:30:00+00:00,1.62332,1.623205,1.623155,1.62334,302
2026-05-26T00:31:00+00:00,1.6232,1.62299,1.622965,1.6232,279
2026-05-26T00:32:00+00:00,1.622995,1.62301,1.622965,1.623085,264
2026-05-26T00:33:00+00:00,1.623015,1.62315,1.622965,1.62319,239
2026-05-26T00:34:00+00:00,1.62316,1.623165,1.62314,1.623255,241
2026-05-26T00:35:00+00:00,1.62316,1.623125,1.623045,1.62322,177
2026-05-26T00:36:00+00:00,1.623105,1.62296,1.62295,1.623105,159
2026-05-26T00:37:00+00:00,1.62299,1.623125,1.62299,1.623155,204
2026-05-26T00:38:00+00:00,1.62313,1.623215,1.62308,1.62323,143
2026-05-26T00:39:00+00:00,1.623215,1.623225,1.62317,1.623245,166
2026-05-26T00:40:00+00:00,1.62322,1.6234,1.62322,1.623425,211
2026-05-26T00:41:00+00:00,1.623385,1.62341,1.623205,1.62343,214
2026-05-26T00:42:00+00:00,1.6234,1.623195,1.62316,1.6234,252
2026-05-26T00:43:00+00:00,1.62319,1.623265,1.62318,1.62335,216
2026-05-26T00:44:00+00:00,1.623255,1.623315,1.623185,1.623335,179
2026-05-26T00:45:00+00:00,1.623305,1.62336,1.623305,1.623425,191
2026-05-26T00:46:00+00:00,1.623375,1.62325,1.623205,1.623415,251
2026-05-26T00:47:00+00:00,1.62324,1.62339,1.62322,1.623455,244
2026-05-26T00:48:00+00:00,1.6234,1.623395,1.62336,1.623445,275
2026-05-26T00:49:00+00:00,1.62341,1.623525,1.62339,1.623615,232
2026-05-26T00:50:00+00:00,1.62352,1.62344,1.623415,1.62354,212
2026-05-26T00:51:00+00:00,1.623435,1.6236,1.623355,1.6236,206
2026-05-26T00:52:00+00:00,1.623605,1.623675,1.62356,1.6237,151
2026-05-26T00:53:00+00:00,1.623675,1.62357,1.62355,1.623675,140
2026-05-26T00:54:00+00:00,1.623575,1.623775,1.623575,1.6238,227
2026-05-26T00:55:00+00:00,1.62378,1.623545,1.623515,1.62378,290
2026-05-26T00:56:00+00:00,1.62354,1.623495,1.623475,1.623595,155
2026-05-26T00:57:00+00:00,1.623515,1.623445,1.623385,1.62352,164
2026-05-26T00:58:00+00:00,1.62344,1.623255,1.623245,1.623445,196
2026-05-26T00:59:00+00:00,1.623245,1.62318,1.623165,1.623285,227
2026-05-26T01:00:00+00:00,1.623175,1.623225,1.623125,1.6233,438
2026-05-26T01:01:00+00:00,1.62322,1.62302,1.623005,1.623265,343
2026-05-26T01:02:00+00:00,1.623015,1.623195,1.62294,1.623205,324
2026-05-26T01:03:00+00:00,1.62319,1.623265,1.62317,1.623305,250
2026-05-26T01:04:00+00:00,1.62326,1.623275,1.623115,1.623295,277
2026-05-26T01:05:00+00:00,1.62327,1.623145,1.62308,1.623285,311
2026-05-26T01:06:00+00:00,1.623155,1.62339,1.62312,1.62344,333
2026-05-26T01:07:00+00:00,1.6234,1.62372,1.623395,1.62375,350
2026-05-26T01:08:00+00:00,1.623725,1.623625,1.6236,1.623745,298
2026-05-26T01:09:00+00:00,1.62363,1.623765,1.62361,1.62397,331
2026-05-26T01:10:00+00:00,1.62377,1.6239,1.623755,1.623945,367
2026-05-26T01:11:00+00:00,1.623905,1.62392,1.62381,1.623945,262
2026-05-26T01:12:00+00:00,1.62393,1.6237,1.623695,1.623935,312
2026-05-26T01:13:00+00:00,1.623695,1.623645,1.623535,1.6237,385
2026-05-26T01:14:00+00:00,1.62365,1.62366,1.623605,1.62375,335
2026-05-26T01:15:00+00:00,1.623665,1.62369,1.623535,1.623725,423
2026-05-26T01:16:00+00:00,1.62368,1.62371,1.623565,1.62371,310
2026-05-26T01:17:00+00:00,1.623705,1.623685,1.6236,1.623715,278
2026-05-26T01:18:00+00:00,1.62369,1.623935,1.623675,1.623945,305
2026-05-26T01:19:00+00:00,1.623925,1.6238,1.62376,1.623925,279
2026-05-26T01:20:00+00:00,1.623795,1.623965,1.62375,1.62403,372
2026-05-26T01:21:00+00:00,1.62396,1.62392,1.6239,1.62419,524
2026-05-26T01:22:00+00:00,1.62391,1.623635,1.62363,1.623925,439
2026-05-26T01:23:00+00:00,1.62364,1.623495,1.62348,1.62373,445
2026-05-26T01:24:00+00:00,1.623485,1.62333,1.623285,1.623545,439
2026-05-26T01:25:00+00:00,1.623335,1.62322,1.623135,1.623525,348
2026-05-26T01:26:00+00:00,1.62323,1.62332,1.623195,1.623345,334
2026-05-26T01:27:00+00:00,1.62333,1.623205,1.6232,1.62334,263
2026-05-26T01:28:00+00:00,1.62321,1.623335,1.62319,1.62334,264
2026-05-26T01:29:00+00:00,1.623325,1.623365,1.62326,1.62352,310
2026-05-26T01:30:00+00:00,1.623355,1.62327,1.623225,1.62342,588
2026-05-26T01:31:00+00:00,1.62326,1.623475,1.623205,1.623535,534
2026-05-26T01:32:00+00:00,1.62348,1.623425,1.623425,1.62355,408
2026-05-26T01:33:00+00:00,1.623435,1.62343,1.62334,1.62347,339
2026-05-26T01:34:00+00:00,1.623425,1.62339,1.62331,1.62349,491
2026-05-26T01:35:00+00:00,1.6234,1.62343,1.623375,1.62348,511
2026-05-26T01:36:00+00:00,1.623425,1.623595,1.62331,1.623615,372
2026-05-26T01:37:00+00:00,1.62359,1.62344,1.62339,1.623625,306
2026-05-26T01:38:00+00:00,1.62345,1.62353,1.623345,1.62357,340
2026-05-26T01:39:00+00:00,1.623525,1.62387,1.62344,1.623945,457
2026-05-26T01:40:00+00:00,1.62388,1.623755,1.623725,1.62392,448
2026-05-26T01:41:00+00:00,1.623745,1.623875,1.62371,1.62394,353
2026-05-26T01:42:00+00:00,1.62388,1.62391,1.62384,1.62402,401
2026-05-26T01:43:00+00:00,1.623905,1.62378,1.62371,1.62398,345
2026-05-26T01:44:00+00:00,1.623785,1.62367,1.62363,1.6238,244
2026-05-26T01:45:00+00:00,1.623655,1.623705,1.623535,1.62372,313
2026-05-26T01:46:00+00:00,1.623695,1.62361,1.6236,1.62375,215
2026-05-26T01:47:00+00:00,1.623605,1.623605,1.623465,1.623655,267
2026-05-26T01:48:00+00:00,1.6236,1.623675,1.62359,1.62378,288
2026-05-26T01:49:00+00:00,1.623685,1.623415,1.62328,1.62369,300
2026-05-26T01:50:00+00:00,1.623405,1.62346,1.623385,1.623485,243
2026-05-26T01:51:00+00:00,1.623465,1.6236,1.62341,1.623635,211
2026-05-26T01:52:00+00:00,1.623595,1.62372,1.62356,1.62375,352
2026-05-26T01:53:00+00:00,1.62371,1.623725,1.623655,1.62378,386
2026-05-26T01:54:00+00:00,1.62372,1.623635,1.62361,1.623735,387
2026-05-26T01:55:00+00:00,1.62364,1.623425,1.623395,1.62364,358
2026-05-26T01:56:00+00:00,1.62343,1.62329,1.623165,1.623455,332
2026-05-26T01:57:00+00:00,1.623295,1.62338,1.62326,1.62347,340
2026-05-26T01:58:00+00:00,1.623385,1.62338,1.623305,1.623415,341
2026-05-26T01:59:00+00:00,1.623385,1.623665,1.62335,1.62368,356
2026-05-26T02:00:00+00:00,1.623675,1.623725,1.62365,1.623845,352
2026-05-26T02:01:00+00:00,1.62371,1.62365,1.62354,1.623715,301
2026-05-26T02:02:00+00:00,1.623655,1.623655,1.623635,1.62375,346
2026-05-26T02:03:00+00:00,1.62366,1.62364,1.623535,1.62371,290
2026-05-26T02:04:00+00:00,1.623635,1.623755,1.62359,1.623785,174
2026-05-26T02:05:00+00:00,1.62376,1.62355,1.623545,1.623775,363
2026-05-26T02:06:00+00:00,1.623545,1.623415,1.623395,1.623635,291
2026-05-26T02:07:00+00:00,1.623425,1.623505,1.62337,1.623535,284
2026-05-26T02:08:00+00:00,1.6235,1.623535,1.62349,1.623585,145
2026-05-26T02:09:00+00:00,1.62354,1.62361,1.623465,1.62362,236
2026-05-26T02:10:00+00:00,1.623605,1.62364,1.62358,1.623695,305
2026-05-26T02:11:00+00:00,1.623645,1.62367,1.62361,1.6237,187
2026-05-26T02:12:00+00:00,1.623675,1.62363,1.623605,1.62372,286
2026-05-26T02:13:00+00:00,1.623635,1.623715,1.623635,1.623745,245
2026-05-26T02:14:00+00:00,1.62372,1.623755,1.623685,1.62379,197
2026-05-26T02:15:00+00:00,1.62376,1.623615,1.623605,1.623775,216
2026-05-26T02:16:00+00:00,1.62361,1.62356,1.62354,1.62364,208
2026-05-26T02:17:00+00:00,1.62356,1.623655,1.62354,1.623725,177
2026-05-26T02:18:00+00:00,1.62367,1.623725,1.62367,1.62382,207
2026-05-26T02:19:00+00:00,1.62371,1.62359,1.623565,1.62372,156
2026-05-26T02:20:00+00:00,1.623595,1.623615,1.623565,1.623645,234
2026-05-26T02:21:00+00:00,1.62362,1.623505,1.6235,1.62364,259
2026-05-26T02:22:00+00:00,1.62351,1.623615,1.62347,1.623655,259
2026-05-26T02:23:00+00:00,1.62361,1.62368,1.623595,1.623715,183
2026-05-26T02:24:00+00:00,1.623675,1.62372,1.623665,1.62373,155
2026-05-26T02:25:00+00:00,1.62373,1.62361,1.623515,1.623775,153
2026-05-26T02:26:00+00:00,1.62362,1.62344,1.62342,1.62362,136
2026-05-26T02:27:00+00:00,1.62343,1.62331,1.62328,1.623445,145
2026-05-26T02:28:00+00:00,1.62331,1.62334,1.62327,1.62335,124
2026-05-26T02:29:00+00:00,1.62335,1.62339,1.623295,1.623435,202
2026-05-26T02:30:00+00:00,1.62338,1.623285,1.62328,1.6234,164
2026-05-26T02:31:00+00:00,1.62329,1.62335,1.62326,1.62337,173
2026-05-26T02:32:00+00:00,1.623345,1.62338,1.62334,1.62342,157
2026-05-26T02:33:00+00:00,1.62338,1.62346,1.62338,1.62346,163
2026-05-26T02:34:00+00:00,1.62347,1.62336,1.623355,1.62347,128
2026-05-26T02:35:00+00:00,1.623365,1.62347,1.623325,1.623495,238
2026-05-26T02:36:00+00:00,1.62346,1.623575,1.62346,1.6236,139
2026-05-26T02:37:00+00:00,1.62357,1.623585,1.6235,1.62368,340
2026-05-26T02:38:00+00:00,1.62358,1.62354,1.62347,1.62359,190
2026-05-26T02:39:00+00:00,1.623545,1.623665,1.623545,1.6237,177
2026-05-26T02:40:00+00:00,1.62367,1.623705,1.623605,1.623715,145
2026-05-26T02:41:00+00:00,1.62371,1.623935,1.62371,1.623955,185
2026-05-26T02:42:00+00:00,1.62394,1.623805,1.6238,1.623955,170
2026-05-26T02:43:00+00:00,1.6238,1.62391,1.62379,1.62393,232
2026-05-26T02:44:00+00:00,1.623905,1.623965,1.623895,1.623975,176
2026-05-26T02:45:00+00:00,1.623965,1.62393,1.6239,1.62397,169
2026-05-26T02:46:00+00:00,1.623925,1.62371,1.623695,1.623955,260
2026-05-26T02:47:00+00:00,1.623705,1.62367,1.623635,1.623745,206
2026-05-26T02:48:00+00:00,1.62368,1.62369,1.62365,1.62372,146
2026-05-26T02:49:00+00:00,1.623685,1.62366,1.62364,1.62374,174
2026-05-26T02:50:00+00:00,1.623655,1.62367,1.623645,1.62379,211
2026-05-26T02:51:00+00:00,1.623665,1.62367,1.623585,1.623685,184
2026-05-26T02:52:00+00:00,1.623665,1.62389,1.62363,1.62395,257
2026-05-26T02:53:00+00:00,1.623885,1.623735,1.623715,1.62391,237
2026-05-26T02:54:00+00:00,1.62374,1.62379,1.62373,1.62384,246
2026-05-26T02:55:00+00:00,1.623785,1.623405,1.62339,1.623785,207
2026-05-26T02:56:00+00:00,1.623405,1.623455,1.623375,1.623455,153
2026-05-26T02:57:00+00:00,1.623455,1.62351,1.62341,1.623525,163
2026-05-26T02:58:00+00:00,1.62351,1.623405,1.62338,1.623515,127
2026-05-26T02:59:00+00:00,1.6234,1.62352,1.62339,1.62352,208
2026-05-26T03:00:00+00:00,1.623505,1.62351,1.62347,1.62357,178
2026-05-26T03:01:00+00:00,1.62352,1.623375,1.62331,1.623575,219
2026-05-26T03:02:00+00:00,1.623375,1.623345,1.62331,1.623385,112
2026-05-26T03:03:00+00:00,1.62334,1.623295,1.62326,1.62335,149
2026-05-26T03:04:00+00:00,1.623295,1.62334,1.623285,1.623345,142
2026-05-26T03:05:00+00:00,1.623335,1.6231,1.623075,1.623375,208
2026-05-26T03:06:00+00:00,1.623105,1.62302,1.623015,1.623135,237
2026-05-26T03:07:00+00:00,1.62302,1.622905,1.6229,1.62302,141
2026-05-26T03:08:00+00:00,1.622915,1.622835,1.622825,1.62295,139
2026-05-26T03:09:00+00:00,1.622835,1.62283,1.62269,1.622835,193
2026-05-26T03:10:00+00:00,1.622835,1.62281,1.62279,1.62286,105
2026-05-26T03:11:00+00:00,1.62281,1.62292,1.62273,1.622955,182
2026-05-26T03:12:00+00:00,1.622925,1.62291,1.62287,1.62297,147
2026-05-26T03:13:00+00:00,1.622915,1.623015,1.622895,1.623015,170
2026-05-26T03:14:00+00:00,1.623005,1.623045,1.62298,1.62307,128
2026-05-26T03:15:00+00:00,1.62305,1.62307,1.62301,1.6232,198
2026-05-26T03:16:00+00:00,1.623075,1.62298,1.62298,1.62308,189
2026-05-26T03:17:00+00:00,1.62298,1.622975,1.62296,1.623015,121
2026-05-26T03:18:00+00:00,1.622965,1.62285,1.62279,1.622975,221
2026-05-26T03:19:00+00:00,1.62286,1.62292,1.62278,1.622925,123
2026-05-26T03:20:00+00:00,1.622925,1.62277,1.622755,1.622925,123
2026-05-26T03:21:00+00:00,1.622765,1.62271,1.622645,1.62283,182
2026-05-26T03:22:00+00:00,1.62271,1.62271,1.622655,1.62272,90
2026-05-26T03:23:00+00:00,1.622715,1.62266,1.622645,1.62279,130
2026-05-26T03:24:00+00:00,1.62265,1.622665,1.62263,1.622705,111
2026-05-26T03:25:00+00:00,1.622665,1.62253,1.62244,1.622665,240
2026-05-26T03:26:00+00:00,1.622525,1.62259,1.622475,1.6226,193
2026-05-26T03:27:00+00:00,1.622595,1.622695,1.622555,1.622705,226
2026-05-26T03:28:00+00:00,1.62269,1.622665,1.622635,1.62271,129
2026-05-26T03:29:00+00:00,1.62266,1.622725,1.622645,1.622765,176
2026-05-26T03:30:00+00:00,1.62272,1.62269,1.622585,1.62274,179
2026-05-26T03:31:00+00:00,1.622685,1.622645,1.622625,1.62274,136
2026-05-26T03:32:00+00:00,1.62264,1.62269,1.622565,1.6227,159
2026-05-26T03:33:00+00:00,1.6227,1.622685,1.622665,1.6227,66
2026-05-26T03:34:00+00:00,1.622685,1.622725,1.622675,1.622745,121
2026-05-26T03:35:00+00:00,1.62272,1.62273,1.622705,1.622745,87
2026-05-26T03:36:00+00:00,1.622725,1.62273,1.622705,1.62276,138
2026-05-26T03:37:00+00:00,1.622725,1.622715,1.622695,1.622735,109
2026-05-26T03:38:00+00:00,1.622725,1.62272,1.622705,1.62279,104
2026-05-26T03:39:00+00:00,1.622725,1.622845,1.622715,1.62285,104
2026-05-26T03:40:00+00:00,1.62285,1.622765,1.622765,1.62286,100
2026-05-26T03:41:00+00:00,1.622775,1.622795,1.6227,1.62282,71
2026-05-26T03:42:00+00:00,1.622795,1.622795,1.622775,1.62287,93
2026-05-26T03:43:00+00:00,1.622805,1.622695,1.62268,1.622825,121
2026-05-26T03:44:00+00:00,1.6227,1.622515,1.622495,1.622715,81
2026-05-26T03:45:00+00:00,1.62251,1.622685,1.62251,1.62269,160
2026-05-26T03:46:00+00:00,1.62268,1.62256,1.62253,1.62268,151
2026-05-26T03:47:00+00:00,1.622545,1.622615,1.62251,1.62262,81
2026-05-26T03:48:00+00:00,1.62262,1.622655,1.622585,1.622665,44
2026-05-26T03:49:00+00:00,1.622655,1.62258,1.62257,1.622655,51
2026-05-26T03:50:00+00:00,1.62258,1.622585,1.622535,1.6226,86
2026-05-26T03:51:00+00:00,1.62258,1.622645,1.62255,1.622675,125
2026-05-26T03:52:00+00:00,1.62265,1.62248,1.62247,1.622695,146
2026-05-26T03:53:00+00:00,1.622485,1.622605,1.622475,1.622605,66
2026-05-26T03:54:00+00:00,1.62261,1.622605,1.622545,1.622615,88
2026-05-26T03:55:00+00:00,1.6226,1.62271,1.62259,1.62274,121
2026-05-26T03:56:00+00:00,1.622715,1.62261,1.622595,1.62273,132
2026-05-26T03:57:00+00:00,1.622615,1.622725,1.6226,1.622725,143
2026-05-26T03:58:00+00:00,1.62273,1.622665,1.62265,1.622755,91
2026-05-26T03:59:00+00:00,1.622665,1.622635,1.6226,1.62268,95
2026-05-26T04:00:00+00:00,1.62264,1.622635,1.622615,1.62269,171
2026-05-26T04:01:00+00:00,1.62264,1.62259,1.622585,1.622665,90
2026-05-26T04:02:00+00:00,1.622595,1.622495,1.62247,1.622595,95
2026-05-26T04:03:00+00:00,1.6225,1.62294,1.622495,1.622985,240
2026-05-26T04:04:00+00:00,1.622935,1.623075,1.622895,1.623185,130
2026-05-26T04:05:00+00:00,1.62307,1.62302,1.622935,1.623085,113
2026-05-26T04:06:00+00:00,1.623015,1.622985,1.622965,1.623035,65
2026-05-26T04:07:00+00:00,1.622985,1.622835,1.622825,1.62299,97
2026-05-26T04:08:00+00:00,1.62281,1.62283,1.6228,1.622865,52
2026-05-26T04:09:00+00:00,1.622805,1.62285,1.62276,1.622865,77
2026-05-26T04:10:00+00:00,1.62285,1.622825,1.62278,1.62285,68
2026-05-26T04:11:00+00:00,1.622835,1.622725,1.62268,1.622835,85
2026-05-26T04:12:00+00:00,1.62272,1.622765,1.62267,1.62279,149
2026-05-26T04:13:00+00:00,1.622765,1.622645,1.62262,1.62277,72
2026-05-26T04:14:00+00:00,1.62266,1.62257,1.622505,1.622665,189
2026-05-26T04:15:00+00:00,1.622565,1.62259,1.622545,1.62262,113
2026-05-26T04:16:00+00:00,1.62258,1.62265,1.6225,1.622705,117
2026-05-26T04:17:00+00:00,1.622645,1.62261,1.622555,1.622655,95
2026-05-26T04:18:00+00:00,1.62261,1.622585,1.622555,1.62268,93
2026-05-26T04:19:00+00:00,1.62258,1.622595,1.622565,1.622625,108
2026-05-26T04:20:00+00:00,1.62259,1.622575,1.622565,1.62261,71
2026-05-26T04:21:00+00:00,1.622585,1.622545,1.622545,1.622645,70
2026-05-26T04:22:00+00:00,1.622545,1.62254,1.62253,1.622655,115
2026-05-26T04:23:00+00:00,1.622545,1.62264,1.622545,1.62268,50
2026-05-26T04:24:00+00:00,1.62264,1.62262,1.62256,1.62265,83
2026-05-26T04:25:00+00:00,1.622625,1.622555,1.62253,1.622635,137
2026-05-26T04:26:00+00:00,1.622555,1.62261,1.62254,1.62262,71
2026-05-26T04:27:00+00:00,1.62261,1.62261,1.6226,1.62262,19
2026-05-26T04:28:00+00:00,1.62262,1.62269,1.62262,1.62274,78
2026-05-26T04:29:00+00:00,1.622695,1.62281,1.62269,1.62285,108
2026-05-26T04:30:00+00:00,1.622815,1.62295,1.622815,1.62298,124
2026-05-26T04:31:00+00:00,1.62295,1.62304,1.622915,1.62305,112
2026-05-26T04:32:00+00:00,1.623045,1.623,1.62298,1.623125,136
2026-05-26T04:33:00+00:00,1.623,1.62322,1.622955,1.623225,159
2026-05-26T04:34:00+00:00,1.62323,1.623205,1.62305,1.62323,99
2026-05-26T04:35:00+00:00,1.623205,1.623255,1.62314,1.623255,109
2026-05-26T04:36:00+00:00,1.623255,1.62339,1.623215,1.623395,136
2026-05-26T04:37:00+00:00,1.623385,1.62346,1.623365,1.62348,129
2026-05-26T04:38:00+00:00,1.623455,1.62364,1.623455,1.62369,139
2026-05-26T04:39:00+00:00,1.62364,1.623685,1.623585,1.623745,137
2026-05-26T04:40:00+00:00,1.623695,1.623635,1.623625,1.623805,130
2026-05-26T04:41:00+00:00,1.62364,1.623675,1.623585,1.623675,137
2026-05-26T04:42:00+00:00,1.62368,1.62406,1.62368,1.624075,194
2026-05-26T04:43:00+00:00,1.62406,1.624115,1.62403,1.624125,158
2026-05-26T04:44:00+00:00,1.624115,1.623955,1.6239,1.62413,222
2026-05-26T04:45:00+00:00,1.62395,1.62385,1.623805,1.624005,168
2026-05-26T04:46:00+00:00,1.62387,1.62373,1.62372,1.623925,199
2026-05-26T04:47:00+00:00,1.623725,1.62378,1.62371,1.62382,196
2026-05-26T04:48:00+00:00,1.623785,1.623845,1.623775,1.623855,214
2026-05-26T04:49:00+00:00,1.623845,1.623835,1.623825,1.623905,140
2026-05-26T04:50:00+00:00,1.623825,1.62381,1.6238,1.6239,174
2026-05-26T04:51:00+00:00,1.6238,1.62388,1.623795,1.623925,106
2026-05-26T04:52:00+00:00,1.623875,1.623905,1.623835,1.62394,194
2026-05-26T04:53:00+00:00,1.62391,1.62388,1.62385,1.62394,141
2026-05-26T04:54:00+00:00,1.62389,1.62382,1.62379,1.623895,131
2026-05-26T04:55:00+00:00,1.623825,1.62406,1.623825,1.624095,182
2026-05-26T04:56:00+00:00,1.624065,1.62402,1.62399,1.624075,172
2026-05-26T04:57:00+00:00,1.62402,1.62395,1.62395,1.624035,119
2026-05-26T04:58:00+00:00,1.623955,1.623945,1.623915,1.624015,175
2026-05-26T04:59:00+00:00,1.623965,1.624035,1.623965,1.624045,215
2026-05-26T05:00:00+00:00,1.62404,1.6243,1.62398,1.62432,346
2026-05-26T05:01:00+00:00,1.624295,1.62443,1.62429,1.624515,243
2026-05-26T05:02:00+00:00,1.624425,1.624575,1.624425,1.62458,235
2026-05-26T05:03:00+00:00,1.62458,1.62474,1.624535,1.62476,228
2026-05-26T05:04:00+00:00,1.624755,1.62496,1.624745,1.624985,224
2026-05-26T05:05:00+00:00,1.624955,1.624865,1.624855,1.62498,238
2026-05-26T05:06:00+00:00,1.62486,1.62473,1.62473,1.624935,191
2026-05-26T05:07:00+00:00,1.62473,1.62461,1.624605,1.62476,158
2026-05-26T05:08:00+00:00,1.624605,1.624515,1.624435,1.624615,210
2026-05-26T05:09:00+00:00,1.62451,1.624605,1.62444,1.624605,233
2026-05-26T05:10:00+00:00,1.624595,1.624665,1.62451,1.624685,178
2026-05-26T05:11:00+00:00,1.624665,1.624685,1.62462,1.62469,106
2026-05-26T05:12:00+00:00,1.62469,1.62458,1.62455,1.624695,128
2026-05-26T05:13:00+00:00,1.62457,1.62456,1.62447,1.62458,145
2026-05-26T05:14:00+00:00,1.62456,1.624515,1.62449,1.624585,132
2026-05-26T05:15:00+00:00,1.62452,1.624315,1.62431,1.624535,250
2026-05-26T05:16:00+00:00,1.624325,1.6242,1.624195,1.62433,159
2026-05-26T05:17:00+00:00,1.624195,1.624265,1.624175,1.62431,137
2026-05-26T05:18:00+00:00,1.62426,1.62426,1.624155,1.624265,133
2026-05-26T05:19:00+00:00,1.62426,1.624345,1.624225,1.62436,160
2026-05-26T05:20:00+00:00,1.62435,1.62428,1.624235,1.624355,149
2026-05-26T05:21:00+00:00,1.62427,1.62432,1.62427,1.62434,105
2026-05-26T05:22:00+00:00,1.62432,1.62431,1.62429,1.62435,52
2026-05-26T05:23:00+00:00,1.62431,1.624405,1.62427,1.624405,97
2026-05-26T05:24:00+00:00,1.6244,1.62433,1.624325,1.62441,93
2026-05-26T05:25:00+00:00,1.62433,1.62433,1.624305,1.62441,119
2026-05-26T05:26:00+00:00,1.624325,1.624265,1.62423,1.62435,158
2026-05-26T05:27:00+00:00,1.62427,1.62433,1.624225,1.624345,182
2026-05-26T05:28:00+00:00,1.624325,1.62423,1.624165,1.62438,172
2026-05-26T05:29:00+00:00,1.624235,1.624195,1.624195,1.62427,166
2026-05-26T05:30:00+00:00,1.624205,1.62394,1.623935,1.62421,395
2026-05-26T05:31:00+00:00,1.623935,1.623995,1.623875,1.624005,297
2026-05-26T05:32:00+00:00,1.62399,1.62395,1.623905,1.624,218
2026-05-26T05:33:00+00:00,1.62394,1.623995,1.623925,1.624005,172
2026-05-26T05:34:00+00:00,1.623995,1.62394,1.623915,1.624015,183
2026-05-26T05:35:00+00:00,1.623935,1.62405,1.623925,1.62406,129
2026-05-26T05:36:00+00:00,1.62404,1.62411,1.62403,1.624145,109
2026-05-26T05:37:00+00:00,1.62411,1.62417,1.62407,1.62421,210
2026-05-26T05:38:00+00:00,1.624175,1.624165,1.62413,1.62422,167
2026-05-26T05:39:00+00:00,1.624165,1.62413,1.62406,1.624195,225
2026-05-26T05:40:00+00:00,1.62414,1.6242,1.624075,1.62421,273
2026-05-26T05:41:00+00:00,1.624195,1.62433,1.624195,1.62438,226
2026-05-26T05:42:00+00:00,1.624325,1.62433,1.62429,1.624355,211
2026-05-26T05:43:00+00:00,1.62432,1.62414,1.624125,1.62433,120
2026-05-26T05:44:00+00:00,1.624135,1.62416,1.624125,1.62421,112
2026-05-26T05:45:00+00:00,1.624165,1.624185,1.624145,1.624235,183
2026-05-26T05:46:00+00:00,1.62418,1.62423,1.624105,1.62424,163
2026-05-26T05:47:00+00:00,1.624225,1.624295,1.62422,1.624345,249
2026-05-26T05:48:00+00:00,1.62429,1.624095,1.624095,1.62429,334
2026-05-26T05:49:00+00:00,1.62411,1.62417,1.624065,1.62419,236
2026-05-26T05:50:00+00:00,1.624175,1.62408,1.62407,1.624185,235
2026-05-26T05:51:00+00:00,1.624075,1.624225,1.624075,1.624245,230
2026-05-26T05:52:00+00:00,1.624235,1.624255,1.624215,1.6243,169
2026-05-26T05:53:00+00:00,1.62425,1.62432,1.624245,1.62433,167
2026-05-26T05:54:00+00:00,1.624325,1.624265,1.624265,1.624325,100
2026-05-26T05:55:00+00:00,1.62426,1.62426,1.62423,1.624315,212
2026-05-26T05:56:00+00:00,1.62425,1.62413,1.62413,1.62426,293
2026-05-26T05:57:00+00:00,1.624135,1.62404,1.624035,1.62416,193
2026-05-26T05:58:00+00:00,1.62405,1.62405,1.62396,1.624065,281
2026-05-26T05:59:00+00:00,1.624055,1.624125,1.62403,1.624125,272
2026-05-26T06:00:00+00:00,1.624115,1.624135,1.62406,1.62426,589
2026-05-26T06:01:00+00:00,1.62414,1.624215,1.62411,1.62425,408
2026-05-26T06:02:00+00:00,1.62422,1.624055,1.62401,1.6243,444
2026-05-26T06:03:00+00:00,1.62405,1.62405,1.62387,1.62406,345
2026-05-26T06:04:00+00:00,1.624055,1.623985,1.62396,1.624135,219
2026-05-26T06:05:00+00:00,1.62398,1.62377,1.623755,1.623985,282
2026-05-26T06:06:00+00:00,1.623775,1.623875,1.623755,1.623895,231
2026-05-26T06:07:00+00:00,1.62388,1.62377,1.62377,1.623915,180
2026-05-26T06:08:00+00:00,1.623785,1.62401,1.623785,1.62402,270
2026-05-26T06:09:00+00:00,1.624015,1.62405,1.623965,1.62407,213
2026-05-26T06:10:00+00:00,1.624045,1.62372,1.62371,1.624075,236
2026-05-26T06:11:00+00:00,1.62371,1.623595,1.62351,1.62372,250
2026-05-26T06:12:00+00:00,1.6236,1.62377,1.6236,1.62378,199
2026-05-26T06:13:00+00:00,1.623775,1.62367,1.623655,1.62381,197
2026-05-26T06:14:00+00:00,1.62367,1.623655,1.623645,1.623705,167
2026-05-26T06:15:00+00:00,1.62365,1.62375,1.62361,1.62377,266
2026-05-26T06:16:00+00:00,1.623755,1.623745,1.623695,1.623765,207
2026-05-26T06:17:00+00:00,1.62374,1.623905,1.623735,1.623915,175
2026-05-26T06:18:00+00:00,1.623915,1.62398,1.62388,1.62407,207
2026-05-26T06:19:00+00:00,1.623975,1.623965,1.6239,1.62407,221
2026-05-26T06:20:00+00:00,1.623955,1.623965,1.62393,1.62406,301
2026-05-26T06:21:00+00:00,1.623965,1.62393,1.623885,1.624,162
2026-05-26T06:22:00+00:00,1.623925,1.62394,1.6239,1.62399,231
2026-05-26T06:23:00+00:00,1.623945,1.62386,1.62385,1.62402,257
2026-05-26T06:24:00+00:00,1.623855,1.62347,1.62335,1.623875,294
2026-05-26T06:25:00+00:00,1.623465,1.62329,1.623175,1.62347,480
2026-05-26T06:26:00+00:00,1.623285,1.6231,1.62301,1.623345,434
2026-05-26T06:27:00+00:00,1.623105,1.623075,1.623045,1.62328,347
2026-05-26T06:28:00+00:00,1.623085,1.62352,1.62292,1.62355,497
2026-05-26T06:29:00+00:00,1.62353,1.623625,1.623375,1.623715,756
2026-05-26T06:30:00+00:00,1.623625,1.623825,1.62361,1.62384,647
2026-05-26T06:31:00+00:00,1.62383,1.62378,1.623735,1.623895,418
2026-05-26T06:32:00+00:00,1.623775,1.623945,1.6237,1.62398,484
2026-05-26T06:33:00+00:00,1.623925,1.623495,1.623475,1.62395,405
2026-05-26T06:34:00+00:00,1.6235,1.623625,1.62348,1.62372,419
2026-05-26T06:35:00+00:00,1.62362,1.623445,1.623415,1.623625,420
2026-05-26T06:36:00+00:00,1.62342,1.623315,1.623305,1.623475,287
2026-05-26T06:37:00+00:00,1.62331,1.62336,1.62322,1.623375,273
2026-05-26T06:38:00+00:00,1.623355,1.623395,1.62333,1.62349,338
2026-05-26T06:39:00+00:00,1.623375,1.623375,1.62324,1.623375,295
2026-05-26T06:40:00+00:00,1.62338,1.623325,1.62332,1.623475,221
2026-05-26T06:41:00+00:00,1.62332,1.623465,1.6233,1.62349,179
2026-05-26T06:42:00+00:00,1.623465,1.62346,1.623385,1.623505,201
2026-05-26T06:43:00+00:00,1.62347,1.6234,1.623395,1.6235,288
2026-05-26T06:44:00+00:00,1.623395,1.623425,1.623385,1.62352,224
2026-05-26T06:45:00+00:00,1.623425,1.623515,1.623375,1.623515,343
2026-05-26T06:46:00+00:00,1.623505,1.62348,1.623475,1.62358,248
2026-05-26T06:47:00+00:00,1.62348,1.62355,1.62347,1.623555,162
2026-05-26T06:48:00+00:00,1.623555,1.623505,1.62348,1.623595,237
2026-05-26T06:49:00+00:00,1.6235,1.62372,1.623495,1.623725,197
2026-05-26T06:50:00+00:00,1.623745,1.6236,1.623555,1.623745,241
2026-05-26T06:51:00+00:00,1.623595,1.623475,1.623465,1.623605,245
2026-05-26T06:52:00+00:00,1.62348,1.623485,1.62335,1.623505,236
2026-05-26T06:53:00+00:00,1.62349,1.62348,1.62346,1.623525,174
2026-05-26T06:54:00+00:00,1.62349,1.623625,1.623385,1.623655,349
2026-05-26T06:55:00+00:00,1.62363,1.623725,1.62357,1.623735,395
2026-05-26T06:56:00+00:00,1.62373,1.623365,1.62336,1.62375,425
2026-05-26T06:57:00+00:00,1.623355,1.623315,1.62324,1.62341,363
2026-05-26T06:58:00+00:00,1.62331,1.623575,1.62328,1.62358,308
2026-05-26T06:59:00+00:00,1.62358,1.62383,1.62358,1.62387,453
2026-05-26T07:00:00+00:00,1.623825,1.62401,1.623675,1.62407,470
2026-05-26T07:01:00+00:00,1.624005,1.624065,1.623965,1.624105,301
2026-05-26T07:02:00+00:00,1.62407,1.623995,1.6239,1.6241,455
2026-05-26T07:03:00+00:00,1.623985,1.624465,1.62398,1.62447,547
2026-05-26T07:04:00+00:00,1.62446,1.624465,1.624255,1.6247,781
2026-05-26T07:05:00+00:00,1.624475,1.62444,1.624325,1.62451,893
2026-05-26T07:06:00+00:00,1.624435,1.623855,1.623825,1.62454,853
2026-05-26T07:07:00+00:00,1.62385,1.623645,1.623525,1.6239,566
2026-05-26T07:08:00+00:00,1.623655,1.6241,1.623565,1.624185,500
2026-05-26T07:09:00+00:00,1.624095,1.624345,1.624095,1.62439,530
2026-05-26T07:10:00+00:00,1.62435,1.623975,1.62397,1.6244,440
2026-05-26T07:11:00+00:00,1.623985,1.623875,1.623835,1.62407,355
2026-05-26T07:12:00+00:00,1.62387,1.623765,1.623635,1.623905,396
2026-05-26T07:13:00+00:00,1.623765,1.62373,1.623695,1.6239,433
2026-05-26T07:14:00+00:00,1.623735,1.623595,1.623565,1.623755,447
2026-05-26T07:15:00+00:00,1.6236,1.62386,1.623585,1.623865,442
2026-05-26T07:16:00+00:00,1.62387,1.623895,1.623765,1.623975,276
2026-05-26T07:17:00+00:00,1.62388,1.62401,1.623875,1.624015,310
2026-05-26T07:18:00+00:00,1.624005,1.62403,1.623975,1.624125,363
2026-05-26T07:19:00+00:00,1.624035,1.62418,1.624,1.624255,340
2026-05-26T07:20:00+00:00,1.62417,1.62417,1.624095,1.624215,312
2026-05-26T07:21:00+00:00,1.624175,1.62429,1.62411,1.624315,256
2026-05-26T07:22:00+00:00,1.6243,1.62419,1.624175,1.624415,290
2026-05-26T07:23:00+00:00,1.624185,1.624255,1.62409,1.624255,221
2026-05-26T07:24:00+00:00,1.62426,1.6244,1.624225,1.62444,284
2026-05-26T07:25:00+00:00,1.624395,1.624575,1.624395,1.624735,335
2026-05-26T07:26:00+00:00,1.62457,1.6245,1.624395,1.624655,261
2026-05-26T07:27:00+00:00,1.624505,1.62471,1.624445,1.62473,271
2026-05-26T07:28:00+00:00,1.624705,1.624775,1.62468,1.624775,304
2026-05-26T07:29:00+00:00,1.624775,1.624905,1.624775,1.625015,292
2026-05-26T07:30:00+00:00,1.624895,1.625205,1.624855,1.625215,449
2026-05-26T07:31:00+00:00,1.625195,1.624715,1.624685,1.62525,676
2026-05-26T07:32:00+00:00,1.62472,1.625255,1.624535,1.625255,1109
2026-05-26T07:33:00+00:00,1.625245,1.625185,1.62512,1.625565,838
2026-05-26T07:34:00+00:00,1.62518,1.625235,1.625175,1.62537,470
2026-05-26T07:35:00+00:00,1.62524,1.62515,1.62514,1.625385,557
2026-05-26T07:36:00+00:00,1.625145,1.625045,1.625035,1.62521,467
2026-05-26T07:37:00+00:00,1.625055,1.625075,1.624995,1.625215,405
2026-05-26T07:38:00+00:00,1.625085,1.625265,1.62501,1.625275,400
2026-05-26T07:39:00+00:00,1.625255,1.62521,1.625135,1.625325,367
2026-05-26T07:40:00+00:00,1.625205,1.62514,1.625125,1.625305,378
2026-05-26T07:41:00+00:00,1.625135,1.62527,1.625125,1.62539,415
2026-05-26T07:42:00+00:00,1.625265,1.625215,1.62518,1.625275,348
2026-05-26T07:43:00+00:00,1.625205,1.62519,1.625075,1.625225,403
2026-05-26T07:44:00+00:00,1.625185,1.625165,1.625145,1.625265,349
2026-05-26T07:45:00+00:00,1.62517,1.625235,1.625125,1.62527,370
2026-05-26T07:46:00+00:00,1.625245,1.62516,1.625155,1.625345,349
2026-05-26T07:47:00+00:00,1.625165,1.62514,1.625075,1.625195,329
2026-05-26T07:48:00+00:00,1.625135,1.624865,1.624805,1.62514,285
2026-05-26T07:49:00+00:00,1.62485,1.62472,1.624705,1.624955,398
2026-05-26T07:50:00+00:00,1.624715,1.62477,1.624685,1.62487,378
2026-05-26T07:51:00+00:00,1.624765,1.624875,1.62468,1.62489,443
2026-05-26T07:52:00+00:00,1.62487,1.62497,1.624855,1.624985,306
2026-05-26T07:53:00+00:00,1.624965,1.624985,1.62495,1.62512,392
2026-05-26T07:54:00+00:00,1.624975,1.625035,1.624965,1.62507,323
2026-05-26T07:55:00+00:00,1.62504,1.625155,1.624985,1.62517,463
2026-05-26T07:56:00+00:00,1.62516,1.625125,1.625115,1.625195,281
2026-05-26T07:57:00+00:00,1.62512,1.624715,1.624685,1.625125,326
2026-05-26T07:58:00+00:00,1.62471,1.62459,1.62457,1.624745,387
2026-05-26T07:59:00+00:00,1.62458,1.624455,1.6244,1.624595,360
2026-05-26T08:00:00+00:00,1.62444,1.624925,1.624305,1.624975,906
2026-05-26T08:01:00+00:00,1.62493,1.62481,1.62476,1.624995,568
2026-05-26T08:02:00+00:00,1.624815,1.6248,1.62461,1.62482,371
2026-05-26T08:03:00+00:00,1.624795,1.62464,1.62461,1.624865,512
2026-05-26T08:04:00+00:00,1.624625,1.624525,1.624495,1.62465,403
2026-05-26T08:05:00+00:00,1.62453,1.6243,1.624295,1.62453,416
2026-05-26T08:06:00+00:00,1.624295,1.624405,1.624295,1.62443,361
2026-05-26T08:07:00+00:00,1.624415,1.62441,1.624285,1.62444,282
2026-05-26T08:08:00+00:00,1.624405,1.62442,1.62437,1.624505,270
2026-05-26T08:09:00+00:00,1.624415,1.624415,1.624275,1.62442,317
2026-05-26T08:10:00+00:00,1.62443,1.62429,1.624265,1.62449,451
2026-05-26T08:11:00+00:00,1.624295,1.62434,1.62422,1.62437,379
2026-05-26T08:12:00+00:00,1.624345,1.624495,1.624295,1.624575,415
2026-05-26T08:13:00+00:00,1.6245,1.62463,1.624465,1.624635,366
2026-05-26T08:14:00+00:00,1.624625,1.62456,1.62452,1.62466,345
2026-05-26T08:15:00+00:00,1.624565,1.624545,1.624535,1.62463,283
2026-05-26T08:16:00+00:00,1.62454,1.62465,1.624525,1.624655,250
2026-05-26T08:17:00+00:00,1.62465,1.624515,1.62451,1.624655,285
2026-05-26T08:18:00+00:00,1.62452,1.62457,1.62445,1.62458,274
2026-05-26T08:19:00+00:00,1.624575,1.62452,1.62448,1.624635,423
2026-05-26T08:20:00+00:00,1.624525,1.624625,1.624495,1.624645,271
2026-05-26T08:21:00+00:00,1.62462,1.624455,1.6244,1.6247,368
2026-05-26T08:22:00+00:00,1.624455,1.62438,1.62433,1.624485,263
2026-05-26T08:23:00+00:00,1.624375,1.624345,1.62428,1.624405,232
2026-05-26T08:24:00+00:00,1.624335,1.624175,1.624165,1.62434,288
2026-05-26T08:25:00+00:00,1.62417,1.62427,1.62417,1.62431,250
2026-05-26T08:26:00+00:00,1.62428,1.624355,1.624265,1.624435,303
2026-05-26T08:27:00+00:00,1.62436,1.624405,1.62435,1.624575,411
2026-05-26T08:28:00+00:00,1.6244,1.624375,1.624265,1.62441,345
2026-05-26T08:29:00+00:00,1.62438,1.6243,1.624265,1.62452,569
2026-05-26T08:30:00+00:00,1.624295,1.624375,1.62424,1.624375,445
2026-05-26T08:31:00+00:00,1.624385,1.62442,1.624315,1.624475,349
2026-05-26T08:32:00+00:00,1.624425,1.62457,1.62434,1.624585,313
2026-05-26T08:33:00+00:00,1.62456,1.62452,1.624445,1.624565,392
2026-05-26T08:34:00+00:00,1.624515,1.624435,1.6244,1.624625,454
2026-05-26T08:35:00+00:00,1.62443,1.624615,1.624395,1.624625,451
2026-05-26T08:36:00+00:00,1.62462,1.624535,1.62448,1.624655,445
2026-05-26T08:37:00+00:00,1.62453,1.624315,1.624305,1.62457,374
2026-05-26T08:38:00+00:00,1.62432,1.624385,1.624265,1.624405,291
2026-05-26T08:39:00+00:00,1.62439,1.62439,1.62428,1.62442,281
2026-05-26T08:40:00+00:00,1.624385,1.62429,1.624285,1.62448,338
2026-05-26T08:41:00+00:00,1.624285,1.62421,1.62414,1.624285,238
2026-05-26T08:42:00+00:00,1.624205,1.624235,1.624155,1.62431,321
2026-05-26T08:43:00+00:00,1.624225,1.62442,1.62419,1.62442,289
2026-05-26T08:44:00+00:00,1.624415,1.624385,1.624275,1.62445,318
2026-05-26T08:45:00+00:00,1.62438,1.62445,1.62434,1.624545,316
2026-05-26T08:46:00+00:00,1.624445,1.62439,1.62436,1.624465,325
2026-05-26T08:47:00+00:00,1.624395,1.624405,1.624345,1.624475,217
2026-05-26T08:48:00+00:00,1.62442,1.624475,1.62441,1.624535,309
2026-05-26T08:49:00+00:00,1.62447,1.62458,1.624465,1.62459,237
2026-05-26T08:50:00+00:00,1.624605,1.62478,1.624605,1.624925,269
2026-05-26T08:51:00+00:00,1.624775,1.624845,1.624705,1.624885,286
2026-05-26T08:52:00+00:00,1.624835,1.624925,1.62479,1.624935,321
2026-05-26T08:53:00+00:00,1.62492,1.624855,1.624835,1.624985,287
2026-05-26T08:54:00+00:00,1.62485,1.624685,1.62466,1.62488,230
2026-05-26T08:55:00+00:00,1.624695,1.624615,1.624605,1.624695,270
2026-05-26T08:56:00+00:00,1.62462,1.62463,1.624585,1.62465,261
2026-05-26T08:57:00+00:00,1.62464,1.62463,1.624515,1.62466,327
2026-05-26T08:58:00+00:00,1.624625,1.62448,1.624455,1.62467,272
2026-05-26T08:59:00+00:00,1.624475,1.624355,1.624345,1.624505,489
2026-05-26T09:00:00+00:00,1.62435,1.624275,1.624195,1.62441,524
2026-05-26T09:01:00+00:00,1.62428,1.624275,1.62418,1.624405,368
2026-05-26T09:02:00+00:00,1.62428,1.62441,1.62425,1.624445,277
2026-05-26T09:03:00+00:00,1.62442,1.6247,1.624415,1.6247,292
2026-05-26T09:04:00+00:00,1.624695,1.624555,1.624525,1.62472,367
2026-05-26T09:05:00+00:00,1.62455,1.624595,1.624495,1.62467,392
2026-05-26T09:06:00+00:00,1.6246,1.62487,1.624525,1.62488,405
2026-05-26T09:07:00+00:00,1.62488,1.625225,1.624825,1.62527,405
2026-05-26T09:08:00+00:00,1.62523,1.625235,1.62515,1.62528,417
2026-05-26T09:09:00+00:00,1.62524,1.625275,1.6252,1.62538,251
2026-05-26T09:10:00+00:00,1.625285,1.62533,1.62526,1.62537,202
2026-05-26T09:11:00+00:00,1.62532,1.625065,1.625065,1.62539,203
2026-05-26T09:12:00+00:00,1.62508,1.62502,1.62498,1.62515,365
2026-05-26T09:13:00+00:00,1.62502,1.62513,1.62501,1.625145,237
2026-05-26T09:14:00+00:00,1.625125,1.62515,1.62511,1.6252,242
2026-05-26T09:15:00+00:00,1.62514,1.6252,1.62513,1.625225,228
2026-05-26T09:16:00+00:00,1.625195,1.625125,1.625055,1.625215,257
2026-05-26T09:17:00+00:00,1.625135,1.625115,1.62501,1.625235,705
2026-05-26T09:18:00+00:00,1.62512,1.624945,1.624835,1.62515,406
2026-05-26T09:19:00+00:00,1.62495,1.62509,1.62492,1.62511,439
2026-05-26T09:20:00+00:00,1.625095,1.625015,1.625,1.625225,412
2026-05-26T09:21:00+00:00,1.62501,1.624925,1.62492,1.625065,374
2026-05-26T09:22:00+00:00,1.62492,1.62516,1.62489,1.625185,303
2026-05-26T09:23:00+00:00,1.62516,1.62524,1.625145,1.625285,416
2026-05-26T09:24:00+00:00,1.625235,1.62515,1.625085,1.625235,328
2026-05-26T09:25:00+00:00,1.62516,1.62525,1.62513,1.62526,341
2026-05-26T09:26:00+00:00,1.625245,1.62529,1.625185,1.625325,295
2026-05-26T09:27:00+00:00,1.6253,1.62515,1.625145,1.62531,356
2026-05-26T09:28:00+00:00,1.625145,1.625245,1.625135,1.62533,341
2026-05-26T09:29:00+00:00,1.625255,1.62508,1.62502,1.62527,344
2026-05-26T09:30:00+00:00,1.625085,1.624895,1.624855,1.625085,522
2026-05-26T09:31:00+00:00,1.6249,1.62496,1.62487,1.625035,282
2026-05-26T09:32:00+00:00,1.624965,1.625,1.624935,1.625095,415
2026-05-26T09:33:00+00:00,1.624995,1.6251,1.62494,1.62512,326
2026-05-26T09:34:00+00:00,1.625095,1.62497,1.62489,1.625145,291
2026-05-26T09:35:00+00:00,1.624965,1.625015,1.624935,1.625025,332
2026-05-26T09:36:00+00:00,1.62502,1.625125,1.625,1.625165,260
2026-05-26T09:37:00+00:00,1.625135,1.625025,1.62494,1.625145,209
2026-05-26T09:38:00+00:00,1.62503,1.62482,1.624815,1.625055,260
2026-05-26T09:39:00+00:00,1.624825,1.624895,1.624795,1.624895,153
2026-05-26T09:40:00+00:00,1.62489,1.62503,1.62483,1.62504,320
2026-05-26T09:41:00+00:00,1.62502,1.62499,1.62491,1.625065,268
2026-05-26T09:42:00+00:00,1.624985,1.62519,1.624965,1.6252,265
2026-05-26T09:43:00+00:00,1.625195,1.62526,1.625165,1.625325,200
2026-05-26T09:44:00+00:00,1.62527,1.625385,1.62527,1.625445,276
2026-05-26T09:45:00+00:00,1.625385,1.625295,1.625295,1.625425,213
2026-05-26T09:46:00+00:00,1.6253,1.62529,1.625265,1.62537,276
2026-05-26T09:47:00+00:00,1.625295,1.625175,1.625145,1.625295,155
2026-05-26T09:48:00+00:00,1.62517,1.62502,1.62502,1.625175,217
2026-05-26T09:49:00+00:00,1.625025,1.62497,1.6249,1.62504,212
2026-05-26T09:50:00+00:00,1.624965,1.62479,1.624755,1.625065,261
2026-05-26T09:51:00+00:00,1.624785,1.625,1.62476,1.62504,266
2026-05-26T09:52:00+00:00,1.625005,1.625175,1.624965,1.625235,236
2026-05-26T09:53:00+00:00,1.62517,1.625155,1.6251,1.62521,219
2026-05-26T09:54:00+00:00,1.62515,1.625395,1.62511,1.62541,267
2026-05-26T09:55:00+00:00,1.6254,1.62515,1.62512,1.625405,356
2026-05-26T09:56:00+00:00,1.62515,1.62509,1.625035,1.62515,263
2026-05-26T09:57:00+00:00,1.62509,1.62509,1.62498,1.62513,239
2026-05-26T09:58:00+00:00,1.625095,1.625125,1.62506,1.62518,225
2026-05-26T09:59:00+00:00,1.62512,1.62516,1.62508,1.625195,300
2026-05-26T10:00:00+00:00,1.625165,1.62529,1.62515,1.625325,429
2026-05-26T10:01:00+00:00,1.625295,1.625245,1.6252,1.625375,326
2026-05-26T10:02:00+00:00,1.625235,1.625315,1.625235,1.62538,329
2026-05-26T10:03:00+00:00,1.62532,1.62536,1.62525,1.625395,299
2026-05-26T10:04:00+00:00,1.62535,1.62546,1.62534,1.625465,208
2026-05-26T10:05:00+00:00,1.625465,1.62561,1.62546,1.62564,341
2026-05-26T10:06:00+00:00,1.625615,1.625505,1.62549,1.625625,293
2026-05-26T10:07:00+00:00,1.625505,1.62543,1.625425,1.625575,337
2026-05-26T10:08:00+00:00,1.625425,1.62541,1.625385,1.625445,298
2026-05-26T10:09:00+00:00,1.625405,1.62547,1.62538,1.62552,334
2026-05-26T10:10:00+00:00,1.625465,1.625355,1.62533,1.62548,310
2026-05-26T10:11:00+00:00,1.625365,1.62534,1.62534,1.62545,265
2026-05-26T10:12:00+00:00,1.62534,1.625335,1.62528,1.625385,273
2026-05-26T10:13:00+00:00,1.62533,1.625375,1.625285,1.625375,245
2026-05-26T10:14:00+00:00,1.625345,1.62536,1.625245,1.625405,327
2026-05-26T10:15:00+00:00,1.625355,1.625415,1.625285,1.62542,237
2026-05-26T10:16:00+00:00,1.625415,1.6254,1.625365,1.625475,215
2026-05-26T10:17:00+00:00,1.6254,1.62534,1.625325,1.625415,259
2026-05-26T10:18:00+00:00,1.625335,1.62538,1.625295,1.625385,196
2026-05-26T10:19:00+00:00,1.62537,1.62533,1.625325,1.625415,255
2026-05-26T10:20:00+00:00,1.625315,1.625135,1.62509,1.625315,287
2026-05-26T10:21:00+00:00,1.625125,1.624995,1.624965,1.625135,209
2026-05-26T10:22:00+00:00,1.625,1.62521,1.624975,1.62522,358
2026-05-26T10:23:00+00:00,1.62521,1.62526,1.625095,1.62526,230
2026-05-26T10:24:00+00:00,1.625265,1.625185,1.625125,1.625275,270
2026-05-26T10:25:00+00:00,1.62519,1.62508,1.62503,1.62519,296
2026-05-26T10:26:00+00:00,1.625085,1.624945,1.62494,1.625125,167
2026-05-26T10:27:00+00:00,1.62495,1.624905,1.624845,1.624985,188
2026-05-26T10:28:00+00:00,1.62491,1.62491,1.62474,1.624975,615
2026-05-26T10:29:00+00:00,1.624915,1.625045,1.62491,1.62508,397
2026-05-26T10:30:00+00:00,1.625035,1.624675,1.624635,1.62505,901
2026-05-26T10:31:00+00:00,1.62468,1.62477,1.624655,1.624895,512
2026-05-26T10:32:00+00:00,1.624775,1.62478,1.62466,1.624805,469
2026-05-26T10:33:00+00:00,1.62477,1.624645,1.62464,1.624875,406
2026-05-26T10:34:00+00:00,1.624655,1.62457,1.62454,1.62468,447
2026-05-26T10:35:00+00:00,1.624575,1.62445,1.62435,1.624595,410
2026-05-26T10:36:00+00:00,1.624455,1.624705,1.624455,1.62472,361
2026-05-26T10:37:00+00:00,1.624715,1.62459,1.624515,1.62472,338
2026-05-26T10:38:00+00:00,1.62458,1.6247,1.624555,1.6247,300
2026-05-26T10:39:00+00:00,1.62469,1.62481,1.62469,1.624835,364
2026-05-26T10:40:00+00:00,1.62479,1.624895,1.624765,1.62492,382
2026-05-26T10:41:00+00:00,1.62489,1.62484,1.624795,1.6249,357
2026-05-26T10:42:00+00:00,1.62484,1.624715,1.6247,1.624845,296
2026-05-26T10:43:00+00:00,1.624715,1.624635,1.624585,1.624745,314
2026-05-26T10:44:00+00:00,1.62463,1.62448,1.62446,1.62466,272
2026-05-26T10:45:00+00:00,1.62449,1.624655,1.624465,1.624705,227
2026-05-26T10:46:00+00:00,1.62466,1.62475,1.624635,1.62476,229
2026-05-26T10:47:00+00:00,1.62475,1.624835,1.62465,1.624845,240
2026-05-26T10:48:00+00:00,1.62483,1.62472,1.62471,1.62483,191
2026-05-26T10:49:00+00:00,1.62473,1.624445,1.62444,1.62477,221
2026-05-26T10:50:00+00:00,1.62445,1.62432,1.62431,1.624455,205
2026-05-26T10:51:00+00:00,1.624325,1.624415,1.624325,1.62456,259
2026-05-26T10:52:00+00:00,1.624415,1.624355,1.62433,1.62451,344
2026-05-26T10:53:00+00:00,1.62435,1.624355,1.62429,1.6244,262
2026-05-26T10:54:00+00:00,1.624365,1.624435,1.6243,1.624445,217
2026-05-26T10:55:00+00:00,1.624425,1.624335,1.62429,1.624435,317
2026-05-26T10:56:00+00:00,1.624345,1.6245,1.624265,1.624505,223
2026-05-26T10:57:00+00:00,1.624495,1.62438,1.62435,1.6246,249
2026-05-26T10:58:00+00:00,1.624385,1.624385,1.62437,1.624435,211
2026-05-26T10:59:00+00:00,1.62439,1.624625,1.62434,1.624625,289
2026-05-26T11:00:00+00:00,1.62462,1.62455,1.62454,1.62468,339
2026-05-26T11:01:00+00:00,1.62455,1.62455,1.62449,1.6246,320
2026-05-26T11:02:00+00:00,1.624565,1.624715,1.624545,1.62475,241
2026-05-26T11:03:00+00:00,1.62472,1.624665,1.62462,1.6248,319
2026-05-26T11:04:00+00:00,1.624655,1.62459,1.62452,1.624685,191
2026-05-26T11:05:00+00:00,1.624595,1.624655,1.624545,1.624685,342
2026-05-26T11:06:00+00:00,1.62466,1.624675,1.624595,1.624675,157
2026-05-26T11:07:00+00:00,1.624685,1.624495,1.624485,1.62469,171
2026-05-26T11:08:00+00:00,1.62449,1.624625,1.62449,1.62467,193
2026-05-26T11:09:00+00:00,1.624625,1.624725,1.624605,1.62474,166
2026-05-26T11:10:00+00:00,1.62473,1.624595,1.624585,1.624765,179
2026-05-26T11:11:00+00:00,1.624605,1.62449,1.6244,1.624615,230
2026-05-26T11:12:00+00:00,1.624485,1.624405,1.62431,1.62452,241
2026-05-26T11:13:00+00:00,1.62441,1.62443,1.62435,1.62451,246
2026-05-26T11:14:00+00:00,1.624425,1.624435,1.62435,1.62444,154
2026-05-26T11:15:00+00:00,1.624425,1.624395,1.624295,1.624445,241
2026-05-26T11:16:00+00:00,1.624395,1.624335,1.624325,1.62441,191
2026-05-26T11:17:00+00:00,1.624325,1.62432,1.6243,1.62442,271
2026-05-26T11:18:00+00:00,1.624325,1.624375,1.62423,1.624395,307
2026-05-26T11:19:00+00:00,1.62438,1.624255,1.624245,1.624405,242
2026-05-26T11:20:00+00:00,1.62425,1.624215,1.624145,1.624305,315
2026-05-26T11:21:00+00:00,1.62421,1.62425,1.62419,1.62431,213
2026-05-26T11:22:00+00:00,1.624255,1.624135,1.624115,1.62428,228
2026-05-26T11:23:00+00:00,1.62414,1.624065,1.624055,1.62416,190
2026-05-26T11:24:00+00:00,1.62406,1.624055,1.624,1.624085,207
2026-05-26T11:25:00+00:00,1.62406,1.624135,1.624025,1.62414,194
2026-05-26T11:26:00+00:00,1.62413,1.624275,1.62411,1.62429,222
2026-05-26T11:27:00+00:00,1.624275,1.62428,1.62422,1.62434,279
2026-05-26T11:28:00+00:00,1.624275,1.62411,1.624095,1.62429,254
2026-05-26T11:29:00+00:00,1.624105,1.62407,1.624035,1.624115,284
2026-05-26T11:30:00+00:00,1.624065,1.624165,1.624055,1.62418,226
2026-05-26T11:31:00+00:00,1.62417,1.6242,1.624095,1.624205,223
2026-05-26T11:32:00+00:00,1.624205,1.623995,1.623955,1.624205,298
2026-05-26T11:33:00+00:00,1.62399,1.623975,1.623955,1.624055,230
2026-05-26T11:34:00+00:00,1.62398,1.624395,1.62396,1.62456,1110
2026-05-26T11:35:00+00:00,1.6244,1.624685,1.624305,1.62476,809
2026-05-26T11:36:00+00:00,1.62469,1.624715,1.62452,1.62481,950
2026-05-26T11:37:00+00:00,1.62472,1.62475,1.62464,1.62483,566
2026-05-26T11:38:00+00:00,1.624755,1.624625,1.624605,1.62477,436
2026-05-26T11:39:00+00:00,1.62463,1.624435,1.624355,1.62463,419
2026-05-26T11:40:00+00:00,1.62443,1.624475,1.624425,1.62458,471
2026-05-26T11:41:00+00:00,1.62447,1.624425,1.624335,1.62448,362
2026-05-26T11:42:00+00:00,1.624415,1.62451,1.6244,1.62457,456
2026-05-26T11:43:00+00:00,1.624505,1.624255,1.62422,1.624535,530
2026-05-26T11:44:00+00:00,1.62425,1.624305,1.624215,1.624305,261
2026-05-26T11:45:00+00:00,1.62431,1.62439,1.62427,1.62449,422
2026-05-26T11:46:00+00:00,1.624405,1.624285,1.62425,1.62443,283
2026-05-26T11:47:00+00:00,1.62429,1.624185,1.62416,1.624295,345
2026-05-26T11:48:00+00:00,1.62418,1.62408,1.624055,1.62421,415
2026-05-26T11:49:00+00:00,1.624085,1.624115,1.62404,1.624125,257
2026-05-26T11:50:00+00:00,1.6241,1.62391,1.623805,1.62413,276
2026-05-26T11:51:00+00:00,1.623915,1.624,1.62381,1.624005,243
2026-05-26T11:52:00+00:00,1.624005,1.623925,1.62391,1.624045,283
2026-05-26T11:53:00+00:00,1.62393,1.623835,1.623745,1.623945,244
2026-05-26T11:54:00+00:00,1.62384,1.62399,1.62383,1.624005,281
2026-05-26T11:55:00+00:00,1.623995,1.62413,1.62395,1.62414,262
2026-05-26T11:56:00+00:00,1.62412,1.62377,1.623765,1.624125,355
2026-05-26T11:57:00+00:00,1.623765,1.624035,1.623765,1.624045,264
2026-05-26T11:58:00+00:00,1.62404,1.623865,1.623815,1.62405,315
2026-05-26T11:59:00+00:00,1.62387,1.623975,1.62387,1.623985,387
2026-05-26T12:00:00+00:00,1.62398,1.62407,1.623875,1.62412,525
2026-05-26T12:01:00+00:00,1.62408,1.62405,1.624025,1.624145,349
2026-05-26T12:02:00+00:00,1.624045,1.624015,1.624,1.62411,272
2026-05-26T12:03:00+00:00,1.62402,1.624045,1.623965,1.624055,127
2026-05-26T12:04:00+00:00,1.624035,1.624045,1.62402,1.62412,252
2026-05-26T12:05:00+00:00,1.62403,1.623935,1.623805,1.62408,297
2026-05-26T12:06:00+00:00,1.623925,1.623765,1.623735,1.62394,321
2026-05-26T12:07:00+00:00,1.62377,1.62377,1.623725,1.62386,257
2026-05-26T12:08:00+00:00,1.623775,1.623935,1.623745,1.624055,642
2026-05-26T12:09:00+00:00,1.62393,1.623655,1.62357,1.62403,760
2026-05-26T12:10:00+00:00,1.623665,1.62381,1.62363,1.62386,415
2026-05-26T12:11:00+00:00,1.623815,1.623785,1.623715,1.62388,287
2026-05-26T12:12:00+00:00,1.62378,1.623645,1.6236,1.62379,335
2026-05-26T12:13:00+00:00,1.62365,1.623795,1.62364,1.623795,239
2026-05-26T12:14:00+00:00,1.623785,1.623825,1.623785,1.623895,308
2026-05-26T12:15:00+00:00,1.623825,1.623695,1.623645,1.62386,366
2026-05-26T12:16:00+00:00,1.6237,1.623755,1.62363,1.6238,327
2026-05-26T12:17:00+00:00,1.62376,1.623755,1.623635,1.623795,399
2026-05-26T12:18:00+00:00,1.62376,1.623685,1.623675,1.623805,336
2026-05-26T12:19:00+00:00,1.623675,1.62355,1.62353,1.62371,319
2026-05-26T12:20:00+00:00,1.623545,1.6236,1.62345,1.62361,362
2026-05-26T12:21:00+00:00,1.62359,1.62349,1.62347,1.62361,260
2026-05-26T12:22:00+00:00,1.623485,1.623305,1.62328,1.623505,236
2026-05-26T12:23:00+00:00,1.623285,1.623375,1.623265,1.623475,311
2026-05-26T12:24:00+00:00,1.623375,1.62346,1.62337,1.623475,242
2026-05-26T12:25:00+00:00,1.623445,1.623315,1.623305,1.6235,254
2026-05-26T12:26:00+00:00,1.623305,1.62354,1.62328,1.62357,305
2026-05-26T12:27:00+00:00,1.623535,1.62351,1.623435,1.62357,184
2026-05-26T12:28:00+00:00,1.623515,1.623345,1.623325,1.62352,168
2026-05-26T12:29:00+00:00,1.62334,1.62335,1.623285,1.623385,112
2026-05-26T12:30:00+00:00,1.623355,1.62347,1.62334,1.6235,161
2026-05-26T12:31:00+00:00,1.623465,1.62336,1.623325,1.623505,207
2026-05-26T12:32:00+00:00,1.623355,1.62333,1.62328,1.623405,249
2026-05-26T12:33:00+00:00,1.62332,1.623395,1.623295,1.623405,262
2026-05-26T12:34:00+00:00,1.6234,1.623335,1.62331,1.623405,262
2026-05-26T12:35:00+00:00,1.623325,1.6235,1.623325,1.623595,273
2026-05-26T12:36:00+00:00,1.62349,1.623435,1.62341,1.62356,236
2026-05-26T12:37:00+00:00,1.623425,1.6234,1.623395,1.6235,305
2026-05-26T12:38:00+00:00,1.623405,1.62341,1.623345,1.62345,219
2026-05-26T12:39:00+00:00,1.623405,1.62348,1.623405,1.623535,250
2026-05-26T12:40:00+00:00,1.62347,1.623465,1.623365,1.62353,311
2026-05-26T12:41:00+00:00,1.62346,1.6233,1.623295,1.62347,265
2026-05-26T12:42:00+00:00,1.62329,1.62317,1.623145,1.623315,280
2026-05-26T12:43:00+00:00,1.623165,1.623185,1.623115,1.62323,357
2026-05-26T12:44:00+00:00,1.62318,1.62327,1.623175,1.62332,452
2026-05-26T12:45:00+00:00,1.623265,1.62338,1.623235,1.623385,319
2026-05-26T12:46:00+00:00,1.623375,1.62331,1.6233,1.623405,349
2026-05-26T12:47:00+00:00,1.623315,1.6233,1.623225,1.62332,279
2026-05-26T12:48:00+00:00,1.6233,1.6232,1.62319,1.623325,255
2026-05-26T12:49:00+00:00,1.623195,1.62319,1.62316,1.623235,336
2026-05-26T12:50:00+00:00,1.623185,1.62323,1.623125,1.623245,367
2026-05-26T12:51:00+00:00,1.623235,1.623065,1.62304,1.623235,331
2026-05-26T12:52:00+00:00,1.62306,1.62317,1.622955,1.62321,275
2026-05-26T12:53:00+00:00,1.623165,1.62316,1.623075,1.623195,250
2026-05-26T12:54:00+00:00,1.623155,1.623135,1.62309,1.62318,286
2026-05-26T12:55:00+00:00,1.62314,1.62301,1.622995,1.6232,442
2026-05-26T12:56:00+00:00,1.623005,1.622915,1.6229,1.62301,295
2026-05-26T12:57:00+00:00,1.62292,1.622725,1.622685,1.622935,241
2026-05-26T12:58:00+00:00,1.622715,1.62269,1.622665,1.622855,232
2026-05-26T12:59:00+00:00,1.622685,1.62272,1.622675,1.6228,189
2026-05-26T13:00:00+00:00,1.622715,1.622685,1.62261,1.62284,337
2026-05-26T13:01:00+00:00,1.622675,1.6226,1.62254,1.62276,261
2026-05-26T13:02:00+00:00,1.62261,1.6227,1.62256,1.62278,481
2026-05-26T13:03:00+00:00,1.622705,1.622535,1.622485,1.62271,350
2026-05-26T13:04:00+00:00,1.62253,1.622375,1.622355,1.62255,351
2026-05-26T13:05:00+00:00,1.62238,1.62229,1.62222,1.622435,415
2026-05-26T13:06:00+00:00,1.62228,1.622285,1.62223,1.622355,447
2026-05-26T13:07:00+00:00,1.62229,1.62233,1.622245,1.62245,340
2026-05-26T13:08:00+00:00,1.62232,1.622155,1.62214,1.62235,331
2026-05-26T13:09:00+00:00,1.622145,1.622165,1.622105,1.62225,373
2026-05-26T13:10:00+00:00,1.62216,1.622365,1.62216,1.622405,343
2026-05-26T13:11:00+00:00,1.62236,1.62226,1.62225,1.62247,439
2026-05-26T13:12:00+00:00,1.622255,1.62222,1.622185,1.62233,370
2026-05-26T13:13:00+00:00,1.62222,1.62221,1.62212,1.62225,277
2026-05-26T13:14:00+00:00,1.622205,1.62218,1.62208,1.62222,304
2026-05-26T13:15:00+00:00,1.62219,1.62223,1.62219,1.622335,370
2026-05-26T13:16:00+00:00,1.622235,1.622335,1.622225,1.62236,297
2026-05-26T13:17:00+00:00,1.62233,1.62215,1.62213,1.622375,291
2026-05-26T13:18:00+00:00,1.62214,1.62199,1.62193,1.62214,338
2026-05-26T13:19:00+00:00,1.62198,1.62199,1.621855,1.621995,351
2026-05-26T13:20:00+00:00,1.621985,1.62193,1.621855,1.62205,286
2026-05-26T13:21:00+00:00,1.621935,1.62182,1.62179,1.62196,367
2026-05-26T13:22:00+00:00,1.62183,1.621735,1.62171,1.621865,399
2026-05-26T13:23:00+00:00,1.62174,1.62166,1.6216,1.621775,226
2026-05-26T13:24:00+00:00,1.621665,1.621605,1.621555,1.621695,312
2026-05-26T13:25:00+00:00,1.62161,1.621775,1.621605,1.621805,276
2026-05-26T13:26:00+00:00,1.621785,1.62195,1.621785,1.62195,226
2026-05-26T13:27:00+00:00,1.62196,1.62166,1.62165,1.621985,223
2026-05-26T13:28:00+00:00,1.621665,1.62161,1.62161,1.621875,304
2026-05-26T13:29:00+00:00,1.621605,1.621485,1.62145,1.62166,399
2026-05-26T13:30:00+00:00,1.62149,1.62152,1.6213,1.62154,728
2026-05-26T13:31:00+00:00,1.62154,1.62167,1.62152,1.621705,602
2026-05-26T13:32:00+00:00,1.621665,1.6217,1.621515,1.62171,543
2026-05-26T13:33:00+00:00,1.621695,1.62197,1.62163,1.622005,561
2026-05-26T13:34:00+00:00,1.621975,1.621725,1.621585,1.62198,634
2026-05-26T13:35:00+00:00,1.62172,1.62202,1.62172,1.622045,635
2026-05-26T13:36:00+00:00,1.62201,1.621965,1.621955,1.622075,620
2026-05-26T13:37:00+00:00,1.621955,1.62173,1.621685,1.621975,580
2026-05-26T13:38:00+00:00,1.621725,1.621705,1.621655,1.62182,639
2026-05-26T13:39:00+00:00,1.62171,1.621705,1.621635,1.62179,481
2026-05-26T13:40:00+00:00,1.6217,1.621625,1.62149,1.621725,641
2026-05-26T13:41:00+00:00,1.62162,1.62135,1.62135,1.62163,534
2026-05-26T13:42:00+00:00,1.62136,1.62127,1.62123,1.621445,524
2026-05-26T13:43:00+00:00,1.621275,1.621215,1.621105,1.6213,558
2026-05-26T13:44:00+00:00,1.62121,1.62138,1.62112,1.621395,559
2026-05-26T13:45:00+00:00,1.621385,1.62123,1.621215,1.6214,594
2026-05-26T13:46:00+00:00,1.621225,1.62064,1.620625,1.621295,558
2026-05-26T13:47:00+00:00,1.620635,1.621065,1.620505,1.6211,635
2026-05-26T13:48:00+00:00,1.62106,1.621145,1.62097,1.621225,634
2026-05-26T13:49:00+00:00,1.621135,1.621205,1.620985,1.621205,491
2026-05-26T13:50:00+00:00,1.6212,1.621415,1.621095,1.621435,868
2026-05-26T13:51:00+00:00,1.62141,1.621555,1.621385,1.62175,1055
2026-05-26T13:52:00+00:00,1.62155,1.6215,1.62134,1.6216,754
2026-05-26T13:53:00+00:00,1.621505,1.6217,1.621495,1.62207,1334
2026-05-26T13:54:00+00:00,1.621705,1.621715,1.621615,1.62182,1026
2026-05-26T13:55:00+00:00,1.62171,1.62154,1.62149,1.621785,856
2026-05-26T13:56:00+00:00,1.62155,1.6216,1.621465,1.621775,466
2026-05-26T13:57:00+00:00,1.62159,1.621515,1.62139,1.62162,562
2026-05-26T13:58:00+00:00,1.621525,1.62164,1.62144,1.62165,337
2026-05-26T13:59:00+00:00,1.621645,1.62167,1.62148,1.621725,369
2026-05-26T14:00:00+00:00,1.6217,1.62139,1.62139,1.621725,527
2026-05-26T14:01:00+00:00,1.621385,1.621455,1.621345,1.6216,675
2026-05-26T14:02:00+00:00,1.621445,1.62114,1.621085,1.621565,736
2026-05-26T14:03:00+00:00,1.621135,1.620935,1.6209,1.62119,720
2026-05-26T14:04:00+00:00,1.62095,1.621015,1.620845,1.62104,585
2026-05-26T14:05:00+00:00,1.62101,1.621195,1.620945,1.621285,623
2026-05-26T14:06:00+00:00,1.6212,1.621265,1.62115,1.621345,581
2026-05-26T14:07:00+00:00,1.621275,1.62119,1.621105,1.62139,562
2026-05-26T14:08:00+00:00,1.6212,1.62112,1.6211,1.62127,598
2026-05-26T14:09:00+00:00,1.621125,1.621285,1.621075,1.621405,634
2026-05-26T14:10:00+00:00,1.62128,1.62109,1.620985,1.621285,526
2026-05-26T14:11:00+00:00,1.62108,1.62128,1.62104,1.62131,547
2026-05-26T14:12:00+00:00,1.621275,1.62116,1.6211,1.62129,378
2026-05-26T14:13:00+00:00,1.621155,1.62102,1.620935,1.62123,511
2026-05-26T14:14:00+00:00,1.621015,1.62101,1.620985,1.62112,495
2026-05-26T14:15:00+00:00,1.62103,1.621065,1.62098,1.621135,452
2026-05-26T14:16:00+00:00,1.62107,1.620975,1.620945,1.621075,403
2026-05-26T14:17:00+00:00,1.62097,1.620925,1.620905,1.62106,404
2026-05-26T14:18:00+00:00,1.62093,1.620975,1.62088,1.621045,403
2026-05-26T14:19:00+00:00,1.620975,1.6211,1.620965,1.62115,413
2026-05-26T14:20:00+00:00,1.6211,1.621085,1.62094,1.621175,468
2026-05-26T14:21:00+00:00,1.62108,1.62118,1.621045,1.621195,380
2026-05-26T14:22:00+00:00,1.62119,1.621235,1.6208,1.621235,494
2026-05-26T14:23:00+00:00,1.62124,1.621345,1.62112,1.62143,480
2026-05-26T14:24:00+00:00,1.62134,1.621065,1.62104,1.621345,498
2026-05-26T14:25:00+00:00,1.62106,1.62108,1.620875,1.62108,551
2026-05-26T14:26:00+00:00,1.621085,1.62141,1.621085,1.621505,436
2026-05-26T14:27:00+00:00,1.621405,1.62145,1.621295,1.621465,349
2026-05-26T14:28:00+00:00,1.62144,1.621705,1.621375,1.62171,443
2026-05-26T14:29:00+00:00,1.621695,1.621705,1.62163,1.62182,553
2026-05-26T14:30:00+00:00,1.62171,1.6217,1.621625,1.62182,553
2026-05-26T14:31:00+00:00,1.621695,1.621865,1.621685,1.621875,479
2026-05-26T14:32:00+00:00,1.62187,1.621875,1.62169,1.62189,440
2026-05-26T14:33:00+00:00,1.62187,1.62189,1.62187,1.622125,659
2026-05-26T14:34:00+00:00,1.621895,1.62179,1.621775,1.62196,550
2026-05-26T14:35:00+00:00,1.621795,1.62136,1.62127,1.621795,752
2026-05-26T14:36:00+00:00,1.621355,1.621635,1.621315,1.6217,664
2026-05-26T14:37:00+00:00,1.62164,1.621675,1.621595,1.621765,511
2026-05-26T14:38:00+00:00,1.62168,1.62178,1.62166,1.621815,524
2026-05-26T14:39:00+00:00,1.62177,1.621895,1.62169,1.621905,486
2026-05-26T14:40:00+00:00,1.621915,1.621855,1.621815,1.621945,436
2026-05-26T14:41:00+00:00,1.62186,1.622025,1.621785,1.622035,361
2026-05-26T14:42:00+00:00,1.62201,1.6218,1.62172,1.622075,481
2026-05-26T14:43:00+00:00,1.621815,1.62204,1.621725,1.622065,433
2026-05-26T14:44:00+00:00,1.622035,1.621695,1.621685,1.622235,428
2026-05-26T14:45:00+00:00,1.621705,1.62175,1.62168,1.6219,463
2026-05-26T14:46:00+00:00,1.62174,1.621805,1.62168,1.621875,438
2026-05-26T14:47:00+00:00,1.62181,1.622035,1.62174,1.622045,484
2026-05-26T14:48:00+00:00,1.62203,1.622005,1.62195,1.622185,526
2026-05-26T14:49:00+00:00,1.62201,1.621955,1.6219,1.622055,437
2026-05-26T14:50:00+00:00,1.62196,1.62204,1.621955,1.622065,450
2026-05-26T14:51:00+00:00,1.62203,1.621985,1.621955,1.6221,390
2026-05-26T14:52:00+00:00,1.62198,1.62196,1.621895,1.62207,401
2026-05-26T14:53:00+00:00,1.621965,1.62185,1.62185,1.62205,560
2026-05-26T14:54:00+00:00,1.621855,1.62191,1.62181,1.62195,504
2026-05-26T14:55:00+00:00,1.621915,1.622045,1.62178,1.622095,635
2026-05-26T14:56:00+00:00,1.62204,1.622185,1.62197,1.622275,594
2026-05-26T14:57:00+00:00,1.62218,1.621905,1.621905,1.62227,582
2026-05-26T14:58:00+00:00,1.621895,1.621865,1.621785,1.622005,529
2026-05-26T14:59:00+00:00,1.62187,1.62179,1.62169,1.62191,557
2026-05-26T15:00:00+00:00,1.621795,1.621885,1.62178,1.621995,474
2026-05-26T15:01:00+00:00,1.62189,1.62191,1.621785,1.62198,558
2026-05-26T15:02:00+00:00,1.621915,1.62201,1.62183,1.622105,839
2026-05-26T15:03:00+00:00,1.622,1.621925,1.62179,1.62207,655
2026-05-26T15:04:00+00:00,1.621935,1.62195,1.621795,1.622065,445
2026-05-26T15:05:00+00:00,1.621955,1.62198,1.62191,1.62209,522
2026-05-26T15:06:00+00:00,1.621985,1.62193,1.62192,1.6221,595
2026-05-26T15:07:00+00:00,1.621935,1.62184,1.62178,1.62198,550
2026-05-26T15:08:00+00:00,1.62185,1.621785,1.62167,1.621855,625
2026-05-26T15:09:00+00:00,1.62178,1.622,1.62173,1.62202,539
2026-05-26T15:10:00+00:00,1.622005,1.62221,1.622,1.62221,455
2026-05-26T15:11:00+00:00,1.6222,1.622225,1.62209,1.622235,460
2026-05-26T15:12:00+00:00,1.62222,1.621925,1.6219,1.62225,301
2026-05-26T15:13:00+00:00,1.621915,1.621895,1.62183,1.62198,445
2026-05-26T15:14:00+00:00,1.6219,1.621745,1.621715,1.6219,450
2026-05-26T15:15:00+00:00,1.62174,1.621755,1.621685,1.62185,501
2026-05-26T15:16:00+00:00,1.62176,1.621985,1.62176,1.621995,401
2026-05-26T15:17:00+00:00,1.62198,1.62203,1.62195,1.62209,550
2026-05-26T15:18:00+00:00,1.62204,1.62205,1.621995,1.622125,563
2026-05-26T15:19:00+00:00,1.622045,1.62211,1.622005,1.622165,591
2026-05-26T15:20:00+00:00,1.622115,1.622235,1.62207,1.62231,474
2026-05-26T15:21:00+00:00,1.62223,1.622275,1.622225,1.62233,433
2026-05-26T15:22:00+00:00,1.62227,1.622215,1.622135,1.622325,382
2026-05-26T15:23:00+00:00,1.622225,1.622245,1.6222,1.62229,392
2026-05-26T15:24:00+00:00,1.62224,1.62231,1.62221,1.622365,435
2026-05-26T15:25:00+00:00,1.622315,1.622325,1.622155,1.62233,533
2026-05-26T15:26:00+00:00,1.622315,1.622285,1.622215,1.62234,532
2026-05-26T15:27:00+00:00,1.6223,1.622425,1.622285,1.622505,480
2026-05-26T15:28:00+00:00,1.622435,1.622565,1.62227,1.62258,624
2026-05-26T15:29:00+00:00,1.62257,1.622645,1.62251,1.62269,516
2026-05-26T15:30:00+00:00,1.622655,1.62262,1.622505,1.622705,678
2026-05-26T15:31:00+00:00,1.62263,1.62269,1.62251,1.62271,489
2026-05-26T15:32:00+00:00,1.622685,1.622505,1.622365,1.62274,561
2026-05-26T15:33:00+00:00,1.62251,1.62242,1.62236,1.62251,383
2026-05-26T15:34:00+00:00,1.622425,1.622445,1.62228,1.622455,502
2026-05-26T15:35:00+00:00,1.62245,1.622615,1.62244,1.62262,493
2026-05-26T15:36:00+00:00,1.62262,1.62282,1.622575,1.622825,608
2026-05-26T15:37:00+00:00,1.622825,1.622675,1.622675,1.622835,647
2026-05-26T15:38:00+00:00,1.62267,1.622605,1.62253,1.622775,504
2026-05-26T15:39:00+00:00,1.62261,1.62244,1.62242,1.622645,422
2026-05-26T15:40:00+00:00,1.622435,1.622575,1.622415,1.622635,559
2026-05-26T15:41:00+00:00,1.622565,1.622625,1.6225,1.62264,485
2026-05-26T15:42:00+00:00,1.62263,1.62265,1.622545,1.622715,580
2026-05-26T15:43:00+00:00,1.622645,1.622605,1.622565,1.62268,481
2026-05-26T15:44:00+00:00,1.622615,1.622675,1.622585,1.622695,373
2026-05-26T15:45:00+00:00,1.62268,1.622675,1.62264,1.62279,563
2026-05-26T15:46:00+00:00,1.62268,1.622805,1.622675,1.622895,459
2026-05-26T15:47:00+00:00,1.6228,1.62276,1.622735,1.622825,384
2026-05-26T15:48:00+00:00,1.622755,1.62282,1.62263,1.622825,430
2026-05-26T15:49:00+00:00,1.622825,1.62275,1.62272,1.622855,364
2026-05-26T15:50:00+00:00,1.622745,1.622755,1.62271,1.62283,544
2026-05-26T15:51:00+00:00,1.62276,1.622855,1.622705,1.62288,449
2026-05-26T15:52:00+00:00,1.62285,1.62273,1.622685,1.62292,302
2026-05-26T15:53:00+00:00,1.622745,1.62285,1.622715,1.622865,307
2026-05-26T15:54:00+00:00,1.62286,1.622925,1.62277,1.62303,460
2026-05-26T15:55:00+00:00,1.62293,1.62301,1.622885,1.62303,474
2026-05-26T15:56:00+00:00,1.62302,1.622995,1.62299,1.62311,500
2026-05-26T15:57:00+00:00,1.62298,1.622805,1.62277,1.62306,533
2026-05-26T15:58:00+00:00,1.622815,1.62282,1.62278,1.6229,448
2026-05-26T15:59:00+00:00,1.622825,1.622695,1.62268,1.622845,318
2026-05-26T16:00:00+00:00,1.6227,1.62285,1.62264,1.62285,456
2026-05-26T16:01:00+00:00,1.622855,1.622675,1.62265,1.622895,371
2026-05-26T16:02:00+00:00,1.622665,1.62254,1.62254,1.62271,386
2026-05-26T16:03:00+00:00,1.62255,1.62258,1.622515,1.62263,354
2026-05-26T16:04:00+00:00,1.622575,1.622615,1.622555,1.62266,288
2026-05-26T16:05:00+00:00,1.622625,1.622565,1.622545,1.62263,241
2026-05-26T16:06:00+00:00,1.62257,1.62274,1.62257,1.62275,228
2026-05-26T16:07:00+00:00,1.622735,1.62272,1.622685,1.622745,198
2026-05-26T16:08:00+00:00,1.622715,1.622845,1.62266,1.622855,256
2026-05-26T16:09:00+00:00,1.62284,1.62264,1.62263,1.62285,321
2026-05-26T16:10:00+00:00,1.622635,1.62273,1.622625,1.622745,333
2026-05-26T16:11:00+00:00,1.622735,1.622735,1.62267,1.62277,217
2026-05-26T16:12:00+00:00,1.62274,1.622775,1.62267,1.622815,284
2026-05-26T16:13:00+00:00,1.622785,1.62273,1.62266,1.622785,212
2026-05-26T16:14:00+00:00,1.62273,1.622785,1.622685,1.62282,212
2026-05-26T16:15:00+00:00,1.62279,1.622815,1.622735,1.622845,281
2026-05-26T16:16:00+00:00,1.62281,1.62268,1.622665,1.62288,233
2026-05-26T16:17:00+00:00,1.622685,1.622645,1.62257,1.62269,206
2026-05-26T16:18:00+00:00,1.62264,1.62261,1.622565,1.622665,331
2026-05-26T16:19:00+00:00,1.62261,1.622585,1.622575,1.6227,391
2026-05-26T16:20:00+00:00,1.62259,1.62261,1.622455,1.622625,282
2026-05-26T16:21:00+00:00,1.6226,1.622745,1.62258,1.62278,207
2026-05-26T16:22:00+00:00,1.622745,1.622745,1.622715,1.6228,135
2026-05-26T16:23:00+00:00,1.622755,1.62276,1.622695,1.622775,228
2026-05-26T16:24:00+00:00,1.622765,1.6226,1.622595,1.622765,229
2026-05-26T16:25:00+00:00,1.6226,1.622735,1.6226,1.62279,239
2026-05-26T16:26:00+00:00,1.622735,1.622715,1.622655,1.62278,318
2026-05-26T16:27:00+00:00,1.62272,1.622755,1.622685,1.62278,207
2026-05-26T16:28:00+00:00,1.622755,1.622765,1.62272,1.6228,182
2026-05-26T16:29:00+00:00,1.62277,1.622785,1.62272,1.62281,232
2026-05-26T16:30:00+00:00,1.62278,1.62274,1.622695,1.62286,222
2026-05-26T16:31:00+00:00,1.62273,1.622755,1.622725,1.6228,201
2026-05-26T16:32:00+00:00,1.622755,1.62276,1.62272,1.622835,293
2026-05-26T16:33:00+00:00,1.622755,1.62279,1.6227,1.622845,594
2026-05-26T16:34:00+00:00,1.622795,1.622825,1.62273,1.62287,325
2026-05-26T16:35:00+00:00,1.622815,1.62284,1.622765,1.622865,253
2026-05-26T16:36:00+00:00,1.622835,1.623015,1.62282,1.623055,362
2026-05-26T16:37:00+00:00,1.623025,1.62302,1.62295,1.62307,285
2026-05-26T16:38:00+00:00,1.623015,1.622975,1.62294,1.62305,275
2026-05-26T16:39:00+00:00,1.622985,1.623065,1.62298,1.62307,235
2026-05-26T16:40:00+00:00,1.62306,1.6231,1.623025,1.623125,276
2026-05-26T16:41:00+00:00,1.623095,1.623175,1.623095,1.62322,319
2026-05-26T16:42:00+00:00,1.623185,1.623235,1.623135,1.623235,241
2026-05-26T16:43:00+00:00,1.623245,1.622985,1.622955,1.623265,260
2026-05-26T16:44:00+00:00,1.62298,1.622955,1.622935,1.62302,271
2026-05-26T16:45:00+00:00,1.62296,1.62293,1.62288,1.62298,331
2026-05-26T16:46:00+00:00,1.62292,1.62292,1.622865,1.62295,208
2026-05-26T16:47:00+00:00,1.622915,1.622915,1.622805,1.622935,299
2026-05-26T16:48:00+00:00,1.622925,1.62303,1.62291,1.623065,288
2026-05-26T16:49:00+00:00,1.62304,1.622985,1.622905,1.62304,262
2026-05-26T16:50:00+00:00,1.62298,1.622845,1.62281,1.62298,224
2026-05-26T16:51:00+00:00,1.622835,1.622885,1.62283,1.62297,256
2026-05-26T16:52:00+00:00,1.62288,1.623015,1.622875,1.62306,248
2026-05-26T16:53:00+00:00,1.62302,1.62297,1.62297,1.62303,248
2026-05-26T16:54:00+00:00,1.62298,1.622935,1.622895,1.623,284
2026-05-26T16:55:00+00:00,1.622945,1.622915,1.622835,1.623005,263
2026-05-26T16:56:00+00:00,1.62292,1.62282,1.622805,1.62292,282
2026-05-26T16:57:00+00:00,1.62281,1.622825,1.622755,1.62286,313
2026-05-26T16:58:00+00:00,1.62282,1.62276,1.622735,1.62285,267
2026-05-26T16:59:00+00:00,1.622755,1.62281,1.622755,1.62291,238
2026-05-26T17:00:00+00:00,1.622815,1.622755,1.622755,1.62287,209
2026-05-26T17:01:00+00:00,1.62275,1.62259,1.622575,1.62275,244
2026-05-26T17:02:00+00:00,1.622595,1.62263,1.62259,1.62269,253
2026-05-26T17:03:00+00:00,1.62263,1.62254,1.62254,1.62265,263
2026-05-26T17:04:00+00:00,1.62254,1.622665,1.62254,1.62268,208
2026-05-26T17:05:00+00:00,1.62266,1.62262,1.62261,1.622715,262
2026-05-26T17:06:00+00:00,1.622615,1.62264,1.62258,1.6227,270
2026-05-26T17:07:00+00:00,1.622645,1.622775,1.622635,1.622775,230
2026-05-26T17:08:00+00:00,1.62277,1.62275,1.62266,1.622775,230
2026-05-26T17:09:00+00:00,1.622755,1.622765,1.622725,1.622805,213
2026-05-26T17:10:00+00:00,1.62276,1.622935,1.622745,1.622965,280
2026-05-26T17:11:00+00:00,1.622935,1.62297,1.622885,1.622985,241
2026-05-26T17:12:00+00:00,1.622975,1.62297,1.6229,1.62303,261
2026-05-26T17:13:00+00:00,1.62297,1.622915,1.62288,1.622975,223
2026-05-26T17:14:00+00:00,1.62292,1.62296,1.622895,1.622995,195
2026-05-26T17:15:00+00:00,1.622965,1.622995,1.62296,1.62303,212
2026-05-26T17:16:00+00:00,1.623,1.622995,1.62296,1.623045,151
2026-05-26T17:17:00+00:00,1.622985,1.623015,1.622935,1.62303,246
2026-05-26T17:18:00+00:00,1.62302,1.62297,1.622935,1.623035,193
2026-05-26T17:19:00+00:00,1.62297,1.62302,1.622945,1.62304,94
2026-05-26T17:20:00+00:00,1.623025,1.622905,1.622905,1.623025,220
2026-05-26T17:21:00+00:00,1.62293,1.62288,1.62286,1.622955,245
2026-05-26T17:22:00+00:00,1.622885,1.62292,1.622835,1.622955,241
2026-05-26T17:23:00+00:00,1.622915,1.62282,1.622805,1.622945,283
2026-05-26T17:24:00+00:00,1.62282,1.62274,1.622705,1.622905,282
2026-05-26T17:25:00+00:00,1.62274,1.62283,1.62272,1.622835,284
2026-05-26T17:26:00+00:00,1.622835,1.62271,1.622705,1.62285,224
2026-05-26T17:27:00+00:00,1.622715,1.6227,1.62267,1.62275,196
2026-05-26T17:28:00+00:00,1.622695,1.622765,1.62267,1.622785,205
2026-05-26T17:29:00+00:00,1.622755,1.622705,1.62268,1.622795,218
2026-05-26T17:30:00+00:00,1.622725,1.622775,1.622695,1.622865,237
2026-05-26T17:31:00+00:00,1.62277,1.62281,1.62276,1.62293,340
2026-05-26T17:32:00+00:00,1.622815,1.62282,1.62271,1.62282,216
2026-05-26T17:33:00+00:00,1.622815,1.62272,1.6227,1.62282,257
2026-05-26T17:34:00+00:00,1.622715,1.622705,1.622655,1.622735,247
2026-05-26T17:35:00+00:00,1.62271,1.622685,1.622685,1.62277,275
2026-05-26T17:36:00+00:00,1.6227,1.62275,1.622695,1.62281,288
2026-05-26T17:37:00+00:00,1.622745,1.62267,1.62266,1.62276,244
2026-05-26T17:38:00+00:00,1.62267,1.622575,1.622575,1.622695,158
2026-05-26T17:39:00+00:00,1.62256,1.622615,1.622535,1.622615,205
2026-05-26T17:40:00+00:00,1.622615,1.622725,1.62257,1.62274,225
2026-05-26T17:41:00+00:00,1.62272,1.62289,1.622705,1.622895,216
2026-05-26T17:42:00+00:00,1.622865,1.622905,1.622865,1.62293,105
2026-05-26T17:43:00+00:00,1.6229,1.62285,1.62282,1.622915,116
2026-05-26T17:44:00+00:00,1.62286,1.62293,1.622845,1.62294,150
2026-05-26T17:45:00+00:00,1.622935,1.622845,1.622845,1.622935,152
2026-05-26T17:46:00+00:00,1.622845,1.62289,1.62284,1.622965,147
2026-05-26T17:47:00+00:00,1.62289,1.62282,1.622795,1.6229,179
2026-05-26T17:48:00+00:00,1.62283,1.62287,1.622805,1.622885,169
2026-05-26T17:49:00+00:00,1.62286,1.622845,1.622805,1.62288,168
2026-05-26T17:50:00+00:00,1.622825,1.622835,1.622795,1.62288,187
2026-05-26T17:51:00+00:00,1.622835,1.62279,1.62275,1.622835,187
2026-05-26T17:52:00+00:00,1.62279,1.62277,1.622755,1.62283,195
2026-05-26T17:53:00+00:00,1.62277,1.62277,1.622695,1.62279,195
2026-05-26T17:54:00+00:00,1.622785,1.622765,1.62276,1.622835,123
2026-05-26T17:55:00+00:00,1.622775,1.62283,1.62274,1.622845,168
2026-05-26T17:56:00+00:00,1.62282,1.62291,1.622815,1.622925,189
2026-05-26T17:57:00+00:00,1.622915,1.62289,1.62289,1.62301,236
2026-05-26T17:58:00+00:00,1.62289,1.622945,1.62288,1.62298,192
2026-05-26T17:59:00+00:00,1.62295,1.62295,1.622875,1.622955,235
2026-05-26T18:00:00+00:00,1.622955,1.62299,1.62292,1.62302,320
2026-05-26T18:01:00+00:00,1.622995,1.62295,1.62292,1.623015,196
2026-05-26T18:02:00+00:00,1.62296,1.62289,1.62289,1.623015,177
2026-05-26T18:03:00+00:00,1.622895,1.622815,1.622795,1.62293,238
2026-05-26T18:04:00+00:00,1.62282,1.6228,1.62279,1.62289,180
2026-05-26T18:05:00+00:00,1.622805,1.622785,1.62271,1.62282,260
2026-05-26T18:06:00+00:00,1.62279,1.622695,1.622685,1.62279,148
2026-05-26T18:07:00+00:00,1.62269,1.622695,1.622635,1.622705,105
2026-05-26T18:08:00+00:00,1.62268,1.62267,1.622625,1.62271,252
2026-05-26T18:09:00+00:00,1.622665,1.62268,1.62263,1.622715,203
2026-05-26T18:10:00+00:00,1.622675,1.622575,1.622575,1.622785,194
2026-05-26T18:11:00+00:00,1.62258,1.62258,1.622555,1.62264,207
2026-05-26T18:12:00+00:00,1.622575,1.62253,1.622475,1.622655,241
2026-05-26T18:13:00+00:00,1.622535,1.622515,1.62248,1.622575,203
2026-05-26T18:14:00+00:00,1.62251,1.622575,1.622495,1.622615,216
2026-05-26T18:15:00+00:00,1.62257,1.62258,1.62248,1.622595,256
2026-05-26T18:16:00+00:00,1.62259,1.622655,1.622565,1.6227,169
2026-05-26T18:17:00+00:00,1.622675,1.62261,1.62256,1.62268,224
2026-05-26T18:18:00+00:00,1.622615,1.622595,1.622545,1.62265,216
2026-05-26T18:19:00+00:00,1.6226,1.622515,1.6225,1.62263,170
2026-05-26T18:20:00+00:00,1.62251,1.62258,1.6225,1.62264,264
2026-05-26T18:21:00+00:00,1.622575,1.622515,1.62248,1.622655,272
2026-05-26T18:22:00+00:00,1.62251,1.62252,1.622435,1.62252,185
2026-05-26T18:23:00+00:00,1.622515,1.62251,1.62244,1.62253,252
2026-05-26T18:24:00+00:00,1.622515,1.62269,1.622495,1.62269,135
2026-05-26T18:25:00+00:00,1.622685,1.622665,1.622625,1.6227,158
2026-05-26T18:26:00+00:00,1.622655,1.62259,1.622585,1.6227,240
2026-05-26T18:27:00+00:00,1.622585,1.622565,1.622565,1.62265,189
2026-05-26T18:28:00+00:00,1.622575,1.622555,1.62251,1.62263,242
2026-05-26T18:29:00+00:00,1.62255,1.62241,1.622405,1.62257,156
2026-05-26T18:30:00+00:00,1.622415,1.62234,1.622285,1.62242,223
2026-05-26T18:31:00+00:00,1.62235,1.62226,1.622235,1.622355,289
2026-05-26T18:32:00+00:00,1.62225,1.62241,1.62225,1.62241,249
2026-05-26T18:33:00+00:00,1.62241,1.62233,1.62229,1.622425,177
2026-05-26T18:34:00+00:00,1.622315,1.622365,1.6223,1.62242,119
2026-05-26T18:35:00+00:00,1.62236,1.62246,1.622345,1.62249,239
2026-05-26T18:36:00+00:00,1.622455,1.62245,1.62242,1.62252,170
2026-05-26T18:37:00+00:00,1.622445,1.62248,1.622405,1.62248,89
2026-05-26T18:38:00+00:00,1.622475,1.622365,1.62234,1.622495,188
2026-05-26T18:39:00+00:00,1.622365,1.622335,1.62232,1.62241,159
2026-05-26T18:40:00+00:00,1.62234,1.622495,1.62233,1.622495,173
2026-05-26T18:41:00+00:00,1.622485,1.6225,1.622485,1.62255,138
2026-05-26T18:42:00+00:00,1.6225,1.62248,1.622465,1.622595,225
2026-05-26T18:43:00+00:00,1.62248,1.62245,1.62241,1.62251,157
2026-05-26T18:44:00+00:00,1.622455,1.622505,1.622415,1.622515,156
2026-05-26T18:45:00+00:00,1.6225,1.62246,1.622415,1.622525,93
2026-05-26T18:46:00+00:00,1.622455,1.622475,1.62243,1.622505,103
2026-05-26T18:47:00+00:00,1.62248,1.62254,1.62243,1.62254,96
2026-05-26T18:48:00+00:00,1.622525,1.6224,1.622395,1.62254,81
2026-05-26T18:49:00+00:00,1.622405,1.62246,1.62236,1.622475,105
2026-05-26T18:50:00+00:00,1.62245,1.622395,1.62236,1.62245,133
2026-05-26T18:51:00+00:00,1.6224,1.62227,1.62225,1.622415,164
2026-05-26T18:52:00+00:00,1.622275,1.62236,1.622275,1.62236,98
2026-05-26T18:53:00+00:00,1.62235,1.622445,1.622295,1.62249,198
2026-05-26T18:54:00+00:00,1.62244,1.62233,1.622315,1.622465,106
2026-05-26T18:55:00+00:00,1.622315,1.622325,1.62226,1.62235,102
2026-05-26T18:56:00+00:00,1.62233,1.622345,1.622315,1.62239,125
2026-05-26T18:57:00+00:00,1.622345,1.62228,1.62227,1.622395,213
2026-05-26T18:58:00+00:00,1.622285,1.622285,1.622205,1.622295,204
2026-05-26T18:59:00+00:00,1.62229,1.622395,1.622265,1.622425,202
2026-05-26T19:00:00+00:00,1.622395,1.622535,1.622365,1.622555,302
2026-05-26T19:01:00+00:00,1.62254,1.622565,1.62251,1.622615,206
2026-05-26T19:02:00+00:00,1.62257,1.622705,1.62254,1.62271,143
2026-05-26T19:03:00+00:00,1.622695,1.622555,1.62252,1.622695,165
2026-05-26T19:04:00+00:00,1.622545,1.62258,1.62253,1.62264,181
2026-05-26T19:05:00+00:00,1.622575,1.622575,1.6225,1.622625,133
2026-05-26T19:06:00+00:00,1.622575,1.62251,1.622505,1.622585,112
2026-05-26T19:07:00+00:00,1.622495,1.622495,1.622425,1.622525,135
2026-05-26T19:08:00+00:00,1.622495,1.622485,1.622445,1.622515,94
2026-05-26T19:09:00+00:00,1.622485,1.622445,1.62242,1.62249,84
2026-05-26T19:10:00+00:00,1.62245,1.622535,1.62244,1.622555,80
2026-05-26T19:11:00+00:00,1.62254,1.622525,1.62249,1.62259,103
2026-05-26T19:12:00+00:00,1.622535,1.62248,1.622455,1.62255,136
2026-05-26T19:13:00+00:00,1.622475,1.62246,1.622405,1.622485,138
2026-05-26T19:14:00+00:00,1.62246,1.62256,1.62245,1.622565,131
2026-05-26T19:15:00+00:00,1.622565,1.622585,1.622545,1.622615,110
2026-05-26T19:16:00+00:00,1.622585,1.622605,1.62258,1.62266,122
2026-05-26T19:17:00+00:00,1.622595,1.622555,1.622535,1.62264,172
2026-05-26T19:18:00+00:00,1.622555,1.62251,1.62251,1.622585,92
2026-05-26T19:19:00+00:00,1.622525,1.622545,1.62251,1.62257,89
2026-05-26T19:20:00+00:00,1.622545,1.622535,1.6225,1.622565,114
2026-05-26T19:21:00+00:00,1.62253,1.622575,1.62252,1.622605,213
2026-05-26T19:22:00+00:00,1.622575,1.622575,1.622545,1.6226,96
2026-05-26T19:23:00+00:00,1.622565,1.622525,1.62249,1.622565,125
2026-05-26T19:24:00+00:00,1.62253,1.622395,1.62239,1.622545,163
2026-05-26T19:25:00+00:00,1.62239,1.62237,1.622355,1.622455,120
2026-05-26T19:26:00+00:00,1.622365,1.622385,1.622365,1.622455,102
2026-05-26T19:27:00+00:00,1.62238,1.62247,1.62237,1.62249,65
2026-05-26T19:28:00+00:00,1.62247,1.62253,1.622465,1.62256,102
2026-05-26T19:29:00+00:00,1.622525,1.622515,1.622485,1.622575,105
2026-05-26T19:30:00+00:00,1.622525,1.622445,1.622435,1.622525,157
2026-05-26T19:31:00+00:00,1.62244,1.62242,1.62242,1.62248,62
2026-05-26T19:32:00+00:00,1.622415,1.62245,1.622415,1.622535,127
2026-05-26T19:33:00+00:00,1.62246,1.62245,1.62242,1.62249,65
2026-05-26T19:34:00+00:00,1.62244,1.62243,1.62238,1.62247,216
2026-05-26T19:35:00+00:00,1.62244,1.622485,1.62243,1.62251,89
2026-05-26T19:36:00+00:00,1.622485,1.62242,1.62241,1.622525,163
2026-05-26T19:37:00+00:00,1.622425,1.62245,1.62242,1.622455,76
2026-05-26T19:38:00+00:00,1.622455,1.62242,1.622395,1.62249,185
2026-05-26T19:39:00+00:00,1.62242,1.62242,1.62239,1.62247,148
2026-05-26T19:40:00+00:00,1.622425,1.622435,1.62238,1.62245,71
2026-05-26T19:41:00+00:00,1.622435,1.62241,1.622345,1.622455,93
2026-05-26T19:42:00+00:00,1.622395,1.62238,1.622375,1.62243,81
2026-05-26T19:43:00+00:00,1.622375,1.62241,1.622335,1.62244,80
2026-05-26T19:44:00+00:00,1.6224,1.62233,1.62232,1.62242,100
2026-05-26T19:45:00+00:00,1.622335,1.622365,1.622335,1.62243,139
2026-05-26T19:46:00+00:00,1.622365,1.622335,1.622315,1.622375,116
2026-05-26T19:47:00+00:00,1.622335,1.622375,1.622315,1.62238,54
2026-05-26T19:48:00+00:00,1.62237,1.622365,1.622345,1.6224,67
2026-05-26T19:49:00+00:00,1.622365,1.622295,1.622295,1.6224,116
2026-05-26T19:50:00+00:00,1.622305,1.62236,1.62223,1.62237,124
2026-05-26T19:51:00+00:00,1.622355,1.622405,1.622295,1.622405,78
2026-05-26T19:52:00+00:00,1.622405,1.622335,1.62233,1.622445,108
2026-05-26T19:53:00+00:00,1.622335,1.62238,1.62229,1.622395,102
2026-05-26T19:54:00+00:00,1.62238,1.62231,1.62225,1.62238,150
2026-05-26T19:55:00+00:00,1.622315,1.622405,1.62226,1.62244,192
2026-05-26T19:56:00+00:00,1.62242,1.622545,1.62237,1.62258,196
2026-05-26T19:57:00+00:00,1.62255,1.62252,1.622505,1.622595,216
2026-05-26T19:58:00+00:00,1.622525,1.622625,1.62249,1.62265,279
2026-05-26T19:59:00+00:00,1.6226,1.622605,1.622555,1.622695,301
2026-05-26T20:00:00+00:00,1.622595,1.622675,1.62255,1.622735,273
2026-05-26T20:01:00+00:00,1.62268,1.62258,1.622525,1.622685,186
2026-05-26T20:02:00+00:00,1.62258,1.62246,1.62243,1.62258,123
2026-05-26T20:03:00+00:00,1.622455,1.62244,1.622435,1.6225,64
2026-05-26T20:04:00+00:00,1.622445,1.622585,1.622435,1.622585,73
2026-05-26T20:05:00+00:00,1.622575,1.622705,1.622545,1.622745,89
2026-05-26T20:06:00+00:00,1.6227,1.62269,1.62268,1.62274,41
2026-05-26T20:07:00+00:00,1.62269,1.62267,1.62267,1.62272,36
2026-05-26T20:08:00+00:00,1.622685,1.62269,1.622675,1.622725,39
2026-05-26T20:09:00+00:00,1.62269,1.622755,1.62266,1.622755,45
2026-05-26T20:10:00+00:00,1.62275,1.6227,1.622685,1.622765,41
2026-05-26T20:11:00+00:00,1.62268,1.622685,1.622615,1.62272,45
2026-05-26T20:12:00+00:00,1.622685,1.6227,1.62268,1.62272,30
2026-05-26T20:13:00+00:00,1.62271,1.622725,1.622695,1.62273,47
2026-05-26T20:14:00+00:00,1.622715,1.622745,1.62271,1.622775,31
2026-05-26T20:15:00+00:00,1.62276,1.62274,1.62273,1.622795,36
2026-05-26T20:16:00+00:00,1.62274,1.62277,1.622715,1.62277,28
2026-05-26T20:17:00+00:00,1.62277,1.622775,1.622745,1.6228,31
2026-05-26T20:18:00+00:00,1.62279,1.622785,1.622755,1.622805,49
2026-05-26T20:19:00+00:00,1.622785,1.62278,1.622745,1.62282,46
2026-05-26T20:20:00+00:00,1.622765,1.622745,1.622715,1.62279,32
2026-05-26T20:21:00+00:00,1.62275,1.622725,1.6227,1.62277,53
2026-05-26T20:22:00+00:00,1.622725,1.622725,1.622695,1.622735,45
2026-05-26T20:23:00+00:00,1.62272,1.62272,1.6227,1.62272,44
2026-05-26T20:24:00+00:00,1.62272,1.62275,1.622705,1.622775,58
2026-05-26T20:25:00+00:00,1.62276,1.62271,1.62271,1.622765,55
2026-05-26T20:26:00+00:00,1.62271,1.6227,1.622675,1.62272,66
2026-05-26T20:27:00+00:00,1.6227,1.622725,1.62267,1.622735,54
2026-05-26T20:28:00+00:00,1.62272,1.622695,1.622695,1.622725,22
2026-05-26T20:29:00+00:00,1.62269,1.622565,1.622565,1.622735,127
2026-05-26T20:30:00+00:00,1.62257,1.622695,1.62257,1.62271,96
2026-05-26T20:31:00+00:00,1.62269,1.622745,1.622665,1.62275,115
2026-05-26T20:32:00+00:00,1.62274,1.62266,1.622645,1.622745,96
2026-05-26T20:33:00+00:00,1.622665,1.622625,1.622595,1.62267,80
2026-05-26T20:34:00+00:00,1.622625,1.62266,1.622605,1.62268,27
2026-05-26T20:35:00+00:00,1.62266,1.62264,1.622625,1.62268,43
2026-05-26T20:36:00+00:00,1.62265,1.62261,1.62261,1.62265,32
2026-05-26T20:37:00+00:00,1.62258,1.622585,1.622565,1.62262,30
2026-05-26T20:38:00+00:00,1.62258,1.622605,1.62258,1.62264,64
2026-05-26T20:39:00+00:00,1.622605,1.62264,1.62259,1.62266,46
2026-05-26T20:40:00+00:00,1.622645,1.622605,1.622605,1.62265,22
2026-05-26T20:41:00+00:00,1.622605,1.62264,1.622605,1.62267,24
2026-05-26T20:42:00+00:00,1.622635,1.62262,1.622615,1.622645,21
2026-05-26T20:43:00+00:00,1.62262,1.62263,1.6226,1.62264,11
2026-05-26T20:44:00+00:00,1.62263,1.62266,1.62263,1.622675,24
2026-05-26T20:45:00+00:00,1.62267,1.622695,1.62267,1.622725,47
2026-05-26T20:46:00+00:00,1.622695,1.622705,1.622695,1.622735,38
2026-05-26T20:47:00+00:00,1.62271,1.62273,1.622675,1.622735,26
2026-05-26T20:48:00+00:00,1.62273,1.622765,1.62273,1.622795,96
2026-05-26T20:49:00+00:00,1.622775,1.62282,1.62275,1.622835,49
2026-05-26T20:50:00+00:00,1.622815,1.62302,1.622815,1.62305,66
2026-05-26T20:51:00+00:00,1.623025,1.623025,1.622995,1.62311,65
2026-05-26T20:52:00+00:00,1.623025,1.62299,1.62298,1.623035,77
2026-05-26T20:53:00+00:00,1.622985,1.622995,1.62298,1.623015,45
2026-05-26T20:54:00+00:00,1.622995,1.62295,1.62295,1.62302,42
2026-05-26T20:55:00+00:00,1.62296,1.622885,1.622875,1.62297,52
2026-05-26T20:56:00+00:00,1.622885,1.62288,1.622875,1.62296,63
2026-05-26T20:57:00+00:00,1.62288,1.622965,1.622855,1.622985,44
2026-05-26T20:58:00+00:00,1.622965,1.62296,1.622925,1.623,79
2026-05-26T20:59:00+00:00,1.62297,1.62244,1.622405,1.623055,162
2026-05-26T21:00:00+00:00,1.622345,1.62203,1.62154,1.622345,120
2026-05-26T21:01:00+00:00,1.62203,1.62203,1.621925,1.622035,72
2026-05-26T21:02:00+00:00,1.622035,1.622035,1.62203,1.622035,33
2026-05-26T21:03:00+00:00,1.622035,1.622035,1.62203,1.622035,22
2026-05-26T21:04:00+00:00,1.622035,1.6221,1.62188,1.6221,35
2026-05-26T21:05:00+00:00,1.6221,1.62204,1.621865,1.62211,240
2026-05-26T21:06:00+00:00,1.62204,1.6218,1.6217,1.622115,183
2026-05-26T21:07:00+00:00,1.622005,1.621945,1.621715,1.62212,236
2026-05-26T21:08:00+00:00,1.62183,1.62197,1.621715,1.622005,237
2026-05-26T21:09:00+00:00,1.621835,1.62199,1.621595,1.622035,239
2026-05-26T21:10:00+00:00,1.62183,1.621725,1.62169,1.622125,206
2026-05-26T21:11:00+00:00,1.621725,1.62152,1.621485,1.621725,29
2026-05-26T21:12:00+00:00,1.62152,1.621645,1.621495,1.62182,36
2026-05-26T21:13:00+00:00,1.621645,1.621785,1.621625,1.621845,28
2026-05-26T21:14:00+00:00,1.621785,1.622785,1.621785,1.62279,25
2026-05-26T21:15:00+00:00,1.62276,1.6225,1.622335,1.623175,79
2026-05-26T21:16:00+00:00,1.6225,1.622405,1.622405,1.6225,14
2026-05-26T21:17:00+00:00,1.622405,1.623015,1.622375,1.623075,25
2026-05-26T21:18:00+00:00,1.623015,1.62252,1.62252,1.623165,38
2026-05-26T21:19:00+00:00,1.62252,1.622325,1.622255,1.62252,24
2026-05-26T21:20:00+00:00,1.622325,1.622345,1.62201,1.622425,38
2026-05-26T21:21:00+00:00,1.622345,1.62243,1.622345,1.622455,11
2026-05-26T21:22:00+00:00,1.62243,1.62248,1.62241,1.62248,11
2026-05-26T21:23:00+00:00,1.62248,1.62247,1.62247,1.62248,3
2026-05-26T21:24:00+00:00,1.62247,1.622825,1.62222,1.622825,20
2026-05-26T21:25:00+00:00,1.622825,1.62283,1.62268,1.622845,6
2026-05-26T21:26:00+00:00,1.62283,1.622715,1.62267,1.62284,17
2026-05-26T21:27:00+00:00,1.622715,1.622795,1.622715,1.62283,4
2026-05-26T21:28:00+00:00,1.622795,1.62283,1.622795,1.62283,3
2026-05-26T21:29:00+00:00,1.62283,1.622735,1.622735,1.62285,8
2026-05-26T21:30:00+00:00,1.62274,1.62276,1.622615,1.622845,19
2026-05-26T21:31:00+00:00,1.62276,1.62278,1.622755,1.62281,4
2026-05-26T21:32:00+00:00,1.62278,1.622645,1.62264,1.62282,6
2026-05-26T21:33:00+00:00,1.622645,1.622695,1.62264,1.622725,10
2026-05-26T21:34:00+00:00,1.622695,1.622705,1.622695,1.622705,2
2026-05-26T21:35:00+00:00,1.622705,1.622785,1.622555,1.622785,18
2026-05-26T21:36:00+00:00,1.622785,1.622665,1.62264,1.622785,16
2026-05-26T21:37:00+00:00,1.622665,1.62268,1.6226,1.62273,16
2026-05-26T21:38:00+00:00,1.622715,1.622725,1.62265,1.62276,24
2026-05-26T21:39:00+00:00,1.622725,1.6227,1.622615,1.62277,29
2026-05-26T21:40:00+00:00,1.6227,1.62262,1.6226,1.62272,19
2026-05-26T21:41:00+00:00,1.62266,1.62269,1.622625,1.622725,30
2026-05-26T21:42:00+00:00,1.62269,1.622745,1.6226,1.622745,16
2026-05-26T21:43:00+00:00,1.622745,1.62273,1.622715,1.622755,10
2026-05-26T21:44:00+00:00,1.62273,1.62274,1.62272,1.62277,10
2026-05-26T21:45:00+00:00,1.622695,1.622605,1.622595,1.62271,31
2026-05-26T21:46:00+00:00,1.622605,1.622695,1.622605,1.622695,16
2026-05-26T21:47:00+00:00,1.622695,1.62268,1.622655,1.622765,27
2026-05-26T21:48:00+00:00,1.62268,1.62267,1.622645,1.622745,44
2026-05-26T21:49:00+00:00,1.62267,1.62276,1.622635,1.62279,54
2026-05-26T21:50:00+00:00,1.62276,1.62272,1.62261,1.62276,61
2026-05-26T21:51:00+00:00,1.62272,1.622735,1.6226,1.622735,24
2026-05-26T21:52:00+00:00,1.622735,1.62267,1.62266,1.622735,7
2026-05-26T21:53:00+00:00,1.62267,1.622825,1.622665,1.622835,11
2026-05-26T21:54:00+00:00,1.622835,1.6228,1.6228,1.62284,13
2026-05-26T21:55:00+00:00,1.622755,1.622775,1.622715,1.62281,29
2026-05-26T21:56:00+00:00,1.622775,1.6226,1.6226,1.622825,11
2026-05-26T21:57:00+00:00,1.6226,1.622805,1.6226,1.622805,16
2026-05-26T21:58:00+00:00,1.62277,1.62276,1.62276,1.622795,7
2026-05-26T21:59:00+00:00,1.62276,1.62276,1.62271,1.622785,37
2026-05-26T22:00:00+00:00,1.62265,1.622745,1.622565,1.6228,136
2026-05-26T22:01:00+00:00,1.62271,1.62288,1.622645,1.622915,64
2026-05-26T22:02:00+00:00,1.622895,1.62296,1.622855,1.62298,36
2026-05-26T22:03:00+00:00,1.62294,1.622925,1.622875,1.623005,55
2026-05-26T22:04:00+00:00,1.62293,1.622915,1.622855,1.62301,59
2026-05-26T22:05:00+00:00,1.62291,1.622925,1.62288,1.62305,98
2026-05-26T22:06:00+00:00,1.622895,1.62289,1.62283,1.62301,33
2026-05-26T22:07:00+00:00,1.62289,1.62299,1.62289,1.622995,17
2026-05-26T22:08:00+00:00,1.62299,1.62299,1.622865,1.62301,87
2026-05-26T22:09:00+00:00,1.62299,1.62298,1.62281,1.623045,89
2026-05-26T22:10:00+00:00,1.62299,1.62301,1.62295,1.62307,133
2026-05-26T22:11:00+00:00,1.62301,1.62314,1.62293,1.62317,77
2026-05-26T22:12:00+00:00,1.62314,1.623025,1.623005,1.623145,45
2026-05-26T22:13:00+00:00,1.623025,1.62303,1.622985,1.62305,58
2026-05-26T22:14:00+00:00,1.62304,1.623005,1.622995,1.623055,41
2026-05-26T22:15:00+00:00,1.623005,1.622935,1.622925,1.623015,44
2026-05-26T22:16:00+00:00,1.622935,1.622955,1.622935,1.622995,43
2026-05-26T22:17:00+00:00,1.622965,1.62295,1.62293,1.622975,25
2026-05-26T22:18:00+00:00,1.62295,1.62295,1.62291,1.622975,50
2026-05-26T22:19:00+00:00,1.62295,1.6229,1.62289,1.622975,39
2026-05-26T22:20:00+00:00,1.6229,1.62293,1.622895,1.62294,17
2026-05-26T22:21:00+00:00,1.62292,1.62296,1.62288,1.62299,56
2026-05-26T22:22:00+00:00,1.622955,1.622925,1.622885,1.62298,57
2026-05-26T22:23:00+00:00,1.622925,1.622905,1.62287,1.622935,34
2026-05-26T22:24:00+00:00,1.622915,1.622935,1.62291,1.62294,16
2026-05-26T22:25:00+00:00,1.62293,1.62296,1.622885,1.62298,56
2026-05-26T22:26:00+00:00,1.62296,1.622965,1.622885,1.62297,27
2026-05-26T22:27:00+00:00,1.622965,1.62293,1.622895,1.622965,10
2026-05-26T22:28:00+00:00,1.622935,1.622935,1.622935,1.62297,22
2026-05-26T22:29:00+00:00,1.622925,1.62303,1.622925,1.62304,36
2026-05-26T22:30:00+00:00,1.623045,1.62301,1.622985,1.623045,45
2026-05-26T22:31:00+00:00,1.623015,1.62293,1.62292,1.62302,40
2026-05-26T22:32:00+00:00,1.62293,1.6229,1.622875,1.62294,66
2026-05-26T22:33:00+00:00,1.62291,1.62293,1.622885,1.62294,21
2026-05-26T22:34:00+00:00,1.62292,1.62294,1.62292,1.623,35
2026-05-26T22:35:00+00:00,1.62294,1.622955,1.622925,1.62296,19
2026-05-26T22:36:00+00:00,1.622955,1.62306,1.622955,1.623065,42
2026-05-26T22:37:00+00:00,1.62307,1.62306,1.623045,1.623075,12
2026-05-26T22:38:00+00:00,1.62306,1.62306,1.62304,1.62308,24
2026-05-26T22:39:00+00:00,1.623065,1.62296,1.622955,1.623075,34
2026-05-26T22:40:00+00:00,1.622945,1.6229,1.62285,1.62296,39
2026-05-26T22:41:00+00:00,1.6229,1.622915,1.6229,1.622915,15
2026-05-26T22:42:00+00:00,1.622905,1.622905,1.622905,1.62295,35
2026-05-26T22:43:00+00:00,1.622915,1.622915,1.6229,1.62295,37
2026-05-26T22:44:00+00:00,1.622915,1.623035,1.622915,1.623035,19
2026-05-26T22:45:00+00:00,1.623035,1.62304,1.623015,1.62305,25
2026-05-26T22:46:00+00:00,1.623045,1.623135,1.623045,1.623135,53
2026-05-26T22:47:00+00:00,1.623145,1.623125,1.62311,1.623145,14
2026-05-26T22:48:00+00:00,1.623125,1.62324,1.623105,1.623265,37
2026-05-26T22:49:00+00:00,1.62324,1.62325,1.62324,1.62325,1
2026-05-26T22:50:00+00:00,1.623245,1.62316,1.623145,1.623245,26
2026-05-26T22:51:00+00:00,1.62316,1.62316,1.623145,1.62316,7
2026-05-26T22:52:00+00:00,1.623155,1.62314,1.62312,1.62317,36
2026-05-26T22:53:00+00:00,1.62314,1.62314,1.62312,1.623155,87
2026-05-26T22:54:00+00:00,1.62313,1.623125,1.6231,1.623145,55
2026-05-26T22:55:00+00:00,1.623125,1.62314,1.623125,1.623145,11
2026-05-26T22:56:00+00:00,1.62314,1.62298,1.62296,1.62314,73
2026-05-26T22:57:00+00:00,1.62298,1.62298,1.62298,1.62306,154
2026-05-26T22:58:00+00:00,1.62298,1.623025,1.62298,1.62305,55
2026-05-26T22:59:00+00:00,1.623025,1.62307,1.623025,1.623095,78
2026-05-26T23:00:00+00:00,1.62308,1.622955,1.62293,1.62309,175
2026-05-26T23:01:00+00:00,1.62296,1.623055,1.62296,1.623065,89
2026-05-26T23:02:00+00:00,1.62306,1.623025,1.623015,1.62308,45
2026-05-26T23:03:00+00:00,1.62302,1.623045,1.623015,1.623065,44
2026-05-26T23:04:00+00:00,1.623055,1.62305,1.62304,1.623055,20
2026-05-26T23:05:00+00:00,1.62305,1.623055,1.623035,1.62306,20
2026-05-26T23:06:00+00:00,1.623055,1.622955,1.62288,1.623055,49
2026-05-26T23:07:00+00:00,1.622955,1.62305,1.622945,1.62305,37
2026-05-26T23:08:00+00:00,1.62305,1.623045,1.62304,1.62305,7
2026-05-26T23:09:00+00:00,1.623045,1.623025,1.623005,1.62306,27
2026-05-26T23:10:00+00:00,1.623035,1.623055,1.62303,1.623065,25
2026-05-26T23:11:00+00:00,1.623045,1.62303,1.623,1.623045,31
2026-05-26T23:12:00+00:00,1.623025,1.623055,1.623025,1.623055,14
2026-05-26T23:13:00+00:00,1.623035,1.62305,1.623035,1.623055,13
2026-05-26T23:14:00+00:00,1.623045,1.623035,1.62303,1.62305,18
2026-05-26T23:15:00+00:00,1.623035,1.623065,1.62303,1.623075,23
2026-05-26T23:16:00+00:00,1.623065,1.62316,1.62305,1.623165,57
2026-05-26T23:17:00+00:00,1.62316,1.623185,1.623155,1.623185,14
2026-05-26T23:18:00+00:00,1.62318,1.623175,1.623145,1.623195,25
2026-05-26T23:19:00+00:00,1.62317,1.623065,1.623055,1.62317,53
2026-05-26T23:20:00+00:00,1.62307,1.623085,1.62306,1.62311,37
2026-05-26T23:21:00+00:00,1.623085,1.62304,1.62301,1.623125,94
2026-05-26T23:22:00+00:00,1.62304,1.62302,1.623015,1.623045,32
2026-05-26T23:23:00+00:00,1.62302,1.623035,1.623015,1.623055,35
2026-05-26T23:24:00+00:00,1.62304,1.623035,1.623035,1.62314,46
