timestamp_utc,open,close,min,max,volume
2026-05-20T10:35:00+00:00,1.159615,1.15989,1.15961,1.15989,167
2026-05-20T10:36:00+00:00,1.159895,1.16002,1.159895,1.160035,224
2026-05-20T10:37:00+00:00,1.16003,1.16009,1.16001,1.16021,196
2026-05-20T10:38:00+00:00,1.160085,1.16014,1.160085,1.16019,123
2026-05-20T10:39:00+00:00,1.160145,1.16021,1.16013,1.16023,187
2026-05-20T10:40:00+00:00,1.160215,1.160105,1.160105,1.160265,166
2026-05-20T10:41:00+00:00,1.160105,1.160065,1.16004,1.16013,102
2026-05-20T10:42:00+00:00,1.160065,1.160075,1.16004,1.160135,91
2026-05-20T10:43:00+00:00,1.160075,1.160085,1.16006,1.1601,60
2026-05-20T10:44:00+00:00,1.16009,1.160045,1.15998,1.16012,136
2026-05-20T10:45:00+00:00,1.16004,1.160055,1.16001,1.160125,83
2026-05-20T10:46:00+00:00,1.16006,1.160165,1.16002,1.160185,118
2026-05-20T10:47:00+00:00,1.160165,1.16026,1.160165,1.16029,114
2026-05-20T10:48:00+00:00,1.160255,1.16017,1.16015,1.1603,134
2026-05-20T10:49:00+00:00,1.16018,1.16014,1.16013,1.16029,127
2026-05-20T10:50:00+00:00,1.16014,1.160015,1.15999,1.16014,74
2026-05-20T10:51:00+00:00,1.160025,1.159985,1.15998,1.16004,73
2026-05-20T10:52:00+00:00,1.159985,1.16003,1.159965,1.16004,64
2026-05-20T10:53:00+00:00,1.160035,1.160035,1.16003,1.16008,100
2026-05-20T10:54:00+00:00,1.16003,1.16016,1.16003,1.160175,77
2026-05-20T10:55:00+00:00,1.160155,1.16015,1.160125,1.160205,108
2026-05-20T10:56:00+00:00,1.160145,1.16014,1.160095,1.16016,92
2026-05-20T10:57:00+00:00,1.160145,1.160055,1.160045,1.160215,95
2026-05-20T10:58:00+00:00,1.16005,1.160095,1.160045,1.16013,108
2026-05-20T10:59:00+00:00,1.1601,1.16011,1.160075,1.16012,61
2026-05-20T11:00:00+00:00,1.1601,1.159975,1.15997,1.160105,98
2026-05-20T11:01:00+00:00,1.15997,1.15994,1.15991,1.159975,117
2026-05-20T11:02:00+00:00,1.159945,1.159845,1.159765,1.15996,149
2026-05-20T11:03:00+00:00,1.15985,1.15984,1.15978,1.15985,84
2026-05-20T11:04:00+00:00,1.15984,1.15975,1.15974,1.15984,81
2026-05-20T11:05:00+00:00,1.159755,1.159735,1.15973,1.1598,62
2026-05-20T11:06:00+00:00,1.159735,1.15971,1.159695,1.159735,30
2026-05-20T11:07:00+00:00,1.15971,1.159655,1.159645,1.159735,94
2026-05-20T11:08:00+00:00,1.159655,1.15979,1.15963,1.15986,134
2026-05-20T11:09:00+00:00,1.15979,1.15968,1.159655,1.15981,61
2026-05-20T11:10:00+00:00,1.15968,1.159765,1.15968,1.159775,128
2026-05-20T11:11:00+00:00,1.159765,1.159805,1.15976,1.15987,121
2026-05-20T11:12:00+00:00,1.15981,1.15972,1.159685,1.15984,125
2026-05-20T11:13:00+00:00,1.15972,1.159845,1.15972,1.15985,113
2026-05-20T11:14:00+00:00,1.15985,1.15982,1.15977,1.15985,129
2026-05-20T11:15:00+00:00,1.159825,1.15987,1.159805,1.15987,69
2026-05-20T11:16:00+00:00,1.159875,1.159865,1.15983,1.159895,47
2026-05-20T11:17:00+00:00,1.159865,1.15965,1.15964,1.159895,127
2026-05-20T11:18:00+00:00,1.159645,1.159785,1.15964,1.15982,116
2026-05-20T11:19:00+00:00,1.15978,1.15975,1.15974,1.159835,143
2026-05-20T11:20:00+00:00,1.159745,1.159825,1.159705,1.159875,115
2026-05-20T11:21:00+00:00,1.159825,1.15967,1.159665,1.159825,132
2026-05-20T11:22:00+00:00,1.15967,1.15982,1.15967,1.159845,123
2026-05-20T11:23:00+00:00,1.159825,1.15988,1.159825,1.15988,83
2026-05-20T11:24:00+00:00,1.159875,1.1599,1.15986,1.15992,63
2026-05-20T11:25:00+00:00,1.1599,1.159985,1.15989,1.160005,105
2026-05-20T11:26:00+00:00,1.159985,1.16014,1.15996,1.16014,104
2026-05-20T11:27:00+00:00,1.160135,1.160145,1.160085,1.16016,181
2026-05-20T11:28:00+00:00,1.16014,1.160175,1.1601,1.16018,73
2026-05-20T11:29:00+00:00,1.160175,1.160225,1.16015,1.16024,120
2026-05-20T11:30:00+00:00,1.160225,1.160175,1.16017,1.160265,161
2026-05-20T11:31:00+00:00,1.16018,1.160245,1.16018,1.160245,94
2026-05-20T11:32:00+00:00,1.160245,1.16023,1.16021,1.16026,89
2026-05-20T11:33:00+00:00,1.160225,1.160215,1.1602,1.160235,83
2026-05-20T11:34:00+00:00,1.160215,1.160245,1.160215,1.160295,113
2026-05-20T11:35:00+00:00,1.16024,1.16035,1.160235,1.16038,134
2026-05-20T11:36:00+00:00,1.160355,1.160445,1.16035,1.16046,124
2026-05-20T11:37:00+00:00,1.160455,1.1604,1.160365,1.160505,160
2026-05-20T11:38:00+00:00,1.160405,1.160415,1.16039,1.16046,133
2026-05-20T11:39:00+00:00,1.16041,1.16043,1.16034,1.16044,166
2026-05-20T11:40:00+00:00,1.160425,1.16049,1.160395,1.1605,102
2026-05-20T11:41:00+00:00,1.16049,1.160505,1.16046,1.160555,62
2026-05-20T11:42:00+00:00,1.1605,1.1603,1.160185,1.160525,331
2026-05-20T11:43:00+00:00,1.160295,1.16016,1.16013,1.160295,102
2026-05-20T11:44:00+00:00,1.16016,1.160195,1.16016,1.160245,102
2026-05-20T11:45:00+00:00,1.160195,1.160195,1.16015,1.160245,126
2026-05-20T11:46:00+00:00,1.1602,1.16025,1.160185,1.160305,128
2026-05-20T11:47:00+00:00,1.16025,1.16031,1.16024,1.16033,108
2026-05-20T11:48:00+00:00,1.160305,1.160165,1.16015,1.160315,125
2026-05-20T11:49:00+00:00,1.16017,1.160145,1.16011,1.16027,349
2026-05-20T11:50:00+00:00,1.16014,1.160045,1.15996,1.16014,266
2026-05-20T11:51:00+00:00,1.16005,1.15999,1.15995,1.16012,205
2026-05-20T11:52:00+00:00,1.159995,1.15994,1.15988,1.16,229
2026-05-20T11:53:00+00:00,1.159945,1.159895,1.159845,1.159995,295
2026-05-20T11:54:00+00:00,1.1599,1.15982,1.159805,1.15993,223
2026-05-20T11:55:00+00:00,1.159815,1.159955,1.1598,1.159955,179
2026-05-20T11:56:00+00:00,1.159955,1.15997,1.159905,1.16002,183
2026-05-20T11:57:00+00:00,1.15998,1.16,1.15991,1.16002,140
2026-05-20T11:58:00+00:00,1.159995,1.16009,1.15999,1.160095,125
2026-05-20T11:59:00+00:00,1.160085,1.16009,1.16008,1.160115,112
2026-05-20T12:00:00+00:00,1.1601,1.160185,1.16008,1.16019,216
2026-05-20T12:01:00+00:00,1.160185,1.160345,1.16016,1.160355,195
2026-05-20T12:02:00+00:00,1.16034,1.160325,1.16027,1.160345,256
2026-05-20T12:03:00+00:00,1.16032,1.16034,1.16028,1.16043,143
2026-05-20T12:04:00+00:00,1.160345,1.160225,1.160215,1.160345,91
2026-05-20T12:05:00+00:00,1.160225,1.16017,1.160165,1.160255,114
2026-05-20T12:06:00+00:00,1.160165,1.16028,1.160165,1.160295,106
2026-05-20T12:07:00+00:00,1.160275,1.160185,1.160165,1.160275,101
2026-05-20T12:08:00+00:00,1.16019,1.16014,1.16008,1.16019,121
2026-05-20T12:09:00+00:00,1.16013,1.16001,1.15996,1.16014,213
2026-05-20T12:10:00+00:00,1.16001,1.160025,1.159925,1.160085,199
2026-05-20T12:11:00+00:00,1.16003,1.159985,1.159945,1.160035,158
2026-05-20T12:12:00+00:00,1.15999,1.160095,1.159985,1.160105,142
2026-05-20T12:13:00+00:00,1.160095,1.16012,1.160095,1.16028,193
2026-05-20T12:14:00+00:00,1.16012,1.16017,1.16011,1.160175,59
2026-05-20T12:15:00+00:00,1.160175,1.16013,1.16008,1.16018,88
2026-05-20T12:16:00+00:00,1.160125,1.16023,1.16008,1.16023,139
2026-05-20T12:17:00+00:00,1.160235,1.160135,1.1601,1.160255,109
2026-05-20T12:18:00+00:00,1.16014,1.160025,1.160015,1.16014,106
2026-05-20T12:19:00+00:00,1.16003,1.15988,1.15988,1.160035,92
2026-05-20T12:20:00+00:00,1.15987,1.15963,1.159625,1.15987,157
2026-05-20T12:21:00+00:00,1.159645,1.15975,1.15958,1.15979,119
2026-05-20T12:22:00+00:00,1.15975,1.15974,1.15972,1.159795,154
2026-05-20T12:23:00+00:00,1.15974,1.159795,1.15974,1.159905,173
2026-05-20T12:24:00+00:00,1.1598,1.1599,1.1598,1.15992,105
2026-05-20T12:25:00+00:00,1.159905,1.1599,1.15972,1.159985,379
2026-05-20T12:26:00+00:00,1.159895,1.15985,1.15981,1.160055,356
2026-05-20T12:27:00+00:00,1.159845,1.159865,1.1598,1.1599,166
2026-05-20T12:28:00+00:00,1.159865,1.15983,1.1598,1.15988,149
2026-05-20T12:29:00+00:00,1.159835,1.15988,1.159835,1.159955,118
2026-05-20T12:30:00+00:00,1.159885,1.15993,1.15988,1.15999,209
2026-05-20T12:31:00+00:00,1.15994,1.160055,1.159935,1.160095,148
2026-05-20T12:32:00+00:00,1.16005,1.159955,1.159835,1.160055,217
2026-05-20T12:33:00+00:00,1.15996,1.160075,1.15988,1.1601,212
2026-05-20T12:34:00+00:00,1.160065,1.16012,1.16004,1.160145,178
2026-05-20T12:35:00+00:00,1.160115,1.160115,1.16003,1.160145,159
2026-05-20T12:36:00+00:00,1.16012,1.160145,1.1601,1.16017,179
2026-05-20T12:37:00+00:00,1.16014,1.160035,1.160035,1.160155,171
2026-05-20T12:38:00+00:00,1.160035,1.15995,1.15995,1.160065,166
2026-05-20T12:39:00+00:00,1.159955,1.159935,1.159905,1.159985,134
2026-05-20T12:40:00+00:00,1.15994,1.159745,1.15972,1.159965,162
2026-05-20T12:41:00+00:00,1.15974,1.159655,1.159645,1.15975,154
2026-05-20T12:42:00+00:00,1.15966,1.15979,1.15966,1.159795,108
2026-05-20T12:43:00+00:00,1.159785,1.159845,1.15973,1.159885,139
2026-05-20T12:44:00+00:00,1.15984,1.15986,1.15979,1.159885,167
2026-05-20T12:45:00+00:00,1.159865,1.15994,1.159825,1.159995,189
2026-05-20T12:46:00+00:00,1.15994,1.15991,1.159875,1.15996,73
2026-05-20T12:47:00+00:00,1.15991,1.15982,1.159805,1.159985,145
2026-05-20T12:48:00+00:00,1.159825,1.15989,1.15979,1.159895,150
2026-05-20T12:49:00+00:00,1.15989,1.159805,1.159775,1.159935,184
2026-05-20T12:50:00+00:00,1.159805,1.15977,1.159735,1.15981,99
2026-05-20T12:51:00+00:00,1.159775,1.15985,1.15976,1.159855,153
2026-05-20T12:52:00+00:00,1.15985,1.15978,1.15977,1.15985,84
2026-05-20T12:53:00+00:00,1.15978,1.159755,1.159735,1.159845,56
2026-05-20T12:54:00+00:00,1.15975,1.1597,1.15967,1.159825,109
2026-05-20T12:55:00+00:00,1.159705,1.15967,1.15962,1.159735,120
2026-05-20T12:56:00+00:00,1.159675,1.1596,1.159565,1.15969,142
2026-05-20T12:57:00+00:00,1.15961,1.15959,1.15958,1.159685,204
2026-05-20T12:58:00+00:00,1.159585,1.15941,1.159405,1.159595,166
2026-05-20T12:59:00+00:00,1.159415,1.15954,1.159385,1.15954,119
2026-05-20T13:00:00+00:00,1.159535,1.159545,1.159425,1.159555,267
2026-05-20T13:01:00+00:00,1.15954,1.15939,1.159355,1.15954,210
2026-05-20T13:02:00+00:00,1.15938,1.159525,1.159365,1.159525,210
2026-05-20T13:03:00+00:00,1.159525,1.15929,1.15928,1.159555,144
2026-05-20T13:04:00+00:00,1.15929,1.15925,1.159195,1.159335,180
2026-05-20T13:05:00+00:00,1.159255,1.159405,1.15925,1.15951,229
2026-05-20T13:06:00+00:00,1.15941,1.15929,1.159265,1.159415,161
2026-05-20T13:07:00+00:00,1.159295,1.15934,1.159285,1.159345,111
2026-05-20T13:08:00+00:00,1.159345,1.15943,1.159305,1.15945,122
2026-05-20T13:09:00+00:00,1.15943,1.159335,1.15931,1.15944,112
2026-05-20T13:10:00+00:00,1.159335,1.159395,1.159295,1.15941,81
2026-05-20T13:11:00+00:00,1.159395,1.159395,1.15939,1.159445,95
2026-05-20T13:12:00+00:00,1.159395,1.159395,1.159375,1.159445,84
2026-05-20T13:13:00+00:00,1.159395,1.15935,1.15933,1.159405,69
2026-05-20T13:14:00+00:00,1.159345,1.159325,1.15932,1.15938,103
2026-05-20T13:15:00+00:00,1.15932,1.15928,1.159275,1.15939,128
2026-05-20T13:16:00+00:00,1.15928,1.159205,1.1592,1.15929,75
2026-05-20T13:17:00+00:00,1.15921,1.159225,1.159195,1.15928,110
2026-05-20T13:18:00+00:00,1.15922,1.15921,1.15916,1.159225,148
2026-05-20T13:19:00+00:00,1.15921,1.159095,1.15906,1.159225,114
2026-05-20T13:20:00+00:00,1.15909,1.159195,1.15906,1.159225,109
2026-05-20T13:21:00+00:00,1.159195,1.159135,1.15913,1.1592,100
2026-05-20T13:22:00+00:00,1.15914,1.159045,1.159035,1.159165,127
2026-05-20T13:23:00+00:00,1.15905,1.159185,1.15905,1.159185,100
2026-05-20T13:24:00+00:00,1.15918,1.159235,1.15916,1.159335,217
2026-05-20T13:25:00+00:00,1.15923,1.159305,1.159185,1.159305,97
2026-05-20T13:26:00+00:00,1.1593,1.159255,1.15918,1.159325,152
2026-05-20T13:27:00+00:00,1.15925,1.15917,1.15916,1.15925,97
2026-05-20T13:28:00+00:00,1.159175,1.159095,1.159055,1.15918,196
2026-05-20T13:29:00+00:00,1.1591,1.15909,1.15907,1.15915,83
2026-05-20T13:30:00+00:00,1.15908,1.158975,1.15896,1.15909,185
2026-05-20T13:31:00+00:00,1.158985,1.158995,1.15897,1.159045,194
2026-05-20T13:32:00+00:00,1.159,1.15893,1.15893,1.15903,128
2026-05-20T13:33:00+00:00,1.158935,1.15917,1.158935,1.15918,175
2026-05-20T13:34:00+00:00,1.159165,1.159285,1.159095,1.1593,265
2026-05-20T13:35:00+00:00,1.15928,1.159195,1.159185,1.159295,298
2026-05-20T13:36:00+00:00,1.15919,1.15929,1.15913,1.15929,204
2026-05-20T13:37:00+00:00,1.159285,1.159295,1.159185,1.15931,238
2026-05-20T13:38:00+00:00,1.15929,1.159225,1.15922,1.15931,271
2026-05-20T13:39:00+00:00,1.15923,1.15931,1.15922,1.159335,292
2026-05-20T13:40:00+00:00,1.159305,1.15932,1.15929,1.15933,169
2026-05-20T13:41:00+00:00,1.159325,1.15913,1.159095,1.159365,194
2026-05-20T13:42:00+00:00,1.15913,1.159245,1.15913,1.159265,126
2026-05-20T13:43:00+00:00,1.15924,1.15915,1.159095,1.159295,225
2026-05-20T13:44:00+00:00,1.15915,1.159295,1.159115,1.15936,246
2026-05-20T13:45:00+00:00,1.15929,1.15963,1.159285,1.15971,512
2026-05-20T13:46:00+00:00,1.15964,1.159685,1.159465,1.15971,359
2026-05-20T13:47:00+00:00,1.159685,1.15953,1.159495,1.159695,222
2026-05-20T13:48:00+00:00,1.15953,1.15944,1.15944,1.159545,168
2026-05-20T13:49:00+00:00,1.159435,1.15926,1.15917,1.15945,241
2026-05-20T13:50:00+00:00,1.159265,1.159315,1.159235,1.159355,155
2026-05-20T13:51:00+00:00,1.15931,1.159345,1.15926,1.159385,189
2026-05-20T13:52:00+00:00,1.15935,1.159095,1.159075,1.159385,156
2026-05-20T13:53:00+00:00,1.1591,1.159095,1.159075,1.15922,132
2026-05-20T13:54:00+00:00,1.1591,1.15908,1.159055,1.159125,211
2026-05-20T13:55:00+00:00,1.159085,1.15903,1.15899,1.15912,187
2026-05-20T13:56:00+00:00,1.159025,1.15905,1.159,1.15916,271
2026-05-20T13:57:00+00:00,1.159055,1.15914,1.15904,1.15919,316
2026-05-20T13:58:00+00:00,1.159145,1.159055,1.15898,1.159145,286
2026-05-20T13:59:00+00:00,1.15906,1.1591,1.15892,1.159105,335
2026-05-20T14:00:00+00:00,1.15911,1.15903,1.159,1.159135,430
2026-05-20T14:01:00+00:00,1.159025,1.15893,1.158865,1.15904,416
2026-05-20T14:02:00+00:00,1.158925,1.158835,1.15882,1.158965,360
2026-05-20T14:03:00+00:00,1.158825,1.158685,1.158665,1.158825,257
2026-05-20T14:04:00+00:00,1.158695,1.15868,1.158635,1.15874,199
2026-05-20T14:05:00+00:00,1.15868,1.158545,1.15854,1.158725,269
2026-05-20T14:06:00+00:00,1.15855,1.15867,1.158535,1.158675,204
2026-05-20T14:07:00+00:00,1.15868,1.158635,1.158615,1.158685,154
2026-05-20T14:08:00+00:00,1.15864,1.158655,1.15859,1.15866,181
2026-05-20T14:09:00+00:00,1.158655,1.158305,1.15828,1.15867,327
2026-05-20T14:10:00+00:00,1.15831,1.158315,1.158295,1.15853,203
2026-05-20T14:11:00+00:00,1.15832,1.158445,1.158275,1.158485,233
2026-05-20T14:12:00+00:00,1.158435,1.158365,1.15832,1.158475,189
2026-05-20T14:13:00+00:00,1.15837,1.15833,1.158285,1.158385,195
2026-05-20T14:14:00+00:00,1.15833,1.15887,1.158325,1.15908,1246
2026-05-20T14:15:00+00:00,1.158875,1.15939,1.158875,1.15946,1013
2026-05-20T14:16:00+00:00,1.1594,1.1613,1.159385,1.161355,1510
2026-05-20T14:17:00+00:00,1.161295,1.16048,1.160425,1.161755,1556
2026-05-20T14:18:00+00:00,1.160485,1.16123,1.160485,1.161355,1279
2026-05-20T14:19:00+00:00,1.161235,1.161445,1.161135,1.16157,1017
2026-05-20T14:20:00+00:00,1.16144,1.16088,1.160875,1.16158,1083
2026-05-20T14:21:00+00:00,1.160875,1.16151,1.160775,1.161585,816
2026-05-20T14:22:00+00:00,1.161495,1.16167,1.16147,1.16204,822
2026-05-20T14:23:00+00:00,1.161665,1.1612,1.1612,1.161685,594
2026-05-20T14:24:00+00:00,1.161205,1.16115,1.160845,1.161325,533
2026-05-20T14:25:00+00:00,1.161155,1.161035,1.16097,1.161255,483
2026-05-20T14:26:00+00:00,1.16103,1.16102,1.16088,1.16114,509
2026-05-20T14:27:00+00:00,1.161025,1.161155,1.16101,1.161285,351
2026-05-20T14:28:00+00:00,1.161145,1.161365,1.16108,1.16139,327
2026-05-20T14:29:00+00:00,1.16136,1.16131,1.161125,1.161425,402
2026-05-20T14:30:00+00:00,1.161315,1.162055,1.161285,1.16207,728
2026-05-20T14:31:00+00:00,1.16205,1.16211,1.16205,1.162415,707
2026-05-20T14:32:00+00:00,1.162115,1.161835,1.161775,1.16229,784
2026-05-20T14:33:00+00:00,1.16183,1.16179,1.16177,1.161985,712
2026-05-20T14:34:00+00:00,1.161785,1.16158,1.16154,1.16183,682
2026-05-20T14:35:00+00:00,1.161585,1.16138,1.16133,1.16167,512
2026-05-20T14:36:00+00:00,1.161375,1.16166,1.1613,1.16166,464
2026-05-20T14:37:00+00:00,1.161665,1.16127,1.16115,1.161705,566
2026-05-20T14:38:00+00:00,1.161265,1.16133,1.161155,1.16138,478
2026-05-20T14:39:00+00:00,1.16132,1.16164,1.161315,1.16187,432
2026-05-20T14:40:00+00:00,1.161635,1.16156,1.16131,1.16164,564
2026-05-20T14:41:00+00:00,1.161565,1.16159,1.161375,1.16165,410
2026-05-20T14:42:00+00:00,1.161595,1.161345,1.16133,1.16161,487
2026-05-20T14:43:00+00:00,1.16134,1.16154,1.16134,1.161685,488
2026-05-20T14:44:00+00:00,1.161535,1.16169,1.161355,1.161715,454
2026-05-20T14:45:00+00:00,1.161695,1.16186,1.161575,1.161915,605
2026-05-20T14:46:00+00:00,1.161855,1.16183,1.161755,1.161975,720
2026-05-20T14:47:00+00:00,1.161835,1.16174,1.16161,1.161895,404
2026-05-20T14:48:00+00:00,1.161735,1.16176,1.16164,1.161845,314
2026-05-20T14:49:00+00:00,1.161755,1.16166,1.16157,1.16189,349
2026-05-20T14:50:00+00:00,1.161665,1.161715,1.161615,1.161815,471
2026-05-20T14:51:00+00:00,1.16172,1.162165,1.16172,1.16217,568
2026-05-20T14:52:00+00:00,1.16217,1.161875,1.16184,1.16229,646
2026-05-20T14:53:00+00:00,1.16188,1.16192,1.161855,1.162095,418
2026-05-20T14:54:00+00:00,1.161925,1.16205,1.161845,1.1621,441
2026-05-20T14:55:00+00:00,1.162045,1.1623,1.161955,1.162405,599
2026-05-20T14:56:00+00:00,1.162295,1.162345,1.16224,1.16241,408
2026-05-20T14:57:00+00:00,1.16234,1.162095,1.16193,1.1624,599
2026-05-20T14:58:00+00:00,1.16209,1.16193,1.1619,1.16214,367
2026-05-20T14:59:00+00:00,1.161925,1.161815,1.16181,1.16195,345
2026-05-20T15:00:00+00:00,1.16182,1.16198,1.161805,1.162085,354
2026-05-20T15:01:00+00:00,1.161985,1.162055,1.161805,1.16208,380
2026-05-20T15:02:00+00:00,1.16206,1.161875,1.161845,1.162295,483
2026-05-20T15:03:00+00:00,1.16187,1.16179,1.16174,1.16199,483
2026-05-20T15:04:00+00:00,1.161795,1.16187,1.161715,1.161895,378
2026-05-20T15:05:00+00:00,1.161875,1.16183,1.16174,1.161985,362
2026-05-20T15:06:00+00:00,1.161825,1.16153,1.161515,1.161865,483
2026-05-20T15:07:00+00:00,1.16154,1.16143,1.161425,1.161615,272
2026-05-20T15:08:00+00:00,1.161435,1.1614,1.161315,1.16146,279
2026-05-20T15:09:00+00:00,1.161395,1.16138,1.161335,1.161455,315
2026-05-20T15:10:00+00:00,1.161385,1.161365,1.161325,1.1614,195
2026-05-20T15:11:00+00:00,1.16137,1.161385,1.16129,1.16141,210
2026-05-20T15:12:00+00:00,1.161385,1.16134,1.1613,1.16139,166
2026-05-20T15:13:00+00:00,1.161345,1.161575,1.161345,1.161575,236
2026-05-20T15:14:00+00:00,1.16157,1.161485,1.161455,1.161605,189
2026-05-20T15:15:00+00:00,1.16148,1.163545,1.161455,1.16398,1170
2026-05-20T15:16:00+00:00,1.163535,1.164335,1.16338,1.164445,1802
2026-05-20T15:17:00+00:00,1.16431,1.16368,1.163615,1.164535,1331
2026-05-20T15:18:00+00:00,1.163685,1.163425,1.163185,1.1637,1138
2026-05-20T15:19:00+00:00,1.16343,1.163325,1.16313,1.16364,932
2026-05-20T15:20:00+00:00,1.16333,1.163415,1.163255,1.16352,744
2026-05-20T15:21:00+00:00,1.16341,1.163235,1.163125,1.16355,792
2026-05-20T15:22:00+00:00,1.16324,1.16339,1.1632,1.1635,585
2026-05-20T15:23:00+00:00,1.163385,1.163225,1.16315,1.163595,575
2026-05-20T15:24:00+00:00,1.16322,1.16298,1.16294,1.16329,685
2026-05-20T15:25:00+00:00,1.162985,1.16272,1.16271,1.16299,523
2026-05-20T15:26:00+00:00,1.162725,1.162515,1.16251,1.16283,460
2026-05-20T15:27:00+00:00,1.16252,1.16269,1.162485,1.16273,355
2026-05-20T15:28:00+00:00,1.162695,1.162495,1.16248,1.162725,402
2026-05-20T15:29:00+00:00,1.1625,1.16253,1.1624,1.162625,555
2026-05-20T15:30:00+00:00,1.162525,1.16302,1.16251,1.163055,516
2026-05-20T15:31:00+00:00,1.163025,1.162985,1.162825,1.16306,518
2026-05-20T15:32:00+00:00,1.16298,1.16312,1.16292,1.16317,369
2026-05-20T15:33:00+00:00,1.163125,1.163315,1.163115,1.16333,385
2026-05-20T15:34:00+00:00,1.16331,1.163065,1.163055,1.163315,355
2026-05-20T15:35:00+00:00,1.16309,1.163245,1.163015,1.16329,436
2026-05-20T15:36:00+00:00,1.16324,1.16327,1.163155,1.16338,258
2026-05-20T15:37:00+00:00,1.163265,1.163115,1.163065,1.163285,250
2026-05-20T15:38:00+00:00,1.16311,1.163225,1.16311,1.16343,265
2026-05-20T15:39:00+00:00,1.16322,1.16327,1.163155,1.16338,380
2026-05-20T15:40:00+00:00,1.163275,1.16327,1.16311,1.163465,366
2026-05-20T15:41:00+00:00,1.163265,1.16314,1.163005,1.16334,354
2026-05-20T15:42:00+00:00,1.163135,1.163165,1.163105,1.16326,303
2026-05-20T15:43:00+00:00,1.16317,1.162785,1.162785,1.163185,294
2026-05-20T15:44:00+00:00,1.162775,1.162695,1.162695,1.16285,230
2026-05-20T15:45:00+00:00,1.162715,1.16271,1.162655,1.16282,240
2026-05-20T15:46:00+00:00,1.16271,1.162785,1.162705,1.162875,261
2026-05-20T15:47:00+00:00,1.16279,1.162735,1.16271,1.162905,116
2026-05-20T15:48:00+00:00,1.16273,1.162555,1.162535,1.16275,192
2026-05-20T15:49:00+00:00,1.16255,1.1627,1.16255,1.16275,211
2026-05-20T15:50:00+00:00,1.162705,1.16272,1.162615,1.162775,183
2026-05-20T15:51:00+00:00,1.16272,1.16259,1.16256,1.162735,237
2026-05-20T15:52:00+00:00,1.1626,1.1625,1.162365,1.162605,270
2026-05-20T15:53:00+00:00,1.162495,1.16213,1.16213,1.1625,346
2026-05-20T15:54:00+00:00,1.16214,1.162095,1.16206,1.162235,263
2026-05-20T15:55:00+00:00,1.1621,1.162,1.16199,1.162165,251
2026-05-20T15:56:00+00:00,1.162005,1.162355,1.16196,1.16239,299
2026-05-20T15:57:00+00:00,1.16235,1.16185,1.1617,1.16235,848
2026-05-20T15:58:00+00:00,1.161855,1.16191,1.161785,1.162005,416
2026-05-20T15:59:00+00:00,1.16192,1.16192,1.1618,1.16192,315
2026-05-20T16:00:00+00:00,1.161915,1.16218,1.16188,1.162215,343
2026-05-20T16:01:00+00:00,1.162175,1.162275,1.16217,1.162315,210
2026-05-20T16:02:00+00:00,1.16227,1.162225,1.16211,1.162295,241
2026-05-20T16:03:00+00:00,1.162215,1.162265,1.16217,1.16234,215
2026-05-20T16:04:00+00:00,1.16227,1.162505,1.16227,1.162525,320
2026-05-20T16:05:00+00:00,1.16251,1.16256,1.162465,1.162635,238
2026-05-20T16:06:00+00:00,1.16256,1.16283,1.162545,1.16284,195
2026-05-20T16:07:00+00:00,1.162825,1.16298,1.162775,1.16298,221
2026-05-20T16:08:00+00:00,1.162975,1.16246,1.162415,1.162975,255
2026-05-20T16:09:00+00:00,1.16245,1.162615,1.16244,1.162615,171
2026-05-20T16:10:00+00:00,1.16262,1.16279,1.16262,1.162805,98
2026-05-20T16:11:00+00:00,1.162795,1.16277,1.16273,1.16286,193
2026-05-20T16:12:00+00:00,1.162765,1.16282,1.16273,1.162825,147
2026-05-20T16:13:00+00:00,1.16284,1.163045,1.16284,1.163065,123
2026-05-20T16:14:00+00:00,1.16305,1.16286,1.162845,1.16306,139
2026-05-20T16:15:00+00:00,1.16285,1.16289,1.16282,1.16292,143
2026-05-20T16:16:00+00:00,1.162885,1.162835,1.1628,1.16289,142
2026-05-20T16:17:00+00:00,1.162845,1.16289,1.162805,1.162975,213
2026-05-20T16:18:00+00:00,1.16289,1.16303,1.16285,1.16309,169
2026-05-20T16:19:00+00:00,1.16303,1.16297,1.162895,1.163035,185
2026-05-20T16:20:00+00:00,1.162975,1.162665,1.162615,1.16301,295
2026-05-20T16:21:00+00:00,1.16266,1.162455,1.16231,1.16266,460
2026-05-20T16:22:00+00:00,1.16245,1.162445,1.1624,1.162645,399
2026-05-20T16:23:00+00:00,1.16244,1.16241,1.16235,1.162505,245
2026-05-20T16:24:00+00:00,1.162415,1.16229,1.16219,1.162415,467
2026-05-20T16:25:00+00:00,1.162295,1.16223,1.162155,1.162365,283
2026-05-20T16:26:00+00:00,1.16222,1.16231,1.1622,1.16236,296
2026-05-20T16:27:00+00:00,1.162305,1.162395,1.16227,1.16242,207
2026-05-20T16:28:00+00:00,1.162395,1.162195,1.162165,1.162395,280
2026-05-20T16:29:00+00:00,1.1622,1.16238,1.162195,1.162395,236
2026-05-20T16:30:00+00:00,1.16239,1.162265,1.16219,1.16243,246
2026-05-20T16:31:00+00:00,1.162245,1.162295,1.16221,1.16237,254
2026-05-20T16:32:00+00:00,1.16229,1.162145,1.16208,1.1624,370
2026-05-20T16:33:00+00:00,1.16215,1.16212,1.161975,1.162155,245
2026-05-20T16:34:00+00:00,1.162115,1.162105,1.162045,1.162165,179
2026-05-20T16:35:00+00:00,1.162105,1.16218,1.162105,1.16221,164
2026-05-20T16:36:00+00:00,1.162185,1.16243,1.16218,1.16247,224
2026-05-20T16:37:00+00:00,1.162435,1.162355,1.162315,1.16251,147
2026-05-20T16:38:00+00:00,1.16235,1.162405,1.16229,1.16244,191
2026-05-20T16:39:00+00:00,1.16241,1.162275,1.16225,1.16242,200
2026-05-20T16:40:00+00:00,1.162275,1.162415,1.162265,1.16244,145
2026-05-20T16:41:00+00:00,1.162415,1.16238,1.16235,1.162445,162
2026-05-20T16:42:00+00:00,1.16238,1.16221,1.16216,1.162425,173
2026-05-20T16:43:00+00:00,1.162205,1.162545,1.16206,1.162595,451
2026-05-20T16:44:00+00:00,1.16255,1.162755,1.162515,1.16276,314
2026-05-20T16:45:00+00:00,1.16275,1.16278,1.162675,1.162835,275
2026-05-20T16:46:00+00:00,1.162785,1.162935,1.16278,1.163025,273
2026-05-20T16:47:00+00:00,1.16293,1.16283,1.1628,1.16296,278
2026-05-20T16:48:00+00:00,1.16283,1.162635,1.16257,1.162895,299
2026-05-20T16:49:00+00:00,1.16262,1.162785,1.16253,1.162835,225
2026-05-20T16:50:00+00:00,1.16279,1.16279,1.16276,1.162965,225
2026-05-20T16:51:00+00:00,1.162785,1.16298,1.162785,1.163,140
2026-05-20T16:52:00+00:00,1.162975,1.16287,1.16286,1.163025,161
2026-05-20T16:53:00+00:00,1.162865,1.16285,1.16274,1.16288,320
2026-05-20T16:54:00+00:00,1.162855,1.16274,1.16271,1.162885,248
2026-05-20T16:55:00+00:00,1.162735,1.16256,1.162545,1.162745,266
2026-05-20T16:56:00+00:00,1.162555,1.16273,1.16251,1.1629,400
2026-05-20T16:57:00+00:00,1.162725,1.16241,1.162395,1.162725,211
2026-05-20T16:58:00+00:00,1.162405,1.1624,1.162275,1.162465,393
2026-05-20T16:59:00+00:00,1.162395,1.16256,1.16235,1.16259,354
2026-05-20T17:00:00+00:00,1.162565,1.162475,1.162395,1.16257,487
2026-05-20T17:01:00+00:00,1.16247,1.16257,1.162455,1.162575,253
2026-05-20T17:02:00+00:00,1.162575,1.162515,1.16248,1.162655,234
2026-05-20T17:03:00+00:00,1.162515,1.16248,1.162365,1.16253,246
2026-05-20T17:04:00+00:00,1.162485,1.16238,1.162275,1.1625,216
2026-05-20T17:05:00+00:00,1.162375,1.162265,1.1622,1.16246,165
2026-05-20T17:06:00+00:00,1.16226,1.16254,1.16224,1.162565,167
2026-05-20T17:07:00+00:00,1.162535,1.162375,1.16233,1.16255,198
2026-05-20T17:08:00+00:00,1.162375,1.162115,1.162055,1.16238,154
2026-05-20T17:09:00+00:00,1.16209,1.162165,1.161975,1.162165,163
2026-05-20T17:10:00+00:00,1.16217,1.16201,1.162005,1.16217,110
2026-05-20T17:11:00+00:00,1.16202,1.161955,1.1619,1.16208,111
2026-05-20T17:12:00+00:00,1.161955,1.16193,1.16188,1.162005,148
2026-05-20T17:13:00+00:00,1.16193,1.162125,1.16185,1.162435,441
2026-05-20T17:14:00+00:00,1.16212,1.162395,1.162075,1.162425,356
2026-05-20T17:15:00+00:00,1.162385,1.16241,1.16231,1.16242,314
2026-05-20T17:16:00+00:00,1.162415,1.162325,1.16228,1.162455,173
2026-05-20T17:17:00+00:00,1.16233,1.162395,1.16233,1.16252,199
2026-05-20T17:18:00+00:00,1.162385,1.162495,1.162385,1.162595,227
2026-05-20T17:19:00+00:00,1.16249,1.16237,1.162365,1.162495,116
2026-05-20T17:20:00+00:00,1.16236,1.162495,1.162335,1.162495,170
2026-05-20T17:21:00+00:00,1.16249,1.16249,1.16247,1.16255,168
2026-05-20T17:22:00+00:00,1.162485,1.162365,1.16235,1.16249,156
2026-05-20T17:23:00+00:00,1.16236,1.16239,1.16228,1.162405,137
2026-05-20T17:24:00+00:00,1.162385,1.162275,1.162145,1.16239,190
2026-05-20T17:25:00+00:00,1.16227,1.162215,1.16217,1.16234,234
2026-05-20T17:26:00+00:00,1.16222,1.16233,1.16214,1.162375,250
2026-05-20T17:27:00+00:00,1.16234,1.162465,1.162275,1.16251,218
2026-05-20T17:28:00+00:00,1.16246,1.16237,1.16232,1.162465,164
2026-05-20T17:29:00+00:00,1.16235,1.16246,1.16226,1.162485,407
2026-05-20T17:30:00+00:00,1.162465,1.162515,1.162465,1.16262,296
2026-05-20T17:31:00+00:00,1.16252,1.162445,1.162345,1.16257,244
2026-05-20T17:32:00+00:00,1.16244,1.162355,1.162325,1.162445,140
2026-05-20T17:33:00+00:00,1.16235,1.162185,1.162155,1.162385,173
2026-05-20T17:34:00+00:00,1.16219,1.162155,1.162145,1.162235,161
2026-05-20T17:35:00+00:00,1.16215,1.162295,1.162085,1.16233,358
2026-05-20T17:36:00+00:00,1.1623,1.162515,1.162265,1.162675,725
2026-05-20T17:37:00+00:00,1.16251,1.162355,1.162355,1.162705,245
2026-05-20T17:38:00+00:00,1.16236,1.162365,1.16227,1.162385,211
2026-05-20T17:39:00+00:00,1.162365,1.16222,1.162185,1.162375,127
2026-05-20T17:40:00+00:00,1.16223,1.16209,1.16209,1.16223,157
2026-05-20T17:41:00+00:00,1.16208,1.16214,1.16207,1.162155,158
2026-05-20T17:42:00+00:00,1.162135,1.162065,1.162065,1.162165,111
2026-05-20T17:43:00+00:00,1.16206,1.16207,1.162045,1.16211,93
2026-05-20T17:44:00+00:00,1.162075,1.162,1.161995,1.162075,124
2026-05-20T17:45:00+00:00,1.162005,1.162075,1.16198,1.162105,134
2026-05-20T17:46:00+00:00,1.16208,1.16219,1.162075,1.162245,162
2026-05-20T17:47:00+00:00,1.16218,1.16217,1.16214,1.162245,154
2026-05-20T17:48:00+00:00,1.162165,1.162195,1.16214,1.162235,139
2026-05-20T17:49:00+00:00,1.16219,1.162255,1.16215,1.162275,122
2026-05-20T17:50:00+00:00,1.162255,1.162135,1.162135,1.162285,102
2026-05-20T17:51:00+00:00,1.162135,1.162255,1.162075,1.162305,116
2026-05-20T17:52:00+00:00,1.16225,1.16222,1.162185,1.16226,142
2026-05-20T17:53:00+00:00,1.162215,1.162145,1.162135,1.162235,92
2026-05-20T17:54:00+00:00,1.162145,1.162145,1.162135,1.162205,167
2026-05-20T17:55:00+00:00,1.16215,1.16219,1.16213,1.162195,143
2026-05-20T17:56:00+00:00,1.162185,1.16221,1.162185,1.162275,55
2026-05-20T17:57:00+00:00,1.16221,1.1621,1.162085,1.16224,63
2026-05-20T17:58:00+00:00,1.1621,1.161965,1.161945,1.16211,93
2026-05-20T17:59:00+00:00,1.161955,1.161885,1.161815,1.161955,152
2026-05-20T18:00:00+00:00,1.161895,1.16183,1.161605,1.161955,474
2026-05-20T18:01:00+00:00,1.161825,1.16191,1.161755,1.162025,295
2026-05-20T18:02:00+00:00,1.161915,1.162065,1.16186,1.162075,184
2026-05-20T18:03:00+00:00,1.16207,1.16207,1.16202,1.16212,118
2026-05-20T18:04:00+00:00,1.162065,1.16207,1.16193,1.1621,224
2026-05-20T18:05:00+00:00,1.162065,1.16197,1.161965,1.16209,174
2026-05-20T18:06:00+00:00,1.161975,1.16197,1.161905,1.16204,165
2026-05-20T18:07:00+00:00,1.161975,1.16218,1.161975,1.16226,320
2026-05-20T18:08:00+00:00,1.16218,1.16211,1.162065,1.162185,123
2026-05-20T18:09:00+00:00,1.162105,1.162135,1.16208,1.162155,198
2026-05-20T18:10:00+00:00,1.16214,1.162285,1.162135,1.16229,180
2026-05-20T18:11:00+00:00,1.162285,1.162285,1.162255,1.162325,104
2026-05-20T18:12:00+00:00,1.16229,1.162315,1.162285,1.162385,143
2026-05-20T18:13:00+00:00,1.16231,1.16233,1.16231,1.162395,74
2026-05-20T18:14:00+00:00,1.16232,1.162385,1.162315,1.1624,82
2026-05-20T18:15:00+00:00,1.162375,1.16248,1.16234,1.162505,172
2026-05-20T18:16:00+00:00,1.162485,1.16253,1.16243,1.162575,251
2026-05-20T18:17:00+00:00,1.162535,1.16248,1.162475,1.16261,243
2026-05-20T18:18:00+00:00,1.162485,1.162675,1.162485,1.16268,136
2026-05-20T18:19:00+00:00,1.16267,1.16258,1.16258,1.16268,127
2026-05-20T18:20:00+00:00,1.162585,1.16252,1.162505,1.162635,192
2026-05-20T18:21:00+00:00,1.162525,1.1626,1.162525,1.1626,93
2026-05-20T18:22:00+00:00,1.162595,1.16264,1.16255,1.162675,158
2026-05-20T18:23:00+00:00,1.16264,1.162735,1.16259,1.162775,140
2026-05-20T18:24:00+00:00,1.16274,1.1626,1.162485,1.16279,334
2026-05-20T18:25:00+00:00,1.162595,1.16236,1.16235,1.16264,267
2026-05-20T18:26:00+00:00,1.162365,1.16245,1.162315,1.162475,314
2026-05-20T18:27:00+00:00,1.162445,1.162585,1.162425,1.162615,156
2026-05-20T18:28:00+00:00,1.16259,1.16268,1.16259,1.162775,268
2026-05-20T18:29:00+00:00,1.162675,1.16278,1.16263,1.16279,181
2026-05-20T18:30:00+00:00,1.162785,1.16286,1.16277,1.16289,185
2026-05-20T18:31:00+00:00,1.162865,1.162855,1.162815,1.16292,171
2026-05-20T18:32:00+00:00,1.16285,1.16281,1.1628,1.16292,135
2026-05-20T18:33:00+00:00,1.16281,1.162865,1.162775,1.16288,98
2026-05-20T18:34:00+00:00,1.162865,1.16293,1.162815,1.162935,68
2026-05-20T18:35:00+00:00,1.16294,1.163025,1.162935,1.16303,139
2026-05-20T18:36:00+00:00,1.16303,1.16312,1.163025,1.163125,125
2026-05-20T18:37:00+00:00,1.163105,1.16308,1.16305,1.16314,97
2026-05-20T18:38:00+00:00,1.163085,1.163125,1.163075,1.16314,74
2026-05-20T18:39:00+00:00,1.163125,1.163235,1.16312,1.16329,136
2026-05-20T18:40:00+00:00,1.16324,1.16324,1.163195,1.163285,89
2026-05-20T18:41:00+00:00,1.163235,1.16322,1.16321,1.163285,93
2026-05-20T18:42:00+00:00,1.163225,1.163185,1.16314,1.16324,114
2026-05-20T18:43:00+00:00,1.163185,1.163075,1.162995,1.163205,232
2026-05-20T18:44:00+00:00,1.16308,1.162705,1.16268,1.163085,210
2026-05-20T18:45:00+00:00,1.162715,1.162875,1.162665,1.16293,392
2026-05-20T18:46:00+00:00,1.16287,1.16299,1.162865,1.163015,115
2026-05-20T18:47:00+00:00,1.162985,1.16299,1.162945,1.162995,75
2026-05-20T18:48:00+00:00,1.162995,1.16308,1.16294,1.163095,114
2026-05-20T18:49:00+00:00,1.16308,1.16307,1.16304,1.16314,118
2026-05-20T18:50:00+00:00,1.16307,1.16308,1.16304,1.163185,150
2026-05-20T18:51:00+00:00,1.16308,1.163035,1.163015,1.16309,131
2026-05-20T18:52:00+00:00,1.16303,1.16324,1.16303,1.163245,166
2026-05-20T18:53:00+00:00,1.163245,1.16338,1.16324,1.163385,175
2026-05-20T18:54:00+00:00,1.163385,1.163335,1.1633,1.16344,160
2026-05-20T18:55:00+00:00,1.163345,1.163525,1.163345,1.163575,114
2026-05-20T18:56:00+00:00,1.163525,1.163475,1.163435,1.163565,101
2026-05-20T18:57:00+00:00,1.16348,1.16336,1.16336,1.163515,136
2026-05-20T18:58:00+00:00,1.16335,1.16337,1.163315,1.163385,120
2026-05-20T18:59:00+00:00,1.163365,1.1631,1.16303,1.16338,214
2026-05-20T19:00:00+00:00,1.163095,1.163405,1.16299,1.163415,274
2026-05-20T19:01:00+00:00,1.1634,1.16338,1.163335,1.16342,184
2026-05-20T19:02:00+00:00,1.163385,1.163365,1.163335,1.1634,130
2026-05-20T19:03:00+00:00,1.16337,1.163185,1.16313,1.16337,132
2026-05-20T19:04:00+00:00,1.16318,1.1632,1.16314,1.16325,151
2026-05-20T19:05:00+00:00,1.163205,1.163225,1.16311,1.163225,145
2026-05-20T19:06:00+00:00,1.16322,1.16324,1.163175,1.16331,167
2026-05-20T19:07:00+00:00,1.163235,1.163185,1.16317,1.163255,54
2026-05-20T19:08:00+00:00,1.16318,1.16319,1.16316,1.163195,78
2026-05-20T19:09:00+00:00,1.163185,1.163175,1.16316,1.16319,115
2026-05-20T19:10:00+00:00,1.16317,1.163185,1.16312,1.163185,125
2026-05-20T19:11:00+00:00,1.16319,1.163155,1.16314,1.163215,132
2026-05-20T19:12:00+00:00,1.16316,1.163095,1.16306,1.16316,86
2026-05-20T19:13:00+00:00,1.16309,1.16301,1.16299,1.16309,81
2026-05-20T19:14:00+00:00,1.163015,1.16303,1.162975,1.163055,90
2026-05-20T19:15:00+00:00,1.163025,1.16302,1.163005,1.163075,71
2026-05-20T19:16:00+00:00,1.163025,1.16315,1.163025,1.163155,62
2026-05-20T19:17:00+00:00,1.16315,1.163125,1.1631,1.163155,67
2026-05-20T19:18:00+00:00,1.16313,1.163135,1.163095,1.163175,110
2026-05-20T19:19:00+00:00,1.16313,1.163175,1.16313,1.163205,87
2026-05-20T19:20:00+00:00,1.16317,1.163185,1.16313,1.163195,107
2026-05-20T19:21:00+00:00,1.163185,1.16318,1.16317,1.163185,33
2026-05-20T19:22:00+00:00,1.163185,1.163145,1.16313,1.1632,107
2026-05-20T19:23:00+00:00,1.16314,1.16319,1.163135,1.16325,74
2026-05-20T19:24:00+00:00,1.16319,1.16318,1.163145,1.16319,99
2026-05-20T19:25:00+00:00,1.163175,1.163245,1.163165,1.16327,98
2026-05-20T19:26:00+00:00,1.163245,1.163245,1.163225,1.163295,115
2026-05-20T19:27:00+00:00,1.16324,1.163225,1.163205,1.16329,58
2026-05-20T19:28:00+00:00,1.16322,1.16324,1.163195,1.16325,62
2026-05-20T19:29:00+00:00,1.16324,1.16327,1.16322,1.16328,57
2026-05-20T19:30:00+00:00,1.163275,1.16323,1.16323,1.1633,90
2026-05-20T19:31:00+00:00,1.16323,1.163265,1.16322,1.16329,93
2026-05-20T19:32:00+00:00,1.16327,1.16323,1.16323,1.1633,53
2026-05-20T19:33:00+00:00,1.163245,1.163235,1.163185,1.16325,37
2026-05-20T19:34:00+00:00,1.16323,1.1632,1.16319,1.163245,61
2026-05-20T19:35:00+00:00,1.1632,1.163195,1.16316,1.163225,52
2026-05-20T19:36:00+00:00,1.163195,1.163235,1.163185,1.163265,75
2026-05-20T19:37:00+00:00,1.16324,1.163275,1.163225,1.163275,44
2026-05-20T19:38:00+00:00,1.163285,1.163265,1.16326,1.163285,58
2026-05-20T19:39:00+00:00,1.16326,1.163325,1.163245,1.16354,273
2026-05-20T19:40:00+00:00,1.163325,1.163235,1.163235,1.163355,92
2026-05-20T19:41:00+00:00,1.163235,1.16323,1.163155,1.16326,127
2026-05-20T19:42:00+00:00,1.163235,1.16326,1.163205,1.16326,45
2026-05-20T19:43:00+00:00,1.16326,1.16319,1.163175,1.16326,66
2026-05-20T19:44:00+00:00,1.163195,1.163075,1.163035,1.1632,67
2026-05-20T19:45:00+00:00,1.163065,1.163195,1.163035,1.163195,98
2026-05-20T19:46:00+00:00,1.163195,1.1632,1.163155,1.163245,81
2026-05-20T19:47:00+00:00,1.163195,1.163205,1.163085,1.163205,78
2026-05-20T19:48:00+00:00,1.163185,1.163175,1.163165,1.16325,68
2026-05-20T19:49:00+00:00,1.163195,1.16307,1.163035,1.16324,65
2026-05-20T19:50:00+00:00,1.163065,1.16297,1.16296,1.16308,109
2026-05-20T19:51:00+00:00,1.162975,1.162995,1.162965,1.163015,70
2026-05-20T19:52:00+00:00,1.163,1.16303,1.163,1.16308,52
2026-05-20T19:53:00+00:00,1.163035,1.163045,1.163025,1.16308,56
2026-05-20T19:54:00+00:00,1.163045,1.162965,1.162935,1.163045,92
2026-05-20T19:55:00+00:00,1.16297,1.16287,1.16287,1.162985,131
2026-05-20T19:56:00+00:00,1.16287,1.162935,1.16287,1.162985,86
2026-05-20T19:57:00+00:00,1.162935,1.162885,1.162865,1.162965,143
2026-05-20T19:58:00+00:00,1.16289,1.16287,1.162815,1.162915,104
2026-05-20T19:59:00+00:00,1.162875,1.162795,1.162765,1.162875,166
2026-05-20T20:00:00+00:00,1.162785,1.16277,1.16276,1.162815,89
2026-05-20T20:01:00+00:00,1.162765,1.162765,1.162755,1.162795,69
2026-05-20T20:02:00+00:00,1.16276,1.16276,1.16271,1.16278,74
2026-05-20T20:03:00+00:00,1.162755,1.16277,1.162735,1.162775,48
2026-05-20T20:04:00+00:00,1.162765,1.16276,1.16273,1.162795,40
2026-05-20T20:05:00+00:00,1.162765,1.16275,1.16272,1.162775,54
2026-05-20T20:06:00+00:00,1.16276,1.16278,1.16276,1.162795,34
2026-05-20T20:07:00+00:00,1.162785,1.162735,1.162735,1.16279,11
2026-05-20T20:08:00+00:00,1.162735,1.16279,1.162735,1.162795,28
2026-05-20T20:09:00+00:00,1.16279,1.16273,1.162715,1.16279,38
2026-05-20T20:10:00+00:00,1.162735,1.162785,1.16268,1.162795,110
2026-05-20T20:11:00+00:00,1.162785,1.16274,1.162705,1.162785,69
2026-05-20T20:12:00+00:00,1.162745,1.16274,1.16272,1.162765,87
2026-05-20T20:13:00+00:00,1.162735,1.162775,1.162735,1.162795,15
2026-05-20T20:14:00+00:00,1.16279,1.162805,1.16278,1.16285,59
2026-05-20T20:15:00+00:00,1.16281,1.1628,1.16279,1.16283,76
2026-05-20T20:16:00+00:00,1.16279,1.16263,1.16261,1.16279,95
2026-05-20T20:17:00+00:00,1.162635,1.162645,1.16263,1.162665,104
2026-05-20T20:18:00+00:00,1.16264,1.16269,1.162625,1.162705,74
2026-05-20T20:19:00+00:00,1.162685,1.16282,1.162685,1.162825,82
2026-05-20T20:20:00+00:00,1.162815,1.162745,1.162725,1.162855,261
2026-05-20T20:21:00+00:00,1.162745,1.162695,1.162675,1.16276,91
2026-05-20T20:22:00+00:00,1.1627,1.16271,1.1627,1.16279,79
2026-05-20T20:23:00+00:00,1.16271,1.16266,1.16263,1.16271,48
2026-05-20T20:24:00+00:00,1.162665,1.162715,1.162635,1.162725,102
2026-05-20T20:25:00+00:00,1.16271,1.162685,1.162675,1.16277,121
2026-05-20T20:26:00+00:00,1.162695,1.16269,1.162675,1.16271,49
2026-05-20T20:27:00+00:00,1.16269,1.16273,1.16269,1.16276,106
2026-05-20T20:28:00+00:00,1.162735,1.162705,1.162675,1.162735,46
2026-05-20T20:29:00+00:00,1.162705,1.162715,1.162695,1.162745,46
2026-05-20T20:30:00+00:00,1.16272,1.162675,1.162655,1.162745,91
2026-05-20T20:31:00+00:00,1.16267,1.162645,1.16262,1.16267,37
2026-05-20T20:32:00+00:00,1.16265,1.162575,1.162575,1.16265,38
2026-05-20T20:33:00+00:00,1.162575,1.162595,1.162575,1.162635,16
2026-05-20T20:34:00+00:00,1.162595,1.162585,1.162555,1.1626,70
2026-05-20T20:35:00+00:00,1.16259,1.162635,1.162585,1.16264,55
2026-05-20T20:36:00+00:00,1.16264,1.16263,1.162615,1.162665,78
2026-05-20T20:37:00+00:00,1.162635,1.162655,1.162625,1.16267,70
2026-05-20T20:38:00+00:00,1.162655,1.16265,1.16264,1.16267,70
2026-05-20T20:39:00+00:00,1.16265,1.162635,1.162635,1.16265,14
2026-05-20T20:40:00+00:00,1.16264,1.16259,1.16258,1.16265,69
2026-05-20T20:41:00+00:00,1.162585,1.162565,1.162565,1.162595,52
2026-05-20T20:42:00+00:00,1.162565,1.162475,1.162475,1.162565,73
2026-05-20T20:43:00+00:00,1.16248,1.16243,1.16243,1.162495,81
2026-05-20T20:44:00+00:00,1.16243,1.162415,1.162395,1.16243,26
2026-05-20T20:45:00+00:00,1.162425,1.162375,1.16232,1.162455,105
2026-05-20T20:46:00+00:00,1.16238,1.162415,1.16238,1.16242,16
2026-05-20T20:47:00+00:00,1.162415,1.162375,1.162375,1.162425,47
2026-05-20T20:48:00+00:00,1.162375,1.16244,1.16237,1.162445,55
2026-05-20T20:49:00+00:00,1.162435,1.162415,1.162405,1.16248,116
2026-05-20T20:50:00+00:00,1.16242,1.16241,1.16239,1.16242,77
2026-05-20T20:51:00+00:00,1.16241,1.162425,1.16241,1.162445,51
2026-05-20T20:52:00+00:00,1.162425,1.16243,1.162425,1.16244,12
2026-05-20T20:53:00+00:00,1.16243,1.16248,1.16242,1.162485,37
2026-05-20T20:54:00+00:00,1.16248,1.162595,1.16248,1.1626,72
2026-05-20T20:55:00+00:00,1.16259,1.162615,1.16259,1.162655,75
2026-05-20T20:56:00+00:00,1.16261,1.16246,1.162455,1.16261,78
2026-05-20T20:57:00+00:00,1.162465,1.162535,1.162465,1.162555,131
2026-05-20T20:58:00+00:00,1.16254,1.16254,1.162525,1.162585,146
2026-05-20T20:59:00+00:00,1.162535,1.162475,1.16246,1.162555,229
2026-05-20T21:00:00+00:00,1.162475,1.162475,1.162475,1.162475,0
2026-05-20T21:01:00+00:00,1.162475,1.162475,1.162475,1.162475,0
2026-05-20T21:02:00+00:00,1.162475,1.162475,1.162475,1.162475,0
2026-05-20T21:03:00+00:00,1.162475,1.162475,1.162475,1.162475,0
2026-05-20T21:04:00+00:00,1.162475,1.16234,1.16234,1.162475,1
2026-05-20T21:05:00+00:00,1.16234,1.16233,1.16232,1.16245,96
2026-05-20T21:06:00+00:00,1.162325,1.16237,1.162325,1.16248,326
2026-05-20T21:07:00+00:00,1.162365,1.1624,1.16236,1.16246,159
2026-05-20T21:08:00+00:00,1.162395,1.162525,1.162395,1.16255,18
2026-05-20T21:09:00+00:00,1.162525,1.16257,1.162525,1.16257,1
2026-05-20T21:10:00+00:00,1.16257,1.162605,1.162565,1.162755,16
2026-05-20T21:11:00+00:00,1.162605,1.162675,1.162605,1.16271,16
2026-05-20T21:12:00+00:00,1.162675,1.162695,1.162675,1.1627,3
2026-05-20T21:13:00+00:00,1.162695,1.162695,1.162695,1.162695,0
2026-05-20T21:14:00+00:00,1.162695,1.162655,1.162655,1.162695,15
2026-05-20T21:15:00+00:00,1.162715,1.162715,1.162695,1.162715,3
2026-05-20T21:16:00+00:00,1.162715,1.16272,1.162695,1.16272,2
2026-05-20T21:17:00+00:00,1.16272,1.16272,1.16272,1.16272,0
2026-05-20T21:18:00+00:00,1.16272,1.162655,1.162615,1.162725,9
2026-05-20T21:19:00+00:00,1.162655,1.16265,1.16265,1.162655,1
2026-05-20T21:20:00+00:00,1.16265,1.16265,1.16265,1.16265,0
2026-05-20T21:21:00+00:00,1.16265,1.16265,1.16265,1.16265,0
2026-05-20T21:22:00+00:00,1.16265,1.16269,1.162575,1.16269,2
2026-05-20T21:23:00+00:00,1.16269,1.162595,1.162585,1.16269,6
2026-05-20T21:24:00+00:00,1.162595,1.162685,1.162595,1.162725,8
2026-05-20T21:25:00+00:00,1.162685,1.162675,1.162615,1.162685,18
2026-05-20T21:26:00+00:00,1.162675,1.162695,1.162655,1.162695,8
2026-05-20T21:27:00+00:00,1.162695,1.16269,1.162685,1.1627,7
2026-05-20T21:28:00+00:00,1.16269,1.162685,1.162685,1.16269,1
2026-05-20T21:29:00+00:00,1.162685,1.16268,1.16268,1.162685,1
2026-05-20T21:30:00+00:00,1.162655,1.162685,1.162655,1.162745,10
2026-05-20T21:31:00+00:00,1.162685,1.16268,1.16268,1.162755,9
2026-05-20T21:32:00+00:00,1.16268,1.16271,1.16264,1.16272,17
2026-05-20T21:33:00+00:00,1.16271,1.162685,1.162655,1.16273,4
2026-05-20T21:34:00+00:00,1.162685,1.16269,1.162645,1.16274,16
2026-05-20T21:35:00+00:00,1.1627,1.16268,1.16267,1.16273,30
2026-05-20T21:36:00+00:00,1.16268,1.16271,1.16267,1.16273,23
2026-05-20T21:37:00+00:00,1.16275,1.162755,1.162695,1.162755,55
2026-05-20T21:38:00+00:00,1.162755,1.162725,1.1627,1.162775,50
2026-05-20T21:39:00+00:00,1.162725,1.162765,1.16271,1.16277,25
2026-05-20T21:40:00+00:00,1.162765,1.16269,1.16269,1.162765,31
2026-05-20T21:41:00+00:00,1.16269,1.1627,1.16268,1.162745,62
2026-05-20T21:42:00+00:00,1.1627,1.162715,1.162675,1.16273,10
2026-05-20T21:43:00+00:00,1.162715,1.16269,1.162635,1.162745,62
2026-05-20T21:44:00+00:00,1.1627,1.162675,1.16267,1.162725,34
2026-05-20T21:45:00+00:00,1.162655,1.16269,1.162655,1.16272,8
2026-05-20T21:46:00+00:00,1.16269,1.162705,1.16269,1.162725,4
2026-05-20T21:47:00+00:00,1.162705,1.16269,1.162675,1.16272,9
2026-05-20T21:48:00+00:00,1.16269,1.16269,1.162665,1.162725,7
2026-05-20T21:49:00+00:00,1.16269,1.162695,1.16266,1.162705,8
2026-05-20T21:50:00+00:00,1.162695,1.16262,1.162565,1.162715,18
2026-05-20T21:51:00+00:00,1.162595,1.16257,1.162505,1.162605,16
2026-05-20T21:52:00+00:00,1.16257,1.162555,1.162545,1.162605,12
2026-05-20T21:53:00+00:00,1.162555,1.162565,1.162555,1.162575,2
2026-05-20T21:54:00+00:00,1.162565,1.16264,1.162485,1.16264,7
2026-05-20T21:55:00+00:00,1.162645,1.16262,1.162605,1.16266,23
2026-05-20T21:56:00+00:00,1.16262,1.162595,1.162585,1.16262,6
2026-05-20T21:57:00+00:00,1.162595,1.16257,1.162555,1.162705,47
2026-05-20T21:58:00+00:00,1.16256,1.1625,1.1625,1.162585,78
2026-05-20T21:59:00+00:00,1.1625,1.162515,1.162495,1.162535,14
2026-05-20T22:00:00+00:00,1.162525,1.16262,1.162425,1.16262,170
2026-05-20T22:01:00+00:00,1.162615,1.162585,1.16253,1.16263,43
2026-05-20T22:02:00+00:00,1.162585,1.162585,1.16258,1.162585,4
2026-05-20T22:03:00+00:00,1.162585,1.16258,1.16255,1.162585,23
2026-05-20T22:04:00+00:00,1.16258,1.162585,1.16258,1.162585,5
2026-05-20T22:05:00+00:00,1.162585,1.162585,1.162565,1.16259,22
2026-05-20T22:06:00+00:00,1.16258,1.162485,1.16248,1.162585,20
2026-05-20T22:07:00+00:00,1.162485,1.162515,1.162435,1.162515,51
2026-05-20T22:08:00+00:00,1.162515,1.16251,1.162475,1.162515,16
2026-05-20T22:09:00+00:00,1.16251,1.16249,1.16249,1.162515,26
2026-05-20T22:10:00+00:00,1.162485,1.16266,1.162475,1.16272,84
2026-05-20T22:11:00+00:00,1.16266,1.16275,1.162655,1.16276,37
2026-05-20T22:12:00+00:00,1.162745,1.1627,1.16268,1.162795,53
2026-05-20T22:13:00+00:00,1.162695,1.162745,1.162685,1.16275,30
2026-05-20T22:14:00+00:00,1.162745,1.1628,1.162745,1.16281,7
2026-05-20T22:15:00+00:00,1.1628,1.16271,1.1627,1.1628,19
2026-05-20T22:16:00+00:00,1.16271,1.162745,1.16269,1.162755,24
2026-05-20T22:17:00+00:00,1.162745,1.162755,1.16273,1.16276,32
2026-05-20T22:18:00+00:00,1.16276,1.162795,1.16276,1.162805,19
2026-05-20T22:19:00+00:00,1.16279,1.16275,1.162745,1.16279,26
2026-05-20T22:20:00+00:00,1.162745,1.162745,1.162745,1.16279,24
2026-05-20T22:21:00+00:00,1.162745,1.162745,1.1627,1.162745,15
2026-05-20T22:22:00+00:00,1.162745,1.162695,1.162695,1.162755,21
2026-05-20T22:23:00+00:00,1.162695,1.162685,1.16268,1.162705,26
2026-05-20T22:24:00+00:00,1.162685,1.16275,1.16268,1.162755,12
2026-05-20T22:25:00+00:00,1.162745,1.16259,1.162585,1.162745,52
2026-05-20T22:26:00+00:00,1.16259,1.162645,1.162585,1.16266,29
2026-05-20T22:27:00+00:00,1.16264,1.16263,1.16263,1.162645,12
2026-05-20T22:28:00+00:00,1.162625,1.162645,1.162615,1.162685,39
2026-05-20T22:29:00+00:00,1.162645,1.162645,1.16263,1.16265,11
2026-05-20T22:30:00+00:00,1.162645,1.162625,1.16262,1.162665,53
2026-05-20T22:31:00+00:00,1.162625,1.16264,1.162595,1.162645,23
2026-05-20T22:32:00+00:00,1.16264,1.162595,1.16256,1.162645,36
2026-05-20T22:33:00+00:00,1.162595,1.162635,1.162595,1.162655,20
2026-05-20T22:34:00+00:00,1.162635,1.162645,1.16262,1.162675,155
2026-05-20T22:35:00+00:00,1.162645,1.16265,1.162645,1.16267,19
2026-05-20T22:36:00+00:00,1.16265,1.16265,1.16265,1.162655,3
2026-05-20T22:37:00+00:00,1.16265,1.162675,1.16265,1.162685,27
2026-05-20T22:38:00+00:00,1.162675,1.16269,1.162655,1.162705,41
2026-05-20T22:39:00+00:00,1.16269,1.16266,1.162655,1.162695,21
2026-05-20T22:40:00+00:00,1.16266,1.162645,1.162635,1.16266,13
2026-05-20T22:41:00+00:00,1.162645,1.162655,1.162645,1.16269,28
2026-05-20T22:42:00+00:00,1.162655,1.162695,1.162655,1.1627,21
2026-05-20T22:43:00+00:00,1.162695,1.162695,1.16269,1.162695,6
2026-05-20T22:44:00+00:00,1.162695,1.162685,1.162675,1.162695,17
2026-05-20T22:45:00+00:00,1.162685,1.162695,1.16267,1.162695,25
2026-05-20T22:46:00+00:00,1.16269,1.1627,1.16269,1.162705,14
2026-05-20T22:47:00+00:00,1.1627,1.162695,1.16268,1.162705,17
2026-05-20T22:48:00+00:00,1.162695,1.162665,1.162665,1.162695,2
2026-05-20T22:49:00+00:00,1.162665,1.162675,1.16265,1.162675,7
2026-05-20T22:50:00+00:00,1.16268,1.162645,1.162635,1.162685,38
2026-05-20T22:51:00+00:00,1.162645,1.162645,1.16263,1.16265,18
2026-05-20T22:52:00+00:00,1.162645,1.162645,1.162645,1.16265,4
2026-05-20T22:53:00+00:00,1.162645,1.162605,1.162605,1.162655,36
2026-05-20T22:54:00+00:00,1.162605,1.16263,1.1626,1.16263,4
2026-05-20T22:55:00+00:00,1.16263,1.162645,1.16263,1.16266,15
2026-05-20T22:56:00+00:00,1.162645,1.16265,1.162645,1.16265,11
2026-05-20T22:57:00+00:00,1.16265,1.162645,1.162635,1.16265,7
2026-05-20T22:58:00+00:00,1.162645,1.162645,1.16264,1.162655,6
2026-05-20T22:59:00+00:00,1.162645,1.16264,1.16263,1.16265,19
2026-05-20T23:00:00+00:00,1.162645,1.16265,1.16263,1.16266,31
2026-05-20T23:01:00+00:00,1.16265,1.162645,1.16264,1.16265,32
2026-05-20T23:02:00+00:00,1.162645,1.16264,1.16264,1.16265,23
2026-05-20T23:03:00+00:00,1.16264,1.16264,1.16263,1.16264,2
2026-05-20T23:04:00+00:00,1.16264,1.16265,1.16264,1.16265,12
2026-05-20T23:05:00+00:00,1.162645,1.16265,1.16264,1.16265,8
2026-05-20T23:06:00+00:00,1.16265,1.162705,1.162645,1.16276,32
2026-05-20T23:07:00+00:00,1.162705,1.162705,1.162685,1.16271,11
2026-05-20T23:08:00+00:00,1.162705,1.162705,1.162705,1.16271,2
2026-05-20T23:09:00+00:00,1.162705,1.162605,1.162605,1.162705,16
2026-05-20T23:10:00+00:00,1.162605,1.16264,1.162605,1.162655,14
2026-05-20T23:11:00+00:00,1.16264,1.16263,1.16263,1.162645,3
2026-05-20T23:12:00+00:00,1.16263,1.162615,1.162605,1.162655,20
2026-05-20T23:13:00+00:00,1.162615,1.162655,1.162615,1.16266,21
2026-05-20T23:14:00+00:00,1.162655,1.16265,1.16264,1.162655,10
2026-05-20T23:15:00+00:00,1.16265,1.162605,1.162605,1.16266,8
2026-05-20T23:16:00+00:00,1.162605,1.162555,1.162545,1.162605,13
2026-05-20T23:17:00+00:00,1.162555,1.162605,1.162555,1.162615,7
2026-05-20T23:18:00+00:00,1.162605,1.162545,1.162525,1.162605,22
2026-05-20T23:19:00+00:00,1.162545,1.162545,1.162535,1.16256,8
2026-05-20T23:20:00+00:00,1.162545,1.1625,1.162495,1.162545,21
2026-05-20T23:21:00+00:00,1.1625,1.1625,1.162485,1.16252,12
2026-05-20T23:22:00+00:00,1.1625,1.16245,1.16245,1.162505,19
2026-05-20T23:23:00+00:00,1.162445,1.16241,1.16239,1.162445,27
2026-05-20T23:24:00+00:00,1.16241,1.162445,1.1624,1.162445,27
2026-05-20T23:25:00+00:00,1.162445,1.162435,1.16241,1.162445,29
2026-05-20T23:26:00+00:00,1.162435,1.162395,1.162395,1.162435,22
2026-05-20T23:27:00+00:00,1.162395,1.16245,1.162395,1.16245,14
2026-05-20T23:28:00+00:00,1.16245,1.16245,1.16245,1.16245,0
2026-05-20T23:29:00+00:00,1.16245,1.16245,1.16245,1.16245,0
2026-05-20T23:30:00+00:00,1.16245,1.162445,1.16244,1.16245,13
2026-05-20T23:31:00+00:00,1.16244,1.162445,1.162395,1.162445,23
2026-05-20T23:32:00+00:00,1.162445,1.162445,1.162445,1.162445,1
2026-05-20T23:33:00+00:00,1.162445,1.16245,1.162445,1.16246,9
2026-05-20T23:34:00+00:00,1.16245,1.16243,1.16243,1.16245,11
2026-05-20T23:35:00+00:00,1.16243,1.162445,1.162415,1.162445,19
2026-05-20T23:36:00+00:00,1.162445,1.16235,1.16235,1.162445,40
2026-05-20T23:37:00+00:00,1.16236,1.162395,1.16236,1.16241,17
2026-05-20T23:38:00+00:00,1.162395,1.16235,1.16235,1.16241,16
2026-05-20T23:39:00+00:00,1.16235,1.16235,1.16233,1.16235,14
2026-05-20T23:40:00+00:00,1.162345,1.162355,1.16233,1.162355,29
2026-05-20T23:41:00+00:00,1.162355,1.162345,1.16234,1.162355,21
2026-05-20T23:42:00+00:00,1.162345,1.162315,1.16231,1.162355,15
2026-05-20T23:43:00+00:00,1.16231,1.16232,1.162295,1.16232,30
2026-05-20T23:44:00+00:00,1.16232,1.162325,1.162315,1.162345,25
2026-05-20T23:45:00+00:00,1.162325,1.162365,1.162315,1.162455,53
2026-05-20T23:46:00+00:00,1.162365,1.162515,1.162365,1.162515,39
2026-05-20T23:47:00+00:00,1.162515,1.16265,1.162515,1.162655,47
2026-05-20T23:48:00+00:00,1.16265,1.162695,1.162645,1.16271,22
2026-05-20T23:49:00+00:00,1.162695,1.162655,1.162655,1.162695,11
2026-05-20T23:50:00+00:00,1.162655,1.162655,1.16263,1.162655,11
2026-05-20T23:51:00+00:00,1.162655,1.162585,1.16258,1.162655,15
2026-05-20T23:52:00+00:00,1.162585,1.162555,1.162505,1.162585,39
2026-05-20T23:53:00+00:00,1.162555,1.162555,1.162555,1.162585,21
2026-05-20T23:54:00+00:00,1.162555,1.16256,1.162545,1.162565,40
2026-05-20T23:55:00+00:00,1.162565,1.162505,1.162495,1.16259,56
2026-05-20T23:56:00+00:00,1.162505,1.16249,1.162465,1.162505,34
2026-05-20T23:57:00+00:00,1.16249,1.16246,1.162455,1.162505,33
2026-05-20T23:58:00+00:00,1.16246,1.162505,1.162455,1.16253,60
2026-05-20T23:59:00+00:00,1.162505,1.162475,1.162455,1.162505,47
2026-05-21T00:00:00+00:00,1.16248,1.162335,1.162285,1.162505,192
2026-05-21T00:01:00+00:00,1.16234,1.16236,1.162295,1.162365,243
2026-05-21T00:02:00+00:00,1.162365,1.16244,1.16236,1.162485,120
2026-05-21T00:03:00+00:00,1.162435,1.162425,1.162305,1.162445,200
2026-05-21T00:04:00+00:00,1.162425,1.162495,1.162425,1.16255,117
2026-05-21T00:05:00+00:00,1.162495,1.162515,1.162465,1.16253,89
2026-05-21T00:06:00+00:00,1.162515,1.1625,1.16249,1.162565,68
2026-05-21T00:07:00+00:00,1.162495,1.162485,1.162485,1.162565,140
2026-05-21T00:08:00+00:00,1.16249,1.16241,1.16236,1.16249,171
2026-05-21T00:09:00+00:00,1.162415,1.162495,1.162405,1.16251,122
2026-05-21T00:10:00+00:00,1.162495,1.162495,1.162455,1.16256,200
2026-05-21T00:11:00+00:00,1.16249,1.162495,1.16246,1.162545,61
2026-05-21T00:12:00+00:00,1.1625,1.16262,1.1625,1.162625,56
2026-05-21T00:13:00+00:00,1.162625,1.16264,1.162605,1.162655,36
2026-05-21T00:14:00+00:00,1.162645,1.162595,1.162565,1.162645,47
2026-05-21T00:15:00+00:00,1.16259,1.16266,1.16258,1.162745,81
2026-05-21T00:16:00+00:00,1.162655,1.162645,1.162605,1.162665,68
2026-05-21T00:17:00+00:00,1.162645,1.1626,1.162595,1.162645,39
2026-05-21T00:18:00+00:00,1.1626,1.162365,1.162205,1.1626,138
2026-05-21T00:19:00+00:00,1.162365,1.16246,1.162245,1.16247,113
2026-05-21T00:20:00+00:00,1.16246,1.16246,1.16239,1.162535,138
2026-05-21T00:21:00+00:00,1.16246,1.16245,1.162415,1.162505,118
2026-05-21T00:22:00+00:00,1.16245,1.16242,1.162375,1.16246,94
2026-05-21T00:23:00+00:00,1.16242,1.16239,1.1623,1.16245,124
2026-05-21T00:24:00+00:00,1.16239,1.162505,1.162385,1.162505,105
2026-05-21T00:25:00+00:00,1.1625,1.162495,1.162485,1.162545,106
2026-05-21T00:26:00+00:00,1.162495,1.16249,1.162455,1.162535,97
2026-05-21T00:27:00+00:00,1.16249,1.16246,1.162445,1.1625,54
2026-05-21T00:28:00+00:00,1.16246,1.16254,1.16241,1.16254,57
2026-05-21T00:29:00+00:00,1.16254,1.162645,1.16252,1.162645,79
2026-05-21T00:30:00+00:00,1.16264,1.162515,1.162515,1.162655,76
2026-05-21T00:31:00+00:00,1.162515,1.16252,1.162465,1.162535,66
2026-05-21T00:32:00+00:00,1.16252,1.162545,1.16252,1.16258,55
2026-05-21T00:33:00+00:00,1.16255,1.16259,1.162535,1.16259,49
2026-05-21T00:34:00+00:00,1.16259,1.162645,1.16259,1.16268,56
2026-05-21T00:35:00+00:00,1.162645,1.162605,1.162585,1.162645,26
2026-05-21T00:36:00+00:00,1.162605,1.16258,1.16254,1.162625,82
2026-05-21T00:37:00+00:00,1.162585,1.16256,1.16256,1.16263,98
2026-05-21T00:38:00+00:00,1.16256,1.162615,1.16256,1.16262,51
2026-05-21T00:39:00+00:00,1.16262,1.1626,1.162565,1.16264,44
2026-05-21T00:40:00+00:00,1.1626,1.162625,1.162585,1.16266,51
2026-05-21T00:41:00+00:00,1.16263,1.162635,1.16258,1.162635,69
2026-05-21T00:42:00+00:00,1.16264,1.162675,1.16263,1.16269,83
2026-05-21T00:43:00+00:00,1.16267,1.16265,1.16261,1.16268,95
2026-05-21T00:44:00+00:00,1.16264,1.16265,1.16263,1.162655,45
2026-05-21T00:45:00+00:00,1.162645,1.16268,1.162635,1.16272,71
2026-05-21T00:46:00+00:00,1.16268,1.16272,1.16266,1.16273,59
2026-05-21T00:47:00+00:00,1.162715,1.162695,1.162655,1.16274,59
2026-05-21T00:48:00+00:00,1.162695,1.16268,1.16267,1.1627,43
2026-05-21T00:49:00+00:00,1.162685,1.16271,1.16266,1.16273,56
2026-05-21T00:50:00+00:00,1.16271,1.16266,1.16265,1.16271,48
2026-05-21T00:51:00+00:00,1.16266,1.16274,1.162655,1.162775,62
2026-05-21T00:52:00+00:00,1.162735,1.162815,1.162735,1.16284,127
2026-05-21T00:53:00+00:00,1.16282,1.16286,1.16279,1.16291,118
2026-05-21T00:54:00+00:00,1.16286,1.162855,1.16283,1.1629,108
2026-05-21T00:55:00+00:00,1.16285,1.16279,1.16277,1.162875,116
2026-05-21T00:56:00+00:00,1.162795,1.16278,1.162765,1.16285,100
2026-05-21T00:57:00+00:00,1.162785,1.16285,1.16278,1.16285,110
2026-05-21T00:58:00+00:00,1.162845,1.162895,1.162835,1.1629,65
2026-05-21T00:59:00+00:00,1.16289,1.162865,1.162835,1.1629,89
2026-05-21T01:00:00+00:00,1.162855,1.1629,1.162855,1.162965,122
2026-05-21T01:01:00+00:00,1.162905,1.163065,1.16289,1.163065,107
2026-05-21T01:02:00+00:00,1.16306,1.16312,1.16304,1.16312,67
2026-05-21T01:03:00+00:00,1.163115,1.162975,1.162975,1.163115,78
2026-05-21T01:04:00+00:00,1.16297,1.16297,1.16293,1.16302,47
2026-05-21T01:05:00+00:00,1.16297,1.163,1.162945,1.163045,55
2026-05-21T01:06:00+00:00,1.163,1.1632,1.16299,1.1632,55
2026-05-21T01:07:00+00:00,1.1632,1.16321,1.16317,1.16322,51
2026-05-21T01:08:00+00:00,1.163205,1.16327,1.163205,1.16327,46
2026-05-21T01:09:00+00:00,1.16327,1.16342,1.16327,1.163445,39
2026-05-21T01:10:00+00:00,1.16342,1.163415,1.163355,1.16346,91
2026-05-21T01:11:00+00:00,1.16341,1.163365,1.163365,1.16342,65
2026-05-21T01:12:00+00:00,1.163365,1.163245,1.16324,1.163365,52
2026-05-21T01:13:00+00:00,1.163245,1.163315,1.163245,1.163325,68
2026-05-21T01:14:00+00:00,1.16331,1.163315,1.16326,1.163325,24
2026-05-21T01:15:00+00:00,1.16333,1.16348,1.16333,1.16353,172
2026-05-21T01:16:00+00:00,1.16348,1.163385,1.163345,1.16348,104
2026-05-21T01:17:00+00:00,1.163395,1.163445,1.163365,1.16346,63
2026-05-21T01:18:00+00:00,1.16344,1.163345,1.163345,1.163455,43
2026-05-21T01:19:00+00:00,1.163345,1.16334,1.163335,1.1634,71
2026-05-21T01:20:00+00:00,1.163335,1.16331,1.163285,1.16334,43
2026-05-21T01:21:00+00:00,1.16331,1.163305,1.16326,1.16334,65
2026-05-21T01:22:00+00:00,1.16331,1.163325,1.1633,1.163335,93
2026-05-21T01:23:00+00:00,1.163325,1.163295,1.16329,1.1634,76
2026-05-21T01:24:00+00:00,1.1633,1.163305,1.16329,1.163315,47
2026-05-21T01:25:00+00:00,1.163305,1.1633,1.163255,1.163305,51
2026-05-21T01:26:00+00:00,1.1633,1.163245,1.16324,1.1633,32
2026-05-21T01:27:00+00:00,1.16324,1.16331,1.16322,1.16331,59
2026-05-21T01:28:00+00:00,1.16331,1.1633,1.16329,1.16335,72
2026-05-21T01:29:00+00:00,1.163295,1.163305,1.16329,1.16331,107
2026-05-21T01:30:00+00:00,1.1633,1.163095,1.163005,1.163305,332
2026-05-21T01:31:00+00:00,1.163095,1.16318,1.16307,1.16331,210
2026-05-21T01:32:00+00:00,1.16319,1.1633,1.16317,1.1633,100
2026-05-21T01:33:00+00:00,1.1633,1.16319,1.163165,1.1633,178
2026-05-21T01:34:00+00:00,1.163195,1.163165,1.16313,1.163245,119
2026-05-21T01:35:00+00:00,1.16316,1.163075,1.16306,1.163195,148
2026-05-21T01:36:00+00:00,1.16308,1.163165,1.16306,1.16318,135
2026-05-21T01:37:00+00:00,1.163165,1.16321,1.16313,1.163235,106
2026-05-21T01:38:00+00:00,1.163215,1.163245,1.16317,1.163295,102
2026-05-21T01:39:00+00:00,1.163245,1.16323,1.1632,1.163275,71
2026-05-21T01:40:00+00:00,1.16323,1.163315,1.163195,1.16333,71
2026-05-21T01:41:00+00:00,1.16332,1.163315,1.163315,1.163445,115
2026-05-21T01:42:00+00:00,1.163315,1.1633,1.16328,1.16335,90
2026-05-21T01:43:00+00:00,1.1633,1.1632,1.163195,1.163305,66
2026-05-21T01:44:00+00:00,1.163205,1.163125,1.16312,1.163205,60
2026-05-21T01:45:00+00:00,1.16312,1.163085,1.163085,1.163155,88
2026-05-21T01:46:00+00:00,1.16308,1.163065,1.16303,1.16309,61
2026-05-21T01:47:00+00:00,1.163065,1.163015,1.16298,1.16308,110
2026-05-21T01:48:00+00:00,1.16302,1.162995,1.16297,1.163025,50
2026-05-21T01:49:00+00:00,1.162995,1.162875,1.162835,1.163,61
2026-05-21T01:50:00+00:00,1.162865,1.16281,1.162795,1.162885,66
2026-05-21T01:51:00+00:00,1.162815,1.162825,1.162745,1.16285,75
2026-05-21T01:52:00+00:00,1.16282,1.16279,1.16275,1.162825,125
2026-05-21T01:53:00+00:00,1.16279,1.1626,1.16254,1.162825,134
2026-05-21T01:54:00+00:00,1.162595,1.16233,1.162295,1.162595,196
2026-05-21T01:55:00+00:00,1.16233,1.162555,1.16233,1.16256,207
2026-05-21T01:56:00+00:00,1.16256,1.16253,1.162465,1.1626,173
2026-05-21T01:57:00+00:00,1.162535,1.16255,1.162525,1.162635,107
2026-05-21T01:58:00+00:00,1.162545,1.162575,1.16253,1.16259,141
2026-05-21T01:59:00+00:00,1.162575,1.16261,1.162525,1.162625,85
2026-05-21T02:00:00+00:00,1.162615,1.162795,1.1626,1.162825,126
2026-05-21T02:01:00+00:00,1.162795,1.162755,1.162745,1.16285,92
2026-05-21T02:02:00+00:00,1.16276,1.1627,1.162615,1.162775,108
2026-05-21T02:03:00+00:00,1.162695,1.162705,1.162625,1.16271,69
2026-05-21T02:04:00+00:00,1.1627,1.162745,1.162695,1.162775,53
2026-05-21T02:05:00+00:00,1.16274,1.162685,1.162615,1.162785,75
2026-05-21T02:06:00+00:00,1.16269,1.162645,1.16264,1.16269,53
2026-05-21T02:07:00+00:00,1.16265,1.162735,1.16265,1.162795,82
2026-05-21T02:08:00+00:00,1.162735,1.162695,1.162685,1.16277,63
2026-05-21T02:09:00+00:00,1.162695,1.162655,1.162625,1.162715,59
2026-05-21T02:10:00+00:00,1.16266,1.16266,1.16263,1.162665,34
2026-05-21T02:11:00+00:00,1.16266,1.16265,1.162645,1.162715,79
2026-05-21T02:12:00+00:00,1.162655,1.162555,1.162555,1.162685,72
2026-05-21T02:13:00+00:00,1.162555,1.16255,1.16253,1.162565,53
2026-05-21T02:14:00+00:00,1.16255,1.16253,1.16251,1.162565,46
2026-05-21T02:15:00+00:00,1.16253,1.16253,1.1625,1.162565,77
2026-05-21T02:16:00+00:00,1.162525,1.162445,1.16244,1.16255,80
2026-05-21T02:17:00+00:00,1.16245,1.162485,1.162445,1.162535,90
2026-05-21T02:18:00+00:00,1.16249,1.16235,1.16234,1.162505,118
2026-05-21T02:19:00+00:00,1.162345,1.162165,1.16213,1.162355,117
2026-05-21T02:20:00+00:00,1.162165,1.162185,1.162145,1.162205,56
2026-05-21T02:21:00+00:00,1.162175,1.162295,1.162175,1.16231,107
2026-05-21T02:22:00+00:00,1.1623,1.162315,1.1623,1.162395,79
2026-05-21T02:23:00+00:00,1.1623,1.162305,1.16227,1.162315,75
2026-05-21T02:24:00+00:00,1.162305,1.162355,1.162305,1.162355,21
2026-05-21T02:25:00+00:00,1.162355,1.16226,1.16226,1.162355,54
2026-05-21T02:26:00+00:00,1.162265,1.1622,1.162175,1.162265,70
2026-05-21T02:27:00+00:00,1.1622,1.162145,1.162135,1.162225,71
2026-05-21T02:28:00+00:00,1.162145,1.162135,1.1621,1.16215,69
2026-05-21T02:29:00+00:00,1.162135,1.16212,1.162085,1.16214,70
2026-05-21T02:30:00+00:00,1.162125,1.162135,1.16198,1.162185,107
2026-05-21T02:31:00+00:00,1.162145,1.162205,1.162115,1.162235,70
2026-05-21T02:32:00+00:00,1.16221,1.16207,1.16207,1.162225,92
2026-05-21T02:33:00+00:00,1.16207,1.16209,1.162065,1.16215,75
2026-05-21T02:34:00+00:00,1.162095,1.16194,1.161895,1.16211,111
2026-05-21T02:35:00+00:00,1.16194,1.162075,1.16194,1.16208,77
2026-05-21T02:36:00+00:00,1.16208,1.162095,1.16208,1.16214,102
2026-05-21T02:37:00+00:00,1.1621,1.162065,1.162055,1.162145,99
2026-05-21T02:38:00+00:00,1.16207,1.162045,1.162045,1.162115,71
2026-05-21T02:39:00+00:00,1.16204,1.16199,1.16198,1.162045,60
2026-05-21T02:40:00+00:00,1.16199,1.16192,1.16185,1.16199,85
2026-05-21T02:41:00+00:00,1.161915,1.161895,1.16188,1.16196,108
2026-05-21T02:42:00+00:00,1.1619,1.16191,1.161845,1.161915,67
2026-05-21T02:43:00+00:00,1.161905,1.161955,1.16189,1.16196,63
2026-05-21T02:44:00+00:00,1.16196,1.162,1.16195,1.16202,78
2026-05-21T02:45:00+00:00,1.161995,1.16186,1.161835,1.16203,90
2026-05-21T02:46:00+00:00,1.161865,1.161635,1.16156,1.16191,155
2026-05-21T02:47:00+00:00,1.16164,1.161795,1.161635,1.16184,121
2026-05-21T02:48:00+00:00,1.161805,1.16181,1.161805,1.16184,54
2026-05-21T02:49:00+00:00,1.161815,1.1618,1.16179,1.16183,72
2026-05-21T02:50:00+00:00,1.161795,1.161845,1.16178,1.16188,49
2026-05-21T02:51:00+00:00,1.161845,1.161905,1.16184,1.16196,86
2026-05-21T02:52:00+00:00,1.16191,1.161855,1.16183,1.161935,56
2026-05-21T02:53:00+00:00,1.161855,1.16184,1.16183,1.16186,76
2026-05-21T02:54:00+00:00,1.161835,1.16176,1.16175,1.16184,97
2026-05-21T02:55:00+00:00,1.161765,1.161835,1.16176,1.161855,101
2026-05-21T02:56:00+00:00,1.161835,1.161805,1.161795,1.16186,58
2026-05-21T02:57:00+00:00,1.161805,1.16185,1.161805,1.161865,61
2026-05-21T02:58:00+00:00,1.161845,1.16188,1.16184,1.1619,120
2026-05-21T02:59:00+00:00,1.16188,1.161765,1.16176,1.1619,65
2026-05-21T03:00:00+00:00,1.161765,1.161855,1.16176,1.161885,55
2026-05-21T03:01:00+00:00,1.161855,1.161915,1.161855,1.161915,37
2026-05-21T03:02:00+00:00,1.161915,1.161955,1.16189,1.16196,48
2026-05-21T03:03:00+00:00,1.16196,1.162015,1.161955,1.162015,48
2026-05-21T03:04:00+00:00,1.162015,1.162005,1.161975,1.162015,30
2026-05-21T03:05:00+00:00,1.162015,1.162,1.162,1.162015,38
2026-05-21T03:06:00+00:00,1.162005,1.16199,1.161945,1.16202,67
2026-05-21T03:07:00+00:00,1.16199,1.161905,1.161905,1.162005,24
2026-05-21T03:08:00+00:00,1.16191,1.16201,1.16191,1.16201,49
2026-05-21T03:09:00+00:00,1.16201,1.16208,1.16201,1.162085,19
2026-05-21T03:10:00+00:00,1.162075,1.162045,1.16203,1.162085,42
2026-05-21T03:11:00+00:00,1.162045,1.162015,1.162,1.16206,33
2026-05-21T03:12:00+00:00,1.162015,1.161905,1.161905,1.162015,34
2026-05-21T03:13:00+00:00,1.16191,1.161915,1.161905,1.161915,4
2026-05-21T03:14:00+00:00,1.161915,1.161905,1.161905,1.161955,28
2026-05-21T03:15:00+00:00,1.16191,1.16184,1.161835,1.161915,36
2026-05-21T03:16:00+00:00,1.16185,1.161865,1.16185,1.16189,26
2026-05-21T03:17:00+00:00,1.161865,1.16191,1.161845,1.16194,45
2026-05-21T03:18:00+00:00,1.161905,1.162045,1.16189,1.16206,65
2026-05-21T03:19:00+00:00,1.16204,1.16209,1.162035,1.162105,74
2026-05-21T03:20:00+00:00,1.16209,1.16211,1.16209,1.16214,50
2026-05-21T03:21:00+00:00,1.16211,1.162195,1.16211,1.162205,38
2026-05-21T03:22:00+00:00,1.1622,1.162255,1.16219,1.16226,67
2026-05-21T03:23:00+00:00,1.162255,1.16218,1.16216,1.16227,50
2026-05-21T03:24:00+00:00,1.16218,1.162165,1.162155,1.1622,17
2026-05-21T03:25:00+00:00,1.16217,1.1622,1.162165,1.162215,41
2026-05-21T03:26:00+00:00,1.162195,1.162145,1.162125,1.1622,64
2026-05-21T03:27:00+00:00,1.16215,1.162145,1.162145,1.162175,54
2026-05-21T03:28:00+00:00,1.162145,1.162125,1.162115,1.162155,62
2026-05-21T03:29:00+00:00,1.162125,1.16205,1.16205,1.162125,73
2026-05-21T03:30:00+00:00,1.162045,1.162085,1.16203,1.162085,36
2026-05-21T03:31:00+00:00,1.162085,1.161975,1.161975,1.162085,19
2026-05-21T03:32:00+00:00,1.161975,1.161945,1.16193,1.161995,91
2026-05-21T03:33:00+00:00,1.161945,1.16194,1.16194,1.161955,29
2026-05-21T03:34:00+00:00,1.161935,1.16184,1.161835,1.161935,42
2026-05-21T03:35:00+00:00,1.161845,1.161845,1.16183,1.1619,44
2026-05-21T03:36:00+00:00,1.16185,1.16189,1.16185,1.161915,36
2026-05-21T03:37:00+00:00,1.16188,1.16187,1.16185,1.16188,37
2026-05-21T03:38:00+00:00,1.16187,1.16192,1.161865,1.161935,61
2026-05-21T03:39:00+00:00,1.16192,1.16194,1.1619,1.161945,47
2026-05-21T03:40:00+00:00,1.161945,1.162035,1.16194,1.162045,52
2026-05-21T03:41:00+00:00,1.162035,1.161995,1.161975,1.162035,24
2026-05-21T03:42:00+00:00,1.16199,1.162105,1.16199,1.16211,39
2026-05-21T03:43:00+00:00,1.162105,1.162115,1.162095,1.16212,56
2026-05-21T03:44:00+00:00,1.162125,1.16211,1.16209,1.16217,64
2026-05-21T03:45:00+00:00,1.16211,1.162105,1.162105,1.16214,57
2026-05-21T03:46:00+00:00,1.162115,1.162095,1.162095,1.162165,53
2026-05-21T03:47:00+00:00,1.162095,1.16201,1.162005,1.16211,40
2026-05-21T03:48:00+00:00,1.16201,1.162065,1.162005,1.162065,34
2026-05-21T03:49:00+00:00,1.162065,1.16209,1.162055,1.162095,31
2026-05-21T03:50:00+00:00,1.162095,1.161965,1.16194,1.162095,31
2026-05-21T03:51:00+00:00,1.161965,1.161985,1.16196,1.162025,16
2026-05-21T03:52:00+00:00,1.161985,1.16195,1.161945,1.161985,21
2026-05-21T03:53:00+00:00,1.16196,1.161955,1.161955,1.161965,12
2026-05-21T03:54:00+00:00,1.161955,1.161895,1.161885,1.161965,21
2026-05-21T03:55:00+00:00,1.161895,1.16192,1.161875,1.16192,47
2026-05-21T03:56:00+00:00,1.16193,1.161945,1.161895,1.16195,25
2026-05-21T03:57:00+00:00,1.161945,1.161955,1.161945,1.161995,28
2026-05-21T03:58:00+00:00,1.161955,1.161925,1.1619,1.161955,24
2026-05-21T03:59:00+00:00,1.161925,1.161905,1.1619,1.16195,43
2026-05-21T04:00:00+00:00,1.161895,1.16193,1.16185,1.161945,41
2026-05-21T04:01:00+00:00,1.16193,1.161915,1.16191,1.161965,70
2026-05-21T04:02:00+00:00,1.161915,1.161975,1.161915,1.161975,20
2026-05-21T04:03:00+00:00,1.161975,1.162005,1.16195,1.16201,26
2026-05-21T04:04:00+00:00,1.162005,1.162015,1.161945,1.16204,61
2026-05-21T04:05:00+00:00,1.162015,1.16207,1.162015,1.16208,62
2026-05-21T04:06:00+00:00,1.162075,1.162005,1.162005,1.162075,23
2026-05-21T04:07:00+00:00,1.162005,1.161985,1.161985,1.162005,3
2026-05-21T04:08:00+00:00,1.161985,1.161845,1.161845,1.161985,38
2026-05-21T04:09:00+00:00,1.161845,1.16189,1.161845,1.16192,27
2026-05-21T04:10:00+00:00,1.16189,1.16194,1.16189,1.161945,39
2026-05-21T04:11:00+00:00,1.16194,1.16198,1.16194,1.161995,27
2026-05-21T04:12:00+00:00,1.16198,1.16191,1.1619,1.16198,19
2026-05-21T04:13:00+00:00,1.16191,1.16199,1.16191,1.16199,35
2026-05-21T04:14:00+00:00,1.16199,1.162085,1.16199,1.16211,33
2026-05-21T04:15:00+00:00,1.162085,1.16203,1.16203,1.162115,42
2026-05-21T04:16:00+00:00,1.16203,1.162045,1.162,1.162055,20
2026-05-21T04:17:00+00:00,1.162045,1.16204,1.16204,1.16207,40
2026-05-21T04:18:00+00:00,1.16204,1.162035,1.162025,1.16204,13
2026-05-21T04:19:00+00:00,1.16203,1.162035,1.162,1.162045,42
2026-05-21T04:20:00+00:00,1.162045,1.162005,1.162,1.16205,48
2026-05-21T04:21:00+00:00,1.162,1.16202,1.16199,1.16204,37
2026-05-21T04:22:00+00:00,1.16202,1.16199,1.16199,1.162035,21
2026-05-21T04:23:00+00:00,1.16199,1.162005,1.16199,1.162045,34
2026-05-21T04:24:00+00:00,1.162005,1.162065,1.162,1.162065,40
2026-05-21T04:25:00+00:00,1.162065,1.162085,1.16206,1.162095,16
2026-05-21T04:26:00+00:00,1.162085,1.16209,1.162085,1.16211,26
2026-05-21T04:27:00+00:00,1.16209,1.16215,1.16209,1.16217,27
2026-05-21T04:28:00+00:00,1.162155,1.162145,1.16214,1.16216,19
2026-05-21T04:29:00+00:00,1.162145,1.162125,1.162075,1.162145,22
2026-05-21T04:30:00+00:00,1.162125,1.162145,1.162095,1.162155,34
2026-05-21T04:31:00+00:00,1.162145,1.162145,1.162135,1.162155,15
2026-05-21T04:32:00+00:00,1.162145,1.162085,1.162055,1.162145,19
2026-05-21T04:33:00+00:00,1.162085,1.162045,1.162045,1.162085,5
2026-05-21T04:34:00+00:00,1.162045,1.162065,1.162045,1.16208,38
2026-05-21T04:35:00+00:00,1.16206,1.162045,1.162035,1.162065,26
2026-05-21T04:36:00+00:00,1.162045,1.16204,1.162025,1.162085,43
2026-05-21T04:37:00+00:00,1.16204,1.162085,1.16204,1.16209,39
2026-05-21T04:38:00+00:00,1.162085,1.16208,1.162065,1.162105,16
2026-05-21T04:39:00+00:00,1.162075,1.162075,1.16205,1.162095,40
2026-05-21T04:40:00+00:00,1.162075,1.16208,1.162055,1.162085,14
2026-05-21T04:41:00+00:00,1.16208,1.162045,1.16202,1.16208,26
2026-05-21T04:42:00+00:00,1.16204,1.162085,1.16204,1.162085,31
2026-05-21T04:43:00+00:00,1.162085,1.16212,1.162055,1.16212,18
2026-05-21T04:44:00+00:00,1.16212,1.162145,1.162095,1.162155,22
2026-05-21T04:45:00+00:00,1.162145,1.162145,1.16213,1.16217,32
2026-05-21T04:46:00+00:00,1.162145,1.162095,1.16209,1.16215,48
2026-05-21T04:47:00+00:00,1.16209,1.16211,1.16209,1.16214,79
2026-05-21T04:48:00+00:00,1.16211,1.16215,1.16209,1.162155,41
2026-05-21T04:49:00+00:00,1.162145,1.16215,1.162135,1.162155,26
2026-05-21T04:50:00+00:00,1.16215,1.162295,1.16215,1.162295,62
2026-05-21T04:51:00+00:00,1.16229,1.162275,1.162255,1.162305,38
2026-05-21T04:52:00+00:00,1.162275,1.162245,1.162235,1.162305,55
2026-05-21T04:53:00+00:00,1.16224,1.16225,1.16219,1.16227,71
2026-05-21T04:54:00+00:00,1.162255,1.162245,1.16224,1.162265,33
2026-05-21T04:55:00+00:00,1.16225,1.162315,1.16225,1.16236,103
2026-05-21T04:56:00+00:00,1.16231,1.162315,1.1623,1.16233,58
2026-05-21T04:57:00+00:00,1.162315,1.16227,1.16226,1.16232,56
2026-05-21T04:58:00+00:00,1.162265,1.162285,1.162255,1.16229,42
2026-05-21T04:59:00+00:00,1.162285,1.162215,1.162215,1.162285,33
2026-05-21T05:00:00+00:00,1.16222,1.16226,1.162215,1.162295,64
2026-05-21T05:01:00+00:00,1.162255,1.162335,1.162255,1.16235,34
2026-05-21T05:02:00+00:00,1.162335,1.162285,1.162285,1.162335,21
2026-05-21T05:03:00+00:00,1.162285,1.16229,1.162215,1.1623,51
2026-05-21T05:04:00+00:00,1.162285,1.162265,1.162245,1.1623,27
2026-05-21T05:05:00+00:00,1.162265,1.162245,1.16224,1.162295,39
2026-05-21T05:06:00+00:00,1.162245,1.162295,1.16224,1.162295,26
2026-05-21T05:07:00+00:00,1.1623,1.1622,1.162195,1.162315,69
2026-05-21T05:08:00+00:00,1.162235,1.162155,1.162155,1.162285,47
2026-05-21T05:09:00+00:00,1.162155,1.162185,1.162155,1.162245,23
2026-05-21T05:10:00+00:00,1.16219,1.162195,1.162145,1.162195,38
2026-05-21T05:11:00+00:00,1.162195,1.162165,1.16216,1.162195,47
2026-05-21T05:12:00+00:00,1.162165,1.162165,1.162155,1.162215,22
2026-05-21T05:13:00+00:00,1.162165,1.162195,1.162165,1.16221,42
2026-05-21T05:14:00+00:00,1.162195,1.162185,1.162145,1.162195,24
2026-05-21T05:15:00+00:00,1.162185,1.16214,1.162105,1.162185,23
2026-05-21T05:16:00+00:00,1.16214,1.162125,1.162095,1.162145,32
2026-05-21T05:17:00+00:00,1.162135,1.16215,1.162105,1.16215,14
2026-05-21T05:18:00+00:00,1.16215,1.1621,1.1621,1.162155,29
2026-05-21T05:19:00+00:00,1.1621,1.162125,1.1621,1.162155,57
2026-05-21T05:20:00+00:00,1.16211,1.162155,1.162095,1.16216,75
2026-05-21T05:21:00+00:00,1.162155,1.16214,1.162095,1.162155,62
2026-05-21T05:22:00+00:00,1.162135,1.162105,1.16209,1.16215,51
2026-05-21T05:23:00+00:00,1.162105,1.1621,1.16206,1.162105,54
2026-05-21T05:24:00+00:00,1.162105,1.16214,1.16209,1.162205,78
2026-05-21T05:25:00+00:00,1.162135,1.162065,1.16206,1.162155,51
2026-05-21T05:26:00+00:00,1.16206,1.161885,1.161845,1.16206,145
2026-05-21T05:27:00+00:00,1.16189,1.161965,1.16188,1.161965,44
2026-05-21T05:28:00+00:00,1.161965,1.16194,1.161925,1.162025,48
2026-05-21T05:29:00+00:00,1.16194,1.161905,1.161895,1.16195,28
2026-05-21T05:30:00+00:00,1.16191,1.162005,1.16186,1.162005,144
2026-05-21T05:31:00+00:00,1.162,1.161985,1.16195,1.16202,110
2026-05-21T05:32:00+00:00,1.16198,1.16209,1.16198,1.1621,122
2026-05-21T05:33:00+00:00,1.162085,1.16216,1.162075,1.16216,63
2026-05-21T05:34:00+00:00,1.162155,1.162155,1.16213,1.16216,61
2026-05-21T05:35:00+00:00,1.162155,1.162045,1.16204,1.162155,38
2026-05-21T05:36:00+00:00,1.162045,1.162,1.16199,1.16208,40
2026-05-21T05:37:00+00:00,1.162,1.162045,1.161995,1.16205,50
2026-05-21T05:38:00+00:00,1.162065,1.16204,1.161995,1.162065,44
2026-05-21T05:39:00+00:00,1.162045,1.161895,1.161895,1.16208,89
2026-05-21T05:40:00+00:00,1.1619,1.161955,1.1619,1.16198,84
2026-05-21T05:41:00+00:00,1.161965,1.162005,1.16194,1.16201,60
2026-05-21T05:42:00+00:00,1.162,1.162045,1.161985,1.162045,65
2026-05-21T05:43:00+00:00,1.162045,1.162095,1.162025,1.162095,65
2026-05-21T05:44:00+00:00,1.162095,1.162085,1.16205,1.162115,51
2026-05-21T05:45:00+00:00,1.162075,1.162015,1.161975,1.162105,95
2026-05-21T05:46:00+00:00,1.16201,1.161935,1.161935,1.16206,90
2026-05-21T05:47:00+00:00,1.161925,1.16187,1.161865,1.16197,95
2026-05-21T05:48:00+00:00,1.16187,1.161885,1.161795,1.16202,205
2026-05-21T05:49:00+00:00,1.16188,1.161955,1.161835,1.16199,137
2026-05-21T05:50:00+00:00,1.16195,1.162005,1.161945,1.162025,58
2026-05-21T05:51:00+00:00,1.162005,1.16207,1.16195,1.16209,76
2026-05-21T05:52:00+00:00,1.16207,1.16202,1.162015,1.16207,69
2026-05-21T05:53:00+00:00,1.162015,1.162035,1.16199,1.16205,78
2026-05-21T05:54:00+00:00,1.162035,1.162185,1.162035,1.16219,63
2026-05-21T05:55:00+00:00,1.162185,1.162065,1.16204,1.162185,74
2026-05-21T05:56:00+00:00,1.16207,1.1621,1.16207,1.16213,46
2026-05-21T05:57:00+00:00,1.162105,1.16216,1.16207,1.162205,122
2026-05-21T05:58:00+00:00,1.162165,1.16221,1.162165,1.16223,102
2026-05-21T05:59:00+00:00,1.16221,1.16219,1.16214,1.16221,76
2026-05-21T06:00:00+00:00,1.162185,1.162185,1.162125,1.162265,181
2026-05-21T06:01:00+00:00,1.162175,1.16224,1.16213,1.16226,99
2026-05-21T06:02:00+00:00,1.162245,1.1623,1.16224,1.162345,181
2026-05-21T06:03:00+00:00,1.162295,1.16233,1.162265,1.162355,93
2026-05-21T06:04:00+00:00,1.16233,1.16238,1.16233,1.162415,89
2026-05-21T06:05:00+00:00,1.162385,1.162455,1.162385,1.162485,118
2026-05-21T06:06:00+00:00,1.162455,1.162495,1.16242,1.162535,110
2026-05-21T06:07:00+00:00,1.16248,1.162545,1.16243,1.162585,60
2026-05-21T06:08:00+00:00,1.162545,1.162595,1.162535,1.162615,50
2026-05-21T06:09:00+00:00,1.162595,1.16255,1.16247,1.162615,78
2026-05-21T06:10:00+00:00,1.16255,1.162455,1.1624,1.16255,173
2026-05-21T06:11:00+00:00,1.16245,1.162545,1.16245,1.16255,137
2026-05-21T06:12:00+00:00,1.162545,1.16264,1.162535,1.162665,87
2026-05-21T06:13:00+00:00,1.162635,1.16259,1.162545,1.162635,68
2026-05-21T06:14:00+00:00,1.162585,1.162565,1.16254,1.1626,80
2026-05-21T06:15:00+00:00,1.162565,1.162555,1.16249,1.162565,76
2026-05-21T06:16:00+00:00,1.162555,1.162305,1.162305,1.162565,75
2026-05-21T06:17:00+00:00,1.162295,1.162245,1.162245,1.162325,101
2026-05-21T06:18:00+00:00,1.162235,1.16223,1.16223,1.16231,125
2026-05-21T06:19:00+00:00,1.16223,1.16216,1.16214,1.162255,100
2026-05-21T06:20:00+00:00,1.162155,1.1621,1.161995,1.16217,148
2026-05-21T06:21:00+00:00,1.162105,1.16244,1.162105,1.162675,373
2026-05-21T06:22:00+00:00,1.162445,1.162435,1.162425,1.16266,292
2026-05-21T06:23:00+00:00,1.162435,1.162465,1.162405,1.16249,143
2026-05-21T06:24:00+00:00,1.162465,1.16249,1.162465,1.162515,149
2026-05-21T06:25:00+00:00,1.16249,1.162395,1.162395,1.16254,112
2026-05-21T06:26:00+00:00,1.162405,1.16244,1.16236,1.162475,91
2026-05-21T06:27:00+00:00,1.162445,1.162445,1.162345,1.162445,103
2026-05-21T06:28:00+00:00,1.162445,1.162495,1.162435,1.162515,51
2026-05-21T06:29:00+00:00,1.162495,1.162505,1.162435,1.16251,116
2026-05-21T06:30:00+00:00,1.162495,1.162525,1.162445,1.16257,93
2026-05-21T06:31:00+00:00,1.162535,1.162545,1.162515,1.162575,56
2026-05-21T06:32:00+00:00,1.162545,1.162535,1.162515,1.162565,49
2026-05-21T06:33:00+00:00,1.162535,1.162305,1.162285,1.16254,105
2026-05-21T06:34:00+00:00,1.162305,1.162285,1.16224,1.162315,70
2026-05-21T06:35:00+00:00,1.162275,1.162165,1.162145,1.16231,118
2026-05-21T06:36:00+00:00,1.162165,1.162135,1.162125,1.162175,81
2026-05-21T06:37:00+00:00,1.162135,1.162105,1.162075,1.162185,84
2026-05-21T06:38:00+00:00,1.162105,1.162145,1.162085,1.162205,120
2026-05-21T06:39:00+00:00,1.162145,1.161995,1.16199,1.162145,105
2026-05-21T06:40:00+00:00,1.162,1.161955,1.16194,1.16204,59
2026-05-21T06:41:00+00:00,1.161945,1.161945,1.16187,1.161955,94
2026-05-21T06:42:00+00:00,1.161935,1.161835,1.16183,1.161945,142
2026-05-21T06:43:00+00:00,1.161845,1.161605,1.161575,1.16186,114
2026-05-21T06:44:00+00:00,1.161615,1.161705,1.161615,1.16172,74
2026-05-21T06:45:00+00:00,1.161715,1.161695,1.161675,1.16174,121
2026-05-21T06:46:00+00:00,1.161695,1.1618,1.16164,1.161805,102
2026-05-21T06:47:00+00:00,1.161795,1.16186,1.16178,1.16189,148
2026-05-21T06:48:00+00:00,1.16186,1.161805,1.16178,1.161885,87
2026-05-21T06:49:00+00:00,1.161805,1.161795,1.16179,1.16186,118
2026-05-21T06:50:00+00:00,1.16179,1.161885,1.161775,1.16189,149
2026-05-21T06:51:00+00:00,1.16189,1.161895,1.161845,1.16192,118
2026-05-21T06:52:00+00:00,1.161895,1.161835,1.161785,1.161895,91
2026-05-21T06:53:00+00:00,1.161835,1.161795,1.16178,1.161875,99
2026-05-21T06:54:00+00:00,1.161785,1.161775,1.161745,1.161795,58
2026-05-21T06:55:00+00:00,1.161775,1.16173,1.161675,1.16179,90
2026-05-21T06:56:00+00:00,1.161725,1.161725,1.161675,1.161745,96
2026-05-21T06:57:00+00:00,1.16173,1.161995,1.161725,1.162005,179
2026-05-21T06:58:00+00:00,1.16199,1.161995,1.16195,1.162045,166
2026-05-21T06:59:00+00:00,1.161995,1.162035,1.161985,1.162035,74
2026-05-21T07:00:00+00:00,1.16203,1.16202,1.161975,1.162085,147
2026-05-21T07:01:00+00:00,1.162025,1.16199,1.161955,1.1621,206
2026-05-21T07:02:00+00:00,1.161995,1.161945,1.161905,1.16204,166
2026-05-21T07:03:00+00:00,1.161945,1.161795,1.161695,1.161945,308
2026-05-21T07:04:00+00:00,1.161815,1.161715,1.161645,1.16183,167
2026-05-21T07:05:00+00:00,1.161725,1.16178,1.16169,1.16182,204
2026-05-21T07:06:00+00:00,1.161775,1.16178,1.16172,1.16183,218
2026-05-21T07:07:00+00:00,1.161775,1.16173,1.161715,1.161825,95
2026-05-21T07:08:00+00:00,1.16173,1.16184,1.161675,1.161845,167
2026-05-21T07:09:00+00:00,1.16184,1.161835,1.16176,1.161845,84
2026-05-21T07:10:00+00:00,1.16183,1.161785,1.161705,1.16183,171
2026-05-21T07:11:00+00:00,1.16179,1.161785,1.16169,1.16185,216
2026-05-21T07:12:00+00:00,1.161785,1.16185,1.16174,1.16185,115
2026-05-21T07:13:00+00:00,1.16185,1.16185,1.16181,1.161895,215
2026-05-21T07:14:00+00:00,1.16187,1.1618,1.1618,1.16189,471
2026-05-21T07:15:00+00:00,1.16179,1.161025,1.16097,1.16179,904
2026-05-21T07:16:00+00:00,1.16102,1.16063,1.16056,1.16115,918
2026-05-21T07:17:00+00:00,1.160625,1.160525,1.16047,1.16072,789
2026-05-21T07:18:00+00:00,1.16053,1.160245,1.160245,1.160595,633
2026-05-21T07:19:00+00:00,1.160245,1.15983,1.159745,1.16032,836
2026-05-21T07:20:00+00:00,1.159835,1.16001,1.159835,1.16004,671
2026-05-21T07:21:00+00:00,1.16002,1.160105,1.160015,1.160265,810
2026-05-21T07:22:00+00:00,1.1601,1.15987,1.159795,1.160105,390
2026-05-21T07:23:00+00:00,1.15987,1.160015,1.159835,1.160085,422
2026-05-21T07:24:00+00:00,1.160005,1.15993,1.15987,1.160045,359
2026-05-21T07:25:00+00:00,1.159925,1.15952,1.15946,1.159945,512
2026-05-21T07:26:00+00:00,1.159525,1.159425,1.15942,1.159615,565
2026-05-21T07:27:00+00:00,1.15943,1.15971,1.15942,1.15976,225
2026-05-21T07:28:00+00:00,1.159715,1.15968,1.159645,1.15974,557
2026-05-21T07:29:00+00:00,1.159685,1.159735,1.15957,1.15982,353
2026-05-21T07:30:00+00:00,1.15974,1.1601,1.15974,1.16022,585
2026-05-21T07:31:00+00:00,1.160095,1.160155,1.159965,1.160175,411
2026-05-21T07:32:00+00:00,1.160155,1.160145,1.160065,1.16019,324
2026-05-21T07:33:00+00:00,1.160135,1.1599,1.1597,1.160135,440
2026-05-21T07:34:00+00:00,1.159915,1.160195,1.159915,1.16021,573
2026-05-21T07:35:00+00:00,1.16019,1.16001,1.16,1.16022,530
2026-05-21T07:36:00+00:00,1.160005,1.16019,1.16,1.160215,327
2026-05-21T07:37:00+00:00,1.16019,1.160075,1.160055,1.160245,348
2026-05-21T07:38:00+00:00,1.16007,1.16021,1.160025,1.160225,485
2026-05-21T07:39:00+00:00,1.160205,1.16017,1.160125,1.160265,328
2026-05-21T07:40:00+00:00,1.160165,1.16017,1.160025,1.16019,234
2026-05-21T07:41:00+00:00,1.160165,1.160155,1.16011,1.16021,360
2026-05-21T07:42:00+00:00,1.16015,1.160245,1.16014,1.16027,407
2026-05-21T07:43:00+00:00,1.16024,1.160295,1.160175,1.160305,316
2026-05-21T07:44:00+00:00,1.160285,1.160355,1.16028,1.160415,500
2026-05-21T07:45:00+00:00,1.16034,1.160485,1.160305,1.160505,362
2026-05-21T07:46:00+00:00,1.16049,1.1605,1.1604,1.16053,280
2026-05-21T07:47:00+00:00,1.160495,1.16051,1.160445,1.160525,194
2026-05-21T07:48:00+00:00,1.160515,1.160515,1.1605,1.16059,159
2026-05-21T07:49:00+00:00,1.160515,1.160555,1.160405,1.160565,175
2026-05-21T07:50:00+00:00,1.160555,1.160605,1.160495,1.160645,199
2026-05-21T07:51:00+00:00,1.160605,1.160725,1.160605,1.160765,249
2026-05-21T07:52:00+00:00,1.160725,1.160705,1.160675,1.16076,149
2026-05-21T07:53:00+00:00,1.16071,1.160845,1.16066,1.1609,231
2026-05-21T07:54:00+00:00,1.16084,1.16078,1.16075,1.1609,191
2026-05-21T07:55:00+00:00,1.16079,1.160665,1.160625,1.16079,159
2026-05-21T07:56:00+00:00,1.160665,1.16083,1.160635,1.160865,150
2026-05-21T07:57:00+00:00,1.16083,1.160715,1.160705,1.16084,106
2026-05-21T07:58:00+00:00,1.160715,1.16073,1.160655,1.16076,73
2026-05-21T07:59:00+00:00,1.160725,1.160755,1.160715,1.160785,166
2026-05-21T08:00:00+00:00,1.160735,1.160735,1.16067,1.160845,223
2026-05-21T08:01:00+00:00,1.160735,1.16071,1.160695,1.16086,199
2026-05-21T08:02:00+00:00,1.160715,1.160645,1.160615,1.16076,141
2026-05-21T08:03:00+00:00,1.160645,1.161005,1.160645,1.16101,154
2026-05-21T08:04:00+00:00,1.161005,1.161245,1.16099,1.161285,190
2026-05-21T08:05:00+00:00,1.16124,1.161365,1.161215,1.161365,182
2026-05-21T08:06:00+00:00,1.161365,1.161405,1.161305,1.161415,114
2026-05-21T08:07:00+00:00,1.161395,1.161355,1.16132,1.161445,142
2026-05-21T08:08:00+00:00,1.16136,1.161335,1.161235,1.161375,139
2026-05-21T08:09:00+00:00,1.161325,1.16139,1.161295,1.161435,164
2026-05-21T08:10:00+00:00,1.161395,1.16147,1.16139,1.161585,170
2026-05-21T08:11:00+00:00,1.161475,1.162375,1.161475,1.162375,494
2026-05-21T08:12:00+00:00,1.162375,1.16211,1.161985,1.162425,543
2026-05-21T08:13:00+00:00,1.16212,1.162455,1.162105,1.162465,295
2026-05-21T08:14:00+00:00,1.162455,1.162605,1.16234,1.16262,403
2026-05-21T08:15:00+00:00,1.1626,1.163265,1.1626,1.1633,628
2026-05-21T08:16:00+00:00,1.16326,1.16313,1.163115,1.163565,778
2026-05-21T08:17:00+00:00,1.163125,1.16327,1.16308,1.163505,294
2026-05-21T08:18:00+00:00,1.163265,1.162725,1.162705,1.163275,348
2026-05-21T08:19:00+00:00,1.16272,1.162685,1.16256,1.162735,204
2026-05-21T08:20:00+00:00,1.162685,1.162585,1.16258,1.162805,206
2026-05-21T08:21:00+00:00,1.16257,1.16254,1.16243,1.16257,166
2026-05-21T08:22:00+00:00,1.16253,1.162715,1.16253,1.162825,224
2026-05-21T08:23:00+00:00,1.162715,1.162685,1.162625,1.16295,154
2026-05-21T08:24:00+00:00,1.16269,1.162845,1.16265,1.16295,133
2026-05-21T08:25:00+00:00,1.162845,1.16276,1.162725,1.162975,229
2026-05-21T08:26:00+00:00,1.162755,1.16278,1.162695,1.162905,350
2026-05-21T08:27:00+00:00,1.16278,1.162945,1.162755,1.163005,303
2026-05-21T08:28:00+00:00,1.16295,1.16298,1.162815,1.163,173
2026-05-21T08:29:00+00:00,1.162975,1.16337,1.162935,1.16349,479
2026-05-21T08:30:00+00:00,1.16336,1.163145,1.163015,1.16336,482
2026-05-21T08:31:00+00:00,1.16314,1.162795,1.162765,1.16314,234
2026-05-21T08:32:00+00:00,1.16279,1.16295,1.162775,1.16295,236
2026-05-21T08:33:00+00:00,1.16295,1.162825,1.162825,1.163015,198
2026-05-21T08:34:00+00:00,1.162815,1.162765,1.162665,1.162845,292
2026-05-21T08:35:00+00:00,1.16276,1.162735,1.16269,1.16284,169
2026-05-21T08:36:00+00:00,1.162735,1.16267,1.16257,1.16279,157
2026-05-21T08:37:00+00:00,1.16267,1.162675,1.162615,1.16273,139
2026-05-21T08:38:00+00:00,1.162675,1.162625,1.162625,1.162795,63
2026-05-21T08:39:00+00:00,1.16263,1.16255,1.162525,1.162695,124
2026-05-21T08:40:00+00:00,1.162555,1.162675,1.162515,1.162725,157
2026-05-21T08:41:00+00:00,1.162675,1.16246,1.16242,1.162675,141
2026-05-21T08:42:00+00:00,1.16244,1.16243,1.162395,1.162465,118
2026-05-21T08:43:00+00:00,1.162435,1.16236,1.16233,1.162465,112
2026-05-21T08:44:00+00:00,1.162365,1.162305,1.16226,1.162375,120
2026-05-21T08:45:00+00:00,1.162305,1.162275,1.162205,1.16233,115
2026-05-21T08:46:00+00:00,1.162275,1.16265,1.162185,1.16275,372
2026-05-21T08:47:00+00:00,1.162645,1.16258,1.162475,1.162875,364
2026-05-21T08:48:00+00:00,1.162575,1.16249,1.16245,1.162595,161
2026-05-21T08:49:00+00:00,1.162485,1.162435,1.16236,1.162535,137
2026-05-21T08:50:00+00:00,1.162425,1.16265,1.162385,1.162685,270
2026-05-21T08:51:00+00:00,1.162655,1.162545,1.162465,1.16271,182
2026-05-21T08:52:00+00:00,1.162555,1.162565,1.162425,1.162575,145
2026-05-21T08:53:00+00:00,1.162565,1.162265,1.162235,1.162565,153
2026-05-21T08:54:00+00:00,1.16228,1.162345,1.16227,1.162375,160
2026-05-21T08:55:00+00:00,1.162355,1.162415,1.162345,1.162475,137
2026-05-21T08:56:00+00:00,1.162425,1.162275,1.162225,1.162495,209
2026-05-21T08:57:00+00:00,1.16227,1.16223,1.162135,1.16232,224
2026-05-21T08:58:00+00:00,1.162225,1.162235,1.162185,1.1623,177
2026-05-21T08:59:00+00:00,1.162225,1.162375,1.162225,1.162375,116
2026-05-21T09:00:00+00:00,1.16237,1.162195,1.162185,1.16239,190
2026-05-21T09:01:00+00:00,1.162185,1.16213,1.162125,1.162235,109
2026-05-21T09:02:00+00:00,1.162125,1.16237,1.16208,1.16238,128
2026-05-21T09:03:00+00:00,1.16237,1.16242,1.16233,1.162465,114
2026-05-21T09:04:00+00:00,1.162425,1.16237,1.16229,1.162435,175
2026-05-21T09:05:00+00:00,1.162365,1.162455,1.16234,1.1626,372
2026-05-21T09:06:00+00:00,1.16245,1.162525,1.162425,1.16253,253
2026-05-21T09:07:00+00:00,1.16253,1.162475,1.16242,1.162555,196
2026-05-21T09:08:00+00:00,1.162475,1.16275,1.162475,1.162765,125
2026-05-21T09:09:00+00:00,1.162765,1.162695,1.162665,1.16288,201
2026-05-21T09:10:00+00:00,1.162695,1.162695,1.16251,1.16276,184
2026-05-21T09:11:00+00:00,1.162695,1.162775,1.162635,1.16281,204
2026-05-21T09:12:00+00:00,1.16278,1.16273,1.16272,1.16283,135
2026-05-21T09:13:00+00:00,1.16273,1.162795,1.16271,1.162835,134
2026-05-21T09:14:00+00:00,1.162795,1.1628,1.162715,1.16284,115
2026-05-21T09:15:00+00:00,1.16279,1.162795,1.16269,1.162855,209
2026-05-21T09:16:00+00:00,1.1628,1.162845,1.16274,1.16285,156
2026-05-21T09:17:00+00:00,1.16285,1.162795,1.162795,1.162915,96
2026-05-21T09:18:00+00:00,1.16279,1.162865,1.16272,1.162945,174
2026-05-21T09:19:00+00:00,1.16287,1.162895,1.162865,1.162945,99
2026-05-21T09:20:00+00:00,1.16289,1.162895,1.16284,1.16296,142
2026-05-21T09:21:00+00:00,1.162895,1.16302,1.162895,1.16302,77
2026-05-21T09:22:00+00:00,1.16302,1.16295,1.162935,1.16302,110
2026-05-21T09:23:00+00:00,1.16295,1.163145,1.162935,1.163165,127
2026-05-21T09:24:00+00:00,1.16314,1.162935,1.162935,1.163155,101
2026-05-21T09:25:00+00:00,1.162935,1.162965,1.162915,1.162995,122
2026-05-21T09:26:00+00:00,1.16297,1.16293,1.16293,1.162995,165
2026-05-21T09:27:00+00:00,1.162935,1.16302,1.162875,1.163045,150
2026-05-21T09:28:00+00:00,1.163035,1.163135,1.16303,1.16317,155
2026-05-21T09:29:00+00:00,1.163145,1.163185,1.16314,1.163205,73
2026-05-21T09:30:00+00:00,1.163185,1.163235,1.163115,1.163355,117
2026-05-21T09:31:00+00:00,1.16324,1.16321,1.16307,1.163255,111
2026-05-21T09:32:00+00:00,1.16321,1.163145,1.163125,1.16325,124
2026-05-21T09:33:00+00:00,1.16315,1.163095,1.163065,1.163195,81
2026-05-21T09:34:00+00:00,1.163095,1.16326,1.163075,1.163265,104
2026-05-21T09:35:00+00:00,1.163255,1.163245,1.163165,1.163295,84
2026-05-21T09:36:00+00:00,1.16325,1.163235,1.163175,1.163265,77
2026-05-21T09:37:00+00:00,1.16323,1.163085,1.163075,1.16329,153
2026-05-21T09:38:00+00:00,1.163095,1.162895,1.162895,1.163095,116
2026-05-21T09:39:00+00:00,1.1629,1.163015,1.162815,1.163075,156
2026-05-21T09:40:00+00:00,1.163015,1.162975,1.162865,1.16304,113
2026-05-21T09:41:00+00:00,1.16297,1.162945,1.16292,1.162985,31
2026-05-21T09:42:00+00:00,1.162945,1.16294,1.162885,1.162955,91
2026-05-21T09:43:00+00:00,1.162945,1.162885,1.162885,1.162945,60
2026-05-21T09:44:00+00:00,1.162885,1.16273,1.162665,1.162935,174
2026-05-21T09:45:00+00:00,1.16273,1.162655,1.1626,1.16279,140
2026-05-21T09:46:00+00:00,1.16266,1.16285,1.16264,1.162865,141
2026-05-21T09:47:00+00:00,1.16285,1.162935,1.16279,1.162935,115
2026-05-21T09:48:00+00:00,1.162935,1.16285,1.162845,1.16296,91
2026-05-21T09:49:00+00:00,1.162855,1.1628,1.16277,1.162865,180
2026-05-21T09:50:00+00:00,1.162795,1.162865,1.162755,1.162875,124
2026-05-21T09:51:00+00:00,1.16287,1.162895,1.16284,1.162905,63
2026-05-21T09:52:00+00:00,1.16289,1.162895,1.16284,1.162905,45
2026-05-21T09:53:00+00:00,1.162895,1.162765,1.162765,1.16291,73
2026-05-21T09:54:00+00:00,1.162765,1.162835,1.162765,1.16284,36
2026-05-21T09:55:00+00:00,1.16284,1.162765,1.16274,1.16284,74
2026-05-21T09:56:00+00:00,1.16277,1.16271,1.162665,1.16277,58
2026-05-21T09:57:00+00:00,1.162715,1.162675,1.162675,1.162745,54
2026-05-21T09:58:00+00:00,1.16267,1.162685,1.162635,1.162695,54
2026-05-21T09:59:00+00:00,1.162685,1.162745,1.162635,1.162745,64
2026-05-21T10:00:00+00:00,1.162735,1.162725,1.162715,1.162785,123
2026-05-21T10:01:00+00:00,1.16273,1.16297,1.16273,1.16297,115
2026-05-21T10:02:00+00:00,1.162975,1.16294,1.16293,1.163,114
2026-05-21T10:03:00+00:00,1.162935,1.162835,1.16283,1.163035,131
2026-05-21T10:04:00+00:00,1.16284,1.162835,1.162785,1.162895,100
2026-05-21T10:05:00+00:00,1.162835,1.162685,1.162685,1.16289,114
2026-05-21T10:06:00+00:00,1.162685,1.16274,1.162685,1.16275,80
2026-05-21T10:07:00+00:00,1.162735,1.162695,1.162685,1.162735,102
2026-05-21T10:08:00+00:00,1.16269,1.162585,1.162525,1.162695,81
2026-05-21T10:09:00+00:00,1.162595,1.16248,1.162415,1.162605,91
2026-05-21T10:10:00+00:00,1.162495,1.162435,1.162425,1.162545,77
2026-05-21T10:11:00+00:00,1.162435,1.162535,1.16238,1.162565,128
2026-05-21T10:12:00+00:00,1.162535,1.162595,1.16252,1.1626,66
2026-05-21T10:13:00+00:00,1.1626,1.1626,1.16253,1.1626,96
2026-05-21T10:14:00+00:00,1.1626,1.162445,1.16243,1.1626,62
2026-05-21T10:15:00+00:00,1.16244,1.16244,1.162395,1.162445,73
2026-05-21T10:16:00+00:00,1.16244,1.162435,1.162435,1.162525,87
2026-05-21T10:17:00+00:00,1.16243,1.162315,1.162275,1.162485,85
2026-05-21T10:18:00+00:00,1.162315,1.162225,1.162185,1.162355,69
2026-05-21T10:19:00+00:00,1.162225,1.16218,1.162165,1.16225,71
2026-05-21T10:20:00+00:00,1.162185,1.162055,1.162035,1.162185,86
2026-05-21T10:21:00+00:00,1.162065,1.162145,1.162045,1.16216,94
2026-05-21T10:22:00+00:00,1.16214,1.162145,1.162105,1.16219,65
2026-05-21T10:23:00+00:00,1.16214,1.16218,1.162135,1.16223,70
2026-05-21T10:24:00+00:00,1.162185,1.162135,1.162085,1.162225,65
2026-05-21T10:25:00+00:00,1.162135,1.161615,1.16154,1.16216,631
2026-05-21T10:26:00+00:00,1.16162,1.16093,1.160875,1.16162,991
2026-05-21T10:27:00+00:00,1.160935,1.161365,1.160865,1.161465,703
2026-05-21T10:28:00+00:00,1.16133,1.161395,1.161195,1.161425,346
2026-05-21T10:29:00+00:00,1.161385,1.16135,1.161135,1.161425,394
2026-05-21T10:30:00+00:00,1.161355,1.160925,1.160885,1.16138,547
2026-05-21T10:31:00+00:00,1.160925,1.160625,1.160535,1.160935,353
2026-05-21T10:32:00+00:00,1.16062,1.16045,1.16042,1.160685,322
2026-05-21T10:33:00+00:00,1.160455,1.160645,1.160455,1.160675,413
2026-05-21T10:34:00+00:00,1.16064,1.160735,1.160525,1.160875,396
2026-05-21T10:35:00+00:00,1.16073,1.16055,1.160535,1.16073,352
2026-05-21T10:36:00+00:00,1.160545,1.160565,1.16043,1.160595,316
2026-05-21T10:37:00+00:00,1.160565,1.160835,1.16051,1.160875,335
2026-05-21T10:38:00+00:00,1.16084,1.160385,1.16037,1.160865,240
2026-05-21T10:39:00+00:00,1.16038,1.160205,1.160135,1.160425,422
2026-05-21T10:40:00+00:00,1.160205,1.16014,1.16,1.160205,444
2026-05-21T10:41:00+00:00,1.160145,1.16019,1.160045,1.1602,374
2026-05-21T10:42:00+00:00,1.160195,1.160425,1.16009,1.160445,342
2026-05-21T10:43:00+00:00,1.160435,1.16069,1.16038,1.1607,341
2026-05-21T10:44:00+00:00,1.160685,1.160645,1.160635,1.160755,257
2026-05-21T10:45:00+00:00,1.160645,1.16048,1.16036,1.160705,282
2026-05-21T10:46:00+00:00,1.160475,1.1606,1.160425,1.16061,258
2026-05-21T10:47:00+00:00,1.1606,1.160465,1.160415,1.160635,227
2026-05-21T10:48:00+00:00,1.160475,1.160545,1.1604,1.160605,317
2026-05-21T10:49:00+00:00,1.16054,1.16063,1.1604,1.16064,240
2026-05-21T10:50:00+00:00,1.160635,1.160595,1.160435,1.160645,335
2026-05-21T10:51:00+00:00,1.1606,1.1607,1.1606,1.16074,192
2026-05-21T10:52:00+00:00,1.160705,1.160445,1.160415,1.160725,448
2026-05-21T10:53:00+00:00,1.160445,1.16044,1.1604,1.160555,263
2026-05-21T10:54:00+00:00,1.160445,1.16072,1.16043,1.16075,230
2026-05-21T10:55:00+00:00,1.160715,1.16069,1.16064,1.160975,288
2026-05-21T10:56:00+00:00,1.16068,1.160955,1.16065,1.160965,141
2026-05-21T10:57:00+00:00,1.16096,1.16107,1.16089,1.16107,178
2026-05-21T10:58:00+00:00,1.161065,1.160895,1.160805,1.16108,210
2026-05-21T10:59:00+00:00,1.1609,1.160735,1.160705,1.160935,193
2026-05-21T11:00:00+00:00,1.16073,1.160715,1.160615,1.160775,238
2026-05-21T11:01:00+00:00,1.160725,1.160885,1.1607,1.160905,124
2026-05-21T11:02:00+00:00,1.160885,1.1611,1.16086,1.16115,206
2026-05-21T11:03:00+00:00,1.161095,1.161135,1.161085,1.161195,185
2026-05-21T11:04:00+00:00,1.16113,1.1611,1.1611,1.161245,148
2026-05-21T11:05:00+00:00,1.161095,1.161,1.160995,1.161165,149
2026-05-21T11:06:00+00:00,1.16098,1.161015,1.160975,1.1611,100
2026-05-21T11:07:00+00:00,1.16101,1.160995,1.160985,1.161065,110
2026-05-21T11:08:00+00:00,1.161,1.16106,1.160965,1.161075,119
2026-05-21T11:09:00+00:00,1.161055,1.16106,1.16101,1.161115,93
2026-05-21T11:10:00+00:00,1.161055,1.161015,1.160985,1.161105,138
2026-05-21T11:11:00+00:00,1.16102,1.161005,1.16099,1.161095,93
2026-05-21T11:12:00+00:00,1.16101,1.16085,1.160745,1.161025,152
2026-05-21T11:13:00+00:00,1.160845,1.16087,1.16084,1.1609,97
2026-05-21T11:14:00+00:00,1.160865,1.160945,1.160835,1.160955,91
2026-05-21T11:15:00+00:00,1.16094,1.160975,1.16092,1.16104,153
2026-05-21T11:16:00+00:00,1.160975,1.160945,1.16085,1.161045,112
2026-05-21T11:17:00+00:00,1.160945,1.160945,1.16087,1.16096,154
2026-05-21T11:18:00+00:00,1.16094,1.161095,1.16093,1.161115,119
2026-05-21T11:19:00+00:00,1.161095,1.161215,1.161055,1.16124,84
2026-05-21T11:20:00+00:00,1.16121,1.161165,1.161155,1.161355,109
2026-05-21T11:21:00+00:00,1.161165,1.161395,1.161145,1.161525,288
2026-05-21T11:22:00+00:00,1.1614,1.161605,1.1614,1.161615,373
2026-05-21T11:23:00+00:00,1.161605,1.161185,1.161155,1.161605,344
2026-05-21T11:24:00+00:00,1.161185,1.16125,1.161085,1.161325,337
2026-05-21T11:25:00+00:00,1.161255,1.161185,1.16114,1.161275,136
2026-05-21T11:26:00+00:00,1.16118,1.161055,1.16103,1.16118,123
2026-05-21T11:27:00+00:00,1.16105,1.161095,1.160985,1.161095,117
2026-05-21T11:28:00+00:00,1.161095,1.161255,1.161095,1.161295,94
2026-05-21T11:29:00+00:00,1.161255,1.1613,1.16124,1.16132,93
2026-05-21T11:30:00+00:00,1.161295,1.161405,1.16125,1.161425,113
2026-05-21T11:31:00+00:00,1.161405,1.161415,1.161365,1.161445,93
2026-05-21T11:32:00+00:00,1.16141,1.161345,1.161345,1.16145,86
2026-05-21T11:33:00+00:00,1.16133,1.161185,1.161145,1.16133,75
2026-05-21T11:34:00+00:00,1.161185,1.160995,1.16094,1.1612,100
2026-05-21T11:35:00+00:00,1.160995,1.16094,1.16089,1.16106,72
2026-05-21T11:36:00+00:00,1.16094,1.160895,1.160875,1.160985,114
2026-05-21T11:37:00+00:00,1.1609,1.160765,1.160705,1.16094,125
2026-05-21T11:38:00+00:00,1.160765,1.160755,1.16075,1.16082,86
2026-05-21T11:39:00+00:00,1.16075,1.16093,1.16075,1.160935,159
2026-05-21T11:40:00+00:00,1.16093,1.161015,1.160915,1.161075,89
2026-05-21T11:41:00+00:00,1.161025,1.16102,1.160995,1.16106,63
2026-05-21T11:42:00+00:00,1.161015,1.16098,1.160975,1.16111,86
2026-05-21T11:43:00+00:00,1.160985,1.160855,1.16085,1.161015,115
2026-05-21T11:44:00+00:00,1.160845,1.160755,1.160755,1.16091,90
2026-05-21T11:45:00+00:00,1.160755,1.160755,1.160685,1.160775,71
2026-05-21T11:46:00+00:00,1.160755,1.16074,1.16072,1.160755,40
2026-05-21T11:47:00+00:00,1.16074,1.16074,1.160635,1.16075,61
2026-05-21T11:48:00+00:00,1.16074,1.16073,1.160725,1.160785,56
2026-05-21T11:49:00+00:00,1.160735,1.160515,1.160515,1.160735,91
2026-05-21T11:50:00+00:00,1.160515,1.160545,1.160465,1.160545,100
2026-05-21T11:51:00+00:00,1.160545,1.16068,1.16054,1.160685,166
2026-05-21T11:52:00+00:00,1.16068,1.160625,1.160525,1.160695,125
2026-05-21T11:53:00+00:00,1.16063,1.160605,1.16056,1.160655,100
2026-05-21T11:54:00+00:00,1.1606,1.16026,1.16024,1.16064,129
2026-05-21T11:55:00+00:00,1.160255,1.159695,1.15968,1.160255,280
2026-05-21T11:56:00+00:00,1.15969,1.159875,1.15964,1.159885,240
2026-05-21T11:57:00+00:00,1.159875,1.159635,1.159605,1.159885,247
2026-05-21T11:58:00+00:00,1.159645,1.15983,1.159645,1.15987,125
2026-05-21T11:59:00+00:00,1.159825,1.159895,1.159805,1.159925,150
2026-05-21T12:00:00+00:00,1.1599,1.160065,1.159815,1.160095,313
2026-05-21T12:01:00+00:00,1.16006,1.160185,1.16003,1.160225,206
2026-05-21T12:02:00+00:00,1.160165,1.160285,1.160165,1.160335,252
2026-05-21T12:03:00+00:00,1.16028,1.1603,1.160235,1.160335,90
2026-05-21T12:04:00+00:00,1.160305,1.16015,1.160095,1.16031,129
2026-05-21T12:05:00+00:00,1.160155,1.160145,1.160045,1.16017,136
2026-05-21T12:06:00+00:00,1.16014,1.160195,1.1601,1.16021,196
2026-05-21T12:07:00+00:00,1.160195,1.160135,1.160125,1.160205,136
2026-05-21T12:08:00+00:00,1.160135,1.159925,1.159895,1.160135,183
2026-05-21T12:09:00+00:00,1.15992,1.15984,1.15983,1.15999,192
2026-05-21T12:10:00+00:00,1.159835,1.159755,1.159725,1.15984,167
2026-05-21T12:11:00+00:00,1.159755,1.15978,1.159755,1.15993,106
2026-05-21T12:12:00+00:00,1.159785,1.159815,1.15971,1.159825,87
2026-05-21T12:13:00+00:00,1.159815,1.15958,1.159525,1.159815,146
2026-05-21T12:14:00+00:00,1.159585,1.15975,1.15958,1.15975,113
2026-05-21T12:15:00+00:00,1.159755,1.159565,1.159555,1.15979,80
2026-05-21T12:16:00+00:00,1.159575,1.159485,1.15948,1.159705,139
2026-05-21T12:17:00+00:00,1.15947,1.1595,1.159405,1.15953,119
2026-05-21T12:18:00+00:00,1.15949,1.159565,1.159395,1.159575,138
2026-05-21T12:19:00+00:00,1.159565,1.15982,1.159565,1.159845,120
2026-05-21T12:20:00+00:00,1.159825,1.159595,1.159505,1.159865,190
2026-05-21T12:21:00+00:00,1.159575,1.159595,1.159435,1.159605,151
2026-05-21T12:22:00+00:00,1.159595,1.159545,1.15954,1.159605,112
2026-05-21T12:23:00+00:00,1.159535,1.15951,1.159465,1.15956,109
2026-05-21T12:24:00+00:00,1.159505,1.15946,1.159385,1.15953,175
2026-05-21T12:25:00+00:00,1.159455,1.15945,1.159445,1.159555,191
2026-05-21T12:26:00+00:00,1.159455,1.15939,1.15935,1.159485,117
2026-05-21T12:27:00+00:00,1.15939,1.159475,1.159335,1.15949,71
2026-05-21T12:28:00+00:00,1.15947,1.15946,1.159445,1.1596,69
2026-05-21T12:29:00+00:00,1.159475,1.159475,1.15945,1.159535,138
2026-05-21T12:30:00+00:00,1.15948,1.159655,1.159465,1.159745,139
2026-05-21T12:31:00+00:00,1.159645,1.159885,1.159645,1.159895,82
2026-05-21T12:32:00+00:00,1.159875,1.15962,1.15961,1.159925,85
2026-05-21T12:33:00+00:00,1.159625,1.160145,1.15948,1.16039,995
2026-05-21T12:34:00+00:00,1.16015,1.160385,1.16005,1.16042,435
2026-05-21T12:35:00+00:00,1.16038,1.16028,1.160135,1.160415,466
2026-05-21T12:36:00+00:00,1.160285,1.160145,1.160145,1.160435,247
2026-05-21T12:37:00+00:00,1.16015,1.160415,1.15994,1.16042,299
2026-05-21T12:38:00+00:00,1.16041,1.160415,1.1603,1.16045,225
2026-05-21T12:39:00+00:00,1.160395,1.16038,1.160295,1.16049,259
2026-05-21T12:40:00+00:00,1.16039,1.16039,1.16032,1.16048,208
2026-05-21T12:41:00+00:00,1.160385,1.160195,1.160195,1.16041,275
2026-05-21T12:42:00+00:00,1.16022,1.160295,1.16021,1.160335,204
2026-05-21T12:43:00+00:00,1.160295,1.160335,1.160235,1.16035,124
2026-05-21T12:44:00+00:00,1.16034,1.160655,1.160335,1.16066,203
2026-05-21T12:45:00+00:00,1.16065,1.160765,1.16061,1.160765,226
2026-05-21T12:46:00+00:00,1.16076,1.160745,1.160745,1.16092,191
2026-05-21T12:47:00+00:00,1.160735,1.160465,1.160445,1.160745,171
2026-05-21T12:48:00+00:00,1.16046,1.16052,1.1604,1.16065,147
2026-05-21T12:49:00+00:00,1.16051,1.160415,1.160375,1.160575,178
2026-05-21T12:50:00+00:00,1.16041,1.16045,1.16036,1.1605,162
2026-05-21T12:51:00+00:00,1.160445,1.16039,1.160315,1.16046,178
2026-05-21T12:52:00+00:00,1.160395,1.16035,1.16024,1.160395,153
2026-05-21T12:53:00+00:00,1.160345,1.16019,1.160165,1.16036,177
2026-05-21T12:54:00+00:00,1.160195,1.160385,1.160195,1.16048,203
2026-05-21T12:55:00+00:00,1.160395,1.160245,1.16017,1.160435,144
2026-05-21T12:56:00+00:00,1.16024,1.160035,1.160005,1.16034,160
2026-05-21T12:57:00+00:00,1.16002,1.15992,1.159895,1.160125,191
2026-05-21T12:58:00+00:00,1.159925,1.159885,1.159865,1.15996,128
2026-05-21T12:59:00+00:00,1.159865,1.159735,1.159715,1.159875,174
2026-05-21T13:00:00+00:00,1.15971,1.159875,1.159645,1.159885,270
2026-05-21T13:01:00+00:00,1.159885,1.159785,1.159705,1.159885,176
2026-05-21T13:02:00+00:00,1.15977,1.159935,1.159715,1.159975,136
2026-05-21T13:03:00+00:00,1.159935,1.159825,1.159815,1.159975,198
2026-05-21T13:04:00+00:00,1.15983,1.15995,1.15983,1.159975,132
2026-05-21T13:05:00+00:00,1.15996,1.15991,1.159865,1.160005,203
2026-05-21T13:06:00+00:00,1.159905,1.159925,1.159825,1.159925,127
2026-05-21T13:07:00+00:00,1.159925,1.159675,1.159675,1.159925,119
2026-05-21T13:08:00+00:00,1.159665,1.159345,1.15929,1.15968,299
2026-05-21T13:09:00+00:00,1.159345,1.159385,1.159305,1.159425,210
2026-05-21T13:10:00+00:00,1.15939,1.159495,1.159365,1.159555,323
2026-05-21T13:11:00+00:00,1.15949,1.159585,1.15945,1.159595,242
2026-05-21T13:12:00+00:00,1.159595,1.15963,1.15954,1.15966,114
2026-05-21T13:13:00+00:00,1.15963,1.159545,1.15954,1.159695,125
2026-05-21T13:14:00+00:00,1.159545,1.159555,1.15951,1.15958,99
2026-05-21T13:15:00+00:00,1.159555,1.159475,1.159325,1.159555,104
2026-05-21T13:16:00+00:00,1.15947,1.159505,1.15943,1.15953,109
2026-05-21T13:17:00+00:00,1.159505,1.15952,1.159495,1.159585,102
2026-05-21T13:18:00+00:00,1.159525,1.159125,1.159105,1.159565,161
2026-05-21T13:19:00+00:00,1.15913,1.158825,1.158775,1.159135,235
2026-05-21T13:20:00+00:00,1.158835,1.158825,1.158785,1.158985,171
2026-05-21T13:21:00+00:00,1.158825,1.159095,1.158755,1.159125,266
2026-05-21T13:22:00+00:00,1.15912,1.15913,1.159025,1.159175,183
2026-05-21T13:23:00+00:00,1.15913,1.159035,1.159035,1.15921,121
2026-05-21T13:24:00+00:00,1.15903,1.159165,1.15896,1.159185,190
2026-05-21T13:25:00+00:00,1.15919,1.158955,1.158935,1.159255,122
2026-05-21T13:26:00+00:00,1.158955,1.158995,1.158955,1.15909,110
2026-05-21T13:27:00+00:00,1.158995,1.158945,1.158895,1.159005,118
2026-05-21T13:28:00+00:00,1.158925,1.15884,1.15876,1.158995,177
2026-05-21T13:29:00+00:00,1.158845,1.15896,1.15874,1.15897,183
2026-05-21T13:30:00+00:00,1.158975,1.158895,1.158835,1.159015,304
2026-05-21T13:31:00+00:00,1.15888,1.158675,1.158645,1.158935,165
2026-05-21T13:32:00+00:00,1.158665,1.158565,1.158485,1.15885,167
2026-05-21T13:33:00+00:00,1.15857,1.158375,1.158355,1.15859,172
2026-05-21T13:34:00+00:00,1.15838,1.158465,1.15836,1.158475,241
2026-05-21T13:35:00+00:00,1.15846,1.158295,1.15821,1.158535,328
2026-05-21T13:36:00+00:00,1.158305,1.158335,1.15822,1.15844,217
2026-05-21T13:37:00+00:00,1.15835,1.15838,1.158175,1.15841,228
2026-05-21T13:38:00+00:00,1.158375,1.15819,1.158135,1.158545,293
2026-05-21T13:39:00+00:00,1.158185,1.158105,1.158105,1.158265,234
2026-05-21T13:40:00+00:00,1.158105,1.158185,1.158065,1.158295,129
2026-05-21T13:41:00+00:00,1.15818,1.157965,1.15793,1.158185,268
2026-05-21T13:42:00+00:00,1.15796,1.157685,1.15764,1.158075,225
2026-05-21T13:43:00+00:00,1.157685,1.157835,1.157675,1.157915,158
2026-05-21T13:44:00+00:00,1.15783,1.15783,1.15777,1.157995,426
2026-05-21T13:45:00+00:00,1.157825,1.15794,1.157795,1.158095,269
2026-05-21T13:46:00+00:00,1.157945,1.15805,1.157915,1.158075,215
2026-05-21T13:47:00+00:00,1.158055,1.15826,1.158,1.158265,169
2026-05-21T13:48:00+00:00,1.158265,1.15841,1.15817,1.15841,267
2026-05-21T13:49:00+00:00,1.15842,1.15831,1.158295,1.15847,268
2026-05-21T13:50:00+00:00,1.158305,1.158535,1.15827,1.15857,283
2026-05-21T13:51:00+00:00,1.15853,1.15886,1.15837,1.158935,255
2026-05-21T13:52:00+00:00,1.158825,1.159,1.158745,1.15926,1073
2026-05-21T13:53:00+00:00,1.159005,1.159365,1.159005,1.159395,595
2026-05-21T13:54:00+00:00,1.15937,1.15975,1.15931,1.16012,640
2026-05-21T13:55:00+00:00,1.159765,1.15966,1.159645,1.160015,398
2026-05-21T13:56:00+00:00,1.159665,1.159555,1.1594,1.159705,447
2026-05-21T13:57:00+00:00,1.159545,1.159265,1.159245,1.159615,330
2026-05-21T13:58:00+00:00,1.159275,1.159345,1.159245,1.159495,273
2026-05-21T13:59:00+00:00,1.159345,1.159475,1.15933,1.15949,163
2026-05-21T14:00:00+00:00,1.15948,1.159245,1.15913,1.159575,259
2026-05-21T14:01:00+00:00,1.15925,1.159245,1.15916,1.159445,222
2026-05-21T14:02:00+00:00,1.159245,1.15929,1.159245,1.159495,372
2026-05-21T14:03:00+00:00,1.159295,1.15939,1.15924,1.15948,343
2026-05-21T14:04:00+00:00,1.159395,1.15933,1.15928,1.159485,364
2026-05-21T14:05:00+00:00,1.159325,1.159435,1.159285,1.159535,374
2026-05-21T14:06:00+00:00,1.15945,1.159315,1.15919,1.159455,333
2026-05-21T14:07:00+00:00,1.15932,1.15936,1.159265,1.159435,263
2026-05-21T14:08:00+00:00,1.159365,1.159285,1.159245,1.15945,308
2026-05-21T14:09:00+00:00,1.15929,1.15921,1.159175,1.159435,298
2026-05-21T14:10:00+00:00,1.159205,1.15924,1.159135,1.159245,411
2026-05-21T14:11:00+00:00,1.159235,1.1593,1.15913,1.15932,281
2026-05-21T14:12:00+00:00,1.159295,1.159025,1.159025,1.1593,214
2026-05-21T14:13:00+00:00,1.159025,1.15893,1.158825,1.15904,235
2026-05-21T14:14:00+00:00,1.158925,1.159275,1.158835,1.159355,428
2026-05-21T14:15:00+00:00,1.159265,1.15882,1.158815,1.159405,549
2026-05-21T14:16:00+00:00,1.158815,1.158665,1.158455,1.158865,357
2026-05-21T14:17:00+00:00,1.158675,1.158815,1.15865,1.158825,200
2026-05-21T14:18:00+00:00,1.158825,1.158745,1.158735,1.158895,188
2026-05-21T14:19:00+00:00,1.15875,1.158705,1.158625,1.15879,256
2026-05-21T14:20:00+00:00,1.158705,1.15845,1.15844,1.1588,346
2026-05-21T14:21:00+00:00,1.15844,1.158605,1.158425,1.158655,278
2026-05-21T14:22:00+00:00,1.158605,1.158615,1.15858,1.15869,272
2026-05-21T14:23:00+00:00,1.15862,1.1587,1.15859,1.158795,328
2026-05-21T14:24:00+00:00,1.15869,1.158665,1.158645,1.158945,327
2026-05-21T14:25:00+00:00,1.15867,1.158755,1.15866,1.158805,253
2026-05-21T14:26:00+00:00,1.15876,1.158765,1.158655,1.158805,314
2026-05-21T14:27:00+00:00,1.15877,1.158915,1.158735,1.15893,289
2026-05-21T14:28:00+00:00,1.15891,1.158895,1.1588,1.158965,300
2026-05-21T14:29:00+00:00,1.15889,1.15887,1.158805,1.158895,165
2026-05-21T14:30:00+00:00,1.158885,1.15916,1.158875,1.15923,275
2026-05-21T14:31:00+00:00,1.15915,1.159255,1.15915,1.159395,271
2026-05-21T14:32:00+00:00,1.159245,1.15945,1.159245,1.159475,163
2026-05-21T14:33:00+00:00,1.159445,1.159145,1.159135,1.159465,243
2026-05-21T14:34:00+00:00,1.15914,1.15894,1.15893,1.15916,227
2026-05-21T14:35:00+00:00,1.158935,1.15901,1.15892,1.159055,277
2026-05-21T14:36:00+00:00,1.159015,1.158875,1.15884,1.15915,218
2026-05-21T14:37:00+00:00,1.15887,1.159035,1.15883,1.15904,232
2026-05-21T14:38:00+00:00,1.15903,1.159185,1.15895,1.159225,182
2026-05-21T14:39:00+00:00,1.159185,1.159105,1.159105,1.159205,118
2026-05-21T14:40:00+00:00,1.15911,1.158705,1.15864,1.159155,259
2026-05-21T14:41:00+00:00,1.15869,1.158795,1.1586,1.158815,229
2026-05-21T14:42:00+00:00,1.158795,1.15894,1.158735,1.15895,130
2026-05-21T14:43:00+00:00,1.158935,1.158885,1.158835,1.15905,210
2026-05-21T14:44:00+00:00,1.15889,1.159035,1.158825,1.15906,222
2026-05-21T14:45:00+00:00,1.15904,1.159155,1.158985,1.159185,255
2026-05-21T14:46:00+00:00,1.15915,1.159175,1.15912,1.15926,177
2026-05-21T14:47:00+00:00,1.159195,1.15909,1.159015,1.159395,198
2026-05-21T14:48:00+00:00,1.159105,1.159055,1.15904,1.159305,185
2026-05-21T14:49:00+00:00,1.15905,1.1592,1.159045,1.159245,165
2026-05-21T14:50:00+00:00,1.15921,1.159185,1.159005,1.159235,183
2026-05-21T14:51:00+00:00,1.159175,1.159495,1.159135,1.159555,207
2026-05-21T14:52:00+00:00,1.1595,1.15951,1.159355,1.15955,217
2026-05-21T14:53:00+00:00,1.159515,1.15945,1.15938,1.159555,237
2026-05-21T14:54:00+00:00,1.159455,1.159485,1.15944,1.159665,344
2026-05-21T14:55:00+00:00,1.15949,1.159355,1.159265,1.15962,303
2026-05-21T14:56:00+00:00,1.159355,1.159495,1.159355,1.15956,199
2026-05-21T14:57:00+00:00,1.159485,1.159455,1.159385,1.159595,293
2026-05-21T14:58:00+00:00,1.159445,1.1595,1.159395,1.159545,182
2026-05-21T14:59:00+00:00,1.159495,1.15929,1.159245,1.1595,219
2026-05-21T15:00:00+00:00,1.1593,1.15928,1.1592,1.159395,248
2026-05-21T15:01:00+00:00,1.159275,1.15933,1.159235,1.159375,202
2026-05-21T15:02:00+00:00,1.159335,1.1591,1.1591,1.159385,259
2026-05-21T15:03:00+00:00,1.159105,1.159085,1.15898,1.15913,234
2026-05-21T15:04:00+00:00,1.159085,1.159285,1.159035,1.159285,256
2026-05-21T15:05:00+00:00,1.159275,1.15915,1.159115,1.15931,171
2026-05-21T15:06:00+00:00,1.159155,1.1587,1.1585,1.15923,418
2026-05-21T15:07:00+00:00,1.15869,1.158345,1.158245,1.158695,471
2026-05-21T15:08:00+00:00,1.158345,1.158265,1.158235,1.158485,359
2026-05-21T15:09:00+00:00,1.158265,1.158405,1.158245,1.158535,252
2026-05-21T15:10:00+00:00,1.158405,1.158565,1.15828,1.158595,323
2026-05-21T15:11:00+00:00,1.158575,1.158415,1.15835,1.15858,233
2026-05-21T15:12:00+00:00,1.158415,1.158545,1.158345,1.15857,207
2026-05-21T15:13:00+00:00,1.15853,1.159015,1.15852,1.159075,479
2026-05-21T15:14:00+00:00,1.159,1.15878,1.158715,1.15908,456
2026-05-21T15:15:00+00:00,1.158785,1.158725,1.158555,1.158885,409
2026-05-21T15:16:00+00:00,1.158725,1.158675,1.1586,1.158755,342
2026-05-21T15:17:00+00:00,1.15868,1.158735,1.158665,1.15878,270
2026-05-21T15:18:00+00:00,1.158745,1.158715,1.15866,1.158795,155
2026-05-21T15:19:00+00:00,1.158715,1.158835,1.158695,1.158855,203
2026-05-21T15:20:00+00:00,1.158845,1.158885,1.15878,1.158905,164
2026-05-21T15:21:00+00:00,1.158885,1.158805,1.15875,1.158945,206
2026-05-21T15:22:00+00:00,1.158795,1.1588,1.158795,1.158865,122
2026-05-21T15:23:00+00:00,1.158805,1.158585,1.158545,1.158825,146
2026-05-21T15:24:00+00:00,1.158585,1.158595,1.15853,1.15862,191
2026-05-21T15:25:00+00:00,1.158565,1.158625,1.158555,1.158765,103
2026-05-21T15:26:00+00:00,1.158625,1.158695,1.158625,1.158755,93
2026-05-21T15:27:00+00:00,1.158695,1.158525,1.158525,1.15875,160
2026-05-21T15:28:00+00:00,1.15852,1.158645,1.15851,1.158645,84
2026-05-21T15:29:00+00:00,1.158665,1.15856,1.158515,1.158675,120
2026-05-21T15:30:00+00:00,1.158545,1.15874,1.158545,1.158785,227
2026-05-21T15:31:00+00:00,1.158735,1.158645,1.158645,1.15874,107
2026-05-21T15:32:00+00:00,1.15865,1.158785,1.15865,1.15884,159
2026-05-21T15:33:00+00:00,1.158785,1.158825,1.15874,1.158845,126
2026-05-21T15:34:00+00:00,1.158825,1.158525,1.158475,1.158825,124
2026-05-21T15:35:00+00:00,1.158535,1.15869,1.158475,1.158705,143
2026-05-21T15:36:00+00:00,1.158685,1.158695,1.158535,1.158695,180
2026-05-21T15:37:00+00:00,1.158695,1.158605,1.15858,1.158745,149
2026-05-21T15:38:00+00:00,1.158605,1.15865,1.158605,1.158735,101
2026-05-21T15:39:00+00:00,1.15864,1.15868,1.158635,1.15873,157
2026-05-21T15:40:00+00:00,1.158685,1.15853,1.158525,1.158695,143
2026-05-21T15:41:00+00:00,1.158515,1.15848,1.158365,1.158585,177
2026-05-21T15:42:00+00:00,1.158485,1.15843,1.15837,1.15856,172
2026-05-21T15:43:00+00:00,1.158435,1.15844,1.15843,1.15851,97
2026-05-21T15:44:00+00:00,1.15844,1.158325,1.158295,1.158465,150
2026-05-21T15:45:00+00:00,1.158335,1.158545,1.158315,1.15862,203
2026-05-21T15:46:00+00:00,1.158545,1.15844,1.15844,1.15856,153
2026-05-21T15:47:00+00:00,1.158435,1.15859,1.158435,1.1586,128
2026-05-21T15:48:00+00:00,1.158595,1.15846,1.158445,1.15865,208
2026-05-21T15:49:00+00:00,1.15846,1.158515,1.15843,1.158605,68
2026-05-21T15:50:00+00:00,1.158515,1.15853,1.15844,1.158545,94
2026-05-21T15:51:00+00:00,1.15852,1.158495,1.15849,1.158595,70
2026-05-21T15:52:00+00:00,1.158495,1.158515,1.158465,1.15856,90
2026-05-21T15:53:00+00:00,1.158515,1.158425,1.1584,1.158545,141
2026-05-21T15:54:00+00:00,1.158425,1.158545,1.15842,1.15856,125
2026-05-21T15:55:00+00:00,1.15855,1.158685,1.158505,1.158715,157
2026-05-21T15:56:00+00:00,1.15869,1.158675,1.1586,1.158695,83
2026-05-21T15:57:00+00:00,1.15868,1.158775,1.15864,1.158785,69
2026-05-21T15:58:00+00:00,1.158775,1.158845,1.158775,1.158875,113
2026-05-21T15:59:00+00:00,1.15884,1.158845,1.158825,1.15891,87
2026-05-21T16:00:00+00:00,1.15885,1.15902,1.158805,1.159035,240
2026-05-21T16:01:00+00:00,1.159015,1.15899,1.158985,1.15919,282
2026-05-21T16:02:00+00:00,1.158995,1.15896,1.15886,1.159035,290
2026-05-21T16:03:00+00:00,1.15896,1.159065,1.158935,1.159085,138
2026-05-21T16:04:00+00:00,1.159065,1.15902,1.159,1.15914,157
2026-05-21T16:05:00+00:00,1.159025,1.15897,1.15897,1.15908,144
2026-05-21T16:06:00+00:00,1.158965,1.15901,1.15895,1.15903,159
2026-05-21T16:07:00+00:00,1.159005,1.15903,1.15896,1.15909,173
2026-05-21T16:08:00+00:00,1.15903,1.158965,1.158945,1.15905,151
2026-05-21T16:09:00+00:00,1.15896,1.15889,1.158845,1.158985,151
2026-05-21T16:10:00+00:00,1.158885,1.158785,1.15876,1.15895,148
2026-05-21T16:11:00+00:00,1.158775,1.158785,1.15862,1.158805,144
2026-05-21T16:12:00+00:00,1.158785,1.158735,1.15863,1.158785,152
2026-05-21T16:13:00+00:00,1.158735,1.158645,1.15845,1.158745,369
2026-05-21T16:14:00+00:00,1.158645,1.158845,1.1586,1.158845,129
2026-05-21T16:15:00+00:00,1.158855,1.158765,1.158655,1.15889,125
2026-05-21T16:16:00+00:00,1.158745,1.158805,1.158695,1.158815,134
2026-05-21T16:17:00+00:00,1.158805,1.158985,1.158805,1.159,132
2026-05-21T16:18:00+00:00,1.158985,1.15907,1.158955,1.159095,111
2026-05-21T16:19:00+00:00,1.15904,1.159165,1.159005,1.15917,196
2026-05-21T16:20:00+00:00,1.159165,1.159145,1.15906,1.159205,128
2026-05-21T16:21:00+00:00,1.159145,1.159155,1.159085,1.159155,93
2026-05-21T16:22:00+00:00,1.159155,1.158875,1.158815,1.159155,174
2026-05-21T16:23:00+00:00,1.158855,1.158995,1.158795,1.159,154
2026-05-21T16:24:00+00:00,1.159,1.159135,1.15895,1.159135,88
2026-05-21T16:25:00+00:00,1.159135,1.159205,1.159135,1.15921,75
2026-05-21T16:26:00+00:00,1.159205,1.159175,1.159145,1.159325,141
2026-05-21T16:27:00+00:00,1.159165,1.159295,1.159135,1.159325,138
2026-05-21T16:28:00+00:00,1.159295,1.15936,1.159255,1.15936,86
2026-05-21T16:29:00+00:00,1.159355,1.159335,1.159285,1.15936,98
2026-05-21T16:30:00+00:00,1.159335,1.15944,1.15932,1.15947,85
2026-05-21T16:31:00+00:00,1.159435,1.159385,1.15938,1.159455,111
2026-05-21T16:32:00+00:00,1.159385,1.159235,1.159235,1.159385,70
2026-05-21T16:33:00+00:00,1.15924,1.15935,1.15924,1.15935,37
2026-05-21T16:34:00+00:00,1.15935,1.159395,1.159285,1.1594,71
2026-05-21T16:35:00+00:00,1.159395,1.159465,1.15939,1.159475,36
2026-05-21T16:36:00+00:00,1.159455,1.159435,1.1594,1.15951,94
2026-05-21T16:37:00+00:00,1.15943,1.159465,1.159425,1.159505,93
2026-05-21T16:38:00+00:00,1.159475,1.159395,1.159335,1.15951,106
2026-05-21T16:39:00+00:00,1.159385,1.159415,1.159235,1.159415,94
2026-05-21T16:40:00+00:00,1.159415,1.159355,1.159355,1.159435,58
2026-05-21T16:41:00+00:00,1.159355,1.159455,1.159355,1.159455,54
2026-05-21T16:42:00+00:00,1.15947,1.159495,1.15947,1.159525,66
2026-05-21T16:43:00+00:00,1.159495,1.159505,1.159445,1.159535,163
2026-05-21T16:44:00+00:00,1.159505,1.159535,1.159495,1.159595,67
2026-05-21T16:45:00+00:00,1.15954,1.15953,1.15949,1.159615,109
2026-05-21T16:46:00+00:00,1.15953,1.159485,1.159445,1.15953,90
2026-05-21T16:47:00+00:00,1.159485,1.15949,1.159415,1.15949,84
2026-05-21T16:48:00+00:00,1.159495,1.159495,1.159465,1.159565,76
2026-05-21T16:49:00+00:00,1.159505,1.159445,1.15942,1.15951,54
2026-05-21T16:50:00+00:00,1.15945,1.15939,1.159375,1.15945,62
2026-05-21T16:51:00+00:00,1.159385,1.159505,1.159385,1.159505,82
2026-05-21T16:52:00+00:00,1.1595,1.159475,1.15947,1.159535,98
2026-05-21T16:53:00+00:00,1.159475,1.159585,1.15945,1.159605,98
2026-05-21T16:54:00+00:00,1.15959,1.159555,1.15949,1.15959,59
2026-05-21T16:55:00+00:00,1.159555,1.15952,1.159435,1.15964,119
2026-05-21T16:56:00+00:00,1.15952,1.159565,1.159475,1.159595,118
2026-05-21T16:57:00+00:00,1.159565,1.159545,1.159455,1.15959,99
2026-05-21T16:58:00+00:00,1.159535,1.15955,1.159475,1.159585,74
2026-05-21T16:59:00+00:00,1.159545,1.159535,1.159525,1.159605,68
2026-05-21T17:00:00+00:00,1.15954,1.159515,1.159515,1.159595,96
2026-05-21T17:01:00+00:00,1.15951,1.159545,1.159505,1.159565,69
2026-05-21T17:02:00+00:00,1.15955,1.15943,1.159415,1.15959,147
2026-05-21T17:03:00+00:00,1.159445,1.159435,1.159435,1.159505,72
2026-05-21T17:04:00+00:00,1.159435,1.159425,1.159385,1.15949,74
2026-05-21T17:05:00+00:00,1.159425,1.159505,1.159395,1.159515,80
2026-05-21T17:06:00+00:00,1.159505,1.159385,1.159335,1.159585,82
2026-05-21T17:07:00+00:00,1.159385,1.159325,1.1593,1.159395,78
2026-05-21T17:08:00+00:00,1.159325,1.159335,1.15928,1.159355,70
2026-05-21T17:09:00+00:00,1.159325,1.159335,1.15929,1.159365,65
2026-05-21T17:10:00+00:00,1.15934,1.15994,1.15932,1.159985,629
2026-05-21T17:11:00+00:00,1.159955,1.15978,1.15978,1.160255,700
2026-05-21T17:12:00+00:00,1.159785,1.159665,1.15957,1.15995,519
2026-05-21T17:13:00+00:00,1.159655,1.159845,1.159565,1.159855,415
2026-05-21T17:14:00+00:00,1.15984,1.16019,1.159755,1.16022,403
2026-05-21T17:15:00+00:00,1.16021,1.161105,1.16021,1.161165,574
2026-05-21T17:16:00+00:00,1.161115,1.16154,1.161105,1.16166,1053
2026-05-21T17:17:00+00:00,1.161535,1.161565,1.1615,1.16204,710
2026-05-21T17:18:00+00:00,1.161565,1.161235,1.16112,1.161645,841
2026-05-21T17:19:00+00:00,1.161225,1.16108,1.16083,1.161255,720
2026-05-21T17:20:00+00:00,1.161085,1.161765,1.161085,1.16184,502
2026-05-21T17:21:00+00:00,1.161765,1.16185,1.161615,1.1619,438
2026-05-21T17:22:00+00:00,1.161845,1.16164,1.1614,1.1619,451
2026-05-21T17:23:00+00:00,1.161635,1.161345,1.16118,1.161655,688
2026-05-21T17:24:00+00:00,1.16135,1.161655,1.16135,1.161655,320
2026-05-21T17:25:00+00:00,1.161675,1.16149,1.16144,1.161755,231
2026-05-21T17:26:00+00:00,1.161505,1.161555,1.161365,1.161595,196
2026-05-21T17:27:00+00:00,1.16155,1.16171,1.16152,1.161785,222
2026-05-21T17:28:00+00:00,1.1617,1.16186,1.1617,1.161995,228
2026-05-21T17:29:00+00:00,1.161855,1.161825,1.161735,1.161925,251
2026-05-21T17:30:00+00:00,1.161815,1.161995,1.161745,1.16204,210
2026-05-21T17:31:00+00:00,1.16199,1.162205,1.161845,1.162205,229
2026-05-21T17:32:00+00:00,1.162195,1.16193,1.161855,1.1623,387
2026-05-21T17:33:00+00:00,1.161935,1.161585,1.16155,1.161995,417
2026-05-21T17:34:00+00:00,1.16158,1.16187,1.161465,1.1619,381
2026-05-21T17:35:00+00:00,1.16187,1.162055,1.161835,1.16209,272
2026-05-21T17:36:00+00:00,1.16206,1.162025,1.161925,1.162135,233
2026-05-21T17:37:00+00:00,1.16203,1.161965,1.161965,1.16217,311
2026-05-21T17:38:00+00:00,1.161955,1.161985,1.161905,1.162045,269
2026-05-21T17:39:00+00:00,1.16198,1.161935,1.16193,1.1621,174
2026-05-21T17:40:00+00:00,1.161935,1.162035,1.161865,1.162125,219
2026-05-21T17:41:00+00:00,1.162045,1.16227,1.162045,1.16237,300
2026-05-21T17:42:00+00:00,1.162285,1.162365,1.162255,1.16246,238
2026-05-21T17:43:00+00:00,1.16237,1.16217,1.16214,1.162405,205
2026-05-21T17:44:00+00:00,1.162175,1.162345,1.162175,1.16237,202
2026-05-21T17:45:00+00:00,1.16234,1.162035,1.16203,1.16239,321
2026-05-21T17:46:00+00:00,1.16203,1.16209,1.161975,1.162105,160
2026-05-21T17:47:00+00:00,1.162095,1.162225,1.162045,1.16233,149
2026-05-21T17:48:00+00:00,1.162235,1.16219,1.16215,1.162335,138
2026-05-21T17:49:00+00:00,1.16219,1.162585,1.162185,1.162585,167
2026-05-21T17:50:00+00:00,1.162585,1.16262,1.162515,1.162655,176
2026-05-21T17:51:00+00:00,1.162615,1.16276,1.162605,1.162785,282
2026-05-21T17:52:00+00:00,1.162755,1.16275,1.162645,1.16288,282
2026-05-21T17:53:00+00:00,1.162755,1.162745,1.16264,1.162785,219
2026-05-21T17:54:00+00:00,1.16275,1.162855,1.162735,1.162935,235
2026-05-21T17:55:00+00:00,1.162865,1.16289,1.162865,1.163015,227
2026-05-21T17:56:00+00:00,1.162885,1.16291,1.162805,1.163005,162
2026-05-21T17:57:00+00:00,1.162905,1.16269,1.162685,1.16301,129
2026-05-21T17:58:00+00:00,1.162695,1.162465,1.16243,1.162745,323
2026-05-21T17:59:00+00:00,1.16246,1.16249,1.162355,1.16254,219
2026-05-21T18:00:00+00:00,1.162485,1.16298,1.162375,1.163,323
2026-05-21T18:01:00+00:00,1.16298,1.162635,1.16253,1.163015,345
2026-05-21T18:02:00+00:00,1.16263,1.16242,1.162355,1.16267,508
2026-05-21T18:03:00+00:00,1.162415,1.162425,1.162375,1.16248,338
2026-05-21T18:04:00+00:00,1.16243,1.16212,1.162075,1.162435,494
2026-05-21T18:05:00+00:00,1.162115,1.162235,1.16206,1.16224,496
2026-05-21T18:06:00+00:00,1.162235,1.162125,1.16209,1.16235,275
2026-05-21T18:07:00+00:00,1.16213,1.16203,1.161985,1.162185,308
2026-05-21T18:08:00+00:00,1.162035,1.16213,1.161945,1.16215,347
2026-05-21T18:09:00+00:00,1.16213,1.162245,1.16209,1.162245,183
2026-05-21T18:10:00+00:00,1.162245,1.161995,1.16195,1.162255,203
2026-05-21T18:11:00+00:00,1.162,1.16203,1.161885,1.162125,281
2026-05-21T18:12:00+00:00,1.162025,1.16231,1.16202,1.162335,235
2026-05-21T18:13:00+00:00,1.16231,1.162165,1.16211,1.16233,208
2026-05-21T18:14:00+00:00,1.16216,1.16227,1.162075,1.16232,233
2026-05-21T18:15:00+00:00,1.162275,1.162195,1.162125,1.162295,180
2026-05-21T18:16:00+00:00,1.162185,1.162115,1.1621,1.16226,166
2026-05-21T18:17:00+00:00,1.16212,1.16221,1.16207,1.162225,166
2026-05-21T18:18:00+00:00,1.16221,1.162355,1.16221,1.162385,138
2026-05-21T18:19:00+00:00,1.16236,1.16252,1.16235,1.16253,115
2026-05-21T18:20:00+00:00,1.16252,1.162535,1.16246,1.16261,134
2026-05-21T18:21:00+00:00,1.16253,1.16244,1.16244,1.16261,122
2026-05-21T18:22:00+00:00,1.16243,1.16258,1.16243,1.16259,102
2026-05-21T18:23:00+00:00,1.16258,1.162525,1.16243,1.16263,114
2026-05-21T18:24:00+00:00,1.16252,1.162725,1.16252,1.162725,111
2026-05-21T18:25:00+00:00,1.162725,1.16272,1.16268,1.162765,128
2026-05-21T18:26:00+00:00,1.162725,1.162585,1.162545,1.16273,143
2026-05-21T18:27:00+00:00,1.16259,1.162585,1.16256,1.16267,169
2026-05-21T18:28:00+00:00,1.162575,1.16273,1.162545,1.162775,165
2026-05-21T18:29:00+00:00,1.162735,1.162625,1.16262,1.162785,147
2026-05-21T18:30:00+00:00,1.16263,1.162625,1.162585,1.16269,126
2026-05-21T18:31:00+00:00,1.162625,1.162475,1.162475,1.162635,116
2026-05-21T18:32:00+00:00,1.162475,1.16248,1.162465,1.16261,103
2026-05-21T18:33:00+00:00,1.162475,1.162475,1.162375,1.16252,189
2026-05-21T18:34:00+00:00,1.16248,1.162565,1.16243,1.162565,163
2026-05-21T18:35:00+00:00,1.16256,1.162485,1.16247,1.16257,101
2026-05-21T18:36:00+00:00,1.16249,1.162575,1.16246,1.1626,93
2026-05-21T18:37:00+00:00,1.162575,1.162635,1.162575,1.162655,96
2026-05-21T18:38:00+00:00,1.162635,1.16263,1.16254,1.162675,134
2026-05-21T18:39:00+00:00,1.162635,1.16255,1.16251,1.16264,109
2026-05-21T18:40:00+00:00,1.16255,1.162665,1.162525,1.16267,115
2026-05-21T18:41:00+00:00,1.162675,1.16262,1.162615,1.162715,77
2026-05-21T18:42:00+00:00,1.16262,1.162585,1.16254,1.162655,71
2026-05-21T18:43:00+00:00,1.162585,1.162375,1.162365,1.162585,78
2026-05-21T18:44:00+00:00,1.162375,1.162485,1.162375,1.162515,91
2026-05-21T18:45:00+00:00,1.16249,1.162475,1.162415,1.16254,103
2026-05-21T18:46:00+00:00,1.162475,1.162445,1.16242,1.162515,106
2026-05-21T18:47:00+00:00,1.162435,1.162435,1.16238,1.162485,96
2026-05-21T18:48:00+00:00,1.162435,1.162075,1.16183,1.16244,466
2026-05-21T18:49:00+00:00,1.162065,1.161675,1.16165,1.16208,822
2026-05-21T18:50:00+00:00,1.161685,1.16183,1.16162,1.16194,333
2026-05-21T18:51:00+00:00,1.161825,1.16183,1.16157,1.161835,408
2026-05-21T18:52:00+00:00,1.16182,1.161265,1.161065,1.16185,947
2026-05-21T18:53:00+00:00,1.16127,1.161175,1.161165,1.16145,560
2026-05-21T18:54:00+00:00,1.16117,1.160805,1.160795,1.16135,563
2026-05-21T18:55:00+00:00,1.160805,1.160795,1.160705,1.16092,466
2026-05-21T18:56:00+00:00,1.1608,1.160865,1.160775,1.160985,447
2026-05-21T18:57:00+00:00,1.16086,1.161025,1.160845,1.161145,377
2026-05-21T18:58:00+00:00,1.161035,1.16104,1.161025,1.16116,338
2026-05-21T18:59:00+00:00,1.161045,1.161145,1.161015,1.16121,328
2026-05-21T19:00:00+00:00,1.16114,1.161335,1.161085,1.16134,237
2026-05-21T19:01:00+00:00,1.16132,1.161435,1.161135,1.161485,291
2026-05-21T19:02:00+00:00,1.16144,1.161275,1.161255,1.161455,164
2026-05-21T19:03:00+00:00,1.161285,1.161545,1.161285,1.161555,172
2026-05-21T19:04:00+00:00,1.161535,1.161545,1.161485,1.161605,130
2026-05-21T19:05:00+00:00,1.16156,1.161385,1.161385,1.1616,133
2026-05-21T19:06:00+00:00,1.16139,1.161145,1.161065,1.161445,414
2026-05-21T19:07:00+00:00,1.16115,1.1612,1.160975,1.161205,371
2026-05-21T19:08:00+00:00,1.1612,1.16148,1.1612,1.16154,238
2026-05-21T19:09:00+00:00,1.161485,1.16154,1.16144,1.161565,224
2026-05-21T19:10:00+00:00,1.161535,1.16144,1.161345,1.161645,210
2026-05-21T19:11:00+00:00,1.161435,1.16145,1.16133,1.161495,237
2026-05-21T19:12:00+00:00,1.16145,1.161405,1.161345,1.161505,156
2026-05-21T19:13:00+00:00,1.1614,1.16145,1.16138,1.16149,177
2026-05-21T19:14:00+00:00,1.161445,1.16148,1.161385,1.16149,121
2026-05-21T19:15:00+00:00,1.161485,1.16168,1.16148,1.16169,124
2026-05-21T19:16:00+00:00,1.16169,1.161705,1.161685,1.16175,103
2026-05-21T19:17:00+00:00,1.161705,1.16176,1.1616,1.16178,119
2026-05-21T19:18:00+00:00,1.16176,1.16179,1.16173,1.16183,99
2026-05-21T19:19:00+00:00,1.16177,1.161795,1.16171,1.1618,92
2026-05-21T19:20:00+00:00,1.161795,1.16179,1.16177,1.161845,153
2026-05-21T19:21:00+00:00,1.161795,1.161895,1.161785,1.161895,104
2026-05-21T19:22:00+00:00,1.161885,1.162005,1.161855,1.162005,149
2026-05-21T19:23:00+00:00,1.162,1.16199,1.16196,1.162,62
2026-05-21T19:24:00+00:00,1.161995,1.161915,1.161915,1.161995,160
2026-05-21T19:25:00+00:00,1.16192,1.16198,1.1619,1.161985,172
2026-05-21T19:26:00+00:00,1.161985,1.161985,1.16192,1.161995,101
2026-05-21T19:27:00+00:00,1.16199,1.161985,1.16196,1.162015,84
2026-05-21T19:28:00+00:00,1.162005,1.162055,1.161955,1.162065,76
2026-05-21T19:29:00+00:00,1.162045,1.16199,1.16189,1.162085,139
2026-05-21T19:30:00+00:00,1.161985,1.16216,1.161985,1.162185,123
2026-05-21T19:31:00+00:00,1.162165,1.162195,1.162145,1.16224,109
2026-05-21T19:32:00+00:00,1.1622,1.162235,1.162185,1.16226,86
2026-05-21T19:33:00+00:00,1.162235,1.16222,1.162215,1.162295,60
2026-05-21T19:34:00+00:00,1.162235,1.162135,1.162135,1.162235,91
2026-05-21T19:35:00+00:00,1.162135,1.162215,1.162135,1.162215,161
2026-05-21T19:36:00+00:00,1.162215,1.162265,1.1622,1.162275,67
2026-05-21T19:37:00+00:00,1.162265,1.162325,1.162265,1.16236,98
2026-05-21T19:38:00+00:00,1.162325,1.162405,1.162315,1.16241,42
2026-05-21T19:39:00+00:00,1.162405,1.162395,1.16238,1.162405,37
2026-05-21T19:40:00+00:00,1.162395,1.16231,1.1623,1.1624,101
2026-05-21T19:41:00+00:00,1.16231,1.162235,1.162235,1.162325,61
2026-05-21T19:42:00+00:00,1.162235,1.16199,1.161975,1.162235,202
2026-05-21T19:43:00+00:00,1.161995,1.16203,1.16194,1.16204,124
2026-05-21T19:44:00+00:00,1.16203,1.16182,1.16181,1.16203,173
2026-05-21T19:45:00+00:00,1.161815,1.161885,1.161785,1.1619,167
2026-05-21T19:46:00+00:00,1.16188,1.161885,1.16188,1.161935,112
2026-05-21T19:47:00+00:00,1.161885,1.16194,1.16183,1.16198,126
2026-05-21T19:48:00+00:00,1.16194,1.16194,1.16193,1.16198,47
2026-05-21T19:49:00+00:00,1.161945,1.161995,1.16194,1.162,59
2026-05-21T19:50:00+00:00,1.162,1.162045,1.162,1.16215,177
2026-05-21T19:51:00+00:00,1.16204,1.162005,1.162005,1.162075,103
2026-05-21T19:52:00+00:00,1.162005,1.16199,1.161985,1.16203,58
2026-05-21T19:53:00+00:00,1.161985,1.161845,1.16183,1.16203,185
2026-05-21T19:54:00+00:00,1.16184,1.161675,1.161415,1.16185,469
2026-05-21T19:55:00+00:00,1.16167,1.161795,1.1616,1.161875,370
2026-05-21T19:56:00+00:00,1.161785,1.162295,1.161735,1.16235,459
2026-05-21T19:57:00+00:00,1.16229,1.162345,1.16227,1.16243,255
2026-05-21T19:58:00+00:00,1.16234,1.16229,1.16226,1.16239,179
2026-05-21T19:59:00+00:00,1.162285,1.162125,1.16209,1.162285,328
2026-05-21T20:00:00+00:00,1.16213,1.162245,1.16211,1.162255,260
2026-05-21T20:01:00+00:00,1.162245,1.162175,1.162125,1.162275,116
2026-05-21T20:02:00+00:00,1.162165,1.16217,1.162115,1.16221,110
2026-05-21T20:03:00+00:00,1.16217,1.16205,1.162025,1.162285,151
2026-05-21T20:04:00+00:00,1.162045,1.162005,1.162005,1.16206,54
2026-05-21T20:05:00+00:00,1.162005,1.161975,1.161945,1.162005,72
2026-05-21T20:06:00+00:00,1.16198,1.16193,1.161905,1.16201,60
2026-05-21T20:07:00+00:00,1.161935,1.1618,1.1618,1.161955,81
2026-05-21T20:08:00+00:00,1.1618,1.16173,1.161705,1.161835,72
2026-05-21T20:09:00+00:00,1.161735,1.161725,1.161705,1.16176,57
2026-05-21T20:10:00+00:00,1.161725,1.161685,1.161685,1.16173,29
2026-05-21T20:11:00+00:00,1.161685,1.16169,1.161665,1.161725,56
2026-05-21T20:12:00+00:00,1.161685,1.161685,1.16165,1.16169,33
2026-05-21T20:13:00+00:00,1.161685,1.161735,1.16168,1.16175,35
2026-05-21T20:14:00+00:00,1.161735,1.16175,1.161725,1.161755,24
2026-05-21T20:15:00+00:00,1.161745,1.16179,1.161735,1.1618,34
2026-05-21T20:16:00+00:00,1.16179,1.161685,1.161625,1.16179,69
2026-05-21T20:17:00+00:00,1.161685,1.161635,1.16162,1.161755,52
2026-05-21T20:18:00+00:00,1.161635,1.161635,1.1616,1.16164,30
2026-05-21T20:19:00+00:00,1.161635,1.161635,1.16163,1.16164,9
2026-05-21T20:20:00+00:00,1.161635,1.16172,1.161625,1.16174,41
2026-05-21T20:21:00+00:00,1.16172,1.16171,1.161695,1.16176,22
2026-05-21T20:22:00+00:00,1.16171,1.16167,1.161665,1.16171,24
2026-05-21T20:23:00+00:00,1.16167,1.1617,1.16163,1.161705,44
2026-05-21T20:24:00+00:00,1.1617,1.16167,1.16166,1.16171,27
2026-05-21T20:25:00+00:00,1.161675,1.16177,1.161675,1.16177,39
2026-05-21T20:26:00+00:00,1.16177,1.161945,1.161765,1.161965,52
2026-05-21T20:27:00+00:00,1.16195,1.161905,1.161905,1.16199,26
2026-05-21T20:28:00+00:00,1.161905,1.161855,1.161855,1.161905,9
2026-05-21T20:29:00+00:00,1.161855,1.161855,1.161815,1.161895,16
2026-05-21T20:30:00+00:00,1.161865,1.16176,1.16175,1.161865,41
2026-05-21T20:31:00+00:00,1.161755,1.16178,1.16175,1.16178,18
2026-05-21T20:32:00+00:00,1.16178,1.161735,1.161735,1.161795,21
2026-05-21T20:33:00+00:00,1.161735,1.161745,1.16171,1.16175,17
2026-05-21T20:34:00+00:00,1.161745,1.16165,1.16165,1.161745,13
2026-05-21T20:35:00+00:00,1.16165,1.161675,1.16165,1.161675,20
2026-05-21T20:36:00+00:00,1.161675,1.161655,1.161625,1.161685,23
2026-05-21T20:37:00+00:00,1.161655,1.161655,1.161645,1.161655,6
2026-05-21T20:38:00+00:00,1.161655,1.161655,1.161635,1.161665,88
2026-05-21T20:39:00+00:00,1.161655,1.161665,1.16164,1.161675,15
2026-05-21T20:40:00+00:00,1.161665,1.161705,1.161665,1.161735,34
2026-05-21T20:41:00+00:00,1.161705,1.16172,1.161705,1.161735,36
2026-05-21T20:42:00+00:00,1.16172,1.16168,1.161675,1.161735,30
2026-05-21T20:43:00+00:00,1.16168,1.161635,1.161615,1.16169,97
2026-05-21T20:44:00+00:00,1.161635,1.16175,1.161635,1.161805,44
2026-05-21T20:45:00+00:00,1.161745,1.161795,1.161725,1.16181,41
2026-05-21T20:46:00+00:00,1.161795,1.161755,1.161755,1.1618,26
2026-05-21T20:47:00+00:00,1.161755,1.16178,1.161745,1.16178,8
2026-05-21T20:48:00+00:00,1.161775,1.161775,1.161745,1.161775,17
2026-05-21T20:49:00+00:00,1.16177,1.16176,1.161755,1.161815,41
2026-05-21T20:50:00+00:00,1.161755,1.161815,1.16171,1.16182,49
2026-05-21T20:51:00+00:00,1.161815,1.161875,1.16181,1.1619,57
2026-05-21T20:52:00+00:00,1.16188,1.161845,1.16181,1.16191,69
2026-05-21T20:53:00+00:00,1.161835,1.16181,1.16181,1.161855,36
2026-05-21T20:54:00+00:00,1.161805,1.16181,1.161795,1.161815,26
2026-05-21T20:55:00+00:00,1.161815,1.161695,1.161695,1.161815,118
2026-05-21T20:56:00+00:00,1.1617,1.16165,1.16165,1.161715,145
2026-05-21T20:57:00+00:00,1.16165,1.16172,1.16165,1.16172,217
2026-05-21T20:58:00+00:00,1.161715,1.161745,1.161695,1.161755,118
2026-05-21T20:59:00+00:00,1.16174,1.161705,1.161705,1.161765,181
2026-05-21T21:00:00+00:00,1.161705,1.161705,1.161705,1.161705,0
2026-05-21T21:01:00+00:00,1.161705,1.1621,1.161705,1.162185,7
2026-05-21T21:02:00+00:00,1.1621,1.16212,1.162015,1.16218,34
2026-05-21T21:03:00+00:00,1.16212,1.1621,1.16203,1.16214,37
2026-05-21T21:04:00+00:00,1.1621,1.162025,1.16201,1.1621,9
2026-05-21T21:05:00+00:00,1.1621,1.162135,1.162025,1.162135,13
2026-05-21T21:06:00+00:00,1.16213,1.16223,1.16211,1.16234,20
2026-05-21T21:07:00+00:00,1.162225,1.162135,1.16213,1.16223,5
2026-05-21T21:08:00+00:00,1.162135,1.16222,1.1621,1.16222,5
2026-05-21T21:09:00+00:00,1.16222,1.1622,1.1622,1.16225,12
2026-05-21T21:10:00+00:00,1.1622,1.16217,1.16215,1.16224,622
2026-05-21T21:11:00+00:00,1.16217,1.162225,1.16217,1.16228,4
2026-05-21T21:12:00+00:00,1.162225,1.16222,1.1622,1.162235,5
2026-05-21T21:13:00+00:00,1.16222,1.162235,1.162195,1.16227,9
2026-05-21T21:14:00+00:00,1.162255,1.16223,1.162225,1.162255,4
2026-05-21T21:15:00+00:00,1.16222,1.162215,1.162215,1.16222,4
2026-05-21T21:16:00+00:00,1.162215,1.16217,1.16217,1.162225,11
2026-05-21T21:17:00+00:00,1.16217,1.16218,1.16216,1.16223,13
2026-05-21T21:18:00+00:00,1.16218,1.162165,1.16215,1.16221,17
2026-05-21T21:19:00+00:00,1.162165,1.162175,1.16215,1.162175,3
2026-05-21T21:20:00+00:00,1.162175,1.162215,1.16214,1.16224,17
2026-05-21T21:21:00+00:00,1.162215,1.16218,1.16218,1.162225,9
2026-05-21T21:22:00+00:00,1.16218,1.162175,1.162175,1.16218,1
2026-05-21T21:23:00+00:00,1.162175,1.162215,1.162175,1.162215,8
2026-05-21T21:24:00+00:00,1.162215,1.162215,1.162215,1.162215,0
2026-05-21T21:25:00+00:00,1.1622,1.16221,1.1622,1.16222,14
2026-05-21T21:26:00+00:00,1.16221,1.16218,1.16218,1.162215,2
2026-05-21T21:27:00+00:00,1.16218,1.16219,1.16218,1.16223,11
2026-05-21T21:28:00+00:00,1.16219,1.16214,1.16214,1.16219,2
2026-05-21T21:29:00+00:00,1.16214,1.16218,1.16214,1.162215,7
2026-05-21T21:30:00+00:00,1.162115,1.1621,1.1621,1.16218,15
2026-05-21T21:31:00+00:00,1.1621,1.16218,1.1621,1.162195,35
2026-05-21T21:32:00+00:00,1.16218,1.162165,1.162165,1.16218,5
2026-05-21T21:33:00+00:00,1.162165,1.162175,1.16216,1.162175,3
2026-05-21T21:34:00+00:00,1.162175,1.16217,1.16216,1.162195,87
2026-05-21T21:35:00+00:00,1.16217,1.16217,1.16217,1.16219,17
2026-05-21T21:36:00+00:00,1.16217,1.16209,1.16209,1.16217,7
2026-05-21T21:37:00+00:00,1.16209,1.162045,1.16201,1.162095,21
2026-05-21T21:38:00+00:00,1.162045,1.162025,1.16194,1.16205,38
2026-05-21T21:39:00+00:00,1.162025,1.161855,1.16185,1.162045,40
2026-05-21T21:40:00+00:00,1.161855,1.16187,1.161855,1.1619,62
2026-05-21T21:41:00+00:00,1.16187,1.161875,1.16186,1.161885,94
2026-05-21T21:42:00+00:00,1.161875,1.16188,1.161815,1.161885,45
2026-05-21T21:43:00+00:00,1.16188,1.16188,1.16187,1.161885,4
2026-05-21T21:44:00+00:00,1.16188,1.161875,1.16187,1.161885,16
2026-05-21T21:45:00+00:00,1.161875,1.161925,1.161865,1.16193,12
2026-05-21T21:46:00+00:00,1.161925,1.161925,1.161925,1.16194,5
2026-05-21T21:47:00+00:00,1.161925,1.161935,1.1619,1.16194,21
2026-05-21T21:48:00+00:00,1.161935,1.161935,1.161925,1.161945,8
2026-05-21T21:49:00+00:00,1.161935,1.16195,1.161935,1.16195,5
2026-05-21T21:50:00+00:00,1.16195,1.16194,1.161925,1.16196,31
2026-05-21T21:51:00+00:00,1.16194,1.161935,1.161935,1.16194,1
2026-05-21T21:52:00+00:00,1.161935,1.161965,1.161925,1.16197,32
2026-05-21T21:53:00+00:00,1.161965,1.161945,1.161925,1.161985,99
2026-05-21T21:54:00+00:00,1.161945,1.16195,1.161915,1.16198,145
2026-05-21T21:55:00+00:00,1.161935,1.16194,1.161905,1.161965,120
2026-05-21T21:56:00+00:00,1.161935,1.16194,1.161925,1.16195,18
2026-05-21T21:57:00+00:00,1.161935,1.161945,1.16192,1.16195,26
2026-05-21T21:58:00+00:00,1.161945,1.161935,1.16191,1.16195,26
2026-05-21T21:59:00+00:00,1.16195,1.161925,1.161905,1.161955,39
2026-05-21T22:00:00+00:00,1.161935,1.16182,1.161815,1.16196,89
2026-05-21T22:01:00+00:00,1.16182,1.1618,1.161775,1.16182,35
2026-05-21T22:02:00+00:00,1.1618,1.161885,1.16178,1.16198,63
2026-05-21T22:03:00+00:00,1.161885,1.161875,1.161875,1.16189,8
2026-05-21T22:04:00+00:00,1.161875,1.161875,1.16187,1.16188,4
2026-05-21T22:05:00+00:00,1.161875,1.161735,1.16173,1.161875,40
2026-05-21T22:06:00+00:00,1.161725,1.161755,1.161725,1.16176,11
2026-05-21T22:07:00+00:00,1.161755,1.16176,1.1617,1.16176,32
2026-05-21T22:08:00+00:00,1.16176,1.161655,1.161655,1.161765,9
2026-05-21T22:09:00+00:00,1.161655,1.161645,1.16163,1.161655,5
2026-05-21T22:10:00+00:00,1.161645,1.161575,1.161525,1.161645,33
2026-05-21T22:11:00+00:00,1.16157,1.161585,1.16157,1.161585,11
2026-05-21T22:12:00+00:00,1.161585,1.16158,1.16157,1.161585,6
2026-05-21T22:13:00+00:00,1.16158,1.16158,1.161575,1.16158,2
2026-05-21T22:14:00+00:00,1.16158,1.16165,1.16158,1.16166,19
2026-05-21T22:15:00+00:00,1.161655,1.16168,1.16163,1.16169,26
2026-05-21T22:16:00+00:00,1.16168,1.16168,1.16168,1.161705,7
2026-05-21T22:17:00+00:00,1.16168,1.161675,1.161645,1.16168,8
2026-05-21T22:18:00+00:00,1.161675,1.161675,1.16164,1.161675,21
2026-05-21T22:19:00+00:00,1.161675,1.161675,1.161675,1.16168,2
2026-05-21T22:20:00+00:00,1.161675,1.161675,1.16165,1.161675,7
2026-05-21T22:21:00+00:00,1.161675,1.161675,1.161675,1.161715,8
2026-05-21T22:22:00+00:00,1.161675,1.16168,1.161675,1.161685,15
2026-05-21T22:23:00+00:00,1.16168,1.161685,1.16168,1.161695,9
2026-05-21T22:24:00+00:00,1.161685,1.16168,1.161675,1.161695,21
2026-05-21T22:25:00+00:00,1.16168,1.16166,1.16164,1.16168,19
2026-05-21T22:26:00+00:00,1.16166,1.16168,1.161655,1.161685,19
2026-05-21T22:27:00+00:00,1.161685,1.16168,1.16168,1.161685,4
2026-05-21T22:28:00+00:00,1.16168,1.16167,1.16166,1.161725,28
2026-05-21T22:29:00+00:00,1.16167,1.16168,1.16167,1.16168,4
2026-05-21T22:30:00+00:00,1.16168,1.16173,1.16167,1.161745,31
2026-05-21T22:31:00+00:00,1.16173,1.16169,1.16168,1.16173,22
2026-05-21T22:32:00+00:00,1.161685,1.16169,1.161685,1.161725,22
2026-05-21T22:33:00+00:00,1.16169,1.161695,1.16169,1.1617,3
2026-05-21T22:34:00+00:00,1.161695,1.161695,1.161695,1.16172,8
2026-05-21T22:35:00+00:00,1.161695,1.161725,1.161685,1.161725,8
2026-05-21T22:36:00+00:00,1.161725,1.161695,1.161695,1.16173,21
2026-05-21T22:37:00+00:00,1.161695,1.161685,1.161685,1.1617,9
2026-05-21T22:38:00+00:00,1.16169,1.16169,1.161685,1.161695,7
2026-05-21T22:39:00+00:00,1.16169,1.161695,1.161685,1.1617,7
2026-05-21T22:40:00+00:00,1.161695,1.16174,1.16169,1.16174,18
2026-05-21T22:41:00+00:00,1.16174,1.16177,1.161735,1.161815,33
2026-05-21T22:42:00+00:00,1.16177,1.161795,1.16177,1.1618,10
2026-05-21T22:43:00+00:00,1.1618,1.16185,1.1618,1.161895,27
2026-05-21T22:44:00+00:00,1.16186,1.161855,1.161845,1.161875,16
2026-05-21T22:45:00+00:00,1.161855,1.16189,1.161855,1.16191,32
2026-05-21T22:46:00+00:00,1.16189,1.16184,1.16184,1.161895,13
2026-05-21T22:47:00+00:00,1.16184,1.161835,1.161825,1.16184,13
2026-05-21T22:48:00+00:00,1.161835,1.16184,1.161835,1.161855,9
2026-05-21T22:49:00+00:00,1.16184,1.16184,1.16184,1.16184,0
2026-05-21T22:50:00+00:00,1.16184,1.16186,1.161835,1.16186,8
2026-05-21T22:51:00+00:00,1.161855,1.16186,1.16185,1.161865,16
2026-05-21T22:52:00+00:00,1.161855,1.161785,1.161775,1.161855,19
2026-05-21T22:53:00+00:00,1.16178,1.161775,1.161775,1.161785,14
2026-05-21T22:54:00+00:00,1.161775,1.161785,1.161775,1.161785,8
2026-05-21T22:55:00+00:00,1.16178,1.161785,1.16178,1.161815,29
2026-05-21T22:56:00+00:00,1.16178,1.161755,1.161755,1.161785,25
2026-05-21T22:57:00+00:00,1.16176,1.16177,1.16175,1.161785,27
2026-05-21T22:58:00+00:00,1.16177,1.16178,1.16177,1.16179,26
2026-05-21T22:59:00+00:00,1.16178,1.161745,1.161745,1.161785,21
2026-05-21T23:00:00+00:00,1.16175,1.16184,1.16175,1.16185,40
2026-05-21T23:01:00+00:00,1.16184,1.161845,1.161835,1.16186,11
2026-05-21T23:02:00+00:00,1.161845,1.16181,1.161805,1.16185,25
2026-05-21T23:03:00+00:00,1.161805,1.161835,1.161795,1.16185,24
2026-05-21T23:04:00+00:00,1.16184,1.16184,1.16181,1.16184,23
2026-05-21T23:05:00+00:00,1.16185,1.16181,1.161795,1.16185,14
2026-05-21T23:06:00+00:00,1.16181,1.161845,1.161795,1.16185,20
2026-05-21T23:07:00+00:00,1.161845,1.161745,1.161745,1.161845,12
2026-05-21T23:08:00+00:00,1.161745,1.161735,1.161735,1.161745,6
2026-05-21T23:09:00+00:00,1.161735,1.161735,1.161735,1.161735,0
2026-05-21T23:10:00+00:00,1.161735,1.16178,1.161735,1.161785,12
2026-05-21T23:11:00+00:00,1.16178,1.161785,1.16178,1.16179,7
2026-05-21T23:12:00+00:00,1.16178,1.16174,1.16174,1.16178,6
2026-05-21T23:13:00+00:00,1.16174,1.16179,1.16174,1.16179,10
2026-05-21T23:14:00+00:00,1.16179,1.161785,1.161785,1.16179,1
2026-05-21T23:15:00+00:00,1.16179,1.16179,1.161785,1.161805,8
2026-05-21T23:16:00+00:00,1.16179,1.16179,1.161785,1.16179,4
2026-05-21T23:17:00+00:00,1.16179,1.16178,1.16178,1.16179,8
2026-05-21T23:18:00+00:00,1.16178,1.161785,1.161745,1.16179,24
2026-05-21T23:19:00+00:00,1.161785,1.16174,1.16174,1.16179,8
2026-05-21T23:20:00+00:00,1.16174,1.16174,1.161735,1.161745,10
2026-05-21T23:21:00+00:00,1.16174,1.161685,1.161675,1.16174,33
2026-05-21T23:22:00+00:00,1.161685,1.161685,1.16168,1.16169,14
2026-05-21T23:23:00+00:00,1.16168,1.161675,1.161665,1.16169,28
2026-05-21T23:24:00+00:00,1.161675,1.161605,1.1616,1.161675,26
2026-05-21T23:25:00+00:00,1.161605,1.161685,1.1616,1.16169,19
2026-05-21T23:26:00+00:00,1.161685,1.16169,1.161685,1.16169,1
2026-05-21T23:27:00+00:00,1.16169,1.16169,1.161685,1.16169,15
2026-05-21T23:28:00+00:00,1.161695,1.161695,1.161685,1.1617,12
2026-05-21T23:29:00+00:00,1.1617,1.16173,1.1617,1.16173,12
2026-05-21T23:30:00+00:00,1.161725,1.16171,1.16167,1.161725,61
2026-05-21T23:31:00+00:00,1.16171,1.16169,1.16169,1.16171,11
2026-05-21T23:32:00+00:00,1.16169,1.161695,1.16169,1.16171,11
2026-05-21T23:33:00+00:00,1.161695,1.161745,1.16168,1.161745,27
2026-05-21T23:34:00+00:00,1.16174,1.16174,1.161725,1.16174,8
2026-05-21T23:35:00+00:00,1.16174,1.161715,1.161715,1.16174,4
2026-05-21T23:36:00+00:00,1.161715,1.16172,1.161715,1.16172,3
2026-05-21T23:37:00+00:00,1.16172,1.161725,1.161715,1.161735,21
2026-05-21T23:38:00+00:00,1.16172,1.161725,1.16172,1.161735,6
2026-05-21T23:39:00+00:00,1.161725,1.161725,1.161725,1.16173,2
2026-05-21T23:40:00+00:00,1.16172,1.16171,1.161695,1.161725,19
2026-05-21T23:41:00+00:00,1.16171,1.161735,1.161705,1.16174,8
2026-05-21T23:42:00+00:00,1.161735,1.161715,1.161705,1.161745,25
2026-05-21T23:43:00+00:00,1.161715,1.1617,1.161695,1.161735,9
2026-05-21T23:44:00+00:00,1.161695,1.161705,1.161685,1.161735,19
2026-05-21T23:45:00+00:00,1.161705,1.161715,1.1617,1.161725,15
2026-05-21T23:46:00+00:00,1.161715,1.161755,1.161715,1.161755,7
2026-05-21T23:47:00+00:00,1.161755,1.161795,1.161745,1.161805,16
2026-05-21T23:48:00+00:00,1.161795,1.161795,1.161795,1.161815,9
2026-05-21T23:49:00+00:00,1.161795,1.161795,1.161795,1.161805,6
2026-05-21T23:50:00+00:00,1.161795,1.16181,1.161795,1.161815,55
2026-05-21T23:51:00+00:00,1.16181,1.161865,1.16181,1.161865,14
2026-05-21T23:52:00+00:00,1.161865,1.16191,1.161855,1.161915,18
2026-05-21T23:53:00+00:00,1.16191,1.161855,1.161855,1.16191,10
2026-05-21T23:54:00+00:00,1.161855,1.161755,1.16175,1.161855,19
2026-05-21T23:55:00+00:00,1.161755,1.161745,1.161745,1.161765,9
2026-05-21T23:56:00+00:00,1.16175,1.161755,1.161745,1.161755,6
2026-05-21T23:57:00+00:00,1.16176,1.161715,1.161705,1.161765,24
2026-05-21T23:58:00+00:00,1.161715,1.161745,1.16171,1.161745,15
2026-05-21T23:59:00+00:00,1.161745,1.161795,1.161745,1.161795,19
2026-05-22T00:00:00+00:00,1.161805,1.161515,1.161485,1.16181,149
2026-05-22T00:01:00+00:00,1.161505,1.161505,1.161435,1.161545,90
2026-05-22T00:02:00+00:00,1.1615,1.16152,1.16141,1.161565,175
2026-05-22T00:03:00+00:00,1.161515,1.16144,1.161425,1.16154,112
2026-05-22T00:04:00+00:00,1.161445,1.161445,1.161435,1.161495,57
2026-05-22T00:05:00+00:00,1.16145,1.16165,1.16145,1.16165,80
2026-05-22T00:06:00+00:00,1.161645,1.16164,1.161545,1.161655,111
2026-05-22T00:07:00+00:00,1.16164,1.161575,1.161565,1.16166,82
2026-05-22T00:08:00+00:00,1.161585,1.16155,1.16155,1.161605,89
2026-05-22T00:09:00+00:00,1.16155,1.161545,1.161545,1.1616,82
2026-05-22T00:10:00+00:00,1.16154,1.161515,1.161495,1.161545,63
2026-05-22T00:11:00+00:00,1.16152,1.161425,1.16142,1.16156,112
2026-05-22T00:12:00+00:00,1.16143,1.161415,1.1614,1.161445,40
2026-05-22T00:13:00+00:00,1.16141,1.161435,1.16141,1.161495,88
2026-05-22T00:14:00+00:00,1.161425,1.16139,1.161345,1.161425,94
2026-05-22T00:15:00+00:00,1.161395,1.161405,1.161365,1.161495,114
2026-05-22T00:16:00+00:00,1.161395,1.16135,1.16133,1.161425,56
2026-05-22T00:17:00+00:00,1.161345,1.161315,1.161305,1.16141,54
2026-05-22T00:18:00+00:00,1.16132,1.1614,1.16132,1.1614,59
2026-05-22T00:19:00+00:00,1.161395,1.16131,1.16131,1.161395,78
2026-05-22T00:20:00+00:00,1.161305,1.16135,1.161305,1.161365,33
2026-05-22T00:21:00+00:00,1.161355,1.161495,1.161355,1.161495,89
2026-05-22T00:22:00+00:00,1.161495,1.16135,1.16134,1.161495,79
2026-05-22T00:23:00+00:00,1.16135,1.161355,1.161345,1.1614,40
2026-05-22T00:24:00+00:00,1.16135,1.161405,1.161345,1.161405,48
2026-05-22T00:25:00+00:00,1.1614,1.161375,1.161365,1.1614,35
2026-05-22T00:26:00+00:00,1.16137,1.161375,1.16133,1.161415,62
2026-05-22T00:27:00+00:00,1.161375,1.16137,1.16136,1.161455,92
2026-05-22T00:28:00+00:00,1.161375,1.1614,1.16137,1.161415,56
2026-05-22T00:29:00+00:00,1.161405,1.161415,1.161395,1.16144,36
2026-05-22T00:30:00+00:00,1.161415,1.161415,1.16141,1.161455,104
2026-05-22T00:31:00+00:00,1.16141,1.16141,1.161395,1.161435,61
2026-05-22T00:32:00+00:00,1.161415,1.161395,1.161345,1.161415,45
2026-05-22T00:33:00+00:00,1.16139,1.161335,1.161335,1.161395,58
2026-05-22T00:34:00+00:00,1.161335,1.161305,1.161295,1.161355,34
2026-05-22T00:35:00+00:00,1.161305,1.161335,1.161235,1.161335,53
2026-05-22T00:36:00+00:00,1.161335,1.16125,1.161245,1.161335,33
2026-05-22T00:37:00+00:00,1.16125,1.161315,1.16125,1.161315,30
2026-05-22T00:38:00+00:00,1.161315,1.16132,1.16129,1.161355,56
2026-05-22T00:39:00+00:00,1.16132,1.16128,1.161265,1.16133,52
2026-05-22T00:40:00+00:00,1.161285,1.161405,1.16128,1.161405,34
2026-05-22T00:41:00+00:00,1.161405,1.16148,1.161405,1.161505,52
2026-05-22T00:42:00+00:00,1.16148,1.16146,1.16146,1.16148,40
2026-05-22T00:43:00+00:00,1.16146,1.16147,1.16146,1.16151,27
2026-05-22T00:44:00+00:00,1.16147,1.161495,1.161465,1.1615,18
2026-05-22T00:45:00+00:00,1.1615,1.161545,1.1615,1.161615,63
2026-05-22T00:46:00+00:00,1.161545,1.161565,1.161545,1.16159,20
2026-05-22T00:47:00+00:00,1.161565,1.161495,1.16148,1.161565,28
2026-05-22T00:48:00+00:00,1.161495,1.161465,1.161465,1.16153,45
2026-05-22T00:49:00+00:00,1.16147,1.161455,1.16145,1.16149,29
2026-05-22T00:50:00+00:00,1.16145,1.1615,1.16145,1.16154,38
2026-05-22T00:51:00+00:00,1.161495,1.16149,1.16146,1.1615,68
2026-05-22T00:52:00+00:00,1.161485,1.16146,1.16146,1.161505,39
2026-05-22T00:53:00+00:00,1.161465,1.161485,1.16146,1.161515,68
2026-05-22T00:54:00+00:00,1.16149,1.161425,1.161405,1.16155,131
2026-05-22T00:55:00+00:00,1.16142,1.1614,1.161345,1.161425,82
2026-05-22T00:56:00+00:00,1.161405,1.161405,1.161375,1.16141,58
2026-05-22T00:57:00+00:00,1.161405,1.16144,1.161355,1.16144,78
2026-05-22T00:58:00+00:00,1.16144,1.16151,1.16143,1.161535,53
2026-05-22T00:59:00+00:00,1.161515,1.161455,1.161445,1.161515,39
2026-05-22T01:00:00+00:00,1.161425,1.161445,1.161395,1.161465,83
2026-05-22T01:01:00+00:00,1.16145,1.161505,1.161435,1.161505,92
2026-05-22T01:02:00+00:00,1.161505,1.1613,1.161275,1.16155,76
2026-05-22T01:03:00+00:00,1.1613,1.161295,1.161255,1.161365,76
2026-05-22T01:04:00+00:00,1.161295,1.161355,1.161285,1.16137,42
2026-05-22T01:05:00+00:00,1.16134,1.16141,1.161295,1.16141,66
2026-05-22T01:06:00+00:00,1.161405,1.161495,1.1614,1.16151,87
2026-05-22T01:07:00+00:00,1.1615,1.161385,1.161375,1.16154,79
2026-05-22T01:08:00+00:00,1.161385,1.16136,1.16133,1.161435,36
2026-05-22T01:09:00+00:00,1.16136,1.161355,1.161335,1.161385,64
2026-05-22T01:10:00+00:00,1.16136,1.161355,1.16133,1.161385,47
2026-05-22T01:11:00+00:00,1.161355,1.161345,1.161345,1.1614,35
2026-05-22T01:12:00+00:00,1.161345,1.16138,1.161325,1.16141,39
2026-05-22T01:13:00+00:00,1.161385,1.16142,1.161385,1.16143,48
2026-05-22T01:14:00+00:00,1.161425,1.16145,1.16142,1.161465,36
2026-05-22T01:15:00+00:00,1.16145,1.1614,1.161355,1.1615,72
2026-05-22T01:16:00+00:00,1.161395,1.16134,1.16133,1.161395,46
2026-05-22T01:17:00+00:00,1.161345,1.161305,1.1613,1.161355,44
2026-05-22T01:18:00+00:00,1.161305,1.16137,1.161305,1.161385,79
2026-05-22T01:19:00+00:00,1.161375,1.161435,1.161375,1.161445,57
2026-05-22T01:20:00+00:00,1.161445,1.16155,1.161445,1.16156,48
2026-05-22T01:21:00+00:00,1.161555,1.16156,1.16151,1.161585,57
2026-05-22T01:22:00+00:00,1.16156,1.1615,1.16147,1.16156,31
2026-05-22T01:23:00+00:00,1.1615,1.161405,1.1614,1.1615,20
2026-05-22T01:24:00+00:00,1.1614,1.161235,1.16123,1.1614,62
2026-05-22T01:25:00+00:00,1.16123,1.161285,1.161225,1.161285,60
2026-05-22T01:26:00+00:00,1.16129,1.161445,1.16129,1.161455,67
2026-05-22T01:27:00+00:00,1.16144,1.161395,1.16139,1.16145,23
2026-05-22T01:28:00+00:00,1.16139,1.16139,1.161345,1.16139,42
2026-05-22T01:29:00+00:00,1.161385,1.1614,1.161375,1.161435,61
2026-05-22T01:30:00+00:00,1.161395,1.1614,1.16133,1.1614,95
2026-05-22T01:31:00+00:00,1.161395,1.1614,1.161385,1.16146,81
2026-05-22T01:32:00+00:00,1.161395,1.16137,1.16135,1.16141,69
2026-05-22T01:33:00+00:00,1.16137,1.161385,1.161355,1.1614,62
2026-05-22T01:34:00+00:00,1.161385,1.161375,1.161375,1.16139,35
2026-05-22T01:35:00+00:00,1.16138,1.16136,1.16123,1.16138,116
2026-05-22T01:36:00+00:00,1.16136,1.161455,1.16134,1.16146,71
2026-05-22T01:37:00+00:00,1.161445,1.161395,1.161375,1.161445,61
2026-05-22T01:38:00+00:00,1.161395,1.16143,1.161355,1.16143,108
2026-05-22T01:39:00+00:00,1.16143,1.16139,1.161365,1.16143,47
2026-05-22T01:40:00+00:00,1.16139,1.16135,1.16135,1.16141,48
2026-05-22T01:41:00+00:00,1.161345,1.161395,1.161345,1.16141,56
2026-05-22T01:42:00+00:00,1.16139,1.161445,1.161385,1.161455,59
2026-05-22T01:43:00+00:00,1.161445,1.161435,1.16143,1.1615,90
2026-05-22T01:44:00+00:00,1.16144,1.1614,1.161385,1.161445,68
2026-05-22T01:45:00+00:00,1.1614,1.161425,1.161385,1.16143,48
2026-05-22T01:46:00+00:00,1.161425,1.161455,1.161405,1.161455,81
2026-05-22T01:47:00+00:00,1.161455,1.161405,1.1614,1.161455,25
2026-05-22T01:48:00+00:00,1.161405,1.16143,1.161395,1.161435,42
2026-05-22T01:49:00+00:00,1.161425,1.161445,1.16141,1.16145,75
2026-05-22T01:50:00+00:00,1.16145,1.161535,1.16145,1.16157,90
2026-05-22T01:51:00+00:00,1.16153,1.161495,1.161485,1.16154,66
2026-05-22T01:52:00+00:00,1.161495,1.16144,1.16143,1.16153,79
2026-05-22T01:53:00+00:00,1.161435,1.16143,1.16142,1.16148,72
2026-05-22T01:54:00+00:00,1.161425,1.161345,1.161325,1.161445,52
2026-05-22T01:55:00+00:00,1.16133,1.161185,1.16117,1.16133,87
2026-05-22T01:56:00+00:00,1.161185,1.16114,1.16113,1.161225,42
2026-05-22T01:57:00+00:00,1.161145,1.161095,1.161095,1.16117,60
2026-05-22T01:58:00+00:00,1.16107,1.16104,1.16104,1.161105,50
2026-05-22T01:59:00+00:00,1.16104,1.161005,1.160995,1.16106,63
2026-05-22T02:00:00+00:00,1.161,1.16107,1.160965,1.16112,114
2026-05-22T02:01:00+00:00,1.161075,1.16113,1.16106,1.16118,85
2026-05-22T02:02:00+00:00,1.16113,1.161155,1.16113,1.16118,52
2026-05-22T02:03:00+00:00,1.16115,1.161095,1.161085,1.161155,44
2026-05-22T02:04:00+00:00,1.1611,1.161125,1.1611,1.161135,43
2026-05-22T02:05:00+00:00,1.16112,1.161055,1.161055,1.16113,53
2026-05-22T02:06:00+00:00,1.161055,1.16105,1.16103,1.161055,13
2026-05-22T02:07:00+00:00,1.161055,1.161045,1.16104,1.1611,89
2026-05-22T02:08:00+00:00,1.161045,1.161055,1.161045,1.161095,26
2026-05-22T02:09:00+00:00,1.161055,1.161035,1.16101,1.161055,25
2026-05-22T02:10:00+00:00,1.16103,1.16103,1.160995,1.16104,32
2026-05-22T02:11:00+00:00,1.16103,1.16105,1.161025,1.161055,30
2026-05-22T02:12:00+00:00,1.161045,1.161035,1.161005,1.161085,86
2026-05-22T02:13:00+00:00,1.16103,1.161065,1.161,1.16108,32
2026-05-22T02:14:00+00:00,1.161065,1.16108,1.161065,1.16111,31
2026-05-22T02:15:00+00:00,1.16108,1.161105,1.161055,1.16111,40
2026-05-22T02:16:00+00:00,1.1611,1.161105,1.161055,1.161105,42
2026-05-22T02:17:00+00:00,1.161105,1.161195,1.161085,1.1612,44
2026-05-22T02:18:00+00:00,1.161195,1.161165,1.161155,1.161205,31
2026-05-22T02:19:00+00:00,1.161165,1.161105,1.161095,1.161165,21
2026-05-22T02:20:00+00:00,1.161105,1.161045,1.161035,1.161105,23
2026-05-22T02:21:00+00:00,1.161045,1.16104,1.16104,1.161085,69
2026-05-22T02:22:00+00:00,1.161045,1.161155,1.16104,1.161155,54
2026-05-22T02:23:00+00:00,1.161155,1.161165,1.16114,1.16119,50
2026-05-22T02:24:00+00:00,1.161165,1.16113,1.161115,1.161165,27
2026-05-22T02:25:00+00:00,1.161125,1.161135,1.161115,1.161155,51
2026-05-22T02:26:00+00:00,1.161135,1.161165,1.161115,1.161165,19
2026-05-22T02:27:00+00:00,1.161165,1.161175,1.16114,1.16118,13
2026-05-22T02:28:00+00:00,1.161175,1.16115,1.16113,1.16118,28
2026-05-22T02:29:00+00:00,1.16115,1.16115,1.161125,1.16115,28
2026-05-22T02:30:00+00:00,1.161145,1.1612,1.16113,1.16123,32
2026-05-22T02:31:00+00:00,1.161195,1.161205,1.16119,1.161235,16
2026-05-22T02:32:00+00:00,1.161205,1.16125,1.161205,1.161255,15
2026-05-22T02:33:00+00:00,1.161235,1.161185,1.16117,1.161235,37
2026-05-22T02:34:00+00:00,1.161185,1.161215,1.161185,1.161235,17
2026-05-22T02:35:00+00:00,1.161215,1.16126,1.161205,1.161265,32
2026-05-22T02:36:00+00:00,1.161265,1.1614,1.161265,1.1614,40
2026-05-22T02:37:00+00:00,1.1614,1.16139,1.16138,1.16141,14
2026-05-22T02:38:00+00:00,1.16139,1.161385,1.16134,1.1614,25
2026-05-22T02:39:00+00:00,1.16138,1.161375,1.16136,1.16141,39
2026-05-22T02:40:00+00:00,1.161375,1.16134,1.16134,1.16139,43
2026-05-22T02:41:00+00:00,1.16134,1.161395,1.16134,1.161395,26
2026-05-22T02:42:00+00:00,1.161395,1.161405,1.161355,1.161435,37
2026-05-22T02:43:00+00:00,1.1614,1.161395,1.161355,1.161405,23
2026-05-22T02:44:00+00:00,1.161395,1.161355,1.161355,1.161405,22
2026-05-22T02:45:00+00:00,1.161355,1.161335,1.161335,1.16136,10
2026-05-22T02:46:00+00:00,1.161335,1.16126,1.161245,1.161335,46
2026-05-22T02:47:00+00:00,1.16126,1.161305,1.16125,1.161305,40
2026-05-22T02:48:00+00:00,1.161305,1.16136,1.161285,1.161365,37
2026-05-22T02:49:00+00:00,1.16136,1.161365,1.16135,1.16139,38
2026-05-22T02:50:00+00:00,1.161365,1.1614,1.161365,1.161405,68
2026-05-22T02:51:00+00:00,1.161405,1.16135,1.16135,1.161435,70
2026-05-22T02:52:00+00:00,1.16135,1.16131,1.1613,1.16136,35
2026-05-22T02:53:00+00:00,1.161305,1.16119,1.16119,1.16131,45
2026-05-22T02:54:00+00:00,1.161185,1.161145,1.161145,1.16121,50
2026-05-22T02:55:00+00:00,1.16115,1.161145,1.16109,1.16116,50
2026-05-22T02:56:00+00:00,1.16114,1.161055,1.161045,1.16114,54
2026-05-22T02:57:00+00:00,1.161045,1.161055,1.161005,1.16107,27
2026-05-22T02:58:00+00:00,1.161055,1.161155,1.161005,1.161155,50
2026-05-22T02:59:00+00:00,1.16115,1.16118,1.161135,1.1612,22
2026-05-22T03:00:00+00:00,1.161175,1.16129,1.16117,1.161305,112
2026-05-22T03:01:00+00:00,1.161295,1.161245,1.16124,1.161295,42
2026-05-22T03:02:00+00:00,1.161245,1.161165,1.161165,1.161265,29
2026-05-22T03:03:00+00:00,1.161165,1.16115,1.1611,1.161165,17
2026-05-22T03:04:00+00:00,1.16115,1.161095,1.16108,1.16116,36
2026-05-22T03:05:00+00:00,1.1611,1.161,1.160995,1.1611,46
2026-05-22T03:06:00+00:00,1.161,1.160995,1.160975,1.16105,77
2026-05-22T03:07:00+00:00,1.160995,1.160955,1.16094,1.160995,16
2026-05-22T03:08:00+00:00,1.160955,1.160955,1.160905,1.160955,27
2026-05-22T03:09:00+00:00,1.160955,1.16095,1.16095,1.16099,9
2026-05-22T03:10:00+00:00,1.160945,1.160945,1.160935,1.160995,56
2026-05-22T03:11:00+00:00,1.160945,1.160925,1.160885,1.160945,74
2026-05-22T03:12:00+00:00,1.160925,1.16094,1.160895,1.16095,32
2026-05-22T03:13:00+00:00,1.16094,1.1609,1.160895,1.16097,50
2026-05-22T03:14:00+00:00,1.1609,1.160925,1.1609,1.160925,7
2026-05-22T03:15:00+00:00,1.160925,1.16091,1.160865,1.16095,38
2026-05-22T03:16:00+00:00,1.160915,1.160945,1.160915,1.16095,9
2026-05-22T03:17:00+00:00,1.160945,1.16098,1.160935,1.16098,24
2026-05-22T03:18:00+00:00,1.16098,1.160985,1.160975,1.161035,73
2026-05-22T03:19:00+00:00,1.160985,1.161,1.16098,1.16104,24
2026-05-22T03:20:00+00:00,1.16101,1.16104,1.16101,1.16107,57
2026-05-22T03:21:00+00:00,1.16104,1.16104,1.161015,1.161055,30
2026-05-22T03:22:00+00:00,1.16104,1.16105,1.161035,1.16106,35
2026-05-22T03:23:00+00:00,1.16105,1.16099,1.16096,1.161065,29
2026-05-22T03:24:00+00:00,1.16099,1.16104,1.160985,1.161045,29
2026-05-22T03:25:00+00:00,1.16104,1.161055,1.16102,1.161065,26
2026-05-22T03:26:00+00:00,1.161055,1.161055,1.161035,1.1611,44
2026-05-22T03:27:00+00:00,1.161055,1.16105,1.16104,1.16106,25
2026-05-22T03:28:00+00:00,1.16104,1.161015,1.160995,1.161055,38
2026-05-22T03:29:00+00:00,1.161015,1.16104,1.161015,1.161045,31
2026-05-22T03:30:00+00:00,1.161045,1.16106,1.16104,1.161085,41
2026-05-22T03:31:00+00:00,1.16106,1.16111,1.161045,1.16111,35
2026-05-22T03:32:00+00:00,1.161105,1.1611,1.161095,1.161125,24
2026-05-22T03:33:00+00:00,1.161105,1.16114,1.1611,1.161145,67
2026-05-22T03:34:00+00:00,1.16114,1.161055,1.161055,1.161145,27
2026-05-22T03:35:00+00:00,1.161055,1.161035,1.161035,1.161085,26
2026-05-22T03:36:00+00:00,1.161035,1.161085,1.161035,1.16109,24
2026-05-22T03:37:00+00:00,1.16109,1.16111,1.161085,1.161145,59
2026-05-22T03:38:00+00:00,1.161115,1.161135,1.1611,1.16115,37
2026-05-22T03:39:00+00:00,1.161135,1.16108,1.16107,1.161135,42
2026-05-22T03:40:00+00:00,1.16108,1.161125,1.16108,1.161135,84
2026-05-22T03:41:00+00:00,1.16112,1.161135,1.161105,1.161135,39
2026-05-22T03:42:00+00:00,1.16113,1.16114,1.161105,1.161145,66
2026-05-22T03:43:00+00:00,1.16114,1.161145,1.161125,1.161165,50
2026-05-22T03:44:00+00:00,1.161145,1.161155,1.161135,1.161165,38
2026-05-22T03:45:00+00:00,1.161155,1.161215,1.16114,1.161215,49
2026-05-22T03:46:00+00:00,1.16122,1.161205,1.161195,1.16123,34
2026-05-22T03:47:00+00:00,1.161205,1.161195,1.161195,1.161205,7
2026-05-22T03:48:00+00:00,1.161195,1.16116,1.16115,1.161195,16
2026-05-22T03:49:00+00:00,1.161155,1.161195,1.16115,1.161195,20
2026-05-22T03:50:00+00:00,1.161195,1.161155,1.16114,1.16121,33
2026-05-22T03:51:00+00:00,1.161155,1.161115,1.161095,1.161155,27
2026-05-22T03:52:00+00:00,1.161115,1.161115,1.161105,1.16112,20
2026-05-22T03:53:00+00:00,1.161115,1.16109,1.16109,1.16112,13
2026-05-22T03:54:00+00:00,1.16109,1.16111,1.16109,1.161135,23
2026-05-22T03:55:00+00:00,1.16111,1.161075,1.161075,1.16111,24
2026-05-22T03:56:00+00:00,1.161075,1.16111,1.161075,1.16111,37
2026-05-22T03:57:00+00:00,1.161105,1.16116,1.161105,1.161165,10
2026-05-22T03:58:00+00:00,1.16116,1.16118,1.161145,1.16121,47
2026-05-22T03:59:00+00:00,1.16118,1.1612,1.16117,1.16121,46
2026-05-22T04:00:00+00:00,1.161205,1.16115,1.161125,1.161225,63
2026-05-22T04:01:00+00:00,1.16115,1.161175,1.16115,1.16121,53
2026-05-22T04:02:00+00:00,1.161175,1.16116,1.16114,1.161195,42
2026-05-22T04:03:00+00:00,1.161165,1.16115,1.16115,1.161165,18
2026-05-22T04:04:00+00:00,1.16115,1.16118,1.161145,1.16118,12
2026-05-22T04:05:00+00:00,1.16118,1.16128,1.161155,1.16129,55
2026-05-22T04:06:00+00:00,1.16128,1.16135,1.16128,1.1614,69
2026-05-22T04:07:00+00:00,1.16135,1.161345,1.16134,1.161355,36
2026-05-22T04:08:00+00:00,1.16136,1.161395,1.16135,1.16141,23
2026-05-22T04:09:00+00:00,1.161405,1.16138,1.16138,1.16143,49
2026-05-22T04:10:00+00:00,1.16138,1.16137,1.16135,1.161405,52
2026-05-22T04:11:00+00:00,1.16137,1.16135,1.161345,1.16137,6
2026-05-22T04:12:00+00:00,1.16135,1.161405,1.16135,1.161405,22
2026-05-22T04:13:00+00:00,1.161405,1.1614,1.16139,1.161435,19
2026-05-22T04:14:00+00:00,1.1614,1.16141,1.16139,1.16142,26
2026-05-22T04:15:00+00:00,1.161415,1.16135,1.161345,1.161415,25
2026-05-22T04:16:00+00:00,1.16135,1.16136,1.161345,1.16136,5
2026-05-22T04:17:00+00:00,1.16137,1.161405,1.16137,1.161425,30
2026-05-22T04:18:00+00:00,1.1614,1.161495,1.1614,1.161505,48
2026-05-22T04:19:00+00:00,1.16149,1.161445,1.16144,1.161495,41
2026-05-22T04:20:00+00:00,1.16145,1.1614,1.1614,1.16145,23
2026-05-22T04:21:00+00:00,1.1614,1.16144,1.161385,1.16145,26
2026-05-22T04:22:00+00:00,1.16144,1.16145,1.161435,1.16145,37
2026-05-22T04:23:00+00:00,1.16145,1.161405,1.161385,1.161455,47
2026-05-22T04:24:00+00:00,1.161405,1.161395,1.16139,1.16141,46
2026-05-22T04:25:00+00:00,1.161395,1.1614,1.16139,1.16141,14
2026-05-22T04:26:00+00:00,1.161405,1.161355,1.16135,1.161405,19
2026-05-22T04:27:00+00:00,1.161355,1.161355,1.161325,1.161355,23
2026-05-22T04:28:00+00:00,1.161355,1.161355,1.161345,1.16136,11
2026-05-22T04:29:00+00:00,1.161355,1.16136,1.161345,1.16136,16
2026-05-22T04:30:00+00:00,1.16136,1.16135,1.161315,1.16136,28
2026-05-22T04:31:00+00:00,1.16135,1.161405,1.161345,1.161405,14
2026-05-22T04:32:00+00:00,1.161405,1.161395,1.16139,1.161405,2
2026-05-22T04:33:00+00:00,1.161395,1.161355,1.16135,1.16141,20
2026-05-22T04:34:00+00:00,1.16135,1.16135,1.161345,1.16136,20
2026-05-22T04:35:00+00:00,1.16135,1.16135,1.16134,1.161355,10
2026-05-22T04:36:00+00:00,1.161355,1.16131,1.16131,1.16136,13
2026-05-22T04:37:00+00:00,1.16131,1.161335,1.161305,1.161335,15
2026-05-22T04:38:00+00:00,1.161335,1.16135,1.161335,1.161365,32
2026-05-22T04:39:00+00:00,1.16135,1.161315,1.16131,1.16135,13
2026-05-22T04:40:00+00:00,1.161315,1.161335,1.161315,1.161345,31
2026-05-22T04:41:00+00:00,1.161335,1.16135,1.16133,1.16136,21
2026-05-22T04:42:00+00:00,1.161345,1.161315,1.16129,1.161345,35
2026-05-22T04:43:00+00:00,1.161315,1.161365,1.16131,1.161375,23
2026-05-22T04:44:00+00:00,1.161365,1.161345,1.161345,1.16138,42
2026-05-22T04:45:00+00:00,1.161345,1.161395,1.161335,1.161395,21
2026-05-22T04:46:00+00:00,1.161395,1.161385,1.161355,1.161395,23
2026-05-22T04:47:00+00:00,1.161385,1.161385,1.161385,1.161405,14
2026-05-22T04:48:00+00:00,1.161385,1.161395,1.16138,1.1614,18
2026-05-22T04:49:00+00:00,1.1614,1.16143,1.16139,1.161435,46
2026-05-22T04:50:00+00:00,1.16143,1.161465,1.16142,1.16147,21
2026-05-22T04:51:00+00:00,1.16146,1.161445,1.161445,1.16146,18
2026-05-22T04:52:00+00:00,1.16145,1.16145,1.16145,1.16146,12
2026-05-22T04:53:00+00:00,1.16145,1.16151,1.16145,1.16151,8
2026-05-22T04:54:00+00:00,1.16151,1.1615,1.16149,1.161525,18
2026-05-22T04:55:00+00:00,1.16149,1.16149,1.161475,1.16155,56
2026-05-22T04:56:00+00:00,1.16149,1.16154,1.161485,1.161545,39
2026-05-22T04:57:00+00:00,1.16154,1.16149,1.16148,1.16155,32
2026-05-22T04:58:00+00:00,1.16149,1.161515,1.161485,1.16152,29
2026-05-22T04:59:00+00:00,1.161515,1.161525,1.161515,1.161555,53
2026-05-22T05:00:00+00:00,1.16152,1.161595,1.16148,1.161605,133
2026-05-22T05:01:00+00:00,1.1616,1.16159,1.161585,1.161615,67
2026-05-22T05:02:00+00:00,1.161595,1.16154,1.16149,1.161595,84
2026-05-22T05:03:00+00:00,1.161545,1.161545,1.161525,1.16155,36
2026-05-22T05:04:00+00:00,1.16154,1.16156,1.16154,1.161605,94
2026-05-22T05:05:00+00:00,1.161555,1.16163,1.161555,1.16164,43
2026-05-22T05:06:00+00:00,1.161625,1.161655,1.161615,1.161675,24
2026-05-22T05:07:00+00:00,1.161655,1.161655,1.161645,1.16169,33
2026-05-22T05:08:00+00:00,1.161645,1.161595,1.161595,1.161645,25
2026-05-22T05:09:00+00:00,1.161585,1.161605,1.16157,1.16161,44
2026-05-22T05:10:00+00:00,1.161605,1.161575,1.161555,1.161625,36
2026-05-22T05:11:00+00:00,1.161575,1.161575,1.161555,1.1616,45
2026-05-22T05:12:00+00:00,1.161575,1.161545,1.161535,1.161575,20
2026-05-22T05:13:00+00:00,1.161545,1.16154,1.16154,1.161555,5
2026-05-22T05:14:00+00:00,1.161545,1.16151,1.16151,1.161545,21
2026-05-22T05:15:00+00:00,1.16151,1.16153,1.16151,1.16155,27
2026-05-22T05:16:00+00:00,1.16153,1.161505,1.161505,1.16155,18
2026-05-22T05:17:00+00:00,1.161505,1.161535,1.16149,1.16155,24
2026-05-22T05:18:00+00:00,1.161535,1.16153,1.16152,1.161545,36
2026-05-22T05:19:00+00:00,1.161525,1.16153,1.161495,1.16153,51
2026-05-22T05:20:00+00:00,1.161525,1.16147,1.161435,1.16153,65
2026-05-22T05:21:00+00:00,1.161475,1.161565,1.161475,1.161575,29
2026-05-22T05:22:00+00:00,1.161565,1.16155,1.16154,1.161565,17
2026-05-22T05:23:00+00:00,1.16155,1.161545,1.161515,1.16156,24
2026-05-22T05:24:00+00:00,1.161545,1.161505,1.161505,1.161545,18
2026-05-22T05:25:00+00:00,1.161505,1.16156,1.161505,1.16156,24
2026-05-22T05:26:00+00:00,1.161555,1.16155,1.16154,1.16156,32
2026-05-22T05:27:00+00:00,1.16155,1.16153,1.16152,1.16156,29
2026-05-22T05:28:00+00:00,1.16153,1.161515,1.161495,1.16154,28
2026-05-22T05:29:00+00:00,1.16151,1.16146,1.161455,1.16153,37
2026-05-22T05:30:00+00:00,1.161445,1.161515,1.161445,1.161525,56
2026-05-22T05:31:00+00:00,1.16152,1.16152,1.161505,1.16155,53
2026-05-22T05:32:00+00:00,1.16152,1.161515,1.161485,1.16154,48
2026-05-22T05:33:00+00:00,1.161515,1.16154,1.161495,1.16154,48
2026-05-22T05:34:00+00:00,1.16154,1.1615,1.1615,1.16154,6
2026-05-22T05:35:00+00:00,1.1615,1.1615,1.161495,1.1615,11
2026-05-22T05:36:00+00:00,1.1615,1.161535,1.161495,1.161545,15
2026-05-22T05:37:00+00:00,1.161535,1.161495,1.161495,1.16156,26
2026-05-22T05:38:00+00:00,1.161495,1.161445,1.161445,1.16154,43
2026-05-22T05:39:00+00:00,1.161445,1.16144,1.16144,1.16147,27
2026-05-22T05:40:00+00:00,1.16144,1.16144,1.16144,1.161455,27
2026-05-22T05:41:00+00:00,1.16144,1.161455,1.16144,1.161465,27
2026-05-22T05:42:00+00:00,1.161455,1.161395,1.16138,1.161455,38
2026-05-22T05:43:00+00:00,1.161395,1.16146,1.161395,1.16146,69
2026-05-22T05:44:00+00:00,1.161455,1.16148,1.161415,1.16148,50
2026-05-22T05:45:00+00:00,1.16147,1.161445,1.161405,1.16147,49
2026-05-22T05:46:00+00:00,1.161445,1.161445,1.161425,1.16146,19
2026-05-22T05:47:00+00:00,1.161445,1.16141,1.161395,1.16146,18
2026-05-22T05:48:00+00:00,1.161415,1.16151,1.16139,1.16154,35
2026-05-22T05:49:00+00:00,1.16151,1.161525,1.1615,1.161555,35
2026-05-22T05:50:00+00:00,1.161525,1.1615,1.16145,1.161525,32
2026-05-22T05:51:00+00:00,1.161505,1.16159,1.161495,1.161595,101
2026-05-22T05:52:00+00:00,1.161585,1.16167,1.16156,1.161695,81
2026-05-22T05:53:00+00:00,1.161675,1.1616,1.161565,1.1617,118
2026-05-22T05:54:00+00:00,1.161595,1.16151,1.1615,1.1616,84
2026-05-22T05:55:00+00:00,1.161505,1.16129,1.16124,1.16151,196
2026-05-22T05:56:00+00:00,1.161285,1.161085,1.161085,1.161355,114
2026-05-22T05:57:00+00:00,1.16109,1.16101,1.161005,1.1612,179
2026-05-22T05:58:00+00:00,1.161015,1.160865,1.16072,1.161015,208
2026-05-22T05:59:00+00:00,1.160875,1.160935,1.160875,1.161015,160
2026-05-22T06:00:00+00:00,1.16093,1.16104,1.160735,1.16104,291
2026-05-22T06:01:00+00:00,1.16104,1.161165,1.16101,1.161205,231
2026-05-22T06:02:00+00:00,1.16116,1.161125,1.16109,1.161165,144
2026-05-22T06:03:00+00:00,1.16113,1.161155,1.16113,1.161235,109
2026-05-22T06:04:00+00:00,1.161155,1.161115,1.16108,1.161205,91
2026-05-22T06:05:00+00:00,1.161115,1.161055,1.161045,1.16124,153
2026-05-22T06:06:00+00:00,1.16104,1.16141,1.161005,1.161455,223
2026-05-22T06:07:00+00:00,1.16141,1.161325,1.161295,1.161415,171
2026-05-22T06:08:00+00:00,1.161325,1.161385,1.161325,1.161435,138
2026-05-22T06:09:00+00:00,1.161385,1.16139,1.161325,1.161395,131
2026-05-22T06:10:00+00:00,1.161385,1.161275,1.16125,1.16139,113
2026-05-22T06:11:00+00:00,1.161275,1.161305,1.161245,1.161305,72
2026-05-22T06:12:00+00:00,1.161305,1.16139,1.161305,1.1614,47
2026-05-22T06:13:00+00:00,1.16139,1.161235,1.16123,1.1614,37
2026-05-22T06:14:00+00:00,1.16124,1.161255,1.16124,1.1613,64
2026-05-22T06:15:00+00:00,1.16125,1.16104,1.16102,1.16125,113
2026-05-22T06:16:00+00:00,1.161045,1.161005,1.160935,1.16105,114
2026-05-22T06:17:00+00:00,1.161,1.16104,1.160945,1.16109,127
2026-05-22T06:18:00+00:00,1.16104,1.1611,1.16104,1.161145,110
2026-05-22T06:19:00+00:00,1.16109,1.161165,1.161085,1.16117,90
2026-05-22T06:20:00+00:00,1.16115,1.161105,1.161085,1.16121,92
2026-05-22T06:21:00+00:00,1.16111,1.16119,1.1611,1.161265,96
2026-05-22T06:22:00+00:00,1.161185,1.16118,1.16112,1.16124,139
2026-05-22T06:23:00+00:00,1.161185,1.161185,1.16118,1.161255,107
2026-05-22T06:24:00+00:00,1.161185,1.161165,1.161135,1.161195,69
2026-05-22T06:25:00+00:00,1.16117,1.16109,1.16106,1.161255,129
2026-05-22T06:26:00+00:00,1.161095,1.161135,1.16105,1.16116,193
2026-05-22T06:27:00+00:00,1.161135,1.161195,1.161135,1.16125,117
2026-05-22T06:28:00+00:00,1.16119,1.16124,1.161185,1.161285,134
2026-05-22T06:29:00+00:00,1.161245,1.16123,1.16119,1.1613,153
2026-05-22T06:30:00+00:00,1.161235,1.16106,1.16106,1.16126,116
2026-05-22T06:31:00+00:00,1.161065,1.161035,1.16102,1.161115,79
2026-05-22T06:32:00+00:00,1.161035,1.16085,1.16085,1.16104,103
2026-05-22T06:33:00+00:00,1.160855,1.16088,1.160845,1.16093,65
2026-05-22T06:34:00+00:00,1.160875,1.160945,1.160875,1.160955,87
2026-05-22T06:35:00+00:00,1.16094,1.16091,1.16089,1.160985,91
2026-05-22T06:36:00+00:00,1.160915,1.160865,1.16083,1.16094,129
2026-05-22T06:37:00+00:00,1.160875,1.16084,1.1608,1.160885,71
2026-05-22T06:38:00+00:00,1.160835,1.160835,1.16078,1.160905,129
2026-05-22T06:39:00+00:00,1.16083,1.160615,1.16061,1.160835,126
2026-05-22T06:40:00+00:00,1.160625,1.160575,1.16053,1.16063,105
2026-05-22T06:41:00+00:00,1.16058,1.16066,1.16055,1.16066,113
2026-05-22T06:42:00+00:00,1.160655,1.1607,1.160615,1.160745,177
2026-05-22T06:43:00+00:00,1.160695,1.160655,1.16064,1.160695,66
2026-05-22T06:44:00+00:00,1.160655,1.160975,1.16065,1.16099,173
2026-05-22T06:45:00+00:00,1.16097,1.16085,1.160785,1.16098,80
2026-05-22T06:46:00+00:00,1.160845,1.160995,1.16084,1.161,88
2026-05-22T06:47:00+00:00,1.160995,1.160965,1.160935,1.161045,64
2026-05-22T06:48:00+00:00,1.160965,1.16104,1.160955,1.161065,117
2026-05-22T06:49:00+00:00,1.161045,1.160905,1.160905,1.161045,65
2026-05-22T06:50:00+00:00,1.16091,1.16089,1.160885,1.160935,46
2026-05-22T06:51:00+00:00,1.16089,1.160805,1.160805,1.160895,65
2026-05-22T06:52:00+00:00,1.160805,1.160765,1.16074,1.160815,51
2026-05-22T06:53:00+00:00,1.160765,1.16082,1.160685,1.16083,116
2026-05-22T06:54:00+00:00,1.16082,1.16066,1.16058,1.16085,113
2026-05-22T06:55:00+00:00,1.160665,1.16105,1.160665,1.161055,230
2026-05-22T06:56:00+00:00,1.161045,1.161035,1.161,1.1611,155
2026-05-22T06:57:00+00:00,1.161045,1.160995,1.16099,1.161075,69
2026-05-22T06:58:00+00:00,1.160995,1.160995,1.16095,1.161015,53
2026-05-22T06:59:00+00:00,1.160995,1.160985,1.160925,1.161015,106
2026-05-22T07:00:00+00:00,1.160985,1.160645,1.160575,1.160985,194
2026-05-22T07:01:00+00:00,1.160655,1.160555,1.16054,1.160665,106
2026-05-22T07:02:00+00:00,1.160555,1.160435,1.160385,1.160595,176
2026-05-22T07:03:00+00:00,1.160435,1.16055,1.16039,1.16056,109
2026-05-22T07:04:00+00:00,1.160545,1.16055,1.16048,1.16056,77
2026-05-22T07:05:00+00:00,1.160545,1.16045,1.160395,1.160565,173
2026-05-22T07:06:00+00:00,1.160445,1.160455,1.16041,1.160485,116
2026-05-22T07:07:00+00:00,1.16045,1.160345,1.160345,1.160515,104
2026-05-22T07:08:00+00:00,1.16035,1.160445,1.160345,1.160455,41
2026-05-22T07:09:00+00:00,1.160455,1.160475,1.160405,1.160515,79
2026-05-22T07:10:00+00:00,1.160465,1.160385,1.160385,1.160565,90
2026-05-22T07:11:00+00:00,1.160385,1.16041,1.16037,1.160435,85
2026-05-22T07:12:00+00:00,1.160415,1.16031,1.160275,1.160415,84
2026-05-22T07:13:00+00:00,1.16031,1.16027,1.16025,1.160345,67
2026-05-22T07:14:00+00:00,1.16027,1.160195,1.160125,1.160305,101
2026-05-22T07:15:00+00:00,1.1602,1.160455,1.16019,1.160455,97
2026-05-22T07:16:00+00:00,1.160455,1.160465,1.160365,1.160465,63
2026-05-22T07:17:00+00:00,1.16047,1.160495,1.160395,1.16051,80
2026-05-22T07:18:00+00:00,1.16049,1.16033,1.1603,1.16049,105
2026-05-22T07:19:00+00:00,1.160335,1.160355,1.160335,1.160395,57
2026-05-22T07:20:00+00:00,1.160345,1.160295,1.160275,1.160385,66
2026-05-22T07:21:00+00:00,1.160295,1.160445,1.160295,1.160445,69
2026-05-22T07:22:00+00:00,1.160445,1.16063,1.160445,1.16065,79
2026-05-22T07:23:00+00:00,1.16063,1.160645,1.160615,1.16072,100
2026-05-22T07:24:00+00:00,1.16065,1.16063,1.160615,1.160655,40
2026-05-22T07:25:00+00:00,1.160625,1.16062,1.160535,1.160625,61
2026-05-22T07:26:00+00:00,1.16062,1.1606,1.16059,1.160635,51
2026-05-22T07:27:00+00:00,1.160605,1.16063,1.1606,1.160655,40
2026-05-22T07:28:00+00:00,1.16062,1.1607,1.160555,1.1607,84
2026-05-22T07:29:00+00:00,1.160695,1.16085,1.160695,1.16086,104
2026-05-22T07:30:00+00:00,1.160845,1.1607,1.16066,1.16085,93
2026-05-22T07:31:00+00:00,1.1607,1.160615,1.160575,1.160705,134
2026-05-22T07:32:00+00:00,1.160615,1.16056,1.160545,1.16066,96
2026-05-22T07:33:00+00:00,1.16056,1.160705,1.160535,1.160705,177
2026-05-22T07:34:00+00:00,1.160715,1.16069,1.160635,1.160715,66
2026-05-22T07:35:00+00:00,1.16068,1.160695,1.16061,1.160765,105
2026-05-22T07:36:00+00:00,1.160695,1.160515,1.160465,1.160715,179
2026-05-22T07:37:00+00:00,1.160515,1.160675,1.160495,1.160695,81
2026-05-22T07:38:00+00:00,1.160665,1.160665,1.16065,1.16073,73
2026-05-22T07:39:00+00:00,1.160665,1.160545,1.160535,1.160665,96
2026-05-22T07:40:00+00:00,1.16055,1.160695,1.160535,1.160695,82
2026-05-22T07:41:00+00:00,1.160685,1.160615,1.160605,1.16071,89
2026-05-22T07:42:00+00:00,1.160615,1.160635,1.160595,1.16065,51
2026-05-22T07:43:00+00:00,1.160635,1.160645,1.16059,1.160695,79
2026-05-22T07:44:00+00:00,1.16065,1.16064,1.160615,1.160655,31
2026-05-22T07:45:00+00:00,1.160645,1.160585,1.16055,1.160645,75
2026-05-22T07:46:00+00:00,1.160585,1.16055,1.160525,1.160605,62
2026-05-22T07:47:00+00:00,1.16055,1.16061,1.160535,1.16065,75
2026-05-22T07:48:00+00:00,1.1606,1.160655,1.1606,1.160665,40
2026-05-22T07:49:00+00:00,1.160655,1.160665,1.1606,1.160665,35
2026-05-22T07:50:00+00:00,1.160665,1.160655,1.160595,1.160695,69
2026-05-22T07:51:00+00:00,1.160655,1.160645,1.16064,1.160695,53
2026-05-22T07:52:00+00:00,1.160645,1.160805,1.160645,1.160805,42
2026-05-22T07:53:00+00:00,1.160805,1.160655,1.160645,1.160805,76
2026-05-22T07:54:00+00:00,1.160655,1.160605,1.160605,1.160725,68
2026-05-22T07:55:00+00:00,1.1606,1.160675,1.160545,1.160685,72
2026-05-22T07:56:00+00:00,1.160675,1.16079,1.160645,1.16079,48
2026-05-22T07:57:00+00:00,1.160795,1.160895,1.160795,1.160955,132
2026-05-22T07:58:00+00:00,1.1609,1.160905,1.160875,1.160915,35
2026-05-22T07:59:00+00:00,1.160905,1.160845,1.16084,1.160905,43
2026-05-22T08:00:00+00:00,1.16084,1.16078,1.16078,1.160945,158
2026-05-22T08:01:00+00:00,1.160785,1.160835,1.160695,1.160845,52
2026-05-22T08:02:00+00:00,1.160835,1.16094,1.160825,1.160965,125
2026-05-22T08:03:00+00:00,1.160935,1.16104,1.16093,1.16106,69
2026-05-22T08:04:00+00:00,1.16104,1.160885,1.160875,1.16104,98
2026-05-22T08:05:00+00:00,1.16088,1.16075,1.160745,1.16091,83
2026-05-22T08:06:00+00:00,1.160755,1.160685,1.16067,1.160795,120
2026-05-22T08:07:00+00:00,1.16069,1.160655,1.160625,1.160765,160
2026-05-22T08:08:00+00:00,1.160655,1.16061,1.160605,1.160705,109
2026-05-22T08:09:00+00:00,1.16061,1.16066,1.16061,1.160785,91
2026-05-22T08:10:00+00:00,1.160665,1.160745,1.16061,1.160745,68
2026-05-22T08:11:00+00:00,1.160745,1.160755,1.16072,1.160785,36
2026-05-22T08:12:00+00:00,1.160755,1.160705,1.1607,1.160775,47
2026-05-22T08:13:00+00:00,1.160705,1.16064,1.16063,1.160735,44
2026-05-22T08:14:00+00:00,1.160635,1.160625,1.16059,1.16064,48
2026-05-22T08:15:00+00:00,1.160625,1.160825,1.160625,1.160865,155
2026-05-22T08:16:00+00:00,1.16083,1.16091,1.160765,1.160955,145
2026-05-22T08:17:00+00:00,1.160915,1.161035,1.1609,1.16104,109
2026-05-22T08:18:00+00:00,1.16104,1.161075,1.160975,1.161135,155
2026-05-22T08:19:00+00:00,1.161075,1.16119,1.161065,1.161195,186
2026-05-22T08:20:00+00:00,1.161185,1.16157,1.16117,1.16157,377
2026-05-22T08:21:00+00:00,1.16157,1.16122,1.16122,1.16159,383
2026-05-22T08:22:00+00:00,1.161215,1.16107,1.161025,1.161215,174
2026-05-22T08:23:00+00:00,1.16107,1.161045,1.160975,1.16108,84
2026-05-22T08:24:00+00:00,1.161045,1.161135,1.161045,1.16114,114
2026-05-22T08:25:00+00:00,1.16114,1.161175,1.161035,1.161215,132
2026-05-22T08:26:00+00:00,1.161175,1.16125,1.161125,1.161265,87
2026-05-22T08:27:00+00:00,1.16125,1.161095,1.161085,1.16125,86
2026-05-22T08:28:00+00:00,1.161085,1.161015,1.161015,1.161115,134
2026-05-22T08:29:00+00:00,1.16102,1.161135,1.16098,1.161135,150
2026-05-22T08:30:00+00:00,1.161135,1.161135,1.161075,1.161225,142
2026-05-22T08:31:00+00:00,1.161125,1.161125,1.161055,1.161135,76
2026-05-22T08:32:00+00:00,1.16113,1.160995,1.16099,1.16113,52
2026-05-22T08:33:00+00:00,1.160995,1.16093,1.16089,1.161,131
2026-05-22T08:34:00+00:00,1.160925,1.160735,1.1606,1.16093,185
2026-05-22T08:35:00+00:00,1.160725,1.1606,1.16033,1.160735,461
2026-05-22T08:36:00+00:00,1.160605,1.160745,1.1605,1.16075,218
2026-05-22T08:37:00+00:00,1.160755,1.160765,1.160705,1.16095,148
2026-05-22T08:38:00+00:00,1.16076,1.160885,1.16067,1.160955,295
2026-05-22T08:39:00+00:00,1.160885,1.160745,1.160725,1.16089,173
2026-05-22T08:40:00+00:00,1.160745,1.160805,1.160685,1.160855,147
2026-05-22T08:41:00+00:00,1.160795,1.160805,1.160725,1.160845,96
2026-05-22T08:42:00+00:00,1.160795,1.160835,1.160775,1.16089,116
2026-05-22T08:43:00+00:00,1.160845,1.16087,1.160835,1.160945,115
2026-05-22T08:44:00+00:00,1.160865,1.160735,1.16068,1.16089,104
2026-05-22T08:45:00+00:00,1.160735,1.16084,1.160725,1.160865,84
2026-05-22T08:46:00+00:00,1.160835,1.160855,1.160835,1.160895,52
2026-05-22T08:47:00+00:00,1.160855,1.1609,1.160835,1.160905,51
2026-05-22T08:48:00+00:00,1.1609,1.161005,1.1609,1.16103,85
2026-05-22T08:49:00+00:00,1.161005,1.160935,1.160885,1.161015,130
2026-05-22T08:50:00+00:00,1.160935,1.161,1.160825,1.161,91
2026-05-22T08:51:00+00:00,1.160995,1.16085,1.16085,1.161,91
2026-05-22T08:52:00+00:00,1.16085,1.16092,1.16072,1.16093,168
2026-05-22T08:53:00+00:00,1.16092,1.160755,1.160745,1.16094,164
2026-05-22T08:54:00+00:00,1.160765,1.16073,1.16071,1.16078,55
2026-05-22T08:55:00+00:00,1.16072,1.160715,1.160685,1.160765,98
2026-05-22T08:56:00+00:00,1.160715,1.16067,1.16064,1.16076,83
2026-05-22T08:57:00+00:00,1.16067,1.160635,1.1606,1.16071,78
2026-05-22T08:58:00+00:00,1.160635,1.16073,1.160635,1.16079,117
2026-05-22T08:59:00+00:00,1.160735,1.160785,1.16071,1.160795,116
2026-05-22T09:00:00+00:00,1.16079,1.160715,1.16064,1.160795,134
2026-05-22T09:01:00+00:00,1.160715,1.160655,1.160625,1.16079,109
2026-05-22T09:02:00+00:00,1.160655,1.16075,1.160645,1.1608,90
2026-05-22T09:03:00+00:00,1.160755,1.16065,1.160635,1.16077,87
2026-05-22T09:04:00+00:00,1.16065,1.160645,1.160625,1.16065,50
2026-05-22T09:05:00+00:00,1.160645,1.160645,1.16061,1.16066,90
2026-05-22T09:06:00+00:00,1.160655,1.160615,1.16057,1.16066,82
2026-05-22T09:07:00+00:00,1.160605,1.160515,1.160455,1.160645,127
2026-05-22T09:08:00+00:00,1.160515,1.160345,1.160345,1.160545,92
2026-05-22T09:09:00+00:00,1.160345,1.16035,1.160235,1.160355,132
2026-05-22T09:10:00+00:00,1.16035,1.160385,1.160295,1.160395,78
2026-05-22T09:11:00+00:00,1.160385,1.160245,1.16024,1.160385,53
2026-05-22T09:12:00+00:00,1.16024,1.16012,1.16009,1.16024,124
2026-05-22T09:13:00+00:00,1.16012,1.160085,1.160085,1.160165,53
2026-05-22T09:14:00+00:00,1.160085,1.15998,1.159935,1.1601,43
2026-05-22T09:15:00+00:00,1.15998,1.159865,1.159835,1.160015,92
2026-05-22T09:16:00+00:00,1.159865,1.159885,1.159855,1.15994,163
2026-05-22T09:17:00+00:00,1.159885,1.159625,1.159615,1.159895,116
2026-05-22T09:18:00+00:00,1.15962,1.15969,1.15961,1.15973,102
2026-05-22T09:19:00+00:00,1.1597,1.15979,1.1597,1.159815,75
2026-05-22T09:20:00+00:00,1.159785,1.15988,1.159785,1.159905,75
2026-05-22T09:21:00+00:00,1.15988,1.15991,1.159845,1.15991,102
2026-05-22T09:22:00+00:00,1.159905,1.15987,1.15985,1.159945,102
2026-05-22T09:23:00+00:00,1.159865,1.159895,1.15984,1.15991,159
2026-05-22T09:24:00+00:00,1.159895,1.1599,1.15986,1.159935,107
2026-05-22T09:25:00+00:00,1.159895,1.15986,1.159835,1.159925,121
2026-05-22T09:26:00+00:00,1.159865,1.159965,1.15984,1.15997,105
2026-05-22T09:27:00+00:00,1.15996,1.160035,1.15995,1.16005,95
2026-05-22T09:28:00+00:00,1.160045,1.16008,1.16003,1.160095,98
2026-05-22T09:29:00+00:00,1.16008,1.159935,1.159905,1.16008,52
2026-05-22T09:30:00+00:00,1.15994,1.15989,1.15986,1.15994,120
2026-05-22T09:31:00+00:00,1.1599,1.159935,1.15983,1.159935,106
2026-05-22T09:32:00+00:00,1.15994,1.160005,1.15994,1.16005,147
2026-05-22T09:33:00+00:00,1.160005,1.159965,1.159935,1.160005,96
2026-05-22T09:34:00+00:00,1.159965,1.159885,1.159835,1.159975,126
2026-05-22T09:35:00+00:00,1.159885,1.159895,1.159865,1.159955,88
2026-05-22T09:36:00+00:00,1.159895,1.159965,1.159895,1.159965,47
2026-05-22T09:37:00+00:00,1.159965,1.160045,1.159965,1.160045,70
2026-05-22T09:38:00+00:00,1.160045,1.16014,1.160025,1.160145,88
2026-05-22T09:39:00+00:00,1.16014,1.16031,1.16014,1.160325,159
2026-05-22T09:40:00+00:00,1.160305,1.16037,1.160285,1.160375,63
2026-05-22T09:41:00+00:00,1.160365,1.16038,1.16031,1.160405,65
2026-05-22T09:42:00+00:00,1.160385,1.16022,1.16021,1.160405,132
2026-05-22T09:43:00+00:00,1.16022,1.16018,1.160175,1.16022,75
2026-05-22T09:44:00+00:00,1.16018,1.16023,1.16017,1.16024,113
2026-05-22T09:45:00+00:00,1.160235,1.160265,1.160235,1.16029,69
2026-05-22T09:46:00+00:00,1.160265,1.160255,1.160235,1.160275,54
2026-05-22T09:47:00+00:00,1.16025,1.160315,1.160235,1.16032,76
2026-05-22T09:48:00+00:00,1.160315,1.16028,1.16028,1.16032,69
2026-05-22T09:49:00+00:00,1.160275,1.16038,1.160265,1.16041,73
2026-05-22T09:50:00+00:00,1.160385,1.160425,1.16038,1.16044,109
2026-05-22T09:51:00+00:00,1.16043,1.160485,1.160405,1.16049,68
2026-05-22T09:52:00+00:00,1.160485,1.1604,1.1604,1.160495,63
2026-05-22T09:53:00+00:00,1.160395,1.16049,1.160385,1.1605,77
2026-05-22T09:54:00+00:00,1.16049,1.160505,1.16049,1.160585,132
2026-05-22T09:55:00+00:00,1.160495,1.16054,1.160475,1.16056,131
2026-05-22T09:56:00+00:00,1.160535,1.16047,1.16046,1.16054,110
2026-05-22T09:57:00+00:00,1.160475,1.16045,1.160445,1.160495,102
2026-05-22T09:58:00+00:00,1.160445,1.160355,1.160345,1.16046,105
2026-05-22T09:59:00+00:00,1.16035,1.160415,1.160345,1.160415,75
2026-05-22T10:00:00+00:00,1.16044,1.160455,1.1604,1.160505,83
2026-05-22T10:01:00+00:00,1.160455,1.160345,1.160345,1.160465,64
2026-05-22T10:02:00+00:00,1.160335,1.160485,1.16028,1.1605,87
2026-05-22T10:03:00+00:00,1.160475,1.160415,1.16041,1.160485,52
2026-05-22T10:04:00+00:00,1.16041,1.16041,1.16038,1.16044,64
2026-05-22T10:05:00+00:00,1.160405,1.1605,1.160405,1.160535,55
2026-05-22T10:06:00+00:00,1.160505,1.160555,1.1605,1.160555,27
2026-05-22T10:07:00+00:00,1.160555,1.160545,1.160535,1.1606,53
2026-05-22T10:08:00+00:00,1.16055,1.16063,1.16054,1.16065,54
2026-05-22T10:09:00+00:00,1.16063,1.160645,1.16063,1.16068,39
2026-05-22T10:10:00+00:00,1.160645,1.16066,1.160645,1.160675,42
2026-05-22T10:11:00+00:00,1.16066,1.16069,1.16065,1.16069,40
2026-05-22T10:12:00+00:00,1.16068,1.160775,1.16067,1.160775,88
2026-05-22T10:13:00+00:00,1.160775,1.160655,1.160655,1.160785,64
2026-05-22T10:14:00+00:00,1.16065,1.160365,1.16036,1.16065,133
2026-05-22T10:15:00+00:00,1.160355,1.160365,1.160325,1.160375,77
2026-05-22T10:16:00+00:00,1.160365,1.160365,1.160345,1.16038,35
2026-05-22T10:17:00+00:00,1.160375,1.16046,1.160375,1.160475,37
2026-05-22T10:18:00+00:00,1.16046,1.160585,1.16046,1.16059,53
2026-05-22T10:19:00+00:00,1.160585,1.160475,1.160465,1.160585,37
2026-05-22T10:20:00+00:00,1.160485,1.160285,1.160285,1.160515,76
2026-05-22T10:21:00+00:00,1.16029,1.160355,1.16029,1.160365,61
2026-05-22T10:22:00+00:00,1.160355,1.16024,1.160235,1.16038,84
2026-05-22T10:23:00+00:00,1.160245,1.160225,1.160195,1.16025,25
2026-05-22T10:24:00+00:00,1.16022,1.160275,1.16019,1.1603,73
2026-05-22T10:25:00+00:00,1.160275,1.16024,1.160225,1.160275,49
2026-05-22T10:26:00+00:00,1.16024,1.16021,1.16019,1.16024,52
2026-05-22T10:27:00+00:00,1.16021,1.160225,1.160195,1.160235,29
2026-05-22T10:28:00+00:00,1.160225,1.160185,1.16018,1.160225,49
2026-05-22T10:29:00+00:00,1.160185,1.16003,1.160025,1.160185,79
2026-05-22T10:30:00+00:00,1.160025,1.160065,1.160015,1.160135,134
2026-05-22T10:31:00+00:00,1.160055,1.15997,1.159915,1.160055,113
2026-05-22T10:32:00+00:00,1.159965,1.15994,1.159865,1.160005,111
2026-05-22T10:33:00+00:00,1.159935,1.159895,1.159885,1.159975,103
2026-05-22T10:34:00+00:00,1.1599,1.15979,1.15976,1.1599,125
2026-05-22T10:35:00+00:00,1.159795,1.159865,1.15973,1.159895,125
2026-05-22T10:36:00+00:00,1.159865,1.15982,1.15981,1.15989,109
2026-05-22T10:37:00+00:00,1.15982,1.159865,1.159785,1.15993,114
2026-05-22T10:38:00+00:00,1.159865,1.15986,1.159845,1.159925,77
2026-05-22T10:39:00+00:00,1.15986,1.159955,1.159845,1.159955,76
2026-05-22T10:40:00+00:00,1.159945,1.159945,1.159925,1.159975,38
2026-05-22T10:41:00+00:00,1.159945,1.159935,1.15989,1.159985,62
2026-05-22T10:42:00+00:00,1.159945,1.159855,1.159845,1.15996,81
2026-05-22T10:43:00+00:00,1.15986,1.159865,1.15983,1.159875,57
2026-05-22T10:44:00+00:00,1.159865,1.15985,1.15985,1.15988,34
2026-05-22T10:45:00+00:00,1.159855,1.159895,1.159825,1.159895,70
2026-05-22T10:46:00+00:00,1.15989,1.15985,1.15984,1.159955,77
2026-05-22T10:47:00+00:00,1.15985,1.159785,1.15977,1.159855,46
2026-05-22T10:48:00+00:00,1.159785,1.159705,1.159685,1.159785,86
2026-05-22T10:49:00+00:00,1.159705,1.159575,1.159535,1.159705,134
2026-05-22T10:50:00+00:00,1.15958,1.15961,1.159535,1.159625,140
2026-05-22T10:51:00+00:00,1.15961,1.159635,1.159605,1.15966,96
2026-05-22T10:52:00+00:00,1.15964,1.15959,1.159585,1.159705,95
2026-05-22T10:53:00+00:00,1.159595,1.15964,1.15959,1.15967,116
2026-05-22T10:54:00+00:00,1.159645,1.159635,1.15962,1.159645,53
2026-05-22T10:55:00+00:00,1.159635,1.159545,1.159525,1.159635,183
2026-05-22T10:56:00+00:00,1.15955,1.159535,1.15953,1.159585,107
2026-05-22T10:57:00+00:00,1.15954,1.1596,1.15954,1.15965,101
2026-05-22T10:58:00+00:00,1.159605,1.15963,1.15958,1.159645,134
2026-05-22T10:59:00+00:00,1.159635,1.15974,1.159635,1.159745,150
2026-05-22T11:00:00+00:00,1.159745,1.159595,1.159575,1.159775,231
2026-05-22T11:01:00+00:00,1.1596,1.159455,1.159455,1.159615,106
2026-05-22T11:02:00+00:00,1.15945,1.159445,1.159365,1.159465,101
2026-05-22T11:03:00+00:00,1.159445,1.159455,1.15943,1.15949,118
2026-05-22T11:04:00+00:00,1.159455,1.15949,1.15939,1.15949,129
2026-05-22T11:05:00+00:00,1.159485,1.159555,1.159465,1.159585,167
2026-05-22T11:06:00+00:00,1.15955,1.15959,1.15955,1.159605,66
2026-05-22T11:07:00+00:00,1.159595,1.15948,1.15947,1.1596,146
2026-05-22T11:08:00+00:00,1.15948,1.159485,1.159455,1.15964,74
2026-05-22T11:09:00+00:00,1.159485,1.159395,1.159395,1.159545,60
2026-05-22T11:10:00+00:00,1.1594,1.159395,1.159345,1.15943,62
2026-05-22T11:11:00+00:00,1.159395,1.15939,1.159365,1.159415,68
2026-05-22T11:12:00+00:00,1.15939,1.159405,1.159375,1.159425,57
2026-05-22T11:13:00+00:00,1.159405,1.15941,1.159375,1.159425,43
2026-05-22T11:14:00+00:00,1.15941,1.15955,1.15941,1.15955,80
2026-05-22T11:15:00+00:00,1.159545,1.15959,1.1595,1.15966,95
2026-05-22T11:16:00+00:00,1.15959,1.1595,1.159495,1.15959,76
2026-05-22T11:17:00+00:00,1.159495,1.159505,1.159475,1.159515,26
2026-05-22T11:18:00+00:00,1.159495,1.159465,1.15945,1.159525,28
2026-05-22T11:19:00+00:00,1.159465,1.159445,1.15942,1.159485,36
2026-05-22T11:20:00+00:00,1.15945,1.159545,1.15944,1.159565,59
2026-05-22T11:21:00+00:00,1.159545,1.159515,1.159485,1.159545,55
2026-05-22T11:22:00+00:00,1.15951,1.159435,1.159395,1.159525,44
2026-05-22T11:23:00+00:00,1.159425,1.159435,1.159385,1.159455,66
2026-05-22T11:24:00+00:00,1.15944,1.15954,1.15944,1.15955,76
2026-05-22T11:25:00+00:00,1.159545,1.159535,1.159515,1.159555,37
2026-05-22T11:26:00+00:00,1.159535,1.159655,1.159535,1.1597,60
2026-05-22T11:27:00+00:00,1.15966,1.159625,1.159615,1.159665,38
2026-05-22T11:28:00+00:00,1.15963,1.159405,1.159375,1.159635,103
2026-05-22T11:29:00+00:00,1.159405,1.159395,1.159375,1.159415,48
2026-05-22T11:30:00+00:00,1.1594,1.159365,1.159345,1.159415,48
2026-05-22T11:31:00+00:00,1.15937,1.159375,1.159345,1.15939,60
2026-05-22T11:32:00+00:00,1.159365,1.159495,1.159365,1.159495,76
2026-05-22T11:33:00+00:00,1.159495,1.15955,1.159495,1.15956,56
2026-05-22T11:34:00+00:00,1.159555,1.15959,1.159525,1.15959,31
2026-05-22T11:35:00+00:00,1.159585,1.159635,1.159565,1.159675,55
2026-05-22T11:36:00+00:00,1.15964,1.159775,1.159625,1.159795,86
2026-05-22T11:37:00+00:00,1.159775,1.159725,1.159725,1.159795,43
2026-05-22T11:38:00+00:00,1.159725,1.159695,1.15964,1.159755,61
2026-05-22T11:39:00+00:00,1.159695,1.159715,1.15968,1.159755,92
2026-05-22T11:40:00+00:00,1.15971,1.15964,1.15962,1.15971,53
2026-05-22T11:41:00+00:00,1.15964,1.15963,1.15958,1.159655,39
2026-05-22T11:42:00+00:00,1.15963,1.15961,1.15958,1.159655,54
2026-05-22T11:43:00+00:00,1.15961,1.15972,1.15961,1.15975,48
2026-05-22T11:44:00+00:00,1.15972,1.15981,1.15972,1.15988,94
2026-05-22T11:45:00+00:00,1.159805,1.159785,1.15976,1.159885,75
2026-05-22T11:46:00+00:00,1.159785,1.159775,1.15976,1.159825,90
2026-05-22T11:47:00+00:00,1.159775,1.160075,1.159765,1.160175,333
2026-05-22T11:48:00+00:00,1.16008,1.16013,1.16003,1.160215,193
2026-05-22T11:49:00+00:00,1.160125,1.160045,1.159995,1.160135,151
2026-05-22T11:50:00+00:00,1.16005,1.159815,1.15981,1.16009,155
2026-05-22T11:51:00+00:00,1.15981,1.15981,1.159775,1.15992,118
2026-05-22T11:52:00+00:00,1.159815,1.159785,1.159725,1.15985,104
2026-05-22T11:53:00+00:00,1.159765,1.159785,1.159755,1.15982,127
2026-05-22T11:54:00+00:00,1.159785,1.15967,1.159665,1.159785,113
2026-05-22T11:55:00+00:00,1.159665,1.15971,1.15961,1.15972,234
2026-05-22T11:56:00+00:00,1.159695,1.159825,1.159695,1.159875,178
2026-05-22T11:57:00+00:00,1.159825,1.159725,1.15965,1.159855,150
2026-05-22T11:58:00+00:00,1.159735,1.159625,1.159615,1.159745,108
2026-05-22T11:59:00+00:00,1.159615,1.15965,1.159555,1.159675,117
2026-05-22T12:00:00+00:00,1.159645,1.159605,1.15958,1.159715,243
2026-05-22T12:01:00+00:00,1.1596,1.159705,1.159515,1.159705,150
2026-05-22T12:02:00+00:00,1.159705,1.159815,1.15969,1.159855,134
2026-05-22T12:03:00+00:00,1.15981,1.159525,1.159525,1.15981,269
2026-05-22T12:04:00+00:00,1.159525,1.1595,1.15949,1.159555,104
2026-05-22T12:05:00+00:00,1.159485,1.159615,1.159455,1.159655,102
2026-05-22T12:06:00+00:00,1.159645,1.159695,1.15961,1.1597,103
2026-05-22T12:07:00+00:00,1.159695,1.159505,1.159495,1.159705,109
2026-05-22T12:08:00+00:00,1.159505,1.159595,1.159505,1.159605,108
2026-05-22T12:09:00+00:00,1.15959,1.15955,1.159545,1.15964,93
2026-05-22T12:10:00+00:00,1.159555,1.1596,1.159545,1.1596,69
2026-05-22T12:11:00+00:00,1.1596,1.159635,1.1596,1.159655,51
2026-05-22T12:12:00+00:00,1.159635,1.16025,1.159635,1.160685,1057
2026-05-22T12:13:00+00:00,1.160245,1.16051,1.160195,1.16053,704
2026-05-22T12:14:00+00:00,1.160515,1.160465,1.16017,1.16059,589
2026-05-22T12:15:00+00:00,1.16047,1.16056,1.16037,1.160575,329
2026-05-22T12:16:00+00:00,1.16057,1.160555,1.160485,1.160705,440
2026-05-22T12:17:00+00:00,1.16056,1.16036,1.160325,1.1606,414
2026-05-22T12:18:00+00:00,1.160355,1.160385,1.16024,1.16039,174
2026-05-22T12:19:00+00:00,1.16038,1.16048,1.160335,1.16071,372
2026-05-22T12:20:00+00:00,1.160475,1.160235,1.160195,1.160475,241
2026-05-22T12:21:00+00:00,1.160235,1.160095,1.160045,1.160235,179
2026-05-22T12:22:00+00:00,1.160095,1.159945,1.1599,1.16014,303
2026-05-22T12:23:00+00:00,1.159945,1.16007,1.15988,1.16009,171
2026-05-22T12:24:00+00:00,1.160065,1.16022,1.16005,1.16023,160
2026-05-22T12:25:00+00:00,1.160225,1.160205,1.160115,1.16025,186
2026-05-22T12:26:00+00:00,1.160205,1.159985,1.159945,1.160235,121
2026-05-22T12:27:00+00:00,1.159975,1.159665,1.159655,1.15999,175
2026-05-22T12:28:00+00:00,1.159665,1.159785,1.159665,1.159805,76
2026-05-22T12:29:00+00:00,1.159785,1.159855,1.159745,1.159875,69
2026-05-22T12:30:00+00:00,1.159855,1.15995,1.159845,1.15997,126
2026-05-22T12:31:00+00:00,1.159955,1.1599,1.159895,1.160045,109
2026-05-22T12:32:00+00:00,1.1599,1.15985,1.15984,1.15995,154
2026-05-22T12:33:00+00:00,1.159845,1.159915,1.159815,1.15996,165
2026-05-22T12:34:00+00:00,1.159905,1.159955,1.159815,1.159965,174
2026-05-22T12:35:00+00:00,1.159945,1.15995,1.159905,1.160005,101
2026-05-22T12:36:00+00:00,1.159955,1.15996,1.159835,1.15996,149
2026-05-22T12:37:00+00:00,1.159955,1.159915,1.1599,1.159965,100
2026-05-22T12:38:00+00:00,1.159925,1.159955,1.159925,1.159965,44
2026-05-22T12:39:00+00:00,1.15995,1.160095,1.159925,1.160115,108
2026-05-22T12:40:00+00:00,1.16011,1.16006,1.16001,1.16011,171
2026-05-22T12:41:00+00:00,1.160055,1.160055,1.160035,1.160105,120
2026-05-22T12:42:00+00:00,1.16005,1.15988,1.15985,1.16006,105
2026-05-22T12:43:00+00:00,1.15989,1.159905,1.159775,1.159975,133
2026-05-22T12:44:00+00:00,1.159915,1.16001,1.159905,1.160015,57
2026-05-22T12:45:00+00:00,1.16001,1.160205,1.16001,1.160245,88
2026-05-22T12:46:00+00:00,1.160205,1.16022,1.160145,1.160245,82
2026-05-22T12:47:00+00:00,1.160215,1.16017,1.160165,1.16032,113
2026-05-22T12:48:00+00:00,1.160165,1.160365,1.160165,1.160365,89
2026-05-22T12:49:00+00:00,1.160365,1.16025,1.16023,1.160395,77
2026-05-22T12:50:00+00:00,1.160255,1.16011,1.1601,1.160255,55
2026-05-22T12:51:00+00:00,1.16011,1.160105,1.16009,1.160155,71
2026-05-22T12:52:00+00:00,1.160105,1.16018,1.160085,1.16019,58
2026-05-22T12:53:00+00:00,1.160175,1.160205,1.16014,1.16023,91
2026-05-22T12:54:00+00:00,1.1602,1.16022,1.16013,1.16024,121
2026-05-22T12:55:00+00:00,1.160215,1.160165,1.160155,1.160255,74
2026-05-22T12:56:00+00:00,1.16017,1.160245,1.16016,1.16026,99
2026-05-22T12:57:00+00:00,1.16025,1.160235,1.160205,1.160305,103
2026-05-22T12:58:00+00:00,1.160235,1.16029,1.160155,1.16029,96
2026-05-22T12:59:00+00:00,1.160295,1.160425,1.160195,1.160495,137
2026-05-22T13:00:00+00:00,1.160435,1.16049,1.1604,1.160525,392
2026-05-22T13:01:00+00:00,1.160485,1.160565,1.160485,1.16063,191
2026-05-22T13:02:00+00:00,1.160565,1.160495,1.160415,1.160595,161
2026-05-22T13:03:00+00:00,1.1605,1.160745,1.160495,1.160755,131
2026-05-22T13:04:00+00:00,1.16075,1.160455,1.1604,1.160785,229
2026-05-22T13:05:00+00:00,1.16045,1.160495,1.16045,1.160595,202
2026-05-22T13:06:00+00:00,1.160495,1.160425,1.160395,1.160545,143
2026-05-22T13:07:00+00:00,1.16043,1.160735,1.16043,1.160755,166
2026-05-22T13:08:00+00:00,1.160725,1.160865,1.16069,1.160865,115
2026-05-22T13:09:00+00:00,1.160845,1.16148,1.1608,1.161615,622
2026-05-22T13:10:00+00:00,1.161465,1.16141,1.16111,1.161495,676
2026-05-22T13:11:00+00:00,1.161405,1.16176,1.161385,1.16184,570
2026-05-22T13:12:00+00:00,1.161765,1.161485,1.161485,1.161845,376
2026-05-22T13:13:00+00:00,1.16148,1.161295,1.161275,1.16163,444
2026-05-22T13:14:00+00:00,1.1613,1.161295,1.16116,1.161335,302
2026-05-22T13:15:00+00:00,1.161295,1.161295,1.161185,1.16139,254
2026-05-22T13:16:00+00:00,1.1613,1.16129,1.161225,1.16141,168
2026-05-22T13:17:00+00:00,1.16129,1.161115,1.1611,1.161345,125
2026-05-22T13:18:00+00:00,1.161125,1.161215,1.161125,1.161375,119
2026-05-22T13:19:00+00:00,1.16121,1.16125,1.161035,1.16132,460
2026-05-22T13:20:00+00:00,1.161255,1.161005,1.161005,1.16127,201
2026-05-22T13:21:00+00:00,1.161005,1.160825,1.16082,1.161005,152
2026-05-22T13:22:00+00:00,1.160835,1.16093,1.160785,1.16093,119
2026-05-22T13:23:00+00:00,1.16093,1.16092,1.160835,1.16093,91
2026-05-22T13:24:00+00:00,1.160915,1.1609,1.16086,1.160915,40
2026-05-22T13:25:00+00:00,1.16091,1.160945,1.16086,1.16099,87
2026-05-22T13:26:00+00:00,1.160945,1.161045,1.16094,1.161045,117
2026-05-22T13:27:00+00:00,1.161035,1.161095,1.160975,1.161105,158
2026-05-22T13:28:00+00:00,1.16106,1.161155,1.161045,1.161155,40
2026-05-22T13:29:00+00:00,1.161165,1.16111,1.16109,1.16119,105
2026-05-22T13:30:00+00:00,1.16112,1.161035,1.161015,1.161125,251
2026-05-22T13:31:00+00:00,1.161055,1.16114,1.16104,1.161165,200
2026-05-22T13:32:00+00:00,1.161145,1.16102,1.16102,1.16116,195
2026-05-22T13:33:00+00:00,1.16102,1.16064,1.160635,1.161105,397
2026-05-22T13:34:00+00:00,1.160635,1.160845,1.160635,1.160845,214
2026-05-22T13:35:00+00:00,1.16082,1.16093,1.160815,1.1611,237
2026-05-22T13:36:00+00:00,1.160925,1.160905,1.16089,1.161045,275
2026-05-22T13:37:00+00:00,1.16091,1.160805,1.160685,1.160935,197
2026-05-22T13:38:00+00:00,1.160815,1.160645,1.160635,1.160875,269
2026-05-22T13:39:00+00:00,1.160645,1.160695,1.160585,1.1607,182
2026-05-22T13:40:00+00:00,1.160695,1.1606,1.160425,1.16086,300
2026-05-22T13:41:00+00:00,1.160595,1.160725,1.160555,1.160765,236
2026-05-22T13:42:00+00:00,1.160725,1.16041,1.160265,1.160755,417
2026-05-22T13:43:00+00:00,1.160425,1.160525,1.1603,1.160555,307
2026-05-22T13:44:00+00:00,1.160525,1.16042,1.16041,1.160525,124
2026-05-22T13:45:00+00:00,1.160415,1.160435,1.160395,1.160535,122
2026-05-22T13:46:00+00:00,1.160435,1.16038,1.160365,1.160475,117
2026-05-22T13:47:00+00:00,1.160375,1.16028,1.160275,1.16043,67
2026-05-22T13:48:00+00:00,1.16027,1.160125,1.160045,1.16027,167
2026-05-22T13:49:00+00:00,1.16013,1.160045,1.160035,1.16019,136
2026-05-22T13:50:00+00:00,1.16005,1.16007,1.15994,1.16008,173
2026-05-22T13:51:00+00:00,1.160075,1.160365,1.16004,1.160425,354
2026-05-22T13:52:00+00:00,1.16037,1.160445,1.160315,1.16045,166
2026-05-22T13:53:00+00:00,1.16043,1.160465,1.160395,1.160545,138
2026-05-22T13:54:00+00:00,1.160465,1.16055,1.160435,1.16055,108
2026-05-22T13:55:00+00:00,1.160555,1.160425,1.16041,1.16057,172
2026-05-22T13:56:00+00:00,1.160425,1.160435,1.160425,1.160495,98
2026-05-22T13:57:00+00:00,1.160435,1.16042,1.160385,1.16058,148
2026-05-22T13:58:00+00:00,1.160415,1.160415,1.160385,1.160465,123
2026-05-22T13:59:00+00:00,1.16041,1.160375,1.160345,1.16042,195
2026-05-22T14:00:00+00:00,1.160385,1.15942,1.15942,1.160395,557
2026-05-22T14:01:00+00:00,1.159415,1.159375,1.159225,1.15963,481
2026-05-22T14:02:00+00:00,1.15937,1.159125,1.159085,1.159465,440
2026-05-22T14:03:00+00:00,1.15913,1.159115,1.15892,1.15917,421
2026-05-22T14:04:00+00:00,1.1591,1.15925,1.159025,1.159305,444
2026-05-22T14:05:00+00:00,1.159255,1.159185,1.15916,1.15936,188
2026-05-22T14:06:00+00:00,1.159185,1.15903,1.15897,1.159235,277
2026-05-22T14:07:00+00:00,1.159025,1.159285,1.159025,1.159285,232
2026-05-22T14:08:00+00:00,1.159285,1.1592,1.15918,1.15939,219
2026-05-22T14:09:00+00:00,1.159195,1.15956,1.159135,1.15956,236
2026-05-22T14:10:00+00:00,1.159555,1.1596,1.15951,1.15969,207
2026-05-22T14:11:00+00:00,1.1596,1.159445,1.159405,1.1596,175
2026-05-22T14:12:00+00:00,1.159445,1.15929,1.15929,1.15948,192
2026-05-22T14:13:00+00:00,1.159285,1.159035,1.158915,1.159285,320
2026-05-22T14:14:00+00:00,1.159055,1.158995,1.15894,1.159155,178
2026-05-22T14:15:00+00:00,1.15899,1.159,1.158945,1.159145,178
2026-05-22T14:16:00+00:00,1.159005,1.15894,1.158935,1.159095,247
2026-05-22T14:17:00+00:00,1.158945,1.15887,1.15883,1.15904,239
2026-05-22T14:18:00+00:00,1.158865,1.159035,1.158845,1.159045,236
2026-05-22T14:19:00+00:00,1.159035,1.15904,1.158955,1.15905,135
2026-05-22T14:20:00+00:00,1.15906,1.159125,1.159015,1.159175,124
2026-05-22T14:21:00+00:00,1.159125,1.159015,1.158995,1.159125,121
2026-05-22T14:22:00+00:00,1.159015,1.159045,1.158985,1.159055,106
2026-05-22T14:23:00+00:00,1.159045,1.159095,1.159045,1.159205,188
2026-05-22T14:24:00+00:00,1.159095,1.159255,1.159065,1.159275,107
2026-05-22T14:25:00+00:00,1.159265,1.1595,1.159235,1.159505,143
2026-05-22T14:26:00+00:00,1.1595,1.159535,1.15949,1.159585,93
2026-05-22T14:27:00+00:00,1.159545,1.15955,1.159505,1.159595,140
2026-05-22T14:28:00+00:00,1.159555,1.159515,1.15944,1.159555,172
2026-05-22T14:29:00+00:00,1.159525,1.15967,1.159525,1.15967,165
2026-05-22T14:30:00+00:00,1.15966,1.15977,1.15955,1.159795,250
2026-05-22T14:31:00+00:00,1.159775,1.159955,1.15975,1.15996,262
2026-05-22T14:32:00+00:00,1.15995,1.16003,1.159915,1.16008,334
2026-05-22T14:33:00+00:00,1.160035,1.16009,1.15994,1.16011,203
2026-05-22T14:34:00+00:00,1.16009,1.160045,1.160045,1.160185,224
2026-05-22T14:35:00+00:00,1.16004,1.159945,1.159895,1.160085,133
2026-05-22T14:36:00+00:00,1.159945,1.159875,1.159785,1.159975,218
2026-05-22T14:37:00+00:00,1.159885,1.159905,1.159825,1.159945,87
2026-05-22T14:38:00+00:00,1.1599,1.159945,1.159825,1.15995,94
2026-05-22T14:39:00+00:00,1.159945,1.159665,1.159635,1.159945,188
2026-05-22T14:40:00+00:00,1.159665,1.159865,1.159655,1.159895,214
2026-05-22T14:41:00+00:00,1.15987,1.159885,1.15979,1.15991,149
2026-05-22T14:42:00+00:00,1.15987,1.160095,1.159805,1.160115,179
2026-05-22T14:43:00+00:00,1.16009,1.15994,1.15994,1.16011,99
2026-05-22T14:44:00+00:00,1.15995,1.16008,1.15994,1.160155,175
2026-05-22T14:45:00+00:00,1.160085,1.160195,1.16008,1.160235,240
2026-05-22T14:46:00+00:00,1.160195,1.160105,1.160085,1.160215,116
2026-05-22T14:47:00+00:00,1.16012,1.160085,1.160045,1.160215,161
2026-05-22T14:48:00+00:00,1.160095,1.15988,1.159875,1.160095,137
2026-05-22T14:49:00+00:00,1.159875,1.159645,1.159645,1.159955,168
2026-05-22T14:50:00+00:00,1.159645,1.15955,1.159485,1.15966,229
2026-05-22T14:51:00+00:00,1.159545,1.15956,1.159535,1.15968,237
2026-05-22T14:52:00+00:00,1.15956,1.159635,1.159525,1.15968,156
2026-05-22T14:53:00+00:00,1.159635,1.159865,1.159615,1.159865,137
2026-05-22T14:54:00+00:00,1.15987,1.159845,1.15983,1.15989,137
2026-05-22T14:55:00+00:00,1.15984,1.159915,1.15973,1.159975,216
2026-05-22T14:56:00+00:00,1.159915,1.159905,1.159875,1.159995,164
2026-05-22T14:57:00+00:00,1.1599,1.159945,1.159755,1.15998,185
2026-05-22T14:58:00+00:00,1.15994,1.159845,1.159825,1.159945,126
2026-05-22T14:59:00+00:00,1.15985,1.15978,1.159745,1.15985,133
2026-05-22T15:00:00+00:00,1.159775,1.15969,1.159585,1.15978,162
2026-05-22T15:01:00+00:00,1.159685,1.159835,1.15968,1.159915,258
2026-05-22T15:02:00+00:00,1.159835,1.159885,1.159785,1.159945,183
2026-05-22T15:03:00+00:00,1.15988,1.15979,1.15973,1.15997,205
2026-05-22T15:04:00+00:00,1.159795,1.160115,1.159785,1.16013,199
2026-05-22T15:05:00+00:00,1.160115,1.160425,1.160075,1.160445,193
2026-05-22T15:06:00+00:00,1.16042,1.1602,1.16018,1.16049,220
2026-05-22T15:07:00+00:00,1.160205,1.16048,1.160205,1.16048,267
2026-05-22T15:08:00+00:00,1.16048,1.160125,1.160085,1.16048,158
2026-05-22T15:09:00+00:00,1.160125,1.160135,1.160015,1.16014,156
2026-05-22T15:10:00+00:00,1.160135,1.160185,1.1601,1.160195,136
2026-05-22T15:11:00+00:00,1.16019,1.16024,1.160055,1.160255,127
2026-05-22T15:12:00+00:00,1.160235,1.160175,1.160165,1.160295,115
2026-05-22T15:13:00+00:00,1.160175,1.160315,1.160175,1.160325,142
2026-05-22T15:14:00+00:00,1.160315,1.160345,1.160245,1.16035,103
2026-05-22T15:15:00+00:00,1.160355,1.16048,1.16029,1.160495,108
2026-05-22T15:16:00+00:00,1.16048,1.160345,1.1603,1.16056,195
2026-05-22T15:17:00+00:00,1.16034,1.16029,1.16028,1.160345,158
2026-05-22T15:18:00+00:00,1.160285,1.16029,1.160275,1.160335,90
2026-05-22T15:19:00+00:00,1.160285,1.160235,1.160225,1.16036,97
2026-05-22T15:20:00+00:00,1.160235,1.160155,1.160105,1.160235,131
2026-05-22T15:21:00+00:00,1.160145,1.16012,1.160055,1.16019,116
2026-05-22T15:22:00+00:00,1.16011,1.160085,1.16002,1.16011,119
2026-05-22T15:23:00+00:00,1.160075,1.160075,1.160055,1.16013,104
2026-05-22T15:24:00+00:00,1.160075,1.16003,1.159995,1.16013,124
2026-05-22T15:25:00+00:00,1.16001,1.160135,1.15994,1.160135,126
2026-05-22T15:26:00+00:00,1.160135,1.160235,1.160115,1.160285,172
2026-05-22T15:27:00+00:00,1.160235,1.160335,1.160215,1.160375,114
2026-05-22T15:28:00+00:00,1.160345,1.160435,1.160345,1.16049,137
2026-05-22T15:29:00+00:00,1.160435,1.160285,1.16026,1.160435,108
2026-05-22T15:30:00+00:00,1.16028,1.160355,1.1601,1.160365,252
2026-05-22T15:31:00+00:00,1.160365,1.160185,1.16016,1.1604,234
2026-05-22T15:32:00+00:00,1.160175,1.16013,1.16012,1.16023,183
2026-05-22T15:33:00+00:00,1.160125,1.16017,1.160045,1.16022,218
2026-05-22T15:34:00+00:00,1.160175,1.159975,1.159975,1.16018,187
2026-05-22T15:35:00+00:00,1.159965,1.15993,1.159855,1.16004,153
2026-05-22T15:36:00+00:00,1.159935,1.160075,1.15993,1.16008,168
2026-05-22T15:37:00+00:00,1.16008,1.160135,1.160075,1.16019,178
2026-05-22T15:38:00+00:00,1.160135,1.159985,1.159965,1.160175,147
2026-05-22T15:39:00+00:00,1.159985,1.159935,1.159925,1.16001,158
2026-05-22T15:40:00+00:00,1.159935,1.159965,1.159825,1.160015,178
2026-05-22T15:41:00+00:00,1.159965,1.160035,1.159965,1.160075,95
2026-05-22T15:42:00+00:00,1.16004,1.16006,1.16003,1.160065,94
2026-05-22T15:43:00+00:00,1.160055,1.16014,1.160035,1.160185,111
2026-05-22T15:44:00+00:00,1.16014,1.160105,1.16003,1.16019,123
2026-05-22T15:45:00+00:00,1.16011,1.16029,1.160085,1.160305,123
2026-05-22T15:46:00+00:00,1.16029,1.16017,1.16017,1.160295,159
2026-05-22T15:47:00+00:00,1.160175,1.160175,1.16015,1.160225,111
2026-05-22T15:48:00+00:00,1.160175,1.16004,1.16001,1.160185,165
2026-05-22T15:49:00+00:00,1.16004,1.160185,1.16,1.160195,146
2026-05-22T15:50:00+00:00,1.160185,1.160185,1.160135,1.160205,100
2026-05-22T15:51:00+00:00,1.160185,1.160195,1.16017,1.160225,78
2026-05-22T15:52:00+00:00,1.1602,1.160165,1.160165,1.16027,81
2026-05-22T15:53:00+00:00,1.160165,1.160395,1.160165,1.16041,105
2026-05-22T15:54:00+00:00,1.16039,1.160335,1.160305,1.16045,100
2026-05-22T15:55:00+00:00,1.160335,1.16015,1.160085,1.160345,155
2026-05-22T15:56:00+00:00,1.160145,1.160075,1.160075,1.160165,85
2026-05-22T15:57:00+00:00,1.160075,1.160075,1.159945,1.160135,146
2026-05-22T15:58:00+00:00,1.160075,1.16025,1.160065,1.16027,73
2026-05-22T15:59:00+00:00,1.160245,1.160275,1.16019,1.160285,54
2026-05-22T16:00:00+00:00,1.16028,1.160075,1.159955,1.160315,255
2026-05-22T16:01:00+00:00,1.16008,1.1602,1.160035,1.160225,212
2026-05-22T16:02:00+00:00,1.160195,1.160245,1.16016,1.16025,116
2026-05-22T16:03:00+00:00,1.16024,1.160115,1.160085,1.16024,162
2026-05-22T16:04:00+00:00,1.1601,1.160085,1.159975,1.160135,138
2026-05-22T16:05:00+00:00,1.160075,1.160135,1.160065,1.16015,146
2026-05-22T16:06:00+00:00,1.16014,1.16016,1.160085,1.16017,107
2026-05-22T16:07:00+00:00,1.160175,1.160335,1.160175,1.160345,137
2026-05-22T16:08:00+00:00,1.16033,1.160385,1.160265,1.16039,132
2026-05-22T16:09:00+00:00,1.16039,1.160425,1.160325,1.160425,102
2026-05-22T16:10:00+00:00,1.160435,1.160575,1.1604,1.16063,187
2026-05-22T16:11:00+00:00,1.16058,1.16074,1.16053,1.160745,203
2026-05-22T16:12:00+00:00,1.160735,1.160675,1.160675,1.160745,114
2026-05-22T16:13:00+00:00,1.160675,1.160695,1.16064,1.160725,104
2026-05-22T16:14:00+00:00,1.160695,1.16068,1.160675,1.160775,87
2026-05-22T16:15:00+00:00,1.160675,1.16059,1.16052,1.16077,244
2026-05-22T16:16:00+00:00,1.16059,1.1608,1.16059,1.160805,133
2026-05-22T16:17:00+00:00,1.160795,1.160685,1.16068,1.160845,131
2026-05-22T16:18:00+00:00,1.160685,1.160695,1.160535,1.160695,116
2026-05-22T16:19:00+00:00,1.160695,1.16059,1.16058,1.160695,105
2026-05-22T16:20:00+00:00,1.160585,1.160585,1.16056,1.160625,189
2026-05-22T16:21:00+00:00,1.16058,1.16072,1.16057,1.160745,192
2026-05-22T16:22:00+00:00,1.16072,1.160715,1.16067,1.160765,106
2026-05-22T16:23:00+00:00,1.160715,1.160745,1.160685,1.160765,96
2026-05-22T16:24:00+00:00,1.160745,1.16081,1.160715,1.160855,95
2026-05-22T16:25:00+00:00,1.160805,1.160875,1.160755,1.160885,170
2026-05-22T16:26:00+00:00,1.160865,1.16083,1.160805,1.16087,67
2026-05-22T16:27:00+00:00,1.160835,1.160815,1.1608,1.16087,50
2026-05-22T16:28:00+00:00,1.160815,1.160865,1.16078,1.160865,60
2026-05-22T16:29:00+00:00,1.16087,1.16093,1.16082,1.16093,107
2026-05-22T16:30:00+00:00,1.160925,1.161025,1.160915,1.161055,86
2026-05-22T16:31:00+00:00,1.161035,1.16104,1.160995,1.16108,95
2026-05-22T16:32:00+00:00,1.161035,1.16092,1.160905,1.161065,141
2026-05-22T16:33:00+00:00,1.160925,1.160715,1.16066,1.160965,116
2026-05-22T16:34:00+00:00,1.16071,1.160735,1.160625,1.16074,119
2026-05-22T16:35:00+00:00,1.16074,1.160785,1.160695,1.16079,120
2026-05-22T16:36:00+00:00,1.16078,1.160795,1.160735,1.16082,122
2026-05-22T16:37:00+00:00,1.16079,1.16083,1.16078,1.160865,52
2026-05-22T16:38:00+00:00,1.16083,1.16063,1.160545,1.16084,85
2026-05-22T16:39:00+00:00,1.16063,1.16074,1.160605,1.160745,137
2026-05-22T16:40:00+00:00,1.16074,1.16068,1.160675,1.16074,33
2026-05-22T16:41:00+00:00,1.16068,1.160785,1.160675,1.160785,67
2026-05-22T16:42:00+00:00,1.160785,1.160635,1.160605,1.160785,59
2026-05-22T16:43:00+00:00,1.160635,1.160675,1.160565,1.160675,78
2026-05-22T16:44:00+00:00,1.160675,1.160675,1.16067,1.16079,69
2026-05-22T16:45:00+00:00,1.160685,1.160725,1.160685,1.160765,45
2026-05-22T16:46:00+00:00,1.160725,1.16094,1.160725,1.16095,96
2026-05-22T16:47:00+00:00,1.160935,1.160915,1.160895,1.161015,66
2026-05-22T16:48:00+00:00,1.160915,1.16086,1.16086,1.160935,91
2026-05-22T16:49:00+00:00,1.160865,1.160865,1.16083,1.160885,66
2026-05-22T16:50:00+00:00,1.16087,1.160765,1.160735,1.16091,76
2026-05-22T16:51:00+00:00,1.160765,1.160765,1.160725,1.160805,35
2026-05-22T16:52:00+00:00,1.160765,1.160825,1.160735,1.160825,44
2026-05-22T16:53:00+00:00,1.160825,1.16098,1.160825,1.16099,68
2026-05-22T16:54:00+00:00,1.160985,1.16099,1.160945,1.16104,110
2026-05-22T16:55:00+00:00,1.160985,1.160985,1.16096,1.161025,60
2026-05-22T16:56:00+00:00,1.16099,1.161005,1.160965,1.161055,62
2026-05-22T16:57:00+00:00,1.160995,1.16097,1.160895,1.161045,136
2026-05-22T16:58:00+00:00,1.160965,1.16104,1.16094,1.16104,73
2026-05-22T16:59:00+00:00,1.16104,1.16112,1.16099,1.16112,89
2026-05-22T17:00:00+00:00,1.161115,1.16134,1.161115,1.161375,151
2026-05-22T17:01:00+00:00,1.161345,1.161375,1.16133,1.161405,131
2026-05-22T17:02:00+00:00,1.16138,1.16138,1.16137,1.161425,124
2026-05-22T17:03:00+00:00,1.161375,1.161425,1.16135,1.16146,123
2026-05-22T17:04:00+00:00,1.161425,1.161425,1.161375,1.16148,89
2026-05-22T17:05:00+00:00,1.161415,1.161505,1.161405,1.161535,143
2026-05-22T17:06:00+00:00,1.1615,1.161265,1.161255,1.1615,123
2026-05-22T17:07:00+00:00,1.16127,1.16126,1.16114,1.16128,107
2026-05-22T17:08:00+00:00,1.161255,1.16131,1.161205,1.161315,71
2026-05-22T17:09:00+00:00,1.16131,1.16136,1.16126,1.161365,42
2026-05-22T17:10:00+00:00,1.16136,1.16142,1.161355,1.16143,97
2026-05-22T17:11:00+00:00,1.16142,1.16142,1.161405,1.161455,48
2026-05-22T17:12:00+00:00,1.16142,1.161255,1.161225,1.16142,94
2026-05-22T17:13:00+00:00,1.161255,1.16126,1.161215,1.161285,81
2026-05-22T17:14:00+00:00,1.161255,1.161365,1.161165,1.161365,70
2026-05-22T17:15:00+00:00,1.161365,1.16146,1.161365,1.161485,54
2026-05-22T17:16:00+00:00,1.161465,1.16142,1.161395,1.16148,41
2026-05-22T17:17:00+00:00,1.161415,1.161445,1.161415,1.161515,80
2026-05-22T17:18:00+00:00,1.161445,1.16127,1.16127,1.161445,74
2026-05-22T17:19:00+00:00,1.161275,1.16111,1.16107,1.16136,109
2026-05-22T17:20:00+00:00,1.161105,1.16113,1.16107,1.161255,305
2026-05-22T17:21:00+00:00,1.161135,1.160925,1.160925,1.161135,213
2026-05-22T17:22:00+00:00,1.160925,1.160965,1.160885,1.161015,139
2026-05-22T17:23:00+00:00,1.16095,1.16096,1.16087,1.16097,75
2026-05-22T17:24:00+00:00,1.160965,1.161125,1.160885,1.161125,117
2026-05-22T17:25:00+00:00,1.161135,1.16119,1.161075,1.16119,160
2026-05-22T17:26:00+00:00,1.161195,1.161165,1.16114,1.16122,122
2026-05-22T17:27:00+00:00,1.16117,1.16129,1.16112,1.16135,147
2026-05-22T17:28:00+00:00,1.161285,1.161255,1.161055,1.16174,1049
2026-05-22T17:29:00+00:00,1.161255,1.16163,1.161015,1.161635,855
2026-05-22T17:30:00+00:00,1.161635,1.161825,1.16163,1.161925,715
2026-05-22T17:31:00+00:00,1.16183,1.16159,1.16154,1.16188,570
2026-05-22T17:32:00+00:00,1.161585,1.16151,1.1614,1.161695,371
2026-05-22T17:33:00+00:00,1.161505,1.16136,1.161355,1.16152,305
2026-05-22T17:34:00+00:00,1.161365,1.161325,1.161325,1.16145,233
2026-05-22T17:35:00+00:00,1.16133,1.161225,1.1612,1.161365,140
2026-05-22T17:36:00+00:00,1.161205,1.16122,1.161125,1.161245,154
2026-05-22T17:37:00+00:00,1.161215,1.161255,1.16121,1.16129,133
2026-05-22T17:38:00+00:00,1.16126,1.161445,1.16122,1.161455,158
2026-05-22T17:39:00+00:00,1.16146,1.161455,1.16141,1.161495,110
2026-05-22T17:40:00+00:00,1.16146,1.16123,1.16122,1.161465,146
2026-05-22T17:41:00+00:00,1.161225,1.161265,1.16121,1.16131,107
2026-05-22T17:42:00+00:00,1.16128,1.161365,1.16127,1.16138,127
2026-05-22T17:43:00+00:00,1.16137,1.16142,1.16136,1.161465,176
2026-05-22T17:44:00+00:00,1.161425,1.16133,1.1613,1.161465,152
2026-05-22T17:45:00+00:00,1.16133,1.161265,1.161265,1.16138,123
2026-05-22T17:46:00+00:00,1.16126,1.16112,1.161095,1.16128,74
2026-05-22T17:47:00+00:00,1.16112,1.16111,1.161065,1.16116,134
2026-05-22T17:48:00+00:00,1.161105,1.161155,1.1611,1.16117,96
2026-05-22T17:49:00+00:00,1.16116,1.16122,1.161105,1.16126,52
2026-05-22T17:50:00+00:00,1.16122,1.161245,1.1612,1.16126,57
2026-05-22T17:51:00+00:00,1.16124,1.16138,1.161185,1.16141,198
2026-05-22T17:52:00+00:00,1.161385,1.16131,1.161255,1.16141,195
2026-05-22T17:53:00+00:00,1.161315,1.161395,1.16129,1.1614,168
2026-05-22T17:54:00+00:00,1.1614,1.161255,1.16119,1.16144,149
2026-05-22T17:55:00+00:00,1.16126,1.1613,1.161255,1.16135,106
2026-05-22T17:56:00+00:00,1.161295,1.16133,1.16126,1.16136,119
2026-05-22T17:57:00+00:00,1.16133,1.161445,1.16133,1.16152,111
2026-05-22T17:58:00+00:00,1.16144,1.16139,1.16138,1.161465,99
2026-05-22T17:59:00+00:00,1.16139,1.161335,1.16132,1.1614,99
2026-05-22T18:00:00+00:00,1.161335,1.161425,1.161295,1.16143,158
2026-05-22T18:01:00+00:00,1.16142,1.16133,1.161315,1.16143,86
2026-05-22T18:02:00+00:00,1.161325,1.16144,1.161315,1.16144,102
2026-05-22T18:03:00+00:00,1.161435,1.161415,1.16136,1.16144,58
2026-05-22T18:04:00+00:00,1.161415,1.161425,1.160935,1.161455,392
2026-05-22T18:05:00+00:00,1.16142,1.161405,1.161385,1.1615,126
2026-05-22T18:06:00+00:00,1.161405,1.16131,1.161235,1.161435,87
2026-05-22T18:07:00+00:00,1.161305,1.161405,1.161265,1.16141,126
2026-05-22T18:08:00+00:00,1.161415,1.161385,1.16136,1.161455,100
2026-05-22T18:09:00+00:00,1.161385,1.16133,1.161325,1.16141,98
2026-05-22T18:10:00+00:00,1.16133,1.16116,1.16116,1.16133,85
2026-05-22T18:11:00+00:00,1.161165,1.161145,1.16113,1.16123,82
2026-05-22T18:12:00+00:00,1.16114,1.161125,1.1611,1.161175,128
2026-05-22T18:13:00+00:00,1.16113,1.161145,1.16111,1.16117,111
2026-05-22T18:14:00+00:00,1.16115,1.161175,1.16108,1.1612,184
2026-05-22T18:15:00+00:00,1.16117,1.16116,1.16112,1.16123,173
2026-05-22T18:16:00+00:00,1.161155,1.16121,1.161155,1.16122,141
2026-05-22T18:17:00+00:00,1.161205,1.16116,1.16115,1.161205,74
2026-05-22T18:18:00+00:00,1.161165,1.16113,1.16113,1.161235,85
2026-05-22T18:19:00+00:00,1.16113,1.161075,1.161055,1.16115,92
2026-05-22T18:20:00+00:00,1.161075,1.16111,1.16107,1.16112,44
2026-05-22T18:21:00+00:00,1.161105,1.161125,1.161105,1.161155,68
2026-05-22T18:22:00+00:00,1.161125,1.16119,1.161045,1.161215,68
2026-05-22T18:23:00+00:00,1.161185,1.16116,1.16113,1.161185,55
2026-05-22T18:24:00+00:00,1.161165,1.16119,1.161135,1.161215,63
2026-05-22T18:25:00+00:00,1.16119,1.161015,1.161005,1.161205,50
2026-05-22T18:26:00+00:00,1.161015,1.1611,1.16101,1.161105,39
2026-05-22T18:27:00+00:00,1.161095,1.16118,1.161065,1.161215,62
2026-05-22T18:28:00+00:00,1.161175,1.1611,1.161075,1.161175,45
2026-05-22T18:29:00+00:00,1.1611,1.16105,1.16103,1.1611,40
2026-05-22T18:30:00+00:00,1.161045,1.160955,1.160955,1.16105,41
2026-05-22T18:31:00+00:00,1.160955,1.16101,1.160935,1.16102,50
2026-05-22T18:32:00+00:00,1.161015,1.16102,1.161,1.161025,53
2026-05-22T18:33:00+00:00,1.16102,1.161035,1.16102,1.16107,60
2026-05-22T18:34:00+00:00,1.161035,1.161085,1.161035,1.161105,46
2026-05-22T18:35:00+00:00,1.161085,1.16105,1.16104,1.16109,46
2026-05-22T18:36:00+00:00,1.161055,1.16108,1.16105,1.161095,51
2026-05-22T18:37:00+00:00,1.16108,1.161155,1.16106,1.16116,75
2026-05-22T18:38:00+00:00,1.161155,1.161135,1.161085,1.16116,138
2026-05-22T18:39:00+00:00,1.161135,1.16119,1.16112,1.16155,395
2026-05-22T18:40:00+00:00,1.16119,1.161155,1.16114,1.161235,161
2026-05-22T18:41:00+00:00,1.16115,1.161125,1.161095,1.161185,67
2026-05-22T18:42:00+00:00,1.161125,1.161115,1.161105,1.16113,24
2026-05-22T18:43:00+00:00,1.16113,1.161215,1.16113,1.16123,74
2026-05-22T18:44:00+00:00,1.161215,1.16118,1.16118,1.16123,73
2026-05-22T18:45:00+00:00,1.161185,1.161195,1.16118,1.16125,64
2026-05-22T18:46:00+00:00,1.161195,1.161165,1.16116,1.16121,21
2026-05-22T18:47:00+00:00,1.161165,1.16112,1.161105,1.16117,70
2026-05-22T18:48:00+00:00,1.161115,1.16114,1.16111,1.16116,52
2026-05-22T18:49:00+00:00,1.16114,1.16117,1.161135,1.161215,92
2026-05-22T18:50:00+00:00,1.16117,1.1612,1.16115,1.161245,94
2026-05-22T18:51:00+00:00,1.161195,1.16126,1.161195,1.16128,59
2026-05-22T18:52:00+00:00,1.16126,1.161265,1.16124,1.161285,42
2026-05-22T18:53:00+00:00,1.161265,1.161365,1.16126,1.16137,98
2026-05-22T18:54:00+00:00,1.16136,1.16138,1.16136,1.16141,39
2026-05-22T18:55:00+00:00,1.161385,1.16132,1.16131,1.16139,62
2026-05-22T18:56:00+00:00,1.16132,1.161305,1.161285,1.161325,40
2026-05-22T18:57:00+00:00,1.161305,1.161275,1.161255,1.161325,67
2026-05-22T18:58:00+00:00,1.161275,1.161235,1.16122,1.161275,27
2026-05-22T18:59:00+00:00,1.161235,1.161175,1.161175,1.161265,112
2026-05-22T19:00:00+00:00,1.161175,1.16137,1.161135,1.16139,138
2026-05-22T19:01:00+00:00,1.161365,1.16113,1.161075,1.161385,202
2026-05-22T19:02:00+00:00,1.161135,1.16094,1.16089,1.161315,236
2026-05-22T19:03:00+00:00,1.160935,1.16086,1.1608,1.160985,282
2026-05-22T19:04:00+00:00,1.160855,1.16088,1.16082,1.16098,138
2026-05-22T19:05:00+00:00,1.16088,1.16093,1.16081,1.16095,116
2026-05-22T19:06:00+00:00,1.16092,1.16086,1.16086,1.16092,88
2026-05-22T19:07:00+00:00,1.160865,1.160925,1.16086,1.160975,145
2026-05-22T19:08:00+00:00,1.16093,1.160925,1.160925,1.160965,72
2026-05-22T19:09:00+00:00,1.16093,1.16093,1.16086,1.16093,85
2026-05-22T19:10:00+00:00,1.16093,1.160935,1.1609,1.160985,106
2026-05-22T19:11:00+00:00,1.16093,1.160935,1.16093,1.160955,89
2026-05-22T19:12:00+00:00,1.16093,1.16096,1.160925,1.16097,70
2026-05-22T19:13:00+00:00,1.160955,1.1609,1.16089,1.16096,90
2026-05-22T19:14:00+00:00,1.1609,1.16086,1.16082,1.1609,72
2026-05-22T19:15:00+00:00,1.160855,1.160945,1.16084,1.16097,74
2026-05-22T19:16:00+00:00,1.16094,1.16097,1.160915,1.160975,94
2026-05-22T19:17:00+00:00,1.160975,1.16097,1.16092,1.160995,81
2026-05-22T19:18:00+00:00,1.16097,1.160995,1.160955,1.16103,90
2026-05-22T19:19:00+00:00,1.16099,1.16101,1.16098,1.161015,85
2026-05-22T19:20:00+00:00,1.16101,1.160905,1.1609,1.16101,65
2026-05-22T19:21:00+00:00,1.160905,1.160915,1.16089,1.16093,78
2026-05-22T19:22:00+00:00,1.16092,1.16096,1.16092,1.16097,47
2026-05-22T19:23:00+00:00,1.16096,1.160955,1.16094,1.16099,34
2026-05-22T19:24:00+00:00,1.16095,1.16101,1.16095,1.161015,82
2026-05-22T19:25:00+00:00,1.161015,1.16099,1.16099,1.161015,30
2026-05-22T19:26:00+00:00,1.16099,1.160935,1.16092,1.16099,44
2026-05-22T19:27:00+00:00,1.16094,1.160955,1.16093,1.160975,46
2026-05-22T19:28:00+00:00,1.160955,1.16097,1.16094,1.160975,48
2026-05-22T19:29:00+00:00,1.160965,1.160835,1.160815,1.160965,116
2026-05-22T19:30:00+00:00,1.16084,1.16074,1.160735,1.16084,132
2026-05-22T19:31:00+00:00,1.160735,1.16075,1.160695,1.160765,102
2026-05-22T19:32:00+00:00,1.16075,1.16075,1.160695,1.160765,93
2026-05-22T19:33:00+00:00,1.160745,1.16076,1.160745,1.160765,75
2026-05-22T19:34:00+00:00,1.16076,1.16077,1.160725,1.16079,88
2026-05-22T19:35:00+00:00,1.16077,1.160845,1.160765,1.16087,95
2026-05-22T19:36:00+00:00,1.160845,1.16087,1.16083,1.160885,83
2026-05-22T19:37:00+00:00,1.16087,1.160815,1.160805,1.16087,99
2026-05-22T19:38:00+00:00,1.16082,1.16074,1.160735,1.16082,113
2026-05-22T19:39:00+00:00,1.160745,1.16074,1.160715,1.16075,51
2026-05-22T19:40:00+00:00,1.16074,1.160735,1.160735,1.160765,22
2026-05-22T19:41:00+00:00,1.160735,1.160745,1.16073,1.160765,34
2026-05-22T19:42:00+00:00,1.16074,1.16073,1.160715,1.16076,125
2026-05-22T19:43:00+00:00,1.16073,1.16069,1.16067,1.16073,36
2026-05-22T19:44:00+00:00,1.16069,1.160695,1.16068,1.160765,77
2026-05-22T19:45:00+00:00,1.1607,1.16067,1.160655,1.16072,64
2026-05-22T19:46:00+00:00,1.160665,1.16055,1.16055,1.160665,67
2026-05-22T19:47:00+00:00,1.16053,1.160605,1.16052,1.160615,57
2026-05-22T19:48:00+00:00,1.160595,1.160625,1.160575,1.16063,39
2026-05-22T19:49:00+00:00,1.160625,1.16067,1.160625,1.16067,42
2026-05-22T19:50:00+00:00,1.16066,1.16065,1.160625,1.160705,87
2026-05-22T19:51:00+00:00,1.16065,1.16058,1.160535,1.16065,58
2026-05-22T19:52:00+00:00,1.16058,1.160535,1.16053,1.1606,31
2026-05-22T19:53:00+00:00,1.160535,1.1606,1.160535,1.16062,62
2026-05-22T19:54:00+00:00,1.160595,1.160625,1.160585,1.16065,94
2026-05-22T19:55:00+00:00,1.16062,1.160665,1.16062,1.160685,106
2026-05-22T19:56:00+00:00,1.160665,1.16068,1.160655,1.16073,98
2026-05-22T19:57:00+00:00,1.16068,1.160655,1.160655,1.160735,77
2026-05-22T19:58:00+00:00,1.160655,1.16064,1.160625,1.160685,81
2026-05-22T19:59:00+00:00,1.160635,1.160595,1.160585,1.16064,57
2026-05-22T20:00:00+00:00,1.16059,1.160595,1.16058,1.160665,127
2026-05-22T20:01:00+00:00,1.1606,1.16063,1.1606,1.160645,39
2026-05-22T20:02:00+00:00,1.160635,1.16046,1.16041,1.160635,82
2026-05-22T20:03:00+00:00,1.16046,1.160465,1.160415,1.16048,66
2026-05-22T20:04:00+00:00,1.16047,1.160515,1.16046,1.160525,49
2026-05-22T20:05:00+00:00,1.160515,1.16052,1.160485,1.16052,41
2026-05-22T20:06:00+00:00,1.160535,1.16052,1.160515,1.160565,89
2026-05-22T20:07:00+00:00,1.160515,1.160515,1.1605,1.16054,48
2026-05-22T20:08:00+00:00,1.160515,1.16049,1.16048,1.160515,73
2026-05-22T20:09:00+00:00,1.16049,1.160525,1.16049,1.160555,42
2026-05-22T20:10:00+00:00,1.160525,1.160525,1.16051,1.160535,16
2026-05-22T20:11:00+00:00,1.160525,1.16055,1.16052,1.160555,33
2026-05-22T20:12:00+00:00,1.16055,1.160515,1.16051,1.16055,27
2026-05-22T20:13:00+00:00,1.160515,1.160525,1.16051,1.16055,20
2026-05-22T20:14:00+00:00,1.160525,1.160475,1.160475,1.160535,19
2026-05-22T20:15:00+00:00,1.160475,1.16048,1.16047,1.160505,24
2026-05-22T20:16:00+00:00,1.16048,1.16043,1.16043,1.16048,14
2026-05-22T20:17:00+00:00,1.16043,1.160455,1.160415,1.16046,22
2026-05-22T20:18:00+00:00,1.160455,1.16046,1.16043,1.16046,13
2026-05-22T20:19:00+00:00,1.16046,1.160525,1.16046,1.160525,32
2026-05-22T20:20:00+00:00,1.16052,1.160565,1.16052,1.160575,38
2026-05-22T20:21:00+00:00,1.160565,1.160535,1.16053,1.16059,36
2026-05-22T20:22:00+00:00,1.160535,1.16053,1.160515,1.16054,9
2026-05-22T20:23:00+00:00,1.16053,1.160515,1.16051,1.160555,20
2026-05-22T20:24:00+00:00,1.160515,1.16047,1.16047,1.160515,8
2026-05-22T20:25:00+00:00,1.160475,1.16039,1.160385,1.16048,21
2026-05-22T20:26:00+00:00,1.160385,1.16037,1.16036,1.16039,11
2026-05-22T20:27:00+00:00,1.16037,1.160375,1.16034,1.160375,15
2026-05-22T20:28:00+00:00,1.160375,1.160435,1.160375,1.160445,27
2026-05-22T20:29:00+00:00,1.16044,1.160395,1.16038,1.160465,60
2026-05-22T20:30:00+00:00,1.16039,1.160335,1.160325,1.16039,25
2026-05-22T20:31:00+00:00,1.160335,1.160155,1.16002,1.160335,114
2026-05-22T20:32:00+00:00,1.160155,1.16008,1.160045,1.16025,61
2026-05-22T20:33:00+00:00,1.160075,1.1602,1.16006,1.1602,36
2026-05-22T20:34:00+00:00,1.160205,1.16011,1.15998,1.160215,39
2026-05-22T20:35:00+00:00,1.16011,1.160135,1.16007,1.160145,21
2026-05-22T20:36:00+00:00,1.160135,1.16017,1.16011,1.16017,47
2026-05-22T20:37:00+00:00,1.160175,1.160165,1.160165,1.16018,10
2026-05-22T20:38:00+00:00,1.16016,1.16015,1.160125,1.160165,25
2026-05-22T20:39:00+00:00,1.160145,1.160185,1.16013,1.160185,37
2026-05-22T20:40:00+00:00,1.16018,1.160125,1.160115,1.160185,25
2026-05-22T20:41:00+00:00,1.16012,1.160135,1.16012,1.16014,17
2026-05-22T20:42:00+00:00,1.160135,1.16017,1.16013,1.16018,44
2026-05-22T20:43:00+00:00,1.16017,1.16017,1.16016,1.16017,12
2026-05-22T20:44:00+00:00,1.16017,1.160165,1.160165,1.160185,20
2026-05-22T20:45:00+00:00,1.16016,1.16017,1.160155,1.160185,55
2026-05-22T20:46:00+00:00,1.16017,1.16012,1.160105,1.16017,32
2026-05-22T20:47:00+00:00,1.160125,1.15998,1.159945,1.160125,75
2026-05-22T20:48:00+00:00,1.159985,1.159935,1.159925,1.159985,59
2026-05-22T20:49:00+00:00,1.159935,1.159925,1.159815,1.159935,73
2026-05-22T20:50:00+00:00,1.15992,1.159915,1.15989,1.159985,74
2026-05-22T20:51:00+00:00,1.15992,1.159925,1.159895,1.159935,89
2026-05-22T20:52:00+00:00,1.159925,1.160015,1.159915,1.160035,94
2026-05-22T20:53:00+00:00,1.16002,1.159975,1.159885,1.16002,102
2026-05-22T20:54:00+00:00,1.15997,1.160275,1.159965,1.160275,152
2026-05-22T20:55:00+00:00,1.16028,1.16018,1.16018,1.160365,228
2026-05-22T20:56:00+00:00,1.160175,1.160185,1.160145,1.16022,221
2026-05-22T20:57:00+00:00,1.160195,1.16031,1.16018,1.160335,197
2026-05-22T20:58:00+00:00,1.160305,1.16027,1.16025,1.16032,113
2026-05-22T20:59:00+00:00,1.160295,1.16028,1.160245,1.160385,34
2026-05-24T21:01:00+00:00,1.16028,1.16412,1.16028,1.16414,4
2026-05-24T21:02:00+00:00,1.16412,1.16419,1.16412,1.16419,2
2026-05-24T21:03:00+00:00,1.16419,1.164205,1.16419,1.164205,2
2026-05-24T21:04:00+00:00,1.164205,1.164065,1.16406,1.164205,4
2026-05-24T21:05:00+00:00,1.16406,1.16392,1.163795,1.16408,42
2026-05-24T21:06:00+00:00,1.16392,1.164055,1.163915,1.164055,27
2026-05-24T21:07:00+00:00,1.164055,1.16405,1.16394,1.16406,11
2026-05-24T21:08:00+00:00,1.16405,1.164045,1.164005,1.164095,11
2026-05-24T21:09:00+00:00,1.164045,1.16392,1.163845,1.16406,24
2026-05-24T21:10:00+00:00,1.16392,1.163945,1.16384,1.16398,21
2026-05-24T21:11:00+00:00,1.163945,1.16394,1.16394,1.16404,23
2026-05-24T21:12:00+00:00,1.16394,1.163945,1.16391,1.163945,14
2026-05-24T21:13:00+00:00,1.163945,1.163775,1.16377,1.163945,13
2026-05-24T21:14:00+00:00,1.163775,1.1639,1.163775,1.1639,29
2026-05-24T21:15:00+00:00,1.16386,1.163835,1.163835,1.16389,9
2026-05-24T21:16:00+00:00,1.163835,1.163835,1.16361,1.16384,26
2026-05-24T21:17:00+00:00,1.163835,1.163815,1.16377,1.163835,26
2026-05-24T21:18:00+00:00,1.163815,1.16376,1.16375,1.16387,20
2026-05-24T21:19:00+00:00,1.16376,1.163805,1.163705,1.16384,26
2026-05-24T21:20:00+00:00,1.163805,1.16383,1.16378,1.163855,16
2026-05-24T21:21:00+00:00,1.163825,1.163805,1.163795,1.163825,4
2026-05-24T21:22:00+00:00,1.163805,1.16384,1.163765,1.163855,30
2026-05-24T21:23:00+00:00,1.16384,1.163945,1.163775,1.163955,35
2026-05-24T21:24:00+00:00,1.163945,1.163945,1.163925,1.163965,19
2026-05-24T21:25:00+00:00,1.163935,1.16388,1.16386,1.164005,37
2026-05-24T21:26:00+00:00,1.16388,1.163795,1.16367,1.16396,45
2026-05-24T21:27:00+00:00,1.163795,1.163795,1.163535,1.16385,39
2026-05-24T21:28:00+00:00,1.163795,1.163855,1.16376,1.163875,19
2026-05-24T21:29:00+00:00,1.163855,1.163825,1.16381,1.16387,8
2026-05-24T21:30:00+00:00,1.163825,1.163815,1.163745,1.163825,12
2026-05-24T21:31:00+00:00,1.163815,1.163455,1.163455,1.16382,14
2026-05-24T21:32:00+00:00,1.163455,1.163565,1.163455,1.163615,7
2026-05-24T21:33:00+00:00,1.163565,1.163455,1.163455,1.163565,5
2026-05-24T21:34:00+00:00,1.163455,1.163455,1.16342,1.16346,8
2026-05-24T21:35:00+00:00,1.163455,1.16352,1.163355,1.16355,29
2026-05-24T21:36:00+00:00,1.16352,1.16342,1.163275,1.16352,19
2026-05-24T21:37:00+00:00,1.163415,1.163415,1.163365,1.16343,67
2026-05-24T21:38:00+00:00,1.163415,1.163415,1.163415,1.163415,0
2026-05-24T21:39:00+00:00,1.163415,1.16338,1.16338,1.163415,14
2026-05-24T21:40:00+00:00,1.16338,1.1634,1.163335,1.163425,21
2026-05-24T21:41:00+00:00,1.1634,1.16343,1.16322,1.16347,31
2026-05-24T21:42:00+00:00,1.16343,1.16344,1.163405,1.163495,16
2026-05-24T21:43:00+00:00,1.16344,1.163445,1.16329,1.163465,19
2026-05-24T21:44:00+00:00,1.163445,1.16341,1.16338,1.163445,9
2026-05-24T21:45:00+00:00,1.16338,1.163315,1.16327,1.16338,11
2026-05-24T21:46:00+00:00,1.163315,1.16331,1.16331,1.16332,3
2026-05-24T21:47:00+00:00,1.16331,1.163295,1.1631,1.163385,62
2026-05-24T21:48:00+00:00,1.163295,1.163475,1.163295,1.16349,20
2026-05-24T21:49:00+00:00,1.163475,1.163465,1.16345,1.16349,12
2026-05-24T21:50:00+00:00,1.163465,1.16355,1.16345,1.16356,8
2026-05-24T21:51:00+00:00,1.16355,1.16341,1.163375,1.16355,7
2026-05-24T21:52:00+00:00,1.16341,1.16339,1.163365,1.16341,6
2026-05-24T21:53:00+00:00,1.16339,1.16344,1.163365,1.163455,17
2026-05-24T21:54:00+00:00,1.16344,1.163385,1.16331,1.16344,17
2026-05-24T21:55:00+00:00,1.16337,1.1633,1.163265,1.16338,24
2026-05-24T21:56:00+00:00,1.1633,1.16342,1.1633,1.16346,12
2026-05-24T21:57:00+00:00,1.16342,1.16343,1.163335,1.163475,19
2026-05-24T21:58:00+00:00,1.16343,1.16343,1.163405,1.16343,10
2026-05-24T21:59:00+00:00,1.16343,1.163395,1.163365,1.163445,21
2026-05-24T22:00:00+00:00,1.163405,1.163365,1.163205,1.163455,306
2026-05-24T22:01:00+00:00,1.163375,1.163405,1.163305,1.163675,177
2026-05-24T22:02:00+00:00,1.163405,1.163675,1.16331,1.163675,85
2026-05-24T22:03:00+00:00,1.16368,1.1636,1.163335,1.16376,97
2026-05-24T22:04:00+00:00,1.163605,1.16357,1.16354,1.163615,45
2026-05-24T22:05:00+00:00,1.16358,1.163605,1.16342,1.16364,100
2026-05-24T22:06:00+00:00,1.163605,1.16361,1.163565,1.16361,34
2026-05-24T22:07:00+00:00,1.1636,1.1636,1.16356,1.16366,42
2026-05-24T22:08:00+00:00,1.1636,1.163555,1.16353,1.163645,33
2026-05-24T22:09:00+00:00,1.163555,1.163575,1.163485,1.163575,45
2026-05-24T22:10:00+00:00,1.163575,1.163625,1.16357,1.163675,59
2026-05-24T22:11:00+00:00,1.163625,1.16358,1.163535,1.16365,28
2026-05-24T22:12:00+00:00,1.16357,1.163535,1.16345,1.16357,69
2026-05-24T22:13:00+00:00,1.163535,1.16368,1.163535,1.16369,51
2026-05-24T22:14:00+00:00,1.163675,1.163625,1.16361,1.16368,24
2026-05-24T22:15:00+00:00,1.16363,1.163585,1.163585,1.163745,99
2026-05-24T22:16:00+00:00,1.16358,1.163535,1.163525,1.1636,82
2026-05-24T22:17:00+00:00,1.163535,1.163485,1.16346,1.16357,75
2026-05-24T22:18:00+00:00,1.163485,1.163485,1.16347,1.16354,33
2026-05-24T22:19:00+00:00,1.163485,1.16351,1.163485,1.16352,46
2026-05-24T22:20:00+00:00,1.163515,1.163575,1.16347,1.16359,49
2026-05-24T22:21:00+00:00,1.163575,1.16376,1.16352,1.163775,138
2026-05-24T22:22:00+00:00,1.163755,1.163875,1.16373,1.16388,74
2026-05-24T22:23:00+00:00,1.163875,1.16388,1.16384,1.163925,63
2026-05-24T22:24:00+00:00,1.16388,1.163835,1.163815,1.163885,48
2026-05-24T22:25:00+00:00,1.16384,1.16392,1.16383,1.163925,42
2026-05-24T22:26:00+00:00,1.16391,1.16384,1.163835,1.16391,32
2026-05-24T22:27:00+00:00,1.163845,1.164135,1.16383,1.16418,97
2026-05-24T22:28:00+00:00,1.16413,1.164125,1.164115,1.16419,80
2026-05-24T22:29:00+00:00,1.16413,1.16408,1.16402,1.164165,61
2026-05-24T22:30:00+00:00,1.164085,1.16429,1.16407,1.16429,110
2026-05-24T22:31:00+00:00,1.164285,1.164335,1.16425,1.1644,125
2026-05-24T22:32:00+00:00,1.164325,1.16435,1.164295,1.164375,38
2026-05-24T22:33:00+00:00,1.164355,1.164275,1.164235,1.16441,56
2026-05-24T22:34:00+00:00,1.164275,1.164225,1.164205,1.164285,57
2026-05-24T22:35:00+00:00,1.164225,1.16413,1.164125,1.16424,50
2026-05-24T22:36:00+00:00,1.164125,1.16413,1.16404,1.16421,130
2026-05-24T22:37:00+00:00,1.164125,1.16414,1.164065,1.164145,45
2026-05-24T22:38:00+00:00,1.164135,1.164175,1.16408,1.164175,55
2026-05-24T22:39:00+00:00,1.164175,1.164215,1.16414,1.164215,43
2026-05-24T22:40:00+00:00,1.16422,1.164165,1.164115,1.164225,51
2026-05-24T22:41:00+00:00,1.16416,1.16428,1.16407,1.16428,78
2026-05-24T22:42:00+00:00,1.16428,1.16428,1.16427,1.164325,47
2026-05-24T22:43:00+00:00,1.164285,1.16433,1.164255,1.164335,88
2026-05-24T22:44:00+00:00,1.16432,1.16438,1.1643,1.164385,46
2026-05-24T22:45:00+00:00,1.16438,1.16437,1.16434,1.164395,49
2026-05-24T22:46:00+00:00,1.164375,1.164425,1.164375,1.16449,116
2026-05-24T22:47:00+00:00,1.16443,1.164455,1.164385,1.164455,52
2026-05-24T22:48:00+00:00,1.164455,1.164435,1.164435,1.164485,41
2026-05-24T22:49:00+00:00,1.164435,1.164375,1.16437,1.164435,44
2026-05-24T22:50:00+00:00,1.16438,1.164335,1.16432,1.16438,10
2026-05-24T22:51:00+00:00,1.164335,1.16428,1.16427,1.164335,26
2026-05-24T22:52:00+00:00,1.16428,1.16423,1.164225,1.16428,24
2026-05-24T22:53:00+00:00,1.16423,1.164215,1.16419,1.164235,22
2026-05-24T22:54:00+00:00,1.16422,1.164195,1.16419,1.164235,26
2026-05-24T22:55:00+00:00,1.164195,1.16423,1.164175,1.16424,39
2026-05-24T22:56:00+00:00,1.164225,1.16423,1.16421,1.164245,33
2026-05-24T22:57:00+00:00,1.16423,1.164185,1.16418,1.16424,27
2026-05-24T22:58:00+00:00,1.164185,1.164285,1.16418,1.164285,29
2026-05-24T22:59:00+00:00,1.164275,1.164315,1.164275,1.16435,32
2026-05-24T23:00:00+00:00,1.16432,1.16447,1.164315,1.164485,69
2026-05-24T23:01:00+00:00,1.16447,1.16443,1.16441,1.16448,32
2026-05-24T23:02:00+00:00,1.16443,1.164465,1.16443,1.164475,31
2026-05-24T23:03:00+00:00,1.164465,1.16451,1.164465,1.164515,30
2026-05-24T23:04:00+00:00,1.164515,1.16458,1.16451,1.16459,36
2026-05-24T23:05:00+00:00,1.16458,1.164525,1.16449,1.16458,62
2026-05-24T23:06:00+00:00,1.164525,1.16451,1.16449,1.164525,44
2026-05-24T23:07:00+00:00,1.16451,1.164565,1.1645,1.16461,88
2026-05-24T23:08:00+00:00,1.16456,1.164565,1.16456,1.164605,29
2026-05-24T23:09:00+00:00,1.164565,1.164605,1.16456,1.16461,71
2026-05-24T23:10:00+00:00,1.1646,1.164555,1.164555,1.164605,70
2026-05-24T23:11:00+00:00,1.164555,1.164555,1.164515,1.16456,65
2026-05-24T23:12:00+00:00,1.164555,1.16451,1.164505,1.164555,26
2026-05-24T23:13:00+00:00,1.16451,1.1645,1.164495,1.164525,38
2026-05-24T23:14:00+00:00,1.164505,1.164505,1.1645,1.164515,34
2026-05-24T23:15:00+00:00,1.164505,1.16448,1.164475,1.164515,17
2026-05-24T23:16:00+00:00,1.164475,1.16446,1.164455,1.164475,28
2026-05-24T23:17:00+00:00,1.164455,1.16451,1.164455,1.164525,49
2026-05-24T23:18:00+00:00,1.164505,1.164425,1.16442,1.16451,17
2026-05-24T23:19:00+00:00,1.16442,1.16447,1.16442,1.16447,32
2026-05-24T23:20:00+00:00,1.16447,1.16448,1.16447,1.164485,5
2026-05-24T23:21:00+00:00,1.16448,1.164495,1.16447,1.164515,19
2026-05-24T23:22:00+00:00,1.164495,1.16452,1.164465,1.164525,10
2026-05-24T23:23:00+00:00,1.16452,1.16455,1.16451,1.164565,20
2026-05-24T23:24:00+00:00,1.16455,1.16453,1.16452,1.164585,17
2026-05-24T23:25:00+00:00,1.16453,1.164465,1.164465,1.16453,29
2026-05-24T23:26:00+00:00,1.164465,1.16451,1.164465,1.164525,15
2026-05-24T23:27:00+00:00,1.16451,1.16453,1.16451,1.16455,12
2026-05-24T23:28:00+00:00,1.16453,1.16457,1.16453,1.164585,17
2026-05-24T23:29:00+00:00,1.16457,1.164535,1.164535,1.16457,8
2026-05-24T23:30:00+00:00,1.164525,1.164475,1.16441,1.164525,68
2026-05-24T23:31:00+00:00,1.16448,1.16452,1.16448,1.16452,51
2026-05-24T23:32:00+00:00,1.16452,1.164535,1.164515,1.164555,28
2026-05-24T23:33:00+00:00,1.164535,1.16449,1.164485,1.164535,11
2026-05-24T23:34:00+00:00,1.16449,1.164455,1.16444,1.16449,37
2026-05-24T23:35:00+00:00,1.16446,1.16445,1.16444,1.16448,58
2026-05-24T23:36:00+00:00,1.164455,1.16446,1.164445,1.16448,76
2026-05-24T23:37:00+00:00,1.16446,1.164445,1.16442,1.164485,61
2026-05-24T23:38:00+00:00,1.16445,1.16447,1.16444,1.164475,28
2026-05-24T23:39:00+00:00,1.16447,1.1645,1.16446,1.1645,35
2026-05-24T23:40:00+00:00,1.164505,1.16449,1.16448,1.164525,27
2026-05-24T23:41:00+00:00,1.16449,1.16452,1.16445,1.16452,50
2026-05-24T23:42:00+00:00,1.164505,1.164535,1.16448,1.164535,59
2026-05-24T23:43:00+00:00,1.16453,1.16453,1.164515,1.164555,56
2026-05-24T23:44:00+00:00,1.16453,1.164485,1.164485,1.16453,29
2026-05-24T23:45:00+00:00,1.164485,1.1645,1.16442,1.164525,116
2026-05-24T23:46:00+00:00,1.164495,1.164455,1.164455,1.16456,55
2026-05-24T23:47:00+00:00,1.16445,1.16448,1.16444,1.16448,24
2026-05-24T23:48:00+00:00,1.16448,1.164475,1.16444,1.16448,89
2026-05-24T23:49:00+00:00,1.16447,1.164455,1.164435,1.16448,54
2026-05-24T23:50:00+00:00,1.16446,1.164445,1.16441,1.16447,60
2026-05-24T23:51:00+00:00,1.16444,1.164365,1.164305,1.16444,77
2026-05-24T23:52:00+00:00,1.16436,1.164335,1.164305,1.164385,122
2026-05-24T23:53:00+00:00,1.164335,1.16436,1.164335,1.164395,108
2026-05-24T23:54:00+00:00,1.164355,1.16436,1.164335,1.164365,55
2026-05-24T23:55:00+00:00,1.164355,1.16432,1.16431,1.164375,56
2026-05-24T23:56:00+00:00,1.164315,1.164235,1.164225,1.16432,57
2026-05-24T23:57:00+00:00,1.16424,1.16422,1.16419,1.16424,79
2026-05-24T23:58:00+00:00,1.16422,1.164195,1.16414,1.16423,78
2026-05-24T23:59:00+00:00,1.164195,1.164185,1.16414,1.1642,46
2026-05-25T00:00:00+00:00,1.16418,1.164075,1.16404,1.164235,264
2026-05-25T00:01:00+00:00,1.16407,1.163915,1.163915,1.16409,186
2026-05-25T00:02:00+00:00,1.163915,1.163895,1.163845,1.16393,192
2026-05-25T00:03:00+00:00,1.16389,1.16388,1.16386,1.16393,133
2026-05-25T00:04:00+00:00,1.16388,1.163815,1.16381,1.16388,88
2026-05-25T00:05:00+00:00,1.1638,1.16389,1.1638,1.16392,65
2026-05-25T00:06:00+00:00,1.163895,1.163875,1.16381,1.16393,123
2026-05-25T00:07:00+00:00,1.163875,1.163925,1.163865,1.163925,111
2026-05-25T00:08:00+00:00,1.16393,1.163885,1.163885,1.164015,64
2026-05-25T00:09:00+00:00,1.16389,1.16389,1.16382,1.16391,65
2026-05-25T00:10:00+00:00,1.163895,1.163985,1.163895,1.164035,80
2026-05-25T00:11:00+00:00,1.163985,1.16401,1.163945,1.164035,82
2026-05-25T00:12:00+00:00,1.16401,1.163965,1.163935,1.164015,50
2026-05-25T00:13:00+00:00,1.163975,1.16397,1.163955,1.163985,45
2026-05-25T00:14:00+00:00,1.163975,1.163915,1.163855,1.16398,59
2026-05-25T00:15:00+00:00,1.163915,1.163875,1.163835,1.16392,78
2026-05-25T00:16:00+00:00,1.16387,1.16399,1.16386,1.16401,167
2026-05-25T00:17:00+00:00,1.163995,1.16398,1.163905,1.163995,95
2026-05-25T00:18:00+00:00,1.163975,1.16406,1.16397,1.164065,83
2026-05-25T00:19:00+00:00,1.164055,1.164125,1.164035,1.164145,60
2026-05-25T00:20:00+00:00,1.16414,1.1641,1.164075,1.16414,98
2026-05-25T00:21:00+00:00,1.1641,1.163995,1.163955,1.16414,61
2026-05-25T00:22:00+00:00,1.163995,1.1641,1.163995,1.16414,64
2026-05-25T00:23:00+00:00,1.164095,1.164195,1.16409,1.164245,77
2026-05-25T00:24:00+00:00,1.1642,1.164205,1.16417,1.164245,72
2026-05-25T00:25:00+00:00,1.164205,1.164075,1.16407,1.164205,101
2026-05-25T00:26:00+00:00,1.16408,1.16405,1.16398,1.16409,60
2026-05-25T00:27:00+00:00,1.164045,1.16404,1.164005,1.16405,47
2026-05-25T00:28:00+00:00,1.16404,1.164035,1.164015,1.1641,64
2026-05-25T00:29:00+00:00,1.164035,1.16419,1.164035,1.164205,74
2026-05-25T00:30:00+00:00,1.164195,1.164295,1.164195,1.164335,104
2026-05-25T00:31:00+00:00,1.164295,1.16427,1.164235,1.164295,64
2026-05-25T00:32:00+00:00,1.164275,1.164235,1.16422,1.16428,38
2026-05-25T00:33:00+00:00,1.164235,1.164145,1.164095,1.164235,39
2026-05-25T00:34:00+00:00,1.164145,1.164145,1.16414,1.16416,13
2026-05-25T00:35:00+00:00,1.164145,1.164165,1.164135,1.1642,52
2026-05-25T00:36:00+00:00,1.16416,1.164065,1.164065,1.16417,56
2026-05-25T00:37:00+00:00,1.164065,1.164145,1.164025,1.16415,59
2026-05-25T00:38:00+00:00,1.164135,1.164135,1.16408,1.164135,37
2026-05-25T00:39:00+00:00,1.164135,1.164095,1.16409,1.164155,22
2026-05-25T00:40:00+00:00,1.164085,1.163995,1.163995,1.164085,24
2026-05-25T00:41:00+00:00,1.163995,1.164015,1.163995,1.164045,18
2026-05-25T00:42:00+00:00,1.16401,1.163885,1.163875,1.16401,45
2026-05-25T00:43:00+00:00,1.163885,1.163875,1.16387,1.163925,61
2026-05-25T00:44:00+00:00,1.16387,1.16394,1.163855,1.163945,39
2026-05-25T00:45:00+00:00,1.163945,1.164025,1.16394,1.16405,107
2026-05-25T00:46:00+00:00,1.164015,1.164135,1.16401,1.16414,51
2026-05-25T00:47:00+00:00,1.164135,1.16425,1.16411,1.16425,39
2026-05-25T00:48:00+00:00,1.164245,1.164415,1.16423,1.164415,90
2026-05-25T00:49:00+00:00,1.16442,1.16472,1.16442,1.16488,280
2026-05-25T00:50:00+00:00,1.164715,1.164695,1.164645,1.164755,104
2026-05-25T00:51:00+00:00,1.16469,1.16473,1.164645,1.16475,71
2026-05-25T00:52:00+00:00,1.16473,1.16467,1.164595,1.164745,105
2026-05-25T00:53:00+00:00,1.16467,1.164715,1.16467,1.16477,54
2026-05-25T00:54:00+00:00,1.164715,1.16474,1.164645,1.164895,97
2026-05-25T00:55:00+00:00,1.164755,1.164385,1.1643,1.164795,272
2026-05-25T00:56:00+00:00,1.16437,1.16413,1.164115,1.16437,283
2026-05-25T00:57:00+00:00,1.164135,1.163795,1.163795,1.164175,247
2026-05-25T00:58:00+00:00,1.163795,1.163645,1.16364,1.16387,263
2026-05-25T00:59:00+00:00,1.163645,1.16367,1.16353,1.1637,300
2026-05-25T01:00:00+00:00,1.163675,1.163665,1.16356,1.163795,314
2026-05-25T01:01:00+00:00,1.163665,1.16371,1.163555,1.163735,276
2026-05-25T01:02:00+00:00,1.163715,1.163815,1.163655,1.163875,225
2026-05-25T01:03:00+00:00,1.163815,1.163815,1.163785,1.16396,137
2026-05-25T01:04:00+00:00,1.163815,1.163855,1.1638,1.163925,101
2026-05-25T01:05:00+00:00,1.163855,1.16388,1.163815,1.1639,115
2026-05-25T01:06:00+00:00,1.163885,1.16399,1.16384,1.163995,75
2026-05-25T01:07:00+00:00,1.163995,1.163965,1.16395,1.164035,70
2026-05-25T01:08:00+00:00,1.16396,1.163735,1.163715,1.16399,188
2026-05-25T01:09:00+00:00,1.163735,1.16373,1.16368,1.16375,99
2026-05-25T01:10:00+00:00,1.163735,1.16363,1.163615,1.16378,143
2026-05-25T01:11:00+00:00,1.163635,1.163735,1.163635,1.16377,112
2026-05-25T01:12:00+00:00,1.163735,1.163775,1.163715,1.16379,123
2026-05-25T01:13:00+00:00,1.16377,1.163955,1.163735,1.163975,164
2026-05-25T01:14:00+00:00,1.163955,1.164345,1.163925,1.16438,222
2026-05-25T01:15:00+00:00,1.16435,1.164405,1.16433,1.164455,142
2026-05-25T01:16:00+00:00,1.164395,1.164345,1.164315,1.164405,124
2026-05-25T01:17:00+00:00,1.164345,1.16439,1.16433,1.16442,101
2026-05-25T01:18:00+00:00,1.164385,1.164345,1.164335,1.164385,117
2026-05-25T01:19:00+00:00,1.164335,1.164445,1.164305,1.164455,115
2026-05-25T01:20:00+00:00,1.164455,1.164435,1.16442,1.1645,144
2026-05-25T01:21:00+00:00,1.164425,1.164325,1.16431,1.164425,81
2026-05-25T01:22:00+00:00,1.16433,1.16434,1.16429,1.164385,113
2026-05-25T01:23:00+00:00,1.164335,1.164475,1.164335,1.164475,100
2026-05-25T01:24:00+00:00,1.16447,1.164375,1.164375,1.164495,100
2026-05-25T01:25:00+00:00,1.16437,1.16439,1.16437,1.16449,121
2026-05-25T01:26:00+00:00,1.16439,1.16438,1.164335,1.164445,119
2026-05-25T01:27:00+00:00,1.164375,1.16435,1.16433,1.164385,46
2026-05-25T01:28:00+00:00,1.16435,1.16441,1.16435,1.164415,67
2026-05-25T01:29:00+00:00,1.164405,1.16462,1.1644,1.16471,130
2026-05-25T01:30:00+00:00,1.164625,1.16437,1.164345,1.164625,218
2026-05-25T01:31:00+00:00,1.164365,1.16414,1.16414,1.164415,168
2026-05-25T01:32:00+00:00,1.164145,1.163985,1.16396,1.164225,206
2026-05-25T01:33:00+00:00,1.16399,1.164115,1.16397,1.164135,101
2026-05-25T01:34:00+00:00,1.164115,1.164065,1.16406,1.164145,131
2026-05-25T01:35:00+00:00,1.164065,1.16428,1.164065,1.164295,78
2026-05-25T01:36:00+00:00,1.16428,1.1643,1.16426,1.164315,128
2026-05-25T01:37:00+00:00,1.164295,1.16435,1.164275,1.16437,117
2026-05-25T01:38:00+00:00,1.16435,1.16428,1.164275,1.16435,68
2026-05-25T01:39:00+00:00,1.16429,1.164315,1.16429,1.16437,57
2026-05-25T01:40:00+00:00,1.164315,1.164215,1.164215,1.16434,93
2026-05-25T01:41:00+00:00,1.164235,1.16421,1.16421,1.164295,60
2026-05-25T01:42:00+00:00,1.164205,1.16407,1.164065,1.164205,66
2026-05-25T01:43:00+00:00,1.164065,1.164045,1.164015,1.16409,69
2026-05-25T01:44:00+00:00,1.164045,1.164015,1.16396,1.164055,72
2026-05-25T01:45:00+00:00,1.164015,1.164075,1.164015,1.16408,50
2026-05-25T01:46:00+00:00,1.16407,1.16409,1.164025,1.16417,93
2026-05-25T01:47:00+00:00,1.16409,1.164135,1.16409,1.164155,44
2026-05-25T01:48:00+00:00,1.164145,1.164095,1.164075,1.164145,42
2026-05-25T01:49:00+00:00,1.164095,1.164095,1.164065,1.164115,21
2026-05-25T01:50:00+00:00,1.16409,1.163955,1.163955,1.16409,39
2026-05-25T01:51:00+00:00,1.163955,1.164015,1.163955,1.164045,68
2026-05-25T01:52:00+00:00,1.164015,1.164015,1.16401,1.164045,32
2026-05-25T01:53:00+00:00,1.164025,1.163985,1.16395,1.16404,52
2026-05-25T01:54:00+00:00,1.163985,1.163985,1.163945,1.163985,28
2026-05-25T01:55:00+00:00,1.163975,1.164015,1.163935,1.164015,79
2026-05-25T01:56:00+00:00,1.164015,1.163875,1.16386,1.164015,76
2026-05-25T01:57:00+00:00,1.163885,1.16387,1.163855,1.163915,74
2026-05-25T01:58:00+00:00,1.16387,1.163915,1.163835,1.163915,94
2026-05-25T01:59:00+00:00,1.163915,1.163915,1.16389,1.163925,65
2026-05-25T02:00:00+00:00,1.16392,1.16397,1.1639,1.164025,140
2026-05-25T02:01:00+00:00,1.163975,1.163975,1.163955,1.163985,54
2026-05-25T02:02:00+00:00,1.16397,1.16398,1.163965,1.16402,61
2026-05-25T02:03:00+00:00,1.163975,1.16402,1.163965,1.164045,35
2026-05-25T02:04:00+00:00,1.164015,1.16401,1.164,1.164035,18
2026-05-25T02:05:00+00:00,1.164015,1.16409,1.16401,1.164095,49
2026-05-25T02:06:00+00:00,1.164095,1.16415,1.164045,1.164195,60
2026-05-25T02:07:00+00:00,1.164155,1.164245,1.164145,1.16426,49
2026-05-25T02:08:00+00:00,1.16424,1.164195,1.164175,1.16424,51
2026-05-25T02:09:00+00:00,1.164195,1.1642,1.16419,1.16426,58
2026-05-25T02:10:00+00:00,1.164215,1.164215,1.16418,1.16424,42
2026-05-25T02:11:00+00:00,1.164215,1.164135,1.164065,1.164215,63
2026-05-25T02:12:00+00:00,1.164135,1.164135,1.164105,1.164145,39
2026-05-25T02:13:00+00:00,1.164135,1.16401,1.16401,1.164165,46
2026-05-25T02:14:00+00:00,1.16401,1.164045,1.16401,1.164075,30
2026-05-25T02:15:00+00:00,1.164055,1.164065,1.164015,1.164095,34
2026-05-25T02:16:00+00:00,1.164065,1.164005,1.163965,1.164065,52
2026-05-25T02:17:00+00:00,1.164005,1.163985,1.163975,1.164005,10
2026-05-25T02:18:00+00:00,1.163985,1.164085,1.163975,1.16409,27
2026-05-25T02:19:00+00:00,1.164085,1.16407,1.164035,1.16409,25
2026-05-25T02:20:00+00:00,1.164075,1.1641,1.164055,1.164105,48
2026-05-25T02:21:00+00:00,1.1641,1.164115,1.164075,1.164135,20
2026-05-25T02:22:00+00:00,1.16411,1.16409,1.16408,1.16412,63
2026-05-25T02:23:00+00:00,1.16409,1.1642,1.16409,1.16424,33
2026-05-25T02:24:00+00:00,1.1642,1.16419,1.164175,1.164215,26
2026-05-25T02:25:00+00:00,1.164195,1.164145,1.164145,1.164205,25
2026-05-25T02:26:00+00:00,1.164155,1.164115,1.164105,1.164165,40
2026-05-25T02:27:00+00:00,1.164115,1.16408,1.164075,1.16412,37
2026-05-25T02:28:00+00:00,1.16408,1.164175,1.16403,1.164175,35
2026-05-25T02:29:00+00:00,1.164175,1.164175,1.164145,1.164195,19
2026-05-25T02:30:00+00:00,1.16418,1.164135,1.16412,1.164195,48
2026-05-25T02:31:00+00:00,1.164135,1.1641,1.164095,1.164155,55
2026-05-25T02:32:00+00:00,1.1641,1.16416,1.1641,1.16416,20
2026-05-25T02:33:00+00:00,1.16416,1.164145,1.164145,1.16418,10
2026-05-25T02:34:00+00:00,1.164145,1.16416,1.164115,1.16416,39
2026-05-25T02:35:00+00:00,1.16416,1.16416,1.164115,1.16419,43
2026-05-25T02:36:00+00:00,1.16416,1.164175,1.16416,1.16418,6
2026-05-25T02:37:00+00:00,1.164175,1.16417,1.16416,1.16418,9
2026-05-25T02:38:00+00:00,1.16417,1.16414,1.16412,1.16417,27
2026-05-25T02:39:00+00:00,1.16414,1.16406,1.16405,1.164145,38
2026-05-25T02:40:00+00:00,1.164065,1.16403,1.163945,1.16407,71
2026-05-25T02:41:00+00:00,1.16403,1.164025,1.164,1.16403,22
2026-05-25T02:42:00+00:00,1.164025,1.16403,1.16401,1.16406,29
2026-05-25T02:43:00+00:00,1.16403,1.164035,1.164025,1.16407,48
2026-05-25T02:44:00+00:00,1.164025,1.16405,1.16402,1.16405,23
2026-05-25T02:45:00+00:00,1.16405,1.16408,1.16405,1.164095,30
2026-05-25T02:46:00+00:00,1.164085,1.164,1.16399,1.16409,91
2026-05-25T02:47:00+00:00,1.164,1.164065,1.164,1.16407,58
2026-05-25T02:48:00+00:00,1.164065,1.164045,1.164005,1.16407,79
2026-05-25T02:49:00+00:00,1.164045,1.16407,1.164045,1.16407,24
2026-05-25T02:50:00+00:00,1.16407,1.164035,1.16403,1.164075,25
2026-05-25T02:51:00+00:00,1.164035,1.163965,1.16396,1.164045,51
2026-05-25T02:52:00+00:00,1.16396,1.16397,1.163955,1.163985,35
2026-05-25T02:53:00+00:00,1.16397,1.16397,1.16396,1.163985,36
2026-05-25T02:54:00+00:00,1.163965,1.163915,1.163915,1.163975,22
2026-05-25T02:55:00+00:00,1.163915,1.163865,1.163855,1.163915,19
2026-05-25T02:56:00+00:00,1.163865,1.163775,1.163775,1.163865,16
2026-05-25T02:57:00+00:00,1.16377,1.16376,1.163725,1.16377,25
2026-05-25T02:58:00+00:00,1.163765,1.16373,1.163715,1.16378,39
2026-05-25T02:59:00+00:00,1.16373,1.163765,1.163675,1.16378,61
2026-05-25T03:00:00+00:00,1.163765,1.16387,1.163765,1.16396,172
2026-05-25T03:01:00+00:00,1.163875,1.16388,1.163825,1.163895,74
2026-05-25T03:02:00+00:00,1.163875,1.163775,1.163775,1.16392,75
2026-05-25T03:03:00+00:00,1.16378,1.163735,1.163705,1.163785,74
2026-05-25T03:04:00+00:00,1.163735,1.16373,1.163645,1.163735,83
2026-05-25T03:05:00+00:00,1.163735,1.16368,1.16361,1.16374,94
2026-05-25T03:06:00+00:00,1.163675,1.163715,1.163665,1.163715,43
2026-05-25T03:07:00+00:00,1.163715,1.163765,1.1637,1.16379,69
2026-05-25T03:08:00+00:00,1.16377,1.163765,1.163755,1.16379,28
2026-05-25T03:09:00+00:00,1.163765,1.16375,1.16373,1.16377,36
2026-05-25T03:10:00+00:00,1.163745,1.163735,1.16372,1.16375,49
2026-05-25T03:11:00+00:00,1.16374,1.16377,1.163735,1.16378,41
2026-05-25T03:12:00+00:00,1.16377,1.16377,1.16375,1.16378,24
2026-05-25T03:13:00+00:00,1.16377,1.163735,1.163715,1.163815,53
2026-05-25T03:14:00+00:00,1.16373,1.16374,1.16372,1.163755,56
2026-05-25T03:15:00+00:00,1.16374,1.16368,1.16364,1.16374,70
2026-05-25T03:16:00+00:00,1.163675,1.163665,1.163645,1.163685,50
2026-05-25T03:17:00+00:00,1.16366,1.16368,1.163625,1.16369,79
2026-05-25T03:18:00+00:00,1.16368,1.163665,1.16365,1.16368,27
2026-05-25T03:19:00+00:00,1.16367,1.16365,1.163635,1.16368,41
2026-05-25T03:20:00+00:00,1.163655,1.163765,1.16365,1.16377,86
2026-05-25T03:21:00+00:00,1.163765,1.16388,1.163755,1.163905,112
2026-05-25T03:22:00+00:00,1.163885,1.163815,1.163735,1.1639,126
2026-05-25T03:23:00+00:00,1.16382,1.163775,1.163765,1.163825,68
2026-05-25T03:24:00+00:00,1.16378,1.16373,1.16371,1.163785,65
2026-05-25T03:25:00+00:00,1.16373,1.163775,1.16372,1.163775,60
2026-05-25T03:26:00+00:00,1.163775,1.16373,1.16373,1.163795,66
2026-05-25T03:27:00+00:00,1.163725,1.163755,1.16368,1.16377,70
2026-05-25T03:28:00+00:00,1.163755,1.163715,1.163715,1.16377,63
2026-05-25T03:29:00+00:00,1.163715,1.163725,1.16368,1.163735,120
2026-05-25T03:30:00+00:00,1.163735,1.163775,1.163735,1.163785,50
2026-05-25T03:31:00+00:00,1.16378,1.16381,1.16378,1.1639,120
2026-05-25T03:32:00+00:00,1.16382,1.16383,1.16382,1.16385,46
2026-05-25T03:33:00+00:00,1.16383,1.163865,1.16382,1.16387,32
2026-05-25T03:34:00+00:00,1.163865,1.163835,1.16383,1.16387,27
2026-05-25T03:35:00+00:00,1.163835,1.163895,1.163835,1.16398,127
2026-05-25T03:36:00+00:00,1.163895,1.16385,1.16385,1.16391,73
2026-05-25T03:37:00+00:00,1.163855,1.16387,1.163855,1.163885,35
2026-05-25T03:38:00+00:00,1.16387,1.163865,1.163865,1.16389,22
2026-05-25T03:39:00+00:00,1.16387,1.16383,1.16378,1.163885,83
2026-05-25T03:40:00+00:00,1.16383,1.16383,1.16378,1.163835,31
2026-05-25T03:41:00+00:00,1.16383,1.163835,1.1638,1.163835,32
2026-05-25T03:42:00+00:00,1.163835,1.163835,1.16381,1.163845,42
2026-05-25T03:43:00+00:00,1.163825,1.16382,1.16382,1.163835,38
2026-05-25T03:44:00+00:00,1.16382,1.16375,1.16373,1.163825,46
2026-05-25T03:45:00+00:00,1.163745,1.16376,1.163665,1.16377,81
2026-05-25T03:46:00+00:00,1.163755,1.16367,1.163665,1.163755,96
2026-05-25T03:47:00+00:00,1.16367,1.16376,1.16367,1.16377,78
2026-05-25T03:48:00+00:00,1.16376,1.163735,1.16372,1.163765,40
2026-05-25T03:49:00+00:00,1.16374,1.16373,1.16371,1.16374,38
2026-05-25T03:50:00+00:00,1.16373,1.16374,1.163685,1.16375,53
2026-05-25T03:51:00+00:00,1.16374,1.16373,1.16369,1.16377,65
2026-05-25T03:52:00+00:00,1.16373,1.16373,1.163715,1.163745,44
2026-05-25T03:53:00+00:00,1.163735,1.16373,1.16372,1.163735,35
2026-05-25T03:54:00+00:00,1.16373,1.163665,1.16363,1.163735,58
2026-05-25T03:55:00+00:00,1.163665,1.163655,1.163635,1.163675,35
2026-05-25T03:56:00+00:00,1.163655,1.163615,1.16361,1.16366,53
2026-05-25T03:57:00+00:00,1.16361,1.163645,1.16361,1.16372,82
2026-05-25T03:58:00+00:00,1.163645,1.163695,1.163645,1.163715,31
2026-05-25T03:59:00+00:00,1.163695,1.163725,1.163695,1.163745,28
2026-05-25T04:00:00+00:00,1.16373,1.163635,1.163625,1.163775,71
2026-05-25T04:01:00+00:00,1.16364,1.163625,1.163615,1.163645,45
2026-05-25T04:02:00+00:00,1.163625,1.163685,1.163625,1.163695,15
2026-05-25T04:03:00+00:00,1.163685,1.16371,1.163685,1.16372,18
2026-05-25T04:04:00+00:00,1.16371,1.163705,1.163705,1.16372,9
2026-05-25T04:05:00+00:00,1.163705,1.16372,1.163685,1.16373,23
2026-05-25T04:06:00+00:00,1.16372,1.163695,1.16366,1.16372,25
2026-05-25T04:07:00+00:00,1.163695,1.16367,1.163635,1.1637,40
2026-05-25T04:08:00+00:00,1.163675,1.16363,1.163625,1.163685,42
2026-05-25T04:09:00+00:00,1.16362,1.1636,1.16356,1.16362,46
2026-05-25T04:10:00+00:00,1.1636,1.163615,1.163595,1.16362,41
2026-05-25T04:11:00+00:00,1.163615,1.16369,1.163615,1.163695,78
2026-05-25T04:12:00+00:00,1.163685,1.16368,1.16364,1.163685,92
2026-05-25T04:13:00+00:00,1.16368,1.16363,1.16363,1.163685,69
2026-05-25T04:14:00+00:00,1.163635,1.163645,1.16362,1.163665,75
2026-05-25T04:15:00+00:00,1.163645,1.163615,1.1636,1.163665,59
2026-05-25T04:16:00+00:00,1.163615,1.16364,1.163615,1.163655,30
2026-05-25T04:17:00+00:00,1.16364,1.163635,1.163635,1.163645,34
2026-05-25T04:18:00+00:00,1.16364,1.163645,1.163625,1.16368,69
2026-05-25T04:19:00+00:00,1.163645,1.16365,1.16363,1.16366,48
2026-05-25T04:20:00+00:00,1.16365,1.163685,1.16363,1.163685,42
2026-05-25T04:21:00+00:00,1.163685,1.16372,1.163685,1.16372,43
2026-05-25T04:22:00+00:00,1.16372,1.163685,1.163665,1.16372,28
2026-05-25T04:23:00+00:00,1.163685,1.163695,1.163685,1.1637,89
2026-05-25T04:24:00+00:00,1.163685,1.16364,1.163635,1.163705,95
2026-05-25T04:25:00+00:00,1.16364,1.1637,1.163635,1.163725,60
2026-05-25T04:26:00+00:00,1.163705,1.163715,1.163705,1.16372,21
2026-05-25T04:27:00+00:00,1.163715,1.16372,1.16371,1.16372,18
2026-05-25T04:28:00+00:00,1.16372,1.163715,1.1637,1.16372,33
2026-05-25T04:29:00+00:00,1.163715,1.16371,1.16367,1.163715,30
2026-05-25T04:30:00+00:00,1.16371,1.163725,1.163705,1.16374,42
2026-05-25T04:31:00+00:00,1.163725,1.16389,1.163725,1.163895,117
2026-05-25T04:32:00+00:00,1.16389,1.163835,1.163785,1.16389,87
2026-05-25T04:33:00+00:00,1.163835,1.163845,1.163825,1.16387,99
2026-05-25T04:34:00+00:00,1.163845,1.163895,1.16383,1.163915,40
2026-05-25T04:35:00+00:00,1.163895,1.163905,1.163895,1.163905,22
2026-05-25T04:36:00+00:00,1.163885,1.163855,1.163795,1.163895,28
2026-05-25T04:37:00+00:00,1.163855,1.163895,1.16385,1.163895,38
2026-05-25T04:38:00+00:00,1.163895,1.163915,1.163895,1.163935,14
2026-05-25T04:39:00+00:00,1.163915,1.163835,1.163835,1.163915,14
2026-05-25T04:40:00+00:00,1.163835,1.16394,1.163835,1.16399,49
2026-05-25T04:41:00+00:00,1.163935,1.16393,1.163915,1.163965,20
2026-05-25T04:42:00+00:00,1.16393,1.16397,1.163925,1.163985,29
2026-05-25T04:43:00+00:00,1.16397,1.16396,1.163955,1.16398,5
2026-05-25T04:44:00+00:00,1.16396,1.164015,1.16396,1.164015,27
2026-05-25T04:45:00+00:00,1.164015,1.164015,1.164015,1.164045,9
2026-05-25T04:46:00+00:00,1.164015,1.16404,1.164015,1.16404,10
2026-05-25T04:47:00+00:00,1.16404,1.164125,1.16404,1.164145,24
2026-05-25T04:48:00+00:00,1.164125,1.164205,1.164125,1.164205,22
2026-05-25T04:49:00+00:00,1.164205,1.16417,1.16415,1.164205,33
2026-05-25T04:50:00+00:00,1.164175,1.164215,1.164175,1.16422,45
2026-05-25T04:51:00+00:00,1.164215,1.164305,1.164215,1.16436,51
2026-05-25T04:52:00+00:00,1.164305,1.164235,1.164235,1.164315,34
2026-05-25T04:53:00+00:00,1.16423,1.16427,1.16423,1.164295,33
2026-05-25T04:54:00+00:00,1.16427,1.164305,1.16427,1.164335,30
2026-05-25T04:55:00+00:00,1.164305,1.164365,1.164305,1.164365,21
2026-05-25T04:56:00+00:00,1.164365,1.164315,1.164315,1.16437,32
2026-05-25T04:57:00+00:00,1.164315,1.164345,1.164315,1.164365,25
2026-05-25T04:58:00+00:00,1.164345,1.164265,1.164265,1.16438,37
2026-05-25T04:59:00+00:00,1.164275,1.16421,1.1642,1.164275,34
2026-05-25T05:00:00+00:00,1.164215,1.16424,1.164195,1.164285,61
2026-05-25T05:01:00+00:00,1.16424,1.164315,1.164235,1.164325,45
2026-05-25T05:02:00+00:00,1.164315,1.164365,1.1643,1.164365,71
2026-05-25T05:03:00+00:00,1.164365,1.164275,1.16426,1.164365,68
2026-05-25T05:04:00+00:00,1.164265,1.164265,1.164245,1.164285,37
2026-05-25T05:05:00+00:00,1.164265,1.164275,1.164245,1.164285,18
2026-05-25T05:06:00+00:00,1.164275,1.164325,1.164275,1.164345,74
2026-05-25T05:07:00+00:00,1.164325,1.16439,1.164325,1.16441,47
2026-05-25T05:08:00+00:00,1.16439,1.164345,1.16433,1.16441,43
2026-05-25T05:09:00+00:00,1.164345,1.16433,1.164305,1.16438,112
2026-05-25T05:10:00+00:00,1.164335,1.16436,1.16433,1.164385,35
2026-05-25T05:11:00+00:00,1.164365,1.16442,1.16436,1.16443,54
2026-05-25T05:12:00+00:00,1.16442,1.164125,1.16411,1.164525,157
2026-05-25T05:13:00+00:00,1.164125,1.164215,1.164125,1.16423,111
2026-05-25T05:14:00+00:00,1.164215,1.164315,1.16421,1.164315,57
2026-05-25T05:15:00+00:00,1.164315,1.164305,1.16428,1.164315,25
2026-05-25T05:16:00+00:00,1.164305,1.164345,1.16428,1.164365,25
2026-05-25T05:17:00+00:00,1.16433,1.164315,1.164285,1.164365,45
2026-05-25T05:18:00+00:00,1.164315,1.16436,1.164315,1.164365,28
2026-05-25T05:19:00+00:00,1.16436,1.16434,1.164335,1.164365,34
2026-05-25T05:20:00+00:00,1.164345,1.16436,1.164345,1.164365,16
2026-05-25T05:21:00+00:00,1.16436,1.164305,1.16426,1.16436,85
2026-05-25T05:22:00+00:00,1.1643,1.164305,1.1643,1.16434,60
2026-05-25T05:23:00+00:00,1.164305,1.164285,1.164285,1.16433,16
2026-05-25T05:24:00+00:00,1.16429,1.16429,1.164285,1.164315,29
2026-05-25T05:25:00+00:00,1.16429,1.164285,1.16424,1.16429,28
2026-05-25T05:26:00+00:00,1.164285,1.16424,1.16424,1.164315,25
2026-05-25T05:27:00+00:00,1.16424,1.16424,1.16422,1.164245,12
2026-05-25T05:28:00+00:00,1.16424,1.16429,1.16422,1.16429,41
2026-05-25T05:29:00+00:00,1.164285,1.16432,1.164275,1.16434,23
2026-05-25T05:30:00+00:00,1.164325,1.164295,1.164265,1.16434,71
2026-05-25T05:31:00+00:00,1.16429,1.164285,1.164275,1.164335,54
2026-05-25T05:32:00+00:00,1.164275,1.164335,1.164275,1.16435,78
2026-05-25T05:33:00+00:00,1.164335,1.164385,1.164335,1.164435,54
2026-05-25T05:34:00+00:00,1.16439,1.16434,1.164315,1.164445,60
2026-05-25T05:35:00+00:00,1.16434,1.16433,1.16431,1.16436,38
2026-05-25T05:36:00+00:00,1.164335,1.16438,1.164315,1.16439,54
2026-05-25T05:37:00+00:00,1.164385,1.16444,1.16438,1.164445,65
2026-05-25T05:38:00+00:00,1.16444,1.164475,1.164425,1.16448,32
2026-05-25T05:39:00+00:00,1.164475,1.164455,1.164445,1.164475,29
2026-05-25T05:40:00+00:00,1.164455,1.164335,1.164335,1.164455,24
2026-05-25T05:41:00+00:00,1.16433,1.16429,1.16429,1.16435,18
2026-05-25T05:42:00+00:00,1.16429,1.16423,1.164185,1.16429,37
2026-05-25T05:43:00+00:00,1.16423,1.16426,1.164225,1.16429,31
2026-05-25T05:44:00+00:00,1.16426,1.16429,1.164255,1.164305,14
2026-05-25T05:45:00+00:00,1.164285,1.164385,1.164285,1.164385,39
2026-05-25T05:46:00+00:00,1.164385,1.164335,1.164335,1.164395,68
2026-05-25T05:47:00+00:00,1.164335,1.164305,1.164305,1.164385,24
2026-05-25T05:48:00+00:00,1.164305,1.16422,1.16422,1.164305,38
2026-05-25T05:49:00+00:00,1.164225,1.164175,1.164165,1.164225,49
2026-05-25T05:50:00+00:00,1.164175,1.164135,1.16413,1.164195,32
2026-05-25T05:51:00+00:00,1.164135,1.164165,1.164115,1.16417,52
2026-05-25T05:52:00+00:00,1.16416,1.16408,1.164065,1.16417,48
2026-05-25T05:53:00+00:00,1.16408,1.164115,1.16408,1.164135,49
2026-05-25T05:54:00+00:00,1.164115,1.164135,1.16411,1.164135,44
2026-05-25T05:55:00+00:00,1.16414,1.16406,1.164045,1.16414,67
2026-05-25T05:56:00+00:00,1.164065,1.163885,1.163885,1.16409,46
2026-05-25T05:57:00+00:00,1.163885,1.163885,1.163805,1.163895,54
2026-05-25T05:58:00+00:00,1.163885,1.163865,1.163805,1.163885,45
2026-05-25T05:59:00+00:00,1.163865,1.163915,1.163835,1.163965,36
2026-05-25T06:00:00+00:00,1.16391,1.163895,1.163815,1.16396,157
2026-05-25T06:01:00+00:00,1.163895,1.163905,1.16388,1.163975,134
2026-05-25T06:02:00+00:00,1.16391,1.163875,1.163835,1.163925,81
2026-05-25T06:03:00+00:00,1.163875,1.16387,1.163815,1.16388,79
2026-05-25T06:04:00+00:00,1.16387,1.16386,1.16383,1.1639,84
2026-05-25T06:05:00+00:00,1.16386,1.16388,1.16382,1.16388,71
2026-05-25T06:06:00+00:00,1.16388,1.16388,1.163865,1.16394,60
2026-05-25T06:07:00+00:00,1.16388,1.16392,1.16387,1.16393,97
2026-05-25T06:08:00+00:00,1.163915,1.16393,1.163905,1.16398,77
2026-05-25T06:09:00+00:00,1.163925,1.163865,1.163835,1.16393,89
2026-05-25T06:10:00+00:00,1.16387,1.16398,1.16387,1.16399,62
2026-05-25T06:11:00+00:00,1.16398,1.16402,1.163965,1.164035,102
2026-05-25T06:12:00+00:00,1.164015,1.16402,1.163995,1.164035,34
2026-05-25T06:13:00+00:00,1.16402,1.16403,1.16401,1.16406,53
2026-05-25T06:14:00+00:00,1.16403,1.164065,1.16403,1.16408,38
2026-05-25T06:15:00+00:00,1.16407,1.164025,1.16397,1.16407,33
2026-05-25T06:16:00+00:00,1.164025,1.163935,1.16392,1.164035,108
2026-05-25T06:17:00+00:00,1.163935,1.16392,1.163865,1.163935,59
2026-05-25T06:18:00+00:00,1.16393,1.16392,1.16391,1.16394,52
2026-05-25T06:19:00+00:00,1.163915,1.16386,1.163855,1.163915,66
2026-05-25T06:20:00+00:00,1.163855,1.16381,1.16379,1.163885,81
2026-05-25T06:21:00+00:00,1.163815,1.16379,1.16377,1.16383,72
2026-05-25T06:22:00+00:00,1.16379,1.163815,1.16377,1.163815,38
2026-05-25T06:23:00+00:00,1.163815,1.16394,1.163815,1.16395,75
2026-05-25T06:24:00+00:00,1.163935,1.16399,1.163925,1.164005,85
2026-05-25T06:25:00+00:00,1.16399,1.164045,1.16399,1.164125,146
2026-05-25T06:26:00+00:00,1.164045,1.164075,1.164045,1.16413,60
2026-05-25T06:27:00+00:00,1.16408,1.164025,1.164,1.16409,119
2026-05-25T06:28:00+00:00,1.16402,1.163975,1.163965,1.16405,79
2026-05-25T06:29:00+00:00,1.163975,1.163895,1.163825,1.163985,121
2026-05-25T06:30:00+00:00,1.163885,1.163825,1.16375,1.163885,94
2026-05-25T06:31:00+00:00,1.163825,1.163975,1.16381,1.163975,73
2026-05-25T06:32:00+00:00,1.16397,1.1639,1.16389,1.164,102
2026-05-25T06:33:00+00:00,1.163895,1.16399,1.163895,1.16405,83
2026-05-25T06:34:00+00:00,1.16399,1.164115,1.163965,1.16413,80
2026-05-25T06:35:00+00:00,1.16413,1.16421,1.164115,1.16422,53
2026-05-25T06:36:00+00:00,1.164215,1.16418,1.16416,1.16426,74
2026-05-25T06:37:00+00:00,1.164175,1.16408,1.164055,1.164175,82
2026-05-25T06:38:00+00:00,1.164075,1.1641,1.16406,1.164125,66
2026-05-25T06:39:00+00:00,1.164095,1.164155,1.164085,1.16422,76
2026-05-25T06:40:00+00:00,1.164155,1.16412,1.164075,1.164155,51
2026-05-25T06:41:00+00:00,1.164115,1.164105,1.164095,1.164135,35
2026-05-25T06:42:00+00:00,1.1641,1.16414,1.16406,1.16414,77
2026-05-25T06:43:00+00:00,1.16414,1.164075,1.16407,1.16414,82
2026-05-25T06:44:00+00:00,1.164075,1.164075,1.16407,1.16409,68
2026-05-25T06:45:00+00:00,1.16407,1.16416,1.164065,1.164185,69
2026-05-25T06:46:00+00:00,1.164155,1.16428,1.164155,1.164285,65
2026-05-25T06:47:00+00:00,1.16428,1.164265,1.16426,1.16434,103
2026-05-25T06:48:00+00:00,1.164265,1.16427,1.164205,1.164295,54
2026-05-25T06:49:00+00:00,1.16427,1.164315,1.164265,1.16433,52
2026-05-25T06:50:00+00:00,1.164315,1.164315,1.1643,1.16432,40
2026-05-25T06:51:00+00:00,1.16431,1.16433,1.16426,1.16435,54
2026-05-25T06:52:00+00:00,1.16433,1.164285,1.16423,1.16433,69
2026-05-25T06:53:00+00:00,1.164285,1.16444,1.164285,1.16445,92
2026-05-25T06:54:00+00:00,1.16444,1.16439,1.16434,1.16448,66
2026-05-25T06:55:00+00:00,1.1644,1.164305,1.164285,1.164435,100
2026-05-25T06:56:00+00:00,1.164305,1.164245,1.164245,1.16431,50
2026-05-25T06:57:00+00:00,1.164235,1.16403,1.16399,1.164235,235
2026-05-25T06:58:00+00:00,1.164025,1.164035,1.163995,1.164075,218
2026-05-25T06:59:00+00:00,1.16404,1.164095,1.163985,1.164135,183
2026-05-25T07:00:00+00:00,1.16411,1.16406,1.164045,1.164195,237
2026-05-25T07:01:00+00:00,1.164065,1.1641,1.16406,1.16415,183
2026-05-25T07:02:00+00:00,1.1641,1.164185,1.16404,1.1642,230
2026-05-25T07:03:00+00:00,1.164185,1.16411,1.16408,1.16419,193
2026-05-25T07:04:00+00:00,1.164115,1.164125,1.16411,1.164195,105
2026-05-25T07:05:00+00:00,1.164115,1.164075,1.16406,1.164115,77
2026-05-25T07:06:00+00:00,1.164075,1.16383,1.163815,1.164075,187
2026-05-25T07:07:00+00:00,1.163825,1.163755,1.163745,1.163855,164
2026-05-25T07:08:00+00:00,1.16375,1.16362,1.16362,1.16375,164
2026-05-25T07:09:00+00:00,1.16362,1.163775,1.163575,1.163785,136
2026-05-25T07:10:00+00:00,1.16377,1.163725,1.163635,1.16377,155
2026-05-25T07:11:00+00:00,1.16373,1.163825,1.16372,1.163825,106
2026-05-25T07:12:00+00:00,1.16382,1.16378,1.163775,1.163835,122
2026-05-25T07:13:00+00:00,1.163775,1.16374,1.163715,1.16379,99
2026-05-25T07:14:00+00:00,1.163725,1.16369,1.16366,1.163725,75
2026-05-25T07:15:00+00:00,1.16369,1.163675,1.163625,1.16371,108
2026-05-25T07:16:00+00:00,1.163675,1.16363,1.163625,1.16369,67
2026-05-25T07:17:00+00:00,1.16363,1.16347,1.16345,1.16363,122
2026-05-25T07:18:00+00:00,1.163465,1.162985,1.16297,1.163485,482
2026-05-25T07:19:00+00:00,1.16298,1.1631,1.162965,1.16324,334
2026-05-25T07:20:00+00:00,1.163095,1.163055,1.163005,1.16319,275
2026-05-25T07:21:00+00:00,1.16306,1.163155,1.16306,1.163185,249
2026-05-25T07:22:00+00:00,1.16316,1.163155,1.16308,1.163285,199
2026-05-25T07:23:00+00:00,1.16315,1.163185,1.163135,1.163235,194
2026-05-25T07:24:00+00:00,1.163185,1.163305,1.163175,1.163355,136
2026-05-25T07:25:00+00:00,1.1633,1.16333,1.16324,1.163355,123
2026-05-25T07:26:00+00:00,1.163335,1.16344,1.16332,1.163455,105
2026-05-25T07:27:00+00:00,1.163435,1.163425,1.163385,1.163455,105
2026-05-25T07:28:00+00:00,1.163425,1.16339,1.163385,1.163425,57
2026-05-25T07:29:00+00:00,1.163395,1.16338,1.16337,1.16343,67
2026-05-25T07:30:00+00:00,1.163385,1.163365,1.16336,1.163435,93
2026-05-25T07:31:00+00:00,1.16337,1.1635,1.163355,1.163505,211
2026-05-25T07:32:00+00:00,1.163495,1.16369,1.163485,1.163735,208
2026-05-25T07:33:00+00:00,1.16368,1.16358,1.16355,1.16383,426
2026-05-25T07:34:00+00:00,1.163575,1.16345,1.163375,1.163585,212
2026-05-25T07:35:00+00:00,1.163445,1.163515,1.16344,1.163565,153
2026-05-25T07:36:00+00:00,1.16352,1.163545,1.16352,1.16363,179
2026-05-25T07:37:00+00:00,1.16354,1.16351,1.163455,1.163565,176
2026-05-25T07:38:00+00:00,1.16351,1.16349,1.163455,1.16352,178
2026-05-25T07:39:00+00:00,1.163485,1.16348,1.16346,1.16353,99
2026-05-25T07:40:00+00:00,1.163475,1.163515,1.16346,1.163515,89
2026-05-25T07:41:00+00:00,1.163515,1.16359,1.16351,1.16359,114
2026-05-25T07:42:00+00:00,1.163585,1.16362,1.163565,1.16364,53
2026-05-25T07:43:00+00:00,1.163615,1.16355,1.163505,1.16363,105
2026-05-25T07:44:00+00:00,1.163555,1.16357,1.1635,1.163595,184
2026-05-25T07:45:00+00:00,1.163565,1.163585,1.16354,1.16362,87
2026-05-25T07:46:00+00:00,1.16358,1.16345,1.163395,1.163595,199
2026-05-25T07:47:00+00:00,1.163445,1.163465,1.16339,1.163505,137
2026-05-25T07:48:00+00:00,1.163465,1.16343,1.163415,1.163495,106
2026-05-25T07:49:00+00:00,1.163425,1.163455,1.163425,1.16348,73
2026-05-25T07:50:00+00:00,1.16346,1.16349,1.16342,1.16351,125
2026-05-25T07:51:00+00:00,1.16349,1.163465,1.16346,1.16352,55
2026-05-25T07:52:00+00:00,1.163465,1.16358,1.163425,1.16358,90
2026-05-25T07:53:00+00:00,1.163575,1.163505,1.163485,1.16358,89
2026-05-25T07:54:00+00:00,1.16351,1.163495,1.16346,1.16353,83
2026-05-25T07:55:00+00:00,1.16349,1.163515,1.16349,1.163545,54
2026-05-25T07:56:00+00:00,1.163525,1.16351,1.16348,1.163545,88
2026-05-25T07:57:00+00:00,1.16351,1.163635,1.16351,1.16364,77
2026-05-25T07:58:00+00:00,1.16363,1.163635,1.163585,1.163685,84
2026-05-25T07:59:00+00:00,1.163635,1.163745,1.16363,1.163755,129
2026-05-25T08:00:00+00:00,1.16374,1.1634,1.16338,1.16378,228
2026-05-25T08:01:00+00:00,1.16341,1.163435,1.16341,1.16349,93
2026-05-25T08:02:00+00:00,1.16343,1.163315,1.163305,1.16344,157
2026-05-25T08:03:00+00:00,1.16331,1.163435,1.163305,1.163485,108
2026-05-25T08:04:00+00:00,1.16344,1.163495,1.16344,1.163545,95
2026-05-25T08:05:00+00:00,1.163495,1.163465,1.163465,1.16353,84
2026-05-25T08:06:00+00:00,1.16347,1.163685,1.16347,1.163685,124
2026-05-25T08:07:00+00:00,1.16368,1.16383,1.163645,1.16383,83
2026-05-25T08:08:00+00:00,1.16383,1.16387,1.163805,1.1639,75
2026-05-25T08:09:00+00:00,1.163865,1.16391,1.163815,1.16393,99
2026-05-25T08:10:00+00:00,1.163915,1.164045,1.16391,1.164045,105
2026-05-25T08:11:00+00:00,1.164035,1.16396,1.163955,1.164055,94
2026-05-25T08:12:00+00:00,1.163965,1.163975,1.16394,1.163985,96
2026-05-25T08:13:00+00:00,1.16397,1.16398,1.16393,1.16399,94
2026-05-25T08:14:00+00:00,1.163975,1.16394,1.163925,1.164045,76
2026-05-25T08:15:00+00:00,1.16394,1.16388,1.16387,1.16397,76
2026-05-25T08:16:00+00:00,1.163885,1.16388,1.163875,1.163905,46
2026-05-25T08:17:00+00:00,1.16388,1.16393,1.16388,1.163935,66
2026-05-25T08:18:00+00:00,1.16393,1.16393,1.163875,1.163935,62
2026-05-25T08:19:00+00:00,1.16393,1.16393,1.1639,1.163975,92
2026-05-25T08:20:00+00:00,1.163935,1.16396,1.163935,1.16404,111
2026-05-25T08:21:00+00:00,1.16396,1.16397,1.16392,1.163985,105
2026-05-25T08:22:00+00:00,1.163975,1.163875,1.163865,1.16398,104
2026-05-25T08:23:00+00:00,1.16388,1.163895,1.163835,1.163905,77
2026-05-25T08:24:00+00:00,1.16389,1.16389,1.163885,1.16392,62
2026-05-25T08:25:00+00:00,1.16389,1.16393,1.163865,1.163935,77
2026-05-25T08:26:00+00:00,1.16393,1.16397,1.1639,1.16398,97
2026-05-25T08:27:00+00:00,1.163975,1.164015,1.16395,1.16404,80
2026-05-25T08:28:00+00:00,1.16401,1.16402,1.163975,1.164035,51
2026-05-25T08:29:00+00:00,1.164025,1.164045,1.16401,1.164085,94
2026-05-25T08:30:00+00:00,1.16405,1.164245,1.16402,1.164245,118
2026-05-25T08:31:00+00:00,1.16424,1.164295,1.164215,1.164295,47
2026-05-25T08:32:00+00:00,1.164295,1.16434,1.164295,1.16436,47
2026-05-25T08:33:00+00:00,1.16434,1.164385,1.164315,1.16439,116
2026-05-25T08:34:00+00:00,1.164385,1.164345,1.16428,1.16439,78
2026-05-25T08:35:00+00:00,1.16435,1.16433,1.16432,1.164425,118
2026-05-25T08:36:00+00:00,1.16432,1.1642,1.164175,1.164325,155
2026-05-25T08:37:00+00:00,1.164205,1.16428,1.1642,1.16431,54
2026-05-25T08:38:00+00:00,1.16428,1.164255,1.16424,1.164325,80
2026-05-25T08:39:00+00:00,1.164245,1.164325,1.16423,1.16434,72
2026-05-25T08:40:00+00:00,1.16432,1.16438,1.16432,1.16441,103
2026-05-25T08:41:00+00:00,1.164375,1.16439,1.16433,1.164435,250
2026-05-25T08:42:00+00:00,1.164385,1.16434,1.16434,1.164425,111
2026-05-25T08:43:00+00:00,1.164345,1.164245,1.16423,1.16437,136
2026-05-25T08:44:00+00:00,1.16424,1.164235,1.164195,1.16426,90
2026-05-25T08:45:00+00:00,1.164235,1.1643,1.16421,1.1643,109
2026-05-25T08:46:00+00:00,1.164295,1.164285,1.16425,1.1643,103
2026-05-25T08:47:00+00:00,1.164285,1.16429,1.16427,1.1643,132
2026-05-25T08:48:00+00:00,1.16429,1.164335,1.16429,1.164345,110
2026-05-25T08:49:00+00:00,1.16433,1.16436,1.164305,1.16439,91
2026-05-25T08:50:00+00:00,1.16436,1.16425,1.164245,1.16437,226
2026-05-25T08:51:00+00:00,1.164245,1.16428,1.164215,1.164325,143
2026-05-25T08:52:00+00:00,1.16428,1.16429,1.16424,1.1643,113
2026-05-25T08:53:00+00:00,1.16429,1.164285,1.16428,1.164325,45
2026-05-25T08:54:00+00:00,1.164295,1.164385,1.164285,1.16439,42
2026-05-25T08:55:00+00:00,1.164385,1.164325,1.16431,1.164395,62
2026-05-25T08:56:00+00:00,1.164325,1.16424,1.16423,1.164325,73
2026-05-25T08:57:00+00:00,1.164245,1.16438,1.164245,1.164385,69
2026-05-25T08:58:00+00:00,1.164375,1.16439,1.16436,1.16443,71
2026-05-25T08:59:00+00:00,1.16439,1.164375,1.164375,1.16442,50
2026-05-25T09:00:00+00:00,1.16438,1.164375,1.164345,1.164385,34
2026-05-25T09:01:00+00:00,1.164375,1.164495,1.16437,1.1645,59
2026-05-25T09:02:00+00:00,1.164495,1.16446,1.16444,1.164525,85
2026-05-25T09:03:00+00:00,1.16446,1.164405,1.164405,1.16448,43
2026-05-25T09:04:00+00:00,1.164405,1.16441,1.164405,1.164435,52
2026-05-25T09:05:00+00:00,1.164415,1.16446,1.164375,1.16448,65
2026-05-25T09:06:00+00:00,1.164465,1.16433,1.16432,1.164505,91
2026-05-25T09:07:00+00:00,1.16433,1.16431,1.16431,1.164345,14
2026-05-25T09:08:00+00:00,1.164305,1.16423,1.16422,1.16431,33
2026-05-25T09:09:00+00:00,1.164225,1.16423,1.164225,1.16426,58
2026-05-25T09:10:00+00:00,1.16423,1.16433,1.164215,1.16433,44
2026-05-25T09:11:00+00:00,1.16433,1.16434,1.16433,1.16437,71
2026-05-25T09:12:00+00:00,1.164345,1.16431,1.164275,1.16436,79
2026-05-25T09:13:00+00:00,1.16431,1.16421,1.16415,1.164325,74
2026-05-25T09:14:00+00:00,1.16421,1.164165,1.16413,1.16421,61
2026-05-25T09:15:00+00:00,1.164165,1.16408,1.164075,1.164185,46
2026-05-25T09:16:00+00:00,1.164075,1.164215,1.164025,1.164215,100
2026-05-25T09:17:00+00:00,1.16421,1.16421,1.16418,1.16422,71
2026-05-25T09:18:00+00:00,1.16421,1.164235,1.164185,1.164235,56
2026-05-25T09:19:00+00:00,1.164235,1.164255,1.16418,1.16426,47
2026-05-25T09:20:00+00:00,1.16426,1.16427,1.16426,1.164295,13
2026-05-25T09:21:00+00:00,1.16427,1.16423,1.164215,1.164285,25
2026-05-25T09:22:00+00:00,1.16423,1.16423,1.16423,1.16427,30
2026-05-25T09:23:00+00:00,1.16423,1.16423,1.164185,1.164235,36
2026-05-25T09:24:00+00:00,1.16423,1.16428,1.16423,1.164305,63
2026-05-25T09:25:00+00:00,1.16428,1.164275,1.16426,1.164285,28
2026-05-25T09:26:00+00:00,1.164275,1.164315,1.164275,1.16434,56
2026-05-25T09:27:00+00:00,1.16432,1.164375,1.16432,1.16439,43
2026-05-25T09:28:00+00:00,1.164375,1.16433,1.164315,1.1644,65
2026-05-25T09:29:00+00:00,1.16433,1.16423,1.16423,1.164335,90
2026-05-25T09:30:00+00:00,1.164235,1.16426,1.164215,1.16427,167
2026-05-25T09:31:00+00:00,1.16426,1.1643,1.164255,1.1643,102
2026-05-25T09:32:00+00:00,1.1643,1.16431,1.16429,1.164335,66
2026-05-25T09:33:00+00:00,1.16431,1.1643,1.16428,1.164325,28
2026-05-25T09:34:00+00:00,1.164295,1.16426,1.16423,1.164325,77
2026-05-25T09:35:00+00:00,1.16426,1.16427,1.16422,1.164275,59
2026-05-25T09:36:00+00:00,1.16427,1.16421,1.16421,1.16428,42
2026-05-25T09:37:00+00:00,1.16421,1.16427,1.16421,1.16427,50
2026-05-25T09:38:00+00:00,1.16427,1.16428,1.164265,1.16428,8
2026-05-25T09:39:00+00:00,1.164275,1.1643,1.164225,1.16432,52
2026-05-25T09:40:00+00:00,1.164305,1.164355,1.164305,1.16436,49
2026-05-25T09:41:00+00:00,1.164355,1.16434,1.16433,1.1644,51
2026-05-25T09:42:00+00:00,1.16434,1.164395,1.164335,1.1644,36
2026-05-25T09:43:00+00:00,1.1644,1.16442,1.16439,1.164425,53
2026-05-25T09:44:00+00:00,1.16442,1.164465,1.16442,1.16448,47
2026-05-25T09:45:00+00:00,1.164475,1.16435,1.164345,1.164475,77
2026-05-25T09:46:00+00:00,1.164355,1.164405,1.16435,1.164435,62
2026-05-25T09:47:00+00:00,1.164405,1.16439,1.16438,1.164425,25
2026-05-25T09:48:00+00:00,1.164385,1.164225,1.164225,1.16439,61
2026-05-25T09:49:00+00:00,1.164235,1.16424,1.16423,1.16426,30
2026-05-25T09:50:00+00:00,1.16424,1.164245,1.164215,1.16429,45
2026-05-25T09:51:00+00:00,1.164245,1.16419,1.16419,1.16425,47
2026-05-25T09:52:00+00:00,1.164195,1.164155,1.16414,1.1642,93
2026-05-25T09:53:00+00:00,1.164145,1.164215,1.164145,1.164235,94
2026-05-25T09:54:00+00:00,1.164215,1.164215,1.16421,1.164225,26
2026-05-25T09:55:00+00:00,1.164215,1.16422,1.16419,1.16424,63
2026-05-25T09:56:00+00:00,1.16422,1.16423,1.16421,1.164235,40
2026-05-25T09:57:00+00:00,1.16423,1.164165,1.164165,1.16423,32
2026-05-25T09:58:00+00:00,1.16417,1.16407,1.16406,1.164175,70
2026-05-25T09:59:00+00:00,1.164065,1.164155,1.16405,1.16416,101
2026-05-25T10:00:00+00:00,1.16415,1.16423,1.164135,1.164235,133
2026-05-25T10:01:00+00:00,1.16423,1.16426,1.164215,1.164265,51
2026-05-25T10:02:00+00:00,1.164265,1.16428,1.16426,1.16428,34
2026-05-25T10:03:00+00:00,1.16428,1.16423,1.16422,1.16428,33
2026-05-25T10:04:00+00:00,1.164235,1.16426,1.164215,1.16428,37
2026-05-25T10:05:00+00:00,1.164255,1.164295,1.164245,1.1643,37
2026-05-25T10:06:00+00:00,1.16429,1.164225,1.16422,1.164295,50
2026-05-25T10:07:00+00:00,1.164225,1.1643,1.164225,1.164325,36
2026-05-25T10:08:00+00:00,1.164305,1.164265,1.164215,1.164315,101
2026-05-25T10:09:00+00:00,1.164265,1.16431,1.164265,1.16432,36
2026-05-25T10:10:00+00:00,1.16431,1.164285,1.16426,1.16432,39
2026-05-25T10:11:00+00:00,1.16428,1.164295,1.16428,1.16433,66
2026-05-25T10:12:00+00:00,1.164295,1.164285,1.16428,1.164325,58
2026-05-25T10:13:00+00:00,1.16428,1.16425,1.164235,1.1643,49
2026-05-25T10:14:00+00:00,1.164255,1.16427,1.16423,1.16428,31
2026-05-25T10:15:00+00:00,1.16427,1.164305,1.16427,1.164315,96
2026-05-25T10:16:00+00:00,1.16431,1.16433,1.164305,1.16435,56
2026-05-25T10:17:00+00:00,1.164335,1.16443,1.16433,1.16443,54
2026-05-25T10:18:00+00:00,1.16443,1.164415,1.16436,1.16443,58
2026-05-25T10:19:00+00:00,1.164415,1.164385,1.164385,1.164435,43
2026-05-25T10:20:00+00:00,1.164385,1.16429,1.16429,1.164385,94
2026-05-25T10:21:00+00:00,1.16429,1.164345,1.164285,1.164365,58
2026-05-25T10:22:00+00:00,1.16434,1.164325,1.16432,1.16435,22
2026-05-25T10:23:00+00:00,1.16433,1.16431,1.16427,1.16434,107
2026-05-25T10:24:00+00:00,1.164305,1.164275,1.164275,1.16431,28
2026-05-25T10:25:00+00:00,1.16427,1.164235,1.16421,1.164275,31
2026-05-25T10:26:00+00:00,1.16423,1.164265,1.164215,1.164265,46
2026-05-25T10:27:00+00:00,1.16426,1.164265,1.164235,1.164295,34
2026-05-25T10:28:00+00:00,1.16427,1.164235,1.164235,1.16427,24
2026-05-25T10:29:00+00:00,1.16424,1.164195,1.16419,1.16426,38
2026-05-25T10:30:00+00:00,1.164195,1.16425,1.16417,1.16425,33
2026-05-25T10:31:00+00:00,1.16425,1.164245,1.16423,1.16425,11
2026-05-25T10:32:00+00:00,1.164245,1.164175,1.164145,1.164255,74
2026-05-25T10:33:00+00:00,1.164175,1.164195,1.16417,1.16421,53
2026-05-25T10:34:00+00:00,1.1642,1.16418,1.164165,1.1642,29
2026-05-25T10:35:00+00:00,1.16418,1.16418,1.164175,1.16419,21
2026-05-25T10:36:00+00:00,1.16418,1.16424,1.16415,1.16424,40
2026-05-25T10:37:00+00:00,1.164245,1.164235,1.164215,1.16425,45
2026-05-25T10:38:00+00:00,1.16423,1.164235,1.164225,1.164245,24
2026-05-25T10:39:00+00:00,1.164235,1.16427,1.16423,1.16429,36
2026-05-25T10:40:00+00:00,1.164275,1.16428,1.164265,1.164315,33
2026-05-25T10:41:00+00:00,1.16428,1.164325,1.164275,1.164335,92
2026-05-25T10:42:00+00:00,1.164325,1.164285,1.164285,1.16433,51
2026-05-25T10:43:00+00:00,1.164285,1.164315,1.16428,1.164325,46
2026-05-25T10:44:00+00:00,1.16432,1.164385,1.164315,1.16439,37
2026-05-25T10:45:00+00:00,1.164385,1.16435,1.164325,1.164405,95
2026-05-25T10:46:00+00:00,1.164355,1.164325,1.16431,1.16436,60
2026-05-25T10:47:00+00:00,1.164325,1.164325,1.164315,1.164335,18
2026-05-25T10:48:00+00:00,1.164325,1.16432,1.16432,1.16434,17
2026-05-25T10:49:00+00:00,1.16432,1.164335,1.16432,1.16434,28
2026-05-25T10:50:00+00:00,1.16434,1.16433,1.16433,1.16435,31
2026-05-25T10:51:00+00:00,1.16433,1.164325,1.1643,1.16433,73
2026-05-25T10:52:00+00:00,1.16432,1.16429,1.164285,1.164345,43
2026-05-25T10:53:00+00:00,1.16429,1.16431,1.164285,1.16432,38
2026-05-25T10:54:00+00:00,1.164305,1.164245,1.164235,1.164315,34
2026-05-25T10:55:00+00:00,1.164245,1.164235,1.164225,1.164245,10
2026-05-25T10:56:00+00:00,1.164235,1.164215,1.16419,1.16424,36
2026-05-25T10:57:00+00:00,1.164215,1.16419,1.16419,1.164245,48
2026-05-25T10:58:00+00:00,1.16419,1.164295,1.164175,1.164305,50
2026-05-25T10:59:00+00:00,1.1643,1.16429,1.16427,1.164335,68
2026-05-25T11:00:00+00:00,1.164295,1.164235,1.16423,1.164315,95
2026-05-25T11:01:00+00:00,1.16424,1.16424,1.16423,1.16426,66
2026-05-25T11:02:00+00:00,1.164235,1.16417,1.16417,1.164285,73
2026-05-25T11:03:00+00:00,1.16417,1.16418,1.16416,1.164185,27
2026-05-25T11:04:00+00:00,1.16418,1.16418,1.16417,1.164215,40
2026-05-25T11:05:00+00:00,1.16418,1.16413,1.164125,1.16418,58
2026-05-25T11:06:00+00:00,1.16413,1.16407,1.164035,1.164135,98
2026-05-25T11:07:00+00:00,1.16407,1.164085,1.16406,1.16409,99
2026-05-25T11:08:00+00:00,1.164085,1.16408,1.164065,1.164105,48
2026-05-25T11:09:00+00:00,1.164085,1.164135,1.16408,1.16417,63
2026-05-25T11:10:00+00:00,1.16414,1.16419,1.16413,1.1642,71
2026-05-25T11:11:00+00:00,1.16419,1.16419,1.164155,1.1642,80
2026-05-25T11:12:00+00:00,1.164185,1.16419,1.164145,1.16422,77
2026-05-25T11:13:00+00:00,1.16419,1.16419,1.164175,1.16422,45
2026-05-25T11:14:00+00:00,1.164185,1.16418,1.164175,1.16419,18
2026-05-25T11:15:00+00:00,1.164175,1.16419,1.164175,1.16422,36
2026-05-25T11:16:00+00:00,1.16419,1.16424,1.164175,1.16429,45
2026-05-25T11:17:00+00:00,1.164245,1.164335,1.16424,1.16434,32
2026-05-25T11:18:00+00:00,1.164335,1.16434,1.164305,1.164355,34
2026-05-25T11:19:00+00:00,1.164345,1.16438,1.16434,1.16439,24
2026-05-25T11:20:00+00:00,1.16438,1.16436,1.16434,1.16439,59
2026-05-25T11:21:00+00:00,1.164355,1.16442,1.16435,1.16444,56
2026-05-25T11:22:00+00:00,1.164425,1.16441,1.164405,1.164435,40
2026-05-25T11:23:00+00:00,1.164405,1.164395,1.16438,1.16443,68
2026-05-25T11:24:00+00:00,1.164395,1.164405,1.16439,1.164415,76
2026-05-25T11:25:00+00:00,1.164405,1.164425,1.164405,1.16444,49
2026-05-25T11:26:00+00:00,1.16443,1.16436,1.16436,1.164445,68
2026-05-25T11:27:00+00:00,1.164365,1.16439,1.16436,1.164475,112
2026-05-25T11:28:00+00:00,1.164385,1.164385,1.16436,1.164385,21
2026-05-25T11:29:00+00:00,1.164385,1.16445,1.164385,1.164475,73
2026-05-25T11:30:00+00:00,1.164445,1.16452,1.164445,1.164595,90
2026-05-25T11:31:00+00:00,1.16453,1.164525,1.164515,1.164555,57
2026-05-25T11:32:00+00:00,1.16453,1.16449,1.164465,1.164595,99
2026-05-25T11:33:00+00:00,1.164495,1.16447,1.164465,1.16468,166
2026-05-25T11:34:00+00:00,1.16447,1.164475,1.16445,1.16449,47
2026-05-25T11:35:00+00:00,1.164475,1.164485,1.16443,1.16451,60
2026-05-25T11:36:00+00:00,1.16449,1.164665,1.16449,1.164675,81
2026-05-25T11:37:00+00:00,1.16467,1.16471,1.16465,1.16472,125
2026-05-25T11:38:00+00:00,1.16471,1.16468,1.16467,1.16473,70
2026-05-25T11:39:00+00:00,1.164685,1.164835,1.164685,1.164845,123
2026-05-25T11:40:00+00:00,1.16484,1.164945,1.164835,1.16495,104
2026-05-25T11:41:00+00:00,1.164945,1.164895,1.16486,1.16495,63
2026-05-25T11:42:00+00:00,1.16489,1.16492,1.164865,1.164925,51
2026-05-25T11:43:00+00:00,1.16492,1.164945,1.164915,1.16496,85
2026-05-25T11:44:00+00:00,1.164945,1.16498,1.164935,1.165,61
2026-05-25T11:45:00+00:00,1.164985,1.164865,1.16486,1.16507,197
2026-05-25T11:46:00+00:00,1.16486,1.16489,1.164815,1.164925,77
2026-05-25T11:47:00+00:00,1.1649,1.16482,1.16481,1.164975,66
2026-05-25T11:48:00+00:00,1.164815,1.16478,1.164765,1.16485,75
2026-05-25T11:49:00+00:00,1.164775,1.16471,1.16471,1.164775,69
2026-05-25T11:50:00+00:00,1.16471,1.16474,1.16471,1.164755,72
2026-05-25T11:51:00+00:00,1.16475,1.16474,1.16471,1.16475,69
2026-05-25T11:52:00+00:00,1.164745,1.16482,1.164735,1.16483,70
2026-05-25T11:53:00+00:00,1.164825,1.16483,1.164795,1.16484,81
2026-05-25T11:54:00+00:00,1.164825,1.16479,1.16475,1.16483,109
2026-05-25T11:55:00+00:00,1.164795,1.164665,1.16458,1.16481,197
2026-05-25T11:56:00+00:00,1.16467,1.16467,1.164665,1.16483,242
2026-05-25T11:57:00+00:00,1.16467,1.16451,1.16444,1.16469,182
2026-05-25T11:58:00+00:00,1.164515,1.164435,1.164435,1.16452,125
2026-05-25T11:59:00+00:00,1.16443,1.16439,1.164355,1.16443,150
2026-05-25T12:00:00+00:00,1.164395,1.164355,1.16426,1.16441,180
2026-05-25T12:01:00+00:00,1.16436,1.16435,1.164345,1.164375,39
2026-05-25T12:02:00+00:00,1.16435,1.164365,1.164285,1.164375,73
2026-05-25T12:03:00+00:00,1.164365,1.164355,1.16435,1.164405,49
2026-05-25T12:04:00+00:00,1.16436,1.16448,1.16436,1.16449,86
2026-05-25T12:05:00+00:00,1.164475,1.164425,1.16441,1.1645,63
2026-05-25T12:06:00+00:00,1.16443,1.16435,1.16435,1.16444,68
2026-05-25T12:07:00+00:00,1.164345,1.164385,1.164325,1.16442,57
2026-05-25T12:08:00+00:00,1.164395,1.16445,1.16434,1.16446,82
2026-05-25T12:09:00+00:00,1.164455,1.16434,1.16434,1.16447,85
2026-05-25T12:10:00+00:00,1.164345,1.164385,1.164325,1.164405,84
2026-05-25T12:11:00+00:00,1.16438,1.16442,1.16435,1.16442,108
2026-05-25T12:12:00+00:00,1.164425,1.1645,1.16438,1.1645,60
2026-05-25T12:13:00+00:00,1.164495,1.164615,1.164475,1.164635,96
2026-05-25T12:14:00+00:00,1.16461,1.16458,1.16456,1.16463,79
2026-05-25T12:15:00+00:00,1.164585,1.164535,1.16453,1.164585,59
2026-05-25T12:16:00+00:00,1.16454,1.164585,1.16454,1.16464,94
2026-05-25T12:17:00+00:00,1.164585,1.16449,1.16449,1.16464,74
2026-05-25T12:18:00+00:00,1.16449,1.16458,1.16448,1.16458,58
2026-05-25T12:19:00+00:00,1.164575,1.164575,1.16456,1.164615,57
2026-05-25T12:20:00+00:00,1.16457,1.16443,1.164425,1.16457,77
2026-05-25T12:21:00+00:00,1.164425,1.164435,1.1644,1.16448,48
2026-05-25T12:22:00+00:00,1.164435,1.16448,1.16443,1.1645,66
2026-05-25T12:23:00+00:00,1.16448,1.16457,1.164415,1.16471,303
2026-05-25T12:24:00+00:00,1.164565,1.16453,1.164485,1.164615,203
2026-05-25T12:25:00+00:00,1.16453,1.16449,1.16448,1.16458,266
2026-05-25T12:26:00+00:00,1.164485,1.16437,1.164365,1.16449,128
2026-05-25T12:27:00+00:00,1.164375,1.16441,1.16437,1.16446,93
2026-05-25T12:28:00+00:00,1.16441,1.164415,1.164385,1.16444,113
2026-05-25T12:29:00+00:00,1.164415,1.164415,1.16439,1.16444,68
2026-05-25T12:30:00+00:00,1.16442,1.16446,1.16442,1.164465,109
2026-05-25T12:31:00+00:00,1.16446,1.16478,1.16446,1.164795,128
2026-05-25T12:32:00+00:00,1.16478,1.16488,1.16478,1.16489,150
2026-05-25T12:33:00+00:00,1.164875,1.164805,1.164785,1.164875,82
2026-05-25T12:34:00+00:00,1.1648,1.164905,1.1648,1.164935,79
2026-05-25T12:35:00+00:00,1.1649,1.164875,1.16481,1.164905,109
2026-05-25T12:36:00+00:00,1.16488,1.164875,1.164805,1.164885,64
2026-05-25T12:37:00+00:00,1.164875,1.16486,1.16483,1.164895,44
2026-05-25T12:38:00+00:00,1.164865,1.1648,1.1648,1.16488,64
2026-05-25T12:39:00+00:00,1.1648,1.164835,1.164775,1.164835,44
2026-05-25T12:40:00+00:00,1.16483,1.164835,1.164815,1.164885,69
2026-05-25T12:41:00+00:00,1.164835,1.16487,1.164825,1.164885,47
2026-05-25T12:42:00+00:00,1.16487,1.16492,1.164845,1.164935,49
2026-05-25T12:43:00+00:00,1.164925,1.16495,1.16487,1.16496,81
2026-05-25T12:44:00+00:00,1.16495,1.165035,1.16493,1.16506,103
2026-05-25T12:45:00+00:00,1.165035,1.16513,1.164825,1.16515,270
2026-05-25T12:46:00+00:00,1.165125,1.165255,1.165085,1.165285,307
2026-05-25T12:47:00+00:00,1.16525,1.165135,1.16511,1.16525,130
2026-05-25T12:48:00+00:00,1.16514,1.16506,1.16503,1.165145,88
2026-05-25T12:49:00+00:00,1.165065,1.16498,1.16496,1.16507,98
2026-05-25T12:50:00+00:00,1.16498,1.164925,1.164925,1.16506,86
2026-05-25T12:51:00+00:00,1.16493,1.164875,1.16487,1.16498,105
2026-05-25T12:52:00+00:00,1.164875,1.16481,1.16479,1.164875,69
2026-05-25T12:53:00+00:00,1.164805,1.16481,1.16477,1.16481,56
2026-05-25T12:54:00+00:00,1.164805,1.164825,1.16479,1.164855,42
2026-05-25T12:55:00+00:00,1.16483,1.164865,1.164825,1.164875,34
2026-05-25T12:56:00+00:00,1.164865,1.164935,1.164845,1.164935,56
2026-05-25T12:57:00+00:00,1.164935,1.164825,1.164825,1.164935,42
2026-05-25T12:58:00+00:00,1.164825,1.16481,1.164755,1.164825,82
2026-05-25T12:59:00+00:00,1.164795,1.164825,1.164795,1.16484,55
2026-05-25T13:00:00+00:00,1.16483,1.164885,1.1648,1.16489,91
2026-05-25T13:01:00+00:00,1.16489,1.16491,1.16486,1.164935,100
2026-05-25T13:02:00+00:00,1.164915,1.16494,1.16484,1.16494,94
2026-05-25T13:03:00+00:00,1.164945,1.164925,1.1649,1.164965,110
2026-05-25T13:04:00+00:00,1.16493,1.1649,1.16485,1.16498,122
2026-05-25T13:05:00+00:00,1.1649,1.164915,1.164875,1.16493,82
2026-05-25T13:06:00+00:00,1.164905,1.16491,1.164885,1.16497,53
2026-05-25T13:07:00+00:00,1.164905,1.16496,1.16487,1.164975,91
2026-05-25T13:08:00+00:00,1.164955,1.164935,1.16492,1.164975,70
2026-05-25T13:09:00+00:00,1.164935,1.164935,1.16486,1.16496,55
2026-05-25T13:10:00+00:00,1.164935,1.16491,1.16489,1.164935,43
2026-05-25T13:11:00+00:00,1.164905,1.1647,1.16469,1.16493,120
2026-05-25T13:12:00+00:00,1.164695,1.164665,1.164635,1.164735,112
2026-05-25T13:13:00+00:00,1.16467,1.164705,1.164635,1.16471,47
2026-05-25T13:14:00+00:00,1.1647,1.164715,1.164685,1.164745,39
2026-05-25T13:15:00+00:00,1.164725,1.164685,1.164625,1.164735,70
2026-05-25T13:16:00+00:00,1.16469,1.164585,1.16453,1.16469,86
2026-05-25T13:17:00+00:00,1.164585,1.164525,1.164475,1.164615,169
2026-05-25T13:18:00+00:00,1.16451,1.16452,1.164475,1.164535,77
2026-05-25T13:19:00+00:00,1.164525,1.16449,1.164475,1.16454,136
2026-05-25T13:20:00+00:00,1.16449,1.16449,1.16448,1.164505,46
2026-05-25T13:21:00+00:00,1.16449,1.16453,1.164405,1.16454,75
2026-05-25T13:22:00+00:00,1.16453,1.16452,1.164485,1.164545,71
2026-05-25T13:23:00+00:00,1.164515,1.164485,1.164435,1.164515,53
2026-05-25T13:24:00+00:00,1.16448,1.16447,1.16444,1.16449,75
2026-05-25T13:25:00+00:00,1.164475,1.164435,1.16443,1.164475,14
2026-05-25T13:26:00+00:00,1.164435,1.16457,1.164435,1.164585,64
2026-05-25T13:27:00+00:00,1.16457,1.164525,1.16452,1.16458,35
2026-05-25T13:28:00+00:00,1.16452,1.16443,1.164385,1.164525,64
2026-05-25T13:29:00+00:00,1.164425,1.16441,1.164405,1.164435,57
2026-05-25T13:30:00+00:00,1.164415,1.16431,1.16428,1.16443,133
2026-05-25T13:31:00+00:00,1.164305,1.16442,1.164265,1.164425,103
2026-05-25T13:32:00+00:00,1.164425,1.164315,1.164315,1.164425,78
2026-05-25T13:33:00+00:00,1.16432,1.164435,1.164285,1.164455,124
2026-05-25T13:34:00+00:00,1.16443,1.1644,1.164375,1.16443,106
2026-05-25T13:35:00+00:00,1.164405,1.164365,1.164365,1.16441,45
2026-05-25T13:36:00+00:00,1.16436,1.16426,1.164245,1.16438,111
2026-05-25T13:37:00+00:00,1.16427,1.16434,1.16427,1.16436,84
2026-05-25T13:38:00+00:00,1.164335,1.164265,1.164235,1.164335,74
2026-05-25T13:39:00+00:00,1.16426,1.164365,1.16426,1.164405,71
2026-05-25T13:40:00+00:00,1.16437,1.164335,1.164285,1.164405,78
2026-05-25T13:41:00+00:00,1.164335,1.164275,1.16422,1.16435,83
2026-05-25T13:42:00+00:00,1.164275,1.16421,1.164185,1.164295,85
2026-05-25T13:43:00+00:00,1.16421,1.16418,1.16417,1.16427,78
2026-05-25T13:44:00+00:00,1.16418,1.16418,1.16415,1.164215,65
2026-05-25T13:45:00+00:00,1.16418,1.1641,1.1641,1.16418,59
2026-05-25T13:46:00+00:00,1.164095,1.1641,1.16403,1.164105,89
2026-05-25T13:47:00+00:00,1.164095,1.16395,1.16391,1.164105,72
2026-05-25T13:48:00+00:00,1.163955,1.164085,1.163955,1.164095,66
2026-05-25T13:49:00+00:00,1.164085,1.164095,1.164085,1.1641,25
2026-05-25T13:50:00+00:00,1.164095,1.164085,1.164085,1.164145,26
2026-05-25T13:51:00+00:00,1.164085,1.1643,1.164085,1.1643,120
2026-05-25T13:52:00+00:00,1.164295,1.16429,1.16423,1.1643,49
2026-05-25T13:53:00+00:00,1.164295,1.16416,1.16412,1.164305,57
2026-05-25T13:54:00+00:00,1.16416,1.164085,1.164085,1.16416,35
2026-05-25T13:55:00+00:00,1.16409,1.16411,1.16406,1.164125,33
2026-05-25T13:56:00+00:00,1.164095,1.164035,1.164035,1.1641,19
2026-05-25T13:57:00+00:00,1.164035,1.16399,1.163965,1.164035,59
2026-05-25T13:58:00+00:00,1.163995,1.1639,1.163895,1.163995,78
2026-05-25T13:59:00+00:00,1.163905,1.16388,1.16388,1.16399,107
2026-05-25T14:00:00+00:00,1.163875,1.16388,1.16384,1.163925,69
2026-05-25T14:01:00+00:00,1.16388,1.163925,1.16386,1.163935,78
2026-05-25T14:02:00+00:00,1.16393,1.16393,1.16388,1.164015,170
2026-05-25T14:03:00+00:00,1.16393,1.164055,1.163925,1.16406,48
2026-05-25T14:04:00+00:00,1.164055,1.16416,1.16405,1.164185,77
2026-05-25T14:05:00+00:00,1.16416,1.16413,1.16412,1.164165,41
2026-05-25T14:06:00+00:00,1.16413,1.16413,1.16413,1.16414,4
2026-05-25T14:07:00+00:00,1.16413,1.164035,1.16402,1.16413,55
2026-05-25T14:08:00+00:00,1.16403,1.16403,1.16403,1.164065,30
2026-05-25T14:09:00+00:00,1.16403,1.16413,1.16403,1.164145,48
2026-05-25T14:10:00+00:00,1.16413,1.164085,1.164085,1.164145,51
2026-05-25T14:11:00+00:00,1.164085,1.164075,1.164075,1.16409,20
2026-05-25T14:12:00+00:00,1.164075,1.16397,1.163965,1.164085,52
2026-05-25T14:13:00+00:00,1.163975,1.16393,1.16392,1.163995,85
2026-05-25T14:14:00+00:00,1.16393,1.16394,1.16393,1.16397,27
2026-05-25T14:15:00+00:00,1.16394,1.16401,1.16394,1.16401,107
2026-05-25T14:16:00+00:00,1.164015,1.16404,1.164015,1.16406,27
2026-05-25T14:17:00+00:00,1.16404,1.164015,1.16401,1.16404,35
2026-05-25T14:18:00+00:00,1.164015,1.16408,1.16401,1.16409,49
2026-05-25T14:19:00+00:00,1.16408,1.16411,1.16406,1.164115,39
2026-05-25T14:20:00+00:00,1.16412,1.164145,1.16412,1.16418,50
2026-05-25T14:21:00+00:00,1.16415,1.164245,1.16415,1.164265,58
2026-05-25T14:22:00+00:00,1.16424,1.164215,1.164135,1.16424,41
2026-05-25T14:23:00+00:00,1.16422,1.164295,1.164175,1.164295,39
2026-05-25T14:24:00+00:00,1.16429,1.16424,1.16424,1.16429,18
2026-05-25T14:25:00+00:00,1.16424,1.16421,1.164185,1.16425,48
2026-05-25T14:26:00+00:00,1.16421,1.16419,1.16417,1.16421,30
2026-05-25T14:27:00+00:00,1.164185,1.164185,1.164175,1.16419,29
2026-05-25T14:28:00+00:00,1.16419,1.16417,1.16416,1.16423,61
2026-05-25T14:29:00+00:00,1.164165,1.16413,1.164125,1.16419,69
2026-05-25T14:30:00+00:00,1.164125,1.16413,1.16409,1.16414,92
2026-05-25T14:31:00+00:00,1.16413,1.16408,1.164065,1.164145,61
2026-05-25T14:32:00+00:00,1.164075,1.164065,1.164045,1.164115,66
2026-05-25T14:33:00+00:00,1.164065,1.164045,1.164025,1.16407,69
2026-05-25T14:34:00+00:00,1.16405,1.16417,1.16403,1.164185,73
2026-05-25T14:35:00+00:00,1.164175,1.164135,1.16413,1.16419,31
2026-05-25T14:36:00+00:00,1.16414,1.16418,1.164135,1.1642,29
2026-05-25T14:37:00+00:00,1.16418,1.16411,1.16411,1.1642,39
2026-05-25T14:38:00+00:00,1.16411,1.164185,1.16411,1.1642,32
2026-05-25T14:39:00+00:00,1.164175,1.1642,1.16415,1.164235,40
2026-05-25T14:40:00+00:00,1.164205,1.16419,1.16418,1.164235,42
2026-05-25T14:41:00+00:00,1.16419,1.164445,1.16419,1.164455,70
2026-05-25T14:42:00+00:00,1.16444,1.164365,1.16435,1.164445,46
2026-05-25T14:43:00+00:00,1.164365,1.16439,1.164355,1.1644,22
2026-05-25T14:44:00+00:00,1.164395,1.164445,1.164395,1.164485,80
2026-05-25T14:45:00+00:00,1.164445,1.164435,1.16442,1.164445,31
2026-05-25T14:46:00+00:00,1.164435,1.16453,1.16438,1.16459,114
2026-05-25T14:47:00+00:00,1.16453,1.16448,1.164425,1.16453,74
2026-05-25T14:48:00+00:00,1.16448,1.164485,1.164455,1.164555,65
2026-05-25T14:49:00+00:00,1.164495,1.164435,1.16443,1.16451,52
2026-05-25T14:50:00+00:00,1.16444,1.16445,1.16443,1.16449,50
2026-05-25T14:51:00+00:00,1.164455,1.16445,1.164425,1.16448,63
2026-05-25T14:52:00+00:00,1.164455,1.164475,1.164455,1.16449,36
2026-05-25T14:53:00+00:00,1.164475,1.16448,1.16447,1.164515,27
2026-05-25T14:54:00+00:00,1.16448,1.16433,1.16428,1.16449,92
2026-05-25T14:55:00+00:00,1.164325,1.16458,1.164325,1.164595,124
2026-05-25T14:56:00+00:00,1.16458,1.1646,1.16454,1.164645,96
2026-05-25T14:57:00+00:00,1.1646,1.164075,1.164075,1.1646,211
2026-05-25T14:58:00+00:00,1.16409,1.1642,1.164075,1.164275,195
2026-05-25T14:59:00+00:00,1.16419,1.164205,1.16416,1.16426,123
2026-05-25T15:00:00+00:00,1.1642,1.16415,1.164105,1.164205,101
2026-05-25T15:01:00+00:00,1.164145,1.164145,1.16413,1.16416,89
2026-05-25T15:02:00+00:00,1.164145,1.16408,1.163965,1.16415,165
2026-05-25T15:03:00+00:00,1.164075,1.16411,1.16404,1.16413,138
2026-05-25T15:04:00+00:00,1.16411,1.164145,1.16406,1.164145,62
2026-05-25T15:05:00+00:00,1.164145,1.16422,1.164085,1.164235,125
2026-05-25T15:06:00+00:00,1.164215,1.16427,1.164175,1.16428,87
2026-05-25T15:07:00+00:00,1.16427,1.16427,1.164195,1.16433,84
2026-05-25T15:08:00+00:00,1.164265,1.16425,1.16418,1.164275,73
2026-05-25T15:09:00+00:00,1.16425,1.164145,1.164125,1.16425,54
2026-05-25T15:10:00+00:00,1.16414,1.16459,1.16409,1.164595,345
2026-05-25T15:11:00+00:00,1.164585,1.16471,1.164405,1.164865,602
2026-05-25T15:12:00+00:00,1.164705,1.164675,1.1646,1.16477,301
2026-05-25T15:13:00+00:00,1.16468,1.164575,1.164575,1.164705,130
2026-05-25T15:14:00+00:00,1.16458,1.164435,1.164415,1.16458,145
2026-05-25T15:15:00+00:00,1.16444,1.164465,1.164385,1.164495,115
2026-05-25T15:16:00+00:00,1.16446,1.164435,1.16439,1.164495,88
2026-05-25T15:17:00+00:00,1.164435,1.16441,1.164405,1.164485,65
2026-05-25T15:18:00+00:00,1.16442,1.16447,1.164415,1.16448,62
2026-05-25T15:19:00+00:00,1.16447,1.16456,1.16447,1.16457,49
2026-05-25T15:20:00+00:00,1.164555,1.16463,1.164555,1.16468,51
2026-05-25T15:21:00+00:00,1.16463,1.16468,1.164545,1.164685,73
2026-05-25T15:22:00+00:00,1.164675,1.164685,1.164675,1.164685,7
2026-05-25T15:23:00+00:00,1.164685,1.16473,1.164635,1.164735,55
2026-05-25T15:24:00+00:00,1.16473,1.164645,1.164645,1.164765,57
2026-05-25T15:25:00+00:00,1.164655,1.164635,1.164625,1.164695,59
2026-05-25T15:26:00+00:00,1.164635,1.164765,1.164635,1.164785,181
2026-05-25T15:27:00+00:00,1.16477,1.16463,1.16463,1.164785,70
2026-05-25T15:28:00+00:00,1.164625,1.16455,1.16452,1.16463,70
2026-05-25T15:29:00+00:00,1.16455,1.16456,1.16455,1.16461,63
2026-05-25T15:30:00+00:00,1.16455,1.16453,1.16451,1.16455,36
2026-05-25T15:31:00+00:00,1.16453,1.16458,1.164455,1.16459,60
2026-05-25T15:32:00+00:00,1.164575,1.16456,1.16454,1.164575,44
2026-05-25T15:33:00+00:00,1.164555,1.164485,1.164435,1.16459,58
2026-05-25T15:34:00+00:00,1.16448,1.164535,1.16448,1.16455,31
2026-05-25T15:35:00+00:00,1.16454,1.16453,1.16449,1.164565,35
2026-05-25T15:36:00+00:00,1.16453,1.16449,1.16449,1.16453,20
2026-05-25T15:37:00+00:00,1.16449,1.164465,1.164435,1.16449,27
2026-05-25T15:38:00+00:00,1.16446,1.1645,1.16445,1.164515,30
2026-05-25T15:39:00+00:00,1.1645,1.16453,1.1645,1.164535,25
2026-05-25T15:40:00+00:00,1.16453,1.16448,1.164465,1.16453,22
2026-05-25T15:41:00+00:00,1.16448,1.164415,1.164415,1.16449,48
2026-05-25T15:42:00+00:00,1.164415,1.16454,1.16441,1.16454,68
2026-05-25T15:43:00+00:00,1.16454,1.164485,1.164485,1.16454,36
2026-05-25T15:44:00+00:00,1.164485,1.16452,1.16448,1.164555,33
2026-05-25T15:45:00+00:00,1.164515,1.164525,1.16449,1.16454,28
2026-05-25T15:46:00+00:00,1.164525,1.16455,1.164525,1.16458,34
2026-05-25T15:47:00+00:00,1.16455,1.1645,1.16448,1.164565,31
2026-05-25T15:48:00+00:00,1.1645,1.164335,1.16433,1.164515,45
2026-05-25T15:49:00+00:00,1.164335,1.16428,1.164245,1.164335,24
2026-05-25T15:50:00+00:00,1.16428,1.16434,1.16423,1.16434,48
2026-05-25T15:51:00+00:00,1.164345,1.16438,1.16433,1.164395,31
2026-05-25T15:52:00+00:00,1.16438,1.164385,1.16437,1.164395,40
2026-05-25T15:53:00+00:00,1.16439,1.16439,1.16439,1.16442,41
2026-05-25T15:54:00+00:00,1.16439,1.164395,1.164365,1.16441,22
2026-05-25T15:55:00+00:00,1.164395,1.164425,1.164395,1.164435,13
2026-05-25T15:56:00+00:00,1.164425,1.164445,1.164425,1.16448,41
2026-05-25T15:57:00+00:00,1.16445,1.164325,1.164325,1.16445,59
2026-05-25T15:58:00+00:00,1.164325,1.16426,1.164235,1.16433,50
2026-05-25T15:59:00+00:00,1.16426,1.16421,1.164205,1.16427,36
2026-05-25T16:00:00+00:00,1.164215,1.164105,1.164105,1.16423,67
2026-05-25T16:01:00+00:00,1.164105,1.164115,1.16405,1.164135,78
2026-05-25T16:02:00+00:00,1.16411,1.164235,1.164095,1.16424,62
2026-05-25T16:03:00+00:00,1.164235,1.164215,1.16419,1.16427,43
2026-05-25T16:04:00+00:00,1.164215,1.164235,1.16419,1.16424,49
2026-05-25T16:05:00+00:00,1.16423,1.164155,1.164155,1.16423,29
2026-05-25T16:06:00+00:00,1.164155,1.16416,1.164135,1.164165,25
2026-05-25T16:07:00+00:00,1.164155,1.16413,1.16413,1.164175,33
2026-05-25T16:08:00+00:00,1.16413,1.16416,1.16413,1.16418,21
2026-05-25T16:09:00+00:00,1.164165,1.16409,1.16409,1.16418,31
2026-05-25T16:10:00+00:00,1.16409,1.16407,1.16405,1.16411,54
2026-05-25T16:11:00+00:00,1.164075,1.16408,1.164075,1.16411,21
2026-05-25T16:12:00+00:00,1.16408,1.1638,1.163795,1.16408,120
2026-05-25T16:13:00+00:00,1.163795,1.163875,1.16379,1.16388,100
2026-05-25T16:14:00+00:00,1.16388,1.16399,1.163865,1.163995,66
2026-05-25T16:15:00+00:00,1.16399,1.16399,1.16397,1.163995,24
2026-05-25T16:16:00+00:00,1.163985,1.163975,1.16394,1.16399,46
2026-05-25T16:17:00+00:00,1.163975,1.163975,1.16396,1.16399,20
2026-05-25T16:18:00+00:00,1.163975,1.16389,1.163885,1.163985,49
2026-05-25T16:19:00+00:00,1.16389,1.16389,1.16387,1.163895,31
2026-05-25T16:20:00+00:00,1.163895,1.163905,1.16387,1.16393,32
2026-05-25T16:21:00+00:00,1.1639,1.164,1.16387,1.164,47
2026-05-25T16:22:00+00:00,1.164,1.16394,1.16393,1.164,30
2026-05-25T16:23:00+00:00,1.16394,1.163845,1.163835,1.16399,25
2026-05-25T16:24:00+00:00,1.16384,1.163925,1.16384,1.163925,68
2026-05-25T16:25:00+00:00,1.16392,1.163975,1.16392,1.16399,34
2026-05-25T16:26:00+00:00,1.163975,1.16391,1.163895,1.163975,76
2026-05-25T16:27:00+00:00,1.16391,1.16391,1.163875,1.163935,69
2026-05-25T16:28:00+00:00,1.163915,1.163885,1.16388,1.163915,15
2026-05-25T16:29:00+00:00,1.163885,1.163835,1.16381,1.163885,42
2026-05-25T16:30:00+00:00,1.163835,1.16381,1.16381,1.16384,47
2026-05-25T16:31:00+00:00,1.16381,1.163805,1.1638,1.16384,53
2026-05-25T16:32:00+00:00,1.16381,1.16386,1.16381,1.1639,170
2026-05-25T16:33:00+00:00,1.163865,1.163835,1.163785,1.16389,183
2026-05-25T16:34:00+00:00,1.16383,1.163845,1.163825,1.163885,159
2026-05-25T16:35:00+00:00,1.16385,1.163895,1.163775,1.16392,188
2026-05-25T16:36:00+00:00,1.163895,1.16393,1.16386,1.16393,115
2026-05-25T16:37:00+00:00,1.16393,1.163935,1.163885,1.16394,26
2026-05-25T16:38:00+00:00,1.163935,1.163915,1.163915,1.163955,47
2026-05-25T16:39:00+00:00,1.16389,1.16373,1.163725,1.16391,90
2026-05-25T16:40:00+00:00,1.16373,1.163725,1.16372,1.163765,21
2026-05-25T16:41:00+00:00,1.163725,1.16371,1.16367,1.16373,29
2026-05-25T16:42:00+00:00,1.16371,1.16372,1.16371,1.163725,10
2026-05-25T16:43:00+00:00,1.16372,1.16382,1.16372,1.163825,23
2026-05-25T16:44:00+00:00,1.16382,1.16383,1.16382,1.16383,4
2026-05-25T16:45:00+00:00,1.16383,1.163865,1.163825,1.163875,16
2026-05-25T16:46:00+00:00,1.163865,1.163895,1.163865,1.163895,10
2026-05-25T16:47:00+00:00,1.163895,1.163955,1.16387,1.163955,18
2026-05-25T16:48:00+00:00,1.163965,1.16398,1.163935,1.16398,44
2026-05-25T16:49:00+00:00,1.16398,1.16398,1.163965,1.16399,27
2026-05-25T16:50:00+00:00,1.16398,1.163975,1.163975,1.164035,63
2026-05-25T16:51:00+00:00,1.163975,1.163995,1.163975,1.16405,36
2026-05-25T16:52:00+00:00,1.163995,1.163985,1.16396,1.16403,39
2026-05-25T16:53:00+00:00,1.163985,1.16393,1.16385,1.16401,96
2026-05-25T16:54:00+00:00,1.163935,1.163905,1.163885,1.16395,69
2026-05-25T16:55:00+00:00,1.16391,1.164,1.16391,1.16405,40
2026-05-25T16:56:00+00:00,1.164,1.16407,1.164,1.164105,45
2026-05-25T16:57:00+00:00,1.164065,1.164075,1.16405,1.16408,30
2026-05-25T16:58:00+00:00,1.16408,1.1641,1.16408,1.164115,38
2026-05-25T16:59:00+00:00,1.164105,1.16411,1.1641,1.164165,44
2026-05-25T17:00:00+00:00,1.164115,1.16408,1.16408,1.16413,27
2026-05-25T17:01:00+00:00,1.16408,1.16408,1.16408,1.16411,11
2026-05-25T17:02:00+00:00,1.16408,1.164095,1.16408,1.164095,3
2026-05-25T17:03:00+00:00,1.164095,1.16408,1.16407,1.1641,17
2026-05-25T17:04:00+00:00,1.16408,1.164085,1.16408,1.16409,3
2026-05-25T17:05:00+00:00,1.16409,1.164075,1.164075,1.1641,11
2026-05-25T17:06:00+00:00,1.164075,1.16404,1.16403,1.16408,46
2026-05-25T17:07:00+00:00,1.164035,1.16406,1.164035,1.16406,10
2026-05-25T17:08:00+00:00,1.16406,1.16404,1.164035,1.16408,25
2026-05-25T17:09:00+00:00,1.16404,1.16406,1.16404,1.164065,110
2026-05-25T17:10:00+00:00,1.16406,1.16409,1.16405,1.16409,19
2026-05-25T17:11:00+00:00,1.16409,1.16414,1.16409,1.16414,23
2026-05-25T17:12:00+00:00,1.164135,1.16421,1.164135,1.16422,39
2026-05-25T17:13:00+00:00,1.16421,1.164215,1.164195,1.164225,37
2026-05-25T17:14:00+00:00,1.164215,1.164205,1.164195,1.16425,28
2026-05-25T17:15:00+00:00,1.16421,1.164295,1.164205,1.164295,29
2026-05-25T17:16:00+00:00,1.1643,1.164365,1.1643,1.164365,34
2026-05-25T17:17:00+00:00,1.164365,1.16435,1.164335,1.164365,17
2026-05-25T17:18:00+00:00,1.16435,1.16434,1.16434,1.16436,10
2026-05-25T17:19:00+00:00,1.16434,1.164315,1.164295,1.16434,42
2026-05-25T17:20:00+00:00,1.164325,1.16432,1.164315,1.164325,31
2026-05-25T17:21:00+00:00,1.16432,1.16427,1.16427,1.16432,53
2026-05-25T17:22:00+00:00,1.16427,1.164265,1.164255,1.16428,21
2026-05-25T17:23:00+00:00,1.164265,1.16426,1.16426,1.16427,7
2026-05-25T17:24:00+00:00,1.16426,1.16429,1.164245,1.164295,12
2026-05-25T17:25:00+00:00,1.16429,1.16429,1.164265,1.164295,13
2026-05-25T17:26:00+00:00,1.16429,1.164315,1.16429,1.16434,30
2026-05-25T17:27:00+00:00,1.164315,1.164265,1.16426,1.16432,26
2026-05-25T17:28:00+00:00,1.164265,1.16439,1.164265,1.164395,24
2026-05-25T17:29:00+00:00,1.16439,1.164385,1.164365,1.16443,32
2026-05-25T17:30:00+00:00,1.16438,1.16439,1.16437,1.164395,22
2026-05-25T17:31:00+00:00,1.164395,1.164395,1.16435,1.1644,50
2026-05-25T17:32:00+00:00,1.164395,1.16439,1.16439,1.164405,13
2026-05-25T17:33:00+00:00,1.16439,1.16436,1.16436,1.16439,19
2026-05-25T17:34:00+00:00,1.16436,1.164365,1.16435,1.16437,144
2026-05-25T17:35:00+00:00,1.164365,1.164335,1.16433,1.164365,39
2026-05-25T17:36:00+00:00,1.16434,1.164315,1.16431,1.16434,40
2026-05-25T17:37:00+00:00,1.16431,1.164285,1.164265,1.164315,49
2026-05-25T17:38:00+00:00,1.16428,1.16427,1.16427,1.16429,20
2026-05-25T17:39:00+00:00,1.16427,1.1643,1.16427,1.1643,34
2026-05-25T17:40:00+00:00,1.1643,1.16434,1.16429,1.164345,36
2026-05-25T17:41:00+00:00,1.164335,1.16435,1.164335,1.16435,34
2026-05-25T17:42:00+00:00,1.16435,1.16438,1.16435,1.16438,4
2026-05-25T17:43:00+00:00,1.16438,1.164385,1.164375,1.164385,5
2026-05-25T17:44:00+00:00,1.164375,1.164325,1.16432,1.164375,35
2026-05-25T17:45:00+00:00,1.16433,1.164235,1.16423,1.164335,46
2026-05-25T17:46:00+00:00,1.164235,1.164235,1.164235,1.16424,4
2026-05-25T17:47:00+00:00,1.164235,1.164235,1.164225,1.164235,33
2026-05-25T17:48:00+00:00,1.16423,1.16423,1.16417,1.164235,39
2026-05-25T17:49:00+00:00,1.16423,1.16423,1.16423,1.164235,6
2026-05-25T17:50:00+00:00,1.16423,1.164255,1.16423,1.164265,15
2026-05-25T17:51:00+00:00,1.164255,1.16425,1.16424,1.164255,5
2026-05-25T17:52:00+00:00,1.16425,1.16424,1.16424,1.164255,10
2026-05-25T17:53:00+00:00,1.16424,1.16431,1.16424,1.16431,24
2026-05-25T17:54:00+00:00,1.16431,1.16434,1.164295,1.164355,31
2026-05-25T17:55:00+00:00,1.164345,1.164355,1.164345,1.16436,20
2026-05-25T17:56:00+00:00,1.16435,1.164315,1.16431,1.16435,45
2026-05-25T17:57:00+00:00,1.164315,1.16431,1.16431,1.164315,13
2026-05-25T17:58:00+00:00,1.16431,1.16429,1.164285,1.16431,20
2026-05-25T17:59:00+00:00,1.16429,1.16433,1.16429,1.16433,10
2026-05-25T18:00:00+00:00,1.16433,1.16433,1.16433,1.164375,27
2026-05-25T18:01:00+00:00,1.16433,1.16427,1.16427,1.16433,16
2026-05-25T18:02:00+00:00,1.16427,1.16423,1.16423,1.16427,24
2026-05-25T18:03:00+00:00,1.16423,1.164235,1.16423,1.16424,5
2026-05-25T18:04:00+00:00,1.16424,1.164245,1.164235,1.16425,40
2026-05-25T18:05:00+00:00,1.164245,1.164235,1.164225,1.164245,20
2026-05-25T18:06:00+00:00,1.164235,1.164215,1.16421,1.164235,6
2026-05-25T18:07:00+00:00,1.164215,1.16422,1.164215,1.16422,1
2026-05-25T18:08:00+00:00,1.16422,1.164295,1.16422,1.1643,15
2026-05-25T18:09:00+00:00,1.164295,1.16433,1.164295,1.16433,12
2026-05-25T18:10:00+00:00,1.16433,1.16433,1.164325,1.164335,10
2026-05-25T18:11:00+00:00,1.16433,1.16433,1.16433,1.164335,4
2026-05-25T18:12:00+00:00,1.16433,1.16434,1.164325,1.16434,35
2026-05-25T18:13:00+00:00,1.164335,1.164375,1.164335,1.164395,29
2026-05-25T18:14:00+00:00,1.164375,1.164345,1.16434,1.164375,7
2026-05-25T18:15:00+00:00,1.16434,1.164365,1.16434,1.16437,41
2026-05-25T18:16:00+00:00,1.16437,1.164335,1.164325,1.16438,32
2026-05-25T18:17:00+00:00,1.164335,1.16435,1.164325,1.164355,50
2026-05-25T18:18:00+00:00,1.16435,1.164335,1.164335,1.164355,118
2026-05-25T18:19:00+00:00,1.164345,1.164345,1.16434,1.164355,31
2026-05-25T18:20:00+00:00,1.164345,1.16435,1.16434,1.164355,59
2026-05-25T18:21:00+00:00,1.16435,1.16429,1.164285,1.16435,38
2026-05-25T18:22:00+00:00,1.16429,1.16431,1.164275,1.164325,36
2026-05-25T18:23:00+00:00,1.16431,1.164285,1.164285,1.164315,17
2026-05-25T18:24:00+00:00,1.164285,1.164285,1.164285,1.16429,2
2026-05-25T18:25:00+00:00,1.164285,1.164285,1.164275,1.164295,22
2026-05-25T18:26:00+00:00,1.164285,1.164285,1.164275,1.164285,11
2026-05-25T18:27:00+00:00,1.164285,1.164275,1.164275,1.164285,2
2026-05-25T18:28:00+00:00,1.164275,1.164275,1.164255,1.164275,7
2026-05-25T18:29:00+00:00,1.164275,1.164255,1.164255,1.164275,9
2026-05-25T18:30:00+00:00,1.164255,1.16426,1.16423,1.164275,16
2026-05-25T18:31:00+00:00,1.164255,1.164255,1.164245,1.16427,29
2026-05-25T18:32:00+00:00,1.164255,1.164235,1.16423,1.164255,13
2026-05-25T18:33:00+00:00,1.164235,1.16423,1.16423,1.16424,7
2026-05-25T18:34:00+00:00,1.16423,1.164235,1.16423,1.164245,23
2026-05-25T18:35:00+00:00,1.16424,1.164285,1.164235,1.164285,21
2026-05-25T18:36:00+00:00,1.164275,1.164315,1.164275,1.16433,32
2026-05-25T18:37:00+00:00,1.16432,1.16433,1.16432,1.16433,9
2026-05-25T18:38:00+00:00,1.16433,1.16433,1.16432,1.16433,10
2026-05-25T18:39:00+00:00,1.16433,1.16432,1.16432,1.16433,12
2026-05-25T18:40:00+00:00,1.16432,1.164225,1.164225,1.16432,10
2026-05-25T18:41:00+00:00,1.164225,1.164215,1.16421,1.16423,7
2026-05-25T18:42:00+00:00,1.164215,1.16417,1.164165,1.164215,9
2026-05-25T18:43:00+00:00,1.16417,1.164185,1.164155,1.164185,18
2026-05-25T18:44:00+00:00,1.164185,1.164205,1.164185,1.164215,45
2026-05-25T18:45:00+00:00,1.164205,1.164215,1.164205,1.164215,62
2026-05-25T18:46:00+00:00,1.164215,1.16424,1.16421,1.16424,15
2026-05-25T18:47:00+00:00,1.16424,1.164245,1.164235,1.164245,8
2026-05-25T18:48:00+00:00,1.164245,1.16424,1.164235,1.16425,9
2026-05-25T18:49:00+00:00,1.16424,1.164235,1.164235,1.16424,7
2026-05-25T18:50:00+00:00,1.164235,1.16429,1.164235,1.16429,18
2026-05-25T18:51:00+00:00,1.16429,1.164285,1.16428,1.16432,29
2026-05-25T18:52:00+00:00,1.164285,1.164275,1.164275,1.16429,17
2026-05-25T18:53:00+00:00,1.16428,1.16428,1.164275,1.16428,3
2026-05-25T18:54:00+00:00,1.16428,1.16428,1.164275,1.16428,2
2026-05-25T18:55:00+00:00,1.16428,1.16429,1.164275,1.164295,5
2026-05-25T18:56:00+00:00,1.16429,1.164295,1.16429,1.164295,1
2026-05-25T18:57:00+00:00,1.164295,1.164285,1.164285,1.164295,2
2026-05-25T18:58:00+00:00,1.164285,1.16429,1.164285,1.16429,1
2026-05-25T18:59:00+00:00,1.16429,1.164345,1.16428,1.164385,42
2026-05-25T19:00:00+00:00,1.16434,1.16433,1.164325,1.16436,23
2026-05-25T19:01:00+00:00,1.16433,1.16432,1.16432,1.16433,2
2026-05-25T19:02:00+00:00,1.16432,1.164325,1.16432,1.164325,1
2026-05-25T19:03:00+00:00,1.164325,1.164325,1.164325,1.164335,12
2026-05-25T19:04:00+00:00,1.164325,1.16433,1.16432,1.16433,9
2026-05-25T19:05:00+00:00,1.16433,1.164275,1.164275,1.16433,23
2026-05-25T19:06:00+00:00,1.16428,1.16429,1.164275,1.16429,17
2026-05-25T19:07:00+00:00,1.16429,1.16428,1.164275,1.164295,9
2026-05-25T19:08:00+00:00,1.16428,1.164295,1.16428,1.164305,50
2026-05-25T19:09:00+00:00,1.1643,1.16426,1.164255,1.1643,32
2026-05-25T19:10:00+00:00,1.16426,1.16425,1.16425,1.16426,10
2026-05-25T19:11:00+00:00,1.16425,1.16426,1.164235,1.164265,15
2026-05-25T19:12:00+00:00,1.16426,1.16422,1.164205,1.16426,23
2026-05-25T19:13:00+00:00,1.16422,1.164225,1.16422,1.164225,1
2026-05-25T19:14:00+00:00,1.164225,1.164245,1.16422,1.16425,15
2026-05-25T19:15:00+00:00,1.16425,1.164245,1.16424,1.16425,26
2026-05-25T19:16:00+00:00,1.16424,1.164225,1.164225,1.16424,4
2026-05-25T19:17:00+00:00,1.164225,1.164235,1.164225,1.16424,16
2026-05-25T19:18:00+00:00,1.164235,1.16429,1.164235,1.16429,8
2026-05-25T19:19:00+00:00,1.16429,1.164285,1.164285,1.16429,1
2026-05-25T19:20:00+00:00,1.16429,1.164245,1.164245,1.16429,11
2026-05-25T19:21:00+00:00,1.164245,1.164265,1.164245,1.16427,15
2026-05-25T19:22:00+00:00,1.164265,1.164255,1.164255,1.164265,6
2026-05-25T19:23:00+00:00,1.164255,1.16428,1.164255,1.16429,13
2026-05-25T19:24:00+00:00,1.16428,1.164285,1.16428,1.164285,3
2026-05-25T19:25:00+00:00,1.16428,1.164265,1.164265,1.16428,20
2026-05-25T19:26:00+00:00,1.164265,1.16429,1.164265,1.16429,24
2026-05-25T19:27:00+00:00,1.16429,1.1643,1.164285,1.1643,7
2026-05-25T19:28:00+00:00,1.1643,1.16427,1.164265,1.1643,24
2026-05-25T19:29:00+00:00,1.16427,1.1643,1.16427,1.164325,21
2026-05-25T19:30:00+00:00,1.164305,1.164295,1.16429,1.164305,20
2026-05-25T19:31:00+00:00,1.164295,1.164255,1.164255,1.1643,13
2026-05-25T19:32:00+00:00,1.164255,1.164245,1.164245,1.164265,10
2026-05-25T19:33:00+00:00,1.164245,1.164255,1.16423,1.164265,12
2026-05-25T19:34:00+00:00,1.16426,1.164245,1.164245,1.164275,17
2026-05-25T19:35:00+00:00,1.164245,1.164255,1.164215,1.16426,28
2026-05-25T19:36:00+00:00,1.164255,1.164265,1.16423,1.164265,34
2026-05-25T19:37:00+00:00,1.164265,1.16434,1.164265,1.16436,31
2026-05-25T19:38:00+00:00,1.16434,1.164345,1.164335,1.164345,20
2026-05-25T19:39:00+00:00,1.164345,1.164325,1.164325,1.164345,12
2026-05-25T19:40:00+00:00,1.16433,1.164345,1.16432,1.16437,24
2026-05-25T19:41:00+00:00,1.164345,1.16433,1.164325,1.164345,8
2026-05-25T19:42:00+00:00,1.16433,1.164335,1.16433,1.16435,20
2026-05-25T19:43:00+00:00,1.16434,1.164285,1.164285,1.16434,15
2026-05-25T19:44:00+00:00,1.164285,1.16429,1.164285,1.16429,3
2026-05-25T19:45:00+00:00,1.16429,1.164285,1.164285,1.16429,5
2026-05-25T19:46:00+00:00,1.16429,1.164255,1.164245,1.16429,12
2026-05-25T19:47:00+00:00,1.164255,1.164255,1.164245,1.164255,3
2026-05-25T19:48:00+00:00,1.164255,1.164255,1.164255,1.164255,0
2026-05-25T19:49:00+00:00,1.164255,1.164255,1.164245,1.164255,3
2026-05-25T19:50:00+00:00,1.164255,1.16421,1.164195,1.164255,39
2026-05-25T19:51:00+00:00,1.16421,1.164205,1.164205,1.16422,4
2026-05-25T19:52:00+00:00,1.16421,1.164235,1.164205,1.16424,34
2026-05-25T19:53:00+00:00,1.164235,1.164195,1.164195,1.16424,7
2026-05-25T19:54:00+00:00,1.164195,1.1642,1.164195,1.164205,7
2026-05-25T19:55:00+00:00,1.164195,1.164205,1.164175,1.164215,39
2026-05-25T19:56:00+00:00,1.164205,1.1642,1.164195,1.16421,18
2026-05-25T19:57:00+00:00,1.1642,1.164235,1.164185,1.164275,48
2026-05-25T19:58:00+00:00,1.164235,1.16424,1.164225,1.16425,20
2026-05-25T19:59:00+00:00,1.16424,1.164215,1.164205,1.164245,16
2026-05-25T20:00:00+00:00,1.16422,1.164235,1.16422,1.164265,21
2026-05-25T20:01:00+00:00,1.16424,1.16428,1.16424,1.164285,31
2026-05-25T20:02:00+00:00,1.164275,1.164275,1.164265,1.16428,11
2026-05-25T20:03:00+00:00,1.164275,1.16426,1.16426,1.16428,11
2026-05-25T20:04:00+00:00,1.16426,1.164255,1.164245,1.164265,6
2026-05-25T20:05:00+00:00,1.16425,1.164235,1.164225,1.164255,20
2026-05-25T20:06:00+00:00,1.164235,1.164235,1.164235,1.164235,0
2026-05-25T20:07:00+00:00,1.164235,1.164275,1.164235,1.164275,18
2026-05-25T20:08:00+00:00,1.164275,1.164285,1.164275,1.164285,1
2026-05-25T20:09:00+00:00,1.164285,1.16431,1.164285,1.16431,4
2026-05-25T20:10:00+00:00,1.164315,1.164305,1.164305,1.16432,5
2026-05-25T20:11:00+00:00,1.164305,1.164305,1.16429,1.164305,10
2026-05-25T20:12:00+00:00,1.164305,1.164305,1.1643,1.164315,25
2026-05-25T20:13:00+00:00,1.164305,1.164305,1.1643,1.164315,25
2026-05-25T20:14:00+00:00,1.164305,1.164305,1.1643,1.16432,29
2026-05-25T20:15:00+00:00,1.164305,1.164305,1.164285,1.16431,11
2026-05-25T20:16:00+00:00,1.164305,1.164345,1.164305,1.164355,17
2026-05-25T20:17:00+00:00,1.16434,1.16434,1.164335,1.16434,3
2026-05-25T20:18:00+00:00,1.16434,1.16433,1.16433,1.164345,12
2026-05-25T20:19:00+00:00,1.16432,1.164325,1.16431,1.164325,9
2026-05-25T20:20:00+00:00,1.164325,1.164315,1.164315,1.164325,1
2026-05-25T20:21:00+00:00,1.16432,1.16423,1.164225,1.16432,31
2026-05-25T20:22:00+00:00,1.16423,1.164215,1.164215,1.16423,7
2026-05-25T20:23:00+00:00,1.164215,1.164215,1.1642,1.164225,11
2026-05-25T20:24:00+00:00,1.164215,1.164205,1.164195,1.164215,13
2026-05-25T20:25:00+00:00,1.164205,1.16421,1.1642,1.16421,21
2026-05-25T20:26:00+00:00,1.164205,1.16421,1.164205,1.16421,20
2026-05-25T20:27:00+00:00,1.16421,1.16422,1.164195,1.16422,10
2026-05-25T20:28:00+00:00,1.16422,1.164275,1.164215,1.164275,16
2026-05-25T20:29:00+00:00,1.164275,1.16432,1.16427,1.164325,19
2026-05-25T20:30:00+00:00,1.164325,1.16434,1.164325,1.16434,6
2026-05-25T20:31:00+00:00,1.16434,1.164335,1.164335,1.16434,3
2026-05-25T20:32:00+00:00,1.164335,1.164335,1.164335,1.164335,0
2026-05-25T20:33:00+00:00,1.164335,1.164325,1.16432,1.164335,11
2026-05-25T20:34:00+00:00,1.164325,1.164335,1.164325,1.164335,4
2026-05-25T20:35:00+00:00,1.164335,1.164235,1.164235,1.164335,84
2026-05-25T20:36:00+00:00,1.16424,1.16425,1.164235,1.164255,53
2026-05-25T20:37:00+00:00,1.16425,1.164265,1.16425,1.16427,23
2026-05-25T20:38:00+00:00,1.164265,1.16425,1.164235,1.164265,42
2026-05-25T20:39:00+00:00,1.16425,1.164205,1.164195,1.16425,48
2026-05-25T20:40:00+00:00,1.16421,1.16417,1.16415,1.16426,55
2026-05-25T20:41:00+00:00,1.16417,1.16418,1.16417,1.1642,31
2026-05-25T20:42:00+00:00,1.164185,1.164175,1.16417,1.16419,23
2026-05-25T20:43:00+00:00,1.16418,1.164185,1.16418,1.1642,54
2026-05-25T20:44:00+00:00,1.16419,1.164265,1.164185,1.16427,113
2026-05-25T20:45:00+00:00,1.16427,1.164265,1.16425,1.164275,66
2026-05-25T20:46:00+00:00,1.16426,1.164275,1.164255,1.16429,53
2026-05-25T20:47:00+00:00,1.16427,1.164285,1.16427,1.16433,75
2026-05-25T20:48:00+00:00,1.16429,1.1643,1.16427,1.164315,145
2026-05-25T20:49:00+00:00,1.1643,1.164295,1.16429,1.164315,118
2026-05-25T20:50:00+00:00,1.16429,1.16428,1.164265,1.164295,39
2026-05-25T20:51:00+00:00,1.16428,1.16432,1.16427,1.16433,24
2026-05-25T20:52:00+00:00,1.164315,1.16433,1.164315,1.16434,37
2026-05-25T20:53:00+00:00,1.16433,1.16431,1.1643,1.164335,61
2026-05-25T20:54:00+00:00,1.16431,1.16433,1.16431,1.16435,36
2026-05-25T20:55:00+00:00,1.164335,1.164345,1.16433,1.164365,43
2026-05-25T20:56:00+00:00,1.16434,1.164335,1.16433,1.164355,67
2026-05-25T20:57:00+00:00,1.164335,1.164365,1.164335,1.16437,16
2026-05-25T20:58:00+00:00,1.164355,1.164335,1.164325,1.164355,42
2026-05-25T20:59:00+00:00,1.164335,1.164375,1.16432,1.16438,144
2026-05-25T21:00:00+00:00,1.164415,1.16428,1.16425,1.164415,8
2026-05-25T21:01:00+00:00,1.16428,1.164255,1.164255,1.16439,2
2026-05-25T21:02:00+00:00,1.164255,1.164035,1.16403,1.164255,11
2026-05-25T21:03:00+00:00,1.164035,1.16408,1.16398,1.164115,16
2026-05-25T21:04:00+00:00,1.16408,1.16413,1.16408,1.164165,12
2026-05-25T21:05:00+00:00,1.16411,1.16411,1.16408,1.164195,2967
2026-05-25T21:06:00+00:00,1.164085,1.16409,1.164075,1.164115,281
2026-05-25T21:07:00+00:00,1.16409,1.16412,1.16409,1.164125,5
2026-05-25T21:08:00+00:00,1.16411,1.16411,1.164105,1.16411,3
2026-05-25T21:09:00+00:00,1.16411,1.16416,1.16411,1.164175,10
2026-05-25T21:10:00+00:00,1.16416,1.16411,1.16411,1.164245,20
2026-05-25T21:11:00+00:00,1.16411,1.16412,1.16408,1.16414,4
2026-05-25T21:12:00+00:00,1.16412,1.16407,1.16406,1.16412,5
2026-05-25T21:13:00+00:00,1.16407,1.164115,1.16407,1.164115,6
2026-05-25T21:14:00+00:00,1.164115,1.16412,1.16409,1.16412,2
2026-05-25T21:15:00+00:00,1.16412,1.164215,1.16412,1.164215,7
2026-05-25T21:16:00+00:00,1.164215,1.164205,1.164205,1.16422,2
2026-05-25T21:17:00+00:00,1.164205,1.164195,1.164195,1.164205,1
2026-05-25T21:18:00+00:00,1.164195,1.16421,1.164195,1.16422,7
2026-05-25T21:19:00+00:00,1.16421,1.164205,1.164205,1.16423,2
2026-05-25T21:20:00+00:00,1.164205,1.164225,1.164205,1.164235,3
2026-05-25T21:21:00+00:00,1.164225,1.164225,1.164225,1.164225,0
2026-05-25T21:22:00+00:00,1.164225,1.16424,1.164225,1.16424,1
2026-05-25T21:23:00+00:00,1.16424,1.16423,1.1642,1.16424,13
2026-05-25T21:24:00+00:00,1.16423,1.16408,1.16407,1.164235,18
2026-05-25T21:25:00+00:00,1.16408,1.164085,1.164065,1.16409,4
2026-05-25T21:26:00+00:00,1.164085,1.164065,1.164065,1.164085,2
2026-05-25T21:27:00+00:00,1.164065,1.163935,1.16393,1.164065,20
2026-05-25T21:28:00+00:00,1.163935,1.16397,1.163915,1.16397,21
2026-05-25T21:29:00+00:00,1.16397,1.164115,1.16397,1.164135,11
2026-05-25T21:30:00+00:00,1.16412,1.16415,1.164025,1.164185,14
2026-05-25T21:31:00+00:00,1.16415,1.164205,1.16415,1.16422,3
2026-05-25T21:32:00+00:00,1.164205,1.16421,1.164205,1.16424,15
2026-05-25T21:33:00+00:00,1.16421,1.16447,1.164095,1.164525,16
2026-05-25T21:34:00+00:00,1.16447,1.16449,1.164445,1.164535,46
2026-05-25T21:35:00+00:00,1.16449,1.164465,1.16445,1.1645,43
2026-05-25T21:36:00+00:00,1.164465,1.164515,1.16445,1.16452,47
2026-05-25T21:37:00+00:00,1.164515,1.16452,1.164475,1.16454,27
2026-05-25T21:38:00+00:00,1.164515,1.164495,1.164475,1.164535,17
2026-05-25T21:39:00+00:00,1.164495,1.16422,1.16421,1.164535,10
2026-05-25T21:40:00+00:00,1.16422,1.16422,1.16422,1.16422,0
2026-05-25T21:41:00+00:00,1.16422,1.16425,1.164215,1.16436,10
2026-05-25T21:42:00+00:00,1.16425,1.164245,1.16421,1.16425,15
2026-05-25T21:43:00+00:00,1.164245,1.164145,1.16404,1.164245,104
2026-05-25T21:44:00+00:00,1.164145,1.164025,1.164005,1.16415,70
2026-05-25T21:45:00+00:00,1.16402,1.163825,1.163775,1.164025,184
2026-05-25T21:46:00+00:00,1.163775,1.16382,1.163775,1.163855,73
2026-05-25T21:47:00+00:00,1.16382,1.16382,1.163795,1.16385,22
2026-05-25T21:48:00+00:00,1.16382,1.163775,1.163775,1.163835,51
2026-05-25T21:49:00+00:00,1.163775,1.163795,1.16377,1.16381,39
2026-05-25T21:50:00+00:00,1.163795,1.16379,1.163775,1.16381,13
2026-05-25T21:51:00+00:00,1.16379,1.16378,1.16376,1.16379,11
2026-05-25T21:52:00+00:00,1.16378,1.16378,1.16377,1.163805,5
2026-05-25T21:53:00+00:00,1.16378,1.16378,1.16376,1.16379,9
2026-05-25T21:54:00+00:00,1.16378,1.16391,1.16376,1.16392,26
2026-05-25T21:55:00+00:00,1.16391,1.164015,1.163905,1.16402,22
