timestamp_utc,open,close,min,max,volume
2026-05-24T07:11:00+00:00,1.36095,1.36075,1.36075,1.36095,11641.9
2026-05-24T07:12:00+00:00,1.36075,1.36055,1.36055,1.36095,71417.7
2026-05-24T07:13:00+00:00,1.36055,1.36085,1.36055,1.36085,3159.7
2026-05-24T07:14:00+00:00,1.36085,1.36035,1.36035,1.36085,11268.8
2026-05-24T07:15:00+00:00,1.36035,1.36015,1.36015,1.36055,11393.2
2026-05-24T07:16:00+00:00,1.36015,1.36055,1.36015,1.36055,1738.3
2026-05-24T07:17:00+00:00,1.36055,1.36005,1.36005,1.36055,38328.5
2026-05-24T07:18:00+00:00,1.36005,1.36045,1.36005,1.36045,440.7
2026-05-24T07:19:00+00:00,1.36045,1.36075,1.36035,1.36075,33652.8
2026-05-24T07:20:00+00:00,1.36075,1.35975,1.35975,1.36075,1871.1
2026-05-24T07:21:00+00:00,1.35975,1.35965,1.35965,1.35995,1649.6
2026-05-24T07:22:00+00:00,1.35965,1.35965,1.35965,1.35965,0.0
2026-05-24T07:23:00+00:00,1.35965,1.35965,1.35965,1.35975,5838.1
2026-05-24T07:24:00+00:00,1.35965,1.35985,1.35965,1.35985,25574.6
2026-05-24T07:25:00+00:00,1.35985,1.35975,1.35975,1.35985,1297.1
2026-05-24T07:26:00+00:00,1.35975,1.35985,1.35965,1.35985,1106.2
2026-05-24T07:27:00+00:00,1.35985,1.35985,1.35985,1.35985,0.0
2026-05-24T07:28:00+00:00,1.35985,1.35985,1.35985,1.35985,0.0
2026-05-24T07:29:00+00:00,1.35985,1.35995,1.35935,1.35995,149320.8
2026-05-24T07:30:00+00:00,1.35995,1.35945,1.35945,1.35995,1696.2
2026-05-24T07:31:00+00:00,1.35945,1.35955,1.35915,1.35955,12411.5
2026-05-24T07:32:00+00:00,1.35955,1.35955,1.35955,1.35975,4247.1
2026-05-24T07:33:00+00:00,1.35955,1.35945,1.35935,1.35955,23048.4
2026-05-24T07:34:00+00:00,1.35945,1.36025,1.35945,1.36025,12732.0
2026-05-24T07:35:00+00:00,1.36035,1.35965,1.35965,1.36035,9230.3
2026-05-24T07:36:00+00:00,1.35965,1.35965,1.35955,1.35975,962.1
2026-05-24T07:37:00+00:00,1.35965,1.35955,1.35955,1.35965,103.2
2026-05-24T07:38:00+00:00,1.35955,1.35985,1.35945,1.35995,3227.8
2026-05-24T07:39:00+00:00,1.35985,1.35995,1.35985,1.36015,1303.2
2026-05-24T07:40:00+00:00,1.35995,1.35975,1.35975,1.35995,11095.1
2026-05-24T07:41:00+00:00,1.35975,1.35955,1.35945,1.35975,924.0
2026-05-24T07:42:00+00:00,1.35955,1.35965,1.35945,1.35965,1523.0
2026-05-24T07:43:00+00:00,1.35965,1.35995,1.35965,1.35995,245.3
2026-05-24T07:44:00+00:00,1.35995,1.35975,1.35975,1.35995,662.0
2026-05-24T07:45:00+00:00,1.35975,1.35935,1.35935,1.35995,8527.6
2026-05-24T07:46:00+00:00,1.35935,1.35965,1.35935,1.35965,301.5
2026-05-24T07:47:00+00:00,1.35965,1.35975,1.35965,1.35975,620.8
2026-05-24T07:48:00+00:00,1.35975,1.35925,1.35895,1.35975,48144.2
2026-05-24T07:49:00+00:00,1.35935,1.35935,1.35935,1.35935,501.9
2026-05-24T07:50:00+00:00,1.35935,1.35965,1.35935,1.35965,2302.3
2026-05-24T07:51:00+00:00,1.35955,1.35965,1.35955,1.35965,766.5
2026-05-24T07:52:00+00:00,1.35965,1.35935,1.35935,1.35995,8863.8
2026-05-24T07:53:00+00:00,1.35935,1.35915,1.35915,1.35955,4765.0
2026-05-24T07:54:00+00:00,1.35915,1.35925,1.35895,1.35925,3866.4
2026-05-24T07:55:00+00:00,1.35925,1.35905,1.35905,1.35925,482.9
2026-05-24T07:56:00+00:00,1.35905,1.35915,1.35905,1.35915,328.1
2026-05-24T07:57:00+00:00,1.35915,1.35895,1.35895,1.35915,6261.1
2026-05-24T07:58:00+00:00,1.35895,1.35915,1.35895,1.35915,528.5
2026-05-24T07:59:00+00:00,1.35915,1.35955,1.35915,1.35955,1060.7
2026-05-24T08:00:00+00:00,1.35955,1.35895,1.35895,1.35965,1607.4
2026-05-24T08:01:00+00:00,1.35895,1.35855,1.35855,1.35895,3959.5
2026-05-24T08:02:00+00:00,1.35855,1.35855,1.35855,1.35855,0.0
2026-05-24T08:03:00+00:00,1.35855,1.35885,1.35855,1.35885,9506.0
2026-05-24T08:04:00+00:00,1.35885,1.35835,1.35835,1.35885,6066.0
2026-05-24T08:05:00+00:00,1.35835,1.35835,1.35835,1.35835,0.0
2026-05-24T08:06:00+00:00,1.35835,1.35815,1.35755,1.35835,126737.2
2026-05-24T08:07:00+00:00,1.35815,1.35775,1.35765,1.35815,48225.6
2026-05-24T08:08:00+00:00,1.35775,1.35785,1.35775,1.35795,1020.3
2026-05-24T08:09:00+00:00,1.35785,1.35785,1.35785,1.35795,483.7
2026-05-24T08:10:00+00:00,1.35785,1.35815,1.35785,1.35815,5705.3
2026-05-24T08:11:00+00:00,1.35815,1.35805,1.35795,1.35815,423.7
2026-05-24T08:12:00+00:00,1.35805,1.35815,1.35795,1.35815,68272.1
2026-05-24T08:13:00+00:00,1.35815,1.35815,1.35785,1.35825,7772.0
2026-05-24T08:14:00+00:00,1.35815,1.35815,1.35815,1.35815,0.0
2026-05-24T08:15:00+00:00,1.35815,1.35815,1.35815,1.35815,0.0
2026-05-24T08:16:00+00:00,1.35815,1.35815,1.35815,1.35845,10117.2
2026-05-24T08:17:00+00:00,1.35815,1.35815,1.35805,1.35815,42323.1
2026-05-24T08:18:00+00:00,1.35815,1.35845,1.35815,1.35845,136.3
2026-05-24T08:19:00+00:00,1.35835,1.35865,1.35825,1.35875,23484.3
2026-05-24T08:20:00+00:00,1.35865,1.35905,1.35855,1.35905,4357.7
2026-05-24T08:21:00+00:00,1.35905,1.35945,1.35905,1.35945,2857.6
2026-05-24T08:22:00+00:00,1.35945,1.35945,1.35945,1.35945,0.0
2026-05-24T08:23:00+00:00,1.35945,1.35985,1.35945,1.35985,7678.9
2026-05-24T08:24:00+00:00,1.35985,1.36015,1.35985,1.36015,13196.6
2026-05-24T08:25:00+00:00,1.36015,1.36015,1.36015,1.36015,0.0
2026-05-24T08:26:00+00:00,1.36015,1.36015,1.36015,1.36015,0.0
2026-05-24T08:27:00+00:00,1.36015,1.36015,1.36015,1.36015,0.0
2026-05-24T08:28:00+00:00,1.36015,1.36015,1.36015,1.36015,0.0
2026-05-24T08:29:00+00:00,1.36015,1.35985,1.35985,1.36015,66635.9
2026-05-24T08:30:00+00:00,1.35985,1.36015,1.35985,1.36015,3549.7
2026-05-24T08:31:00+00:00,1.36015,1.36105,1.36015,1.36115,21035.3
2026-05-24T08:32:00+00:00,1.36105,1.36065,1.36065,1.36105,6283.7
2026-05-24T08:33:00+00:00,1.36065,1.36015,1.36005,1.36065,9877.2
2026-05-24T08:34:00+00:00,1.36015,1.36055,1.36015,1.36055,2157.9
2026-05-24T08:35:00+00:00,1.36055,1.36025,1.36025,1.36055,210.4
2026-05-24T08:36:00+00:00,1.36025,1.36035,1.36025,1.36045,1142.5
2026-05-24T08:37:00+00:00,1.36035,1.36075,1.36035,1.36105,60800.3
2026-05-24T08:38:00+00:00,1.36065,1.36095,1.36065,1.36095,5886.1
2026-05-24T08:39:00+00:00,1.36095,1.36045,1.36045,1.36095,740.4
2026-05-24T08:40:00+00:00,1.36045,1.36035,1.36035,1.36045,12061.3
2026-05-24T08:41:00+00:00,1.36035,1.36035,1.36035,1.36035,0.0
2026-05-24T08:42:00+00:00,1.36035,1.36005,1.36005,1.36035,15919.7
2026-05-24T08:43:00+00:00,1.36005,1.36025,1.36005,1.36025,8865.1
2026-05-24T08:44:00+00:00,1.36025,1.36025,1.36025,1.36025,0.0
2026-05-24T08:45:00+00:00,1.36025,1.36055,1.36015,1.36055,4341.7
2026-05-24T08:46:00+00:00,1.36055,1.36075,1.36055,1.36075,13433.5
2026-05-24T08:47:00+00:00,1.36075,1.36025,1.36025,1.36105,75792.7
2026-05-24T08:48:00+00:00,1.36035,1.36035,1.36025,1.36035,39595.5
2026-05-24T08:49:00+00:00,1.36035,1.36025,1.36025,1.36045,4941.0
2026-05-24T08:50:00+00:00,1.36025,1.36045,1.36025,1.36045,1288.4
2026-05-24T08:51:00+00:00,1.36045,1.36055,1.36045,1.36055,77132.1
2026-05-24T08:52:00+00:00,1.36055,1.36075,1.36055,1.36075,617.3
2026-05-24T08:53:00+00:00,1.36075,1.36055,1.36055,1.36075,15886.4
2026-05-24T08:54:00+00:00,1.36055,1.36035,1.36035,1.36055,1836.5
2026-05-24T08:55:00+00:00,1.36035,1.36035,1.36035,1.36035,0.0
2026-05-24T08:56:00+00:00,1.36035,1.36045,1.36035,1.36045,450.6
2026-05-24T08:57:00+00:00,1.36045,1.36045,1.36045,1.36055,498.3
2026-05-24T08:58:00+00:00,1.36045,1.36085,1.36045,1.36085,1286.3
2026-05-24T08:59:00+00:00,1.36085,1.36095,1.36085,1.36095,35.5
2026-05-24T09:00:00+00:00,1.36095,1.36065,1.36065,1.36095,52150.6
2026-05-24T09:01:00+00:00,1.36065,1.36075,1.36045,1.36075,89676.6
2026-05-24T09:02:00+00:00,1.36075,1.36125,1.36075,1.36125,21232.6
2026-05-24T09:03:00+00:00,1.36125,1.36125,1.36095,1.36125,3956.3
2026-05-24T09:04:00+00:00,1.36125,1.36155,1.36125,1.36155,15088.9
2026-05-24T09:05:00+00:00,1.36155,1.36165,1.36155,1.36165,46.2
2026-05-24T09:06:00+00:00,1.36165,1.36195,1.36165,1.36195,18490.8
2026-05-24T09:07:00+00:00,1.36195,1.36335,1.36195,1.36335,126206.0
2026-05-24T09:08:00+00:00,1.36335,1.36285,1.36285,1.36335,10282.3
2026-05-24T09:09:00+00:00,1.36285,1.36385,1.36285,1.36385,32187.9
2026-05-24T09:10:00+00:00,1.36385,1.36425,1.36385,1.36425,3209.1
2026-05-24T09:11:00+00:00,1.36425,1.36495,1.36425,1.36495,68802.3
2026-05-24T09:12:00+00:00,1.36495,1.36495,1.36485,1.36495,35042.9
2026-05-24T09:13:00+00:00,1.36495,1.36495,1.36495,1.36495,0.0
2026-05-24T09:14:00+00:00,1.36495,1.36525,1.36495,1.36525,359177.1
2026-05-24T09:15:00+00:00,1.36525,1.36515,1.36495,1.36565,65746.6
2026-05-24T09:16:00+00:00,1.36515,1.36465,1.36465,1.36515,27993.2
2026-05-24T09:17:00+00:00,1.36465,1.36485,1.36465,1.36495,41115.2
2026-05-24T09:18:00+00:00,1.36485,1.36525,1.36475,1.36545,72868.8
2026-05-24T09:19:00+00:00,1.36525,1.36485,1.36485,1.36565,169679.1
2026-05-24T09:20:00+00:00,1.36485,1.36475,1.36455,1.36495,18477.1
2026-05-24T09:21:00+00:00,1.36475,1.36475,1.36475,1.36475,0.0
2026-05-24T09:22:00+00:00,1.36475,1.36515,1.36475,1.36515,2329.9
2026-05-24T09:23:00+00:00,1.36535,1.36565,1.36525,1.36565,871.9
2026-05-24T09:24:00+00:00,1.36565,1.36625,1.36545,1.36655,72724.9
2026-05-24T09:25:00+00:00,1.36625,1.36505,1.36475,1.36625,79853.0
2026-05-24T09:26:00+00:00,1.36505,1.36475,1.36475,1.36505,9555.0
2026-05-24T09:27:00+00:00,1.36475,1.36515,1.36475,1.36515,33524.9
2026-05-24T09:28:00+00:00,1.36515,1.36465,1.36465,1.36515,2129.7
2026-05-24T09:29:00+00:00,1.36465,1.36555,1.36435,1.36565,40352.0
2026-05-24T09:30:00+00:00,1.36555,1.36525,1.36525,1.36555,2181.4
2026-05-24T09:31:00+00:00,1.36525,1.36475,1.36465,1.36525,47855.8
2026-05-24T09:32:00+00:00,1.36475,1.36475,1.36475,1.36475,0.0
2026-05-24T09:33:00+00:00,1.36475,1.36475,1.36465,1.36475,899.1
2026-05-24T09:34:00+00:00,1.36475,1.36525,1.36475,1.36525,33847.8
2026-05-24T09:35:00+00:00,1.36525,1.36535,1.36525,1.36575,332606.7
2026-05-24T09:36:00+00:00,1.36535,1.36535,1.36535,1.36535,0.0
2026-05-24T09:37:00+00:00,1.36545,1.36485,1.36485,1.36545,15759.6
2026-05-24T09:38:00+00:00,1.36485,1.36565,1.36485,1.36565,15659.9
2026-05-24T09:39:00+00:00,1.36565,1.36445,1.36425,1.36565,24916.0
2026-05-24T09:40:00+00:00,1.36445,1.36445,1.36445,1.36455,3063.1
2026-05-24T09:41:00+00:00,1.36445,1.36405,1.36405,1.36445,35980.7
2026-05-24T09:42:00+00:00,1.36385,1.36455,1.36375,1.36455,12314.4
2026-05-24T09:43:00+00:00,1.36455,1.36455,1.36455,1.36485,73388.3
2026-05-24T09:44:00+00:00,1.36455,1.36445,1.36445,1.36455,3767.8
2026-05-24T09:45:00+00:00,1.36445,1.36395,1.36395,1.36445,19385.8
2026-05-24T09:46:00+00:00,1.36395,1.36415,1.36395,1.36425,672.6
2026-05-24T09:47:00+00:00,1.36415,1.36415,1.36415,1.36415,0.0
2026-05-24T09:48:00+00:00,1.36415,1.36415,1.36415,1.36425,360.7
2026-05-24T09:49:00+00:00,1.36415,1.36405,1.36405,1.36415,6179.6
2026-05-24T09:50:00+00:00,1.36405,1.36405,1.36395,1.36405,1035.5
2026-05-24T09:51:00+00:00,1.36405,1.36415,1.36395,1.36415,3958.8
2026-05-24T09:52:00+00:00,1.36415,1.36505,1.36405,1.36505,25214.7
2026-05-24T09:53:00+00:00,1.36505,1.36485,1.36465,1.36505,10549.5
2026-05-24T09:54:00+00:00,1.36485,1.36475,1.36475,1.36485,921.0
2026-05-24T09:55:00+00:00,1.36475,1.36465,1.36465,1.36475,1392.3
2026-05-24T09:56:00+00:00,1.36465,1.36465,1.36465,1.36465,0.0
2026-05-24T09:57:00+00:00,1.36465,1.36485,1.36465,1.36485,8267.3
2026-05-24T09:58:00+00:00,1.36485,1.36475,1.36475,1.36485,0.0
2026-05-24T09:59:00+00:00,1.36475,1.36475,1.36475,1.36475,0.0
2026-05-24T10:00:00+00:00,1.36475,1.36425,1.36425,1.36495,36936.7
2026-05-24T10:01:00+00:00,1.36365,1.36405,1.36355,1.36405,57320.5
2026-05-24T10:02:00+00:00,1.36405,1.36495,1.36405,1.36495,26974.9
2026-05-24T10:03:00+00:00,1.36495,1.36485,1.36475,1.36525,93828.7
2026-05-24T10:04:00+00:00,1.36475,1.36485,1.36465,1.36485,8131.2
2026-05-24T10:05:00+00:00,1.36485,1.36485,1.36485,1.36485,0.0
2026-05-24T10:06:00+00:00,1.36485,1.36545,1.36485,1.36545,7509.5
2026-05-24T10:07:00+00:00,1.36545,1.36535,1.36525,1.36545,1664.5
2026-05-24T10:08:00+00:00,1.36535,1.36515,1.36515,1.36535,15404.9
2026-05-24T10:09:00+00:00,1.36515,1.36465,1.36465,1.36515,2063.0
2026-05-24T10:10:00+00:00,1.36465,1.36475,1.36465,1.36495,27199.3
2026-05-24T10:11:00+00:00,1.36475,1.36455,1.36455,1.36475,20066.2
2026-05-24T10:12:00+00:00,1.36455,1.36495,1.36455,1.36505,6660.4
2026-05-24T10:13:00+00:00,1.36495,1.36505,1.36485,1.36515,47006.6
2026-05-24T10:14:00+00:00,1.36505,1.36555,1.36505,1.36555,32517.9
2026-05-24T10:15:00+00:00,1.36555,1.36575,1.36555,1.36575,4040.6
2026-05-24T10:16:00+00:00,1.36575,1.36625,1.36575,1.36665,84874.9
2026-05-24T10:17:00+00:00,1.36625,1.36625,1.36625,1.36675,24936.1
2026-05-24T10:18:00+00:00,1.36625,1.36655,1.36625,1.36675,30355.0
2026-05-24T10:19:00+00:00,1.36655,1.36685,1.36655,1.36695,24114.6
2026-05-24T10:20:00+00:00,1.36685,1.36585,1.36585,1.36685,31144.3
2026-05-24T10:21:00+00:00,1.36575,1.36555,1.36515,1.36575,30158.6
2026-05-24T10:22:00+00:00,1.36555,1.36555,1.36545,1.36575,23408.4
2026-05-24T10:23:00+00:00,1.36555,1.36545,1.36545,1.36585,48584.5
2026-05-24T10:24:00+00:00,1.36545,1.36545,1.36545,1.36555,6606.1
2026-05-24T10:25:00+00:00,1.36545,1.36595,1.36525,1.36595,41160.0
2026-05-24T10:26:00+00:00,1.36595,1.36585,1.36565,1.36595,8583.1
2026-05-24T10:27:00+00:00,1.36585,1.36745,1.36585,1.37095,492804.6
2026-05-24T10:28:00+00:00,1.36755,1.36785,1.36715,1.36835,77394.6
2026-05-24T10:29:00+00:00,1.36785,1.36775,1.36765,1.36795,2411.4
2026-05-24T10:30:00+00:00,1.36775,1.36625,1.36625,1.36775,58066.4
2026-05-24T10:31:00+00:00,1.36625,1.36645,1.36625,1.36685,15225.7
2026-05-24T10:32:00+00:00,1.36645,1.36715,1.36645,1.36725,6812.1
2026-05-24T10:33:00+00:00,1.36705,1.36865,1.36705,1.36905,105155.1
2026-05-24T10:34:00+00:00,1.36865,1.36815,1.36815,1.36895,167114.4
2026-05-24T10:35:00+00:00,1.36815,1.36825,1.36815,1.36905,86225.6
2026-05-24T10:36:00+00:00,1.36825,1.36535,1.36535,1.36825,312725.7
2026-05-24T10:37:00+00:00,1.36525,1.36505,1.36505,1.36535,41031.5
2026-05-24T10:38:00+00:00,1.36505,1.36515,1.36505,1.36595,69011.0
2026-05-24T10:39:00+00:00,1.36515,1.36555,1.36505,1.36555,17460.5
2026-05-24T10:40:00+00:00,1.36555,1.36475,1.36475,1.36555,28271.3
2026-05-24T10:41:00+00:00,1.36475,1.36465,1.36465,1.36495,212810.0
2026-05-24T10:42:00+00:00,1.36465,1.36465,1.36465,1.36465,0.0
2026-05-24T10:43:00+00:00,1.36455,1.36485,1.36455,1.36485,1130.7
2026-05-24T10:44:00+00:00,1.36485,1.36525,1.36485,1.36525,27026.9
2026-05-24T10:45:00+00:00,1.36525,1.36445,1.36445,1.36525,54177.2
2026-05-24T10:46:00+00:00,1.36445,1.36425,1.36415,1.36445,27384.5
2026-05-24T10:47:00+00:00,1.36425,1.36435,1.36425,1.36435,74.5
2026-05-24T10:48:00+00:00,1.36435,1.36375,1.36375,1.36435,12796.5
2026-05-24T10:49:00+00:00,1.36375,1.36375,1.36365,1.36375,29944.3
2026-05-24T10:50:00+00:00,1.36375,1.36345,1.36345,1.36385,3874.1
2026-05-24T10:51:00+00:00,1.36345,1.36355,1.36345,1.36355,935.6
2026-05-24T10:52:00+00:00,1.36355,1.36365,1.36355,1.36365,213.6
2026-05-24T10:53:00+00:00,1.36365,1.36355,1.36355,1.36365,15102.4
2026-05-24T10:54:00+00:00,1.36355,1.36305,1.36305,1.36355,9216.4
2026-05-24T10:55:00+00:00,1.36305,1.36305,1.36285,1.36305,43194.8
2026-05-24T10:56:00+00:00,1.36295,1.36355,1.36295,1.36355,68148.2
2026-05-24T10:57:00+00:00,1.36365,1.36375,1.36365,1.36375,46.5
2026-05-24T10:58:00+00:00,1.36375,1.36375,1.36375,1.36375,0.0
2026-05-24T10:59:00+00:00,1.36375,1.36355,1.36355,1.36375,21099.0
2026-05-24T11:00:00+00:00,1.36355,1.36385,1.36355,1.36385,661.7
2026-05-24T11:01:00+00:00,1.36385,1.36395,1.36385,1.36405,25696.9
2026-05-24T11:02:00+00:00,1.36395,1.36465,1.36395,1.36465,22131.5
2026-05-24T11:03:00+00:00,1.36465,1.36505,1.36445,1.36505,1174.2
2026-05-24T11:04:00+00:00,1.36505,1.36515,1.36455,1.36515,7938.3
2026-05-24T11:05:00+00:00,1.36515,1.36595,1.36515,1.36655,34187.9
2026-05-24T11:06:00+00:00,1.36595,1.36575,1.36555,1.36605,7458.0
2026-05-24T11:07:00+00:00,1.36575,1.36555,1.36545,1.36575,981.0
2026-05-24T11:08:00+00:00,1.36555,1.36465,1.36465,1.36555,756.3
2026-05-24T11:09:00+00:00,1.36465,1.36505,1.36455,1.36505,6641.9
2026-05-24T11:10:00+00:00,1.36505,1.36495,1.36495,1.36505,0.0
2026-05-24T11:11:00+00:00,1.36495,1.36515,1.36495,1.36515,11087.2
2026-05-24T11:12:00+00:00,1.36515,1.36425,1.36405,1.36515,269045.3
2026-05-24T11:13:00+00:00,1.36425,1.36315,1.36315,1.36445,14887.5
2026-05-24T11:14:00+00:00,1.36315,1.36315,1.36275,1.36375,130828.6
2026-05-24T11:15:00+00:00,1.36315,1.36375,1.36315,1.36395,103158.4
2026-05-24T11:16:00+00:00,1.36375,1.36375,1.36365,1.36425,17565.1
2026-05-24T11:17:00+00:00,1.36375,1.36335,1.36335,1.36395,16728.6
2026-05-24T11:18:00+00:00,1.36335,1.36355,1.36335,1.36385,176662.8
2026-05-24T11:19:00+00:00,1.36355,1.36385,1.36355,1.36385,598.2
2026-05-24T11:20:00+00:00,1.36385,1.36395,1.36385,1.36415,25664.6
2026-05-24T11:21:00+00:00,1.36405,1.36285,1.36285,1.36405,12395.6
2026-05-24T11:22:00+00:00,1.36285,1.36295,1.36235,1.36315,355968.9
2026-05-24T11:23:00+00:00,1.36295,1.36325,1.36265,1.36325,172418.9
2026-05-24T11:24:00+00:00,1.36325,1.36675,1.36315,1.36675,1020796.3
2026-05-24T11:25:00+00:00,1.36675,1.36655,1.36645,1.36685,75558.1
2026-05-24T11:26:00+00:00,1.36695,1.36685,1.36665,1.36715,56036.0
2026-05-24T11:27:00+00:00,1.36685,1.36685,1.36685,1.36725,323.6
2026-05-24T11:28:00+00:00,1.36685,1.36585,1.36565,1.36685,61202.7
2026-05-24T11:29:00+00:00,1.36585,1.36615,1.36585,1.36615,32568.0
2026-05-24T11:30:00+00:00,1.36615,1.36615,1.36615,1.36625,668.1
2026-05-24T11:31:00+00:00,1.36615,1.36645,1.36615,1.36645,63923.7
2026-05-24T11:32:00+00:00,1.36645,1.36615,1.36615,1.36655,4916.2
2026-05-24T11:33:00+00:00,1.36615,1.36645,1.36605,1.36645,71394.7
2026-05-24T11:34:00+00:00,1.36645,1.36675,1.36645,1.36675,11157.3
2026-05-24T11:35:00+00:00,1.36675,1.36675,1.36675,1.36675,0.0
2026-05-24T11:36:00+00:00,1.36675,1.36675,1.36675,1.36675,0.0
2026-05-24T11:37:00+00:00,1.36675,1.36675,1.36675,1.36675,0.0
2026-05-24T11:38:00+00:00,1.36675,1.36635,1.36635,1.36675,11823.9
2026-05-24T11:39:00+00:00,1.36635,1.36665,1.36635,1.36665,96.2
2026-05-24T11:40:00+00:00,1.36665,1.36695,1.36665,1.36705,7808.7
2026-05-24T11:41:00+00:00,1.36695,1.36745,1.36695,1.36765,24684.6
2026-05-24T11:42:00+00:00,1.36745,1.36745,1.36745,1.36745,0.0
2026-05-24T11:43:00+00:00,1.36745,1.36735,1.36735,1.36745,1743.7
2026-05-24T11:44:00+00:00,1.36735,1.36725,1.36725,1.36735,43.1
2026-05-24T11:45:00+00:00,1.36725,1.36865,1.36725,1.36865,64118.0
2026-05-24T11:46:00+00:00,1.36865,1.36845,1.36845,1.36895,129087.6
2026-05-24T11:47:00+00:00,1.36845,1.36845,1.36845,1.36845,0.0
2026-05-24T11:48:00+00:00,1.36845,1.36915,1.36845,1.36935,21549.1
2026-05-24T11:49:00+00:00,1.36915,1.36845,1.36845,1.36985,71756.3
2026-05-24T11:50:00+00:00,1.36815,1.36875,1.36805,1.36915,261433.5
2026-05-24T11:51:00+00:00,1.36865,1.36865,1.36855,1.36915,15315.8
2026-05-24T11:52:00+00:00,1.36865,1.36845,1.36845,1.36945,328836.2
2026-05-24T11:53:00+00:00,1.36825,1.36865,1.36795,1.36865,110682.7
2026-05-24T11:54:00+00:00,1.36865,1.36905,1.36855,1.36905,161867.4
2026-05-24T11:55:00+00:00,1.36895,1.36905,1.36855,1.36925,93117.4
2026-05-24T11:56:00+00:00,1.36935,1.36825,1.36825,1.36935,189737.5
2026-05-24T11:57:00+00:00,1.36825,1.36455,1.36455,1.36835,764262.2
2026-05-24T11:58:00+00:00,1.36455,1.36455,1.36435,1.36495,104687.3
2026-05-24T11:59:00+00:00,1.36455,1.36515,1.36455,1.36515,6728.3
2026-05-24T12:00:00+00:00,1.36515,1.36475,1.36475,1.36545,11668.7
2026-05-24T12:01:00+00:00,1.36475,1.36455,1.36455,1.36475,6131.3
2026-05-24T12:02:00+00:00,1.36455,1.36455,1.36425,1.36455,32657.4
2026-05-24T12:03:00+00:00,1.36455,1.36465,1.36455,1.36495,20899.2
2026-05-24T12:04:00+00:00,1.36465,1.36515,1.36465,1.36515,9956.1
2026-05-24T12:05:00+00:00,1.36515,1.36485,1.36485,1.36555,22102.7
2026-05-24T12:06:00+00:00,1.36485,1.36495,1.36485,1.36495,2028.0
2026-05-24T12:07:00+00:00,1.36495,1.36505,1.36485,1.36505,10594.3
2026-05-24T12:08:00+00:00,1.36505,1.36505,1.36505,1.36515,9690.3
2026-05-24T12:09:00+00:00,1.36505,1.36435,1.36405,1.36505,22200.6
2026-05-24T12:10:00+00:00,1.36435,1.36355,1.36355,1.36435,81656.0
2026-05-24T12:11:00+00:00,1.36355,1.36335,1.36325,1.36355,9391.0
2026-05-24T12:12:00+00:00,1.36335,1.36375,1.36335,1.36375,712.6
2026-05-24T12:13:00+00:00,1.36375,1.36365,1.36355,1.36375,6980.4
2026-05-24T12:14:00+00:00,1.36365,1.36395,1.36365,1.36435,23312.4
2026-05-24T12:15:00+00:00,1.36395,1.36365,1.36365,1.36395,871.0
2026-05-24T12:16:00+00:00,1.36365,1.36305,1.36305,1.36365,18200.7
2026-05-24T12:17:00+00:00,1.36305,1.36325,1.36285,1.36325,32252.6
2026-05-24T12:18:00+00:00,1.36325,1.36305,1.36295,1.36345,38431.8
2026-05-24T12:19:00+00:00,1.36315,1.36305,1.36295,1.36325,7861.0
2026-05-24T12:20:00+00:00,1.36305,1.36255,1.36225,1.36335,45601.6
2026-05-24T12:21:00+00:00,1.36255,1.36265,1.36255,1.36275,1041.0
2026-05-24T12:22:00+00:00,1.36265,1.36255,1.36235,1.36265,15399.7
2026-05-24T12:23:00+00:00,1.36255,1.36245,1.36235,1.36255,188.1
2026-05-24T12:24:00+00:00,1.36245,1.36235,1.36235,1.36245,60091.4
2026-05-24T12:25:00+00:00,1.36235,1.36235,1.36235,1.36235,0.0
2026-05-24T12:26:00+00:00,1.36235,1.36225,1.36225,1.36235,6552.6
2026-05-24T12:27:00+00:00,1.36225,1.36205,1.36205,1.36225,4821.0
2026-05-24T12:28:00+00:00,1.36205,1.36105,1.36085,1.36205,46856.0
2026-05-24T12:29:00+00:00,1.36105,1.36205,1.36095,1.36215,370165.2
2026-05-24T12:30:00+00:00,1.36205,1.36275,1.36205,1.36275,53161.9
2026-05-24T12:31:00+00:00,1.36275,1.36235,1.36215,1.36275,14597.7
2026-05-24T12:32:00+00:00,1.36235,1.36235,1.36235,1.36255,14185.7
2026-05-24T12:33:00+00:00,1.36235,1.36215,1.36205,1.36265,18279.0
2026-05-24T12:34:00+00:00,1.36215,1.36205,1.36165,1.36255,30247.1
2026-05-24T12:35:00+00:00,1.36205,1.36175,1.36165,1.36245,16630.3
2026-05-24T12:36:00+00:00,1.36175,1.36165,1.36135,1.36195,1482.9
2026-05-24T12:37:00+00:00,1.36165,1.36225,1.36165,1.36245,11555.4
2026-05-24T12:38:00+00:00,1.36215,1.36215,1.36195,1.36215,643.2
2026-05-24T12:39:00+00:00,1.36215,1.36285,1.36215,1.36285,2557.1
2026-05-24T12:40:00+00:00,1.36285,1.36285,1.36285,1.36305,7056.0
2026-05-24T12:41:00+00:00,1.36285,1.36285,1.36285,1.36285,0.0
2026-05-24T12:42:00+00:00,1.36285,1.36305,1.36285,1.36305,13683.4
2026-05-24T12:43:00+00:00,1.36305,1.36315,1.36295,1.36315,13659.8
2026-05-24T12:44:00+00:00,1.36315,1.36315,1.36315,1.36315,0.0
2026-05-24T12:45:00+00:00,1.36315,1.36285,1.36285,1.36315,83.1
2026-05-24T12:46:00+00:00,1.36285,1.36285,1.36285,1.36285,0.0
2026-05-24T12:47:00+00:00,1.36285,1.36285,1.36285,1.36285,0.0
2026-05-24T12:48:00+00:00,1.36285,1.36285,1.36285,1.36285,0.0
2026-05-24T12:49:00+00:00,1.36285,1.36325,1.36285,1.36325,1896.6
2026-05-24T12:50:00+00:00,1.36325,1.36295,1.36295,1.36325,13791.4
2026-05-24T12:51:00+00:00,1.36295,1.36305,1.36295,1.36305,869.5
2026-05-24T12:52:00+00:00,1.36305,1.36315,1.36305,1.36315,16870.5
2026-05-24T12:53:00+00:00,1.36315,1.36325,1.36315,1.36325,15.5
2026-05-24T12:54:00+00:00,1.36325,1.36325,1.36325,1.36325,0.0
2026-05-24T12:55:00+00:00,1.36325,1.36355,1.36325,1.36365,24604.1
2026-05-24T12:56:00+00:00,1.36355,1.36345,1.36345,1.36355,830.7
2026-05-24T12:57:00+00:00,1.36345,1.36355,1.36345,1.36355,14.5
2026-05-24T12:58:00+00:00,1.36355,1.36415,1.36345,1.36425,35016.5
2026-05-24T12:59:00+00:00,1.36415,1.36275,1.36275,1.36435,418301.5
2026-05-24T13:00:00+00:00,1.36275,1.36305,1.36275,1.36305,25445.4
2026-05-24T13:01:00+00:00,1.36305,1.36305,1.36305,1.36365,4679.1
2026-05-24T13:02:00+00:00,1.36305,1.36275,1.36275,1.36305,8944.5
2026-05-24T13:03:00+00:00,1.36275,1.36255,1.36255,1.36275,636.0
2026-05-24T13:04:00+00:00,1.36255,1.36285,1.36255,1.36285,293.2
2026-05-24T13:05:00+00:00,1.36285,1.36255,1.36255,1.36285,11849.4
2026-05-24T13:06:00+00:00,1.36255,1.36255,1.36255,1.36255,0.0
2026-05-24T13:07:00+00:00,1.36255,1.36235,1.36235,1.36265,22376.2
2026-05-24T13:08:00+00:00,1.36235,1.36235,1.36235,1.36235,0.0
2026-05-24T13:09:00+00:00,1.36235,1.36245,1.36215,1.36245,9121.3
2026-05-24T13:10:00+00:00,1.36245,1.36265,1.36215,1.36265,45353.5
2026-05-24T13:11:00+00:00,1.36265,1.36285,1.36265,1.36285,784.5
2026-05-24T13:12:00+00:00,1.36285,1.36265,1.36265,1.36285,76.9
2026-05-24T13:13:00+00:00,1.36265,1.36235,1.36225,1.36265,11496.1
2026-05-24T13:14:00+00:00,1.36235,1.36245,1.36235,1.36255,534.7
2026-05-24T13:15:00+00:00,1.36245,1.36305,1.36245,1.36305,17885.2
2026-05-24T13:16:00+00:00,1.36305,1.36315,1.36305,1.36315,1100.5
2026-05-24T13:17:00+00:00,1.36315,1.36315,1.36315,1.36315,0.0
2026-05-24T13:18:00+00:00,1.36315,1.36315,1.36315,1.36315,0.0
2026-05-24T13:19:00+00:00,1.36315,1.36315,1.36315,1.36355,19818.9
2026-05-24T13:20:00+00:00,1.36315,1.36375,1.36315,1.36375,15438.0
2026-05-24T13:21:00+00:00,1.36375,1.36345,1.36325,1.36375,27390.1
2026-05-24T13:22:00+00:00,1.36345,1.36315,1.36305,1.36365,20462.7
2026-05-24T13:23:00+00:00,1.36315,1.36325,1.36315,1.36325,8400.3
2026-05-24T13:24:00+00:00,1.36325,1.36285,1.36285,1.36325,4308.1
2026-05-24T13:25:00+00:00,1.36285,1.36295,1.36285,1.36315,7643.5
2026-05-24T13:26:00+00:00,1.36295,1.36295,1.36295,1.36295,0.0
2026-05-24T13:27:00+00:00,1.36295,1.36255,1.36245,1.36295,12759.0
2026-05-24T13:28:00+00:00,1.36245,1.36105,1.36105,1.36245,23282.4
2026-05-24T13:29:00+00:00,1.36105,1.36115,1.36085,1.36135,103668.0
2026-05-24T13:30:00+00:00,1.36115,1.36185,1.36115,1.36185,22106.7
2026-05-24T13:31:00+00:00,1.36185,1.36275,1.36185,1.36275,751.7
2026-05-24T13:32:00+00:00,1.36275,1.36245,1.36225,1.36285,45050.5
2026-05-24T13:33:00+00:00,1.36245,1.36205,1.36195,1.36245,86611.6
2026-05-24T13:34:00+00:00,1.36205,1.36215,1.36185,1.36255,174093.0
2026-05-24T13:35:00+00:00,1.36215,1.36265,1.36215,1.36275,5654.6
2026-05-24T13:36:00+00:00,1.36265,1.36115,1.36115,1.36265,14161.1
2026-05-24T13:37:00+00:00,1.36115,1.36085,1.36055,1.36115,2824.6
2026-05-24T13:38:00+00:00,1.36085,1.36075,1.36025,1.36085,8955.6
2026-05-24T13:39:00+00:00,1.36075,1.36115,1.36075,1.36115,2589.8
2026-05-24T13:40:00+00:00,1.36115,1.36195,1.36115,1.36195,13548.4
2026-05-24T13:41:00+00:00,1.36195,1.36215,1.36195,1.36245,6545.5
2026-05-24T13:42:00+00:00,1.36235,1.36245,1.36215,1.36265,7849.7
2026-05-24T13:43:00+00:00,1.36245,1.36285,1.36225,1.36285,5783.2
2026-05-24T13:44:00+00:00,1.36285,1.36265,1.36255,1.36285,1004.0
2026-05-24T13:45:00+00:00,1.36265,1.36185,1.36155,1.36285,11856.0
2026-05-24T13:46:00+00:00,1.36185,1.36225,1.36185,1.36245,15205.4
2026-05-24T13:47:00+00:00,1.36225,1.36135,1.36135,1.36225,8691.8
2026-05-24T13:48:00+00:00,1.36135,1.36095,1.36095,1.36145,9291.2
2026-05-24T13:49:00+00:00,1.36095,1.36105,1.36095,1.36125,655.3
2026-05-24T13:50:00+00:00,1.36105,1.36095,1.36075,1.36115,826.7
2026-05-24T13:51:00+00:00,1.36095,1.36095,1.36075,1.36095,10918.2
2026-05-24T13:52:00+00:00,1.36095,1.36095,1.36095,1.36095,0.0
2026-05-24T13:53:00+00:00,1.36085,1.36005,1.36005,1.36085,14545.2
2026-05-24T13:54:00+00:00,1.36005,1.35885,1.35885,1.36015,184254.7
2026-05-24T13:55:00+00:00,1.35815,1.35885,1.35815,1.35925,384729.7
2026-05-24T13:56:00+00:00,1.35885,1.35705,1.35705,1.35885,65868.2
2026-05-24T13:57:00+00:00,1.35705,1.35755,1.35675,1.35775,53508.0
2026-05-24T13:58:00+00:00,1.35755,1.35835,1.35755,1.35835,2455.8
2026-05-24T13:59:00+00:00,1.35835,1.35895,1.35835,1.35895,18840.6
2026-05-24T14:00:00+00:00,1.35895,1.35895,1.35865,1.35895,4591.6
2026-05-24T14:01:00+00:00,1.35895,1.35955,1.35885,1.35955,79274.8
2026-05-24T14:02:00+00:00,1.35955,1.35705,1.35705,1.35955,63060.3
2026-05-24T14:03:00+00:00,1.35725,1.35705,1.35635,1.35725,307780.7
2026-05-24T14:04:00+00:00,1.35705,1.35715,1.35675,1.35715,2747.9
2026-05-24T14:05:00+00:00,1.35715,1.35805,1.35715,1.35815,24243.6
2026-05-24T14:06:00+00:00,1.35805,1.35825,1.35805,1.35825,0.0
2026-05-24T14:07:00+00:00,1.35825,1.35785,1.35775,1.35825,11224.7
2026-05-24T14:08:00+00:00,1.35785,1.35745,1.35745,1.35795,949.6
2026-05-24T14:09:00+00:00,1.35745,1.35745,1.35725,1.35775,28724.4
2026-05-24T14:10:00+00:00,1.35745,1.35775,1.35745,1.35795,48607.2
2026-05-24T14:11:00+00:00,1.35775,1.35555,1.35545,1.35775,22259.3
2026-05-24T14:12:00+00:00,1.35555,1.35255,1.35125,1.35555,202215.3
2026-05-24T14:13:00+00:00,1.35215,1.35205,1.35115,1.35335,235371.2
2026-05-24T14:14:00+00:00,1.35175,1.35045,1.34925,1.35175,348650.0
2026-05-24T14:15:00+00:00,1.35045,1.34965,1.34775,1.35045,161963.4
2026-05-24T14:16:00+00:00,1.34885,1.34285,1.34285,1.34885,189866.0
2026-05-24T14:17:00+00:00,1.34285,1.34445,1.33925,1.34465,796977.5
2026-05-24T14:18:00+00:00,1.34445,1.34605,1.34445,1.34605,103809.0
2026-05-24T14:19:00+00:00,1.34605,1.34485,1.34485,1.34665,55387.1
2026-05-24T14:20:00+00:00,1.34495,1.34685,1.34495,1.34685,99471.2
2026-05-24T14:21:00+00:00,1.34685,1.34755,1.34635,1.34755,61030.0
2026-05-24T14:22:00+00:00,1.34775,1.34935,1.34775,1.34955,146985.1
2026-05-24T14:23:00+00:00,1.34935,1.34985,1.34895,1.35015,65578.6
2026-05-24T14:24:00+00:00,1.34985,1.34985,1.34975,1.35035,66365.9
2026-05-24T14:25:00+00:00,1.34985,1.34905,1.34895,1.34985,29853.4
2026-05-24T14:26:00+00:00,1.34905,1.34695,1.34695,1.34905,34815.4
2026-05-24T14:27:00+00:00,1.34695,1.34845,1.34695,1.34855,50590.2
2026-05-24T14:28:00+00:00,1.34845,1.34915,1.34825,1.34935,33991.2
2026-05-24T14:29:00+00:00,1.34915,1.34785,1.34755,1.34915,13400.7
2026-05-24T14:30:00+00:00,1.34785,1.34885,1.34775,1.34915,36678.5
2026-05-24T14:31:00+00:00,1.34885,1.34925,1.34885,1.34925,41343.7
2026-05-24T14:32:00+00:00,1.34925,1.34885,1.34885,1.34995,255651.3
2026-05-24T14:33:00+00:00,1.34885,1.34985,1.34885,1.34985,4998.2
2026-05-24T14:34:00+00:00,1.34985,1.35015,1.34985,1.35015,98504.0
2026-05-24T14:35:00+00:00,1.35015,1.34935,1.34905,1.35035,57363.9
2026-05-24T14:36:00+00:00,1.34945,1.34925,1.34905,1.34975,55607.5
2026-05-24T14:37:00+00:00,1.34925,1.35045,1.34925,1.35045,37363.1
2026-05-24T14:38:00+00:00,1.35045,1.35025,1.35015,1.35085,104192.1
2026-05-24T14:39:00+00:00,1.35025,1.35015,1.34995,1.35045,1857.8
2026-05-24T14:40:00+00:00,1.35015,1.34965,1.34945,1.35015,13033.4
2026-05-24T14:41:00+00:00,1.34965,1.34945,1.34945,1.34995,18195.6
2026-05-24T14:42:00+00:00,1.34945,1.34955,1.34945,1.35005,19624.0
2026-05-24T14:43:00+00:00,1.34955,1.35025,1.34955,1.35025,39345.4
2026-05-24T14:44:00+00:00,1.35025,1.34975,1.34965,1.35055,4555.6
2026-05-24T14:45:00+00:00,1.34975,1.34995,1.34975,1.35045,6966.3
2026-05-24T14:46:00+00:00,1.34995,1.35065,1.34965,1.35065,11631.3
2026-05-24T14:47:00+00:00,1.35065,1.35025,1.35025,1.35065,11494.3
2026-05-24T14:48:00+00:00,1.35025,1.34995,1.34995,1.35025,674.0
2026-05-24T14:49:00+00:00,1.34995,1.34915,1.34895,1.34995,80968.9
2026-05-24T14:50:00+00:00,1.34915,1.35065,1.34855,1.35065,152730.8
2026-05-24T14:51:00+00:00,1.35065,1.35065,1.35055,1.35085,2306.5
2026-05-24T14:52:00+00:00,1.35065,1.35075,1.35065,1.35075,299.6
2026-05-24T14:53:00+00:00,1.35075,1.35095,1.35075,1.35105,14060.2
2026-05-24T14:54:00+00:00,1.35095,1.35065,1.35065,1.35095,4012.1
2026-05-24T14:55:00+00:00,1.35055,1.35075,1.35055,1.35075,15356.7
2026-05-24T14:56:00+00:00,1.35075,1.35055,1.35035,1.35075,18671.7
2026-05-24T14:57:00+00:00,1.35055,1.34995,1.34995,1.35085,19432.2
2026-05-24T14:58:00+00:00,1.34995,1.34945,1.34945,1.35015,1686.5
2026-05-24T14:59:00+00:00,1.34945,1.34985,1.34945,1.35025,24572.3
2026-05-24T15:00:00+00:00,1.34985,1.34945,1.34945,1.34985,8157.0
2026-05-24T15:01:00+00:00,1.34945,1.34965,1.34895,1.34965,24643.8
2026-05-24T15:02:00+00:00,1.34965,1.35025,1.34965,1.35035,12536.2
2026-05-24T15:03:00+00:00,1.35025,1.34985,1.34985,1.35025,1121.6
2026-05-24T15:04:00+00:00,1.34985,1.35125,1.34985,1.35125,1118.1
2026-05-24T15:05:00+00:00,1.35125,1.35045,1.35035,1.35125,5377.7
2026-05-24T15:06:00+00:00,1.35045,1.34945,1.34945,1.35045,9192.7
2026-05-24T15:07:00+00:00,1.34945,1.34935,1.34935,1.34955,143.0
2026-05-24T15:08:00+00:00,1.34935,1.35025,1.34935,1.35035,9266.9
2026-05-24T15:09:00+00:00,1.35025,1.35025,1.35025,1.35025,0.0
2026-05-24T15:10:00+00:00,1.35035,1.35035,1.35025,1.35035,144.4
2026-05-24T15:11:00+00:00,1.35035,1.35035,1.35015,1.35035,205.4
2026-05-24T15:12:00+00:00,1.35035,1.35055,1.35035,1.35075,112036.5
2026-05-24T15:13:00+00:00,1.35045,1.35055,1.35025,1.35055,1692.6
2026-05-24T15:14:00+00:00,1.35045,1.35045,1.35025,1.35055,7854.5
2026-05-24T15:15:00+00:00,1.35045,1.35015,1.35015,1.35105,17637.9
2026-05-24T15:16:00+00:00,1.35015,1.34855,1.34855,1.35015,43613.0
2026-05-24T15:17:00+00:00,1.34855,1.34905,1.34855,1.34935,33665.4
2026-05-24T15:18:00+00:00,1.34905,1.34975,1.34895,1.34975,9390.0
2026-05-24T15:19:00+00:00,1.34975,1.34985,1.34975,1.35005,2410.0
2026-05-24T15:20:00+00:00,1.34985,1.34915,1.34915,1.34985,5548.5
2026-05-24T15:21:00+00:00,1.34915,1.34905,1.34835,1.34915,18444.6
2026-05-24T15:22:00+00:00,1.34905,1.34885,1.34855,1.34905,4702.9
2026-05-24T15:23:00+00:00,1.34885,1.34955,1.34885,1.34955,6720.2
2026-05-24T15:24:00+00:00,1.34955,1.35005,1.34955,1.35055,3562.3
2026-05-24T15:25:00+00:00,1.35005,1.34965,1.34945,1.35005,24606.8
2026-05-24T15:26:00+00:00,1.34965,1.34965,1.34955,1.34965,58412.0
2026-05-24T15:27:00+00:00,1.34965,1.34945,1.34925,1.34985,2492.3
2026-05-24T15:28:00+00:00,1.34945,1.34905,1.34905,1.34945,3247.5
2026-05-24T15:29:00+00:00,1.34905,1.34925,1.34895,1.34925,7855.7
2026-05-24T15:30:00+00:00,1.34925,1.34975,1.34895,1.35035,14103.8
2026-05-24T15:31:00+00:00,1.34965,1.34945,1.34935,1.34965,459.9
2026-05-24T15:32:00+00:00,1.34945,1.35035,1.34945,1.35035,1340.9
2026-05-24T15:33:00+00:00,1.35055,1.34985,1.34985,1.35055,11214.1
2026-05-24T15:34:00+00:00,1.34985,1.34945,1.34945,1.34995,93375.3
2026-05-24T15:35:00+00:00,1.34945,1.34955,1.34915,1.34965,14607.7
2026-05-24T15:36:00+00:00,1.34955,1.34925,1.34925,1.34955,875.4
2026-05-24T15:37:00+00:00,1.34925,1.34985,1.34925,1.34985,5846.5
2026-05-24T15:38:00+00:00,1.34985,1.34965,1.34955,1.34985,559.7
2026-05-24T15:39:00+00:00,1.34965,1.34965,1.34965,1.34975,133.0
2026-05-24T15:40:00+00:00,1.34965,1.34965,1.34955,1.34975,2220.4
2026-05-24T15:41:00+00:00,1.34965,1.34995,1.34965,1.34995,1606.9
2026-05-24T15:42:00+00:00,1.34995,1.34965,1.34965,1.34995,2793.6
2026-05-24T15:43:00+00:00,1.34965,1.34985,1.34965,1.34985,96.1
2026-05-24T15:44:00+00:00,1.34985,1.35005,1.34985,1.35005,29628.4
2026-05-24T15:45:00+00:00,1.35005,1.34945,1.34945,1.35005,10754.5
2026-05-24T15:46:00+00:00,1.34945,1.34945,1.34885,1.34945,53115.5
2026-05-24T15:47:00+00:00,1.34945,1.34985,1.34945,1.34985,37805.6
2026-05-24T15:48:00+00:00,1.34985,1.34915,1.34915,1.34985,1723.9
2026-05-24T15:49:00+00:00,1.34915,1.34945,1.34865,1.34955,34413.5
2026-05-24T15:50:00+00:00,1.34955,1.34865,1.34865,1.34965,20633.7
2026-05-24T15:51:00+00:00,1.34865,1.34905,1.34865,1.34905,4959.0
2026-05-24T15:52:00+00:00,1.34905,1.34855,1.34815,1.34915,17585.8
2026-05-24T15:53:00+00:00,1.34855,1.34895,1.34845,1.34895,39861.4
2026-05-24T15:54:00+00:00,1.34895,1.34905,1.34895,1.34925,480.9
2026-05-24T15:55:00+00:00,1.34905,1.34845,1.34845,1.34925,4097.5
2026-05-24T15:56:00+00:00,1.34845,1.34885,1.34835,1.34885,2448.8
2026-05-24T15:57:00+00:00,1.34885,1.34865,1.34835,1.34885,6480.8
2026-05-24T15:58:00+00:00,1.34855,1.34825,1.34825,1.34855,770.1
2026-05-24T15:59:00+00:00,1.34825,1.34835,1.34825,1.34835,14868.3
2026-05-24T16:00:00+00:00,1.34855,1.34805,1.34805,1.34855,1015.0
2026-05-24T16:01:00+00:00,1.34805,1.34805,1.34725,1.34805,88076.6
2026-05-24T16:02:00+00:00,1.34805,1.34805,1.34805,1.34805,0.0
2026-05-24T16:03:00+00:00,1.34805,1.34925,1.34805,1.35015,28608.9
2026-05-24T16:04:00+00:00,1.34925,1.35095,1.34925,1.35145,23125.3
2026-05-24T16:05:00+00:00,1.35095,1.35205,1.35065,1.35205,28754.2
2026-05-24T16:06:00+00:00,1.35175,1.34965,1.34965,1.35185,66584.4
2026-05-24T16:07:00+00:00,1.34975,1.34955,1.34955,1.35005,7809.5
2026-05-24T16:08:00+00:00,1.34955,1.34915,1.34865,1.34955,33382.6
2026-05-24T16:09:00+00:00,1.34915,1.34995,1.34915,1.34995,137801.7
2026-05-24T16:10:00+00:00,1.35005,1.35085,1.35005,1.35085,10064.1
2026-05-24T16:11:00+00:00,1.35085,1.35085,1.35075,1.35085,1203.1
2026-05-24T16:12:00+00:00,1.35085,1.35045,1.35025,1.35085,1470.7
2026-05-24T16:13:00+00:00,1.35045,1.35035,1.35025,1.35045,15481.7
2026-05-24T16:14:00+00:00,1.35035,1.35065,1.35035,1.35065,2868.1
2026-05-24T16:15:00+00:00,1.35065,1.35155,1.35055,1.35155,15586.1
2026-05-24T16:16:00+00:00,1.35155,1.35175,1.35135,1.35225,26446.1
2026-05-24T16:17:00+00:00,1.35175,1.35255,1.35175,1.35265,36526.3
2026-05-24T16:18:00+00:00,1.35245,1.35105,1.35105,1.35245,14122.5
2026-05-24T16:19:00+00:00,1.35105,1.35145,1.35105,1.35155,30965.7
2026-05-24T16:20:00+00:00,1.35125,1.35045,1.35045,1.35125,39536.3
2026-05-24T16:21:00+00:00,1.35045,1.35065,1.35045,1.35085,939.2
2026-05-24T16:22:00+00:00,1.35065,1.35105,1.35065,1.35105,5675.4
2026-05-24T16:23:00+00:00,1.35105,1.35095,1.35095,1.35105,27.0
2026-05-24T16:24:00+00:00,1.35095,1.34995,1.34995,1.35095,2133.5
2026-05-24T16:25:00+00:00,1.34995,1.34915,1.34915,1.34995,25364.8
2026-05-24T16:26:00+00:00,1.34915,1.34855,1.34855,1.34925,18235.6
2026-05-24T16:27:00+00:00,1.34855,1.34915,1.34855,1.34915,3263.9
2026-05-24T16:28:00+00:00,1.34915,1.34955,1.34915,1.34955,4000.5
2026-05-24T16:29:00+00:00,1.34955,1.34955,1.34955,1.34965,168.0
2026-05-24T16:30:00+00:00,1.34955,1.34955,1.34955,1.34975,1229.9
2026-05-24T16:31:00+00:00,1.34955,1.34975,1.34945,1.34975,190.6
2026-05-24T16:32:00+00:00,1.34975,1.34935,1.34925,1.34975,7258.0
2026-05-24T16:33:00+00:00,1.34945,1.34935,1.34925,1.34955,101637.4
2026-05-24T16:34:00+00:00,1.34935,1.34935,1.34925,1.34945,530.8
2026-05-24T16:35:00+00:00,1.34925,1.34805,1.34805,1.34925,11071.1
2026-05-24T16:36:00+00:00,1.34805,1.34785,1.34715,1.34835,18902.4
2026-05-24T16:37:00+00:00,1.34785,1.34825,1.34785,1.34835,72067.4
2026-05-24T16:38:00+00:00,1.34825,1.34855,1.34825,1.34855,475.3
2026-05-24T16:39:00+00:00,1.34855,1.34885,1.34855,1.34885,107.7
2026-05-24T16:40:00+00:00,1.34885,1.34915,1.34885,1.34915,117.3
2026-05-24T16:41:00+00:00,1.34915,1.34895,1.34895,1.34915,296.7
2026-05-24T16:42:00+00:00,1.34895,1.34895,1.34895,1.34915,18161.1
2026-05-24T16:43:00+00:00,1.34895,1.34855,1.34845,1.34895,1259.1
2026-05-24T16:44:00+00:00,1.34855,1.34875,1.34855,1.34875,4898.9
2026-05-24T16:45:00+00:00,1.34875,1.34915,1.34875,1.34915,2336.1
2026-05-24T16:46:00+00:00,1.34915,1.34975,1.34905,1.34975,2514.8
2026-05-24T16:47:00+00:00,1.34975,1.34995,1.34975,1.34995,1122.9
2026-05-24T16:48:00+00:00,1.34995,1.35015,1.34995,1.35045,1013.1
2026-05-24T16:49:00+00:00,1.35025,1.35015,1.35015,1.35025,376.1
2026-05-24T16:50:00+00:00,1.35015,1.34955,1.34955,1.35015,1000.4
2026-05-24T16:51:00+00:00,1.34955,1.34975,1.34955,1.34975,7225.8
2026-05-24T16:52:00+00:00,1.34975,1.34985,1.34975,1.35025,9235.5
2026-05-24T16:53:00+00:00,1.34985,1.34985,1.34985,1.34985,0.0
2026-05-24T16:54:00+00:00,1.34985,1.35015,1.34985,1.35055,2757.9
2026-05-24T16:55:00+00:00,1.35015,1.34975,1.34975,1.35015,2496.0
2026-05-24T16:56:00+00:00,1.34975,1.34975,1.34975,1.34975,0.0
2026-05-24T16:57:00+00:00,1.34975,1.35035,1.34975,1.35035,4382.0
2026-05-24T16:58:00+00:00,1.35065,1.35105,1.35045,1.35105,20086.1
2026-05-24T16:59:00+00:00,1.35105,1.35085,1.35075,1.35105,83219.0
2026-05-24T17:00:00+00:00,1.35085,1.35145,1.35085,1.35145,11716.0
2026-05-24T17:01:00+00:00,1.35175,1.35195,1.35165,1.35235,36806.1
2026-05-24T17:02:00+00:00,1.35195,1.35135,1.35135,1.35205,7719.4
2026-05-24T17:03:00+00:00,1.35135,1.35075,1.35065,1.35135,2470.5
2026-05-24T17:04:00+00:00,1.35075,1.35145,1.35075,1.35145,13097.6
2026-05-24T17:05:00+00:00,1.35145,1.35225,1.35145,1.35225,790.3
2026-05-24T17:06:00+00:00,1.35225,1.35175,1.35175,1.35225,38108.8
2026-05-24T17:07:00+00:00,1.35175,1.35195,1.35175,1.35195,10635.6
2026-05-24T17:08:00+00:00,1.35195,1.35185,1.35185,1.35205,19439.8
2026-05-24T17:09:00+00:00,1.35185,1.35215,1.35185,1.35215,1498.7
2026-05-24T17:10:00+00:00,1.35215,1.35195,1.35185,1.35215,10291.8
2026-05-24T17:11:00+00:00,1.35195,1.35215,1.35195,1.35235,1387.5
2026-05-24T17:12:00+00:00,1.35215,1.35265,1.35215,1.35265,3027.9
2026-05-24T17:13:00+00:00,1.35265,1.35255,1.35255,1.35265,0.0
2026-05-24T17:14:00+00:00,1.35255,1.35205,1.35175,1.35255,37328.7
2026-05-24T17:15:00+00:00,1.35205,1.35265,1.35205,1.35265,846.7
2026-05-24T17:16:00+00:00,1.35265,1.35225,1.35225,1.35265,41331.8
2026-05-24T17:17:00+00:00,1.35225,1.35265,1.35225,1.35265,7277.9
2026-05-24T17:18:00+00:00,1.35265,1.35215,1.35215,1.35265,18259.4
2026-05-24T17:19:00+00:00,1.35215,1.35145,1.35145,1.35235,25568.1
2026-05-24T17:20:00+00:00,1.35145,1.35165,1.35135,1.35165,1374.2
2026-05-24T17:21:00+00:00,1.35165,1.35125,1.35125,1.35195,12273.9
2026-05-24T17:22:00+00:00,1.35115,1.35165,1.35115,1.35165,6453.0
2026-05-24T17:23:00+00:00,1.35165,1.35205,1.35165,1.35205,7642.3
2026-05-24T17:24:00+00:00,1.35205,1.35255,1.35185,1.35255,26302.7
2026-05-24T17:25:00+00:00,1.35255,1.35245,1.35225,1.35265,1494.6
2026-05-24T17:26:00+00:00,1.35255,1.35255,1.35255,1.35255,472.9
2026-05-24T17:27:00+00:00,1.35255,1.35265,1.35255,1.35265,415.2
2026-05-24T17:28:00+00:00,1.35265,1.35225,1.35195,1.35265,74164.4
2026-05-24T17:29:00+00:00,1.35225,1.35225,1.35225,1.35225,0.0
2026-05-24T17:30:00+00:00,1.35225,1.35175,1.35175,1.35245,17447.0
2026-05-24T17:31:00+00:00,1.35175,1.35265,1.35175,1.35295,5909.8
2026-05-24T17:32:00+00:00,1.35265,1.35285,1.35265,1.35295,217.7
2026-05-24T17:33:00+00:00,1.35285,1.35245,1.35245,1.35285,19133.7
2026-05-24T17:34:00+00:00,1.35235,1.35235,1.35225,1.35235,137.6
2026-05-24T17:35:00+00:00,1.35235,1.35255,1.35235,1.35255,604.2
2026-05-24T17:36:00+00:00,1.35255,1.35265,1.35245,1.35275,7885.9
2026-05-24T17:37:00+00:00,1.35265,1.35245,1.35245,1.35275,58869.6
2026-05-24T17:38:00+00:00,1.35245,1.35265,1.35245,1.35265,376.5
2026-05-24T17:39:00+00:00,1.35265,1.35385,1.35265,1.35385,6361.6
2026-05-24T17:40:00+00:00,1.35385,1.35315,1.35315,1.35385,1851.5
2026-05-24T17:41:00+00:00,1.35315,1.35345,1.35315,1.35345,14787.6
2026-05-24T17:42:00+00:00,1.35345,1.35345,1.35325,1.35355,8046.0
2026-05-24T17:43:00+00:00,1.35345,1.35345,1.35325,1.35345,1414.8
2026-05-24T17:44:00+00:00,1.35345,1.35355,1.35345,1.35355,2352.2
2026-05-24T17:45:00+00:00,1.35365,1.35345,1.35345,1.35365,61.3
2026-05-24T17:46:00+00:00,1.35345,1.35345,1.35325,1.35345,491.7
2026-05-24T17:47:00+00:00,1.35355,1.35305,1.35285,1.35355,16780.4
2026-05-24T17:48:00+00:00,1.35305,1.35335,1.35285,1.35335,13187.9
2026-05-24T17:49:00+00:00,1.35335,1.35375,1.35335,1.35395,15150.7
2026-05-24T17:50:00+00:00,1.35375,1.35385,1.35365,1.35455,12364.2
2026-05-24T17:51:00+00:00,1.35375,1.35345,1.35345,1.35375,16778.1
2026-05-24T17:52:00+00:00,1.35345,1.35365,1.35345,1.35365,2010.6
2026-05-24T17:53:00+00:00,1.35365,1.35345,1.35335,1.35365,1273.7
2026-05-24T17:54:00+00:00,1.35345,1.35365,1.35345,1.35365,6185.9
2026-05-24T17:55:00+00:00,1.35365,1.35325,1.35325,1.35365,6166.6
2026-05-24T17:56:00+00:00,1.35325,1.35315,1.35315,1.35325,222.6
2026-05-24T17:57:00+00:00,1.35315,1.35325,1.35305,1.35325,50255.9
2026-05-24T17:58:00+00:00,1.35325,1.35325,1.35325,1.35325,0.0
2026-05-24T17:59:00+00:00,1.35325,1.35325,1.35325,1.35325,0.0
2026-05-24T18:00:00+00:00,1.35325,1.35305,1.35305,1.35335,56106.5
2026-05-24T18:01:00+00:00,1.35305,1.35305,1.35295,1.35315,37985.1
2026-05-24T18:02:00+00:00,1.35305,1.35215,1.35215,1.35305,10032.0
2026-05-24T18:03:00+00:00,1.35215,1.35205,1.35205,1.35235,18375.1
2026-05-24T18:04:00+00:00,1.35205,1.35155,1.35155,1.35205,4812.9
2026-05-24T18:05:00+00:00,1.35155,1.35165,1.35145,1.35175,1028.5
2026-05-24T18:06:00+00:00,1.35155,1.35135,1.35085,1.35155,16094.4
2026-05-24T18:07:00+00:00,1.35135,1.35155,1.35135,1.35155,0.0
2026-05-24T18:08:00+00:00,1.35155,1.35175,1.35155,1.35175,486.1
2026-05-24T18:09:00+00:00,1.35175,1.35155,1.35135,1.35175,6631.4
2026-05-24T18:10:00+00:00,1.35155,1.35165,1.35155,1.35175,31142.9
2026-05-24T18:11:00+00:00,1.35175,1.35165,1.35165,1.35185,265.7
2026-05-24T18:12:00+00:00,1.35165,1.35185,1.35165,1.35185,9277.5
2026-05-24T18:13:00+00:00,1.35185,1.35265,1.35185,1.35265,757.9
2026-05-24T18:14:00+00:00,1.35265,1.35185,1.35185,1.35265,77559.4
2026-05-24T18:15:00+00:00,1.35185,1.35185,1.35175,1.35185,7423.2
2026-05-24T18:16:00+00:00,1.35185,1.35185,1.35135,1.35185,4209.7
2026-05-24T18:17:00+00:00,1.35185,1.35235,1.35175,1.35245,12487.0
2026-05-24T18:18:00+00:00,1.35235,1.35265,1.35235,1.35265,591.3
2026-05-24T18:19:00+00:00,1.35265,1.35175,1.35165,1.35265,64655.6
2026-05-24T18:20:00+00:00,1.35175,1.35195,1.35175,1.35195,197.5
2026-05-24T18:21:00+00:00,1.35195,1.35205,1.35195,1.35205,112.0
2026-05-24T18:22:00+00:00,1.35195,1.35185,1.35185,1.35205,617.3
2026-05-24T18:23:00+00:00,1.35185,1.35185,1.35165,1.35185,881.1
2026-05-24T18:24:00+00:00,1.35185,1.35065,1.35035,1.35195,67863.8
2026-05-24T18:25:00+00:00,1.35065,1.35045,1.35025,1.35065,23361.5
2026-05-24T18:26:00+00:00,1.35055,1.35025,1.35025,1.35065,1243.3
2026-05-24T18:27:00+00:00,1.35025,1.35055,1.35025,1.35055,694.3
2026-05-24T18:28:00+00:00,1.35055,1.35085,1.35055,1.35115,4071.0
2026-05-24T18:29:00+00:00,1.35085,1.35065,1.35065,1.35085,101.8
2026-05-24T18:30:00+00:00,1.35065,1.34945,1.34935,1.35065,967.1
2026-05-24T18:31:00+00:00,1.34925,1.34895,1.34895,1.34985,35335.5
2026-05-24T18:32:00+00:00,1.34895,1.35005,1.34895,1.35005,1599.2
2026-05-24T18:33:00+00:00,1.35005,1.34975,1.34925,1.35025,144808.9
2026-05-24T18:34:00+00:00,1.34975,1.34965,1.34955,1.34995,19643.8
2026-05-24T18:35:00+00:00,1.34965,1.35035,1.34965,1.35035,5090.4
2026-05-24T18:36:00+00:00,1.35035,1.35045,1.35015,1.35045,8116.9
2026-05-24T18:37:00+00:00,1.35045,1.35055,1.35045,1.35065,8602.2
2026-05-24T18:38:00+00:00,1.35055,1.35075,1.35055,1.35075,81.3
2026-05-24T18:39:00+00:00,1.35075,1.35065,1.35055,1.35075,1108.3
2026-05-24T18:40:00+00:00,1.35065,1.35045,1.35045,1.35065,2276.5
2026-05-24T18:41:00+00:00,1.35045,1.35025,1.35025,1.35045,512.4
2026-05-24T18:42:00+00:00,1.35025,1.34925,1.34905,1.35025,133596.4
2026-05-24T18:43:00+00:00,1.34925,1.34915,1.34885,1.34925,38672.5
2026-05-24T18:44:00+00:00,1.34915,1.34935,1.34915,1.34945,2192.9
2026-05-24T18:45:00+00:00,1.34935,1.34845,1.34815,1.34975,154409.0
2026-05-24T18:46:00+00:00,1.34845,1.34845,1.34835,1.34865,57042.3
2026-05-24T18:47:00+00:00,1.34845,1.34885,1.34845,1.34885,2340.6
2026-05-24T18:48:00+00:00,1.34895,1.34805,1.34805,1.34895,12380.2
2026-05-24T18:49:00+00:00,1.34805,1.34805,1.34765,1.34805,41442.0
2026-05-24T18:50:00+00:00,1.34805,1.34775,1.34765,1.34805,602.2
2026-05-24T18:51:00+00:00,1.34775,1.34805,1.34775,1.34805,153.6
2026-05-24T18:52:00+00:00,1.34805,1.34775,1.34775,1.34805,1383.6
2026-05-24T18:53:00+00:00,1.34775,1.34795,1.34775,1.34795,38.7
2026-05-24T18:54:00+00:00,1.34795,1.34865,1.34795,1.34865,796.1
2026-05-24T18:55:00+00:00,1.34865,1.34895,1.34865,1.34895,1644.2
2026-05-24T18:56:00+00:00,1.34895,1.34855,1.34855,1.34895,648.5
2026-05-24T18:57:00+00:00,1.34855,1.34875,1.34855,1.34875,218.8
2026-05-24T18:58:00+00:00,1.34875,1.34885,1.34875,1.34885,227.9
2026-05-24T18:59:00+00:00,1.34885,1.34855,1.34855,1.34885,1995.1
2026-05-24T19:00:00+00:00,1.34855,1.34945,1.34845,1.34945,9649.3
2026-05-24T19:01:00+00:00,1.34945,1.34985,1.34945,1.34995,910.4
2026-05-24T19:02:00+00:00,1.34985,1.35025,1.34955,1.35025,17879.5
2026-05-24T19:03:00+00:00,1.35025,1.34975,1.34975,1.35055,3009.1
2026-05-24T19:04:00+00:00,1.34975,1.34925,1.34915,1.34975,216.2
2026-05-24T19:05:00+00:00,1.34925,1.34975,1.34925,1.34975,1520.5
2026-05-24T19:06:00+00:00,1.34975,1.34975,1.34975,1.34975,0.0
2026-05-24T19:07:00+00:00,1.34975,1.34995,1.34975,1.35005,2069.8
2026-05-24T19:08:00+00:00,1.34995,1.34985,1.34985,1.35025,4534.8
2026-05-24T19:09:00+00:00,1.34985,1.34995,1.34985,1.34995,242.8
2026-05-24T19:10:00+00:00,1.34995,1.35025,1.34995,1.35025,1030.8
2026-05-24T19:11:00+00:00,1.35025,1.34985,1.34985,1.35025,49.7
2026-05-24T19:12:00+00:00,1.34985,1.34995,1.34975,1.34995,3486.1
2026-05-24T19:13:00+00:00,1.34995,1.34955,1.34955,1.34995,5245.0
2026-05-24T19:14:00+00:00,1.34955,1.34905,1.34905,1.34955,21002.7
2026-05-24T19:15:00+00:00,1.34905,1.34885,1.34885,1.34905,25465.0
2026-05-24T19:16:00+00:00,1.34885,1.34945,1.34855,1.34945,2030.4
2026-05-24T19:17:00+00:00,1.34945,1.35035,1.34945,1.35035,9749.0
2026-05-24T19:18:00+00:00,1.35035,1.35015,1.35015,1.35045,1545.2
2026-05-24T19:19:00+00:00,1.35015,1.34975,1.34975,1.35025,9892.5
2026-05-24T19:20:00+00:00,1.34975,1.34925,1.34905,1.34985,5514.1
2026-05-24T19:21:00+00:00,1.34925,1.34975,1.34925,1.34975,3013.1
2026-05-24T19:22:00+00:00,1.34975,1.34975,1.34975,1.34975,0.0
2026-05-24T19:23:00+00:00,1.34975,1.34865,1.34865,1.34975,34877.8
2026-05-24T19:24:00+00:00,1.34865,1.34855,1.34855,1.34865,27.9
2026-05-24T19:25:00+00:00,1.34855,1.34845,1.34815,1.34855,14089.2
2026-05-24T19:26:00+00:00,1.34845,1.34785,1.34775,1.34845,3323.9
2026-05-24T19:27:00+00:00,1.34785,1.34765,1.34765,1.34785,240.9
2026-05-24T19:28:00+00:00,1.34765,1.34775,1.34765,1.34785,123.7
2026-05-24T19:29:00+00:00,1.34775,1.34695,1.34685,1.34785,58347.2
2026-05-24T19:30:00+00:00,1.34695,1.34745,1.34695,1.34745,3677.6
2026-05-24T19:31:00+00:00,1.34745,1.34735,1.34735,1.34745,58.2
2026-05-24T19:32:00+00:00,1.34735,1.34675,1.34675,1.34735,825.5
2026-05-24T19:33:00+00:00,1.34675,1.34705,1.34615,1.34735,43291.0
2026-05-24T19:34:00+00:00,1.34695,1.34725,1.34695,1.34725,957.2
2026-05-24T19:35:00+00:00,1.34725,1.34775,1.34725,1.34775,4307.0
2026-05-24T19:36:00+00:00,1.34775,1.34765,1.34765,1.34775,3179.4
2026-05-24T19:37:00+00:00,1.34765,1.34745,1.34745,1.34765,9666.0
2026-05-24T19:38:00+00:00,1.34745,1.34745,1.34745,1.34745,0.0
2026-05-24T19:39:00+00:00,1.34745,1.34745,1.34745,1.34745,0.0
2026-05-24T19:40:00+00:00,1.34745,1.34895,1.34745,1.34895,33406.9
2026-05-24T19:41:00+00:00,1.34895,1.34865,1.34865,1.34895,184.9
2026-05-24T19:42:00+00:00,1.34865,1.34865,1.34865,1.34875,1136.5
2026-05-24T19:43:00+00:00,1.34865,1.34845,1.34835,1.34865,8337.1
2026-05-24T19:44:00+00:00,1.34845,1.34845,1.34845,1.34845,0.0
2026-05-24T19:45:00+00:00,1.34845,1.34845,1.34845,1.34845,0.0
2026-05-24T19:46:00+00:00,1.34845,1.34875,1.34845,1.34875,1933.9
2026-05-24T19:47:00+00:00,1.34875,1.34845,1.34845,1.34875,139.3
2026-05-24T19:48:00+00:00,1.34845,1.34915,1.34845,1.34915,728.9
2026-05-24T19:49:00+00:00,1.34955,1.34995,1.34955,1.34995,2440.6
2026-05-24T19:50:00+00:00,1.34995,1.34975,1.34975,1.34995,7566.0
2026-05-24T19:51:00+00:00,1.34975,1.34955,1.34955,1.34975,1419.1
2026-05-24T19:52:00+00:00,1.34955,1.34935,1.34935,1.34955,516.0
2026-05-24T19:53:00+00:00,1.34935,1.34935,1.34935,1.34935,0.0
2026-05-24T19:54:00+00:00,1.34935,1.34965,1.34935,1.34965,6786.8
2026-05-24T19:55:00+00:00,1.34965,1.34965,1.34935,1.34965,297.4
2026-05-24T19:56:00+00:00,1.34965,1.34955,1.34925,1.34965,864.1
2026-05-24T19:57:00+00:00,1.34955,1.34925,1.34925,1.34955,408.4
2026-05-24T19:58:00+00:00,1.34925,1.34935,1.34925,1.34935,144.5
2026-05-24T19:59:00+00:00,1.34935,1.34925,1.34895,1.34935,40330.1
2026-05-24T20:00:00+00:00,1.34925,1.34695,1.34695,1.34965,211674.7
2026-05-24T20:01:00+00:00,1.34685,1.34795,1.34685,1.34795,40285.4
2026-05-24T20:02:00+00:00,1.34795,1.34765,1.34765,1.34795,935.9
2026-05-24T20:03:00+00:00,1.34765,1.34675,1.34675,1.34765,8787.4
2026-05-24T20:04:00+00:00,1.34675,1.34665,1.34665,1.34675,2312.0
2026-05-24T20:05:00+00:00,1.34665,1.34525,1.34525,1.34665,32096.2
2026-05-24T20:06:00+00:00,1.34525,1.34595,1.34525,1.34595,1543.1
2026-05-24T20:07:00+00:00,1.34595,1.34645,1.34555,1.34645,44254.5
2026-05-24T20:08:00+00:00,1.34645,1.34715,1.34645,1.34715,2235.4
2026-05-24T20:09:00+00:00,1.34715,1.34635,1.34635,1.34715,485.8
2026-05-24T20:10:00+00:00,1.34635,1.34635,1.34625,1.34665,685.7
2026-05-24T20:11:00+00:00,1.34615,1.34635,1.34615,1.34645,21901.7
2026-05-24T20:12:00+00:00,1.34635,1.34635,1.34625,1.34645,1001.2
2026-05-24T20:13:00+00:00,1.34635,1.34645,1.34635,1.34645,68.5
2026-05-24T20:14:00+00:00,1.34645,1.34605,1.34605,1.34645,450.3
2026-05-24T20:15:00+00:00,1.34605,1.34605,1.34545,1.34625,3280.5
2026-05-24T20:16:00+00:00,1.34605,1.34605,1.34605,1.34605,0.0
2026-05-24T20:17:00+00:00,1.34605,1.34545,1.34545,1.34625,3379.9
2026-05-24T20:18:00+00:00,1.34545,1.34545,1.34545,1.34565,7632.2
2026-05-24T20:19:00+00:00,1.34545,1.34605,1.34545,1.34605,1856.9
2026-05-24T20:20:00+00:00,1.34605,1.34485,1.34455,1.34605,525161.2
2026-05-24T20:21:00+00:00,1.34495,1.34535,1.34495,1.34535,362.7
2026-05-24T20:22:00+00:00,1.34535,1.34615,1.34535,1.34615,186951.7
2026-05-24T20:23:00+00:00,1.34615,1.34685,1.34615,1.34685,69767.2
2026-05-24T20:24:00+00:00,1.34705,1.34625,1.34625,1.34705,41915.2
2026-05-24T20:25:00+00:00,1.34625,1.34565,1.34565,1.34655,19510.3
2026-05-24T20:26:00+00:00,1.34565,1.34535,1.34475,1.34585,59372.2
2026-05-24T20:27:00+00:00,1.34535,1.34545,1.34535,1.34545,7712.8
2026-05-24T20:28:00+00:00,1.34545,1.34595,1.34545,1.34605,32239.9
2026-05-24T20:29:00+00:00,1.34595,1.34625,1.34595,1.34625,5774.9
2026-05-24T20:30:00+00:00,1.34645,1.34605,1.34575,1.34645,7053.5
2026-05-24T20:31:00+00:00,1.34605,1.34655,1.34595,1.34655,242.2
2026-05-24T20:32:00+00:00,1.34655,1.34535,1.34525,1.34655,81323.3
2026-05-24T20:33:00+00:00,1.34535,1.34525,1.34485,1.34565,12186.2
2026-05-24T20:34:00+00:00,1.34525,1.34545,1.34525,1.34565,2891.9
2026-05-24T20:35:00+00:00,1.34535,1.34545,1.34525,1.34565,1752.7
2026-05-24T20:36:00+00:00,1.34545,1.34555,1.34545,1.34575,3031.4
2026-05-24T20:37:00+00:00,1.34555,1.34535,1.34535,1.34595,10127.0
2026-05-24T20:38:00+00:00,1.34515,1.34435,1.34435,1.34515,14599.2
2026-05-24T20:39:00+00:00,1.34465,1.34405,1.34395,1.34485,7472.7
2026-05-24T20:40:00+00:00,1.34405,1.34435,1.34405,1.34455,2287.8
2026-05-24T20:41:00+00:00,1.34435,1.34435,1.34415,1.34455,4016.1
2026-05-24T20:42:00+00:00,1.34435,1.34425,1.34425,1.34455,1097.1
2026-05-24T20:43:00+00:00,1.34425,1.34445,1.34425,1.34455,7737.4
2026-05-24T20:44:00+00:00,1.34445,1.34435,1.34435,1.34485,12163.5
2026-05-24T20:45:00+00:00,1.34435,1.34535,1.34435,1.34535,3918.1
2026-05-24T20:46:00+00:00,1.34535,1.34515,1.34515,1.34565,7474.9
2026-05-24T20:47:00+00:00,1.34515,1.34425,1.34425,1.34515,726.1
2026-05-24T20:48:00+00:00,1.34425,1.34315,1.34315,1.34425,41880.7
2026-05-24T20:49:00+00:00,1.34335,1.34455,1.34325,1.34455,7592.9
2026-05-24T20:50:00+00:00,1.34455,1.34405,1.34385,1.34455,2722.4
2026-05-24T20:51:00+00:00,1.34405,1.34405,1.34405,1.34445,3406.8
2026-05-24T20:52:00+00:00,1.34405,1.34415,1.34385,1.34415,1044.6
2026-05-24T20:53:00+00:00,1.34425,1.34405,1.34405,1.34435,361.4
2026-05-24T20:54:00+00:00,1.34385,1.34425,1.34385,1.34425,25071.6
2026-05-24T20:55:00+00:00,1.34425,1.34435,1.34425,1.34465,583.2
2026-05-24T20:56:00+00:00,1.34435,1.34435,1.34425,1.34435,83.1
2026-05-24T20:57:00+00:00,1.34435,1.34435,1.34425,1.34445,214.5
2026-05-24T20:58:00+00:00,1.34435,1.34445,1.34435,1.34445,207.4
2026-05-24T20:59:00+00:00,1.34445,1.34485,1.34435,1.34485,6047.8
2026-05-24T21:00:00+00:00,1.34485,1.34475,1.34455,1.34485,347.8
2026-05-24T21:01:00+00:00,1.34475,1.34505,1.34475,1.34505,2410.9
2026-05-24T21:02:00+00:00,1.34505,1.34655,1.34505,1.34655,33425.4
2026-05-24T21:03:00+00:00,1.34655,1.34655,1.34655,1.34715,6358.0
2026-05-24T21:04:00+00:00,1.34655,1.34655,1.34655,1.34685,4070.4
2026-05-24T21:05:00+00:00,1.34655,1.34645,1.34635,1.34655,1129.2
2026-05-24T21:06:00+00:00,1.34645,1.34635,1.34635,1.34665,9678.5
2026-05-24T21:07:00+00:00,1.34635,1.34635,1.34635,1.34635,0.0
2026-05-24T21:08:00+00:00,1.34635,1.34665,1.34635,1.34665,1120.6
2026-05-24T21:09:00+00:00,1.34665,1.34625,1.34625,1.34665,833.9
2026-05-24T21:10:00+00:00,1.34615,1.34605,1.34605,1.34615,5587.6
2026-05-24T21:11:00+00:00,1.34605,1.34615,1.34605,1.34615,981.0
2026-05-24T21:12:00+00:00,1.34615,1.34625,1.34615,1.34625,54.4
2026-05-24T21:13:00+00:00,1.34575,1.34465,1.34465,1.34575,37665.0
2026-05-24T21:14:00+00:00,1.34495,1.34575,1.34495,1.34575,72127.2
2026-05-24T21:15:00+00:00,1.34575,1.34515,1.34515,1.34585,2838.5
2026-05-24T21:16:00+00:00,1.34515,1.34515,1.34505,1.34515,77.5
2026-05-24T21:17:00+00:00,1.34515,1.34475,1.34475,1.34515,772.1
2026-05-24T21:18:00+00:00,1.34475,1.34475,1.34475,1.34505,6287.0
2026-05-24T21:19:00+00:00,1.34475,1.34535,1.34475,1.34535,418.0
2026-05-24T21:20:00+00:00,1.34535,1.34485,1.34485,1.34545,2452.2
2026-05-24T21:21:00+00:00,1.34485,1.34455,1.34455,1.34485,3868.5
2026-05-24T21:22:00+00:00,1.34455,1.34455,1.34455,1.34455,0.0
2026-05-24T21:23:00+00:00,1.34455,1.34495,1.34455,1.34495,5405.1
2026-05-24T21:24:00+00:00,1.34495,1.34475,1.34475,1.34495,18466.6
2026-05-24T21:25:00+00:00,1.34475,1.34405,1.34375,1.34475,19739.5
2026-05-24T21:26:00+00:00,1.34405,1.34315,1.34295,1.34405,114381.3
2026-05-24T21:27:00+00:00,1.34315,1.34345,1.34295,1.34345,20172.7
2026-05-24T21:28:00+00:00,1.34345,1.34135,1.34135,1.34355,43153.2
2026-05-24T21:29:00+00:00,1.34165,1.34065,1.34005,1.34195,181812.6
2026-05-24T21:30:00+00:00,1.34065,1.34005,1.33985,1.34115,47610.4
2026-05-24T21:31:00+00:00,1.34005,1.34145,1.34005,1.34145,73439.7
2026-05-24T21:32:00+00:00,1.34145,1.34135,1.34125,1.34185,48482.2
2026-05-24T21:33:00+00:00,1.34145,1.33975,1.33915,1.34145,79603.6
2026-05-24T21:34:00+00:00,1.33975,1.33895,1.33815,1.34005,110718.4
2026-05-24T21:35:00+00:00,1.33895,1.33525,1.33505,1.33895,225478.3
2026-05-24T21:36:00+00:00,1.33525,1.33755,1.33515,1.33755,131437.4
2026-05-24T21:37:00+00:00,1.33745,1.33695,1.33475,1.33765,91914.6
2026-05-24T21:38:00+00:00,1.33705,1.33765,1.33705,1.33775,27056.4
2026-05-24T21:39:00+00:00,1.33765,1.33685,1.33605,1.33775,61888.8
2026-05-24T21:40:00+00:00,1.33685,1.33805,1.33685,1.33815,42124.7
2026-05-24T21:41:00+00:00,1.33805,1.33955,1.33795,1.33975,20565.7
2026-05-24T21:42:00+00:00,1.33955,1.33705,1.33675,1.33955,37925.7
2026-05-24T21:43:00+00:00,1.33705,1.33595,1.33575,1.33715,41466.6
2026-05-24T21:44:00+00:00,1.33595,1.33445,1.33405,1.33605,93352.8
2026-05-24T21:45:00+00:00,1.33455,1.33525,1.33405,1.33625,82985.5
2026-05-24T21:46:00+00:00,1.33545,1.33505,1.33305,1.33545,83801.9
2026-05-24T21:47:00+00:00,1.33505,1.33635,1.33485,1.33645,88141.7
2026-05-24T21:48:00+00:00,1.33635,1.33705,1.33635,1.33705,4023.2
2026-05-24T21:49:00+00:00,1.33705,1.33615,1.33605,1.33745,46836.9
2026-05-24T21:50:00+00:00,1.33615,1.33725,1.33615,1.33725,10042.1
2026-05-24T21:51:00+00:00,1.33725,1.33795,1.33715,1.33795,13411.6
2026-05-24T21:52:00+00:00,1.33795,1.33875,1.33795,1.33875,52197.4
2026-05-24T21:53:00+00:00,1.33875,1.33805,1.33805,1.33875,3665.8
2026-05-24T21:54:00+00:00,1.33805,1.33815,1.33765,1.33815,10760.7
2026-05-24T21:55:00+00:00,1.33815,1.33865,1.33815,1.33895,4540.5
2026-05-24T21:56:00+00:00,1.33825,1.33795,1.33785,1.33825,5400.5
2026-05-24T21:57:00+00:00,1.33795,1.33695,1.33675,1.33795,19826.0
2026-05-24T21:58:00+00:00,1.33695,1.33525,1.33525,1.33735,92057.6
2026-05-24T21:59:00+00:00,1.33525,1.33585,1.33515,1.33665,6971.9
2026-05-24T22:00:00+00:00,1.33605,1.33965,1.33605,1.33965,280790.2
2026-05-24T22:01:00+00:00,1.33975,1.34165,1.33975,1.34345,88407.7
2026-05-24T22:02:00+00:00,1.34185,1.34205,1.34125,1.34225,38446.9
2026-05-24T22:03:00+00:00,1.34205,1.34415,1.34205,1.34465,117758.0
2026-05-24T22:04:00+00:00,1.34435,1.34525,1.34405,1.34525,159468.5
2026-05-24T22:05:00+00:00,1.34515,1.34555,1.34455,1.34635,145145.0
2026-05-24T22:06:00+00:00,1.34555,1.34585,1.34555,1.34645,81892.7
2026-05-24T22:07:00+00:00,1.34585,1.34615,1.34565,1.34635,93641.6
2026-05-24T22:08:00+00:00,1.34615,1.34695,1.34615,1.34695,9875.8
2026-05-24T22:09:00+00:00,1.34695,1.34895,1.34655,1.34895,73791.8
2026-05-24T22:10:00+00:00,1.34885,1.34785,1.34755,1.34905,56630.9
2026-05-24T22:11:00+00:00,1.34805,1.34975,1.34805,1.35055,225462.4
2026-05-24T22:12:00+00:00,1.34975,1.34805,1.34805,1.34975,54396.7
2026-05-24T22:13:00+00:00,1.34815,1.35005,1.34785,1.35015,47724.4
2026-05-24T22:14:00+00:00,1.35005,1.34935,1.34925,1.35015,30936.4
2026-05-24T22:15:00+00:00,1.34935,1.34855,1.34855,1.34945,34850.3
2026-05-24T22:16:00+00:00,1.34835,1.34895,1.34825,1.34915,39448.3
2026-05-24T22:17:00+00:00,1.34895,1.35065,1.34895,1.35065,33520.2
2026-05-24T22:18:00+00:00,1.35065,1.34885,1.34885,1.35065,12594.9
2026-05-24T22:19:00+00:00,1.34885,1.34905,1.34885,1.34955,37332.6
2026-05-24T22:20:00+00:00,1.34905,1.34955,1.34905,1.34985,12511.1
2026-05-24T22:21:00+00:00,1.34955,1.34915,1.34835,1.34955,28274.2
2026-05-24T22:22:00+00:00,1.34915,1.35025,1.34915,1.35045,14041.5
2026-05-24T22:23:00+00:00,1.35025,1.35145,1.35015,1.35145,53800.4
2026-05-24T22:24:00+00:00,1.35145,1.35095,1.35075,1.35145,44230.9
2026-05-24T22:25:00+00:00,1.35095,1.35085,1.35085,1.35125,19178.6
2026-05-24T22:26:00+00:00,1.35085,1.35045,1.35045,1.35135,8205.0
2026-05-24T22:27:00+00:00,1.35045,1.35105,1.35045,1.35105,868.7
2026-05-24T22:28:00+00:00,1.35105,1.35065,1.35065,1.35125,10094.3
2026-05-24T22:29:00+00:00,1.35065,1.34955,1.34955,1.35065,16986.7
2026-05-24T22:30:00+00:00,1.34955,1.35035,1.34955,1.35085,62834.3
2026-05-24T22:31:00+00:00,1.35055,1.34985,1.34965,1.35065,110165.3
2026-05-24T22:32:00+00:00,1.34985,1.34985,1.34955,1.34995,19695.2
2026-05-24T22:33:00+00:00,1.34985,1.35035,1.34975,1.35065,8438.7
2026-05-24T22:34:00+00:00,1.35035,1.34875,1.34855,1.35035,222119.8
2026-05-24T22:35:00+00:00,1.34875,1.34835,1.34835,1.34875,89836.3
2026-05-24T22:36:00+00:00,1.34835,1.34865,1.34805,1.34865,29303.1
2026-05-24T22:37:00+00:00,1.34865,1.34815,1.34795,1.34865,31441.2
2026-05-24T22:38:00+00:00,1.34815,1.34655,1.34625,1.34815,46105.1
2026-05-24T22:39:00+00:00,1.34655,1.34755,1.34655,1.34755,21568.1
2026-05-24T22:40:00+00:00,1.34725,1.34545,1.34545,1.34725,169796.2
2026-05-24T22:41:00+00:00,1.34545,1.34575,1.34545,1.34575,12658.6
2026-05-24T22:42:00+00:00,1.34575,1.34605,1.34565,1.34615,29116.8
2026-05-24T22:43:00+00:00,1.34605,1.34695,1.34605,1.34695,18116.9
2026-05-24T22:44:00+00:00,1.34695,1.34755,1.34695,1.34755,2650.4
2026-05-24T22:45:00+00:00,1.34755,1.34825,1.34755,1.34835,48374.1
2026-05-24T22:46:00+00:00,1.34825,1.35025,1.34825,1.35035,109116.1
2026-05-24T22:47:00+00:00,1.35025,1.34985,1.34975,1.35025,23534.7
2026-05-24T22:48:00+00:00,1.34985,1.35005,1.34985,1.35005,133.0
2026-05-24T22:49:00+00:00,1.35005,1.34925,1.34925,1.35005,27456.5
2026-05-24T22:50:00+00:00,1.34925,1.34905,1.34905,1.34955,15746.3
2026-05-24T22:51:00+00:00,1.34945,1.34975,1.34945,1.34995,14241.7
2026-05-24T22:52:00+00:00,1.34975,1.34895,1.34875,1.34975,15338.6
2026-05-24T22:53:00+00:00,1.34875,1.34875,1.34845,1.34875,10372.8
2026-05-24T22:54:00+00:00,1.34875,1.34805,1.34805,1.34875,12043.8
2026-05-24T22:55:00+00:00,1.34805,1.34865,1.34795,1.34875,11501.8
2026-05-24T22:56:00+00:00,1.34865,1.34805,1.34805,1.34875,7688.6
2026-05-24T22:57:00+00:00,1.34805,1.34775,1.34775,1.34805,3640.9
2026-05-24T22:58:00+00:00,1.34775,1.34795,1.34775,1.34815,11097.3
2026-05-24T22:59:00+00:00,1.34795,1.34785,1.34775,1.34795,3744.7
2026-05-24T23:00:00+00:00,1.34785,1.35045,1.34785,1.35055,50790.7
2026-05-24T23:01:00+00:00,1.35045,1.34905,1.34885,1.35045,7965.6
2026-05-24T23:02:00+00:00,1.34905,1.34915,1.34905,1.34955,10688.3
2026-05-24T23:03:00+00:00,1.34915,1.34905,1.34905,1.34955,7017.8
2026-05-24T23:04:00+00:00,1.34905,1.34965,1.34905,1.34985,15805.0
2026-05-24T23:05:00+00:00,1.34965,1.34895,1.34895,1.34965,19410.9
2026-05-24T23:06:00+00:00,1.34905,1.34965,1.34865,1.34965,9513.9
2026-05-24T23:07:00+00:00,1.34965,1.34945,1.34925,1.34995,15429.0
2026-05-24T23:08:00+00:00,1.34945,1.34975,1.34915,1.35005,26308.7
2026-05-24T23:09:00+00:00,1.34975,1.34995,1.34945,1.34995,5317.4
2026-05-24T23:10:00+00:00,1.34995,1.35025,1.34995,1.35025,4699.3
2026-05-24T23:11:00+00:00,1.35025,1.34935,1.34935,1.35025,8188.4
2026-05-24T23:12:00+00:00,1.34935,1.34945,1.34915,1.34965,21768.5
2026-05-24T23:13:00+00:00,1.34945,1.35025,1.34945,1.35025,7147.4
2026-05-24T23:14:00+00:00,1.35025,1.35025,1.34975,1.35025,17612.4
2026-05-24T23:15:00+00:00,1.35025,1.34985,1.34985,1.35065,11670.6
2026-05-24T23:16:00+00:00,1.34985,1.34945,1.34895,1.34985,22562.2
2026-05-24T23:17:00+00:00,1.34945,1.34875,1.34875,1.34955,86599.7
2026-05-24T23:18:00+00:00,1.34875,1.34985,1.34875,1.34985,5575.3
2026-05-24T23:19:00+00:00,1.34985,1.34955,1.34935,1.34985,12877.5
2026-05-24T23:20:00+00:00,1.34955,1.34915,1.34915,1.35005,26746.1
2026-05-24T23:21:00+00:00,1.34915,1.34925,1.34915,1.34925,10868.9
2026-05-24T23:22:00+00:00,1.34925,1.34975,1.34925,1.34975,2427.6
2026-05-24T23:23:00+00:00,1.34975,1.34905,1.34905,1.34975,12101.7
2026-05-24T23:24:00+00:00,1.34905,1.34925,1.34905,1.34925,2685.6
2026-05-24T23:25:00+00:00,1.34925,1.34835,1.34835,1.34925,17969.1
2026-05-24T23:26:00+00:00,1.34835,1.34835,1.34835,1.34855,1132.7
2026-05-24T23:27:00+00:00,1.34835,1.34845,1.34825,1.34845,26533.8
2026-05-24T23:28:00+00:00,1.34845,1.34925,1.34845,1.34925,18050.7
2026-05-24T23:29:00+00:00,1.34925,1.34905,1.34905,1.34925,6944.9
2026-05-24T23:30:00+00:00,1.34905,1.35005,1.34905,1.35005,19166.4
2026-05-24T23:31:00+00:00,1.35005,1.35065,1.34995,1.35085,19497.5
2026-05-24T23:32:00+00:00,1.35055,1.35045,1.35025,1.35105,13708.1
2026-05-24T23:33:00+00:00,1.35045,1.34965,1.34965,1.35055,11580.4
2026-05-24T23:34:00+00:00,1.34965,1.35095,1.34965,1.35095,14827.5
2026-05-24T23:35:00+00:00,1.35095,1.35115,1.35045,1.35145,18289.2
2026-05-24T23:36:00+00:00,1.35115,1.35055,1.35055,1.35125,11570.1
2026-05-24T23:37:00+00:00,1.35055,1.35085,1.35055,1.35085,2465.4
2026-05-24T23:38:00+00:00,1.35085,1.35085,1.35045,1.35085,13309.6
2026-05-24T23:39:00+00:00,1.35085,1.35185,1.35085,1.35305,81643.6
2026-05-24T23:40:00+00:00,1.35185,1.35115,1.35075,1.35185,29955.1
2026-05-24T23:41:00+00:00,1.35115,1.35285,1.35115,1.35285,53565.9
2026-05-24T23:42:00+00:00,1.35275,1.35325,1.35265,1.35355,19849.7
2026-05-24T23:43:00+00:00,1.35325,1.35375,1.35275,1.35375,25478.1
2026-05-24T23:44:00+00:00,1.35375,1.35375,1.35345,1.35405,29890.1
2026-05-24T23:45:00+00:00,1.35375,1.35315,1.35205,1.35375,41038.9
2026-05-24T23:46:00+00:00,1.35325,1.35275,1.35275,1.35365,23934.4
2026-05-24T23:47:00+00:00,1.35255,1.35275,1.35235,1.35275,7911.9
2026-05-24T23:48:00+00:00,1.35275,1.35275,1.35265,1.35315,21724.3
2026-05-24T23:49:00+00:00,1.35275,1.35295,1.35275,1.35315,3513.6
2026-05-24T23:50:00+00:00,1.35295,1.35235,1.35225,1.35295,8220.9
2026-05-24T23:51:00+00:00,1.35235,1.35275,1.35235,1.35275,996.1
2026-05-24T23:52:00+00:00,1.35275,1.35255,1.35245,1.35335,40010.0
2026-05-24T23:53:00+00:00,1.35255,1.35255,1.35255,1.35255,0.0
2026-05-24T23:54:00+00:00,1.35255,1.35215,1.35205,1.35255,5402.3
2026-05-24T23:55:00+00:00,1.35215,1.35165,1.35165,1.35215,7280.4
2026-05-24T23:56:00+00:00,1.35165,1.35115,1.35115,1.35165,9706.4
2026-05-24T23:57:00+00:00,1.35115,1.35135,1.35115,1.35135,6796.5
2026-05-24T23:58:00+00:00,1.35135,1.35115,1.35115,1.35165,23457.8
2026-05-24T23:59:00+00:00,1.35115,1.35095,1.35095,1.35115,5213.8
2026-05-25T00:00:00+00:00,1.35095,1.35195,1.35095,1.35205,37931.7
2026-05-25T00:01:00+00:00,1.35195,1.35205,1.35185,1.35255,35553.1
2026-05-25T00:02:00+00:00,1.35205,1.35295,1.35205,1.35295,6549.9
2026-05-25T00:03:00+00:00,1.35295,1.35375,1.35285,1.35395,46295.2
2026-05-25T00:04:00+00:00,1.35325,1.35255,1.35255,1.35345,366327.6
2026-05-25T00:05:00+00:00,1.35255,1.35285,1.35255,1.35305,25354.2
2026-05-25T00:06:00+00:00,1.35285,1.35285,1.35255,1.35305,12863.7
2026-05-25T00:07:00+00:00,1.35285,1.35345,1.35225,1.35345,21815.5
2026-05-25T00:08:00+00:00,1.35355,1.35295,1.35295,1.35355,17424.2
2026-05-25T00:09:00+00:00,1.35295,1.35335,1.35295,1.35385,39827.9
2026-05-25T00:10:00+00:00,1.35355,1.35365,1.35325,1.35375,47288.2
2026-05-25T00:11:00+00:00,1.35365,1.35245,1.35245,1.35365,24773.0
2026-05-25T00:12:00+00:00,1.35245,1.35285,1.35235,1.35285,14840.5
2026-05-25T00:13:00+00:00,1.35285,1.35295,1.35245,1.35295,10299.8
2026-05-25T00:14:00+00:00,1.35295,1.35285,1.35275,1.35295,3817.8
2026-05-25T00:15:00+00:00,1.35285,1.35295,1.35255,1.35315,21907.0
2026-05-25T00:16:00+00:00,1.35295,1.35285,1.35285,1.35345,11988.9
2026-05-25T00:17:00+00:00,1.35285,1.35265,1.35245,1.35285,6736.6
2026-05-25T00:18:00+00:00,1.35265,1.35335,1.35265,1.35335,10328.2
2026-05-25T00:19:00+00:00,1.35335,1.35285,1.35285,1.35335,13440.7
2026-05-25T00:20:00+00:00,1.35285,1.35245,1.35235,1.35325,30766.8
2026-05-25T00:21:00+00:00,1.35245,1.35255,1.35235,1.35285,12082.3
2026-05-25T00:22:00+00:00,1.35255,1.35315,1.35255,1.35315,4049.1
2026-05-25T00:23:00+00:00,1.35315,1.35385,1.35285,1.35385,5333.5
2026-05-25T00:24:00+00:00,1.35385,1.35415,1.35345,1.35425,39521.1
2026-05-25T00:25:00+00:00,1.35415,1.35405,1.35395,1.35455,11103.7
2026-05-25T00:26:00+00:00,1.35375,1.35375,1.35335,1.35395,23353.2
2026-05-25T00:27:00+00:00,1.35375,1.35335,1.35335,1.35395,11624.1
2026-05-25T00:28:00+00:00,1.35335,1.35405,1.35335,1.35405,2235.7
2026-05-25T00:29:00+00:00,1.35405,1.35435,1.35405,1.35435,2407.1
2026-05-25T00:30:00+00:00,1.35435,1.35575,1.35435,1.35585,184369.4
2026-05-25T00:31:00+00:00,1.35575,1.35485,1.35465,1.35575,32631.5
2026-05-25T00:32:00+00:00,1.35485,1.35425,1.35425,1.35485,27334.8
2026-05-25T00:33:00+00:00,1.35425,1.35365,1.35355,1.35455,30484.5
2026-05-25T00:34:00+00:00,1.35365,1.35375,1.35365,1.35375,4939.6
2026-05-25T00:35:00+00:00,1.35375,1.35385,1.35365,1.35405,3878.0
2026-05-25T00:36:00+00:00,1.35385,1.35395,1.35385,1.35415,3701.7
2026-05-25T00:37:00+00:00,1.35395,1.35425,1.35365,1.35425,6285.9
2026-05-25T00:38:00+00:00,1.35425,1.35435,1.35385,1.35435,10167.0
2026-05-25T00:39:00+00:00,1.35465,1.35405,1.35405,1.35495,45898.0
2026-05-25T00:40:00+00:00,1.35405,1.35315,1.35315,1.35405,45167.2
2026-05-25T00:41:00+00:00,1.35315,1.35315,1.35305,1.35365,9695.3
2026-05-25T00:42:00+00:00,1.35315,1.35295,1.35235,1.35315,39574.4
2026-05-25T00:43:00+00:00,1.35295,1.35275,1.35265,1.35295,3196.7
2026-05-25T00:44:00+00:00,1.35275,1.35245,1.35245,1.35275,7535.9
2026-05-25T00:45:00+00:00,1.35245,1.35215,1.35205,1.35245,42532.0
2026-05-25T00:46:00+00:00,1.35215,1.35205,1.35195,1.35225,6529.7
2026-05-25T00:47:00+00:00,1.35205,1.35175,1.35155,1.35215,4236.5
2026-05-25T00:48:00+00:00,1.35185,1.35225,1.35175,1.35225,14308.3
2026-05-25T00:49:00+00:00,1.35225,1.35335,1.35225,1.35435,70011.9
2026-05-25T00:50:00+00:00,1.35325,1.35295,1.35265,1.35335,57952.3
2026-05-25T00:51:00+00:00,1.35295,1.35225,1.35225,1.35295,10753.7
2026-05-25T00:52:00+00:00,1.35225,1.35235,1.35225,1.35275,10161.2
2026-05-25T00:53:00+00:00,1.35235,1.35235,1.35235,1.35265,6975.2
2026-05-25T00:54:00+00:00,1.35235,1.35255,1.35235,1.35255,438.1
2026-05-25T00:55:00+00:00,1.35255,1.35195,1.35175,1.35255,31093.6
2026-05-25T00:56:00+00:00,1.35195,1.35245,1.35195,1.35245,9792.7
2026-05-25T00:57:00+00:00,1.35245,1.35195,1.35195,1.35245,9718.6
2026-05-25T00:58:00+00:00,1.35195,1.35215,1.35195,1.35215,214.4
2026-05-25T00:59:00+00:00,1.35215,1.35205,1.35145,1.35215,38396.2
2026-05-25T01:00:00+00:00,1.35205,1.35235,1.35175,1.35275,40058.2
2026-05-25T01:01:00+00:00,1.35235,1.35075,1.35025,1.35235,50504.2
2026-05-25T01:02:00+00:00,1.35075,1.35165,1.35075,1.35165,13455.1
2026-05-25T01:03:00+00:00,1.35165,1.35165,1.35155,1.35235,46956.8
2026-05-25T01:04:00+00:00,1.35165,1.35155,1.35145,1.35205,8091.8
2026-05-25T01:05:00+00:00,1.35155,1.35175,1.35155,1.35205,1023.6
2026-05-25T01:06:00+00:00,1.35175,1.35155,1.35155,1.35205,3590.1
2026-05-25T01:07:00+00:00,1.35155,1.35195,1.35155,1.35195,464.2
2026-05-25T01:08:00+00:00,1.35195,1.35165,1.35155,1.35215,22712.5
2026-05-25T01:09:00+00:00,1.35165,1.35165,1.35155,1.35205,11149.3
2026-05-25T01:10:00+00:00,1.35165,1.35155,1.35155,1.35205,10261.7
2026-05-25T01:11:00+00:00,1.35155,1.35175,1.35155,1.35175,686.0
2026-05-25T01:12:00+00:00,1.35175,1.35235,1.35175,1.35235,16323.1
2026-05-25T01:13:00+00:00,1.35235,1.35235,1.35235,1.35255,21496.9
2026-05-25T01:14:00+00:00,1.35235,1.35315,1.35215,1.35315,38861.9
2026-05-25T01:15:00+00:00,1.35315,1.35425,1.35315,1.35435,10509.9
2026-05-25T01:16:00+00:00,1.35385,1.35355,1.35285,1.35385,55476.7
2026-05-25T01:17:00+00:00,1.35355,1.35365,1.35305,1.35365,11691.1
2026-05-25T01:18:00+00:00,1.35365,1.35325,1.35325,1.35365,10422.4
2026-05-25T01:19:00+00:00,1.35325,1.35385,1.35325,1.35385,8975.1
2026-05-25T01:20:00+00:00,1.35385,1.35415,1.35385,1.35435,5150.4
2026-05-25T01:21:00+00:00,1.35415,1.35395,1.35395,1.35455,16473.6
2026-05-25T01:22:00+00:00,1.35395,1.35465,1.35395,1.35465,8581.8
2026-05-25T01:23:00+00:00,1.35465,1.35445,1.35445,1.35475,7615.9
2026-05-25T01:24:00+00:00,1.35445,1.35455,1.35415,1.35465,179005.0
2026-05-25T01:25:00+00:00,1.35455,1.35425,1.35425,1.35495,13555.8
2026-05-25T01:26:00+00:00,1.35425,1.35415,1.35405,1.35435,2325.8
2026-05-25T01:27:00+00:00,1.35415,1.35475,1.35415,1.35515,19760.4
2026-05-25T01:28:00+00:00,1.35475,1.35465,1.35455,1.35495,38620.9
2026-05-25T01:29:00+00:00,1.35465,1.35505,1.35465,1.35515,78818.3
2026-05-25T01:30:00+00:00,1.35505,1.35355,1.35355,1.35535,25103.9
2026-05-25T01:31:00+00:00,1.35355,1.35365,1.35355,1.35365,53.7
2026-05-25T01:32:00+00:00,1.35365,1.35335,1.35325,1.35365,9283.8
2026-05-25T01:33:00+00:00,1.35335,1.35445,1.35335,1.35445,6225.4
2026-05-25T01:34:00+00:00,1.35445,1.35435,1.35405,1.35445,9053.4
2026-05-25T01:35:00+00:00,1.35435,1.35475,1.35435,1.35475,4255.0
2026-05-25T01:36:00+00:00,1.35475,1.35385,1.35385,1.35475,10685.2
2026-05-25T01:37:00+00:00,1.35385,1.35345,1.35345,1.35395,25317.1
2026-05-25T01:38:00+00:00,1.35345,1.35305,1.35305,1.35345,18329.7
2026-05-25T01:39:00+00:00,1.35305,1.35335,1.35305,1.35335,46.3
2026-05-25T01:40:00+00:00,1.35335,1.35285,1.35285,1.35345,18499.9
2026-05-25T01:41:00+00:00,1.35285,1.35285,1.35275,1.35295,14904.6
2026-05-25T01:42:00+00:00,1.35285,1.35295,1.35255,1.35295,12250.6
2026-05-25T01:43:00+00:00,1.35295,1.35315,1.35295,1.35345,13422.5
2026-05-25T01:44:00+00:00,1.35315,1.35245,1.35245,1.35325,24011.2
2026-05-25T01:45:00+00:00,1.35245,1.35285,1.35245,1.35285,41178.3
2026-05-25T01:46:00+00:00,1.35285,1.35225,1.35225,1.35285,14795.6
2026-05-25T01:47:00+00:00,1.35195,1.35245,1.35195,1.35245,7347.5
2026-05-25T01:48:00+00:00,1.35245,1.35145,1.35145,1.35245,14213.0
2026-05-25T01:49:00+00:00,1.35145,1.35145,1.35135,1.35175,15266.6
2026-05-25T01:50:00+00:00,1.35145,1.35185,1.35145,1.35185,939.1
2026-05-25T01:51:00+00:00,1.35185,1.35145,1.35145,1.35185,5715.1
2026-05-25T01:52:00+00:00,1.35145,1.35135,1.35135,1.35145,0.0
2026-05-25T01:53:00+00:00,1.35115,1.35045,1.35045,1.35115,10029.0
2026-05-25T01:54:00+00:00,1.35045,1.35015,1.35015,1.35055,4155.1
2026-05-25T01:55:00+00:00,1.35015,1.35015,1.35005,1.35035,8490.6
2026-05-25T01:56:00+00:00,1.35015,1.34985,1.34975,1.35015,48068.5
2026-05-25T01:57:00+00:00,1.34985,1.34935,1.34935,1.34985,8325.4
2026-05-25T01:58:00+00:00,1.34935,1.34795,1.34775,1.34935,29605.6
2026-05-25T01:59:00+00:00,1.34795,1.34735,1.34705,1.34795,11658.4
2026-05-25T02:00:00+00:00,1.34735,1.34805,1.34735,1.34805,13978.2
2026-05-25T02:01:00+00:00,1.34805,1.34815,1.34785,1.34825,4518.0
2026-05-25T02:02:00+00:00,1.34815,1.34895,1.34815,1.34895,24412.3
2026-05-25T02:03:00+00:00,1.34895,1.34885,1.34875,1.34925,15373.7
2026-05-25T02:04:00+00:00,1.34885,1.34895,1.34855,1.34895,4810.2
2026-05-25T02:05:00+00:00,1.34895,1.34995,1.34895,1.34995,3323.5
2026-05-25T02:06:00+00:00,1.34995,1.35295,1.34995,1.35325,82145.1
2026-05-25T02:07:00+00:00,1.35295,1.35595,1.35295,1.35665,313113.4
2026-05-25T02:08:00+00:00,1.35585,1.35375,1.35375,1.35585,62782.7
2026-05-25T02:09:00+00:00,1.35375,1.35475,1.35375,1.35475,69308.4
2026-05-25T02:10:00+00:00,1.35475,1.35505,1.35475,1.35545,75726.5
2026-05-25T02:11:00+00:00,1.35505,1.35545,1.35485,1.35575,62145.4
2026-05-25T02:12:00+00:00,1.35545,1.35605,1.35515,1.35645,67645.1
2026-05-25T02:13:00+00:00,1.35625,1.35515,1.35515,1.35635,15769.4
2026-05-25T02:14:00+00:00,1.35515,1.35525,1.35495,1.35525,2663.2
2026-05-25T02:15:00+00:00,1.35525,1.35385,1.35385,1.35525,13503.8
2026-05-25T02:16:00+00:00,1.35385,1.35225,1.35225,1.35385,43045.0
2026-05-25T02:17:00+00:00,1.35225,1.35255,1.35195,1.35255,8423.7
2026-05-25T02:18:00+00:00,1.35255,1.35285,1.35255,1.35285,1004.4
2026-05-25T02:19:00+00:00,1.35285,1.35255,1.35245,1.35285,10154.1
2026-05-25T02:20:00+00:00,1.35255,1.35255,1.35245,1.35265,1725.3
2026-05-25T02:21:00+00:00,1.35255,1.35235,1.35235,1.35265,1264.1
2026-05-25T02:22:00+00:00,1.35235,1.35195,1.35195,1.35235,2515.2
2026-05-25T02:23:00+00:00,1.35195,1.35195,1.35195,1.35225,11041.1
2026-05-25T02:24:00+00:00,1.35195,1.35085,1.35085,1.35195,15014.1
2026-05-25T02:25:00+00:00,1.35085,1.34725,1.34725,1.35105,191562.7
2026-05-25T02:26:00+00:00,1.34765,1.34775,1.34745,1.34845,321489.8
2026-05-25T02:27:00+00:00,1.34775,1.34855,1.34765,1.34855,29788.5
2026-05-25T02:28:00+00:00,1.34835,1.34815,1.34805,1.34865,12855.9
2026-05-25T02:29:00+00:00,1.34815,1.34905,1.34815,1.34905,4439.1
2026-05-25T02:30:00+00:00,1.34915,1.34855,1.34855,1.34915,2161.2
2026-05-25T02:31:00+00:00,1.34855,1.34925,1.34855,1.34935,33105.9
2026-05-25T02:32:00+00:00,1.34925,1.34955,1.34915,1.34955,762.3
2026-05-25T02:33:00+00:00,1.34965,1.34955,1.34955,1.34995,34645.2
2026-05-25T02:34:00+00:00,1.34925,1.34785,1.34765,1.34925,37818.0
2026-05-25T02:35:00+00:00,1.34785,1.34795,1.34765,1.34835,30808.4
2026-05-25T02:36:00+00:00,1.34795,1.34875,1.34795,1.34875,22214.7
2026-05-25T02:37:00+00:00,1.34875,1.34855,1.34855,1.34885,4134.9
2026-05-25T02:38:00+00:00,1.34855,1.34835,1.34815,1.34855,32365.9
2026-05-25T02:39:00+00:00,1.34835,1.34865,1.34835,1.34875,7024.3
2026-05-25T02:40:00+00:00,1.34865,1.34805,1.34805,1.34865,1606.5
2026-05-25T02:41:00+00:00,1.34805,1.34715,1.34715,1.34805,2935.7
2026-05-25T02:42:00+00:00,1.34715,1.34815,1.34715,1.34815,10311.2
2026-05-25T02:43:00+00:00,1.34775,1.34795,1.34775,1.34795,15485.7
2026-05-25T02:44:00+00:00,1.34795,1.34825,1.34775,1.34825,6749.6
2026-05-25T02:45:00+00:00,1.34835,1.34805,1.34805,1.34875,2122.6
2026-05-25T02:46:00+00:00,1.34805,1.34765,1.34765,1.34805,2794.2
2026-05-25T02:47:00+00:00,1.34765,1.34835,1.34745,1.34845,4557.1
2026-05-25T02:48:00+00:00,1.34835,1.34815,1.34815,1.34855,2697.7
2026-05-25T02:49:00+00:00,1.34805,1.34815,1.34795,1.34855,5075.1
2026-05-25T02:50:00+00:00,1.34815,1.34845,1.34805,1.34845,7157.4
2026-05-25T02:51:00+00:00,1.34845,1.34825,1.34825,1.34885,1385.8
2026-05-25T02:52:00+00:00,1.34825,1.34835,1.34825,1.34855,2866.0
2026-05-25T02:53:00+00:00,1.34835,1.34845,1.34835,1.34845,55.2
2026-05-25T02:54:00+00:00,1.34845,1.34795,1.34795,1.34855,40471.6
2026-05-25T02:55:00+00:00,1.34795,1.34825,1.34795,1.34855,5109.3
2026-05-25T02:56:00+00:00,1.34825,1.34735,1.34715,1.34825,10967.3
2026-05-25T02:57:00+00:00,1.34735,1.34745,1.34735,1.34765,4306.0
2026-05-25T02:58:00+00:00,1.34745,1.34715,1.34715,1.34745,151.6
2026-05-25T02:59:00+00:00,1.34715,1.34725,1.34685,1.34745,16280.4
2026-05-25T03:00:00+00:00,1.34725,1.34845,1.34715,1.34865,14201.6
2026-05-25T03:01:00+00:00,1.34835,1.34785,1.34745,1.34835,1561.4
2026-05-25T03:02:00+00:00,1.34785,1.34675,1.34675,1.34795,9901.2
2026-05-25T03:03:00+00:00,1.34665,1.34705,1.34665,1.34755,159727.6
2026-05-25T03:04:00+00:00,1.34705,1.34665,1.34645,1.34755,14166.7
2026-05-25T03:05:00+00:00,1.34665,1.34685,1.34615,1.34685,85721.2
2026-05-25T03:06:00+00:00,1.34675,1.34655,1.34585,1.34675,89101.7
2026-05-25T03:07:00+00:00,1.34655,1.34715,1.34645,1.34715,6351.3
2026-05-25T03:08:00+00:00,1.34715,1.34645,1.34625,1.34715,7643.3
2026-05-25T03:09:00+00:00,1.34645,1.34645,1.34645,1.34695,6996.0
2026-05-25T03:10:00+00:00,1.34645,1.34715,1.34645,1.34715,261974.8
2026-05-25T03:11:00+00:00,1.34715,1.34685,1.34655,1.34715,4947.4
2026-05-25T03:12:00+00:00,1.34685,1.34635,1.34605,1.34685,52229.4
2026-05-25T03:13:00+00:00,1.34635,1.34565,1.34565,1.34635,109172.3
2026-05-25T03:14:00+00:00,1.34565,1.34655,1.34565,1.34655,9060.2
2026-05-25T03:15:00+00:00,1.34655,1.34625,1.34605,1.34655,10654.0
2026-05-25T03:16:00+00:00,1.34645,1.34665,1.34645,1.34675,4388.1
2026-05-25T03:17:00+00:00,1.34665,1.34685,1.34615,1.34725,7401.7
2026-05-25T03:18:00+00:00,1.34685,1.34615,1.34615,1.34685,5119.3
2026-05-25T03:19:00+00:00,1.34615,1.34585,1.34585,1.34665,2035.9
2026-05-25T03:20:00+00:00,1.34585,1.34665,1.34585,1.34665,5720.1
2026-05-25T03:21:00+00:00,1.34665,1.34665,1.34665,1.34695,7139.7
2026-05-25T03:22:00+00:00,1.34665,1.34545,1.34505,1.34665,11276.8
2026-05-25T03:23:00+00:00,1.34545,1.34545,1.34535,1.34575,1869.9
2026-05-25T03:24:00+00:00,1.34545,1.34535,1.34525,1.34545,4260.9
2026-05-25T03:25:00+00:00,1.34535,1.34575,1.34535,1.34575,508.3
2026-05-25T03:26:00+00:00,1.34585,1.34495,1.34465,1.34585,27751.8
2026-05-25T03:27:00+00:00,1.34495,1.34505,1.34455,1.34505,9008.4
2026-05-25T03:28:00+00:00,1.34505,1.34475,1.34455,1.34505,2983.0
2026-05-25T03:29:00+00:00,1.34475,1.34485,1.34435,1.34485,69428.6
2026-05-25T03:30:00+00:00,1.34485,1.34465,1.34465,1.34545,24631.4
2026-05-25T03:31:00+00:00,1.34465,1.34465,1.34465,1.34515,13456.6
2026-05-25T03:32:00+00:00,1.34465,1.34355,1.34355,1.34465,14104.6
2026-05-25T03:33:00+00:00,1.34375,1.34505,1.34375,1.34505,26674.8
2026-05-25T03:34:00+00:00,1.34505,1.34495,1.34475,1.34505,3832.6
2026-05-25T03:35:00+00:00,1.34495,1.34475,1.34475,1.34575,33991.5
2026-05-25T03:36:00+00:00,1.34475,1.34495,1.34465,1.34495,9027.2
2026-05-25T03:37:00+00:00,1.34495,1.34515,1.34495,1.34515,3798.7
2026-05-25T03:38:00+00:00,1.34515,1.34515,1.34485,1.34515,18907.0
2026-05-25T03:39:00+00:00,1.34515,1.34525,1.34505,1.34545,14421.3
2026-05-25T03:40:00+00:00,1.34525,1.34495,1.34475,1.34525,8428.8
2026-05-25T03:41:00+00:00,1.34495,1.34485,1.34465,1.34515,9125.8
2026-05-25T03:42:00+00:00,1.34485,1.34535,1.34475,1.34535,66505.7
2026-05-25T03:43:00+00:00,1.34545,1.34535,1.34535,1.34545,8437.1
2026-05-25T03:44:00+00:00,1.34535,1.34545,1.34535,1.34595,33287.0
2026-05-25T03:45:00+00:00,1.34545,1.34455,1.34455,1.34545,17649.8
2026-05-25T03:46:00+00:00,1.34465,1.34435,1.34435,1.34495,41710.4
2026-05-25T03:47:00+00:00,1.34435,1.34525,1.34435,1.34525,30508.9
2026-05-25T03:48:00+00:00,1.34525,1.34575,1.34525,1.34575,16078.6
2026-05-25T03:49:00+00:00,1.34575,1.34625,1.34575,1.34625,10982.7
2026-05-25T03:50:00+00:00,1.34605,1.34555,1.34555,1.34605,4109.4
2026-05-25T03:51:00+00:00,1.34555,1.34665,1.34555,1.34665,21702.4
2026-05-25T03:52:00+00:00,1.34665,1.34705,1.34665,1.34715,15649.5
2026-05-25T03:53:00+00:00,1.34705,1.34725,1.34705,1.34725,5241.7
2026-05-25T03:54:00+00:00,1.34725,1.34705,1.34695,1.34725,38497.5
2026-05-25T03:55:00+00:00,1.34705,1.34735,1.34705,1.34735,15821.2
2026-05-25T03:56:00+00:00,1.34735,1.34735,1.34725,1.34735,5381.4
2026-05-25T03:57:00+00:00,1.34735,1.34705,1.34705,1.34735,6508.2
2026-05-25T03:58:00+00:00,1.34705,1.34735,1.34705,1.34735,9012.5
2026-05-25T03:59:00+00:00,1.34735,1.34675,1.34665,1.34735,20038.0
2026-05-25T04:00:00+00:00,1.34675,1.34715,1.34665,1.34715,31029.0
2026-05-25T04:01:00+00:00,1.34715,1.34795,1.34715,1.34795,12069.6
2026-05-25T04:02:00+00:00,1.34795,1.34785,1.34745,1.34805,16850.7
2026-05-25T04:03:00+00:00,1.34775,1.34685,1.34685,1.34775,7090.7
2026-05-25T04:04:00+00:00,1.34685,1.34635,1.34635,1.34705,32322.3
2026-05-25T04:05:00+00:00,1.34625,1.34585,1.34585,1.34655,15561.9
2026-05-25T04:06:00+00:00,1.34585,1.34595,1.34565,1.34595,6760.3
2026-05-25T04:07:00+00:00,1.34595,1.34655,1.34595,1.34665,16720.1
2026-05-25T04:08:00+00:00,1.34655,1.34665,1.34635,1.34665,5504.8
2026-05-25T04:09:00+00:00,1.34665,1.34735,1.34665,1.34735,15257.2
2026-05-25T04:10:00+00:00,1.34735,1.34745,1.34735,1.34755,20031.4
2026-05-25T04:11:00+00:00,1.34745,1.34735,1.34655,1.34745,42128.7
2026-05-25T04:12:00+00:00,1.34735,1.34725,1.34725,1.34735,16719.8
2026-05-25T04:13:00+00:00,1.34725,1.34585,1.34565,1.34745,26679.2
2026-05-25T04:14:00+00:00,1.34585,1.34605,1.34585,1.34635,22951.3
2026-05-25T04:15:00+00:00,1.34605,1.34535,1.34505,1.34635,36484.3
2026-05-25T04:16:00+00:00,1.34535,1.34605,1.34535,1.34605,12770.6
2026-05-25T04:17:00+00:00,1.34605,1.34565,1.34565,1.34605,11713.7
2026-05-25T04:18:00+00:00,1.34565,1.34565,1.34565,1.34595,7361.4
2026-05-25T04:19:00+00:00,1.34565,1.34585,1.34555,1.34595,20249.6
2026-05-25T04:20:00+00:00,1.34585,1.34595,1.34585,1.34605,13869.5
2026-05-25T04:21:00+00:00,1.34595,1.34725,1.34595,1.34725,19205.7
2026-05-25T04:22:00+00:00,1.34725,1.34715,1.34675,1.34725,35419.4
2026-05-25T04:23:00+00:00,1.34715,1.34715,1.34715,1.34745,38328.8
2026-05-25T04:24:00+00:00,1.34715,1.34755,1.34695,1.34755,38878.1
2026-05-25T04:25:00+00:00,1.34735,1.34795,1.34735,1.34795,41374.2
2026-05-25T04:26:00+00:00,1.34795,1.34815,1.34795,1.34835,4685.1
2026-05-25T04:27:00+00:00,1.34815,1.34855,1.34815,1.34875,36675.3
2026-05-25T04:28:00+00:00,1.34855,1.34915,1.34855,1.34915,44999.4
2026-05-25T04:29:00+00:00,1.34915,1.34935,1.34905,1.34935,30717.5
2026-05-25T04:30:00+00:00,1.34935,1.35005,1.34935,1.35035,80727.8
2026-05-25T04:31:00+00:00,1.35005,1.35035,1.35005,1.35085,75600.1
2026-05-25T04:32:00+00:00,1.35035,1.35015,1.34995,1.35035,38283.3
2026-05-25T04:33:00+00:00,1.35015,1.34975,1.34975,1.35015,10869.3
2026-05-25T04:34:00+00:00,1.34975,1.34965,1.34935,1.34975,68641.4
2026-05-25T04:35:00+00:00,1.34965,1.35005,1.34965,1.35005,56371.5
2026-05-25T04:36:00+00:00,1.35005,1.34985,1.34985,1.35005,13945.5
2026-05-25T04:37:00+00:00,1.34985,1.34985,1.34965,1.34985,26921.4
2026-05-25T04:38:00+00:00,1.34985,1.34965,1.34965,1.34985,73.5
2026-05-25T04:39:00+00:00,1.34965,1.34945,1.34945,1.35025,19425.7
2026-05-25T04:40:00+00:00,1.34945,1.34975,1.34945,1.34975,5682.2
2026-05-25T04:41:00+00:00,1.34975,1.34995,1.34975,1.35015,12558.6
2026-05-25T04:42:00+00:00,1.34995,1.35055,1.34995,1.35055,21704.4
2026-05-25T04:43:00+00:00,1.35055,1.35095,1.35055,1.35135,151187.5
2026-05-25T04:44:00+00:00,1.35095,1.35165,1.35075,1.35165,126699.8
2026-05-25T04:45:00+00:00,1.35165,1.35145,1.35145,1.35185,54166.8
2026-05-25T04:46:00+00:00,1.35145,1.35195,1.35135,1.35195,91197.3
2026-05-25T04:47:00+00:00,1.35195,1.35255,1.35195,1.35255,29515.7
2026-05-25T04:48:00+00:00,1.35255,1.35255,1.35255,1.35295,59386.8
2026-05-25T04:49:00+00:00,1.35255,1.35265,1.35255,1.35285,15613.6
2026-05-25T04:50:00+00:00,1.35265,1.35315,1.35265,1.35335,44772.1
2026-05-25T04:51:00+00:00,1.35315,1.35475,1.35315,1.35475,60495.4
2026-05-25T04:52:00+00:00,1.35475,1.35635,1.35475,1.35635,752412.4
2026-05-25T04:53:00+00:00,1.35635,1.35455,1.35455,1.35655,108698.0
2026-05-25T04:54:00+00:00,1.35455,1.35585,1.35455,1.35595,90307.9
2026-05-25T04:55:00+00:00,1.35585,1.35565,1.35545,1.35585,101551.4
2026-05-25T04:56:00+00:00,1.35565,1.35545,1.35545,1.35565,17749.5
2026-05-25T04:57:00+00:00,1.35545,1.35555,1.35545,1.35575,57056.4
2026-05-25T04:58:00+00:00,1.35555,1.35505,1.35505,1.35555,22729.3
2026-05-25T04:59:00+00:00,1.35505,1.35525,1.35505,1.35525,11277.0
2026-05-25T05:00:00+00:00,1.35525,1.35525,1.35515,1.35535,45536.0
2026-05-25T05:01:00+00:00,1.35525,1.35445,1.35445,1.35525,141481.2
2026-05-25T05:02:00+00:00,1.35445,1.35525,1.35405,1.35535,91541.5
2026-05-25T05:03:00+00:00,1.35525,1.35485,1.35485,1.35545,94203.9
2026-05-25T05:04:00+00:00,1.35455,1.35505,1.35455,1.35505,54585.1
2026-05-25T05:05:00+00:00,1.35505,1.35525,1.35505,1.35535,25846.8
2026-05-25T05:06:00+00:00,1.35525,1.35525,1.35515,1.35555,19791.3
2026-05-25T05:07:00+00:00,1.35525,1.35695,1.35515,1.35715,41342.2
2026-05-25T05:08:00+00:00,1.35675,1.35755,1.35675,1.35785,45839.2
2026-05-25T05:09:00+00:00,1.35755,1.35675,1.35665,1.35755,81150.4
2026-05-25T05:10:00+00:00,1.35675,1.35675,1.35655,1.35675,83880.0
2026-05-25T05:11:00+00:00,1.35675,1.35645,1.35625,1.35675,42368.6
2026-05-25T05:12:00+00:00,1.35645,1.35685,1.35645,1.35685,34163.2
2026-05-25T05:13:00+00:00,1.35685,1.35665,1.35665,1.35695,61491.5
2026-05-25T05:14:00+00:00,1.35665,1.35785,1.35665,1.35795,58003.0
2026-05-25T05:15:00+00:00,1.35785,1.35745,1.35745,1.35835,108883.6
2026-05-25T05:16:00+00:00,1.35745,1.35835,1.35745,1.35835,22159.3
2026-05-25T05:17:00+00:00,1.35835,1.35825,1.35775,1.35835,66328.0
2026-05-25T05:18:00+00:00,1.35825,1.35865,1.35825,1.35865,8030.7
2026-05-25T05:19:00+00:00,1.35865,1.35795,1.35795,1.35885,119556.5
2026-05-25T05:20:00+00:00,1.35785,1.35705,1.35705,1.35785,272003.4
2026-05-25T05:21:00+00:00,1.35705,1.35705,1.35695,1.35705,35333.1
2026-05-25T05:22:00+00:00,1.35705,1.35685,1.35675,1.35705,19390.9
2026-05-25T05:23:00+00:00,1.35685,1.35685,1.35655,1.35685,41350.4
2026-05-25T05:24:00+00:00,1.35685,1.35805,1.35685,1.35915,621684.0
2026-05-25T05:25:00+00:00,1.35805,1.35805,1.35805,1.35815,17063.9
2026-05-25T05:26:00+00:00,1.35805,1.35805,1.35805,1.35805,0.0
2026-05-25T05:27:00+00:00,1.35805,1.35805,1.35805,1.35815,16425.7
2026-05-25T05:28:00+00:00,1.35805,1.35795,1.35795,1.35835,41764.8
2026-05-25T05:29:00+00:00,1.35795,1.35825,1.35795,1.35835,28770.8
2026-05-25T05:30:00+00:00,1.35825,1.35885,1.35805,1.35885,39175.8
2026-05-25T05:31:00+00:00,1.35885,1.35915,1.35885,1.35955,64863.4
2026-05-25T05:32:00+00:00,1.35915,1.35815,1.35815,1.35915,46096.1
2026-05-25T05:33:00+00:00,1.35815,1.35835,1.35815,1.35835,6666.9
2026-05-25T05:34:00+00:00,1.35835,1.35815,1.35805,1.35835,28377.3
2026-05-25T05:35:00+00:00,1.35815,1.35855,1.35815,1.35855,21401.9
2026-05-25T05:36:00+00:00,1.35855,1.35845,1.35845,1.35865,17980.7
2026-05-25T05:37:00+00:00,1.35845,1.35895,1.35845,1.35925,61878.7
2026-05-25T05:38:00+00:00,1.35895,1.35905,1.35845,1.35905,36950.2
2026-05-25T05:39:00+00:00,1.35905,1.35925,1.35905,1.35965,93499.5
2026-05-25T05:40:00+00:00,1.35925,1.35965,1.35925,1.35975,19039.7
2026-05-25T05:41:00+00:00,1.35965,1.35965,1.35965,1.35965,0.0
2026-05-25T05:42:00+00:00,1.35965,1.35955,1.35955,1.35965,9880.3
2026-05-25T05:43:00+00:00,1.35955,1.36015,1.35955,1.36015,96487.8
2026-05-25T05:44:00+00:00,1.36045,1.36045,1.36045,1.36065,35238.7
2026-05-25T05:45:00+00:00,1.36045,1.35995,1.35995,1.36045,1528.8
2026-05-25T05:46:00+00:00,1.35995,1.35925,1.35925,1.35995,12503.1
2026-05-25T05:47:00+00:00,1.35925,1.36015,1.35925,1.36015,83988.9
2026-05-25T05:48:00+00:00,1.36015,1.35985,1.35985,1.36015,15637.3
2026-05-25T05:49:00+00:00,1.35985,1.36005,1.35965,1.36005,27094.3
2026-05-25T05:50:00+00:00,1.36005,1.35935,1.35935,1.36005,38560.1
2026-05-25T05:51:00+00:00,1.35935,1.35935,1.35935,1.35935,0.0
2026-05-25T05:52:00+00:00,1.35935,1.35945,1.35935,1.35965,33678.0
2026-05-25T05:53:00+00:00,1.35945,1.35935,1.35935,1.35945,3442.3
2026-05-25T05:54:00+00:00,1.35935,1.35925,1.35925,1.35935,465.1
2026-05-25T05:55:00+00:00,1.35925,1.35865,1.35865,1.35925,20503.5
2026-05-25T05:56:00+00:00,1.35865,1.35845,1.35845,1.35865,1576.8
2026-05-25T05:57:00+00:00,1.35845,1.35825,1.35825,1.35845,9305.9
2026-05-25T05:58:00+00:00,1.35825,1.35815,1.35815,1.35855,47305.9
2026-05-25T05:59:00+00:00,1.35815,1.35815,1.35805,1.35815,6533.1
2026-05-25T06:00:00+00:00,1.35815,1.35855,1.35815,1.35875,30353.3
2026-05-25T06:01:00+00:00,1.35855,1.35835,1.35835,1.35855,0.0
2026-05-25T06:02:00+00:00,1.35835,1.35745,1.35745,1.35835,30389.1
2026-05-25T06:03:00+00:00,1.35745,1.35745,1.35745,1.35775,42449.0
2026-05-25T06:04:00+00:00,1.35745,1.35745,1.35715,1.35745,34247.3
2026-05-25T06:05:00+00:00,1.35745,1.35755,1.35745,1.35755,19200.0
2026-05-25T06:06:00+00:00,1.35755,1.35815,1.35755,1.35825,129843.7
2026-05-25T06:07:00+00:00,1.35805,1.35855,1.35765,1.35855,66280.1
2026-05-25T06:08:00+00:00,1.35855,1.35945,1.35825,1.35945,112980.0
2026-05-25T06:09:00+00:00,1.35945,1.35995,1.35875,1.36075,139956.9
2026-05-25T06:10:00+00:00,1.35975,1.35785,1.35785,1.35975,45402.3
2026-05-25T06:11:00+00:00,1.35785,1.35775,1.35765,1.35805,43947.1
2026-05-25T06:12:00+00:00,1.35775,1.35765,1.35765,1.35825,46793.0
2026-05-25T06:13:00+00:00,1.35765,1.35745,1.35745,1.35765,86.3
2026-05-25T06:14:00+00:00,1.35745,1.35705,1.35685,1.35765,24278.1
2026-05-25T06:15:00+00:00,1.35705,1.35635,1.35615,1.35705,103855.1
2026-05-25T06:16:00+00:00,1.35635,1.35575,1.35575,1.35635,8566.1
2026-05-25T06:17:00+00:00,1.35575,1.35615,1.35575,1.35625,29340.7
2026-05-25T06:18:00+00:00,1.35615,1.35605,1.35605,1.35615,23226.7
2026-05-25T06:19:00+00:00,1.35605,1.35585,1.35585,1.35605,5609.2
2026-05-25T06:20:00+00:00,1.35585,1.35505,1.35505,1.35585,16419.5
2026-05-25T06:21:00+00:00,1.35505,1.35475,1.35465,1.35505,25121.5
2026-05-25T06:22:00+00:00,1.35475,1.35515,1.35475,1.35535,59692.2
2026-05-25T06:23:00+00:00,1.35515,1.35445,1.35415,1.35515,5143.7
2026-05-25T06:24:00+00:00,1.35445,1.35425,1.35425,1.35445,8929.9
2026-05-25T06:25:00+00:00,1.35425,1.35445,1.35415,1.35445,7912.5
2026-05-25T06:26:00+00:00,1.35445,1.35485,1.35445,1.35495,20351.0
2026-05-25T06:27:00+00:00,1.35485,1.35475,1.35475,1.35485,10912.9
2026-05-25T06:28:00+00:00,1.35475,1.35515,1.35475,1.35515,9826.3
2026-05-25T06:29:00+00:00,1.35515,1.35545,1.35515,1.35545,9804.6
2026-05-25T06:30:00+00:00,1.35545,1.35645,1.35545,1.35645,30829.1
2026-05-25T06:31:00+00:00,1.35645,1.35805,1.35645,1.35805,28171.3
2026-05-25T06:32:00+00:00,1.35805,1.35865,1.35775,1.35925,27331.7
2026-05-25T06:33:00+00:00,1.35865,1.35835,1.35835,1.35885,17733.7
2026-05-25T06:34:00+00:00,1.35835,1.35915,1.35825,1.35935,7426.6
2026-05-25T06:35:00+00:00,1.35915,1.35925,1.35905,1.35935,35975.3
2026-05-25T06:36:00+00:00,1.35895,1.35965,1.35885,1.35965,60858.1
2026-05-25T06:37:00+00:00,1.35965,1.35895,1.35865,1.35965,44819.7
2026-05-25T06:38:00+00:00,1.35895,1.35875,1.35875,1.35895,1578.0
2026-05-25T06:39:00+00:00,1.35875,1.35845,1.35845,1.35875,6918.4
2026-05-25T06:40:00+00:00,1.35835,1.35865,1.35835,1.35865,8546.0
2026-05-25T06:41:00+00:00,1.35865,1.35825,1.35825,1.35865,20339.4
2026-05-25T06:42:00+00:00,1.35825,1.35785,1.35785,1.35825,7984.8
2026-05-25T06:43:00+00:00,1.35785,1.35775,1.35775,1.35785,2540.4
2026-05-25T06:44:00+00:00,1.35775,1.35785,1.35775,1.35785,37.1
2026-05-25T06:45:00+00:00,1.35785,1.35735,1.35735,1.35785,33118.7
2026-05-25T06:46:00+00:00,1.35735,1.35785,1.35735,1.35785,28702.9
2026-05-25T06:47:00+00:00,1.35865,1.35865,1.35855,1.35905,75533.9
2026-05-25T06:48:00+00:00,1.35865,1.35865,1.35865,1.35895,17298.8
2026-05-25T06:49:00+00:00,1.35865,1.35875,1.35855,1.35875,52801.8
2026-05-25T06:50:00+00:00,1.35875,1.35895,1.35865,1.35895,18577.3
2026-05-25T06:51:00+00:00,1.35875,1.35845,1.35845,1.35875,5376.4
2026-05-25T06:52:00+00:00,1.35845,1.35845,1.35815,1.35855,14565.2
2026-05-25T06:53:00+00:00,1.35845,1.35875,1.35825,1.35875,1340.6
2026-05-25T06:54:00+00:00,1.35875,1.35845,1.35845,1.35875,10140.7
2026-05-25T06:55:00+00:00,1.35845,1.35845,1.35825,1.35845,348.2
2026-05-25T06:56:00+00:00,1.35845,1.35845,1.35845,1.35895,16900.5
2026-05-25T06:57:00+00:00,1.35845,1.35805,1.35805,1.35865,2754.4
2026-05-25T06:58:00+00:00,1.35805,1.35785,1.35785,1.35805,14174.2
2026-05-25T06:59:00+00:00,1.35785,1.35825,1.35785,1.35825,2067.8
2026-05-25T07:00:00+00:00,1.35835,1.35885,1.35835,1.35885,72324.8
2026-05-25T07:01:00+00:00,1.35885,1.35895,1.35885,1.35925,25569.2
2026-05-25T07:02:00+00:00,1.35895,1.35915,1.35855,1.35915,74892.5
2026-05-25T07:03:00+00:00,1.35915,1.36095,1.35915,1.36095,77007.3
2026-05-25T07:04:00+00:00,1.36075,1.36025,1.36025,1.36095,12731.5
2026-05-25T07:05:00+00:00,1.36025,1.35955,1.35955,1.36025,35590.9
2026-05-25T07:06:00+00:00,1.35955,1.35905,1.35905,1.35955,10182.2
2026-05-25T07:07:00+00:00,1.35905,1.35905,1.35905,1.35935,16117.4
2026-05-25T07:08:00+00:00,1.35905,1.35915,1.35905,1.35915,525.6
2026-05-25T07:09:00+00:00,1.35915,1.35905,1.35905,1.35925,16982.8
2026-05-25T07:10:00+00:00,1.35905,1.35895,1.35895,1.35905,1050.3
2026-05-25T07:11:00+00:00,1.35895,1.35865,1.35865,1.35895,3186.2
2026-05-25T07:12:00+00:00,1.35865,1.35855,1.35855,1.35865,43.1
2026-05-25T07:13:00+00:00,1.35855,1.35755,1.35755,1.35855,36546.5
2026-05-25T07:14:00+00:00,1.35735,1.35755,1.35715,1.35755,19415.0
2026-05-25T07:15:00+00:00,1.35755,1.35815,1.35755,1.35835,52640.1
2026-05-25T07:16:00+00:00,1.35815,1.35725,1.35725,1.35815,24126.1
2026-05-25T07:17:00+00:00,1.35725,1.35655,1.35655,1.35725,1092.7
2026-05-25T07:18:00+00:00,1.35655,1.35415,1.35395,1.35655,149602.3
2026-05-25T07:19:00+00:00,1.35425,1.35485,1.35425,1.35505,40343.7
2026-05-25T07:20:00+00:00,1.35485,1.35475,1.35405,1.35485,35217.2
2026-05-25T07:21:00+00:00,1.35475,1.35495,1.35455,1.35495,13987.1
2026-05-25T07:22:00+00:00,1.35495,1.35515,1.35485,1.35525,18748.2
2026-05-25T07:23:00+00:00,1.35515,1.35475,1.35475,1.35515,47851.7
2026-05-25T07:24:00+00:00,1.35475,1.35475,1.35475,1.35475,0.0
2026-05-25T07:25:00+00:00,1.35475,1.35425,1.35425,1.35475,13705.2
2026-05-25T07:26:00+00:00,1.35415,1.35375,1.35315,1.35415,25547.9
2026-05-25T07:27:00+00:00,1.35385,1.35365,1.35365,1.35395,3760.4
2026-05-25T07:28:00+00:00,1.35365,1.35335,1.35335,1.35365,7126.7
2026-05-25T07:29:00+00:00,1.35335,1.35335,1.35335,1.35345,1149.1
2026-05-25T07:30:00+00:00,1.35335,1.35335,1.35265,1.35335,67442.1
2026-05-25T07:31:00+00:00,1.35335,1.35325,1.35305,1.35335,12552.9
2026-05-25T07:32:00+00:00,1.35325,1.35495,1.35315,1.35495,55378.4
2026-05-25T07:33:00+00:00,1.35495,1.35485,1.35485,1.35605,225192.8
2026-05-25T07:34:00+00:00,1.35485,1.35445,1.35435,1.35485,13087.7
2026-05-25T07:35:00+00:00,1.35445,1.35395,1.35365,1.35445,219809.2
2026-05-25T07:36:00+00:00,1.35395,1.35375,1.35375,1.35395,324.2
2026-05-25T07:37:00+00:00,1.35375,1.35365,1.35355,1.35375,3075.2
2026-05-25T07:38:00+00:00,1.35365,1.35365,1.35355,1.35375,73842.1
2026-05-25T07:39:00+00:00,1.35365,1.35375,1.35325,1.35375,8226.7
2026-05-25T07:40:00+00:00,1.35375,1.35305,1.35305,1.35375,52647.5
2026-05-25T07:41:00+00:00,1.35305,1.35375,1.35305,1.35385,139619.8
2026-05-25T07:42:00+00:00,1.35375,1.35335,1.35335,1.35375,145.8
2026-05-25T07:43:00+00:00,1.35335,1.35495,1.35335,1.35495,12771.6
2026-05-25T07:44:00+00:00,1.35495,1.35495,1.35495,1.35535,703.3
2026-05-25T07:45:00+00:00,1.35495,1.35505,1.35485,1.35505,265625.0
2026-05-25T07:46:00+00:00,1.35505,1.35505,1.35415,1.35525,117168.9
2026-05-25T07:47:00+00:00,1.35505,1.35535,1.35475,1.35535,3884.7
2026-05-25T07:48:00+00:00,1.35535,1.35525,1.35505,1.35555,37368.7
2026-05-25T07:49:00+00:00,1.35525,1.35575,1.35525,1.35575,11694.5
2026-05-25T07:50:00+00:00,1.35575,1.35515,1.35515,1.35575,70673.8
2026-05-25T07:51:00+00:00,1.35515,1.35505,1.35505,1.35525,40485.5
2026-05-25T07:52:00+00:00,1.35505,1.35465,1.35465,1.35555,42892.4
2026-05-25T07:53:00+00:00,1.35465,1.35525,1.35435,1.35535,87202.2
2026-05-25T07:54:00+00:00,1.35525,1.35535,1.35495,1.35535,22075.8
2026-05-25T07:55:00+00:00,1.35535,1.35465,1.35465,1.35535,11861.6
2026-05-25T07:56:00+00:00,1.35465,1.35445,1.35445,1.35475,9406.2
2026-05-25T07:57:00+00:00,1.35445,1.35485,1.35445,1.35485,13684.7
2026-05-25T07:58:00+00:00,1.35485,1.35515,1.35485,1.35535,25194.4
2026-05-25T07:59:00+00:00,1.35515,1.35895,1.35515,1.35895,702860.1
2026-05-25T08:00:00+00:00,1.35895,1.35835,1.35835,1.35895,94818.0
2026-05-25T08:01:00+00:00,1.35835,1.35925,1.35835,1.35925,36721.9
2026-05-25T08:02:00+00:00,1.35925,1.35895,1.35895,1.35925,30173.4
2026-05-25T08:03:00+00:00,1.35895,1.35945,1.35895,1.35945,22364.1
2026-05-25T08:04:00+00:00,1.35945,1.36045,1.35945,1.36045,42443.9
2026-05-25T08:05:00+00:00,1.36045,1.36005,1.36005,1.36045,51529.9
2026-05-25T08:06:00+00:00,1.35995,1.35975,1.35975,1.35995,1813.7
2026-05-25T08:07:00+00:00,1.35975,1.35965,1.35965,1.35975,23.3
2026-05-25T08:08:00+00:00,1.35965,1.35985,1.35965,1.35995,12909.3
2026-05-25T08:09:00+00:00,1.35985,1.36025,1.35985,1.36025,31785.9
2026-05-25T08:10:00+00:00,1.36025,1.36005,1.36005,1.36025,310.1
2026-05-25T08:11:00+00:00,1.36005,1.35965,1.35965,1.36005,10385.6
2026-05-25T08:12:00+00:00,1.35965,1.35965,1.35965,1.35965,0.0
2026-05-25T08:13:00+00:00,1.35965,1.35995,1.35935,1.36015,125420.2
2026-05-25T08:14:00+00:00,1.35995,1.35935,1.35935,1.35995,13135.6
2026-05-25T08:15:00+00:00,1.35935,1.35945,1.35935,1.35955,11650.4
2026-05-25T08:16:00+00:00,1.35945,1.35945,1.35945,1.35945,0.0
2026-05-25T08:17:00+00:00,1.35945,1.35835,1.35835,1.35955,279728.1
2026-05-25T08:18:00+00:00,1.35835,1.35895,1.35835,1.35895,50231.0
2026-05-25T08:19:00+00:00,1.35895,1.35975,1.35895,1.35975,32793.5
2026-05-25T08:20:00+00:00,1.35975,1.35965,1.35965,1.36045,267815.0
2026-05-25T08:21:00+00:00,1.35965,1.36025,1.35965,1.36055,68819.1
2026-05-25T08:22:00+00:00,1.36025,1.36025,1.36015,1.36035,77794.3
2026-05-25T08:23:00+00:00,1.36025,1.35925,1.35925,1.36025,109756.5
2026-05-25T08:24:00+00:00,1.35925,1.35965,1.35925,1.35965,27059.2
2026-05-25T08:25:00+00:00,1.35995,1.35965,1.35955,1.36015,166884.1
2026-05-25T08:26:00+00:00,1.35965,1.35895,1.35865,1.35965,92720.9
2026-05-25T08:27:00+00:00,1.35895,1.35935,1.35895,1.35945,41037.0
2026-05-25T08:28:00+00:00,1.35935,1.35975,1.35915,1.35975,30614.1
2026-05-25T08:29:00+00:00,1.35975,1.36015,1.35975,1.36015,26163.0
2026-05-25T08:30:00+00:00,1.36015,1.36035,1.36015,1.36035,9449.5
2026-05-25T08:31:00+00:00,1.36035,1.36095,1.36035,1.36095,32091.3
2026-05-25T08:32:00+00:00,1.36095,1.36125,1.36095,1.36185,234967.0
2026-05-25T08:33:00+00:00,1.36125,1.36175,1.36125,1.36175,51847.0
2026-05-25T08:34:00+00:00,1.36195,1.36235,1.36195,1.36235,67608.1
2026-05-25T08:35:00+00:00,1.36235,1.36485,1.36235,1.36485,862713.4
2026-05-25T08:36:00+00:00,1.36485,1.36375,1.36315,1.36485,119720.5
2026-05-25T08:37:00+00:00,1.36375,1.36345,1.36315,1.36375,153546.6
2026-05-25T08:38:00+00:00,1.36345,1.36305,1.36285,1.36375,158389.9
2026-05-25T08:39:00+00:00,1.36305,1.36375,1.36285,1.36375,60678.2
2026-05-25T08:40:00+00:00,1.36375,1.36395,1.36375,1.36405,99841.9
2026-05-25T08:41:00+00:00,1.36395,1.35805,1.35765,1.36405,1326606.5
2026-05-25T08:42:00+00:00,1.35805,1.35875,1.35805,1.35875,63767.4
2026-05-25T08:43:00+00:00,1.35875,1.35905,1.35855,1.35925,220623.0
2026-05-25T08:44:00+00:00,1.35905,1.35875,1.35865,1.35905,36963.6
2026-05-25T08:45:00+00:00,1.35865,1.35895,1.35865,1.35895,20893.9
2026-05-25T08:46:00+00:00,1.35895,1.35885,1.35885,1.35895,278.9
2026-05-25T08:47:00+00:00,1.35885,1.35885,1.35845,1.35915,90611.0
2026-05-25T08:48:00+00:00,1.35885,1.35885,1.35885,1.35885,0.0
2026-05-25T08:49:00+00:00,1.35885,1.35935,1.35885,1.35935,22664.9
2026-05-25T08:50:00+00:00,1.35935,1.35915,1.35875,1.35935,29329.4
2026-05-25T08:51:00+00:00,1.35915,1.35925,1.35915,1.35955,27823.4
2026-05-25T08:52:00+00:00,1.35925,1.35885,1.35885,1.35925,779.2
2026-05-25T08:53:00+00:00,1.35885,1.35895,1.35875,1.35895,11813.2
2026-05-25T08:54:00+00:00,1.35895,1.35915,1.35895,1.35915,8961.5
2026-05-25T08:55:00+00:00,1.35895,1.35995,1.35875,1.36015,239375.1
2026-05-25T08:56:00+00:00,1.35995,1.35925,1.35925,1.36015,14660.4
2026-05-25T08:57:00+00:00,1.35925,1.35915,1.35915,1.35945,41089.1
2026-05-25T08:58:00+00:00,1.35915,1.35925,1.35915,1.35955,71707.2
2026-05-25T08:59:00+00:00,1.35925,1.35915,1.35915,1.35925,974.6
2026-05-25T09:00:00+00:00,1.35915,1.35945,1.35875,1.35955,595047.8
2026-05-25T09:01:00+00:00,1.35945,1.35885,1.35855,1.35965,99426.9
2026-05-25T09:02:00+00:00,1.35885,1.35895,1.35855,1.35925,42785.5
2026-05-25T09:03:00+00:00,1.35895,1.35875,1.35875,1.35935,21496.7
2026-05-25T09:04:00+00:00,1.35875,1.35855,1.35855,1.35875,796.5
2026-05-25T09:05:00+00:00,1.35855,1.35855,1.35855,1.35855,0.0
2026-05-25T09:06:00+00:00,1.35855,1.35855,1.35855,1.35855,0.0
2026-05-25T09:07:00+00:00,1.35855,1.35905,1.35855,1.35915,24967.7
2026-05-25T09:08:00+00:00,1.35905,1.35885,1.35885,1.35905,13634.0
2026-05-25T09:09:00+00:00,1.35885,1.35905,1.35885,1.35915,26071.6
2026-05-25T09:10:00+00:00,1.35905,1.35935,1.35895,1.35955,96143.3
2026-05-25T09:11:00+00:00,1.35935,1.35875,1.35875,1.35935,5915.3
2026-05-25T09:12:00+00:00,1.35875,1.35875,1.35875,1.35885,7100.1
2026-05-25T09:13:00+00:00,1.35875,1.35865,1.35845,1.35875,33900.3
2026-05-25T09:14:00+00:00,1.35865,1.35865,1.35865,1.35865,0.0
2026-05-25T09:15:00+00:00,1.35865,1.35875,1.35855,1.35875,8238.5
2026-05-25T09:16:00+00:00,1.35875,1.35885,1.35855,1.35885,17737.2
2026-05-25T09:17:00+00:00,1.35885,1.35885,1.35885,1.35885,0.0
2026-05-25T09:18:00+00:00,1.35885,1.35885,1.35885,1.35885,0.0
2026-05-25T09:19:00+00:00,1.35885,1.35885,1.35865,1.35885,837.0
2026-05-25T09:20:00+00:00,1.35885,1.35825,1.35825,1.35885,2250.7
2026-05-25T09:21:00+00:00,1.35825,1.35705,1.35705,1.35825,20899.0
2026-05-25T09:22:00+00:00,1.35695,1.35735,1.35695,1.35735,6082.7
2026-05-25T09:23:00+00:00,1.35735,1.35925,1.35735,1.35925,319074.7
2026-05-25T09:24:00+00:00,1.35925,1.36065,1.35925,1.36065,85336.2
2026-05-25T09:25:00+00:00,1.36065,1.36075,1.36065,1.36095,21814.5
2026-05-25T09:26:00+00:00,1.36075,1.36085,1.36065,1.36085,8238.0
2026-05-25T09:27:00+00:00,1.36085,1.36135,1.36055,1.36135,114522.6
2026-05-25T09:28:00+00:00,1.36135,1.36095,1.36095,1.36155,87021.4
2026-05-25T09:29:00+00:00,1.36085,1.36085,1.36085,1.36085,189.5
2026-05-25T09:30:00+00:00,1.36085,1.36065,1.36065,1.36085,12673.1
2026-05-25T09:31:00+00:00,1.36065,1.36135,1.36055,1.36145,70850.9
2026-05-25T09:32:00+00:00,1.36155,1.36215,1.36155,1.36275,183298.1
2026-05-25T09:33:00+00:00,1.36215,1.36225,1.36215,1.36245,18395.4
2026-05-25T09:34:00+00:00,1.36225,1.36235,1.36185,1.36315,124687.1
2026-05-25T09:35:00+00:00,1.36235,1.36185,1.36185,1.36255,21910.0
2026-05-25T09:36:00+00:00,1.36185,1.36155,1.36145,1.36185,4217.6
2026-05-25T09:37:00+00:00,1.36155,1.36155,1.36145,1.36165,53146.2
2026-05-25T09:38:00+00:00,1.36155,1.36195,1.36155,1.36215,13435.0
2026-05-25T09:39:00+00:00,1.36185,1.36155,1.36135,1.36185,19065.2
2026-05-25T09:40:00+00:00,1.36155,1.36125,1.36125,1.36155,9624.3
2026-05-25T09:41:00+00:00,1.36125,1.36075,1.36075,1.36125,3093.4
2026-05-25T09:42:00+00:00,1.36075,1.36095,1.36075,1.36095,7716.4
2026-05-25T09:43:00+00:00,1.36095,1.36095,1.36095,1.36095,0.0
2026-05-25T09:44:00+00:00,1.36095,1.36085,1.36085,1.36115,34374.8
2026-05-25T09:45:00+00:00,1.36085,1.36065,1.36045,1.36085,43870.1
2026-05-25T09:46:00+00:00,1.36065,1.36075,1.36065,1.36075,2218.4
2026-05-25T09:47:00+00:00,1.36075,1.36045,1.36045,1.36075,24496.8
2026-05-25T09:48:00+00:00,1.36045,1.36065,1.35995,1.36065,27778.6
2026-05-25T09:49:00+00:00,1.36065,1.36075,1.36055,1.36075,5260.8
2026-05-25T09:50:00+00:00,1.36075,1.36175,1.36075,1.36175,22867.3
2026-05-25T09:51:00+00:00,1.36175,1.36155,1.36145,1.36195,30983.6
2026-05-25T09:52:00+00:00,1.36155,1.36185,1.36155,1.36185,746.8
2026-05-25T09:53:00+00:00,1.36185,1.36125,1.36125,1.36185,23263.3
2026-05-25T09:54:00+00:00,1.36125,1.36085,1.36085,1.36125,13959.5
2026-05-25T09:55:00+00:00,1.36085,1.36055,1.36055,1.36085,47864.6
2026-05-25T09:56:00+00:00,1.36055,1.36125,1.36055,1.36145,60979.2
2026-05-25T09:57:00+00:00,1.36125,1.36115,1.36115,1.36125,52.7
2026-05-25T09:58:00+00:00,1.36115,1.36105,1.36105,1.36115,2405.8
2026-05-25T09:59:00+00:00,1.36105,1.36095,1.36065,1.36165,275265.5
2026-05-25T10:00:00+00:00,1.36095,1.36125,1.36095,1.36145,50864.6
2026-05-25T10:01:00+00:00,1.36125,1.36105,1.36105,1.36155,14402.1
2026-05-25T10:02:00+00:00,1.36105,1.36105,1.36025,1.36125,111373.3
2026-05-25T10:03:00+00:00,1.36105,1.36045,1.36045,1.36125,27901.2
2026-05-25T10:04:00+00:00,1.36045,1.36015,1.36015,1.36055,27918.6
2026-05-25T10:05:00+00:00,1.36015,1.36065,1.36015,1.36065,26236.0
2026-05-25T10:06:00+00:00,1.36075,1.36105,1.36075,1.36115,16049.4
2026-05-25T10:07:00+00:00,1.36105,1.36125,1.36105,1.36135,38606.1
2026-05-25T10:08:00+00:00,1.36125,1.36125,1.36125,1.36125,0.0
2026-05-25T10:09:00+00:00,1.36125,1.36115,1.36115,1.36125,7015.6
2026-05-25T10:10:00+00:00,1.36075,1.36095,1.36075,1.36135,28297.5
2026-05-25T10:11:00+00:00,1.36095,1.36095,1.36065,1.36095,4249.0
2026-05-25T10:12:00+00:00,1.36095,1.36055,1.36055,1.36105,8990.3
2026-05-25T10:13:00+00:00,1.36055,1.36065,1.36055,1.36065,34.4
2026-05-25T10:14:00+00:00,1.36065,1.36045,1.36045,1.36065,165125.7
2026-05-25T10:15:00+00:00,1.36045,1.36015,1.36005,1.36045,58061.3
2026-05-25T10:16:00+00:00,1.36015,1.36085,1.36015,1.36085,36296.8
2026-05-25T10:17:00+00:00,1.36085,1.36085,1.36085,1.36085,0.0
2026-05-25T10:18:00+00:00,1.36085,1.36105,1.36085,1.36105,24074.1
2026-05-25T10:19:00+00:00,1.36105,1.36085,1.36085,1.36105,4748.0
2026-05-25T10:20:00+00:00,1.36085,1.36025,1.36025,1.36085,31470.8
2026-05-25T10:21:00+00:00,1.36015,1.35955,1.35925,1.36015,87680.9
2026-05-25T10:22:00+00:00,1.35955,1.36025,1.35955,1.36025,49121.6
2026-05-25T10:23:00+00:00,1.36025,1.36025,1.36005,1.36025,3866.6
2026-05-25T10:24:00+00:00,1.36025,1.36035,1.36015,1.36045,43109.2
2026-05-25T10:25:00+00:00,1.36035,1.35985,1.35985,1.36035,29789.6
2026-05-25T10:26:00+00:00,1.35985,1.35965,1.35965,1.35985,16150.1
2026-05-25T10:27:00+00:00,1.35965,1.35975,1.35925,1.35975,44413.6
2026-05-25T10:28:00+00:00,1.35975,1.35975,1.35975,1.35975,0.0
2026-05-25T10:29:00+00:00,1.35995,1.35995,1.35995,1.35995,318.4
2026-05-25T10:30:00+00:00,1.35995,1.35975,1.35975,1.36015,71417.5
2026-05-25T10:31:00+00:00,1.35975,1.35945,1.35945,1.35995,40352.9
2026-05-25T10:32:00+00:00,1.35935,1.35965,1.35935,1.35965,4766.5
2026-05-25T10:33:00+00:00,1.35965,1.35975,1.35965,1.35995,12703.5
2026-05-25T10:34:00+00:00,1.35975,1.35995,1.35945,1.35995,12097.7
2026-05-25T10:35:00+00:00,1.36015,1.36015,1.36015,1.36035,29033.0
2026-05-25T10:36:00+00:00,1.36015,1.36015,1.36015,1.36035,4280.8
2026-05-25T10:37:00+00:00,1.36015,1.36025,1.36015,1.36045,11061.9
2026-05-25T10:38:00+00:00,1.36035,1.36025,1.36015,1.36045,8141.7
2026-05-25T10:39:00+00:00,1.36025,1.35965,1.35965,1.36025,102730.1
2026-05-25T10:40:00+00:00,1.35965,1.35965,1.35965,1.35985,22818.2
2026-05-25T10:41:00+00:00,1.35965,1.35945,1.35945,1.35965,19430.3
2026-05-25T10:42:00+00:00,1.35945,1.35985,1.35945,1.35985,18910.7
2026-05-25T10:43:00+00:00,1.35985,1.35985,1.35985,1.35985,0.0
2026-05-25T10:44:00+00:00,1.35985,1.35995,1.35985,1.35995,259.9
2026-05-25T10:45:00+00:00,1.35995,1.36135,1.35995,1.36135,43015.8
2026-05-25T10:46:00+00:00,1.36135,1.36125,1.36125,1.36155,47126.9
2026-05-25T10:47:00+00:00,1.36125,1.36125,1.36125,1.36125,0.0
2026-05-25T10:48:00+00:00,1.36125,1.36145,1.36115,1.36145,7738.5
2026-05-25T10:49:00+00:00,1.36145,1.36135,1.36135,1.36145,88.4
2026-05-25T10:50:00+00:00,1.36135,1.36135,1.36135,1.36135,0.0
2026-05-25T10:51:00+00:00,1.36135,1.36075,1.36075,1.36135,7797.8
2026-05-25T10:52:00+00:00,1.36075,1.36045,1.36015,1.36075,18281.5
2026-05-25T10:53:00+00:00,1.36045,1.36055,1.36045,1.36075,21125.1
2026-05-25T10:54:00+00:00,1.36055,1.36055,1.36055,1.36055,0.0
2026-05-25T10:55:00+00:00,1.36055,1.36055,1.36055,1.36055,0.0
2026-05-25T10:56:00+00:00,1.36055,1.36055,1.36055,1.36075,45593.6
2026-05-25T10:57:00+00:00,1.36025,1.36005,1.36005,1.36025,9737.9
2026-05-25T10:58:00+00:00,1.36005,1.36055,1.36005,1.36055,10027.2
2026-05-25T10:59:00+00:00,1.36055,1.36055,1.36055,1.36055,0.0
2026-05-25T11:00:00+00:00,1.36055,1.35905,1.35895,1.36055,106398.1
2026-05-25T11:01:00+00:00,1.35905,1.36025,1.35905,1.36035,44430.9
2026-05-25T11:02:00+00:00,1.36025,1.35965,1.35965,1.36025,31822.3
2026-05-25T11:03:00+00:00,1.35965,1.35975,1.35965,1.35975,442.3
2026-05-25T11:04:00+00:00,1.35975,1.35995,1.35975,1.35995,16417.1
2026-05-25T11:05:00+00:00,1.35995,1.35975,1.35975,1.35995,2056.2
2026-05-25T11:06:00+00:00,1.35975,1.35895,1.35895,1.35975,22100.2
2026-05-25T11:07:00+00:00,1.35895,1.35935,1.35895,1.35935,31653.1
2026-05-25T11:08:00+00:00,1.35935,1.35965,1.35935,1.35975,57738.3
2026-05-25T11:09:00+00:00,1.35955,1.35955,1.35955,1.35955,3670.3
2026-05-25T11:10:00+00:00,1.35955,1.35985,1.35955,1.35995,14040.0
2026-05-25T11:11:00+00:00,1.35985,1.35955,1.35955,1.35985,13338.5
2026-05-25T11:12:00+00:00,1.35955,1.35935,1.35935,1.35955,3380.0
2026-05-25T11:13:00+00:00,1.35935,1.35935,1.35935,1.35935,0.0
2026-05-25T11:14:00+00:00,1.35935,1.35935,1.35935,1.35935,0.0
2026-05-25T11:15:00+00:00,1.35935,1.35935,1.35935,1.35935,0.0
2026-05-25T11:16:00+00:00,1.35935,1.35885,1.35885,1.35935,17964.0
2026-05-25T11:17:00+00:00,1.35885,1.35875,1.35875,1.35885,0.0
2026-05-25T11:18:00+00:00,1.35865,1.35865,1.35835,1.35865,82389.0
2026-05-25T11:19:00+00:00,1.35865,1.35915,1.35865,1.35915,25035.5
2026-05-25T11:20:00+00:00,1.35915,1.35915,1.35915,1.35915,0.0
2026-05-25T11:21:00+00:00,1.35915,1.35915,1.35915,1.35915,0.0
2026-05-25T11:22:00+00:00,1.35915,1.35885,1.35885,1.35935,97219.0
2026-05-25T11:23:00+00:00,1.35885,1.35875,1.35875,1.35885,1961.6
2026-05-25T11:24:00+00:00,1.35875,1.35875,1.35875,1.35875,0.0
2026-05-25T11:25:00+00:00,1.35875,1.35865,1.35865,1.35875,1703.0
2026-05-25T11:26:00+00:00,1.35865,1.35865,1.35865,1.35865,0.0
2026-05-25T11:27:00+00:00,1.35865,1.35865,1.35865,1.35865,0.0
2026-05-25T11:28:00+00:00,1.35865,1.35885,1.35865,1.35885,52825.0
2026-05-25T11:29:00+00:00,1.35885,1.35885,1.35885,1.35885,0.0
2026-05-25T11:30:00+00:00,1.35885,1.35925,1.35885,1.35925,64.8
2026-05-25T11:31:00+00:00,1.35925,1.35965,1.35925,1.35985,16248.8
2026-05-25T11:32:00+00:00,1.35965,1.36015,1.35965,1.36015,42648.7
2026-05-25T11:33:00+00:00,1.36015,1.36025,1.35985,1.36065,45735.1
2026-05-25T11:34:00+00:00,1.36025,1.36065,1.36025,1.36065,13874.1
2026-05-25T11:35:00+00:00,1.36065,1.35975,1.35975,1.36065,16704.5
2026-05-25T11:36:00+00:00,1.35975,1.36065,1.35975,1.36065,21598.5
2026-05-25T11:37:00+00:00,1.36065,1.36085,1.36065,1.36145,61932.9
2026-05-25T11:38:00+00:00,1.36085,1.36085,1.36085,1.36085,0.0
2026-05-25T11:39:00+00:00,1.36085,1.36085,1.36085,1.36085,0.0
2026-05-25T11:40:00+00:00,1.36085,1.35975,1.35975,1.36085,39532.3
2026-05-25T11:41:00+00:00,1.35975,1.36015,1.35975,1.36015,80157.0
2026-05-25T11:42:00+00:00,1.36015,1.36015,1.36015,1.36015,0.0
2026-05-25T11:43:00+00:00,1.36015,1.35945,1.35945,1.36015,21685.7
2026-05-25T11:44:00+00:00,1.35945,1.35935,1.35935,1.35945,4625.2
2026-05-25T11:45:00+00:00,1.35935,1.35945,1.35935,1.36015,49078.3
2026-05-25T11:46:00+00:00,1.35945,1.35955,1.35945,1.35955,710.8
2026-05-25T11:47:00+00:00,1.35955,1.35895,1.35895,1.35955,52458.7
2026-05-25T11:48:00+00:00,1.35895,1.35865,1.35865,1.35895,13425.2
2026-05-25T11:49:00+00:00,1.35865,1.35845,1.35845,1.35865,15652.8
2026-05-25T11:50:00+00:00,1.35845,1.35855,1.35845,1.35855,21396.3
2026-05-25T11:51:00+00:00,1.35855,1.35805,1.35805,1.35855,76123.8
2026-05-25T11:52:00+00:00,1.35805,1.35755,1.35735,1.35805,38178.3
2026-05-25T11:53:00+00:00,1.35755,1.35755,1.35755,1.35755,0.0
2026-05-25T11:54:00+00:00,1.35755,1.35815,1.35755,1.35815,9610.9
2026-05-25T11:55:00+00:00,1.35815,1.35805,1.35805,1.35815,18545.3
2026-05-25T11:56:00+00:00,1.35805,1.35785,1.35785,1.35805,2347.8
2026-05-25T11:57:00+00:00,1.35785,1.35755,1.35755,1.35785,8980.8
2026-05-25T11:58:00+00:00,1.35755,1.35735,1.35735,1.35765,3547.8
2026-05-25T11:59:00+00:00,1.35735,1.35775,1.35735,1.35775,2472.9
2026-05-25T12:00:00+00:00,1.35775,1.35765,1.35765,1.35775,1063.2
2026-05-25T12:01:00+00:00,1.35765,1.35675,1.35655,1.35765,15413.1
2026-05-25T12:02:00+00:00,1.35675,1.35645,1.35645,1.35705,33526.9
2026-05-25T12:03:00+00:00,1.35645,1.35655,1.35645,1.35655,2140.2
2026-05-25T12:04:00+00:00,1.35655,1.35725,1.35655,1.35755,220588.4
2026-05-25T12:05:00+00:00,1.35725,1.35735,1.35705,1.35735,19369.5
2026-05-25T12:06:00+00:00,1.35735,1.35715,1.35705,1.35735,3134.4
2026-05-25T12:07:00+00:00,1.35715,1.35695,1.35695,1.35715,4506.0
2026-05-25T12:08:00+00:00,1.35695,1.35705,1.35695,1.35705,920.4
2026-05-25T12:09:00+00:00,1.35705,1.35725,1.35705,1.35735,3925.0
2026-05-25T12:10:00+00:00,1.35725,1.35685,1.35685,1.35725,7417.9
2026-05-25T12:11:00+00:00,1.35685,1.35725,1.35685,1.35725,10995.4
2026-05-25T12:12:00+00:00,1.35725,1.35745,1.35725,1.35745,30542.8
2026-05-25T12:13:00+00:00,1.35745,1.35775,1.35745,1.35775,25907.0
2026-05-25T12:14:00+00:00,1.35775,1.35785,1.35765,1.35785,30695.3
2026-05-25T12:15:00+00:00,1.35785,1.35775,1.35765,1.35825,25642.0
2026-05-25T12:16:00+00:00,1.35795,1.35845,1.35795,1.35865,13089.5
2026-05-25T12:17:00+00:00,1.35845,1.35775,1.35775,1.35875,39030.6
2026-05-25T12:18:00+00:00,1.35775,1.35765,1.35765,1.35775,84.0
2026-05-25T12:19:00+00:00,1.35765,1.35835,1.35765,1.35835,11508.5
2026-05-25T12:20:00+00:00,1.35835,1.35805,1.35805,1.35835,5613.7
2026-05-25T12:21:00+00:00,1.35805,1.35755,1.35755,1.35815,25913.2
2026-05-25T12:22:00+00:00,1.35755,1.35695,1.35685,1.35755,13398.8
2026-05-25T12:23:00+00:00,1.35695,1.35805,1.35675,1.35835,76874.8
2026-05-25T12:24:00+00:00,1.35805,1.35805,1.35775,1.35805,25950.2
2026-05-25T12:25:00+00:00,1.35805,1.35835,1.35805,1.35865,25443.8
2026-05-25T12:26:00+00:00,1.35835,1.35825,1.35825,1.35835,65.4
2026-05-25T12:27:00+00:00,1.35825,1.35835,1.35825,1.35865,2860.7
2026-05-25T12:28:00+00:00,1.35835,1.35875,1.35835,1.35875,46936.8
2026-05-25T12:29:00+00:00,1.35875,1.35845,1.35825,1.35875,21406.6
2026-05-25T12:30:00+00:00,1.35845,1.35885,1.35845,1.35935,42463.4
2026-05-25T12:31:00+00:00,1.35885,1.35905,1.35875,1.35935,45300.3
2026-05-25T12:32:00+00:00,1.35905,1.35895,1.35895,1.35905,5688.2
2026-05-25T12:33:00+00:00,1.35895,1.35835,1.35815,1.35895,23367.9
2026-05-25T12:34:00+00:00,1.35835,1.35825,1.35825,1.35855,24016.1
2026-05-25T12:35:00+00:00,1.35825,1.35855,1.35825,1.35855,310.3
2026-05-25T12:36:00+00:00,1.35855,1.35875,1.35855,1.35875,13639.1
2026-05-25T12:37:00+00:00,1.35885,1.35855,1.35855,1.35905,9776.6
2026-05-25T12:38:00+00:00,1.35855,1.35745,1.35745,1.35855,26914.8
2026-05-25T12:39:00+00:00,1.35765,1.35775,1.35765,1.35775,3045.5
2026-05-25T12:40:00+00:00,1.35775,1.35765,1.35765,1.35785,53930.1
2026-05-25T12:41:00+00:00,1.35765,1.35775,1.35765,1.35775,211.7
2026-05-25T12:42:00+00:00,1.35775,1.35765,1.35765,1.35775,454.1
2026-05-25T12:43:00+00:00,1.35765,1.35785,1.35765,1.35785,899.6
2026-05-25T12:44:00+00:00,1.35785,1.35845,1.35785,1.35845,6414.1
2026-05-25T12:45:00+00:00,1.35845,1.35735,1.35735,1.35845,111785.6
2026-05-25T12:46:00+00:00,1.35755,1.35735,1.35725,1.35775,7324.7
2026-05-25T12:47:00+00:00,1.35735,1.35715,1.35705,1.35735,8625.1
2026-05-25T12:48:00+00:00,1.35725,1.35705,1.35705,1.35725,20291.9
2026-05-25T12:49:00+00:00,1.35705,1.35785,1.35705,1.35785,5806.7
2026-05-25T12:50:00+00:00,1.35785,1.35775,1.35775,1.35805,3413.7
2026-05-25T12:51:00+00:00,1.35775,1.35785,1.35765,1.35785,853.1
2026-05-25T12:52:00+00:00,1.35785,1.35765,1.35755,1.35785,2706.3
2026-05-25T12:53:00+00:00,1.35765,1.35775,1.35765,1.35785,117.5
2026-05-25T12:54:00+00:00,1.35775,1.35875,1.35775,1.35875,10137.9
2026-05-25T12:55:00+00:00,1.35875,1.35885,1.35875,1.35895,6635.6
2026-05-25T12:56:00+00:00,1.35895,1.35895,1.35865,1.35915,65291.1
2026-05-25T12:57:00+00:00,1.35895,1.35825,1.35825,1.35895,24961.0
2026-05-25T12:58:00+00:00,1.35825,1.35825,1.35825,1.35825,0.0
2026-05-25T12:59:00+00:00,1.35825,1.35735,1.35735,1.35825,31498.8
2026-05-25T13:00:00+00:00,1.35735,1.35725,1.35695,1.35745,19041.4
2026-05-25T13:01:00+00:00,1.35725,1.35775,1.35725,1.35775,29505.1
2026-05-25T13:02:00+00:00,1.35775,1.35765,1.35765,1.35785,3076.5
2026-05-25T13:03:00+00:00,1.35765,1.35815,1.35765,1.35835,2998.0
2026-05-25T13:04:00+00:00,1.35815,1.35835,1.35795,1.35835,6257.2
2026-05-25T13:05:00+00:00,1.35835,1.35805,1.35785,1.35845,4530.1
2026-05-25T13:06:00+00:00,1.35805,1.35845,1.35805,1.35905,27434.1
2026-05-25T13:07:00+00:00,1.35845,1.35825,1.35825,1.35845,5274.0
2026-05-25T13:08:00+00:00,1.35825,1.35865,1.35825,1.35865,8451.0
2026-05-25T13:09:00+00:00,1.35865,1.35805,1.35805,1.35865,4556.4
2026-05-25T13:10:00+00:00,1.35805,1.35765,1.35765,1.35805,2402.3
2026-05-25T13:11:00+00:00,1.35765,1.35675,1.35675,1.35765,16258.8
2026-05-25T13:12:00+00:00,1.35675,1.35585,1.35565,1.35675,105061.5
2026-05-25T13:13:00+00:00,1.35585,1.35635,1.35585,1.35635,28742.8
2026-05-25T13:14:00+00:00,1.35635,1.35635,1.35615,1.35645,22604.7
2026-05-25T13:15:00+00:00,1.35635,1.35615,1.35585,1.35645,5865.3
2026-05-25T13:16:00+00:00,1.35615,1.35675,1.35615,1.35675,12063.8
2026-05-25T13:17:00+00:00,1.35675,1.35695,1.35675,1.35695,432.1
2026-05-25T13:18:00+00:00,1.35695,1.35655,1.35645,1.35695,41384.2
2026-05-25T13:19:00+00:00,1.35655,1.35635,1.35635,1.35665,2135.5
2026-05-25T13:20:00+00:00,1.35635,1.35615,1.35595,1.35635,8232.7
2026-05-25T13:21:00+00:00,1.35615,1.35705,1.35615,1.35705,12318.7
2026-05-25T13:22:00+00:00,1.35705,1.35685,1.35665,1.35705,8454.2
2026-05-25T13:23:00+00:00,1.35685,1.35685,1.35665,1.35685,7525.0
2026-05-25T13:24:00+00:00,1.35685,1.35715,1.35685,1.35715,5464.7
2026-05-25T13:25:00+00:00,1.35715,1.35695,1.35685,1.35715,3753.5
2026-05-25T13:26:00+00:00,1.35695,1.35725,1.35695,1.35785,14612.1
2026-05-25T13:27:00+00:00,1.35725,1.35705,1.35705,1.35725,805.4
2026-05-25T13:28:00+00:00,1.35705,1.35705,1.35705,1.35715,1080.7
2026-05-25T13:29:00+00:00,1.35705,1.35715,1.35695,1.35715,590.0
2026-05-25T13:30:00+00:00,1.35715,1.35685,1.35685,1.35755,13497.5
2026-05-25T13:31:00+00:00,1.35685,1.35735,1.35685,1.35735,13022.3
2026-05-25T13:32:00+00:00,1.35735,1.35725,1.35715,1.35735,2149.7
2026-05-25T13:33:00+00:00,1.35725,1.35685,1.35685,1.35725,8285.8
2026-05-25T13:34:00+00:00,1.35685,1.35655,1.35645,1.35685,42087.1
2026-05-25T13:35:00+00:00,1.35645,1.35675,1.35585,1.35675,53121.9
2026-05-25T13:36:00+00:00,1.35675,1.35615,1.35615,1.35675,10725.2
2026-05-25T13:37:00+00:00,1.35615,1.35655,1.35615,1.35655,24202.2
2026-05-25T13:38:00+00:00,1.35655,1.35625,1.35575,1.35655,45728.7
2026-05-25T13:39:00+00:00,1.35625,1.35665,1.35625,1.35665,33946.8
2026-05-25T13:40:00+00:00,1.35665,1.35635,1.35625,1.35665,18978.0
2026-05-25T13:41:00+00:00,1.35665,1.35665,1.35625,1.35665,16078.3
2026-05-25T13:42:00+00:00,1.35665,1.35705,1.35665,1.35705,21100.8
2026-05-25T13:43:00+00:00,1.35705,1.35715,1.35705,1.35715,18490.7
2026-05-25T13:44:00+00:00,1.35715,1.35775,1.35685,1.35775,33966.5
2026-05-25T13:45:00+00:00,1.35785,1.35675,1.35675,1.35795,10400.6
2026-05-25T13:46:00+00:00,1.35675,1.35695,1.35675,1.35715,86263.2
2026-05-25T13:47:00+00:00,1.35695,1.35685,1.35685,1.35695,717.3
2026-05-25T13:48:00+00:00,1.35715,1.35705,1.35705,1.35715,28793.2
2026-05-25T13:49:00+00:00,1.35705,1.35795,1.35705,1.35795,88391.3
2026-05-25T13:50:00+00:00,1.35795,1.35785,1.35765,1.35815,15643.9
2026-05-25T13:51:00+00:00,1.35785,1.35725,1.35715,1.35785,6098.3
2026-05-25T13:52:00+00:00,1.35725,1.35725,1.35725,1.35735,5303.3
2026-05-25T13:53:00+00:00,1.35725,1.35755,1.35725,1.35785,44068.0
2026-05-25T13:54:00+00:00,1.35755,1.35825,1.35755,1.35825,24275.1
2026-05-25T13:55:00+00:00,1.35825,1.35835,1.35825,1.35865,35475.3
2026-05-25T13:56:00+00:00,1.35835,1.35835,1.35835,1.35885,15994.1
2026-05-25T13:57:00+00:00,1.35835,1.35845,1.35835,1.35855,26541.7
2026-05-25T13:58:00+00:00,1.35845,1.35825,1.35825,1.35845,9366.2
2026-05-25T13:59:00+00:00,1.35825,1.35825,1.35825,1.35825,0.0
2026-05-25T14:00:00+00:00,1.35825,1.35825,1.35825,1.35865,68402.0
2026-05-25T14:01:00+00:00,1.35825,1.35815,1.35785,1.35825,23112.0
2026-05-25T14:02:00+00:00,1.35815,1.35775,1.35765,1.35815,77660.2
2026-05-25T14:03:00+00:00,1.35775,1.35835,1.35775,1.35855,24735.2
2026-05-25T14:04:00+00:00,1.35835,1.36015,1.35835,1.36015,32441.8
2026-05-25T14:05:00+00:00,1.35995,1.36075,1.35965,1.36095,205007.7
2026-05-25T14:06:00+00:00,1.36075,1.35995,1.35995,1.36155,264083.6
2026-05-25T14:07:00+00:00,1.36005,1.36045,1.35995,1.36045,36907.3
2026-05-25T14:08:00+00:00,1.36045,1.36085,1.36045,1.36105,24492.6
2026-05-25T14:09:00+00:00,1.36065,1.36045,1.36005,1.36085,37012.3
2026-05-25T14:10:00+00:00,1.36025,1.36105,1.36025,1.36105,78476.4
2026-05-25T14:11:00+00:00,1.36095,1.36015,1.36015,1.36095,39159.2
2026-05-25T14:12:00+00:00,1.36015,1.36035,1.36015,1.36035,18633.9
2026-05-25T14:13:00+00:00,1.36035,1.35985,1.35985,1.36035,34313.7
2026-05-25T14:14:00+00:00,1.35985,1.35985,1.35985,1.36005,13794.8
2026-05-25T14:15:00+00:00,1.35995,1.36015,1.35995,1.36045,18276.6
2026-05-25T14:16:00+00:00,1.36015,1.36065,1.35995,1.36065,29521.9
2026-05-25T14:17:00+00:00,1.36065,1.36125,1.36065,1.36145,9530.1
2026-05-25T14:18:00+00:00,1.36125,1.36085,1.36065,1.36185,16363.4
2026-05-25T14:19:00+00:00,1.36085,1.36115,1.36085,1.36125,5418.7
2026-05-25T14:20:00+00:00,1.36115,1.36055,1.36055,1.36115,2094.9
2026-05-25T14:21:00+00:00,1.36055,1.36075,1.36035,1.36075,10542.9
2026-05-25T14:22:00+00:00,1.36075,1.36105,1.36065,1.36125,53023.0
2026-05-25T14:23:00+00:00,1.36105,1.36025,1.36025,1.36105,12136.4
2026-05-25T14:24:00+00:00,1.36025,1.36105,1.36025,1.36115,53249.4
2026-05-25T14:25:00+00:00,1.36105,1.36165,1.36105,1.36195,34180.6
2026-05-25T14:26:00+00:00,1.36165,1.36145,1.36095,1.36175,54556.0
2026-05-25T14:27:00+00:00,1.36145,1.36205,1.36145,1.36205,12227.5
2026-05-25T14:28:00+00:00,1.36205,1.36235,1.36205,1.36235,224.4
2026-05-25T14:29:00+00:00,1.36235,1.36235,1.36215,1.36235,9043.7
2026-05-25T14:30:00+00:00,1.36235,1.36205,1.36205,1.36235,29077.8
2026-05-25T14:31:00+00:00,1.36205,1.36155,1.36155,1.36205,1485.9
2026-05-25T14:32:00+00:00,1.36155,1.36055,1.36055,1.36155,48299.5
2026-05-25T14:33:00+00:00,1.36055,1.36035,1.36035,1.36085,64687.3
2026-05-25T14:34:00+00:00,1.36035,1.36055,1.36035,1.36055,20412.9
2026-05-25T14:35:00+00:00,1.36055,1.36065,1.36015,1.36065,65640.6
2026-05-25T14:36:00+00:00,1.36065,1.36065,1.36065,1.36075,16662.4
2026-05-25T14:37:00+00:00,1.36065,1.36005,1.36005,1.36065,19474.3
2026-05-25T14:38:00+00:00,1.36005,1.35975,1.35975,1.36005,48135.2
2026-05-25T14:39:00+00:00,1.35975,1.35945,1.35945,1.35975,1377.9
2026-05-25T14:40:00+00:00,1.35945,1.35855,1.35855,1.35945,43107.3
2026-05-25T14:41:00+00:00,1.35855,1.35885,1.35855,1.35885,34404.7
2026-05-25T14:42:00+00:00,1.35885,1.35895,1.35885,1.35915,53437.4
2026-05-25T14:43:00+00:00,1.35895,1.35885,1.35885,1.35935,214679.7
2026-05-25T14:44:00+00:00,1.35885,1.35935,1.35875,1.35945,6508.1
2026-05-25T14:45:00+00:00,1.35935,1.35935,1.35935,1.35945,930.6
2026-05-25T14:46:00+00:00,1.35935,1.36205,1.35935,1.36225,27311.9
2026-05-25T14:47:00+00:00,1.36165,1.36175,1.36115,1.36235,94542.1
2026-05-25T14:48:00+00:00,1.36175,1.36205,1.36175,1.36235,31536.5
2026-05-25T14:49:00+00:00,1.36205,1.36185,1.36175,1.36205,76656.7
2026-05-25T14:50:00+00:00,1.36195,1.36205,1.36195,1.36265,90787.7
2026-05-25T14:51:00+00:00,1.36195,1.36175,1.36175,1.36195,5882.9
2026-05-25T14:52:00+00:00,1.36175,1.36175,1.36175,1.36175,0.0
2026-05-25T14:53:00+00:00,1.36175,1.36195,1.36175,1.36195,12867.4
2026-05-25T14:54:00+00:00,1.36195,1.36155,1.36155,1.36195,41117.9
2026-05-25T14:55:00+00:00,1.36155,1.36145,1.36135,1.36195,5198.6
2026-05-25T14:56:00+00:00,1.36145,1.36135,1.36125,1.36145,2966.9
2026-05-25T14:57:00+00:00,1.36145,1.36135,1.36135,1.36145,2881.4
2026-05-25T14:58:00+00:00,1.36135,1.36145,1.36135,1.36145,785.2
2026-05-25T14:59:00+00:00,1.36145,1.36145,1.36145,1.36145,0.0
2026-05-25T15:00:00+00:00,1.36145,1.36175,1.36135,1.36195,87103.2
2026-05-25T15:01:00+00:00,1.36175,1.36145,1.36145,1.36195,8037.4
2026-05-25T15:02:00+00:00,1.36135,1.36125,1.36085,1.36135,25615.7
2026-05-25T15:03:00+00:00,1.36125,1.36085,1.36085,1.36165,29631.4
2026-05-25T15:04:00+00:00,1.36085,1.36115,1.36065,1.36115,2566.9
2026-05-25T15:05:00+00:00,1.36115,1.36145,1.36115,1.36185,20061.0
2026-05-25T15:06:00+00:00,1.36145,1.36165,1.36115,1.36165,6636.9
2026-05-25T15:07:00+00:00,1.36155,1.36115,1.36105,1.36185,39794.6
2026-05-25T15:08:00+00:00,1.36115,1.36115,1.36115,1.36115,0.0
2026-05-25T15:09:00+00:00,1.36115,1.36145,1.36115,1.36145,0.0
2026-05-25T15:10:00+00:00,1.36145,1.36365,1.36105,1.36395,122930.4
2026-05-25T15:11:00+00:00,1.36345,1.36475,1.36245,1.36545,249812.0
2026-05-25T15:12:00+00:00,1.36455,1.36335,1.36335,1.36455,110196.9
2026-05-25T15:13:00+00:00,1.36335,1.36175,1.36175,1.36335,35056.4
2026-05-25T15:14:00+00:00,1.36175,1.36065,1.36065,1.36175,28459.3
2026-05-25T15:15:00+00:00,1.36065,1.35995,1.35935,1.36065,42902.3
2026-05-25T15:16:00+00:00,1.35995,1.35985,1.35975,1.36015,25810.4
2026-05-25T15:17:00+00:00,1.35995,1.36045,1.35995,1.36085,74236.3
2026-05-25T15:18:00+00:00,1.36045,1.36055,1.36045,1.36065,906.7
2026-05-25T15:19:00+00:00,1.36055,1.36055,1.36055,1.36145,2193.2
2026-05-25T15:20:00+00:00,1.36055,1.35975,1.35975,1.36055,30832.4
2026-05-25T15:21:00+00:00,1.35975,1.35925,1.35915,1.35975,22760.0
2026-05-25T15:22:00+00:00,1.35885,1.35845,1.35845,1.35885,19486.7
2026-05-25T15:23:00+00:00,1.35845,1.35885,1.35765,1.35885,15140.2
2026-05-25T15:24:00+00:00,1.35885,1.35865,1.35865,1.35885,11718.6
2026-05-25T15:25:00+00:00,1.35865,1.35955,1.35865,1.35965,27054.2
2026-05-25T15:26:00+00:00,1.35955,1.35955,1.35935,1.35985,23500.5
2026-05-25T15:27:00+00:00,1.35955,1.35935,1.35905,1.35955,33047.7
2026-05-25T15:28:00+00:00,1.35935,1.35875,1.35875,1.35935,49272.7
2026-05-25T15:29:00+00:00,1.35875,1.35855,1.35855,1.35875,8294.5
2026-05-25T15:30:00+00:00,1.35855,1.35805,1.35805,1.35855,44689.2
2026-05-25T15:31:00+00:00,1.35805,1.35835,1.35795,1.35835,25552.5
2026-05-25T15:32:00+00:00,1.35835,1.35835,1.35835,1.35835,0.0
2026-05-25T15:33:00+00:00,1.35835,1.35865,1.35835,1.35865,6303.8
2026-05-25T15:34:00+00:00,1.35865,1.35925,1.35865,1.35925,2816.5
2026-05-25T15:35:00+00:00,1.35905,1.35995,1.35885,1.35995,32467.0
2026-05-25T15:36:00+00:00,1.35975,1.35965,1.35945,1.35975,15947.5
2026-05-25T15:37:00+00:00,1.35965,1.35965,1.35965,1.35965,0.0
2026-05-25T15:38:00+00:00,1.35965,1.36015,1.35965,1.36015,14509.4
2026-05-25T15:39:00+00:00,1.36015,1.36045,1.36015,1.36045,1661.8
2026-05-25T15:40:00+00:00,1.36045,1.36045,1.36025,1.36045,13420.7
2026-05-25T15:41:00+00:00,1.36045,1.35995,1.35995,1.36045,36395.9
2026-05-25T15:42:00+00:00,1.35995,1.36015,1.35995,1.36015,4373.3
2026-05-25T15:43:00+00:00,1.36015,1.36015,1.36015,1.36015,0.0
2026-05-25T15:44:00+00:00,1.36015,1.36015,1.36015,1.36015,0.0
2026-05-25T15:45:00+00:00,1.36015,1.36035,1.36015,1.36045,19401.2
2026-05-25T15:46:00+00:00,1.36035,1.36035,1.36035,1.36035,0.0
2026-05-25T15:47:00+00:00,1.36035,1.36015,1.36015,1.36035,4257.0
2026-05-25T15:48:00+00:00,1.36015,1.35875,1.35875,1.36015,19457.1
2026-05-25T15:49:00+00:00,1.35875,1.35955,1.35875,1.35955,27435.8
2026-05-25T15:50:00+00:00,1.35955,1.35805,1.35805,1.35955,13544.7
2026-05-25T15:51:00+00:00,1.35805,1.35925,1.35805,1.35925,37759.1
2026-05-25T15:52:00+00:00,1.35925,1.35895,1.35885,1.35925,11026.2
2026-05-25T15:53:00+00:00,1.35895,1.35845,1.35845,1.35895,754.2
2026-05-25T15:54:00+00:00,1.35845,1.35835,1.35835,1.35885,30135.3
2026-05-25T15:55:00+00:00,1.35835,1.35925,1.35825,1.35925,14087.0
2026-05-25T15:56:00+00:00,1.35925,1.35905,1.35905,1.35935,2238.6
2026-05-25T15:57:00+00:00,1.35905,1.35915,1.35895,1.35925,844.4
2026-05-25T15:58:00+00:00,1.35915,1.35915,1.35915,1.35935,10781.9
2026-05-25T15:59:00+00:00,1.35915,1.35885,1.35885,1.35915,192.5
2026-05-25T16:00:00+00:00,1.35885,1.35905,1.35885,1.35915,17839.0
2026-05-25T16:01:00+00:00,1.35905,1.35865,1.35865,1.35905,20232.8
2026-05-25T16:02:00+00:00,1.35865,1.35885,1.35865,1.35885,7470.5
2026-05-25T16:03:00+00:00,1.35885,1.35855,1.35855,1.35885,4381.5
2026-05-25T16:04:00+00:00,1.35855,1.35875,1.35855,1.35875,9794.6
2026-05-25T16:05:00+00:00,1.35875,1.35835,1.35835,1.35875,3855.9
2026-05-25T16:06:00+00:00,1.35835,1.35855,1.35835,1.35855,4239.4
2026-05-25T16:07:00+00:00,1.35855,1.35835,1.35835,1.35855,740.6
2026-05-25T16:08:00+00:00,1.35835,1.35825,1.35825,1.35875,4983.6
2026-05-25T16:09:00+00:00,1.35825,1.35825,1.35825,1.35825,0.0
2026-05-25T16:10:00+00:00,1.35825,1.35835,1.35805,1.35835,4896.3
2026-05-25T16:11:00+00:00,1.35835,1.35915,1.35835,1.35915,59959.3
2026-05-25T16:12:00+00:00,1.35915,1.35845,1.35845,1.35915,7964.4
2026-05-25T16:13:00+00:00,1.35845,1.35785,1.35785,1.35875,83142.8
2026-05-25T16:14:00+00:00,1.35785,1.35745,1.35745,1.35785,15064.5
2026-05-25T16:15:00+00:00,1.35745,1.35835,1.35745,1.35845,25794.5
2026-05-25T16:16:00+00:00,1.35835,1.35795,1.35795,1.35845,11191.3
2026-05-25T16:17:00+00:00,1.35795,1.35785,1.35775,1.35805,2459.7
2026-05-25T16:18:00+00:00,1.35785,1.35785,1.35785,1.35805,837.1
2026-05-25T16:19:00+00:00,1.35795,1.35795,1.35775,1.35795,10688.7
2026-05-25T16:20:00+00:00,1.35795,1.35775,1.35775,1.35805,946.4
2026-05-25T16:21:00+00:00,1.35765,1.35785,1.35765,1.35785,25753.2
2026-05-25T16:22:00+00:00,1.35785,1.35835,1.35785,1.35835,19375.2
2026-05-25T16:23:00+00:00,1.35835,1.35965,1.35835,1.35975,9239.1
2026-05-25T16:24:00+00:00,1.35965,1.35925,1.35895,1.35965,68858.5
2026-05-25T16:25:00+00:00,1.35905,1.35935,1.35875,1.35955,38325.0
2026-05-25T16:26:00+00:00,1.35935,1.35935,1.35915,1.35935,614.3
2026-05-25T16:27:00+00:00,1.35935,1.35925,1.35925,1.35935,5220.0
2026-05-25T16:28:00+00:00,1.35925,1.35855,1.35855,1.35925,73298.3
2026-05-25T16:29:00+00:00,1.35855,1.35885,1.35825,1.35885,15279.5
2026-05-25T16:30:00+00:00,1.35875,1.35805,1.35805,1.35875,2758.4
2026-05-25T16:31:00+00:00,1.35805,1.35825,1.35805,1.35855,2214.3
2026-05-25T16:32:00+00:00,1.35825,1.35875,1.35815,1.35875,733.9
2026-05-25T16:33:00+00:00,1.35875,1.35895,1.35875,1.35895,244.9
2026-05-25T16:34:00+00:00,1.35895,1.35865,1.35865,1.35895,6763.4
2026-05-25T16:35:00+00:00,1.35865,1.35855,1.35855,1.35875,3011.4
2026-05-25T16:36:00+00:00,1.35855,1.36015,1.35855,1.36015,16464.4
2026-05-25T16:37:00+00:00,1.36015,1.35915,1.35915,1.36015,7707.6
2026-05-25T16:38:00+00:00,1.35915,1.35915,1.35905,1.35925,341.3
2026-05-25T16:39:00+00:00,1.35925,1.35925,1.35925,1.35925,195.5
2026-05-25T16:40:00+00:00,1.35925,1.35965,1.35925,1.35965,1828.4
2026-05-25T16:41:00+00:00,1.35965,1.35975,1.35925,1.35975,15304.0
2026-05-25T16:42:00+00:00,1.35975,1.36015,1.35975,1.36015,573.6
2026-05-25T16:43:00+00:00,1.36015,1.35995,1.35995,1.36015,15234.9
2026-05-25T16:44:00+00:00,1.35995,1.36065,1.35995,1.36085,9313.3
2026-05-25T16:45:00+00:00,1.36065,1.36065,1.36025,1.36065,8744.8
2026-05-25T16:46:00+00:00,1.36065,1.36145,1.36065,1.36145,6011.3
2026-05-25T16:47:00+00:00,1.36145,1.36225,1.36145,1.36225,7174.6
2026-05-25T16:48:00+00:00,1.36225,1.36205,1.36205,1.36225,418.0
2026-05-25T16:49:00+00:00,1.36215,1.36315,1.36215,1.36315,22904.9
2026-05-25T16:50:00+00:00,1.36315,1.36315,1.36305,1.36395,34008.6
2026-05-25T16:51:00+00:00,1.36305,1.36245,1.36245,1.36305,12038.4
2026-05-25T16:52:00+00:00,1.36245,1.36265,1.36245,1.36265,3275.2
2026-05-25T16:53:00+00:00,1.36265,1.36205,1.36165,1.36265,35641.9
2026-05-25T16:54:00+00:00,1.36205,1.36215,1.36195,1.36215,11688.0
2026-05-25T16:55:00+00:00,1.36215,1.36225,1.36215,1.36235,7928.5
2026-05-25T16:56:00+00:00,1.36205,1.36305,1.36205,1.36315,27522.0
2026-05-25T16:57:00+00:00,1.36305,1.36265,1.36265,1.36305,15083.4
2026-05-25T16:58:00+00:00,1.36265,1.36255,1.36255,1.36275,182.3
2026-05-25T16:59:00+00:00,1.36255,1.36265,1.36255,1.36295,6401.8
2026-05-25T17:00:00+00:00,1.36265,1.36305,1.36265,1.36355,28611.8
2026-05-25T17:01:00+00:00,1.36305,1.36335,1.36255,1.36335,39508.2
2026-05-25T17:02:00+00:00,1.36345,1.36345,1.36295,1.36345,78323.9
2026-05-25T17:03:00+00:00,1.36345,1.36255,1.36255,1.36345,31390.2
2026-05-25T17:04:00+00:00,1.36255,1.36285,1.36225,1.36285,25506.0
2026-05-25T17:05:00+00:00,1.36285,1.36275,1.36275,1.36305,2902.2
2026-05-25T17:06:00+00:00,1.36275,1.36255,1.36245,1.36275,2743.6
2026-05-25T17:07:00+00:00,1.36255,1.36235,1.36205,1.36255,3586.8
2026-05-25T17:08:00+00:00,1.36235,1.36345,1.36235,1.36355,5052.1
2026-05-25T17:09:00+00:00,1.36345,1.36355,1.36345,1.36395,6317.1
2026-05-25T17:10:00+00:00,1.36355,1.36255,1.36235,1.36355,50049.5
2026-05-25T17:11:00+00:00,1.36255,1.36265,1.36225,1.36265,4435.8
2026-05-25T17:12:00+00:00,1.36265,1.36275,1.36265,1.36305,1138.3
2026-05-25T17:13:00+00:00,1.36275,1.36245,1.36245,1.36275,2653.8
2026-05-25T17:14:00+00:00,1.36245,1.36265,1.36235,1.36275,820.4
2026-05-25T17:15:00+00:00,1.36265,1.36075,1.36075,1.36265,31574.3
2026-05-25T17:16:00+00:00,1.36075,1.36185,1.36075,1.36185,2810.2
2026-05-25T17:17:00+00:00,1.36185,1.36145,1.36125,1.36185,5626.4
2026-05-25T17:18:00+00:00,1.36145,1.36155,1.36095,1.36155,2130.4
2026-05-25T17:19:00+00:00,1.36155,1.36185,1.36135,1.36185,4115.0
2026-05-25T17:20:00+00:00,1.36185,1.36145,1.36135,1.36185,3116.1
2026-05-25T17:21:00+00:00,1.36145,1.36155,1.36145,1.36155,253.7
2026-05-25T17:22:00+00:00,1.36155,1.36135,1.36135,1.36195,8422.3
2026-05-25T17:23:00+00:00,1.36145,1.36185,1.36145,1.36185,3962.6
2026-05-25T17:24:00+00:00,1.36185,1.36155,1.36155,1.36185,0.0
2026-05-25T17:25:00+00:00,1.36155,1.36175,1.36155,1.36175,1035.4
2026-05-25T17:26:00+00:00,1.36175,1.36215,1.36165,1.36215,5621.8
2026-05-25T17:27:00+00:00,1.36215,1.36195,1.36195,1.36215,10241.1
2026-05-25T17:28:00+00:00,1.36195,1.36215,1.36195,1.36215,2963.7
2026-05-25T17:29:00+00:00,1.36215,1.36275,1.36215,1.36275,3830.4
2026-05-25T17:30:00+00:00,1.36275,1.36235,1.36235,1.36295,9838.6
2026-05-25T17:31:00+00:00,1.36235,1.36245,1.36235,1.36245,60.1
2026-05-25T17:32:00+00:00,1.36245,1.36205,1.36205,1.36245,4105.0
2026-05-25T17:33:00+00:00,1.36205,1.36135,1.36105,1.36205,7638.2
2026-05-25T17:34:00+00:00,1.36135,1.36135,1.36105,1.36145,27470.4
2026-05-25T17:35:00+00:00,1.36135,1.36165,1.36135,1.36165,63966.6
2026-05-25T17:36:00+00:00,1.36165,1.36195,1.36145,1.36195,27337.1
2026-05-25T17:37:00+00:00,1.36195,1.36165,1.36165,1.36195,770.9
2026-05-25T17:38:00+00:00,1.36165,1.36255,1.36165,1.36255,5637.9
2026-05-25T17:39:00+00:00,1.36255,1.36235,1.36235,1.36255,5455.3
2026-05-25T17:40:00+00:00,1.36235,1.36235,1.36235,1.36235,0.0
2026-05-25T17:41:00+00:00,1.36235,1.36235,1.36235,1.36235,0.0
2026-05-25T17:42:00+00:00,1.36235,1.36175,1.36175,1.36235,2595.2
2026-05-25T17:43:00+00:00,1.36175,1.36195,1.36175,1.36195,10410.9
2026-05-25T17:44:00+00:00,1.36195,1.36205,1.36195,1.36235,15061.6
2026-05-25T17:45:00+00:00,1.36205,1.36165,1.36165,1.36205,379.9
2026-05-25T17:46:00+00:00,1.36165,1.36225,1.36165,1.36225,8501.8
2026-05-25T17:47:00+00:00,1.36225,1.36175,1.36165,1.36225,50515.0
2026-05-25T17:48:00+00:00,1.36175,1.36215,1.36165,1.36215,28438.7
2026-05-25T17:49:00+00:00,1.36215,1.36215,1.36175,1.36225,53392.6
2026-05-25T17:50:00+00:00,1.36215,1.36205,1.36205,1.36215,97.9
2026-05-25T17:51:00+00:00,1.36205,1.36185,1.36185,1.36215,4874.5
2026-05-25T17:52:00+00:00,1.36185,1.36195,1.36185,1.36215,560.8
2026-05-25T17:53:00+00:00,1.36195,1.36155,1.36155,1.36195,4836.0
2026-05-25T17:54:00+00:00,1.36155,1.36145,1.36125,1.36155,5000.6
2026-05-25T17:55:00+00:00,1.36145,1.36135,1.36135,1.36145,1927.5
2026-05-25T17:56:00+00:00,1.36115,1.36035,1.36025,1.36115,11146.4
2026-05-25T17:57:00+00:00,1.36035,1.36095,1.36035,1.36095,4698.8
2026-05-25T17:58:00+00:00,1.36095,1.36145,1.36095,1.36155,1988.2
2026-05-25T17:59:00+00:00,1.36145,1.36115,1.36115,1.36145,795.4
2026-05-25T18:00:00+00:00,1.36135,1.36165,1.36105,1.36165,3415.7
2026-05-25T18:01:00+00:00,1.36165,1.36165,1.36115,1.36165,1571.7
2026-05-25T18:02:00+00:00,1.36165,1.36175,1.36165,1.36175,128.0
2026-05-25T18:03:00+00:00,1.36175,1.36175,1.36165,1.36185,9119.3
2026-05-25T18:04:00+00:00,1.36175,1.36175,1.36175,1.36185,259.7
2026-05-25T18:05:00+00:00,1.36175,1.36175,1.36175,1.36185,7782.9
2026-05-25T18:06:00+00:00,1.36175,1.36205,1.36175,1.36205,2422.0
2026-05-25T18:07:00+00:00,1.36205,1.36215,1.36205,1.36215,34.9
2026-05-25T18:08:00+00:00,1.36215,1.36255,1.36215,1.36265,480.4
2026-05-25T18:09:00+00:00,1.36255,1.36255,1.36255,1.36265,88.5
2026-05-25T18:10:00+00:00,1.36255,1.36295,1.36255,1.36325,30650.4
2026-05-25T18:11:00+00:00,1.36295,1.36285,1.36285,1.36295,14051.7
2026-05-25T18:12:00+00:00,1.36285,1.36285,1.36275,1.36315,4494.8
2026-05-25T18:13:00+00:00,1.36285,1.36255,1.36255,1.36285,13549.7
2026-05-25T18:14:00+00:00,1.36255,1.36275,1.36255,1.36275,1379.6
2026-05-25T18:15:00+00:00,1.36275,1.36285,1.36275,1.36285,5071.3
2026-05-25T18:16:00+00:00,1.36285,1.36275,1.36275,1.36285,2935.8
2026-05-25T18:17:00+00:00,1.36275,1.36265,1.36265,1.36275,57.0
2026-05-25T18:18:00+00:00,1.36265,1.36275,1.36265,1.36275,32.2
2026-05-25T18:19:00+00:00,1.36275,1.36235,1.36215,1.36285,5896.9
2026-05-25T18:20:00+00:00,1.36235,1.36285,1.36235,1.36285,928.3
2026-05-25T18:21:00+00:00,1.36285,1.36295,1.36285,1.36305,2878.0
2026-05-25T18:22:00+00:00,1.36295,1.36185,1.36165,1.36295,23978.0
2026-05-25T18:23:00+00:00,1.36185,1.36155,1.36155,1.36185,616.5
2026-05-25T18:24:00+00:00,1.36155,1.36175,1.36155,1.36185,680.0
2026-05-25T18:25:00+00:00,1.36175,1.36185,1.36175,1.36185,56.3
2026-05-25T18:26:00+00:00,1.36185,1.36195,1.36185,1.36195,5545.8
2026-05-25T18:27:00+00:00,1.36195,1.36185,1.36185,1.36205,8402.6
2026-05-25T18:28:00+00:00,1.36185,1.36185,1.36185,1.36185,0.0
2026-05-25T18:29:00+00:00,1.36185,1.36205,1.36185,1.36205,501.8
2026-05-25T18:30:00+00:00,1.36205,1.36155,1.36155,1.36205,15198.3
2026-05-25T18:31:00+00:00,1.36155,1.36135,1.36125,1.36155,914.6
2026-05-25T18:32:00+00:00,1.36135,1.36075,1.36075,1.36135,2571.2
2026-05-25T18:33:00+00:00,1.36075,1.36075,1.36075,1.36115,2180.4
2026-05-25T18:34:00+00:00,1.36085,1.36115,1.36085,1.36115,431.4
2026-05-25T18:35:00+00:00,1.36115,1.36095,1.36095,1.36125,1953.1
2026-05-25T18:36:00+00:00,1.36095,1.36065,1.36065,1.36095,706.2
2026-05-25T18:37:00+00:00,1.36065,1.36065,1.36065,1.36065,0.0
2026-05-25T18:38:00+00:00,1.36065,1.36065,1.36055,1.36065,281.2
2026-05-25T18:39:00+00:00,1.36065,1.36085,1.36035,1.36085,11384.1
2026-05-25T18:40:00+00:00,1.36085,1.36025,1.35995,1.36085,1937.1
2026-05-25T18:41:00+00:00,1.36025,1.36035,1.36025,1.36035,44.5
2026-05-25T18:42:00+00:00,1.36035,1.36025,1.36025,1.36035,436.1
2026-05-25T18:43:00+00:00,1.36025,1.35975,1.35975,1.36025,39434.6
2026-05-25T18:44:00+00:00,1.35975,1.36015,1.35975,1.36015,1752.8
2026-05-25T18:45:00+00:00,1.36015,1.36015,1.36015,1.36025,6612.9
2026-05-25T18:46:00+00:00,1.36015,1.36025,1.36015,1.36025,49.9
2026-05-25T18:47:00+00:00,1.36025,1.36025,1.36015,1.36045,4984.4
2026-05-25T18:48:00+00:00,1.36025,1.35955,1.35955,1.36025,3062.8
2026-05-25T18:49:00+00:00,1.35955,1.35965,1.35955,1.35975,278.8
2026-05-25T18:50:00+00:00,1.35965,1.35955,1.35945,1.35965,753.6
2026-05-25T18:51:00+00:00,1.35955,1.35995,1.35955,1.36015,2966.4
2026-05-25T18:52:00+00:00,1.35995,1.35935,1.35935,1.35995,3329.3
2026-05-25T18:53:00+00:00,1.35915,1.35915,1.35915,1.35915,0.0
2026-05-25T18:54:00+00:00,1.35915,1.35895,1.35895,1.35915,9450.7
2026-05-25T18:55:00+00:00,1.35895,1.35895,1.35895,1.35895,0.0
2026-05-25T18:56:00+00:00,1.35895,1.35885,1.35885,1.35905,5836.6
2026-05-25T18:57:00+00:00,1.35885,1.35875,1.35875,1.35885,1848.9
2026-05-25T18:58:00+00:00,1.35875,1.35875,1.35875,1.35875,0.0
2026-05-25T18:59:00+00:00,1.35875,1.35875,1.35875,1.35875,0.0
2026-05-25T19:00:00+00:00,1.35875,1.35805,1.35805,1.35875,24440.0
2026-05-25T19:01:00+00:00,1.35805,1.35755,1.35745,1.35815,53240.4
2026-05-25T19:02:00+00:00,1.35755,1.35685,1.35625,1.35755,99101.1
2026-05-25T19:03:00+00:00,1.35685,1.35635,1.35635,1.35725,20674.8
2026-05-25T19:04:00+00:00,1.35635,1.35695,1.35635,1.35695,9131.3
2026-05-25T19:05:00+00:00,1.35695,1.35765,1.35695,1.35765,1129.4
2026-05-25T19:06:00+00:00,1.35765,1.35765,1.35765,1.35775,618.2
2026-05-25T19:07:00+00:00,1.35765,1.35805,1.35765,1.35805,3517.2
2026-05-25T19:08:00+00:00,1.35805,1.35775,1.35775,1.35805,3656.9
2026-05-25T19:09:00+00:00,1.35775,1.35695,1.35695,1.35775,19085.0
2026-05-25T19:10:00+00:00,1.35695,1.35695,1.35655,1.35695,4402.6
2026-05-25T19:11:00+00:00,1.35695,1.35715,1.35695,1.35715,180.7
2026-05-25T19:12:00+00:00,1.35715,1.35735,1.35715,1.35735,133.9
2026-05-25T19:13:00+00:00,1.35735,1.35785,1.35735,1.35795,511.4
2026-05-25T19:14:00+00:00,1.35785,1.35785,1.35785,1.35785,0.0
2026-05-25T19:15:00+00:00,1.35785,1.35745,1.35745,1.35795,11934.1
2026-05-25T19:16:00+00:00,1.35745,1.35715,1.35715,1.35755,12046.1
2026-05-25T19:17:00+00:00,1.35715,1.35705,1.35705,1.35735,8576.8
2026-05-25T19:18:00+00:00,1.35705,1.35635,1.35635,1.35705,3776.0
2026-05-25T19:19:00+00:00,1.35635,1.35705,1.35635,1.35705,1243.1
2026-05-25T19:20:00+00:00,1.35705,1.35685,1.35685,1.35705,107.9
2026-05-25T19:21:00+00:00,1.35685,1.35675,1.35665,1.35685,3394.8
2026-05-25T19:22:00+00:00,1.35675,1.35705,1.35675,1.35715,12017.2
2026-05-25T19:23:00+00:00,1.35705,1.35735,1.35705,1.35735,93.1
2026-05-25T19:24:00+00:00,1.35735,1.35785,1.35735,1.35785,2704.2
2026-05-25T19:25:00+00:00,1.35785,1.35785,1.35785,1.35785,0.0
2026-05-25T19:26:00+00:00,1.35785,1.35745,1.35745,1.35785,10246.2
2026-05-25T19:27:00+00:00,1.35745,1.35795,1.35745,1.35795,21037.9
2026-05-25T19:28:00+00:00,1.35795,1.35795,1.35795,1.35795,0.0
2026-05-25T19:29:00+00:00,1.35795,1.35795,1.35795,1.35795,0.0
2026-05-25T19:30:00+00:00,1.35795,1.35815,1.35795,1.35855,72941.6
2026-05-25T19:31:00+00:00,1.35815,1.35745,1.35745,1.35815,12766.3
2026-05-25T19:32:00+00:00,1.35765,1.35735,1.35735,1.35765,2734.4
2026-05-25T19:33:00+00:00,1.35735,1.35635,1.35625,1.35745,46409.1
2026-05-25T19:34:00+00:00,1.35665,1.35625,1.35625,1.35685,5623.6
2026-05-25T19:35:00+00:00,1.35615,1.35615,1.35515,1.35625,76798.2
2026-05-25T19:36:00+00:00,1.35615,1.35595,1.35595,1.35615,12768.2
2026-05-25T19:37:00+00:00,1.35595,1.35615,1.35595,1.35615,10996.9
2026-05-25T19:38:00+00:00,1.35615,1.35585,1.35585,1.35615,14479.5
2026-05-25T19:39:00+00:00,1.35585,1.35455,1.35455,1.35585,75106.5
2026-05-25T19:40:00+00:00,1.35475,1.35525,1.35465,1.35525,45763.9
2026-05-25T19:41:00+00:00,1.35525,1.35555,1.35495,1.35565,35490.9
2026-05-25T19:42:00+00:00,1.35555,1.35585,1.35555,1.35585,2158.9
2026-05-25T19:43:00+00:00,1.35585,1.35585,1.35585,1.35585,0.0
2026-05-25T19:44:00+00:00,1.35585,1.35605,1.35585,1.35605,126.8
2026-05-25T19:45:00+00:00,1.35605,1.35625,1.35605,1.35655,8662.0
2026-05-25T19:46:00+00:00,1.35625,1.35645,1.35595,1.35655,5802.4
2026-05-25T19:47:00+00:00,1.35645,1.35645,1.35645,1.35645,0.0
2026-05-25T19:48:00+00:00,1.35645,1.35635,1.35625,1.35645,463.5
2026-05-25T19:49:00+00:00,1.35635,1.35655,1.35625,1.35655,1750.9
2026-05-25T19:50:00+00:00,1.35655,1.35685,1.35655,1.35685,8174.5
2026-05-25T19:51:00+00:00,1.35685,1.35715,1.35685,1.35715,5791.5
2026-05-25T19:52:00+00:00,1.35715,1.35715,1.35715,1.35715,0.0
2026-05-25T19:53:00+00:00,1.35715,1.35695,1.35695,1.35725,4085.2
2026-05-25T19:54:00+00:00,1.35695,1.35655,1.35655,1.35695,1012.4
2026-05-25T19:55:00+00:00,1.35645,1.35715,1.35635,1.35715,2223.9
2026-05-25T19:56:00+00:00,1.35715,1.35715,1.35715,1.35715,0.0
2026-05-25T19:57:00+00:00,1.35715,1.35715,1.35715,1.35715,0.0
2026-05-25T19:58:00+00:00,1.35715,1.35715,1.35715,1.35725,2310.6
2026-05-25T19:59:00+00:00,1.35715,1.35715,1.35715,1.35745,167615.1
2026-05-25T20:00:00+00:00,1.35705,1.35735,1.35665,1.35735,3546.3
2026-05-25T20:01:00+00:00,1.35735,1.35785,1.35735,1.35795,23496.2
2026-05-25T20:02:00+00:00,1.35785,1.35875,1.35775,1.35875,17710.1
2026-05-25T20:03:00+00:00,1.35875,1.35875,1.35875,1.35915,15852.9
2026-05-25T20:04:00+00:00,1.35875,1.35865,1.35865,1.35875,4518.3
2026-05-25T20:05:00+00:00,1.35865,1.35855,1.35855,1.35865,3057.6
2026-05-25T20:06:00+00:00,1.35855,1.35855,1.35855,1.35865,62.6
2026-05-25T20:07:00+00:00,1.35855,1.35885,1.35855,1.35905,10129.5
2026-05-25T20:08:00+00:00,1.35885,1.35865,1.35855,1.35885,8393.2
2026-05-25T20:09:00+00:00,1.35865,1.35875,1.35865,1.35875,61.4
2026-05-25T20:10:00+00:00,1.35875,1.35855,1.35855,1.35875,939.3
2026-05-25T20:11:00+00:00,1.35855,1.35875,1.35855,1.35875,13922.1
2026-05-25T20:12:00+00:00,1.35875,1.35895,1.35875,1.35895,849.5
2026-05-25T20:13:00+00:00,1.35895,1.35905,1.35895,1.35905,117.9
2026-05-25T20:14:00+00:00,1.35905,1.35905,1.35905,1.35905,0.0
2026-05-25T20:15:00+00:00,1.35865,1.35935,1.35865,1.35955,7867.2
2026-05-25T20:16:00+00:00,1.35935,1.35855,1.35855,1.35935,63384.2
2026-05-25T20:17:00+00:00,1.35855,1.35865,1.35855,1.35875,9759.4
2026-05-25T20:18:00+00:00,1.35865,1.35895,1.35865,1.35895,0.0
2026-05-25T20:19:00+00:00,1.35895,1.35945,1.35895,1.35945,13473.7
2026-05-25T20:20:00+00:00,1.35945,1.35885,1.35885,1.35955,29411.3
2026-05-25T20:21:00+00:00,1.35885,1.35855,1.35855,1.35885,6779.8
2026-05-25T20:22:00+00:00,1.35855,1.35845,1.35845,1.35855,117.1
2026-05-25T20:23:00+00:00,1.35845,1.35765,1.35765,1.35845,7468.2
2026-05-25T20:24:00+00:00,1.35765,1.35805,1.35765,1.35805,1036.2
2026-05-25T20:25:00+00:00,1.35805,1.35855,1.35805,1.35875,2125.1
2026-05-25T20:26:00+00:00,1.35855,1.35735,1.35735,1.35855,2867.1
2026-05-25T20:27:00+00:00,1.35735,1.35755,1.35735,1.35775,2344.2
2026-05-25T20:28:00+00:00,1.35755,1.35745,1.35745,1.35755,14.9
2026-05-25T20:29:00+00:00,1.35745,1.35755,1.35735,1.35765,2159.1
2026-05-25T20:30:00+00:00,1.35755,1.35685,1.35645,1.35755,29451.9
2026-05-25T20:31:00+00:00,1.35685,1.35675,1.35675,1.35695,201.9
2026-05-25T20:32:00+00:00,1.35675,1.35755,1.35675,1.35755,3408.0
2026-05-25T20:33:00+00:00,1.35755,1.35715,1.35705,1.35755,4674.7
2026-05-25T20:34:00+00:00,1.35715,1.35535,1.35535,1.35735,12841.1
2026-05-25T20:35:00+00:00,1.35555,1.35425,1.35415,1.35555,118809.4
2026-05-25T20:36:00+00:00,1.35415,1.35505,1.35415,1.35505,4884.3
2026-05-25T20:37:00+00:00,1.35505,1.35455,1.35415,1.35505,34507.1
2026-05-25T20:38:00+00:00,1.35455,1.35485,1.35455,1.35485,46140.3
2026-05-25T20:39:00+00:00,1.35485,1.35455,1.35415,1.35485,4997.8
2026-05-25T20:40:00+00:00,1.35455,1.35415,1.35395,1.35485,14177.6
2026-05-25T20:41:00+00:00,1.35415,1.35395,1.35395,1.35415,1034.3
2026-05-25T20:42:00+00:00,1.35395,1.35295,1.35235,1.35395,99522.9
2026-05-25T20:43:00+00:00,1.35295,1.35325,1.35285,1.35325,510.1
2026-05-25T20:44:00+00:00,1.35325,1.35365,1.35325,1.35365,305.9
2026-05-25T20:45:00+00:00,1.35375,1.35415,1.35345,1.35415,29759.4
2026-05-25T20:46:00+00:00,1.35415,1.35415,1.35395,1.35425,1102.4
2026-05-25T20:47:00+00:00,1.35415,1.35355,1.35355,1.35415,9375.1
2026-05-25T20:48:00+00:00,1.35355,1.35385,1.35355,1.35385,17096.3
2026-05-25T20:49:00+00:00,1.35385,1.35325,1.35295,1.35385,7583.3
2026-05-25T20:50:00+00:00,1.35325,1.35385,1.35325,1.35385,552.2
2026-05-25T20:51:00+00:00,1.35385,1.35395,1.35375,1.35395,275.6
2026-05-25T20:52:00+00:00,1.35395,1.35415,1.35395,1.35435,38724.0
2026-05-25T20:53:00+00:00,1.35415,1.35475,1.35415,1.35475,9058.8
2026-05-25T20:54:00+00:00,1.35475,1.35505,1.35475,1.35505,5577.3
2026-05-25T20:55:00+00:00,1.35505,1.35595,1.35505,1.35595,43407.8
2026-05-25T20:56:00+00:00,1.35605,1.35525,1.35505,1.35625,43776.9
2026-05-25T20:57:00+00:00,1.35525,1.35425,1.35415,1.35535,11329.7
2026-05-25T20:58:00+00:00,1.35425,1.35485,1.35415,1.35485,3237.1
2026-05-25T20:59:00+00:00,1.35485,1.35455,1.35445,1.35485,3313.4
2026-05-25T21:00:00+00:00,1.35455,1.35545,1.35455,1.35545,13773.7
2026-05-25T21:01:00+00:00,1.35545,1.35575,1.35545,1.35605,737.1
2026-05-25T21:02:00+00:00,1.35575,1.35605,1.35575,1.35605,1228.8
2026-05-25T21:03:00+00:00,1.35605,1.35625,1.35595,1.35625,421.0
2026-05-25T21:04:00+00:00,1.35625,1.35615,1.35615,1.35645,28642.7
2026-05-25T21:05:00+00:00,1.35615,1.35565,1.35565,1.35615,927.5
2026-05-25T21:06:00+00:00,1.35565,1.35595,1.35565,1.35615,12534.9
2026-05-25T21:07:00+00:00,1.35595,1.35595,1.35595,1.35595,0.0
2026-05-25T21:08:00+00:00,1.35595,1.35595,1.35585,1.35595,1593.5
2026-05-25T21:09:00+00:00,1.35595,1.35595,1.35565,1.35595,6838.0
2026-05-25T21:10:00+00:00,1.35595,1.35595,1.35595,1.35595,0.0
2026-05-25T21:11:00+00:00,1.35595,1.35595,1.35595,1.35595,0.0
2026-05-25T21:12:00+00:00,1.35595,1.35595,1.35595,1.35595,0.0
2026-05-25T21:13:00+00:00,1.35605,1.35645,1.35585,1.35665,18466.9
2026-05-25T21:14:00+00:00,1.35645,1.35645,1.35645,1.35675,799.4
2026-05-25T21:15:00+00:00,1.35645,1.35595,1.35595,1.35645,4208.5
2026-05-25T21:16:00+00:00,1.35565,1.35555,1.35555,1.35585,26213.9
2026-05-25T21:17:00+00:00,1.35545,1.35565,1.35525,1.35575,2472.3
2026-05-25T21:18:00+00:00,1.35565,1.35535,1.35515,1.35565,13440.8
2026-05-25T21:19:00+00:00,1.35535,1.35625,1.35535,1.35625,645.6
2026-05-25T21:20:00+00:00,1.35625,1.35625,1.35615,1.35625,98.5
2026-05-25T21:21:00+00:00,1.35625,1.35625,1.35625,1.35625,0.0
2026-05-25T21:22:00+00:00,1.35625,1.35565,1.35565,1.35625,21564.5
2026-05-25T21:23:00+00:00,1.35565,1.35555,1.35555,1.35565,128.2
2026-05-25T21:24:00+00:00,1.35525,1.35505,1.35505,1.35545,14813.4
2026-05-25T21:25:00+00:00,1.35485,1.35525,1.35485,1.35525,2718.8
2026-05-25T21:26:00+00:00,1.35525,1.35535,1.35525,1.35555,10840.5
2026-05-25T21:27:00+00:00,1.35535,1.35545,1.35535,1.35545,138.6
2026-05-25T21:28:00+00:00,1.35545,1.35585,1.35545,1.35585,3261.0
2026-05-25T21:29:00+00:00,1.35585,1.35585,1.35585,1.35585,0.0
2026-05-25T21:30:00+00:00,1.35585,1.35585,1.35585,1.35585,0.0
2026-05-25T21:31:00+00:00,1.35585,1.35585,1.35585,1.35585,0.0
2026-05-25T21:32:00+00:00,1.35585,1.35615,1.35585,1.35615,304.6
2026-05-25T21:33:00+00:00,1.35615,1.35555,1.35555,1.35615,11884.4
2026-05-25T21:34:00+00:00,1.35555,1.35545,1.35545,1.35565,5682.1
2026-05-25T21:35:00+00:00,1.35545,1.35565,1.35545,1.35565,305.7
2026-05-25T21:36:00+00:00,1.35565,1.35445,1.35435,1.35565,16305.1
2026-05-25T21:37:00+00:00,1.35445,1.35445,1.35445,1.35475,2968.8
2026-05-25T21:38:00+00:00,1.35445,1.35435,1.35435,1.35455,16695.0
2026-05-25T21:39:00+00:00,1.35435,1.35465,1.35435,1.35465,22936.8
2026-05-25T21:40:00+00:00,1.35495,1.35555,1.35495,1.35555,9602.7
2026-05-25T21:41:00+00:00,1.35555,1.35595,1.35515,1.35595,20502.0
2026-05-25T21:42:00+00:00,1.35595,1.35595,1.35595,1.35595,0.0
2026-05-25T21:43:00+00:00,1.35595,1.35575,1.35535,1.35595,60878.1
2026-05-25T21:44:00+00:00,1.35565,1.35495,1.35465,1.35575,41963.6
2026-05-25T21:45:00+00:00,1.35495,1.35485,1.35485,1.35495,135.9
2026-05-25T21:46:00+00:00,1.35485,1.35475,1.35475,1.35485,7690.1
2026-05-25T21:47:00+00:00,1.35475,1.35455,1.35455,1.35475,81.3
2026-05-25T21:48:00+00:00,1.35455,1.35475,1.35445,1.35475,12766.3
2026-05-25T21:49:00+00:00,1.35475,1.35505,1.35475,1.35505,2603.4
2026-05-25T21:50:00+00:00,1.35505,1.35505,1.35505,1.35505,0.0
2026-05-25T21:51:00+00:00,1.35505,1.35435,1.35415,1.35505,17361.4
2026-05-25T21:52:00+00:00,1.35435,1.35455,1.35435,1.35455,324.6
2026-05-25T21:53:00+00:00,1.35455,1.35505,1.35455,1.35505,5552.2
2026-05-25T21:54:00+00:00,1.35505,1.35535,1.35465,1.35535,16244.0
2026-05-25T21:55:00+00:00,1.35535,1.35475,1.35475,1.35565,4140.7
2026-05-25T21:56:00+00:00,1.35475,1.35505,1.35475,1.35525,17734.3
2026-05-25T21:57:00+00:00,1.35505,1.35505,1.35505,1.35545,5560.6
2026-05-25T21:58:00+00:00,1.35505,1.35515,1.35495,1.35515,3854.1
2026-05-25T21:59:00+00:00,1.35515,1.35465,1.35465,1.35545,8846.7
2026-05-25T22:00:00+00:00,1.35485,1.35405,1.35375,1.35515,28005.7
2026-05-25T22:01:00+00:00,1.35405,1.35445,1.35375,1.35445,14880.8
2026-05-25T22:02:00+00:00,1.35445,1.35355,1.35355,1.35505,18676.2
2026-05-25T22:03:00+00:00,1.35355,1.35325,1.35305,1.35405,17717.8
2026-05-25T22:04:00+00:00,1.35315,1.35345,1.35255,1.35355,39138.3
2026-05-25T22:05:00+00:00,1.35355,1.35505,1.35355,1.35515,10443.6
2026-05-25T22:06:00+00:00,1.35505,1.35505,1.35485,1.35555,8695.9
2026-05-25T22:07:00+00:00,1.35505,1.35485,1.35425,1.35505,27948.0
2026-05-25T22:08:00+00:00,1.35485,1.35465,1.35455,1.35485,2317.7
2026-05-25T22:09:00+00:00,1.35465,1.35455,1.35455,1.35485,4389.8
2026-05-25T22:10:00+00:00,1.35455,1.35515,1.35415,1.35525,13738.1
2026-05-25T22:11:00+00:00,1.35515,1.35525,1.35515,1.35555,17523.5
2026-05-25T22:12:00+00:00,1.35515,1.35575,1.35515,1.35595,3832.7
2026-05-25T22:13:00+00:00,1.35575,1.35515,1.35495,1.35575,3921.3
2026-05-25T22:14:00+00:00,1.35515,1.35475,1.35475,1.35515,570.3
2026-05-25T22:15:00+00:00,1.35475,1.35475,1.35445,1.35475,5013.6
2026-05-25T22:16:00+00:00,1.35475,1.35515,1.35475,1.35535,30133.6
2026-05-25T22:17:00+00:00,1.35515,1.35445,1.35395,1.35515,29862.7
2026-05-25T22:18:00+00:00,1.35445,1.35435,1.35375,1.35445,1635.7
2026-05-25T22:19:00+00:00,1.35435,1.35405,1.35355,1.35435,10934.1
2026-05-25T22:20:00+00:00,1.35405,1.35395,1.35365,1.35425,6593.0
2026-05-25T22:21:00+00:00,1.35395,1.35435,1.35375,1.35435,1506.8
2026-05-25T22:22:00+00:00,1.35435,1.35485,1.35435,1.35495,796.5
2026-05-25T22:23:00+00:00,1.35485,1.35475,1.35475,1.35485,29.1
2026-05-25T22:24:00+00:00,1.35475,1.35445,1.35445,1.35475,17941.0
2026-05-25T22:25:00+00:00,1.35445,1.35425,1.35395,1.35445,4339.5
2026-05-25T22:26:00+00:00,1.35425,1.35365,1.35365,1.35425,12768.6
2026-05-25T22:27:00+00:00,1.35335,1.35305,1.35305,1.35335,1803.9
2026-05-25T22:28:00+00:00,1.35305,1.35085,1.35075,1.35305,183389.8
2026-05-25T22:29:00+00:00,1.35085,1.35175,1.35085,1.35175,57602.7
2026-05-25T22:30:00+00:00,1.35165,1.34875,1.34815,1.35165,355395.7
2026-05-25T22:31:00+00:00,1.34875,1.34835,1.34835,1.34955,53628.4
2026-05-25T22:32:00+00:00,1.34835,1.34785,1.34775,1.34865,102677.6
2026-05-25T22:33:00+00:00,1.34785,1.34775,1.34715,1.34815,65822.4
2026-05-25T22:34:00+00:00,1.34775,1.34915,1.34775,1.34915,29471.8
2026-05-25T22:35:00+00:00,1.34915,1.34865,1.34805,1.34915,25621.8
2026-05-25T22:36:00+00:00,1.34865,1.34855,1.34705,1.34865,249160.6
2026-05-25T22:37:00+00:00,1.34875,1.34935,1.34865,1.34955,24663.1
2026-05-25T22:38:00+00:00,1.34935,1.34975,1.34935,1.34995,17158.0
2026-05-25T22:39:00+00:00,1.34975,1.35015,1.34975,1.35025,114631.8
2026-05-25T22:40:00+00:00,1.35015,1.34985,1.34975,1.35015,9782.9
2026-05-25T22:41:00+00:00,1.34985,1.35025,1.34985,1.35075,25628.2
2026-05-25T22:42:00+00:00,1.35025,1.34995,1.34955,1.35025,8632.4
2026-05-25T22:43:00+00:00,1.35005,1.34995,1.34975,1.35005,4056.1
2026-05-25T22:44:00+00:00,1.35015,1.35035,1.35015,1.35035,2716.3
2026-05-25T22:45:00+00:00,1.35035,1.35075,1.35025,1.35075,31427.6
2026-05-25T22:46:00+00:00,1.35075,1.35095,1.35075,1.35095,159790.4
2026-05-25T22:47:00+00:00,1.35095,1.35125,1.35095,1.35125,23131.4
2026-05-25T22:48:00+00:00,1.35125,1.35065,1.35065,1.35125,4227.1
2026-05-25T22:49:00+00:00,1.35065,1.35145,1.35065,1.35145,8688.2
2026-05-25T22:50:00+00:00,1.35145,1.35155,1.35135,1.35165,22711.7
2026-05-25T22:51:00+00:00,1.35155,1.35125,1.35125,1.35155,7395.3
2026-05-25T22:52:00+00:00,1.35125,1.35055,1.35035,1.35125,17083.3
2026-05-25T22:53:00+00:00,1.35055,1.35075,1.35055,1.35075,12175.8
2026-05-25T22:54:00+00:00,1.35075,1.35085,1.35075,1.35085,314.7
2026-05-25T22:55:00+00:00,1.35085,1.34995,1.34985,1.35085,27266.7
2026-05-25T22:56:00+00:00,1.34995,1.35065,1.34995,1.35075,2417.6
2026-05-25T22:57:00+00:00,1.35065,1.35015,1.35015,1.35075,8219.0
2026-05-25T22:58:00+00:00,1.35015,1.34955,1.34955,1.35045,5688.4
2026-05-25T22:59:00+00:00,1.34955,1.34895,1.34895,1.34955,11677.3
2026-05-25T23:00:00+00:00,1.34895,1.34985,1.34825,1.34985,128987.3
2026-05-25T23:01:00+00:00,1.34985,1.34825,1.34825,1.34985,84207.1
2026-05-25T23:02:00+00:00,1.34755,1.34845,1.34715,1.34845,175561.9
2026-05-25T23:03:00+00:00,1.34845,1.34915,1.34845,1.34915,43007.9
2026-05-25T23:04:00+00:00,1.34915,1.34945,1.34915,1.34975,26653.7
2026-05-25T23:05:00+00:00,1.34945,1.35015,1.34925,1.35015,15226.8
2026-05-25T23:06:00+00:00,1.35015,1.35045,1.35015,1.35045,1790.4
2026-05-25T23:07:00+00:00,1.35045,1.35075,1.35035,1.35085,7363.5
2026-05-25T23:08:00+00:00,1.35065,1.35035,1.35035,1.35085,20193.2
2026-05-25T23:09:00+00:00,1.35035,1.35065,1.35035,1.35095,100348.9
2026-05-25T23:10:00+00:00,1.35065,1.35045,1.35005,1.35065,21341.6
2026-05-25T23:11:00+00:00,1.35045,1.35005,1.35005,1.35045,2932.1
2026-05-25T23:12:00+00:00,1.35005,1.35005,1.34995,1.35035,1173.1
2026-05-25T23:13:00+00:00,1.35005,1.34985,1.34975,1.35005,1140.9
2026-05-25T23:14:00+00:00,1.34985,1.35085,1.34985,1.35085,38425.0
2026-05-25T23:15:00+00:00,1.35085,1.35115,1.35075,1.35155,7011.6
2026-05-25T23:16:00+00:00,1.35115,1.35095,1.35095,1.35135,980.5
2026-05-25T23:17:00+00:00,1.35095,1.35085,1.35075,1.35115,38138.9
2026-05-25T23:18:00+00:00,1.35085,1.35095,1.35085,1.35095,437.9
2026-05-25T23:19:00+00:00,1.35095,1.35065,1.35055,1.35115,16870.7
2026-05-25T23:20:00+00:00,1.35075,1.35035,1.35035,1.35115,5370.7
2026-05-25T23:21:00+00:00,1.35045,1.35045,1.35005,1.35055,11070.9
2026-05-25T23:22:00+00:00,1.35045,1.35075,1.35045,1.35085,12458.1
2026-05-25T23:23:00+00:00,1.35075,1.35075,1.35055,1.35075,2159.7
2026-05-25T23:24:00+00:00,1.35075,1.35075,1.35075,1.35075,0.0
2026-05-25T23:25:00+00:00,1.35075,1.35105,1.35075,1.35105,9567.6
2026-05-25T23:26:00+00:00,1.35105,1.35045,1.35045,1.35105,7750.0
2026-05-25T23:27:00+00:00,1.35045,1.35085,1.35035,1.35085,6611.5
2026-05-25T23:28:00+00:00,1.35085,1.35045,1.35045,1.35095,64458.3
2026-05-25T23:29:00+00:00,1.35045,1.35055,1.35045,1.35055,9246.4
2026-05-25T23:30:00+00:00,1.35055,1.35085,1.35035,1.35095,4407.5
2026-05-25T23:31:00+00:00,1.35085,1.35095,1.35065,1.35095,1170.0
2026-05-25T23:32:00+00:00,1.35095,1.35155,1.35095,1.35175,1983.9
2026-05-25T23:33:00+00:00,1.35155,1.35135,1.35105,1.35155,11964.2
2026-05-25T23:34:00+00:00,1.35135,1.35115,1.35095,1.35135,1702.4
2026-05-25T23:35:00+00:00,1.35115,1.35075,1.35075,1.35115,33170.2
2026-05-25T23:36:00+00:00,1.35075,1.35085,1.35065,1.35095,7622.3
2026-05-25T23:37:00+00:00,1.35085,1.35065,1.35055,1.35095,752.0
2026-05-25T23:38:00+00:00,1.35065,1.35055,1.35045,1.35075,808.1
2026-05-25T23:39:00+00:00,1.35055,1.35085,1.35045,1.35105,7983.1
2026-05-25T23:40:00+00:00,1.35085,1.35055,1.35055,1.35085,22257.1
2026-05-25T23:41:00+00:00,1.35055,1.35085,1.35045,1.35085,2837.9
2026-05-25T23:42:00+00:00,1.35095,1.35105,1.35095,1.35115,45862.3
2026-05-25T23:43:00+00:00,1.35105,1.35075,1.35075,1.35105,532.0
2026-05-25T23:44:00+00:00,1.35075,1.35055,1.35055,1.35075,290.3
2026-05-25T23:45:00+00:00,1.35055,1.35055,1.35025,1.35055,824.1
2026-05-25T23:46:00+00:00,1.35055,1.35045,1.35045,1.35055,28598.6
2026-05-25T23:47:00+00:00,1.35045,1.35035,1.35035,1.35045,1005.2
2026-05-25T23:48:00+00:00,1.35035,1.35005,1.34975,1.35035,16657.5
2026-05-25T23:49:00+00:00,1.35005,1.35015,1.34995,1.35025,3269.7
2026-05-25T23:50:00+00:00,1.35015,1.34975,1.34945,1.35015,7296.7
2026-05-25T23:51:00+00:00,1.34995,1.35035,1.34995,1.35055,104529.0
2026-05-25T23:52:00+00:00,1.35035,1.35035,1.35035,1.35035,0.0
2026-05-25T23:53:00+00:00,1.35035,1.35055,1.35035,1.35055,2903.3
2026-05-25T23:54:00+00:00,1.35055,1.35075,1.35055,1.35075,12689.6
2026-05-25T23:55:00+00:00,1.35075,1.35045,1.35045,1.35075,8196.8
2026-05-25T23:56:00+00:00,1.35045,1.35045,1.35045,1.35065,5640.1
2026-05-25T23:57:00+00:00,1.35045,1.35075,1.35045,1.35075,121.9
2026-05-25T23:58:00+00:00,1.35075,1.35045,1.35045,1.35075,151.6
2026-05-25T23:59:00+00:00,1.35035,1.35035,1.35035,1.35035,48.2
2026-05-26T00:00:00+00:00,1.35035,1.35065,1.35015,1.35065,8781.2
2026-05-26T00:01:00+00:00,1.35065,1.34975,1.34945,1.35125,21627.6
2026-05-26T00:02:00+00:00,1.34975,1.34945,1.34945,1.35005,20129.9
2026-05-26T00:03:00+00:00,1.34945,1.34925,1.34925,1.34965,20446.7
2026-05-26T00:04:00+00:00,1.34925,1.34955,1.34905,1.34965,35714.5
2026-05-26T00:05:00+00:00,1.34955,1.34965,1.34955,1.35015,10859.6
2026-05-26T00:06:00+00:00,1.34965,1.34975,1.34955,1.35005,7101.5
2026-05-26T00:07:00+00:00,1.34975,1.34965,1.34955,1.35005,424.0
2026-05-26T00:08:00+00:00,1.34965,1.34945,1.34945,1.34975,1711.8
2026-05-26T00:09:00+00:00,1.34945,1.34965,1.34895,1.34965,6310.0
2026-05-26T00:10:00+00:00,1.34965,1.34905,1.34895,1.34965,2140.5
2026-05-26T00:11:00+00:00,1.34905,1.34895,1.34895,1.34905,38.5
2026-05-26T00:12:00+00:00,1.34895,1.34935,1.34885,1.34935,7017.7
2026-05-26T00:13:00+00:00,1.34935,1.34965,1.34935,1.34965,613.5
2026-05-26T00:14:00+00:00,1.34965,1.34985,1.34965,1.34985,185.6
2026-05-26T00:15:00+00:00,1.34985,1.34925,1.34915,1.34985,6103.4
2026-05-26T00:16:00+00:00,1.34895,1.34855,1.34855,1.34895,4781.2
2026-05-26T00:17:00+00:00,1.34855,1.34825,1.34825,1.34875,44292.2
2026-05-26T00:18:00+00:00,1.34825,1.34815,1.34815,1.34865,6897.6
2026-05-26T00:19:00+00:00,1.34815,1.34855,1.34805,1.34865,27210.4
2026-05-26T00:20:00+00:00,1.34855,1.34845,1.34795,1.34865,2921.9
2026-05-26T00:21:00+00:00,1.34845,1.34815,1.34815,1.34845,1911.2
2026-05-26T00:22:00+00:00,1.34815,1.34765,1.34765,1.34815,9981.7
2026-05-26T00:23:00+00:00,1.34765,1.34735,1.34735,1.34765,15051.8
2026-05-26T00:24:00+00:00,1.34735,1.34755,1.34735,1.34775,16839.6
2026-05-26T00:25:00+00:00,1.34755,1.34695,1.34695,1.34755,23653.6
2026-05-26T00:26:00+00:00,1.34695,1.34755,1.34695,1.34755,1030.6
2026-05-26T00:27:00+00:00,1.34775,1.34825,1.34775,1.34825,4534.2
2026-05-26T00:28:00+00:00,1.34825,1.34795,1.34795,1.34835,2767.7
2026-05-26T00:29:00+00:00,1.34795,1.34735,1.34735,1.34795,82.9
2026-05-26T00:30:00+00:00,1.34735,1.34795,1.34735,1.34795,15593.6
2026-05-26T00:31:00+00:00,1.34795,1.34785,1.34785,1.34835,56486.2
2026-05-26T00:32:00+00:00,1.34785,1.34715,1.34675,1.34785,19353.8
2026-05-26T00:33:00+00:00,1.34715,1.34665,1.34655,1.34735,12778.1
2026-05-26T00:34:00+00:00,1.34685,1.34705,1.34685,1.34735,77728.9
2026-05-26T00:35:00+00:00,1.34705,1.34605,1.34605,1.34705,13150.8
2026-05-26T00:36:00+00:00,1.34605,1.34635,1.34605,1.34635,750.9
2026-05-26T00:37:00+00:00,1.34635,1.34565,1.34525,1.34645,40948.3
2026-05-26T00:38:00+00:00,1.34565,1.34375,1.34365,1.34565,66347.0
2026-05-26T00:39:00+00:00,1.34385,1.34435,1.34385,1.34465,5803.3
2026-05-26T00:40:00+00:00,1.34435,1.34315,1.34305,1.34435,22283.2
2026-05-26T00:41:00+00:00,1.34315,1.34315,1.34285,1.34355,8851.7
2026-05-26T00:42:00+00:00,1.34315,1.34295,1.34295,1.34345,16224.6
2026-05-26T00:43:00+00:00,1.34295,1.34255,1.34215,1.34295,9792.9
2026-05-26T00:44:00+00:00,1.34255,1.34235,1.34185,1.34255,56577.6
2026-05-26T00:45:00+00:00,1.34245,1.34285,1.34185,1.34315,63351.2
2026-05-26T00:46:00+00:00,1.34285,1.34305,1.34265,1.34365,122123.0
2026-05-26T00:47:00+00:00,1.34305,1.34185,1.34175,1.34305,17016.6
2026-05-26T00:48:00+00:00,1.34185,1.34145,1.34065,1.34185,124585.8
2026-05-26T00:49:00+00:00,1.34155,1.34195,1.34155,1.34195,9238.2
2026-05-26T00:50:00+00:00,1.34195,1.34085,1.34085,1.34195,125830.6
2026-05-26T00:51:00+00:00,1.34085,1.33855,1.33855,1.34085,223975.1
2026-05-26T00:52:00+00:00,1.33845,1.33725,1.33725,1.33865,304007.8
2026-05-26T00:53:00+00:00,1.33725,1.33575,1.33545,1.33735,155534.3
2026-05-26T00:54:00+00:00,1.33605,1.33955,1.33605,1.33975,81133.5
2026-05-26T00:55:00+00:00,1.33955,1.34155,1.33955,1.34165,44023.7
2026-05-26T00:56:00+00:00,1.34155,1.34175,1.34095,1.34175,96886.9
2026-05-26T00:57:00+00:00,1.34175,1.34145,1.34135,1.34175,34870.6
2026-05-26T00:58:00+00:00,1.34125,1.34255,1.34125,1.34255,31746.0
2026-05-26T00:59:00+00:00,1.34255,1.34235,1.34225,1.34255,59835.4
2026-05-26T01:00:00+00:00,1.34205,1.34135,1.34115,1.34205,98431.5
2026-05-26T01:01:00+00:00,1.34135,1.34115,1.34075,1.34145,25066.3
2026-05-26T01:02:00+00:00,1.34115,1.33955,1.33955,1.34115,28020.8
2026-05-26T01:03:00+00:00,1.33955,1.34005,1.33765,1.34005,649147.9
2026-05-26T01:04:00+00:00,1.34015,1.33935,1.33935,1.34065,196070.7
2026-05-26T01:05:00+00:00,1.33935,1.34005,1.33915,1.34005,32934.0
2026-05-26T01:06:00+00:00,1.34005,1.34135,1.33985,1.34135,40664.1
2026-05-26T01:07:00+00:00,1.34135,1.34065,1.34065,1.34155,18113.8
2026-05-26T01:08:00+00:00,1.34065,1.34135,1.33985,1.34135,46898.4
2026-05-26T01:09:00+00:00,1.34135,1.34025,1.34025,1.34135,8251.1
2026-05-26T01:10:00+00:00,1.34025,1.34055,1.33985,1.34055,37541.1
2026-05-26T01:11:00+00:00,1.34055,1.34155,1.34055,1.34155,28342.0
2026-05-26T01:12:00+00:00,1.34155,1.34295,1.34155,1.34295,58838.1
2026-05-26T01:13:00+00:00,1.34295,1.34315,1.34245,1.34365,12634.8
2026-05-26T01:14:00+00:00,1.34305,1.34345,1.34285,1.34345,20535.9
2026-05-26T01:15:00+00:00,1.34345,1.34345,1.34275,1.34375,38423.7
2026-05-26T01:16:00+00:00,1.34345,1.34345,1.34325,1.34435,27491.8
2026-05-26T01:17:00+00:00,1.34345,1.34395,1.34325,1.34425,21984.0
2026-05-26T01:18:00+00:00,1.34395,1.34455,1.34395,1.34465,11691.0
2026-05-26T01:19:00+00:00,1.34455,1.34445,1.34415,1.34475,25997.0
2026-05-26T01:20:00+00:00,1.34445,1.34425,1.34425,1.34475,37318.6
2026-05-26T01:21:00+00:00,1.34425,1.34375,1.34375,1.34445,56123.6
2026-05-26T01:22:00+00:00,1.34375,1.34365,1.34355,1.34375,34897.8
2026-05-26T01:23:00+00:00,1.34365,1.34315,1.34265,1.34365,5663.2
2026-05-26T01:24:00+00:00,1.34315,1.34305,1.34305,1.34325,16312.3
2026-05-26T01:25:00+00:00,1.34295,1.34215,1.34215,1.34295,27100.9
2026-05-26T01:26:00+00:00,1.34215,1.34105,1.34095,1.34225,14049.6
2026-05-26T01:27:00+00:00,1.34095,1.34175,1.34095,1.34185,5011.3
2026-05-26T01:28:00+00:00,1.34175,1.34215,1.34175,1.34235,46666.9
2026-05-26T01:29:00+00:00,1.34215,1.34225,1.34215,1.34225,49.2
2026-05-26T01:30:00+00:00,1.34225,1.34135,1.34045,1.34225,61620.0
2026-05-26T01:31:00+00:00,1.34135,1.34145,1.34105,1.34155,1871.8
2026-05-26T01:32:00+00:00,1.34145,1.34015,1.34015,1.34145,39716.3
2026-05-26T01:33:00+00:00,1.34015,1.33865,1.33865,1.34015,117711.2
2026-05-26T01:34:00+00:00,1.33865,1.33815,1.33755,1.33865,114210.0
2026-05-26T01:35:00+00:00,1.33825,1.33955,1.33795,1.33955,10981.9
2026-05-26T01:36:00+00:00,1.33965,1.33975,1.33965,1.34035,10325.2
2026-05-26T01:37:00+00:00,1.33975,1.33955,1.33905,1.33985,27141.2
2026-05-26T01:38:00+00:00,1.33955,1.33915,1.33895,1.33975,5424.9
2026-05-26T01:39:00+00:00,1.33915,1.33955,1.33915,1.33995,9828.7
2026-05-26T01:40:00+00:00,1.33955,1.33855,1.33855,1.33955,26432.7
2026-05-26T01:41:00+00:00,1.33835,1.33825,1.33795,1.33845,16345.2
2026-05-26T01:42:00+00:00,1.33825,1.33905,1.33825,1.33905,8300.7
2026-05-26T01:43:00+00:00,1.33905,1.33885,1.33875,1.33905,13936.7
2026-05-26T01:44:00+00:00,1.33885,1.33885,1.33745,1.33885,90344.7
2026-05-26T01:45:00+00:00,1.33895,1.33965,1.33865,1.33965,38776.0
2026-05-26T01:46:00+00:00,1.33975,1.33955,1.33895,1.33995,32455.5
2026-05-26T01:47:00+00:00,1.33955,1.34045,1.33945,1.34075,32799.9
2026-05-26T01:48:00+00:00,1.34045,1.33995,1.33975,1.34045,46782.9
2026-05-26T01:49:00+00:00,1.33995,1.33975,1.33975,1.34035,41249.2
2026-05-26T01:50:00+00:00,1.33975,1.34025,1.33975,1.34055,52156.0
2026-05-26T01:51:00+00:00,1.34025,1.33985,1.33985,1.34035,9067.6
2026-05-26T01:52:00+00:00,1.33985,1.34025,1.33985,1.34025,12223.4
2026-05-26T01:53:00+00:00,1.34025,1.34075,1.34025,1.34075,13952.6
2026-05-26T01:54:00+00:00,1.34075,1.34005,1.34005,1.34075,14685.3
2026-05-26T01:55:00+00:00,1.34005,1.34025,1.34005,1.34025,8604.5
2026-05-26T01:56:00+00:00,1.34025,1.34075,1.34005,1.34075,17410.1
2026-05-26T01:57:00+00:00,1.34075,1.33975,1.33975,1.34075,5759.9
2026-05-26T01:58:00+00:00,1.33975,1.33995,1.33975,1.34015,20948.4
2026-05-26T01:59:00+00:00,1.33995,1.33955,1.33955,1.34015,10976.1
2026-05-26T02:00:00+00:00,1.33955,1.33855,1.33855,1.34035,61172.1
2026-05-26T02:01:00+00:00,1.33855,1.33775,1.33725,1.33855,121639.6
2026-05-26T02:02:00+00:00,1.33775,1.33865,1.33775,1.33875,50745.5
2026-05-26T02:03:00+00:00,1.33895,1.33915,1.33895,1.33955,35199.7
2026-05-26T02:04:00+00:00,1.33915,1.33835,1.33835,1.33935,22905.4
2026-05-26T02:05:00+00:00,1.33835,1.33915,1.33825,1.33915,47695.1
2026-05-26T02:06:00+00:00,1.33935,1.33865,1.33865,1.33955,19438.7
2026-05-26T02:07:00+00:00,1.33865,1.33815,1.33815,1.33865,13448.9
2026-05-26T02:08:00+00:00,1.33815,1.33865,1.33815,1.33875,50658.8
2026-05-26T02:09:00+00:00,1.33865,1.33915,1.33865,1.33925,27037.1
2026-05-26T02:10:00+00:00,1.33915,1.33895,1.33895,1.33925,17488.9
2026-05-26T02:11:00+00:00,1.33895,1.33895,1.33895,1.33905,15234.5
2026-05-26T02:12:00+00:00,1.33895,1.33925,1.33895,1.33925,17309.3
2026-05-26T02:13:00+00:00,1.33925,1.33945,1.33925,1.33945,18103.4
2026-05-26T02:14:00+00:00,1.33945,1.33885,1.33885,1.33955,55934.7
2026-05-26T02:15:00+00:00,1.33885,1.33885,1.33865,1.33885,30236.3
2026-05-26T02:16:00+00:00,1.33885,1.33805,1.33805,1.33885,67638.4
2026-05-26T02:17:00+00:00,1.33805,1.33835,1.33775,1.33835,48069.4
2026-05-26T02:18:00+00:00,1.33835,1.33905,1.33835,1.33915,33034.8
2026-05-26T02:19:00+00:00,1.33905,1.33945,1.33895,1.33945,28754.8
2026-05-26T02:20:00+00:00,1.33965,1.33895,1.33885,1.33965,15756.3
2026-05-26T02:21:00+00:00,1.33895,1.33885,1.33875,1.33945,52779.2
2026-05-26T02:22:00+00:00,1.33885,1.33855,1.33855,1.33905,21979.7
2026-05-26T02:23:00+00:00,1.33855,1.33865,1.33825,1.33865,44836.1
2026-05-26T02:24:00+00:00,1.33865,1.33945,1.33845,1.33965,60870.4
2026-05-26T02:25:00+00:00,1.33925,1.33915,1.33875,1.33925,31538.8
2026-05-26T02:26:00+00:00,1.33905,1.33805,1.33805,1.33905,12170.7
2026-05-26T02:27:00+00:00,1.33805,1.33855,1.33805,1.33855,24207.7
2026-05-26T02:28:00+00:00,1.33855,1.33795,1.33785,1.33855,62412.8
2026-05-26T02:29:00+00:00,1.33795,1.33775,1.33745,1.33795,22871.9
2026-05-26T02:30:00+00:00,1.33775,1.33735,1.33735,1.33815,124092.7
2026-05-26T02:31:00+00:00,1.33735,1.33775,1.33735,1.33775,27299.0
2026-05-26T02:32:00+00:00,1.33775,1.33815,1.33775,1.33835,104391.2
2026-05-26T02:33:00+00:00,1.33815,1.33845,1.33815,1.33845,17369.2
2026-05-26T02:34:00+00:00,1.33845,1.33865,1.33845,1.33875,15548.2
2026-05-26T02:35:00+00:00,1.33865,1.33875,1.33865,1.33905,36830.6
2026-05-26T02:36:00+00:00,1.33875,1.33875,1.33845,1.33875,33459.2
2026-05-26T02:37:00+00:00,1.33875,1.33895,1.33875,1.33955,26076.9
2026-05-26T02:38:00+00:00,1.33895,1.33855,1.33815,1.33895,40329.2
2026-05-26T02:39:00+00:00,1.33855,1.33845,1.33845,1.33865,15714.6
2026-05-26T02:40:00+00:00,1.33845,1.33905,1.33845,1.33925,116097.9
2026-05-26T02:41:00+00:00,1.33905,1.33845,1.33845,1.33905,40123.9
2026-05-26T02:42:00+00:00,1.33845,1.33845,1.33785,1.33845,30023.0
2026-05-26T02:43:00+00:00,1.33845,1.33755,1.33755,1.33845,34562.5
2026-05-26T02:44:00+00:00,1.33755,1.33725,1.33725,1.33755,966.5
2026-05-26T02:45:00+00:00,1.33725,1.33695,1.33685,1.33745,97656.1
2026-05-26T02:46:00+00:00,1.33695,1.33605,1.33605,1.33695,45106.0
2026-05-26T02:47:00+00:00,1.33605,1.33795,1.33585,1.33795,113286.1
2026-05-26T02:48:00+00:00,1.33795,1.33765,1.33765,1.33835,23787.5
2026-05-26T02:49:00+00:00,1.33765,1.33785,1.33745,1.33785,21138.6
2026-05-26T02:50:00+00:00,1.33785,1.33845,1.33755,1.33845,48216.7
2026-05-26T02:51:00+00:00,1.33845,1.33765,1.33765,1.33845,8485.9
2026-05-26T02:52:00+00:00,1.33765,1.33815,1.33765,1.33815,14896.1
2026-05-26T02:53:00+00:00,1.33815,1.33795,1.33795,1.33815,11524.1
2026-05-26T02:54:00+00:00,1.33785,1.33765,1.33765,1.33785,16080.8
2026-05-26T02:55:00+00:00,1.33765,1.33795,1.33735,1.33805,18880.9
2026-05-26T02:56:00+00:00,1.33795,1.33775,1.33775,1.33795,180.5
2026-05-26T02:57:00+00:00,1.33775,1.33695,1.33695,1.33775,8669.7
2026-05-26T02:58:00+00:00,1.33695,1.33695,1.33695,1.33695,0.0
2026-05-26T02:59:00+00:00,1.33695,1.33715,1.33695,1.33715,8558.6
2026-05-26T03:00:00+00:00,1.33715,1.33685,1.33685,1.33715,13126.4
2026-05-26T03:01:00+00:00,1.33685,1.33695,1.33635,1.33695,36171.8
2026-05-26T03:02:00+00:00,1.33695,1.33705,1.33685,1.33725,58900.9
2026-05-26T03:03:00+00:00,1.33705,1.33635,1.33635,1.33705,49664.9
2026-05-26T03:04:00+00:00,1.33635,1.33615,1.33615,1.33635,7969.2
2026-05-26T03:05:00+00:00,1.33615,1.33665,1.33615,1.33695,43322.8
2026-05-26T03:06:00+00:00,1.33645,1.33555,1.33555,1.33645,91546.2
2026-05-26T03:07:00+00:00,1.33555,1.33655,1.33555,1.33655,34599.5
2026-05-26T03:08:00+00:00,1.33655,1.33635,1.33635,1.33655,14006.9
2026-05-26T03:09:00+00:00,1.33635,1.33555,1.33465,1.33635,281207.0
2026-05-26T03:10:00+00:00,1.33555,1.33615,1.33555,1.33615,23346.3
2026-05-26T03:11:00+00:00,1.33615,1.33625,1.33605,1.33655,100447.0
2026-05-26T03:12:00+00:00,1.33625,1.33565,1.33565,1.33635,8281.6
2026-05-26T03:13:00+00:00,1.33565,1.33525,1.33525,1.33575,10962.5
2026-05-26T03:14:00+00:00,1.33525,1.33445,1.33445,1.33525,52806.9
2026-05-26T03:15:00+00:00,1.33445,1.33505,1.33425,1.33525,38492.3
2026-05-26T03:16:00+00:00,1.33505,1.33535,1.33505,1.33565,28708.8
2026-05-26T03:17:00+00:00,1.33535,1.33555,1.33535,1.33575,30452.1
2026-05-26T03:18:00+00:00,1.33555,1.33555,1.33555,1.33575,20787.0
2026-05-26T03:19:00+00:00,1.33555,1.33535,1.33535,1.33555,9404.1
2026-05-26T03:20:00+00:00,1.33535,1.33615,1.33535,1.33625,77675.7
2026-05-26T03:21:00+00:00,1.33615,1.33595,1.33585,1.33635,15437.6
2026-05-26T03:22:00+00:00,1.33595,1.33605,1.33585,1.33655,28958.8
2026-05-26T03:23:00+00:00,1.33605,1.33615,1.33585,1.33615,18679.6
2026-05-26T03:24:00+00:00,1.33615,1.33615,1.33585,1.33615,19123.3
2026-05-26T03:25:00+00:00,1.33615,1.33615,1.33585,1.33615,21986.3
2026-05-26T03:26:00+00:00,1.33615,1.33595,1.33595,1.33615,8086.0
2026-05-26T03:27:00+00:00,1.33595,1.33465,1.33465,1.33595,51449.7
2026-05-26T03:28:00+00:00,1.33465,1.33605,1.33465,1.33605,55352.3
2026-05-26T03:29:00+00:00,1.33605,1.33695,1.33575,1.33695,68113.3
2026-05-26T03:30:00+00:00,1.33725,1.33685,1.33685,1.33745,42887.4
2026-05-26T03:31:00+00:00,1.33685,1.33825,1.33685,1.33825,56716.7
2026-05-26T03:32:00+00:00,1.33825,1.33875,1.33825,1.33875,15492.5
2026-05-26T03:33:00+00:00,1.33875,1.33925,1.33875,1.33925,42935.2
2026-05-26T03:34:00+00:00,1.33925,1.33925,1.33905,1.33925,7265.1
2026-05-26T03:35:00+00:00,1.33925,1.33935,1.33925,1.33965,44518.6
2026-05-26T03:36:00+00:00,1.33935,1.33935,1.33935,1.33965,26521.3
2026-05-26T03:37:00+00:00,1.33935,1.33965,1.33935,1.33965,20109.0
2026-05-26T03:38:00+00:00,1.33965,1.33985,1.33955,1.33985,24664.5
2026-05-26T03:39:00+00:00,1.33985,1.33955,1.33955,1.33985,10139.8
2026-05-26T03:40:00+00:00,1.33955,1.33945,1.33935,1.33955,50824.5
2026-05-26T03:41:00+00:00,1.33945,1.33955,1.33945,1.33955,3667.9
2026-05-26T03:42:00+00:00,1.33955,1.33955,1.33955,1.33955,0.0
2026-05-26T03:43:00+00:00,1.33955,1.33955,1.33955,1.33955,0.0
2026-05-26T03:44:00+00:00,1.33955,1.33965,1.33955,1.33965,6851.6
2026-05-26T03:45:00+00:00,1.33965,1.33985,1.33965,1.33995,40816.2
2026-05-26T03:46:00+00:00,1.33985,1.34005,1.33965,1.34005,29567.5
2026-05-26T03:47:00+00:00,1.34005,1.33965,1.33965,1.34005,16904.8
2026-05-26T03:48:00+00:00,1.33965,1.34015,1.33965,1.34015,37424.3
2026-05-26T03:49:00+00:00,1.34015,1.34025,1.34015,1.34025,7189.5
2026-05-26T03:50:00+00:00,1.34025,1.34025,1.34025,1.34025,0.0
2026-05-26T03:51:00+00:00,1.34025,1.34015,1.34015,1.34025,13953.6
2026-05-26T03:52:00+00:00,1.34035,1.34065,1.34025,1.34065,60588.1
2026-05-26T03:53:00+00:00,1.34065,1.34035,1.34025,1.34065,8834.4
2026-05-26T03:54:00+00:00,1.34035,1.34065,1.34035,1.34075,9242.7
2026-05-26T03:55:00+00:00,1.34065,1.34045,1.34045,1.34065,3963.9
2026-05-26T03:56:00+00:00,1.34045,1.34025,1.34025,1.34045,14075.7
2026-05-26T03:57:00+00:00,1.34025,1.34025,1.34025,1.34025,0.0
2026-05-26T03:58:00+00:00,1.34025,1.34025,1.34025,1.34025,0.0
2026-05-26T03:59:00+00:00,1.34025,1.34015,1.34015,1.34025,2102.7
2026-05-26T04:00:00+00:00,1.34015,1.34085,1.34015,1.34085,26675.8
2026-05-26T04:01:00+00:00,1.34085,1.34045,1.34035,1.34145,25850.1
2026-05-26T04:02:00+00:00,1.34045,1.34025,1.34025,1.34045,7213.9
2026-05-26T04:03:00+00:00,1.34025,1.34015,1.34005,1.34025,16705.2
2026-05-26T04:04:00+00:00,1.34015,1.34085,1.34015,1.34085,24648.5
2026-05-26T04:05:00+00:00,1.34085,1.34075,1.34075,1.34095,20234.2
2026-05-26T04:06:00+00:00,1.34075,1.34085,1.34075,1.34085,656.2
2026-05-26T04:07:00+00:00,1.34085,1.34095,1.34085,1.34095,4047.1
2026-05-26T04:08:00+00:00,1.34095,1.34085,1.34085,1.34095,5383.7
2026-05-26T04:09:00+00:00,1.34075,1.34045,1.34035,1.34075,18639.5
2026-05-26T04:10:00+00:00,1.34045,1.34045,1.34045,1.34045,0.0
2026-05-26T04:11:00+00:00,1.34045,1.34055,1.34045,1.34055,8698.2
2026-05-26T04:12:00+00:00,1.34055,1.34055,1.34055,1.34055,0.0
2026-05-26T04:13:00+00:00,1.34055,1.34085,1.34035,1.34085,25072.9
2026-05-26T04:14:00+00:00,1.34085,1.34085,1.34065,1.34085,11509.8
2026-05-26T04:15:00+00:00,1.34085,1.34085,1.34085,1.34105,8099.0
2026-05-26T04:16:00+00:00,1.34085,1.33995,1.33995,1.34085,57703.2
2026-05-26T04:17:00+00:00,1.33995,1.33995,1.33995,1.33995,0.0
2026-05-26T04:18:00+00:00,1.33995,1.34055,1.33995,1.34055,25557.5
2026-05-26T04:19:00+00:00,1.34055,1.34075,1.34045,1.34085,36596.1
2026-05-26T04:20:00+00:00,1.34075,1.34045,1.34045,1.34075,3273.8
2026-05-26T04:21:00+00:00,1.34045,1.34065,1.34045,1.34065,10192.0
2026-05-26T04:22:00+00:00,1.34065,1.34085,1.34065,1.34085,11589.9
2026-05-26T04:23:00+00:00,1.34085,1.34105,1.34085,1.34105,8322.0
2026-05-26T04:24:00+00:00,1.34105,1.34225,1.34105,1.34225,52414.8
2026-05-26T04:25:00+00:00,1.34225,1.34265,1.34225,1.34265,54121.1
2026-05-26T04:26:00+00:00,1.34265,1.34265,1.34265,1.34265,0.0
2026-05-26T04:27:00+00:00,1.34265,1.34275,1.34245,1.34295,83702.0
2026-05-26T04:28:00+00:00,1.34275,1.34295,1.34255,1.34295,42302.6
2026-05-26T04:29:00+00:00,1.34295,1.34365,1.34295,1.34395,35006.9
2026-05-26T04:30:00+00:00,1.34355,1.34405,1.34355,1.34405,63769.1
2026-05-26T04:31:00+00:00,1.34405,1.34435,1.34395,1.34435,35801.4
2026-05-26T04:32:00+00:00,1.34435,1.34475,1.34435,1.34475,14717.4
2026-05-26T04:33:00+00:00,1.34475,1.34455,1.34455,1.34475,40685.8
2026-05-26T04:34:00+00:00,1.34455,1.34455,1.34455,1.34455,0.0
2026-05-26T04:35:00+00:00,1.34455,1.34485,1.34455,1.34495,20007.8
2026-05-26T04:36:00+00:00,1.34485,1.34575,1.34485,1.34575,57979.1
2026-05-26T04:37:00+00:00,1.34595,1.34595,1.34585,1.34605,39907.4
2026-05-26T04:38:00+00:00,1.34595,1.34555,1.34555,1.34595,42610.2
2026-05-26T04:39:00+00:00,1.34555,1.34555,1.34555,1.34555,0.0
2026-05-26T04:40:00+00:00,1.34555,1.34565,1.34525,1.34565,15559.4
2026-05-26T04:41:00+00:00,1.34565,1.34525,1.34525,1.34565,3152.5
2026-05-26T04:42:00+00:00,1.34525,1.34545,1.34525,1.34545,1363.7
2026-05-26T04:43:00+00:00,1.34525,1.34565,1.34525,1.34565,6511.4
2026-05-26T04:44:00+00:00,1.34565,1.34555,1.34545,1.34565,687.0
2026-05-26T04:45:00+00:00,1.34555,1.34585,1.34555,1.34605,25620.4
2026-05-26T04:46:00+00:00,1.34585,1.34565,1.34555,1.34585,3418.0
2026-05-26T04:47:00+00:00,1.34565,1.34575,1.34515,1.34575,26440.7
2026-05-26T04:48:00+00:00,1.34575,1.34545,1.34545,1.34575,16941.2
2026-05-26T04:49:00+00:00,1.34545,1.34545,1.34515,1.34545,66085.3
2026-05-26T04:50:00+00:00,1.34545,1.34545,1.34545,1.34545,0.0
2026-05-26T04:51:00+00:00,1.34545,1.34555,1.34545,1.34575,18244.3
2026-05-26T04:52:00+00:00,1.34555,1.34525,1.34525,1.34555,1654.7
2026-05-26T04:53:00+00:00,1.34525,1.34555,1.34525,1.34555,25497.9
2026-05-26T04:54:00+00:00,1.34555,1.34545,1.34545,1.34585,9491.9
2026-05-26T04:55:00+00:00,1.34545,1.34605,1.34535,1.34605,8182.2
2026-05-26T04:56:00+00:00,1.34605,1.34625,1.34605,1.34635,7270.9
2026-05-26T04:57:00+00:00,1.34625,1.34595,1.34595,1.34625,1495.1
2026-05-26T04:58:00+00:00,1.34595,1.34555,1.34555,1.34595,2627.4
2026-05-26T04:59:00+00:00,1.34555,1.34545,1.34545,1.34555,942.1
2026-05-26T05:00:00+00:00,1.34545,1.34505,1.34505,1.34545,5479.0
2026-05-26T05:01:00+00:00,1.34505,1.34475,1.34455,1.34505,33490.2
2026-05-26T05:02:00+00:00,1.34475,1.34495,1.34455,1.34495,13376.6
2026-05-26T05:03:00+00:00,1.34495,1.34485,1.34485,1.34495,1102.8
2026-05-26T05:04:00+00:00,1.34485,1.34525,1.34465,1.34545,27706.0
2026-05-26T05:05:00+00:00,1.34525,1.34475,1.34455,1.34525,28887.2
2026-05-26T05:06:00+00:00,1.34475,1.34485,1.34475,1.34485,500.4
2026-05-26T05:07:00+00:00,1.34485,1.34495,1.34485,1.34495,38702.2
2026-05-26T05:08:00+00:00,1.34525,1.34625,1.34525,1.34645,44678.5
2026-05-26T05:09:00+00:00,1.34625,1.34575,1.34575,1.34625,9709.2
2026-05-26T05:10:00+00:00,1.34575,1.34585,1.34575,1.34585,275.0
2026-05-26T05:11:00+00:00,1.34585,1.34585,1.34585,1.34585,0.0
2026-05-26T05:12:00+00:00,1.34585,1.34595,1.34575,1.34595,38681.6
2026-05-26T05:13:00+00:00,1.34595,1.34655,1.34595,1.34675,47535.0
2026-05-26T05:14:00+00:00,1.34655,1.34635,1.34635,1.34655,1189.2
2026-05-26T05:15:00+00:00,1.34635,1.34635,1.34635,1.34635,0.0
2026-05-26T05:16:00+00:00,1.34635,1.34665,1.34635,1.34685,21337.1
2026-05-26T05:17:00+00:00,1.34665,1.34665,1.34665,1.34665,0.0
2026-05-26T05:18:00+00:00,1.34665,1.34685,1.34665,1.34685,8753.2
2026-05-26T05:19:00+00:00,1.34685,1.34685,1.34685,1.34685,0.0
2026-05-26T05:20:00+00:00,1.34685,1.34735,1.34685,1.34745,115255.2
2026-05-26T05:21:00+00:00,1.34735,1.34755,1.34735,1.34755,2255.3
2026-05-26T05:22:00+00:00,1.34755,1.34705,1.34695,1.34755,55260.0
2026-05-26T05:23:00+00:00,1.34705,1.34705,1.34695,1.34705,350.9
2026-05-26T05:24:00+00:00,1.34705,1.34745,1.34705,1.34745,15180.2
2026-05-26T05:25:00+00:00,1.34745,1.34695,1.34695,1.34745,12474.3
2026-05-26T05:26:00+00:00,1.34695,1.34695,1.34695,1.34695,0.0
2026-05-26T05:27:00+00:00,1.34695,1.34705,1.34695,1.34705,0.0
2026-05-26T05:28:00+00:00,1.34705,1.34685,1.34685,1.34705,23644.7
2026-05-26T05:29:00+00:00,1.34685,1.34725,1.34685,1.34725,53810.1
2026-05-26T05:30:00+00:00,1.34725,1.34735,1.34695,1.34745,137479.4
2026-05-26T05:31:00+00:00,1.34735,1.34735,1.34735,1.34735,0.0
2026-05-26T05:32:00+00:00,1.34735,1.34785,1.34715,1.34785,79443.5
2026-05-26T05:33:00+00:00,1.34785,1.34785,1.34785,1.34785,0.0
2026-05-26T05:34:00+00:00,1.34785,1.34795,1.34785,1.34795,0.0
2026-05-26T05:35:00+00:00,1.34795,1.35015,1.34795,1.35065,81585.7
2026-05-26T05:36:00+00:00,1.34995,1.35015,1.34915,1.35015,17438.5
2026-05-26T05:37:00+00:00,1.35005,1.34955,1.34945,1.35005,20680.8
2026-05-26T05:38:00+00:00,1.34955,1.34935,1.34935,1.34955,12054.4
2026-05-26T05:39:00+00:00,1.34935,1.34935,1.34935,1.34935,0.0
2026-05-26T05:40:00+00:00,1.34935,1.34835,1.34835,1.34935,39811.4
2026-05-26T05:41:00+00:00,1.34835,1.34825,1.34815,1.34835,18368.7
2026-05-26T05:42:00+00:00,1.34815,1.34815,1.34795,1.34815,35156.9
2026-05-26T05:43:00+00:00,1.34815,1.34865,1.34815,1.34865,11855.8
2026-05-26T05:44:00+00:00,1.34865,1.34885,1.34865,1.34885,2145.7
2026-05-26T05:45:00+00:00,1.34885,1.34825,1.34825,1.34885,37233.5
2026-05-26T05:46:00+00:00,1.34825,1.34825,1.34825,1.34825,0.0
2026-05-26T05:47:00+00:00,1.34825,1.34755,1.34755,1.34825,85429.1
2026-05-26T05:48:00+00:00,1.34755,1.34795,1.34755,1.34805,61295.3
2026-05-26T05:49:00+00:00,1.34795,1.34765,1.34765,1.34795,17274.8
2026-05-26T05:50:00+00:00,1.34765,1.34755,1.34745,1.34765,3774.6
2026-05-26T05:51:00+00:00,1.34755,1.34745,1.34745,1.34755,12683.5
2026-05-26T05:52:00+00:00,1.34745,1.34685,1.34685,1.34745,22506.1
2026-05-26T05:53:00+00:00,1.34685,1.34685,1.34685,1.34685,0.0
2026-05-26T05:54:00+00:00,1.34685,1.34675,1.34675,1.34685,1244.3
2026-05-26T05:55:00+00:00,1.34685,1.34755,1.34685,1.34755,39567.1
2026-05-26T05:56:00+00:00,1.34755,1.34785,1.34755,1.34785,7744.3
2026-05-26T05:57:00+00:00,1.34785,1.34775,1.34775,1.34785,18862.2
2026-05-26T05:58:00+00:00,1.34775,1.34775,1.34755,1.34775,4241.0
2026-05-26T05:59:00+00:00,1.34775,1.34795,1.34765,1.34805,50894.0
2026-05-26T06:00:00+00:00,1.34795,1.34715,1.34685,1.34795,10560.6
2026-05-26T06:01:00+00:00,1.34715,1.34675,1.34665,1.34755,61109.9
2026-05-26T06:02:00+00:00,1.34675,1.34665,1.34645,1.34675,23993.5
2026-05-26T06:03:00+00:00,1.34665,1.34735,1.34655,1.34735,7704.4
2026-05-26T06:04:00+00:00,1.34735,1.34745,1.34695,1.34745,90264.9
2026-05-26T06:05:00+00:00,1.34745,1.34755,1.34725,1.34785,25353.7
2026-05-26T06:06:00+00:00,1.34755,1.34755,1.34745,1.34775,9978.9
2026-05-26T06:07:00+00:00,1.34755,1.34775,1.34755,1.34795,11972.3
2026-05-26T06:08:00+00:00,1.34775,1.34775,1.34775,1.34795,10942.2
2026-05-26T06:09:00+00:00,1.34775,1.34785,1.34775,1.34785,238.8
2026-05-26T06:10:00+00:00,1.34785,1.34665,1.34665,1.34785,113619.9
2026-05-26T06:11:00+00:00,1.34655,1.34705,1.34655,1.34725,11002.4
2026-05-26T06:12:00+00:00,1.34705,1.34665,1.34665,1.34705,3249.6
2026-05-26T06:13:00+00:00,1.34665,1.34705,1.34665,1.34735,40162.6
2026-05-26T06:14:00+00:00,1.34705,1.34745,1.34705,1.34745,44197.5
2026-05-26T06:15:00+00:00,1.34745,1.34725,1.34695,1.34745,10979.7
2026-05-26T06:16:00+00:00,1.34725,1.34725,1.34725,1.34735,9155.6
2026-05-26T06:17:00+00:00,1.34725,1.34745,1.34725,1.34755,689.1
2026-05-26T06:18:00+00:00,1.34745,1.34725,1.34715,1.34745,3742.3
2026-05-26T06:19:00+00:00,1.34725,1.34725,1.34725,1.34725,0.0
2026-05-26T06:20:00+00:00,1.34725,1.34675,1.34675,1.34725,4110.9
2026-05-26T06:21:00+00:00,1.34695,1.34675,1.34675,1.34755,31404.8
2026-05-26T06:22:00+00:00,1.34675,1.34655,1.34645,1.34675,2922.6
2026-05-26T06:23:00+00:00,1.34655,1.34635,1.34625,1.34655,6075.8
2026-05-26T06:24:00+00:00,1.34635,1.34725,1.34635,1.34725,4736.8
2026-05-26T06:25:00+00:00,1.34725,1.34775,1.34725,1.34775,2586.5
2026-05-26T06:26:00+00:00,1.34775,1.34735,1.34715,1.34775,18115.1
2026-05-26T06:27:00+00:00,1.34735,1.34695,1.34695,1.34735,3206.7
2026-05-26T06:28:00+00:00,1.34695,1.34565,1.34505,1.34695,183946.1
2026-05-26T06:29:00+00:00,1.34565,1.34655,1.34555,1.34655,7497.6
2026-05-26T06:30:00+00:00,1.34685,1.34685,1.34675,1.34715,43520.3
2026-05-26T06:31:00+00:00,1.34695,1.34705,1.34665,1.34705,11181.9
2026-05-26T06:32:00+00:00,1.34695,1.34665,1.34665,1.34695,42386.6
2026-05-26T06:33:00+00:00,1.34665,1.34685,1.34665,1.34695,1965.3
2026-05-26T06:34:00+00:00,1.34685,1.34705,1.34685,1.34705,4049.0
2026-05-26T06:35:00+00:00,1.34705,1.34775,1.34705,1.34775,10861.8
2026-05-26T06:36:00+00:00,1.34775,1.34795,1.34775,1.34805,1231.6
2026-05-26T06:37:00+00:00,1.34795,1.34835,1.34795,1.34835,9007.5
2026-05-26T06:38:00+00:00,1.34835,1.34805,1.34795,1.34845,10408.3
2026-05-26T06:39:00+00:00,1.34805,1.34865,1.34805,1.34865,4546.7
2026-05-26T06:40:00+00:00,1.34865,1.34885,1.34855,1.34975,45737.6
2026-05-26T06:41:00+00:00,1.34905,1.34855,1.34845,1.34915,38442.4
2026-05-26T06:42:00+00:00,1.34855,1.34885,1.34855,1.34895,4167.5
2026-05-26T06:43:00+00:00,1.34885,1.34875,1.34875,1.34885,3628.1
2026-05-26T06:44:00+00:00,1.34875,1.34945,1.34875,1.34945,3432.7
2026-05-26T06:45:00+00:00,1.34945,1.34875,1.34875,1.34945,8869.5
2026-05-26T06:46:00+00:00,1.34875,1.34905,1.34875,1.34915,6780.1
2026-05-26T06:47:00+00:00,1.34905,1.34875,1.34865,1.34905,7148.0
2026-05-26T06:48:00+00:00,1.34875,1.34855,1.34855,1.34875,9855.8
2026-05-26T06:49:00+00:00,1.34855,1.34875,1.34825,1.34885,13155.4
2026-05-26T06:50:00+00:00,1.34875,1.34885,1.34865,1.34885,8230.4
2026-05-26T06:51:00+00:00,1.34885,1.34895,1.34885,1.34935,9171.9
2026-05-26T06:52:00+00:00,1.34895,1.34905,1.34895,1.34925,3233.7
2026-05-26T06:53:00+00:00,1.34905,1.34905,1.34905,1.34905,0.0
2026-05-26T06:54:00+00:00,1.34905,1.34905,1.34905,1.34905,0.0
2026-05-26T06:55:00+00:00,1.34905,1.34865,1.34865,1.34905,169822.5
2026-05-26T06:56:00+00:00,1.34865,1.34895,1.34855,1.34895,1060.1
2026-05-26T06:57:00+00:00,1.34895,1.34865,1.34865,1.34895,12009.4
2026-05-26T06:58:00+00:00,1.34865,1.34835,1.34835,1.34895,15203.4
2026-05-26T06:59:00+00:00,1.34835,1.34855,1.34835,1.34855,3774.9
2026-05-26T07:00:00+00:00,1.34855,1.34875,1.34855,1.34895,18115.5
2026-05-26T07:01:00+00:00,1.34875,1.34875,1.34875,1.34895,3533.1
2026-05-26T07:02:00+00:00,1.34875,1.34885,1.34875,1.34895,5210.3
2026-05-26T07:03:00+00:00,1.34855,1.34795,1.34795,1.34855,19817.0
2026-05-26T07:04:00+00:00,1.34795,1.34695,1.34695,1.34795,32607.9
2026-05-26T07:05:00+00:00,1.34715,1.34645,1.34645,1.34725,37518.7
2026-05-26T07:06:00+00:00,1.34645,1.34675,1.34635,1.34675,2303.1
2026-05-26T07:07:00+00:00,1.34675,1.34665,1.34665,1.34675,11763.2
2026-05-26T07:08:00+00:00,1.34665,1.34655,1.34655,1.34675,415.5
2026-05-26T07:09:00+00:00,1.34655,1.34555,1.34555,1.34655,27329.3
2026-05-26T07:10:00+00:00,1.34555,1.34575,1.34555,1.34595,27823.0
2026-05-26T07:11:00+00:00,1.34575,1.34425,1.34405,1.34575,17117.6
2026-05-26T07:12:00+00:00,1.34425,1.34415,1.34365,1.34445,74344.4
2026-05-26T07:13:00+00:00,1.34415,1.34375,1.34335,1.34415,63925.1
2026-05-26T07:14:00+00:00,1.34375,1.34385,1.34375,1.34385,473.9
2026-05-26T07:15:00+00:00,1.34385,1.34285,1.34255,1.34385,37755.9
2026-05-26T07:16:00+00:00,1.34285,1.34205,1.34205,1.34285,30849.6
2026-05-26T07:17:00+00:00,1.34205,1.34145,1.34145,1.34225,121069.4
2026-05-26T07:18:00+00:00,1.34145,1.34245,1.34145,1.34245,49072.1
2026-05-26T07:19:00+00:00,1.34245,1.34285,1.34245,1.34285,10886.5
2026-05-26T07:20:00+00:00,1.34285,1.34195,1.34195,1.34285,71497.8
2026-05-26T07:21:00+00:00,1.34195,1.34215,1.34195,1.34215,9466.6
2026-05-26T07:22:00+00:00,1.34215,1.34235,1.34215,1.34245,9225.0
2026-05-26T07:23:00+00:00,1.34245,1.34235,1.34225,1.34255,19610.1
2026-05-26T07:24:00+00:00,1.34235,1.34285,1.34235,1.34285,420.3
2026-05-26T07:25:00+00:00,1.34285,1.34285,1.34285,1.34315,24321.6
2026-05-26T07:26:00+00:00,1.34285,1.34295,1.34265,1.34295,65659.4
2026-05-26T07:27:00+00:00,1.34295,1.34295,1.34295,1.34295,0.0
2026-05-26T07:28:00+00:00,1.34295,1.34255,1.34245,1.34295,10879.1
2026-05-26T07:29:00+00:00,1.34255,1.34305,1.34255,1.34305,11589.9
2026-05-26T07:30:00+00:00,1.34305,1.34255,1.34255,1.34305,5436.4
2026-05-26T07:31:00+00:00,1.34255,1.34285,1.34255,1.34285,2537.5
2026-05-26T07:32:00+00:00,1.34285,1.34155,1.34095,1.34285,98983.7
2026-05-26T07:33:00+00:00,1.34155,1.34115,1.34065,1.34155,25517.2
2026-05-26T07:34:00+00:00,1.34115,1.34095,1.34095,1.34135,7150.2
2026-05-26T07:35:00+00:00,1.34095,1.34015,1.34005,1.34095,19864.5
2026-05-26T07:36:00+00:00,1.34015,1.33995,1.33995,1.34035,25926.6
2026-05-26T07:37:00+00:00,1.33985,1.33975,1.33955,1.34015,35823.1
2026-05-26T07:38:00+00:00,1.33975,1.33945,1.33945,1.33985,1699.7
2026-05-26T07:39:00+00:00,1.33945,1.33985,1.33945,1.33995,110994.3
2026-05-26T07:40:00+00:00,1.33985,1.34035,1.33985,1.34055,9080.2
2026-05-26T07:41:00+00:00,1.34035,1.34095,1.34035,1.34095,3897.8
2026-05-26T07:42:00+00:00,1.34095,1.34095,1.34095,1.34115,1620.1
2026-05-26T07:43:00+00:00,1.34095,1.34095,1.34095,1.34095,0.0
2026-05-26T07:44:00+00:00,1.34095,1.34045,1.34045,1.34095,9090.5
2026-05-26T07:45:00+00:00,1.34045,1.34105,1.34045,1.34125,35792.9
2026-05-26T07:46:00+00:00,1.34105,1.34075,1.34055,1.34105,34677.6
2026-05-26T07:47:00+00:00,1.34075,1.34095,1.34075,1.34095,7618.6
2026-05-26T07:48:00+00:00,1.34105,1.34125,1.34105,1.34145,20797.0
2026-05-26T07:49:00+00:00,1.34125,1.34205,1.34125,1.34205,70337.0
2026-05-26T07:50:00+00:00,1.34205,1.34205,1.34205,1.34205,0.0
2026-05-26T07:51:00+00:00,1.34205,1.34165,1.34165,1.34215,42474.1
2026-05-26T07:52:00+00:00,1.34165,1.34175,1.34165,1.34175,636.8
2026-05-26T07:53:00+00:00,1.34175,1.34255,1.34175,1.34255,50806.3
2026-05-26T07:54:00+00:00,1.34255,1.34245,1.34245,1.34275,29378.2
2026-05-26T07:55:00+00:00,1.34245,1.34135,1.34135,1.34245,99082.4
2026-05-26T07:56:00+00:00,1.34135,1.33985,1.33985,1.34135,43345.6
2026-05-26T07:57:00+00:00,1.33985,1.34045,1.33985,1.34045,51726.0
2026-05-26T07:58:00+00:00,1.34045,1.34075,1.34045,1.34075,40009.4
2026-05-26T07:59:00+00:00,1.34065,1.34055,1.34045,1.34065,33754.7
2026-05-26T08:00:00+00:00,1.34055,1.34055,1.34045,1.34055,18652.3
2026-05-26T08:01:00+00:00,1.34055,1.34055,1.34055,1.34105,92707.3
2026-05-26T08:02:00+00:00,1.34055,1.34025,1.34025,1.34055,3930.3
2026-05-26T08:03:00+00:00,1.34025,1.34095,1.34025,1.34095,53249.7
2026-05-26T08:04:00+00:00,1.34095,1.34085,1.34085,1.34105,25151.0
2026-05-26T08:05:00+00:00,1.34085,1.34075,1.34075,1.34085,11192.1
2026-05-26T08:06:00+00:00,1.34065,1.34125,1.34065,1.34125,18476.6
2026-05-26T08:07:00+00:00,1.34125,1.34165,1.34125,1.34165,15737.6
2026-05-26T08:08:00+00:00,1.34165,1.34185,1.34165,1.34185,10604.4
2026-05-26T08:09:00+00:00,1.34195,1.34245,1.34195,1.34245,54953.4
2026-05-26T08:10:00+00:00,1.34245,1.34225,1.34215,1.34245,43255.3
2026-05-26T08:11:00+00:00,1.34225,1.34365,1.34225,1.34385,121917.5
2026-05-26T08:12:00+00:00,1.34345,1.34325,1.34315,1.34345,19797.5
2026-05-26T08:13:00+00:00,1.34325,1.34245,1.34245,1.34325,22433.7
2026-05-26T08:14:00+00:00,1.34245,1.34205,1.34205,1.34245,19496.9
2026-05-26T08:15:00+00:00,1.34205,1.34105,1.34105,1.34205,16529.9
2026-05-26T08:16:00+00:00,1.34095,1.34065,1.34065,1.34095,21356.5
2026-05-26T08:17:00+00:00,1.34065,1.34125,1.34065,1.34125,6002.8
2026-05-26T08:18:00+00:00,1.34125,1.34175,1.34125,1.34175,25858.0
2026-05-26T08:19:00+00:00,1.34175,1.34215,1.34175,1.34215,29639.4
2026-05-26T08:20:00+00:00,1.34215,1.34215,1.34215,1.34215,0.0
2026-05-26T08:21:00+00:00,1.34215,1.34215,1.34205,1.34215,17736.5
2026-05-26T08:22:00+00:00,1.34215,1.34165,1.34165,1.34215,14633.6
2026-05-26T08:23:00+00:00,1.34165,1.34165,1.34165,1.34165,0.0
2026-05-26T08:24:00+00:00,1.34165,1.34175,1.34165,1.34175,14890.1
2026-05-26T08:25:00+00:00,1.34175,1.34235,1.34175,1.34235,11362.2
2026-05-26T08:26:00+00:00,1.34235,1.34185,1.34185,1.34255,24616.5
2026-05-26T08:27:00+00:00,1.34185,1.34185,1.34115,1.34185,29749.7
2026-05-26T08:28:00+00:00,1.34185,1.34195,1.34155,1.34195,55225.3
2026-05-26T08:29:00+00:00,1.34195,1.34225,1.34195,1.34225,1382.4
2026-05-26T08:30:00+00:00,1.34225,1.34165,1.34165,1.34225,50762.2
2026-05-26T08:31:00+00:00,1.34165,1.34145,1.34135,1.34165,593.8
2026-05-26T08:32:00+00:00,1.34165,1.34235,1.34165,1.34235,5704.7
2026-05-26T08:33:00+00:00,1.34235,1.34195,1.34195,1.34235,7282.2
2026-05-26T08:34:00+00:00,1.34195,1.34145,1.34105,1.34195,15461.2
2026-05-26T08:35:00+00:00,1.34145,1.34115,1.34065,1.34145,14917.5
2026-05-26T08:36:00+00:00,1.34105,1.34165,1.34105,1.34165,4718.5
2026-05-26T08:37:00+00:00,1.34165,1.34255,1.34165,1.34255,1768.7
2026-05-26T08:38:00+00:00,1.34255,1.34255,1.34245,1.34275,6570.5
2026-05-26T08:39:00+00:00,1.34255,1.34315,1.34245,1.34315,6529.0
2026-05-26T08:40:00+00:00,1.34315,1.34255,1.34255,1.34315,18607.5
2026-05-26T08:41:00+00:00,1.34255,1.34265,1.34255,1.34265,105.6
2026-05-26T08:42:00+00:00,1.34265,1.34275,1.34265,1.34275,50.6
2026-05-26T08:43:00+00:00,1.34275,1.34275,1.34275,1.34275,0.0
2026-05-26T08:44:00+00:00,1.34275,1.34285,1.34275,1.34285,4637.2
2026-05-26T08:45:00+00:00,1.34285,1.34265,1.34265,1.34285,26824.2
2026-05-26T08:46:00+00:00,1.34265,1.34215,1.34195,1.34265,20399.3
2026-05-26T08:47:00+00:00,1.34215,1.34215,1.34185,1.34215,7019.7
2026-05-26T08:48:00+00:00,1.34215,1.34175,1.34145,1.34215,25385.7
2026-05-26T08:49:00+00:00,1.34175,1.34055,1.34055,1.34175,23833.6
2026-05-26T08:50:00+00:00,1.34055,1.33985,1.33965,1.34055,121358.6
2026-05-26T08:51:00+00:00,1.34005,1.34065,1.34005,1.34095,25103.5
2026-05-26T08:52:00+00:00,1.34075,1.34095,1.34075,1.34105,426.0
2026-05-26T08:53:00+00:00,1.34095,1.34095,1.34095,1.34095,0.0
2026-05-26T08:54:00+00:00,1.34095,1.34125,1.34095,1.34125,7638.0
2026-05-26T08:55:00+00:00,1.34125,1.34085,1.34085,1.34125,17455.0
2026-05-26T08:56:00+00:00,1.34085,1.34145,1.34085,1.34145,44022.0
2026-05-26T08:57:00+00:00,1.34145,1.34165,1.34145,1.34195,39947.2
2026-05-26T08:58:00+00:00,1.34165,1.34125,1.34095,1.34165,44853.2
2026-05-26T08:59:00+00:00,1.34125,1.34075,1.34075,1.34125,19452.6
2026-05-26T09:00:00+00:00,1.34075,1.34135,1.34075,1.34145,24903.9
2026-05-26T09:01:00+00:00,1.34135,1.33985,1.33985,1.34135,29535.5
2026-05-26T09:02:00+00:00,1.33975,1.34015,1.33965,1.34015,22829.3
2026-05-26T09:03:00+00:00,1.34015,1.34025,1.33975,1.34025,204426.1
2026-05-26T09:04:00+00:00,1.34015,1.34025,1.34015,1.34055,92570.7
2026-05-26T09:05:00+00:00,1.34025,1.34015,1.33985,1.34025,34668.3
2026-05-26T09:06:00+00:00,1.34015,1.34015,1.34005,1.34015,886.5
2026-05-26T09:07:00+00:00,1.34025,1.34015,1.34015,1.34065,12580.6
2026-05-26T09:08:00+00:00,1.34015,1.34005,1.34005,1.34015,862.7
2026-05-26T09:09:00+00:00,1.34005,1.34045,1.34005,1.34045,4947.6
2026-05-26T09:10:00+00:00,1.34045,1.34065,1.34045,1.34105,37677.7
2026-05-26T09:11:00+00:00,1.34075,1.34125,1.34075,1.34125,3498.9
2026-05-26T09:12:00+00:00,1.34125,1.34175,1.34125,1.34175,25096.3
2026-05-26T09:13:00+00:00,1.34185,1.34105,1.34105,1.34185,19842.6
2026-05-26T09:14:00+00:00,1.34105,1.34065,1.34065,1.34105,30600.2
2026-05-26T09:15:00+00:00,1.34065,1.34025,1.34025,1.34065,65049.1
2026-05-26T09:16:00+00:00,1.34025,1.34055,1.34015,1.34055,44280.3
2026-05-26T09:17:00+00:00,1.34055,1.34285,1.34055,1.34335,195829.7
2026-05-26T09:18:00+00:00,1.34285,1.34245,1.34245,1.34285,12228.0
2026-05-26T09:19:00+00:00,1.34245,1.34225,1.34205,1.34245,19344.2
2026-05-26T09:20:00+00:00,1.34225,1.34235,1.34225,1.34235,1313.6
2026-05-26T09:21:00+00:00,1.34235,1.34175,1.34175,1.34235,6516.1
2026-05-26T09:22:00+00:00,1.34165,1.34165,1.34165,1.34205,17248.7
2026-05-26T09:23:00+00:00,1.34165,1.34025,1.34025,1.34165,53026.6
2026-05-26T09:24:00+00:00,1.34025,1.34025,1.33955,1.34025,38714.1
2026-05-26T09:25:00+00:00,1.34045,1.34075,1.34045,1.34085,56574.3
2026-05-26T09:26:00+00:00,1.34075,1.34105,1.34075,1.34105,4616.2
2026-05-26T09:27:00+00:00,1.34105,1.34165,1.34105,1.34165,4915.2
2026-05-26T09:28:00+00:00,1.34165,1.34185,1.34165,1.34185,5452.4
2026-05-26T09:29:00+00:00,1.34195,1.34195,1.34195,1.34225,78087.3
2026-05-26T09:30:00+00:00,1.34195,1.34285,1.34195,1.34285,7966.3
2026-05-26T09:31:00+00:00,1.34285,1.34255,1.34255,1.34345,19196.3
2026-05-26T09:32:00+00:00,1.34255,1.34215,1.34185,1.34255,30963.9
2026-05-26T09:33:00+00:00,1.34215,1.34225,1.34195,1.34225,9177.6
2026-05-26T09:34:00+00:00,1.34225,1.34225,1.34195,1.34235,8956.7
2026-05-26T09:35:00+00:00,1.34225,1.34195,1.34185,1.34225,31282.5
2026-05-26T09:36:00+00:00,1.34195,1.34245,1.34195,1.34245,27958.0
2026-05-26T09:37:00+00:00,1.34245,1.34205,1.34205,1.34285,12564.0
2026-05-26T09:38:00+00:00,1.34205,1.34215,1.34165,1.34215,6117.8
2026-05-26T09:39:00+00:00,1.34215,1.34225,1.34175,1.34245,39872.2
2026-05-26T09:40:00+00:00,1.34225,1.34135,1.34135,1.34225,40271.1
2026-05-26T09:41:00+00:00,1.34135,1.34215,1.34135,1.34215,5103.7
2026-05-26T09:42:00+00:00,1.34215,1.34215,1.34185,1.34215,25788.3
2026-05-26T09:43:00+00:00,1.34265,1.34245,1.34245,1.34265,23162.3
2026-05-26T09:44:00+00:00,1.34245,1.34225,1.34225,1.34255,2357.1
2026-05-26T09:45:00+00:00,1.34235,1.34265,1.34235,1.34265,561.7
2026-05-26T09:46:00+00:00,1.34265,1.34235,1.34235,1.34265,826.1
2026-05-26T09:47:00+00:00,1.34235,1.34165,1.34165,1.34235,15946.2
2026-05-26T09:48:00+00:00,1.34165,1.34135,1.34105,1.34165,42524.7
2026-05-26T09:49:00+00:00,1.34135,1.34125,1.34125,1.34135,34.8
2026-05-26T09:50:00+00:00,1.34125,1.34145,1.34125,1.34165,13667.4
2026-05-26T09:51:00+00:00,1.34145,1.34195,1.34145,1.34195,16091.3
2026-05-26T09:52:00+00:00,1.34195,1.34155,1.34155,1.34195,4075.6
2026-05-26T09:53:00+00:00,1.34155,1.34175,1.34135,1.34175,4257.2
2026-05-26T09:54:00+00:00,1.34175,1.34225,1.34155,1.34225,5254.6
2026-05-26T09:55:00+00:00,1.34195,1.34195,1.34195,1.34235,6739.3
2026-05-26T09:56:00+00:00,1.34195,1.34205,1.34185,1.34205,5355.8
2026-05-26T09:57:00+00:00,1.34205,1.34175,1.34175,1.34205,2377.1
2026-05-26T09:58:00+00:00,1.34175,1.34175,1.34175,1.34175,0.0
2026-05-26T09:59:00+00:00,1.34175,1.34185,1.34175,1.34185,9528.1
2026-05-26T10:00:00+00:00,1.34185,1.34205,1.34155,1.34205,30596.1
2026-05-26T10:01:00+00:00,1.34205,1.34185,1.34185,1.34205,11289.1
2026-05-26T10:02:00+00:00,1.34185,1.34165,1.34165,1.34255,24935.3
2026-05-26T10:03:00+00:00,1.34165,1.34165,1.34155,1.34185,2596.6
2026-05-26T10:04:00+00:00,1.34165,1.34105,1.34105,1.34165,2822.0
2026-05-26T10:05:00+00:00,1.34105,1.34085,1.34015,1.34105,26966.9
2026-05-26T10:06:00+00:00,1.34085,1.34145,1.34065,1.34145,2307.8
2026-05-26T10:07:00+00:00,1.34145,1.34145,1.34105,1.34145,17912.4
2026-05-26T10:08:00+00:00,1.34145,1.34155,1.34145,1.34165,3265.3
2026-05-26T10:09:00+00:00,1.34155,1.34245,1.34155,1.34245,15087.1
2026-05-26T10:10:00+00:00,1.34245,1.34315,1.34245,1.34335,15262.3
2026-05-26T10:11:00+00:00,1.34315,1.34325,1.34295,1.34325,4984.2
2026-05-26T10:12:00+00:00,1.34325,1.34365,1.34325,1.34365,4994.2
2026-05-26T10:13:00+00:00,1.34365,1.34435,1.34365,1.34445,21496.4
2026-05-26T10:14:00+00:00,1.34435,1.34415,1.34415,1.34435,5976.8
2026-05-26T10:15:00+00:00,1.34415,1.34545,1.34415,1.34565,81048.2
2026-05-26T10:16:00+00:00,1.34545,1.34395,1.34395,1.34545,11915.3
2026-05-26T10:17:00+00:00,1.34375,1.34405,1.34375,1.34405,54417.8
2026-05-26T10:18:00+00:00,1.34405,1.34485,1.34405,1.34485,13477.6
2026-05-26T10:19:00+00:00,1.34485,1.34705,1.34485,1.34725,47167.1
2026-05-26T10:20:00+00:00,1.34735,1.34695,1.34675,1.34785,67218.4
2026-05-26T10:21:00+00:00,1.34695,1.34865,1.34695,1.34885,47253.0
2026-05-26T10:22:00+00:00,1.34865,1.34765,1.34755,1.34865,158004.5
2026-05-26T10:23:00+00:00,1.34765,1.34805,1.34765,1.34815,23816.6
2026-05-26T10:24:00+00:00,1.34805,1.34855,1.34805,1.34925,16935.1
2026-05-26T10:25:00+00:00,1.34855,1.34955,1.34805,1.35015,62372.0
2026-05-26T10:26:00+00:00,1.34955,1.35075,1.34945,1.35195,130028.6
2026-05-26T10:27:00+00:00,1.35075,1.35385,1.35075,1.35445,94199.6
2026-05-26T10:28:00+00:00,1.35405,1.35615,1.35345,1.35655,256688.5
2026-05-26T10:29:00+00:00,1.35615,1.35635,1.35515,1.35675,105809.3
2026-05-26T10:30:00+00:00,1.35625,1.35655,1.35625,1.35825,175560.9
2026-05-26T10:31:00+00:00,1.35655,1.35845,1.35605,1.35875,243344.2
2026-05-26T10:32:00+00:00,1.35845,1.35645,1.35605,1.35845,77039.9
2026-05-26T10:33:00+00:00,1.35635,1.35595,1.35595,1.35645,41296.9
2026-05-26T10:34:00+00:00,1.35595,1.35705,1.35595,1.35705,32518.2
2026-05-26T10:35:00+00:00,1.35735,1.35635,1.35605,1.35775,101255.4
2026-05-26T10:36:00+00:00,1.35635,1.35865,1.35635,1.35925,100731.5
2026-05-26T10:37:00+00:00,1.35855,1.35755,1.35745,1.35925,118782.1
2026-05-26T10:38:00+00:00,1.35755,1.35825,1.35755,1.35865,44738.0
2026-05-26T10:39:00+00:00,1.35825,1.35805,1.35775,1.35885,39027.9
2026-05-26T10:40:00+00:00,1.35805,1.35895,1.35805,1.35935,66670.2
2026-05-26T10:41:00+00:00,1.35895,1.35865,1.35785,1.35945,40420.1
2026-05-26T10:42:00+00:00,1.35875,1.35905,1.35835,1.35915,69823.6
2026-05-26T10:43:00+00:00,1.35905,1.35835,1.35825,1.35905,30762.9
2026-05-26T10:44:00+00:00,1.35835,1.35855,1.35765,1.35895,48705.6
2026-05-26T10:45:00+00:00,1.35855,1.35835,1.35785,1.35935,132622.6
2026-05-26T10:46:00+00:00,1.35835,1.35735,1.35715,1.35835,27103.3
2026-05-26T10:47:00+00:00,1.35735,1.35815,1.35675,1.35825,53875.1
2026-05-26T10:48:00+00:00,1.35815,1.35865,1.35785,1.35875,136655.3
2026-05-26T10:49:00+00:00,1.35875,1.35875,1.35825,1.35885,30813.3
2026-05-26T10:50:00+00:00,1.35905,1.35855,1.35855,1.35945,20801.3
2026-05-26T10:51:00+00:00,1.35855,1.35735,1.35735,1.35855,81727.4
2026-05-26T10:52:00+00:00,1.35735,1.35715,1.35695,1.35735,14371.0
2026-05-26T10:53:00+00:00,1.35715,1.35695,1.35685,1.35745,75144.5
2026-05-26T10:54:00+00:00,1.35695,1.35715,1.35695,1.35725,20864.0
2026-05-26T10:55:00+00:00,1.35715,1.35715,1.35715,1.35725,495.5
2026-05-26T10:56:00+00:00,1.35715,1.35685,1.35675,1.35715,67989.2
2026-05-26T10:57:00+00:00,1.35685,1.35715,1.35685,1.35715,7302.3
2026-05-26T10:58:00+00:00,1.35715,1.35705,1.35705,1.35755,16761.6
2026-05-26T10:59:00+00:00,1.35705,1.35665,1.35635,1.35705,25276.1
2026-05-26T11:00:00+00:00,1.35665,1.35715,1.35665,1.35755,97397.2
2026-05-26T11:01:00+00:00,1.35715,1.35715,1.35675,1.35715,10112.4
2026-05-26T11:02:00+00:00,1.35715,1.35735,1.35705,1.35735,10710.7
2026-05-26T11:03:00+00:00,1.35735,1.35685,1.35685,1.35735,26533.2
2026-05-26T11:04:00+00:00,1.35685,1.35735,1.35685,1.35735,10181.0
2026-05-26T11:05:00+00:00,1.35735,1.35715,1.35715,1.35765,13692.4
2026-05-26T11:06:00+00:00,1.35705,1.35655,1.35645,1.35705,20201.0
2026-05-26T11:07:00+00:00,1.35655,1.35745,1.35655,1.35745,23986.0
2026-05-26T11:08:00+00:00,1.35745,1.35625,1.35625,1.35745,14764.5
2026-05-26T11:09:00+00:00,1.35625,1.35625,1.35625,1.35645,14677.7
2026-05-26T11:10:00+00:00,1.35625,1.35655,1.35625,1.35655,1582.3
2026-05-26T11:11:00+00:00,1.35655,1.35585,1.35585,1.35675,62843.3
2026-05-26T11:12:00+00:00,1.35595,1.35635,1.35585,1.35635,2278.2
2026-05-26T11:13:00+00:00,1.35635,1.35595,1.35575,1.35635,82622.5
2026-05-26T11:14:00+00:00,1.35585,1.35535,1.35525,1.35595,240284.4
2026-05-26T11:15:00+00:00,1.35535,1.35415,1.35415,1.35575,160285.6
2026-05-26T11:16:00+00:00,1.35415,1.35365,1.35365,1.35435,27312.2
2026-05-26T11:17:00+00:00,1.35365,1.35375,1.35365,1.35435,10785.4
2026-05-26T11:18:00+00:00,1.35375,1.35365,1.35305,1.35375,22042.9
2026-05-26T11:19:00+00:00,1.35365,1.35365,1.35365,1.35425,13211.1
2026-05-26T11:20:00+00:00,1.35365,1.35245,1.35235,1.35365,66499.8
2026-05-26T11:21:00+00:00,1.35245,1.35315,1.35235,1.35335,5996.1
2026-05-26T11:22:00+00:00,1.35315,1.35265,1.35265,1.35335,59252.8
2026-05-26T11:23:00+00:00,1.35275,1.35255,1.35255,1.35305,24946.0
2026-05-26T11:24:00+00:00,1.35255,1.35225,1.35225,1.35265,10328.6
2026-05-26T11:25:00+00:00,1.35225,1.35225,1.35225,1.35225,0.0
2026-05-26T11:26:00+00:00,1.35225,1.35235,1.35225,1.35265,25958.6
2026-05-26T11:27:00+00:00,1.35235,1.35195,1.35195,1.35235,28871.0
2026-05-26T11:28:00+00:00,1.35195,1.35265,1.35195,1.35265,2266.0
2026-05-26T11:29:00+00:00,1.35265,1.35275,1.35255,1.35275,4986.5
2026-05-26T11:30:00+00:00,1.35275,1.35285,1.35265,1.35285,6407.1
2026-05-26T11:31:00+00:00,1.35285,1.35345,1.35285,1.35385,22783.5
2026-05-26T11:32:00+00:00,1.35345,1.35425,1.35335,1.35425,5655.3
2026-05-26T11:33:00+00:00,1.35425,1.35445,1.35415,1.35445,1720.4
2026-05-26T11:34:00+00:00,1.35445,1.35325,1.35285,1.35445,137103.7
2026-05-26T11:35:00+00:00,1.35325,1.35205,1.35205,1.35355,5237.4
2026-05-26T11:36:00+00:00,1.35205,1.35255,1.35145,1.35255,22530.7
2026-05-26T11:37:00+00:00,1.35255,1.35255,1.35255,1.35255,0.0
2026-05-26T11:38:00+00:00,1.35255,1.35185,1.35175,1.35255,51918.7
2026-05-26T11:39:00+00:00,1.35185,1.35275,1.35185,1.35275,8571.2
2026-05-26T11:40:00+00:00,1.35295,1.35345,1.35295,1.35345,21744.0
2026-05-26T11:41:00+00:00,1.35345,1.35355,1.35345,1.35355,4297.6
2026-05-26T11:42:00+00:00,1.35355,1.35355,1.35335,1.35385,11963.1
2026-05-26T11:43:00+00:00,1.35345,1.35315,1.35315,1.35355,15352.2
2026-05-26T11:44:00+00:00,1.35315,1.35335,1.35315,1.35365,9130.5
2026-05-26T11:45:00+00:00,1.35335,1.35315,1.35315,1.35335,410.3
2026-05-26T11:46:00+00:00,1.35315,1.35285,1.35265,1.35325,74829.3
2026-05-26T11:47:00+00:00,1.35285,1.35275,1.35235,1.35285,3517.8
2026-05-26T11:48:00+00:00,1.35275,1.35285,1.35275,1.35315,64049.1
2026-05-26T11:49:00+00:00,1.35285,1.35335,1.35285,1.35345,1390.5
2026-05-26T11:50:00+00:00,1.35335,1.35355,1.35315,1.35355,61552.8
2026-05-26T11:51:00+00:00,1.35355,1.35335,1.35305,1.35375,493454.5
2026-05-26T11:52:00+00:00,1.35335,1.35325,1.35325,1.35365,276036.0
2026-05-26T11:53:00+00:00,1.35325,1.35325,1.35325,1.35325,0.0
2026-05-26T11:54:00+00:00,1.35325,1.35325,1.35325,1.35325,0.0
2026-05-26T11:55:00+00:00,1.35325,1.35275,1.35275,1.35325,15877.8
2026-05-26T11:56:00+00:00,1.35275,1.35215,1.35215,1.35275,1080.5
2026-05-26T11:57:00+00:00,1.35215,1.35215,1.35215,1.35215,0.0
2026-05-26T11:58:00+00:00,1.35215,1.35225,1.35215,1.35245,13707.1
2026-05-26T11:59:00+00:00,1.35225,1.35205,1.35205,1.35225,4514.7
2026-05-26T12:00:00+00:00,1.35205,1.35195,1.35095,1.35205,59751.2
2026-05-26T12:01:00+00:00,1.35195,1.35235,1.35195,1.35235,308.5
2026-05-26T12:02:00+00:00,1.35235,1.35255,1.35235,1.35255,2049.8
2026-05-26T12:03:00+00:00,1.35255,1.35205,1.35205,1.35265,6505.2
2026-05-26T12:04:00+00:00,1.35205,1.35245,1.35165,1.35245,10251.8
2026-05-26T12:05:00+00:00,1.35245,1.35145,1.35145,1.35305,35792.4
2026-05-26T12:06:00+00:00,1.35145,1.35075,1.35075,1.35165,6979.5
2026-05-26T12:07:00+00:00,1.35075,1.34925,1.34925,1.35115,69457.5
2026-05-26T12:08:00+00:00,1.34885,1.34845,1.34785,1.34985,122550.5
2026-05-26T12:09:00+00:00,1.34805,1.34845,1.34775,1.34855,55654.6
2026-05-26T12:10:00+00:00,1.34845,1.34895,1.34805,1.34895,34740.5
2026-05-26T12:11:00+00:00,1.34895,1.34975,1.34895,1.34975,953.2
2026-05-26T12:12:00+00:00,1.34975,1.35055,1.34975,1.35055,3223.1
2026-05-26T12:13:00+00:00,1.35055,1.35165,1.35055,1.35165,2512.5
2026-05-26T12:14:00+00:00,1.35165,1.35165,1.35165,1.35165,0.0
2026-05-26T12:15:00+00:00,1.35165,1.35225,1.35155,1.35235,10560.5
2026-05-26T12:16:00+00:00,1.35205,1.35205,1.35205,1.35235,3091.5
2026-05-26T12:17:00+00:00,1.35205,1.35165,1.35155,1.35205,9476.0
2026-05-26T12:18:00+00:00,1.35185,1.35075,1.35075,1.35185,9961.0
2026-05-26T12:19:00+00:00,1.35075,1.35135,1.35075,1.35135,21790.0
2026-05-26T12:20:00+00:00,1.35135,1.35145,1.35135,1.35155,638.0
2026-05-26T12:21:00+00:00,1.35145,1.35175,1.35145,1.35175,418.1
2026-05-26T12:22:00+00:00,1.35175,1.35105,1.35095,1.35175,22612.5
2026-05-26T12:23:00+00:00,1.35105,1.35055,1.35055,1.35105,449.8
2026-05-26T12:24:00+00:00,1.35055,1.35035,1.35015,1.35055,9234.6
2026-05-26T12:25:00+00:00,1.35035,1.35025,1.34985,1.35035,17041.9
2026-05-26T12:26:00+00:00,1.35025,1.35025,1.35025,1.35055,1258.9
2026-05-26T12:27:00+00:00,1.35025,1.35055,1.35025,1.35055,2208.4
2026-05-26T12:28:00+00:00,1.35055,1.35065,1.35045,1.35065,11870.4
2026-05-26T12:29:00+00:00,1.35085,1.35135,1.35085,1.35135,20596.9
2026-05-26T12:30:00+00:00,1.35155,1.35105,1.35085,1.35165,24723.9
2026-05-26T12:31:00+00:00,1.35105,1.35145,1.35105,1.35145,3506.4
2026-05-26T12:32:00+00:00,1.35145,1.35185,1.35145,1.35195,561.1
2026-05-26T12:33:00+00:00,1.35185,1.35185,1.35135,1.35185,8581.6
2026-05-26T12:34:00+00:00,1.35185,1.35125,1.35125,1.35185,5303.6
2026-05-26T12:35:00+00:00,1.35125,1.35125,1.35125,1.35135,610.7
2026-05-26T12:36:00+00:00,1.35125,1.35115,1.35105,1.35125,2630.7
2026-05-26T12:37:00+00:00,1.35115,1.35125,1.35115,1.35155,3291.4
2026-05-26T12:38:00+00:00,1.35125,1.35145,1.35125,1.35145,95.8
2026-05-26T12:39:00+00:00,1.35145,1.35165,1.35135,1.35165,258075.0
2026-05-26T12:40:00+00:00,1.35165,1.35185,1.35165,1.35235,14612.1
2026-05-26T12:41:00+00:00,1.35185,1.35195,1.35185,1.35205,3911.3
2026-05-26T12:42:00+00:00,1.35195,1.35295,1.35195,1.35295,91791.4
2026-05-26T12:43:00+00:00,1.35295,1.35265,1.35265,1.35295,656.7
2026-05-26T12:44:00+00:00,1.35265,1.35315,1.35265,1.35325,15092.3
2026-05-26T12:45:00+00:00,1.35315,1.35355,1.35315,1.35355,7517.3
2026-05-26T12:46:00+00:00,1.35355,1.35345,1.35345,1.35375,4696.7
2026-05-26T12:47:00+00:00,1.35345,1.35355,1.35345,1.35415,27186.0
2026-05-26T12:48:00+00:00,1.35355,1.35415,1.35345,1.35425,28596.8
2026-05-26T12:49:00+00:00,1.35415,1.35405,1.35385,1.35415,14485.0
2026-05-26T12:50:00+00:00,1.35405,1.35405,1.35405,1.35445,2154.8
2026-05-26T12:51:00+00:00,1.35405,1.35435,1.35405,1.35445,5426.7
2026-05-26T12:52:00+00:00,1.35435,1.35415,1.35405,1.35445,3184.1
2026-05-26T12:53:00+00:00,1.35415,1.35405,1.35405,1.35435,28790.8
2026-05-26T12:54:00+00:00,1.35425,1.35525,1.35425,1.35535,17999.7
2026-05-26T12:55:00+00:00,1.35525,1.35565,1.35515,1.35585,9823.3
2026-05-26T12:56:00+00:00,1.35565,1.35535,1.35535,1.35565,3751.5
2026-05-26T12:57:00+00:00,1.35535,1.35535,1.35535,1.35535,0.0
2026-05-26T12:58:00+00:00,1.35535,1.35515,1.35505,1.35535,637.4
2026-05-26T12:59:00+00:00,1.35515,1.35525,1.35505,1.35525,367.6
2026-05-26T13:00:00+00:00,1.35525,1.35565,1.35525,1.35565,54446.3
2026-05-26T13:01:00+00:00,1.35565,1.35565,1.35565,1.35605,7568.3
2026-05-26T13:02:00+00:00,1.35565,1.35565,1.35565,1.35605,72199.8
2026-05-26T13:03:00+00:00,1.35545,1.35515,1.35515,1.35555,11292.0
2026-05-26T13:04:00+00:00,1.35515,1.35565,1.35475,1.35565,3001.5
2026-05-26T13:05:00+00:00,1.35565,1.35495,1.35495,1.35595,48715.5
2026-05-26T13:06:00+00:00,1.35495,1.35475,1.35475,1.35525,1125.9
2026-05-26T13:07:00+00:00,1.35475,1.35535,1.35475,1.35545,5170.3
2026-05-26T13:08:00+00:00,1.35535,1.35465,1.35465,1.35545,6359.6
2026-05-26T13:09:00+00:00,1.35465,1.35455,1.35405,1.35465,954.0
2026-05-26T13:10:00+00:00,1.35455,1.35455,1.35455,1.35485,4124.2
2026-05-26T13:11:00+00:00,1.35455,1.35455,1.35425,1.35455,869.8
2026-05-26T13:12:00+00:00,1.35445,1.35445,1.35445,1.35445,350.7
2026-05-26T13:13:00+00:00,1.35445,1.35425,1.35415,1.35445,6561.6
2026-05-26T13:14:00+00:00,1.35425,1.35465,1.35425,1.35465,730.6
2026-05-26T13:15:00+00:00,1.35465,1.35445,1.35425,1.35465,8862.8
2026-05-26T13:16:00+00:00,1.35445,1.35425,1.35425,1.35455,888.4
2026-05-26T13:17:00+00:00,1.35425,1.35415,1.35415,1.35435,559.8
2026-05-26T13:18:00+00:00,1.35415,1.35375,1.35375,1.35415,7262.9
2026-05-26T13:19:00+00:00,1.35375,1.35265,1.35265,1.35375,12351.2
2026-05-26T13:20:00+00:00,1.35265,1.35385,1.35265,1.35385,18189.7
2026-05-26T13:21:00+00:00,1.35385,1.35135,1.35135,1.35385,92179.9
2026-05-26T13:22:00+00:00,1.35155,1.35225,1.35115,1.35225,49632.4
2026-05-26T13:23:00+00:00,1.35225,1.35255,1.35225,1.35255,2576.7
2026-05-26T13:24:00+00:00,1.35215,1.35285,1.35215,1.35285,31349.6
2026-05-26T13:25:00+00:00,1.35275,1.35175,1.35145,1.35275,43036.8
2026-05-26T13:26:00+00:00,1.35175,1.35165,1.35165,1.35205,23441.6
2026-05-26T13:27:00+00:00,1.35165,1.35115,1.35115,1.35165,9124.0
2026-05-26T13:28:00+00:00,1.35115,1.35055,1.35055,1.35115,27674.9
2026-05-26T13:29:00+00:00,1.35055,1.35055,1.35035,1.35065,171835.5
2026-05-26T13:30:00+00:00,1.35055,1.34965,1.34925,1.35145,53022.8
2026-05-26T13:31:00+00:00,1.34965,1.34915,1.34815,1.35045,171828.4
2026-05-26T13:32:00+00:00,1.34965,1.35005,1.34965,1.35095,44660.1
2026-05-26T13:33:00+00:00,1.34995,1.34995,1.34905,1.35005,24982.7
2026-05-26T13:34:00+00:00,1.34995,1.34945,1.34925,1.35005,5753.4
2026-05-26T13:35:00+00:00,1.34935,1.34955,1.34845,1.34975,16847.5
2026-05-26T13:36:00+00:00,1.34955,1.35015,1.34935,1.35075,4997.2
2026-05-26T13:37:00+00:00,1.35015,1.35075,1.35015,1.35115,9660.7
2026-05-26T13:38:00+00:00,1.35075,1.35165,1.35075,1.35215,9819.9
2026-05-26T13:39:00+00:00,1.35165,1.35115,1.35095,1.35185,2965.3
2026-05-26T13:40:00+00:00,1.35115,1.35065,1.35065,1.35145,10825.5
2026-05-26T13:41:00+00:00,1.35075,1.35135,1.35075,1.35165,41564.5
2026-05-26T13:42:00+00:00,1.35125,1.35345,1.35125,1.35355,34335.8
2026-05-26T13:43:00+00:00,1.35375,1.35205,1.35205,1.35375,53505.1
2026-05-26T13:44:00+00:00,1.35195,1.35215,1.35175,1.35265,7676.1
2026-05-26T13:45:00+00:00,1.35215,1.35365,1.35215,1.35365,26424.3
2026-05-26T13:46:00+00:00,1.35365,1.35385,1.35315,1.35405,80528.3
2026-05-26T13:47:00+00:00,1.35385,1.35355,1.35305,1.35385,13139.7
2026-05-26T13:48:00+00:00,1.35355,1.35645,1.35355,1.35655,31675.9
2026-05-26T13:49:00+00:00,1.35645,1.35835,1.35575,1.35855,93614.8
2026-05-26T13:50:00+00:00,1.35835,1.35705,1.35695,1.36035,201109.0
2026-05-26T13:51:00+00:00,1.35705,1.35625,1.35615,1.35795,46003.4
2026-05-26T13:52:00+00:00,1.35615,1.35685,1.35615,1.35735,163425.6
2026-05-26T13:53:00+00:00,1.35685,1.35535,1.35455,1.35685,57276.7
2026-05-26T13:54:00+00:00,1.35545,1.35505,1.35475,1.35585,12407.9
2026-05-26T13:55:00+00:00,1.35525,1.35685,1.35515,1.35685,40616.9
2026-05-26T13:56:00+00:00,1.35675,1.35675,1.35645,1.35765,24292.8
2026-05-26T13:57:00+00:00,1.35675,1.35695,1.35625,1.35695,15225.6
2026-05-26T13:58:00+00:00,1.35685,1.35595,1.35595,1.35695,10459.4
2026-05-26T13:59:00+00:00,1.35595,1.35565,1.35515,1.35595,12317.2
2026-05-26T14:00:00+00:00,1.35655,1.35605,1.35585,1.35655,5307.3
2026-05-26T14:01:00+00:00,1.35605,1.35675,1.35605,1.35745,34421.1
2026-05-26T14:02:00+00:00,1.35675,1.35565,1.35565,1.35705,14692.9
2026-05-26T14:03:00+00:00,1.35585,1.35685,1.35545,1.35695,10358.0
2026-05-26T14:04:00+00:00,1.35675,1.35585,1.35585,1.35675,10773.2
2026-05-26T14:05:00+00:00,1.35575,1.35545,1.35545,1.35615,11502.2
2026-05-26T14:06:00+00:00,1.35555,1.35685,1.35555,1.35685,6674.3
2026-05-26T14:07:00+00:00,1.35685,1.35745,1.35685,1.35755,19507.1
2026-05-26T14:08:00+00:00,1.35745,1.35665,1.35645,1.35775,32377.6
2026-05-26T14:09:00+00:00,1.35665,1.35745,1.35635,1.35745,19367.5
2026-05-26T14:10:00+00:00,1.35745,1.35795,1.35745,1.35855,116083.6
2026-05-26T14:11:00+00:00,1.35785,1.35755,1.35755,1.35785,13757.6
2026-05-26T14:12:00+00:00,1.35765,1.35775,1.35765,1.35845,33155.6
2026-05-26T14:13:00+00:00,1.35775,1.35855,1.35755,1.35875,5525.6
2026-05-26T14:14:00+00:00,1.35855,1.35865,1.35765,1.35865,79353.0
2026-05-26T14:15:00+00:00,1.35865,1.35775,1.35775,1.35885,22435.7
2026-05-26T14:16:00+00:00,1.35775,1.35875,1.35775,1.35925,43205.2
2026-05-26T14:17:00+00:00,1.35855,1.35915,1.35795,1.35965,55125.3
2026-05-26T14:18:00+00:00,1.35915,1.36045,1.35895,1.36145,111471.6
2026-05-26T14:19:00+00:00,1.36035,1.35915,1.35855,1.36035,34676.0
2026-05-26T14:20:00+00:00,1.35915,1.35975,1.35915,1.36025,53112.8
2026-05-26T14:21:00+00:00,1.35975,1.36025,1.35965,1.36055,8724.4
2026-05-26T14:22:00+00:00,1.36035,1.36145,1.36015,1.36145,15641.2
2026-05-26T14:23:00+00:00,1.36145,1.36185,1.36115,1.36185,155271.1
2026-05-26T14:24:00+00:00,1.36185,1.36195,1.36185,1.36285,205870.6
2026-05-26T14:25:00+00:00,1.36195,1.36425,1.36195,1.36495,165024.0
2026-05-26T14:26:00+00:00,1.36415,1.36395,1.36315,1.36545,158184.3
2026-05-26T14:27:00+00:00,1.36425,1.36495,1.36425,1.36495,44545.8
2026-05-26T14:28:00+00:00,1.36495,1.36335,1.36335,1.36535,87717.1
2026-05-26T14:29:00+00:00,1.36325,1.36325,1.36305,1.36385,64786.0
2026-05-26T14:30:00+00:00,1.36325,1.36275,1.36275,1.36405,57239.2
2026-05-26T14:31:00+00:00,1.36265,1.36255,1.36225,1.36315,53166.1
2026-05-26T14:32:00+00:00,1.36255,1.36135,1.36055,1.36275,38221.4
2026-05-26T14:33:00+00:00,1.36135,1.36055,1.35965,1.36135,15857.4
2026-05-26T14:34:00+00:00,1.36055,1.35995,1.35955,1.36065,15748.2
2026-05-26T14:35:00+00:00,1.35995,1.35865,1.35865,1.36015,28017.1
2026-05-26T14:36:00+00:00,1.35865,1.35755,1.35745,1.35915,35521.2
2026-05-26T14:37:00+00:00,1.35755,1.35655,1.35645,1.35785,50544.4
2026-05-26T14:38:00+00:00,1.35645,1.35485,1.35345,1.35675,129991.0
2026-05-26T14:39:00+00:00,1.35525,1.35145,1.35085,1.35525,299252.8
2026-05-26T14:40:00+00:00,1.35125,1.35225,1.35085,1.35245,227984.3
2026-05-26T14:41:00+00:00,1.35205,1.35045,1.35045,1.35205,94106.1
2026-05-26T14:42:00+00:00,1.35015,1.34945,1.34845,1.35115,150611.8
2026-05-26T14:43:00+00:00,1.34905,1.35045,1.34905,1.35075,51027.0
2026-05-26T14:44:00+00:00,1.35045,1.35005,1.34975,1.35125,76221.0
2026-05-26T14:45:00+00:00,1.35015,1.35045,1.34855,1.35075,125316.8
2026-05-26T14:46:00+00:00,1.35065,1.34865,1.34815,1.35085,100838.4
2026-05-26T14:47:00+00:00,1.34865,1.35005,1.34865,1.35055,31857.8
2026-05-26T14:48:00+00:00,1.35005,1.35085,1.34985,1.35115,56094.5
2026-05-26T14:49:00+00:00,1.35075,1.35165,1.35075,1.35165,16805.7
2026-05-26T14:50:00+00:00,1.35175,1.35255,1.35155,1.35255,18709.7
2026-05-26T14:51:00+00:00,1.35255,1.35465,1.35255,1.35475,118647.5
2026-05-26T14:52:00+00:00,1.35465,1.35425,1.35405,1.35545,47352.1
2026-05-26T14:53:00+00:00,1.35425,1.35505,1.35415,1.35525,297185.5
2026-05-26T14:54:00+00:00,1.35485,1.35405,1.35395,1.35485,28240.4
2026-05-26T14:55:00+00:00,1.35435,1.35365,1.35345,1.35435,25496.2
2026-05-26T14:56:00+00:00,1.35365,1.35385,1.35365,1.35445,35856.1
2026-05-26T14:57:00+00:00,1.35385,1.35315,1.35275,1.35395,8881.2
2026-05-26T14:58:00+00:00,1.35325,1.35345,1.35325,1.35415,25122.8
2026-05-26T14:59:00+00:00,1.35335,1.35245,1.35245,1.35335,12755.0
2026-05-26T15:00:00+00:00,1.35245,1.35365,1.35235,1.35385,31488.0
2026-05-26T15:01:00+00:00,1.35365,1.35275,1.35255,1.35365,22407.4
2026-05-26T15:02:00+00:00,1.35265,1.35045,1.34955,1.35265,59837.7
2026-05-26T15:03:00+00:00,1.35015,1.35015,1.34825,1.35025,34248.6
2026-05-26T15:04:00+00:00,1.35015,1.35035,1.35015,1.35085,22371.3
2026-05-26T15:05:00+00:00,1.35035,1.35045,1.34985,1.35105,62128.1
2026-05-26T15:06:00+00:00,1.35025,1.35025,1.34985,1.35095,25375.4
2026-05-26T15:07:00+00:00,1.35015,1.34935,1.34855,1.35015,32774.8
2026-05-26T15:08:00+00:00,1.34955,1.35105,1.34955,1.35105,36809.1
2026-05-26T15:09:00+00:00,1.35105,1.35005,1.34995,1.35105,18038.5
2026-05-26T15:10:00+00:00,1.35005,1.35005,1.34995,1.35115,15661.1
2026-05-26T15:11:00+00:00,1.35025,1.35155,1.35025,1.35155,2731.5
2026-05-26T15:12:00+00:00,1.35155,1.35215,1.35135,1.35215,2729.1
2026-05-26T15:13:00+00:00,1.35215,1.35215,1.35185,1.35245,4454.2
2026-05-26T15:14:00+00:00,1.35215,1.35305,1.35205,1.35305,56612.3
2026-05-26T15:15:00+00:00,1.35305,1.35235,1.35235,1.35375,29148.0
2026-05-26T15:16:00+00:00,1.35235,1.35185,1.35185,1.35245,5014.1
2026-05-26T15:17:00+00:00,1.35185,1.35195,1.35185,1.35265,4734.6
2026-05-26T15:18:00+00:00,1.35195,1.35235,1.35195,1.35295,14489.2
2026-05-26T15:19:00+00:00,1.35235,1.35205,1.35185,1.35295,9477.0
2026-05-26T15:20:00+00:00,1.35205,1.35145,1.35115,1.35225,26837.2
2026-05-26T15:21:00+00:00,1.35155,1.34975,1.34955,1.35155,95744.2
2026-05-26T15:22:00+00:00,1.34975,1.34655,1.34615,1.34975,132115.9
2026-05-26T15:23:00+00:00,1.34655,1.34795,1.34515,1.34815,108291.5
2026-05-26T15:24:00+00:00,1.34795,1.34785,1.34665,1.34795,7607.0
2026-05-26T15:25:00+00:00,1.34785,1.34865,1.34775,1.34865,23505.2
2026-05-26T15:26:00+00:00,1.34855,1.34925,1.34855,1.34925,2444.2
2026-05-26T15:27:00+00:00,1.34925,1.34875,1.34865,1.34975,29702.1
2026-05-26T15:28:00+00:00,1.34875,1.34875,1.34875,1.34985,11143.9
2026-05-26T15:29:00+00:00,1.34875,1.34775,1.34715,1.34885,76130.9
2026-05-26T15:30:00+00:00,1.34765,1.34695,1.34565,1.34845,59172.0
2026-05-26T15:31:00+00:00,1.34705,1.34405,1.34315,1.34785,158140.7
2026-05-26T15:32:00+00:00,1.34415,1.34415,1.34355,1.34545,46316.0
2026-05-26T15:33:00+00:00,1.34435,1.34505,1.34435,1.34545,47406.2
2026-05-26T15:34:00+00:00,1.34525,1.34535,1.34515,1.34595,63448.9
2026-05-26T15:35:00+00:00,1.34505,1.34455,1.34385,1.34505,140796.5
2026-05-26T15:36:00+00:00,1.34455,1.34395,1.34345,1.34525,57805.7
2026-05-26T15:37:00+00:00,1.34385,1.34425,1.34385,1.34525,215167.0
2026-05-26T15:38:00+00:00,1.34425,1.34465,1.34385,1.34465,22904.9
2026-05-26T15:39:00+00:00,1.34465,1.34495,1.34375,1.34495,47204.7
2026-05-26T15:40:00+00:00,1.34495,1.34435,1.34405,1.34585,28191.0
2026-05-26T15:41:00+00:00,1.34505,1.34695,1.34505,1.34705,30446.9
2026-05-26T15:42:00+00:00,1.34695,1.34715,1.34685,1.34765,59244.4
2026-05-26T15:43:00+00:00,1.34725,1.34775,1.34725,1.34785,4735.2
2026-05-26T15:44:00+00:00,1.34775,1.34705,1.34695,1.34805,14792.2
2026-05-26T15:45:00+00:00,1.34705,1.34645,1.34645,1.34705,9123.6
2026-05-26T15:46:00+00:00,1.34645,1.34595,1.34515,1.34665,30258.9
2026-05-26T15:47:00+00:00,1.34565,1.34545,1.34545,1.34595,7764.8
2026-05-26T15:48:00+00:00,1.34545,1.34515,1.34485,1.34565,58442.5
2026-05-26T15:49:00+00:00,1.34515,1.34515,1.34505,1.34595,16294.3
2026-05-26T15:50:00+00:00,1.34515,1.34495,1.34405,1.34555,47698.5
2026-05-26T15:51:00+00:00,1.34495,1.34445,1.34435,1.34515,45114.0
2026-05-26T15:52:00+00:00,1.34435,1.34195,1.34145,1.34435,675434.5
2026-05-26T15:53:00+00:00,1.34195,1.34035,1.34005,1.34195,126151.3
2026-05-26T15:54:00+00:00,1.34025,1.34145,1.34005,1.34145,29111.8
2026-05-26T15:55:00+00:00,1.34145,1.34135,1.34055,1.34175,76558.2
2026-05-26T15:56:00+00:00,1.34155,1.34325,1.34155,1.34345,31486.4
2026-05-26T15:57:00+00:00,1.34335,1.34405,1.34315,1.34415,3077.7
2026-05-26T15:58:00+00:00,1.34405,1.34525,1.34405,1.34555,151192.9
2026-05-26T15:59:00+00:00,1.34525,1.34515,1.34515,1.34575,5858.4
2026-05-26T16:00:00+00:00,1.34515,1.34495,1.34455,1.34535,12095.0
2026-05-26T16:01:00+00:00,1.34495,1.34465,1.34465,1.34505,36222.1
2026-05-26T16:02:00+00:00,1.34465,1.34575,1.34465,1.34575,42252.7
2026-05-26T16:03:00+00:00,1.34575,1.34425,1.34405,1.34575,34743.0
2026-05-26T16:04:00+00:00,1.34425,1.34385,1.34355,1.34445,40810.6
2026-05-26T16:05:00+00:00,1.34385,1.34305,1.34285,1.34425,25033.7
2026-05-26T16:06:00+00:00,1.34305,1.34345,1.34265,1.34355,27953.7
2026-05-26T16:07:00+00:00,1.34345,1.34265,1.34255,1.34375,81994.3
2026-05-26T16:08:00+00:00,1.34265,1.34215,1.34205,1.34265,41799.6
2026-05-26T16:09:00+00:00,1.34225,1.34315,1.34225,1.34375,26960.9
2026-05-26T16:10:00+00:00,1.34315,1.34165,1.34145,1.34345,108778.6
2026-05-26T16:11:00+00:00,1.34165,1.34095,1.34085,1.34195,12900.1
2026-05-26T16:12:00+00:00,1.34105,1.33915,1.33835,1.34125,219167.0
2026-05-26T16:13:00+00:00,1.33915,1.34265,1.33915,1.34265,29305.5
2026-05-26T16:14:00+00:00,1.34265,1.34085,1.34085,1.34265,38420.3
2026-05-26T16:15:00+00:00,1.34085,1.34155,1.34055,1.34215,10951.7
2026-05-26T16:16:00+00:00,1.34155,1.34285,1.34155,1.34295,22434.8
2026-05-26T16:17:00+00:00,1.34285,1.34295,1.34225,1.34305,79598.0
2026-05-26T16:18:00+00:00,1.34285,1.34205,1.34185,1.34285,19717.3
2026-05-26T16:19:00+00:00,1.34205,1.34285,1.34195,1.34315,7283.5
2026-05-26T16:20:00+00:00,1.34285,1.34225,1.34225,1.34315,7888.0
2026-05-26T16:21:00+00:00,1.34225,1.34185,1.34155,1.34225,32456.8
2026-05-26T16:22:00+00:00,1.34185,1.34235,1.34135,1.34235,75188.2
2026-05-26T16:23:00+00:00,1.34235,1.34215,1.34195,1.34285,22125.6
2026-05-26T16:24:00+00:00,1.34225,1.34315,1.34225,1.34315,6552.7
2026-05-26T16:25:00+00:00,1.34315,1.34305,1.34285,1.34355,2170.7
2026-05-26T16:26:00+00:00,1.34305,1.34185,1.34165,1.34395,152102.7
2026-05-26T16:27:00+00:00,1.34195,1.34195,1.34155,1.34205,40074.3
2026-05-26T16:28:00+00:00,1.34195,1.34175,1.34135,1.34205,156202.7
2026-05-26T16:29:00+00:00,1.34175,1.34235,1.34175,1.34235,17601.7
2026-05-26T16:30:00+00:00,1.34235,1.34225,1.34185,1.34265,12256.2
2026-05-26T16:31:00+00:00,1.34225,1.34085,1.34065,1.34225,42376.7
2026-05-26T16:32:00+00:00,1.34085,1.34085,1.34025,1.34095,5261.9
2026-05-26T16:33:00+00:00,1.34085,1.34175,1.34075,1.34185,44452.0
2026-05-26T16:34:00+00:00,1.34175,1.34265,1.34175,1.34285,4645.1
2026-05-26T16:35:00+00:00,1.34275,1.34355,1.34265,1.34365,23583.7
2026-05-26T16:36:00+00:00,1.34365,1.34425,1.34365,1.34425,5284.1
2026-05-26T16:37:00+00:00,1.34415,1.34385,1.34385,1.34435,23456.1
2026-05-26T16:38:00+00:00,1.34385,1.34465,1.34385,1.34465,15667.9
2026-05-26T16:39:00+00:00,1.34465,1.34305,1.34305,1.34465,5690.7
2026-05-26T16:40:00+00:00,1.34305,1.34225,1.34225,1.34305,10677.5
2026-05-26T16:41:00+00:00,1.34225,1.34245,1.34155,1.34245,9118.5
2026-05-26T16:42:00+00:00,1.34275,1.34345,1.34275,1.34355,8526.7
2026-05-26T16:43:00+00:00,1.34345,1.34245,1.34245,1.34345,10543.4
2026-05-26T16:44:00+00:00,1.34235,1.34255,1.34225,1.34265,499.2
2026-05-26T16:45:00+00:00,1.34255,1.34315,1.34255,1.34335,6395.5
2026-05-26T16:46:00+00:00,1.34315,1.34365,1.34275,1.34365,13159.6
2026-05-26T16:47:00+00:00,1.34375,1.34295,1.34295,1.34395,46873.6
2026-05-26T16:48:00+00:00,1.34285,1.34245,1.34215,1.34295,14116.4
2026-05-26T16:49:00+00:00,1.34235,1.34115,1.34115,1.34255,11591.1
2026-05-26T16:50:00+00:00,1.34115,1.34075,1.34075,1.34155,15785.2
2026-05-26T16:51:00+00:00,1.34115,1.34005,1.33985,1.34155,248134.5
2026-05-26T16:52:00+00:00,1.34005,1.33925,1.33925,1.34015,59968.0
2026-05-26T16:53:00+00:00,1.33925,1.33925,1.33875,1.33925,91075.7
2026-05-26T16:54:00+00:00,1.33925,1.34035,1.33925,1.34045,23799.3
2026-05-26T16:55:00+00:00,1.34035,1.34085,1.34035,1.34085,5203.5
2026-05-26T16:56:00+00:00,1.34085,1.34045,1.34045,1.34115,11202.9
2026-05-26T16:57:00+00:00,1.34045,1.34075,1.34045,1.34115,8720.4
2026-05-26T16:58:00+00:00,1.34095,1.34105,1.34085,1.34115,64893.3
2026-05-26T16:59:00+00:00,1.34105,1.34105,1.34085,1.34125,33051.0
2026-05-26T17:00:00+00:00,1.34115,1.34135,1.34105,1.34135,5845.7
2026-05-26T17:01:00+00:00,1.34135,1.34165,1.34125,1.34165,1661.8
2026-05-26T17:02:00+00:00,1.34165,1.34255,1.34165,1.34265,8065.9
2026-05-26T17:03:00+00:00,1.34245,1.34325,1.34245,1.34355,4161.6
2026-05-26T17:04:00+00:00,1.34325,1.34255,1.34255,1.34365,21363.5
2026-05-26T17:05:00+00:00,1.34255,1.34185,1.34185,1.34255,30347.8
2026-05-26T17:06:00+00:00,1.34185,1.34135,1.34065,1.34185,24326.7
2026-05-26T17:07:00+00:00,1.34135,1.34025,1.34025,1.34155,15854.6
2026-05-26T17:08:00+00:00,1.34045,1.34085,1.34045,1.34085,10437.9
2026-05-26T17:09:00+00:00,1.34085,1.34165,1.34085,1.34175,8561.2
2026-05-26T17:10:00+00:00,1.34165,1.34165,1.34125,1.34175,2769.7
2026-05-26T17:11:00+00:00,1.34165,1.34145,1.34145,1.34205,3335.2
2026-05-26T17:12:00+00:00,1.34145,1.34095,1.34065,1.34145,1091.3
2026-05-26T17:13:00+00:00,1.34095,1.34105,1.34085,1.34105,7778.9
2026-05-26T17:14:00+00:00,1.34105,1.34015,1.34015,1.34105,4048.7
2026-05-26T17:15:00+00:00,1.34015,1.33975,1.33975,1.34015,3510.1
2026-05-26T17:16:00+00:00,1.33975,1.33925,1.33915,1.34015,17481.8
2026-05-26T17:17:00+00:00,1.33935,1.33885,1.33875,1.33975,27055.7
2026-05-26T17:18:00+00:00,1.33885,1.33745,1.33695,1.33885,145586.1
2026-05-26T17:19:00+00:00,1.33745,1.33695,1.33655,1.33775,86441.3
2026-05-26T17:20:00+00:00,1.33685,1.33465,1.33435,1.33685,172806.4
2026-05-26T17:21:00+00:00,1.33485,1.33545,1.33445,1.33585,62272.3
2026-05-26T17:22:00+00:00,1.33535,1.33615,1.33505,1.33615,108604.4
2026-05-26T17:23:00+00:00,1.33615,1.33435,1.33425,1.33625,21141.7
2026-05-26T17:24:00+00:00,1.33435,1.33425,1.33425,1.33485,100351.2
2026-05-26T17:25:00+00:00,1.33425,1.33375,1.33305,1.33425,71859.3
2026-05-26T17:26:00+00:00,1.33375,1.33305,1.33175,1.33395,281366.2
2026-05-26T17:27:00+00:00,1.33325,1.33275,1.33275,1.33325,79869.5
2026-05-26T17:28:00+00:00,1.33245,1.33145,1.33105,1.33265,242129.7
2026-05-26T17:29:00+00:00,1.33125,1.33075,1.33045,1.33135,280987.0
2026-05-26T17:30:00+00:00,1.33085,1.33025,1.32815,1.33125,723672.5
2026-05-26T17:31:00+00:00,1.33025,1.32875,1.32755,1.33045,317905.8
2026-05-26T17:32:00+00:00,1.32845,1.32945,1.32845,1.32985,117274.0
2026-05-26T17:33:00+00:00,1.32945,1.32825,1.32735,1.32945,211374.8
2026-05-26T17:34:00+00:00,1.32825,1.32915,1.32805,1.32935,92354.9
2026-05-26T17:35:00+00:00,1.32915,1.33065,1.32855,1.33065,145991.6
2026-05-26T17:36:00+00:00,1.33065,1.33185,1.33055,1.33185,106454.8
2026-05-26T17:37:00+00:00,1.33185,1.33225,1.33145,1.33225,144227.4
2026-05-26T17:38:00+00:00,1.33225,1.33305,1.33215,1.33355,195246.8
2026-05-26T17:39:00+00:00,1.33315,1.33275,1.33235,1.33335,70755.1
2026-05-26T17:40:00+00:00,1.33275,1.33165,1.33165,1.33305,36783.2
2026-05-26T17:41:00+00:00,1.33145,1.33155,1.33135,1.33195,76371.5
2026-05-26T17:42:00+00:00,1.33155,1.33195,1.33155,1.33235,26686.4
2026-05-26T17:43:00+00:00,1.33195,1.33235,1.33145,1.33245,107777.7
2026-05-26T17:44:00+00:00,1.33235,1.33315,1.33235,1.33325,20501.5
2026-05-26T17:45:00+00:00,1.33315,1.33365,1.33295,1.33395,85307.6
2026-05-26T17:46:00+00:00,1.33365,1.33405,1.33335,1.33435,20905.7
2026-05-26T17:47:00+00:00,1.33405,1.33335,1.33315,1.33405,24689.2
2026-05-26T17:48:00+00:00,1.33335,1.33415,1.33315,1.33425,24251.4
2026-05-26T17:49:00+00:00,1.33415,1.33505,1.33415,1.33605,132444.7
2026-05-26T17:50:00+00:00,1.33515,1.33445,1.33445,1.33525,13880.3
2026-05-26T17:51:00+00:00,1.33445,1.33525,1.33435,1.33525,10617.5
2026-05-26T17:52:00+00:00,1.33525,1.33425,1.33425,1.33525,11864.3
2026-05-26T17:53:00+00:00,1.33425,1.33575,1.33425,1.33575,89919.2
2026-05-26T17:54:00+00:00,1.33575,1.33435,1.33425,1.33575,20068.7
2026-05-26T17:55:00+00:00,1.33435,1.33405,1.33385,1.33435,19628.1
2026-05-26T17:56:00+00:00,1.33405,1.33455,1.33405,1.33515,38270.8
2026-05-26T17:57:00+00:00,1.33455,1.33475,1.33385,1.33475,11477.2
2026-05-26T17:58:00+00:00,1.33475,1.33425,1.33425,1.33475,1594.0
2026-05-26T17:59:00+00:00,1.33425,1.33325,1.33275,1.33425,154095.9
2026-05-26T18:00:00+00:00,1.33325,1.33275,1.33195,1.33325,71942.2
2026-05-26T18:01:00+00:00,1.33275,1.33285,1.33215,1.33315,34606.3
2026-05-26T18:02:00+00:00,1.33285,1.33195,1.33165,1.33285,39681.9
2026-05-26T18:03:00+00:00,1.33155,1.33265,1.33145,1.33285,65487.4
2026-05-26T18:04:00+00:00,1.33265,1.33385,1.33265,1.33385,11697.6
2026-05-26T18:05:00+00:00,1.33395,1.33315,1.33315,1.33415,18180.0
2026-05-26T18:06:00+00:00,1.33315,1.33365,1.33295,1.33365,1219.3
2026-05-26T18:07:00+00:00,1.33345,1.33385,1.33335,1.33385,7368.9
2026-05-26T18:08:00+00:00,1.33385,1.33395,1.33385,1.33435,20422.4
2026-05-26T18:09:00+00:00,1.33395,1.33445,1.33395,1.33505,45799.7
2026-05-26T18:10:00+00:00,1.33455,1.33395,1.33365,1.33455,8250.1
2026-05-26T18:11:00+00:00,1.33395,1.33385,1.33315,1.33405,4651.8
2026-05-26T18:12:00+00:00,1.33385,1.33425,1.33385,1.33425,7780.5
2026-05-26T18:13:00+00:00,1.33425,1.33425,1.33405,1.33425,1677.2
2026-05-26T18:14:00+00:00,1.33425,1.33455,1.33405,1.33465,28633.2
2026-05-26T18:15:00+00:00,1.33455,1.33465,1.33445,1.33505,10340.6
2026-05-26T18:16:00+00:00,1.33465,1.33495,1.33445,1.33495,8238.7
2026-05-26T18:17:00+00:00,1.33495,1.33595,1.33465,1.33595,3586.5
2026-05-26T18:18:00+00:00,1.33595,1.33655,1.33595,1.33715,21144.7
2026-05-26T18:19:00+00:00,1.33665,1.33685,1.33655,1.33745,2760.4
2026-05-26T18:20:00+00:00,1.33685,1.33715,1.33685,1.33725,9388.7
2026-05-26T18:21:00+00:00,1.33715,1.33785,1.33665,1.33795,6155.4
2026-05-26T18:22:00+00:00,1.33785,1.33785,1.33755,1.33845,20131.7
2026-05-26T18:23:00+00:00,1.33785,1.33845,1.33785,1.33845,59820.5
2026-05-26T18:24:00+00:00,1.33845,1.33785,1.33785,1.33845,7560.2
2026-05-26T18:25:00+00:00,1.33785,1.33875,1.33785,1.33885,1723.9
2026-05-26T18:26:00+00:00,1.33875,1.33785,1.33785,1.33875,2614.9
2026-05-26T18:27:00+00:00,1.33785,1.33675,1.33675,1.33785,6325.3
2026-05-26T18:28:00+00:00,1.33675,1.33625,1.33625,1.33685,9603.4
2026-05-26T18:29:00+00:00,1.33625,1.33685,1.33625,1.33685,1301.9
2026-05-26T18:30:00+00:00,1.33685,1.33625,1.33605,1.33695,2792.8
2026-05-26T18:31:00+00:00,1.33625,1.33695,1.33625,1.33695,17761.0
2026-05-26T18:32:00+00:00,1.33715,1.33635,1.33635,1.33725,5144.0
2026-05-26T18:33:00+00:00,1.33635,1.33735,1.33635,1.33735,809.5
2026-05-26T18:34:00+00:00,1.33735,1.33735,1.33705,1.33735,639.8
2026-05-26T18:35:00+00:00,1.33735,1.33645,1.33645,1.33735,6166.0
2026-05-26T18:36:00+00:00,1.33645,1.33495,1.33495,1.33665,6220.2
2026-05-26T18:37:00+00:00,1.33495,1.33485,1.33475,1.33495,17942.5
2026-05-26T18:38:00+00:00,1.33485,1.33505,1.33425,1.33505,5268.5
2026-05-26T18:39:00+00:00,1.33485,1.33465,1.33455,1.33495,12389.4
2026-05-26T18:40:00+00:00,1.33475,1.33255,1.33255,1.33475,35111.3
2026-05-26T18:41:00+00:00,1.33265,1.33315,1.33235,1.33315,4471.9
2026-05-26T18:42:00+00:00,1.33315,1.33275,1.33255,1.33315,38374.9
2026-05-26T18:43:00+00:00,1.33275,1.33105,1.33085,1.33275,113625.2
2026-05-26T18:44:00+00:00,1.33105,1.33045,1.33015,1.33115,24164.2
2026-05-26T18:45:00+00:00,1.33065,1.33145,1.33045,1.33165,18852.2
2026-05-26T18:46:00+00:00,1.33145,1.33165,1.33135,1.33185,20709.9
2026-05-26T18:47:00+00:00,1.33165,1.33275,1.33165,1.33275,19193.6
2026-05-26T18:48:00+00:00,1.33275,1.33285,1.33275,1.33295,109.9
2026-05-26T18:49:00+00:00,1.33235,1.33225,1.33185,1.33235,5604.0
2026-05-26T18:50:00+00:00,1.33215,1.33225,1.33185,1.33225,1919.3
2026-05-26T18:51:00+00:00,1.33225,1.33245,1.33225,1.33245,17856.9
2026-05-26T18:52:00+00:00,1.33245,1.33345,1.33245,1.33345,10382.7
2026-05-26T18:53:00+00:00,1.33345,1.33295,1.33295,1.33345,1894.7
2026-05-26T18:54:00+00:00,1.33295,1.33305,1.33295,1.33375,3626.1
2026-05-26T18:55:00+00:00,1.33305,1.33205,1.33205,1.33315,147303.6
2026-05-26T18:56:00+00:00,1.33205,1.33165,1.33165,1.33205,408.3
2026-05-26T18:57:00+00:00,1.33165,1.33075,1.33055,1.33165,32389.1
2026-05-26T18:58:00+00:00,1.33075,1.32915,1.32895,1.33075,128969.6
2026-05-26T18:59:00+00:00,1.32915,1.33005,1.32915,1.33015,6734.5
2026-05-26T19:00:00+00:00,1.33015,1.32985,1.32975,1.33065,6564.2
2026-05-26T19:01:00+00:00,1.32985,1.33045,1.32955,1.33045,24035.8
2026-05-26T19:02:00+00:00,1.33045,1.33095,1.33045,1.33125,26778.7
2026-05-26T19:03:00+00:00,1.33115,1.33195,1.33115,1.33195,20351.0
2026-05-26T19:04:00+00:00,1.33145,1.33085,1.33055,1.33145,88239.9
2026-05-26T19:05:00+00:00,1.33085,1.33075,1.33045,1.33155,29505.2
2026-05-26T19:06:00+00:00,1.33075,1.33105,1.33065,1.33105,14082.2
2026-05-26T19:07:00+00:00,1.33105,1.33095,1.33075,1.33115,7944.9
2026-05-26T19:08:00+00:00,1.33095,1.33115,1.33095,1.33185,21975.3
2026-05-26T19:09:00+00:00,1.33115,1.33135,1.33105,1.33155,1969.5
2026-05-26T19:10:00+00:00,1.33135,1.33075,1.33065,1.33185,9292.3
2026-05-26T19:11:00+00:00,1.33075,1.33045,1.33025,1.33075,1311.7
2026-05-26T19:12:00+00:00,1.33045,1.33005,1.33005,1.33045,37525.9
2026-05-26T19:13:00+00:00,1.33005,1.32995,1.32975,1.33045,33183.1
2026-05-26T19:14:00+00:00,1.32975,1.32895,1.32865,1.32975,69686.9
2026-05-26T19:15:00+00:00,1.32895,1.32825,1.32725,1.32895,44102.9
2026-05-26T19:16:00+00:00,1.32825,1.32905,1.32795,1.32905,55691.3
2026-05-26T19:17:00+00:00,1.32885,1.32915,1.32865,1.32915,38683.8
2026-05-26T19:18:00+00:00,1.32915,1.32965,1.32905,1.32995,33444.2
2026-05-26T19:19:00+00:00,1.32965,1.32955,1.32935,1.32975,21705.2
2026-05-26T19:20:00+00:00,1.32955,1.33015,1.32955,1.33015,3427.4
2026-05-26T19:21:00+00:00,1.33015,1.32935,1.32885,1.33015,14276.2
2026-05-26T19:22:00+00:00,1.32955,1.32915,1.32905,1.32955,22659.7
2026-05-26T19:23:00+00:00,1.32915,1.32925,1.32915,1.32925,123.3
2026-05-26T19:24:00+00:00,1.32925,1.32925,1.32925,1.32965,16891.9
2026-05-26T19:25:00+00:00,1.32945,1.33035,1.32945,1.33045,36063.7
2026-05-26T19:26:00+00:00,1.33035,1.33055,1.32945,1.33065,58006.2
2026-05-26T19:27:00+00:00,1.33055,1.33015,1.33005,1.33055,3480.6
2026-05-26T19:28:00+00:00,1.33015,1.33035,1.33015,1.33035,26336.0
2026-05-26T19:29:00+00:00,1.33035,1.33015,1.33015,1.33035,30847.6
2026-05-26T19:30:00+00:00,1.33015,1.33045,1.32985,1.33055,17786.4
2026-05-26T19:31:00+00:00,1.33045,1.33135,1.33035,1.33135,120900.8
2026-05-26T19:32:00+00:00,1.33145,1.33165,1.33145,1.33185,4909.9
2026-05-26T19:33:00+00:00,1.33165,1.33075,1.33065,1.33165,13322.5
2026-05-26T19:34:00+00:00,1.33075,1.33095,1.33075,1.33115,115073.9
2026-05-26T19:35:00+00:00,1.33095,1.33005,1.33005,1.33095,10023.0
2026-05-26T19:36:00+00:00,1.33005,1.33095,1.33005,1.33115,28310.7
2026-05-26T19:37:00+00:00,1.33095,1.33155,1.33085,1.33155,18602.8
2026-05-26T19:38:00+00:00,1.33155,1.33245,1.33155,1.33245,9448.6
2026-05-26T19:39:00+00:00,1.33245,1.33275,1.33225,1.33285,91741.4
2026-05-26T19:40:00+00:00,1.33275,1.33255,1.33235,1.33305,25872.4
2026-05-26T19:41:00+00:00,1.33255,1.33325,1.33255,1.33325,29621.7
2026-05-26T19:42:00+00:00,1.33325,1.33465,1.33325,1.33465,184719.6
2026-05-26T19:43:00+00:00,1.33465,1.33465,1.33455,1.33485,10980.8
2026-05-26T19:44:00+00:00,1.33465,1.33385,1.33385,1.33465,21792.1
2026-05-26T19:45:00+00:00,1.33385,1.33425,1.33345,1.33435,55691.1
2026-05-26T19:46:00+00:00,1.33425,1.33355,1.33355,1.33425,39033.2
2026-05-26T19:47:00+00:00,1.33355,1.33315,1.33315,1.33355,15604.7
2026-05-26T19:48:00+00:00,1.33325,1.33335,1.33275,1.33345,12463.3
2026-05-26T19:49:00+00:00,1.33335,1.33285,1.33285,1.33335,7928.1
2026-05-26T19:50:00+00:00,1.33305,1.33385,1.33305,1.33395,94976.7
2026-05-26T19:51:00+00:00,1.33385,1.33375,1.33355,1.33385,4489.0
2026-05-26T19:52:00+00:00,1.33375,1.33425,1.33375,1.33425,17802.8
2026-05-26T19:53:00+00:00,1.33425,1.33435,1.33425,1.33455,10101.0
2026-05-26T19:54:00+00:00,1.33435,1.33355,1.33355,1.33435,2383.7
2026-05-26T19:55:00+00:00,1.33355,1.33315,1.33295,1.33355,14719.2
2026-05-26T19:56:00+00:00,1.33315,1.33325,1.33315,1.33325,4841.7
2026-05-26T19:57:00+00:00,1.33325,1.33315,1.33305,1.33335,13697.0
2026-05-26T19:58:00+00:00,1.33315,1.33255,1.33255,1.33315,6840.7
2026-05-26T19:59:00+00:00,1.33235,1.33235,1.33205,1.33255,59752.9
2026-05-26T20:00:00+00:00,1.33265,1.33195,1.33185,1.33295,87490.5
2026-05-26T20:01:00+00:00,1.33185,1.33215,1.33185,1.33255,47995.3
2026-05-26T20:02:00+00:00,1.33215,1.33265,1.33155,1.33285,12123.2
2026-05-26T20:03:00+00:00,1.33265,1.33205,1.33175,1.33265,21898.9
2026-05-26T20:04:00+00:00,1.33205,1.33255,1.33205,1.33255,516.9
2026-05-26T20:05:00+00:00,1.33245,1.33255,1.33225,1.33295,15841.7
2026-05-26T20:06:00+00:00,1.33255,1.33235,1.33205,1.33255,2311.4
2026-05-26T20:07:00+00:00,1.33235,1.33205,1.33205,1.33255,3023.0
2026-05-26T20:08:00+00:00,1.33205,1.33265,1.33205,1.33265,20044.8
2026-05-26T20:09:00+00:00,1.33265,1.33245,1.33225,1.33275,18235.9
2026-05-26T20:10:00+00:00,1.33245,1.33305,1.33215,1.33305,1814.3
2026-05-26T20:11:00+00:00,1.33305,1.33315,1.33285,1.33345,31819.3
2026-05-26T20:12:00+00:00,1.33315,1.33285,1.33285,1.33325,92779.7
2026-05-26T20:13:00+00:00,1.33285,1.33295,1.33285,1.33325,20760.3
2026-05-26T20:14:00+00:00,1.33295,1.33305,1.33285,1.33305,494.9
2026-05-26T20:15:00+00:00,1.33305,1.33265,1.33265,1.33315,514.4
2026-05-26T20:16:00+00:00,1.33265,1.33305,1.33255,1.33305,606.5
2026-05-26T20:17:00+00:00,1.33305,1.33235,1.33235,1.33325,75196.8
2026-05-26T20:18:00+00:00,1.33245,1.33235,1.33225,1.33295,23615.2
2026-05-26T20:19:00+00:00,1.33235,1.33185,1.33185,1.33235,368.0
2026-05-26T20:20:00+00:00,1.33185,1.33155,1.33145,1.33195,9451.2
2026-05-26T20:21:00+00:00,1.33155,1.33155,1.33155,1.33195,6602.2
2026-05-26T20:22:00+00:00,1.33155,1.33135,1.33115,1.33155,457.2
2026-05-26T20:23:00+00:00,1.33135,1.33225,1.33135,1.33255,28746.0
2026-05-26T20:24:00+00:00,1.33225,1.33185,1.33175,1.33225,2868.7
2026-05-26T20:25:00+00:00,1.33185,1.33175,1.33175,1.33215,1107.3
2026-05-26T20:26:00+00:00,1.33175,1.33265,1.33175,1.33265,43964.0
2026-05-26T20:27:00+00:00,1.33265,1.33335,1.33265,1.33335,2749.5
2026-05-26T20:28:00+00:00,1.33335,1.33375,1.33335,1.33395,7585.2
2026-05-26T20:29:00+00:00,1.33375,1.33395,1.33375,1.33395,63.0
2026-05-26T20:30:00+00:00,1.33395,1.33365,1.33335,1.33425,6045.3
2026-05-26T20:31:00+00:00,1.33365,1.33365,1.33365,1.33405,15616.8
2026-05-26T20:32:00+00:00,1.33365,1.33365,1.33365,1.33425,3167.2
2026-05-26T20:33:00+00:00,1.33365,1.33325,1.33305,1.33365,13402.3
2026-05-26T20:34:00+00:00,1.33325,1.33285,1.33255,1.33345,15358.8
2026-05-26T20:35:00+00:00,1.33285,1.33265,1.33255,1.33315,9271.1
2026-05-26T20:36:00+00:00,1.33285,1.33245,1.33235,1.33285,11421.8
2026-05-26T20:37:00+00:00,1.33245,1.33205,1.33195,1.33245,68494.8
2026-05-26T20:38:00+00:00,1.33205,1.33325,1.33205,1.33325,20541.2
2026-05-26T20:39:00+00:00,1.33325,1.33295,1.33295,1.33335,26212.5
2026-05-26T20:40:00+00:00,1.33295,1.33245,1.33245,1.33295,2918.0
2026-05-26T20:41:00+00:00,1.33245,1.33325,1.33245,1.33325,15536.1
2026-05-26T20:42:00+00:00,1.33325,1.33335,1.33315,1.33345,9147.8
2026-05-26T20:43:00+00:00,1.33335,1.33295,1.33275,1.33335,5282.6
2026-05-26T20:44:00+00:00,1.33295,1.33305,1.33295,1.33305,164.4
2026-05-26T20:45:00+00:00,1.33305,1.33305,1.33295,1.33345,3787.2
2026-05-26T20:46:00+00:00,1.33305,1.33355,1.33305,1.33365,961.6
2026-05-26T20:47:00+00:00,1.33355,1.33365,1.33355,1.33385,1301.2
2026-05-26T20:48:00+00:00,1.33365,1.33385,1.33355,1.33385,1970.5
2026-05-26T20:49:00+00:00,1.33385,1.33335,1.33335,1.33415,9796.8
2026-05-26T20:50:00+00:00,1.33335,1.33345,1.33325,1.33375,7336.9
2026-05-26T20:51:00+00:00,1.33345,1.33395,1.33345,1.33395,5498.3
2026-05-26T20:52:00+00:00,1.33395,1.33345,1.33335,1.33395,11038.3
2026-05-26T20:53:00+00:00,1.33345,1.33345,1.33345,1.33345,0.0
2026-05-26T20:54:00+00:00,1.33345,1.33335,1.33325,1.33345,1640.8
2026-05-26T20:55:00+00:00,1.33335,1.33335,1.33335,1.33365,17554.5
2026-05-26T20:56:00+00:00,1.33335,1.33365,1.33335,1.33365,8355.8
2026-05-26T20:57:00+00:00,1.33365,1.33365,1.33365,1.33365,0.0
2026-05-26T20:58:00+00:00,1.33365,1.33315,1.33315,1.33365,9630.5
2026-05-26T20:59:00+00:00,1.33315,1.33355,1.33315,1.33355,18565.4
2026-05-26T21:00:00+00:00,1.33355,1.33315,1.33315,1.33355,766.3
2026-05-26T21:01:00+00:00,1.33315,1.33375,1.33315,1.33375,3928.0
2026-05-26T21:02:00+00:00,1.33375,1.33315,1.33315,1.33375,8742.9
2026-05-26T21:03:00+00:00,1.33315,1.33245,1.33245,1.33315,1223.6
2026-05-26T21:04:00+00:00,1.33245,1.33225,1.33205,1.33245,8937.0
2026-05-26T21:05:00+00:00,1.33215,1.33185,1.33175,1.33215,10457.3
2026-05-26T21:06:00+00:00,1.33185,1.33155,1.33155,1.33205,16871.3
2026-05-26T21:07:00+00:00,1.33155,1.33155,1.33135,1.33155,1204.1
2026-05-26T21:08:00+00:00,1.33155,1.33205,1.33155,1.33205,3378.7
2026-05-26T21:09:00+00:00,1.33205,1.33175,1.33175,1.33205,2243.4
2026-05-26T21:10:00+00:00,1.33175,1.33075,1.33075,1.33175,6076.5
2026-05-26T21:11:00+00:00,1.33075,1.33105,1.33075,1.33115,2263.4
2026-05-26T21:12:00+00:00,1.33105,1.33065,1.33055,1.33105,26716.6
2026-05-26T21:13:00+00:00,1.33035,1.32875,1.32865,1.33035,80896.9
2026-05-26T21:14:00+00:00,1.32875,1.32915,1.32875,1.32955,70068.0
2026-05-26T21:15:00+00:00,1.32915,1.32985,1.32885,1.32985,42154.9
2026-05-26T21:16:00+00:00,1.32985,1.33025,1.32945,1.33025,10945.2
2026-05-26T21:17:00+00:00,1.33025,1.33045,1.33005,1.33045,12637.6
2026-05-26T21:18:00+00:00,1.33045,1.33055,1.33045,1.33085,3547.9
2026-05-26T21:19:00+00:00,1.33065,1.33095,1.33065,1.33115,841.1
2026-05-26T21:20:00+00:00,1.33095,1.33145,1.33085,1.33145,3541.2
2026-05-26T21:21:00+00:00,1.33145,1.33155,1.33145,1.33155,269.3
2026-05-26T21:22:00+00:00,1.33155,1.33175,1.33155,1.33185,7433.4
2026-05-26T21:23:00+00:00,1.33175,1.33195,1.33175,1.33195,14759.1
2026-05-26T21:24:00+00:00,1.33195,1.33225,1.33195,1.33225,26312.9
2026-05-26T21:25:00+00:00,1.33195,1.33285,1.33195,1.33285,15152.1
2026-05-26T21:26:00+00:00,1.33285,1.33315,1.33285,1.33315,2860.5
2026-05-26T21:27:00+00:00,1.33315,1.33295,1.33295,1.33315,1504.8
2026-05-26T21:28:00+00:00,1.33295,1.33285,1.33285,1.33295,53.9
2026-05-26T21:29:00+00:00,1.33295,1.33305,1.33295,1.33305,903.3
2026-05-26T21:30:00+00:00,1.33305,1.33345,1.33305,1.33345,242.3
2026-05-26T21:31:00+00:00,1.33345,1.33385,1.33345,1.33395,5141.7
2026-05-26T21:32:00+00:00,1.33385,1.33395,1.33385,1.33395,8339.3
2026-05-26T21:33:00+00:00,1.33395,1.33365,1.33355,1.33395,15720.9
2026-05-26T21:34:00+00:00,1.33365,1.33345,1.33325,1.33365,88842.7
2026-05-26T21:35:00+00:00,1.33345,1.33355,1.33345,1.33355,10273.5
2026-05-26T21:36:00+00:00,1.33355,1.33345,1.33345,1.33355,555.3
2026-05-26T21:37:00+00:00,1.33345,1.33345,1.33345,1.33345,0.0
2026-05-26T21:38:00+00:00,1.33345,1.33385,1.33345,1.33385,11378.0
2026-05-26T21:39:00+00:00,1.33385,1.33385,1.33385,1.33385,0.0
2026-05-26T21:40:00+00:00,1.33385,1.33335,1.33335,1.33385,45187.3
2026-05-26T21:41:00+00:00,1.33335,1.33315,1.33295,1.33345,72200.4
2026-05-26T21:42:00+00:00,1.33315,1.33355,1.33315,1.33355,7364.3
2026-05-26T21:43:00+00:00,1.33365,1.33405,1.33365,1.33405,32885.7
2026-05-26T21:44:00+00:00,1.33405,1.33375,1.33355,1.33405,4955.9
2026-05-26T21:45:00+00:00,1.33375,1.33415,1.33375,1.33415,20442.4
2026-05-26T21:46:00+00:00,1.33415,1.33455,1.33415,1.33455,11998.6
2026-05-26T21:47:00+00:00,1.33455,1.33425,1.33425,1.33455,25737.4
2026-05-26T21:48:00+00:00,1.33425,1.33435,1.33425,1.33435,258.6
2026-05-26T21:49:00+00:00,1.33435,1.33405,1.33405,1.33465,110214.3
2026-05-26T21:50:00+00:00,1.33405,1.33375,1.33365,1.33405,14695.8
2026-05-26T21:51:00+00:00,1.33375,1.33325,1.33325,1.33375,24503.5
2026-05-26T21:52:00+00:00,1.33315,1.33335,1.33315,1.33335,7168.8
2026-05-26T21:53:00+00:00,1.33335,1.33355,1.33335,1.33365,20255.3
2026-05-26T21:54:00+00:00,1.33355,1.33175,1.33175,1.33355,47837.7
2026-05-26T21:55:00+00:00,1.33175,1.33185,1.33175,1.33225,18631.2
2026-05-26T21:56:00+00:00,1.33185,1.33135,1.33115,1.33185,18165.6
2026-05-26T21:57:00+00:00,1.33135,1.33155,1.33135,1.33155,624.2
2026-05-26T21:58:00+00:00,1.33155,1.33095,1.33065,1.33155,28268.6
2026-05-26T21:59:00+00:00,1.33095,1.33165,1.33095,1.33165,57096.9
2026-05-26T22:00:00+00:00,1.33185,1.33195,1.33125,1.33195,51260.2
2026-05-26T22:01:00+00:00,1.33195,1.33205,1.33195,1.33205,797.6
2026-05-26T22:02:00+00:00,1.33205,1.33215,1.33205,1.33215,0.0
2026-05-26T22:03:00+00:00,1.33215,1.33355,1.33215,1.33385,58177.9
2026-05-26T22:04:00+00:00,1.33365,1.33185,1.33165,1.33365,37313.8
2026-05-26T22:05:00+00:00,1.33185,1.33015,1.32995,1.33195,45081.7
2026-05-26T22:06:00+00:00,1.33015,1.33115,1.32975,1.33115,79224.6
2026-05-26T22:07:00+00:00,1.33115,1.33025,1.33005,1.33115,3577.2
2026-05-26T22:08:00+00:00,1.33025,1.33115,1.33025,1.33115,14898.2
2026-05-26T22:09:00+00:00,1.33115,1.33095,1.33095,1.33165,63412.3
2026-05-26T22:10:00+00:00,1.33095,1.33075,1.33065,1.33115,6855.7
2026-05-26T22:11:00+00:00,1.33075,1.33085,1.32995,1.33085,38048.8
2026-05-26T22:12:00+00:00,1.33085,1.33005,1.33005,1.33085,48002.2
2026-05-26T22:13:00+00:00,1.33005,1.33125,1.32955,1.33155,66676.8
2026-05-26T22:14:00+00:00,1.33135,1.33105,1.33105,1.33145,8015.5
2026-05-26T22:15:00+00:00,1.33105,1.33075,1.33055,1.33115,4953.0
2026-05-26T22:16:00+00:00,1.33075,1.33075,1.33035,1.33095,3692.7
2026-05-26T22:17:00+00:00,1.33075,1.33115,1.33055,1.33115,3815.0
2026-05-26T22:18:00+00:00,1.33115,1.33135,1.33105,1.33155,70135.4
2026-05-26T22:19:00+00:00,1.33135,1.33085,1.33055,1.33135,5808.7
2026-05-26T22:20:00+00:00,1.33085,1.33115,1.33075,1.33135,6195.4
2026-05-26T22:21:00+00:00,1.33115,1.33185,1.33115,1.33185,34545.0
2026-05-26T22:22:00+00:00,1.33185,1.33155,1.33105,1.33185,1434.0
2026-05-26T22:23:00+00:00,1.33155,1.33155,1.33155,1.33215,3204.8
2026-05-26T22:24:00+00:00,1.33155,1.33205,1.33155,1.33205,233.8
2026-05-26T22:25:00+00:00,1.33205,1.33175,1.33175,1.33235,32447.3
2026-05-26T22:26:00+00:00,1.33175,1.33045,1.33045,1.33175,58242.0
2026-05-26T22:27:00+00:00,1.33045,1.33085,1.33045,1.33085,26714.0
2026-05-26T22:28:00+00:00,1.33085,1.33065,1.33055,1.33085,25455.4
2026-05-26T22:29:00+00:00,1.33065,1.33095,1.33065,1.33105,20490.6
2026-05-26T22:30:00+00:00,1.33095,1.33095,1.33065,1.33155,12803.3
2026-05-26T22:31:00+00:00,1.33095,1.33115,1.33095,1.33145,2372.0
2026-05-26T22:32:00+00:00,1.33115,1.33155,1.33105,1.33155,4204.0
2026-05-26T22:33:00+00:00,1.33155,1.33115,1.33105,1.33155,43745.0
2026-05-26T22:34:00+00:00,1.33115,1.33145,1.33105,1.33155,887.0
2026-05-26T22:35:00+00:00,1.33145,1.33145,1.33135,1.33165,29458.7
2026-05-26T22:36:00+00:00,1.33145,1.33115,1.33115,1.33165,5351.4
2026-05-26T22:37:00+00:00,1.33105,1.33115,1.33095,1.33145,39567.8
2026-05-26T22:38:00+00:00,1.33115,1.33075,1.33035,1.33115,48428.4
2026-05-26T22:39:00+00:00,1.33075,1.33025,1.33015,1.33085,9511.8
2026-05-26T22:40:00+00:00,1.33025,1.33015,1.32965,1.33025,22027.7
2026-05-26T22:41:00+00:00,1.33015,1.32985,1.32965,1.33025,29698.7
2026-05-26T22:42:00+00:00,1.32985,1.33025,1.32975,1.33055,29910.1
2026-05-26T22:43:00+00:00,1.33025,1.33015,1.33005,1.33035,1833.5
2026-05-26T22:44:00+00:00,1.33015,1.32975,1.32965,1.33015,2008.6
2026-05-26T22:45:00+00:00,1.32975,1.32935,1.32935,1.32975,45034.3
2026-05-26T22:46:00+00:00,1.32935,1.32905,1.32905,1.32935,2653.8
2026-05-26T22:47:00+00:00,1.32905,1.32985,1.32895,1.32985,1825.3
2026-05-26T22:48:00+00:00,1.32985,1.32915,1.32885,1.32985,64077.3
2026-05-26T22:49:00+00:00,1.32915,1.32895,1.32885,1.32915,23348.9
2026-05-26T22:50:00+00:00,1.32895,1.32965,1.32885,1.32965,14373.2
2026-05-26T22:51:00+00:00,1.32965,1.32965,1.32915,1.32965,12721.5
2026-05-26T22:52:00+00:00,1.32965,1.32975,1.32965,1.32975,838.1
2026-05-26T22:53:00+00:00,1.32975,1.33025,1.32965,1.33035,8781.0
2026-05-26T22:54:00+00:00,1.33025,1.33005,1.33005,1.33045,18746.5
2026-05-26T22:55:00+00:00,1.33005,1.32955,1.32955,1.33005,5415.7
2026-05-26T22:56:00+00:00,1.32955,1.32915,1.32895,1.32955,21292.8
2026-05-26T22:57:00+00:00,1.32915,1.32935,1.32915,1.32935,139.6
2026-05-26T22:58:00+00:00,1.32935,1.32955,1.32935,1.32965,74066.6
2026-05-26T22:59:00+00:00,1.32955,1.32995,1.32955,1.32995,16336.4
2026-05-26T23:00:00+00:00,1.32995,1.33155,1.32995,1.33155,71777.1
2026-05-26T23:01:00+00:00,1.33155,1.33175,1.33095,1.33175,38996.4
2026-05-26T23:02:00+00:00,1.33175,1.33115,1.33105,1.33175,5900.3
2026-05-26T23:03:00+00:00,1.33115,1.33135,1.33115,1.33155,6756.8
2026-05-26T23:04:00+00:00,1.33135,1.33105,1.33105,1.33135,1711.1
2026-05-26T23:05:00+00:00,1.33105,1.33055,1.33055,1.33115,5796.7
2026-05-26T23:06:00+00:00,1.33055,1.33105,1.33055,1.33105,2870.2
2026-05-26T23:07:00+00:00,1.33105,1.33075,1.33075,1.33105,2140.0
2026-05-26T23:08:00+00:00,1.33075,1.33065,1.33065,1.33075,445.3
2026-05-26T23:09:00+00:00,1.33065,1.33115,1.33065,1.33125,5967.7
2026-05-26T23:10:00+00:00,1.33115,1.33135,1.33105,1.33135,1918.8
2026-05-26T23:11:00+00:00,1.33135,1.33135,1.33105,1.33165,42607.3
2026-05-26T23:12:00+00:00,1.33135,1.33155,1.33135,1.33155,174.3
2026-05-26T23:13:00+00:00,1.33155,1.33075,1.33075,1.33155,80222.1
2026-05-26T23:14:00+00:00,1.33095,1.33085,1.33085,1.33105,3056.6
2026-05-26T23:15:00+00:00,1.33085,1.33105,1.33085,1.33105,179.5
2026-05-26T23:16:00+00:00,1.33105,1.33055,1.33055,1.33105,11851.8
2026-05-26T23:17:00+00:00,1.33055,1.33065,1.33055,1.33065,764.6
2026-05-26T23:18:00+00:00,1.33065,1.33075,1.33065,1.33075,336.3
2026-05-26T23:19:00+00:00,1.33075,1.33095,1.33075,1.33095,1616.0
2026-05-26T23:20:00+00:00,1.33095,1.33075,1.33075,1.33095,25134.1
2026-05-26T23:21:00+00:00,1.33075,1.33095,1.33075,1.33135,31240.1
2026-05-26T23:22:00+00:00,1.33095,1.33095,1.33095,1.33095,0.0
2026-05-26T23:23:00+00:00,1.33095,1.33055,1.33055,1.33095,6446.2
2026-05-26T23:24:00+00:00,1.33065,1.33065,1.33065,1.33065,563.7
2026-05-26T23:25:00+00:00,1.33065,1.33065,1.33065,1.33065,0.0
2026-05-26T23:26:00+00:00,1.33065,1.33075,1.33025,1.33075,89124.3
2026-05-26T23:27:00+00:00,1.33075,1.33015,1.32975,1.33075,21700.2
2026-05-26T23:28:00+00:00,1.33015,1.33035,1.33015,1.33045,44948.7
2026-05-26T23:29:00+00:00,1.33035,1.33035,1.33025,1.33045,51083.4
2026-05-26T23:30:00+00:00,1.33035,1.33055,1.33035,1.33095,35073.7
2026-05-26T23:31:00+00:00,1.33055,1.33075,1.33055,1.33085,12013.8
2026-05-26T23:32:00+00:00,1.33075,1.33095,1.33075,1.33105,5895.3
2026-05-26T23:33:00+00:00,1.33095,1.33055,1.33055,1.33095,4519.7
2026-05-26T23:34:00+00:00,1.33055,1.33075,1.33055,1.33075,293.9
2026-05-26T23:35:00+00:00,1.33075,1.33055,1.33055,1.33075,9778.3
2026-05-26T23:36:00+00:00,1.33055,1.33055,1.33055,1.33065,11417.3
2026-05-26T23:37:00+00:00,1.33055,1.32995,1.32995,1.33055,3604.2
2026-05-26T23:38:00+00:00,1.32995,1.33085,1.32995,1.33085,9127.1
2026-05-26T23:39:00+00:00,1.33085,1.33045,1.33035,1.33115,5769.4
2026-05-26T23:40:00+00:00,1.33045,1.33045,1.33035,1.33105,12511.5
2026-05-26T23:41:00+00:00,1.33045,1.33015,1.33015,1.33045,2096.1
2026-05-26T23:42:00+00:00,1.33015,1.33025,1.33015,1.33025,11034.8
2026-05-26T23:43:00+00:00,1.33025,1.33025,1.33025,1.33025,0.0
2026-05-26T23:44:00+00:00,1.33025,1.33025,1.33025,1.33025,0.0
2026-05-26T23:45:00+00:00,1.33045,1.33015,1.33015,1.33055,16757.9
2026-05-26T23:46:00+00:00,1.33015,1.33005,1.33005,1.33015,2497.6
2026-05-26T23:47:00+00:00,1.33005,1.33005,1.33005,1.33035,15552.6
2026-05-26T23:48:00+00:00,1.33005,1.32995,1.32995,1.33025,15245.6
2026-05-26T23:49:00+00:00,1.32985,1.32995,1.32975,1.32995,5721.4
2026-05-26T23:50:00+00:00,1.32995,1.32905,1.32905,1.32995,10021.6
2026-05-26T23:51:00+00:00,1.32905,1.32905,1.32905,1.32925,53975.2
2026-05-26T23:52:00+00:00,1.32905,1.32905,1.32905,1.32905,0.0
2026-05-26T23:53:00+00:00,1.32905,1.32945,1.32905,1.32945,8396.6
2026-05-26T23:54:00+00:00,1.32945,1.32935,1.32915,1.32945,10747.4
2026-05-26T23:55:00+00:00,1.32935,1.32925,1.32925,1.32935,27.1
2026-05-26T23:56:00+00:00,1.32925,1.32915,1.32915,1.32925,9918.2
2026-05-26T23:57:00+00:00,1.32915,1.32905,1.32905,1.32925,1003.2
2026-05-26T23:58:00+00:00,1.32905,1.32905,1.32905,1.32925,76786.9
2026-05-26T23:59:00+00:00,1.32905,1.32905,1.32905,1.32905,0.0
2026-05-27T00:00:00+00:00,1.32925,1.33015,1.32915,1.33015,73575.1
2026-05-27T00:01:00+00:00,1.33015,1.33095,1.33015,1.33095,21495.7
2026-05-27T00:02:00+00:00,1.33095,1.33115,1.33095,1.33135,2696.4
2026-05-27T00:03:00+00:00,1.33105,1.33095,1.33045,1.33105,2170.9
2026-05-27T00:04:00+00:00,1.33095,1.33015,1.33015,1.33115,20147.0
2026-05-27T00:05:00+00:00,1.33015,1.33045,1.33015,1.33085,17342.2
2026-05-27T00:06:00+00:00,1.33045,1.33035,1.33035,1.33085,23508.6
2026-05-27T00:07:00+00:00,1.33035,1.33055,1.33025,1.33055,20289.5
2026-05-27T00:08:00+00:00,1.33055,1.33175,1.33055,1.33175,12668.8
2026-05-27T00:09:00+00:00,1.33175,1.33175,1.33155,1.33185,18985.6
2026-05-27T00:10:00+00:00,1.33175,1.33105,1.33105,1.33195,246861.8
2026-05-27T00:11:00+00:00,1.33105,1.33085,1.33075,1.33125,8254.1
2026-05-27T00:12:00+00:00,1.33085,1.33105,1.33085,1.33125,1380.5
2026-05-27T00:13:00+00:00,1.33115,1.33145,1.33115,1.33145,1511.0
2026-05-27T00:14:00+00:00,1.33155,1.33155,1.33155,1.33165,909.1
2026-05-27T00:15:00+00:00,1.33155,1.32975,1.32975,1.33155,43952.5
2026-05-27T00:16:00+00:00,1.32965,1.33005,1.32935,1.33005,27340.5
2026-05-27T00:17:00+00:00,1.33005,1.32975,1.32975,1.33005,2901.2
2026-05-27T00:18:00+00:00,1.32945,1.32895,1.32895,1.32945,1755.5
2026-05-27T00:19:00+00:00,1.32895,1.32915,1.32895,1.32915,318.8
2026-05-27T00:20:00+00:00,1.32915,1.32925,1.32915,1.32925,68.3
2026-05-27T00:21:00+00:00,1.32925,1.32995,1.32925,1.32995,15247.1
2026-05-27T00:22:00+00:00,1.32995,1.32965,1.32965,1.32995,12335.9
2026-05-27T00:23:00+00:00,1.32965,1.32975,1.32965,1.32975,21194.5
2026-05-27T00:24:00+00:00,1.32975,1.32975,1.32975,1.33035,23102.0
2026-05-27T00:25:00+00:00,1.32975,1.32995,1.32975,1.32995,1707.0
2026-05-27T00:26:00+00:00,1.32995,1.32995,1.32995,1.33045,71502.0
2026-05-27T00:27:00+00:00,1.32995,1.33015,1.32995,1.33055,128156.9
2026-05-27T00:28:00+00:00,1.33015,1.33035,1.33015,1.33045,2420.4
2026-05-27T00:29:00+00:00,1.33035,1.33015,1.33015,1.33035,78.2
2026-05-27T00:30:00+00:00,1.33015,1.33145,1.33015,1.33185,158955.4
2026-05-27T00:31:00+00:00,1.33145,1.33065,1.33065,1.33145,4558.3
2026-05-27T00:32:00+00:00,1.33065,1.33115,1.33065,1.33115,31612.1
2026-05-27T00:33:00+00:00,1.33115,1.33085,1.33075,1.33155,4080.3
2026-05-27T00:34:00+00:00,1.33085,1.33075,1.33015,1.33085,11769.7
2026-05-27T00:35:00+00:00,1.33075,1.33045,1.33045,1.33075,26544.2
2026-05-27T00:36:00+00:00,1.33045,1.33045,1.33045,1.33045,0.0
2026-05-27T00:37:00+00:00,1.33045,1.33015,1.33015,1.33045,53.3
2026-05-27T00:38:00+00:00,1.33015,1.32945,1.32945,1.33015,28686.9
2026-05-27T00:39:00+00:00,1.32945,1.32965,1.32945,1.32965,14866.1
2026-05-27T00:40:00+00:00,1.32965,1.32955,1.32955,1.32975,37604.8
2026-05-27T00:41:00+00:00,1.32955,1.33025,1.32955,1.33025,10335.1
2026-05-27T00:42:00+00:00,1.33025,1.33085,1.33025,1.33085,5231.2
2026-05-27T00:43:00+00:00,1.33085,1.33125,1.33085,1.33135,26948.1
2026-05-27T00:44:00+00:00,1.33125,1.33105,1.33085,1.33125,25767.5
2026-05-27T00:45:00+00:00,1.33105,1.33165,1.33105,1.33215,29167.8
2026-05-27T00:46:00+00:00,1.33165,1.33155,1.33135,1.33175,8249.3
2026-05-27T00:47:00+00:00,1.33155,1.33155,1.33155,1.33155,0.0
2026-05-27T00:48:00+00:00,1.33155,1.33225,1.33155,1.33225,9415.9
2026-05-27T00:49:00+00:00,1.33205,1.33145,1.33145,1.33215,1310.2
2026-05-27T00:50:00+00:00,1.33145,1.33185,1.33145,1.33195,38823.3
2026-05-27T00:51:00+00:00,1.33185,1.33255,1.33185,1.33255,2267.6
2026-05-27T00:52:00+00:00,1.33255,1.33205,1.33205,1.33255,22048.3
2026-05-27T00:53:00+00:00,1.33205,1.33205,1.33205,1.33225,13180.5
2026-05-27T00:54:00+00:00,1.33205,1.33255,1.33205,1.33255,873.7
2026-05-27T00:55:00+00:00,1.33215,1.33255,1.33215,1.33255,10318.2
2026-05-27T00:56:00+00:00,1.33255,1.33215,1.33215,1.33265,5773.5
2026-05-27T00:57:00+00:00,1.33215,1.33255,1.33205,1.33255,70268.8
2026-05-27T00:58:00+00:00,1.33255,1.33275,1.33255,1.33275,15643.8
2026-05-27T00:59:00+00:00,1.33275,1.33245,1.33245,1.33275,16189.7
2026-05-27T01:00:00+00:00,1.33245,1.33205,1.33195,1.33275,9409.7
2026-05-27T01:01:00+00:00,1.33205,1.33205,1.33205,1.33225,58256.2
2026-05-27T01:02:00+00:00,1.33205,1.33205,1.33185,1.33215,17819.5
2026-05-27T01:03:00+00:00,1.33205,1.33265,1.33205,1.33275,31662.0
2026-05-27T01:04:00+00:00,1.33265,1.33225,1.33225,1.33265,11030.9
2026-05-27T01:05:00+00:00,1.33225,1.33185,1.33165,1.33225,41500.1
2026-05-27T01:06:00+00:00,1.33185,1.33165,1.33165,1.33195,26574.9
2026-05-27T01:07:00+00:00,1.33165,1.33165,1.33165,1.33165,0.0
2026-05-27T01:08:00+00:00,1.33165,1.33165,1.33165,1.33165,0.0
2026-05-27T01:09:00+00:00,1.33165,1.33255,1.33165,1.33255,3107.3
2026-05-27T01:10:00+00:00,1.33255,1.33235,1.33205,1.33265,31535.0
2026-05-27T01:11:00+00:00,1.33235,1.33205,1.33205,1.33235,134.5
2026-05-27T01:12:00+00:00,1.33205,1.33275,1.33205,1.33275,1462.2
2026-05-27T01:13:00+00:00,1.33265,1.33265,1.33245,1.33265,3595.2
2026-05-27T01:14:00+00:00,1.33265,1.33305,1.33265,1.33305,692.0
2026-05-27T01:15:00+00:00,1.33305,1.33245,1.33245,1.33305,58230.6
2026-05-27T01:16:00+00:00,1.33225,1.33225,1.33225,1.33235,462.8
2026-05-27T01:17:00+00:00,1.33225,1.33225,1.33215,1.33245,1003.4
2026-05-27T01:18:00+00:00,1.33225,1.33165,1.33165,1.33225,34149.6
2026-05-27T01:19:00+00:00,1.33165,1.33115,1.33115,1.33165,32147.8
2026-05-27T01:20:00+00:00,1.33115,1.33075,1.33075,1.33115,13370.9
2026-05-27T01:21:00+00:00,1.33075,1.32945,1.32945,1.33075,25879.7
2026-05-27T01:22:00+00:00,1.32945,1.33035,1.32945,1.33035,9769.3
2026-05-27T01:23:00+00:00,1.33035,1.32995,1.32965,1.33035,15603.4
2026-05-27T01:24:00+00:00,1.32995,1.33025,1.32995,1.33025,583.9
2026-05-27T01:25:00+00:00,1.33015,1.33015,1.32945,1.33025,7551.0
2026-05-27T01:26:00+00:00,1.33015,1.33025,1.32995,1.33025,2229.5
2026-05-27T01:27:00+00:00,1.33025,1.33005,1.32995,1.33025,2941.2
2026-05-27T01:28:00+00:00,1.33005,1.33105,1.33005,1.33105,6939.9
2026-05-27T01:29:00+00:00,1.33095,1.33105,1.33085,1.33105,773.3
2026-05-27T01:30:00+00:00,1.33115,1.33135,1.33055,1.33185,10799.3
2026-05-27T01:31:00+00:00,1.33135,1.33095,1.33065,1.33145,58662.9
2026-05-27T01:32:00+00:00,1.33095,1.33145,1.33095,1.33145,15124.8
2026-05-27T01:33:00+00:00,1.33145,1.33135,1.33105,1.33155,1223.5
2026-05-27T01:34:00+00:00,1.33135,1.33105,1.33095,1.33135,738.1
2026-05-27T01:35:00+00:00,1.33105,1.33045,1.33045,1.33105,1128.7
2026-05-27T01:36:00+00:00,1.33045,1.33005,1.33005,1.33065,10500.5
2026-05-27T01:37:00+00:00,1.33005,1.33085,1.33005,1.33095,549.4
2026-05-27T01:38:00+00:00,1.33085,1.33105,1.33085,1.33125,2369.0
2026-05-27T01:39:00+00:00,1.33105,1.33115,1.33085,1.33115,413.6
2026-05-27T01:40:00+00:00,1.33115,1.33135,1.33085,1.33135,2197.7999999999997
2026-05-27T01:41:00+00:00,1.33135,1.33185,1.33135,1.33185,7394.4
2026-05-27T01:42:00+00:00,1.33185,1.33175,1.33175,1.33185,467.3999999999999
2026-05-27T01:43:00+00:00,1.33175,1.33195,1.33175,1.33235,6006.200000000001
2026-05-27T01:44:00+00:00,1.33195,1.33105,1.33105,1.33205,39651.09999999999
2026-05-27T01:45:00+00:00,1.33105,1.33065,1.33065,1.33105,881.3999999999997
2026-05-27T01:46:00+00:00,1.33065,1.33125,1.33065,1.33145,53858.70000000002
2026-05-27T01:47:00+00:00,1.33125,1.33225,1.33115,1.33235,5174.500000000002
2026-05-27T01:48:00+00:00,1.33225,1.33225,1.33215,1.33245,46170.500000000015
2026-05-27T01:49:00+00:00,1.33235,1.33215,1.33185,1.33235,4331.600000000002
2026-05-27T01:50:00+00:00,1.33215,1.33185,1.33185,1.33215,1172.4
2026-05-27T01:51:00+00:00,1.33185,1.33215,1.33185,1.33215,1696.200000000001
2026-05-27T01:52:00+00:00,1.33215,1.33185,1.33165,1.33215,761.6
2026-05-27T01:53:00+00:00,1.33185,1.33195,1.33185,1.33205,583.5999999999999
2026-05-27T01:54:00+00:00,1.33195,1.33205,1.33195,1.33215,623.7
2026-05-27T01:55:00+00:00,1.33205,1.33205,1.33205,1.33225,163.89999999999998
2026-05-27T01:56:00+00:00,1.33205,1.33155,1.33155,1.33205,3260.999999999999
2026-05-27T01:57:00+00:00,1.33155,1.33095,1.33095,1.33155,387.0000000000001
2026-05-27T01:58:00+00:00,1.33095,1.33035,1.33035,1.33095,23355.20000000001
2026-05-27T01:59:00+00:00,1.33025,1.33065,1.32975,1.33065,55376.70000000001
2026-05-27T02:00:00+00:00,1.33065,1.33115,1.33065,1.33115,21224.2
2026-05-27T02:01:00+00:00,1.33115,1.33035,1.33035,1.33115,18686.499999999996
2026-05-27T02:02:00+00:00,1.33035,1.32975,1.32975,1.33035,1070.2
2026-05-27T02:03:00+00:00,1.32975,1.32985,1.32855,1.32985,127300.60000000002
2026-05-27T02:04:00+00:00,1.32975,1.33035,1.32955,1.33035,90051.6
2026-05-27T02:05:00+00:00,1.33035,1.32965,1.32955,1.33035,2471.2999999999993
2026-05-27T02:06:00+00:00,1.32965,1.32965,1.32965,1.32985,1785.6
2026-05-27T02:07:00+00:00,1.32965,1.32865,1.32865,1.32965,31735.399999999987
2026-05-27T02:08:00+00:00,1.32865,1.32875,1.32865,1.32885,64978.500000000015
2026-05-27T02:09:00+00:00,1.32875,1.32855,1.32855,1.32875,7450.300000000002
2026-05-27T02:10:00+00:00,1.32855,1.32865,1.32855,1.32865,5352.999999999999
2026-05-27T02:11:00+00:00,1.32865,1.32915,1.32865,1.32915,10354.799999999994
2026-05-27T02:12:00+00:00,1.32915,1.32945,1.32915,1.32945,1659.6000000000008
2026-05-27T02:13:00+00:00,1.32945,1.32915,1.32915,1.32945,25089.900000000016
2026-05-27T02:14:00+00:00,1.32915,1.32975,1.32905,1.32975,17290.399999999998
2026-05-27T02:15:00+00:00,1.32975,1.32985,1.32975,1.33015,3706.5000000000023
2026-05-27T02:16:00+00:00,1.32985,1.32985,1.32965,1.32985,5534.900000000001
2026-05-27T02:17:00+00:00,1.32985,1.32905,1.32905,1.32985,21427.29999999998
2026-05-27T02:18:00+00:00,1.32905,1.32735,1.32735,1.32905,117624.89999999998
2026-05-27T02:19:00+00:00,1.32735,1.32735,1.32645,1.32735,144042.19999999998
2026-05-27T02:20:00+00:00,1.32735,1.32805,1.32735,1.32805,5727.8
2026-05-27T02:21:00+00:00,1.32805,1.32735,1.32735,1.32825,180297.09999999998
2026-05-27T02:22:00+00:00,1.32735,1.32735,1.32715,1.32775,15928.299999999994
2026-05-27T02:23:00+00:00,1.32735,1.32785,1.32735,1.32795,1685.7999999999997
2026-05-27T02:24:00+00:00,1.32795,1.32805,1.32785,1.32805,1129.0
2026-05-27T02:25:00+00:00,1.32805,1.32795,1.32785,1.32835,7568.6
2026-05-27T02:26:00+00:00,1.32795,1.32865,1.32795,1.32865,6429.700000000001
2026-05-27T02:27:00+00:00,1.32865,1.32915,1.32865,1.32915,23994.2
2026-05-27T02:28:00+00:00,1.32915,1.32895,1.32895,1.32935,3209.4000000000005
2026-05-27T02:29:00+00:00,1.32895,1.32875,1.32875,1.32895,3930.4000000000005
2026-05-27T02:30:00+00:00,1.32875,1.32875,1.32835,1.32875,7034.100000000002
2026-05-27T02:31:00+00:00,1.32875,1.32825,1.32825,1.32875,7767.499999999999
2026-05-27T02:32:00+00:00,1.32825,1.32825,1.32825,1.32865,9657.099999999995
2026-05-27T02:33:00+00:00,1.32825,1.32905,1.32825,1.32905,6139.099999999999
2026-05-27T02:34:00+00:00,1.32905,1.32935,1.32895,1.32935,13860.5
2026-05-27T02:35:00+00:00,1.32935,1.32935,1.32925,1.32995,13955.800000000003
2026-05-27T02:36:00+00:00,1.32935,1.32915,1.32915,1.32935,414.7999999999998
2026-05-27T02:37:00+00:00,1.32915,1.32885,1.32875,1.32935,3661.7999999999993
2026-05-27T02:38:00+00:00,1.32885,1.32865,1.32865,1.32885,623.6999999999999
2026-05-27T02:39:00+00:00,1.32865,1.32785,1.32785,1.32875,13171.100000000002
2026-05-27T02:40:00+00:00,1.32785,1.32855,1.32785,1.32855,12372.399999999996
2026-05-27T02:41:00+00:00,1.32855,1.32865,1.32855,1.32875,154.5
2026-05-27T02:42:00+00:00,1.32865,1.32905,1.32825,1.32905,10784.100000000002
2026-05-27T02:43:00+00:00,1.32925,1.32935,1.32895,1.32935,62741.400000000016
2026-05-27T02:44:00+00:00,1.32935,1.32915,1.32875,1.32935,8512.2
2026-05-27T02:45:00+00:00,1.32915,1.32945,1.32915,1.32955,41130.90000000002
2026-05-27T02:46:00+00:00,1.32945,1.32975,1.32935,1.32975,9570.8
2026-05-27T02:47:00+00:00,1.32975,1.32905,1.32905,1.32985,17480.8
2026-05-27T02:48:00+00:00,1.32895,1.32905,1.32895,1.32915,3662.7000000000003
2026-05-27T02:49:00+00:00,1.32905,1.32895,1.32885,1.32905,138.8
2026-05-27T02:50:00+00:00,1.32895,1.32905,1.32895,1.32905,782.0
2026-05-27T02:51:00+00:00,1.32905,1.32925,1.32855,1.32945,21982.49999999999
2026-05-27T02:52:00+00:00,1.32925,1.32975,1.32925,1.32975,565.5
2026-05-27T02:53:00+00:00,1.32975,1.32995,1.32975,1.32995,84.0
2026-05-27T02:54:00+00:00,1.32985,1.32985,1.32985,1.32985,0.0
2026-05-27T02:55:00+00:00,1.32985,1.32975,1.32955,1.32995,2636.4999999999995
2026-05-27T02:56:00+00:00,1.32975,1.33015,1.32955,1.33015,1130.1000000000001
2026-05-27T02:57:00+00:00,1.33015,1.33015,1.32995,1.33015,11804.499999999998
2026-05-27T02:58:00+00:00,1.33015,1.32995,1.32995,1.33045,3878.5
2026-05-27T02:59:00+00:00,1.32995,1.33115,1.32995,1.33115,4539.400000000001
2026-05-27T03:00:00+00:00,1.33115,1.33035,1.33035,1.33115,45699.80000000002
2026-05-27T03:01:00+00:00,1.33035,1.33055,1.33025,1.33075,25606.499999999996
2026-05-27T03:02:00+00:00,1.33055,1.33165,1.33055,1.33165,2468.7999999999997
2026-05-27T03:03:00+00:00,1.33165,1.33215,1.33165,1.33225,10188.800000000001
2026-05-27T03:04:00+00:00,1.33215,1.33215,1.33195,1.33235,18086.1
2026-05-27T03:05:00+00:00,1.33215,1.33295,1.33215,1.33295,1859.2999999999997
2026-05-27T03:06:00+00:00,1.33295,1.33285,1.33265,1.33295,1328.2
2026-05-27T03:07:00+00:00,1.33275,1.33285,1.33255,1.33285,4987.5
2026-05-27T03:08:00+00:00,1.33285,1.33305,1.33285,1.33305,127.0
2026-05-27T03:09:00+00:00,1.33305,1.33285,1.33265,1.33305,24209.69999999999
2026-05-27T03:10:00+00:00,1.33285,1.33275,1.33255,1.33285,1183.5
2026-05-27T03:11:00+00:00,1.33275,1.33255,1.33255,1.33275,3861.300000000002
2026-05-27T03:12:00+00:00,1.33255,1.33215,1.33215,1.33255,23447.70000000002
2026-05-27T03:13:00+00:00,1.33215,1.33245,1.33215,1.33245,3662.5000000000005
2026-05-27T03:14:00+00:00,1.33245,1.33215,1.33215,1.33245,14946.399999999992
2026-05-27T03:15:00+00:00,1.33215,1.33155,1.33125,1.33215,41613.90000000007
2026-05-27T03:16:00+00:00,1.33155,1.33145,1.33105,1.33165,43119.3
2026-05-27T03:17:00+00:00,1.33145,1.33095,1.33095,1.33145,2386.800000000001
2026-05-27T03:18:00+00:00,1.33095,1.33095,1.33095,1.33125,14841.3
2026-05-27T03:19:00+00:00,1.33095,1.33115,1.33095,1.33115,1299.1000000000001
2026-05-27T03:20:00+00:00,1.33115,1.33065,1.33035,1.33115,26695.399999999998
2026-05-27T03:21:00+00:00,1.33065,1.33105,1.33045,1.33105,103768.40000000004
2026-05-27T03:22:00+00:00,1.33105,1.33105,1.33105,1.33115,350.59999999999997
2026-05-27T03:23:00+00:00,1.33105,1.33135,1.33105,1.33165,20437.999999999993
2026-05-27T03:24:00+00:00,1.33125,1.33135,1.33105,1.33135,27718.500000000004
2026-05-27T03:25:00+00:00,1.33135,1.33165,1.33135,1.33205,16290.199999999995
2026-05-27T03:26:00+00:00,1.33165,1.33195,1.33165,1.33195,26583.899999999998
2026-05-27T03:27:00+00:00,1.33195,1.33265,1.33195,1.33275,120511.2
2026-05-27T03:28:00+00:00,1.33265,1.33165,1.33165,1.33265,8277.199999999995
2026-05-27T03:29:00+00:00,1.33165,1.33175,1.33165,1.33175,2975.8
2026-05-27T03:30:00+00:00,1.33175,1.33225,1.33175,1.33245,1137.6999999999996
2026-05-27T03:31:00+00:00,1.33225,1.33175,1.33175,1.33225,1484.5000000000005
2026-05-27T03:32:00+00:00,1.33175,1.33175,1.33175,1.33175,0.0
2026-05-27T03:33:00+00:00,1.33175,1.33155,1.33145,1.33195,14193.999999999998
2026-05-27T03:34:00+00:00,1.33155,1.33145,1.33145,1.33155,89.6
2026-05-27T03:35:00+00:00,1.33145,1.32985,1.32985,1.33145,464856.8999999998
2026-05-27T03:36:00+00:00,1.32985,1.33005,1.32985,1.33015,14598.999999999996
2026-05-27T03:37:00+00:00,1.33005,1.32995,1.32995,1.33015,1681.9000000000003
2026-05-27T03:38:00+00:00,1.32995,1.33075,1.32995,1.33075,25544.40000000001
2026-05-27T03:39:00+00:00,1.33075,1.33005,1.33005,1.33075,3238.0000000000005
2026-05-27T03:40:00+00:00,1.33005,1.33095,1.33005,1.33095,9861.699999999999
2026-05-27T03:41:00+00:00,1.33095,1.33105,1.33075,1.33105,723.2
2026-05-27T03:42:00+00:00,1.33105,1.33065,1.33055,1.33105,362.8000000000001
2026-05-27T03:43:00+00:00,1.33065,1.33055,1.33045,1.33075,1471.6999999999998
2026-05-27T03:44:00+00:00,1.33055,1.33025,1.33025,1.33055,2645.5
2026-05-27T03:45:00+00:00,1.33025,1.33015,1.33005,1.33025,8912.5
2026-05-27T03:46:00+00:00,1.33015,1.32975,1.32975,1.33015,741.0
2026-05-27T03:47:00+00:00,1.32975,1.33005,1.32975,1.33025,12500.7
2026-05-27T03:48:00+00:00,1.33005,1.32805,1.32735,1.33005,112922.0
2026-05-27T03:49:00+00:00,1.32805,1.32735,1.32735,1.32835,97829.3
2026-05-27T03:50:00+00:00,1.32715,1.32745,1.32645,1.32755,85807.99999999999
2026-05-27T03:51:00+00:00,1.32745,1.32775,1.32715,1.32795,82355.80000000003
2026-05-27T03:52:00+00:00,1.32775,1.32735,1.32725,1.32795,3224.4
2026-05-27T03:53:00+00:00,1.32735,1.32755,1.32735,1.32765,7385.600000000001
2026-05-27T03:54:00+00:00,1.32755,1.32765,1.32745,1.32775,2644.2999999999993
2026-05-27T03:55:00+00:00,1.32765,1.32775,1.32725,1.32785,4545.400000000001
2026-05-27T03:56:00+00:00,1.32775,1.32815,1.32765,1.32815,3225.5
2026-05-27T03:57:00+00:00,1.32815,1.32775,1.32775,1.32825,5229.7
2026-05-27T03:58:00+00:00,1.32775,1.32725,1.32715,1.32775,5211.0
2026-05-27T03:59:00+00:00,1.32725,1.32755,1.32725,1.32765,10901.899999999998
2026-05-27T04:00:00+00:00,1.32755,1.32815,1.32705,1.32815,33278.0
2026-05-27T04:01:00+00:00,1.32815,1.32765,1.32765,1.32815,3810.5000000000023
2026-05-27T04:02:00+00:00,1.32765,1.32745,1.32705,1.32765,13396.7
2026-05-27T04:03:00+00:00,1.32745,1.32705,1.32685,1.32745,970.3000000000001
2026-05-27T04:04:00+00:00,1.32705,1.32695,1.32695,1.32755,37435.40000000001
2026-05-27T04:05:00+00:00,1.32695,1.32675,1.32635,1.32695,18007.499999999996
2026-05-27T04:06:00+00:00,1.32675,1.32725,1.32675,1.32725,13943.0
2026-05-27T04:07:00+00:00,1.32725,1.32775,1.32725,1.32775,28543.5
2026-05-27T04:08:00+00:00,1.32775,1.32795,1.32775,1.32795,2805.7
2026-05-27T04:09:00+00:00,1.32795,1.32815,1.32795,1.32815,1282.3999999999996
2026-05-27T04:10:00+00:00,1.32805,1.32795,1.32775,1.32805,14196.7
2026-05-27T04:11:00+00:00,1.32795,1.32815,1.32795,1.32815,1024.8
2026-05-27T04:12:00+00:00,1.32815,1.32845,1.32815,1.32845,46504.2
2026-05-27T04:13:00+00:00,1.32845,1.32775,1.32775,1.32845,10882.799999999981
2026-05-27T04:14:00+00:00,1.32775,1.32745,1.32745,1.32775,46935.200000000026
2026-05-27T04:15:00+00:00,1.32745,1.32645,1.32645,1.32745,16763.499999999993
2026-05-27T04:16:00+00:00,1.32625,1.32695,1.32625,1.32705,16573.899999999998
2026-05-27T04:17:00+00:00,1.32695,1.32595,1.32595,1.32695,77559.90000000005
2026-05-27T04:18:00+00:00,1.32595,1.32415,1.32415,1.32595,273156.5000000001
2026-05-27T04:19:00+00:00,1.32415,1.32485,1.32365,1.32505,59176.89999999998
2026-05-27T04:20:00+00:00,1.32485,1.32485,1.32405,1.32525,24646.699999999997
2026-05-27T04:21:00+00:00,1.32485,1.32505,1.32455,1.32535,12402.599999999999
2026-05-27T04:22:00+00:00,1.32505,1.32475,1.32465,1.32505,3362.4000000000015
2026-05-27T04:23:00+00:00,1.32475,1.32465,1.32455,1.32495,16862.49999999999
2026-05-27T04:24:00+00:00,1.32465,1.32525,1.32465,1.32525,4637.6
2026-05-27T04:25:00+00:00,1.32525,1.32545,1.32525,1.32545,1044.8000000000002
2026-05-27T04:26:00+00:00,1.32545,1.32575,1.32545,1.32575,3745.6
2026-05-27T04:27:00+00:00,1.32575,1.32565,1.32535,1.32595,13638.499999999998
2026-05-27T04:28:00+00:00,1.32565,1.32545,1.32545,1.32565,2278.2999999999997
2026-05-27T04:29:00+00:00,1.32535,1.32465,1.32465,1.32535,2641.999999999999
2026-05-27T04:30:00+00:00,1.32465,1.32215,1.32165,1.32535,344122.4999999997
2026-05-27T04:31:00+00:00,1.32205,1.32275,1.32175,1.32285,74475.09999999999
2026-05-27T04:32:00+00:00,1.32275,1.32245,1.32185,1.32275,78534.50000000001
2026-05-27T04:33:00+00:00,1.32245,1.32275,1.32215,1.32275,43378.299999999996
2026-05-27T04:34:00+00:00,1.32275,1.32305,1.32275,1.32325,53415.099999999984
2026-05-27T04:35:00+00:00,1.32285,1.32305,1.32255,1.32315,42639.39999999999
2026-05-27T04:36:00+00:00,1.32305,1.32315,1.32305,1.32335,3924.3000000000006
2026-05-27T04:37:00+00:00,1.32315,1.32365,1.32315,1.32365,36372.2
2026-05-27T04:38:00+00:00,1.32365,1.32385,1.32345,1.32385,10548.699999999995
2026-05-27T04:39:00+00:00,1.32385,1.32455,1.32385,1.32455,5199.6
2026-05-27T04:40:00+00:00,1.32455,1.32435,1.32415,1.32465,25293.699999999983
2026-05-27T04:41:00+00:00,1.32435,1.32395,1.32395,1.32465,6474.799999999995
2026-05-27T04:42:00+00:00,1.32395,1.32395,1.32395,1.32395,0.0
2026-05-27T04:43:00+00:00,1.32395,1.32385,1.32385,1.32395,342.7
2026-05-27T04:44:00+00:00,1.32385,1.32415,1.32385,1.32415,26771.300000000007
2026-05-27T04:45:00+00:00,1.32435,1.32605,1.32435,1.32605,50797.199999999975
2026-05-27T04:46:00+00:00,1.32605,1.32615,1.32585,1.32635,22698.2
2026-05-27T04:47:00+00:00,1.32615,1.32665,1.32615,1.32665,1463.4999999999995
2026-05-27T04:48:00+00:00,1.32665,1.32695,1.32665,1.32715,55739.799999999996
2026-05-27T04:49:00+00:00,1.32695,1.32815,1.32695,1.32815,93903.10000000005
2026-05-27T04:50:00+00:00,1.32815,1.32865,1.32795,1.32865,9317.0
2026-05-27T04:51:00+00:00,1.32865,1.33005,1.32865,1.33015,112631.90000000001
2026-05-27T04:52:00+00:00,1.33005,1.33005,1.33005,1.33035,49310.70000000003
2026-05-27T04:53:00+00:00,1.33005,1.33045,1.32995,1.33045,42012.100000000006
2026-05-27T04:54:00+00:00,1.33045,1.33095,1.33045,1.33095,8997.699999999999
2026-05-27T04:55:00+00:00,1.33095,1.33105,1.33065,1.33105,56239.000000000065
2026-05-27T04:56:00+00:00,1.33105,1.33115,1.33105,1.33125,927.6999999999998
2026-05-27T04:57:00+00:00,1.33115,1.33085,1.33085,1.33115,7930.399999999996
2026-05-27T04:58:00+00:00,1.33085,1.33125,1.33085,1.33125,1676.4999999999995
2026-05-27T04:59:00+00:00,1.33125,1.33095,1.33095,1.33145,1429.0
2026-05-27T05:00:00+00:00,1.33095,1.33175,1.33095,1.33185,12173.8
2026-05-27T05:01:00+00:00,1.33175,1.33185,1.33155,1.33185,5358.4
2026-05-27T05:02:00+00:00,1.33185,1.33275,1.33185,1.33275,7656.299999999999
2026-05-27T05:03:00+00:00,1.33275,1.33165,1.33155,1.33275,52903.40000000006
2026-05-27T05:04:00+00:00,1.33165,1.33185,1.33165,1.33195,9161.499999999998
2026-05-27T05:05:00+00:00,1.33185,1.33185,1.33135,1.33185,38975.700000000026
2026-05-27T05:06:00+00:00,1.33185,1.33145,1.33135,1.33185,826.0
2026-05-27T05:07:00+00:00,1.33145,1.33155,1.33125,1.33175,5278.900000000001
2026-05-27T05:08:00+00:00,1.33155,1.33175,1.33155,1.33175,804.4000000000001
2026-05-27T05:09:00+00:00,1.33175,1.33185,1.33155,1.33185,14705.3
2026-05-27T05:10:00+00:00,1.33175,1.33145,1.33095,1.33175,4889.099999999999
2026-05-27T05:11:00+00:00,1.33155,1.33085,1.33085,1.33155,71591.59999999999
2026-05-27T05:12:00+00:00,1.33085,1.33085,1.33075,1.33095,2776.5
2026-05-27T05:13:00+00:00,1.33085,1.33065,1.33055,1.33095,38562.600000000006
2026-05-27T05:14:00+00:00,1.33065,1.33115,1.33055,1.33125,10957.899999999998
2026-05-27T05:15:00+00:00,1.33115,1.33105,1.33095,1.33115,11342.699999999997
2026-05-27T05:16:00+00:00,1.33105,1.33145,1.33105,1.33145,7115.599999999998
2026-05-27T05:17:00+00:00,1.33145,1.33085,1.33075,1.33145,85219.99999999999
2026-05-27T05:18:00+00:00,1.33085,1.33115,1.33085,1.33155,5748.3
2026-05-27T05:19:00+00:00,1.33115,1.33105,1.33095,1.33115,28272.39999999999
2026-05-27T05:20:00+00:00,1.33105,1.33055,1.33015,1.33105,25529.3
2026-05-27T05:21:00+00:00,1.33055,1.33055,1.33055,1.33075,928.5999999999999
2026-05-27T05:22:00+00:00,1.33055,1.33105,1.33055,1.33135,74542.4
2026-05-27T05:23:00+00:00,1.33105,1.33095,1.33095,1.33115,21043.399999999994
2026-05-27T05:24:00+00:00,1.33095,1.33145,1.33095,1.33145,3837.3999999999996
2026-05-27T05:25:00+00:00,1.33145,1.33195,1.33145,1.33195,54293.00000000005
2026-05-27T05:26:00+00:00,1.33195,1.33225,1.33195,1.33225,55461.30000000005
2026-05-27T05:27:00+00:00,1.33225,1.33195,1.33195,1.33245,22433.699999999997
2026-05-27T05:28:00+00:00,1.33195,1.33175,1.33175,1.33195,5239.3
2026-05-27T05:29:00+00:00,1.33175,1.33145,1.33145,1.33175,5620.9
2026-05-27T05:30:00+00:00,1.33135,1.33155,1.33135,1.33155,37251.400000000016
2026-05-27T05:31:00+00:00,1.33155,1.33155,1.33155,1.33175,8623.399999999998
2026-05-27T05:32:00+00:00,1.33155,1.33105,1.33105,1.33155,7841.899999999998
2026-05-27T05:33:00+00:00,1.33105,1.33065,1.33055,1.33105,76447.6
2026-05-27T05:34:00+00:00,1.33065,1.33075,1.33055,1.33095,51381.8
2026-05-27T05:35:00+00:00,1.33075,1.33105,1.33075,1.33125,26574.100000000006
2026-05-27T05:36:00+00:00,1.33105,1.33135,1.33095,1.33135,22181.000000000004
2026-05-27T05:37:00+00:00,1.33135,1.33205,1.33135,1.33235,12908.100000000004
2026-05-27T05:38:00+00:00,1.33205,1.33175,1.33165,1.33205,6028.299999999999
2026-05-27T05:39:00+00:00,1.33175,1.33145,1.33145,1.33175,8418.199999999997
2026-05-27T05:40:00+00:00,1.33145,1.33155,1.33135,1.33155,122588.9
2026-05-27T05:41:00+00:00,1.33155,1.33065,1.33065,1.33155,5878.199999999995
2026-05-27T05:42:00+00:00,1.33065,1.33035,1.32995,1.33075,57705.10000000001
2026-05-27T05:43:00+00:00,1.33035,1.33065,1.33035,1.33075,29963.100000000006
2026-05-27T05:44:00+00:00,1.33065,1.33075,1.33035,1.33075,25920.200000000015
2026-05-27T05:45:00+00:00,1.33075,1.33055,1.33045,1.33105,11024.500000000002
2026-05-27T05:46:00+00:00,1.33055,1.33105,1.33055,1.33135,24357.099999999995
2026-05-27T05:47:00+00:00,1.33105,1.33105,1.33105,1.33155,14294.399999999996
2026-05-27T05:48:00+00:00,1.33105,1.33085,1.33085,1.33115,618.4999999999997
2026-05-27T05:49:00+00:00,1.33085,1.33075,1.33035,1.33085,20034.999999999996
2026-05-27T05:50:00+00:00,1.33075,1.33145,1.33065,1.33145,19672.199999999997
2026-05-27T05:51:00+00:00,1.33145,1.33135,1.33125,1.33165,19983.899999999994
2026-05-27T05:52:00+00:00,1.33135,1.33105,1.33105,1.33135,5896.6
2026-05-27T05:53:00+00:00,1.33105,1.33135,1.33075,1.33165,56949.19999999999
2026-05-27T05:54:00+00:00,1.33135,1.33105,1.33105,1.33135,5727.2000000000035
2026-05-27T05:55:00+00:00,1.33105,1.33125,1.33085,1.33135,63886.100000000035
2026-05-27T05:56:00+00:00,1.33125,1.33105,1.33105,1.33185,9595.700000000003
2026-05-27T05:57:00+00:00,1.33105,1.33145,1.33105,1.33145,7958.5
2026-05-27T05:58:00+00:00,1.33145,1.33185,1.33145,1.33185,11334.300000000001
2026-05-27T05:59:00+00:00,1.33185,1.33125,1.33115,1.33185,29960.100000000002
2026-05-27T06:00:00+00:00,1.33125,1.33115,1.33115,1.33175,8192.799999999996
2026-05-27T06:01:00+00:00,1.33115,1.33075,1.33075,1.33115,1316.6999999999998
2026-05-27T06:02:00+00:00,1.33075,1.33095,1.33055,1.33105,7135.100000000002
2026-05-27T06:03:00+00:00,1.33095,1.33185,1.33095,1.33185,9155.9
2026-05-27T06:04:00+00:00,1.33185,1.33175,1.33175,1.33215,20121.09999999999
2026-05-27T06:05:00+00:00,1.33175,1.33245,1.33165,1.33255,49922.600000000006
2026-05-27T06:06:00+00:00,1.33245,1.33265,1.33205,1.33265,57717.8
2026-05-27T06:07:00+00:00,1.33265,1.33185,1.33185,1.33275,14335.399999999994
2026-05-27T06:08:00+00:00,1.33185,1.33265,1.33185,1.33295,100449.39999999995
2026-05-27T06:09:00+00:00,1.33265,1.33285,1.33265,1.33285,28097.000000000007
2026-05-27T06:10:00+00:00,1.33285,1.33225,1.33215,1.33285,24167.09999999998
2026-05-27T06:11:00+00:00,1.33225,1.33115,1.33115,1.33225,45189.8
2026-05-27T06:12:00+00:00,1.33115,1.33055,1.33055,1.33115,2504.9
2026-05-27T06:13:00+00:00,1.33055,1.33125,1.33055,1.33135,9918.400000000003
2026-05-27T06:14:00+00:00,1.33125,1.33125,1.33115,1.33145,15632.799999999994
2026-05-27T06:15:00+00:00,1.33115,1.33095,1.33055,1.33115,17304.5
2026-05-27T06:16:00+00:00,1.33095,1.33075,1.33075,1.33095,20396.200000000004
2026-05-27T06:17:00+00:00,1.33075,1.33125,1.33075,1.33125,22938.4
2026-05-27T06:18:00+00:00,1.33125,1.33055,1.33055,1.33125,2287.300000000001
2026-05-27T06:19:00+00:00,1.33055,1.33125,1.33055,1.33125,6391.699999999998
2026-05-27T06:20:00+00:00,1.33125,1.33155,1.33125,1.33175,36448.69999999998
2026-05-27T06:21:00+00:00,1.33155,1.33085,1.33085,1.33165,28507.40000000001
2026-05-27T06:22:00+00:00,1.33085,1.33105,1.33045,1.33105,3476.899999999999
2026-05-27T06:23:00+00:00,1.33105,1.33125,1.33085,1.33135,16751.599999999995
2026-05-27T06:24:00+00:00,1.33125,1.33145,1.33125,1.33145,513.5
2026-05-27T06:25:00+00:00,1.33145,1.33165,1.33125,1.33165,5196.300000000001
2026-05-27T06:26:00+00:00,1.33165,1.33125,1.33125,1.33175,4740.300000000001
2026-05-27T06:27:00+00:00,1.33135,1.33185,1.33135,1.33185,10473.1
2026-05-27T06:28:00+00:00,1.33185,1.33225,1.33185,1.33225,4820.8
2026-05-27T06:29:00+00:00,1.33225,1.33265,1.33225,1.33265,4012.499999999999
2026-05-27T06:30:00+00:00,1.33265,1.33415,1.33265,1.33415,32018.6
2026-05-27T06:31:00+00:00,1.33415,1.33355,1.33355,1.33445,13378.099999999995
2026-05-27T06:32:00+00:00,1.33355,1.33285,1.33285,1.33355,5015.9000000000015
2026-05-27T06:33:00+00:00,1.33285,1.33335,1.33285,1.33355,22919.59999999999
2026-05-27T06:34:00+00:00,1.33335,1.33325,1.33325,1.33345,986.0
2026-05-27T06:35:00+00:00,1.33325,1.33335,1.33325,1.33385,8707.500000000002
2026-05-27T06:36:00+00:00,1.33335,1.33405,1.33305,1.33415,29229.499999999996
2026-05-27T06:37:00+00:00,1.33405,1.33455,1.33405,1.33455,9459.6
2026-05-27T06:38:00+00:00,1.33455,1.33425,1.33425,1.33485,43790.19999999999
2026-05-27T06:39:00+00:00,1.33425,1.33465,1.33425,1.33475,5803.199999999999
2026-05-27T06:40:00+00:00,1.33465,1.33485,1.33465,1.33485,2440.3
2026-05-27T06:41:00+00:00,1.33485,1.33525,1.33485,1.33555,11162.199999999999
2026-05-27T06:42:00+00:00,1.33525,1.33565,1.33515,1.33565,20619.1
2026-05-27T06:43:00+00:00,1.33565,1.33585,1.33565,1.33585,897.6999999999999
2026-05-27T06:44:00+00:00,1.33585,1.33595,1.33585,1.33595,451.90000000000003
2026-05-27T06:45:00+00:00,1.33595,1.33595,1.33575,1.33595,18787.999999999993
2026-05-27T06:46:00+00:00,1.33595,1.33645,1.33595,1.33655,12127.699999999999
2026-05-27T06:47:00+00:00,1.33645,1.33675,1.33645,1.33695,11159.099999999999
2026-05-27T06:48:00+00:00,1.33675,1.33645,1.33645,1.33675,1761.4
2026-05-27T06:49:00+00:00,1.33645,1.33685,1.33645,1.33695,8745.199999999999
2026-05-27T06:50:00+00:00,1.33685,1.33625,1.33615,1.33685,31791.999999999985
2026-05-27T06:51:00+00:00,1.33625,1.33675,1.33625,1.33705,15624.199999999992
2026-05-27T06:52:00+00:00,1.33685,1.33675,1.33675,1.33685,437.0
2026-05-27T06:53:00+00:00,1.33675,1.33615,1.33615,1.33685,3558.400000000005
2026-05-27T06:54:00+00:00,1.33615,1.33605,1.33575,1.33615,19642.399999999994
2026-05-27T06:55:00+00:00,1.33605,1.33585,1.33585,1.33625,9054.699999999999
2026-05-27T06:56:00+00:00,1.33585,1.33585,1.33565,1.33595,8001.700000000001
2026-05-27T06:57:00+00:00,1.33575,1.33575,1.33575,1.33585,2904.3999999999996
2026-05-27T06:58:00+00:00,1.33575,1.33585,1.33575,1.33585,546.9
2026-05-27T06:59:00+00:00,1.33585,1.33595,1.33585,1.33595,359.5
2026-05-27T07:00:00+00:00,1.33595,1.33655,1.33595,1.33685,23742.199999999986
2026-05-27T07:01:00+00:00,1.33655,1.33645,1.33645,1.33685,10684.299999999997
2026-05-27T07:02:00+00:00,1.33645,1.33685,1.33645,1.33715,10463.900000000001
2026-05-27T07:03:00+00:00,1.33685,1.33645,1.33645,1.33685,882.6
2026-05-27T07:04:00+00:00,1.33645,1.33605,1.33605,1.33655,8745.1
2026-05-27T07:05:00+00:00,1.33605,1.33595,1.33565,1.33675,21785.799999999996
2026-05-27T07:06:00+00:00,1.33595,1.33555,1.33545,1.33595,3052.7
2026-05-27T07:07:00+00:00,1.33555,1.33585,1.33555,1.33585,1215.5
2026-05-27T07:08:00+00:00,1.33585,1.33565,1.33565,1.33615,4627.700000000002
2026-05-27T07:09:00+00:00,1.33555,1.33515,1.33515,1.33555,981.5
2026-05-27T07:10:00+00:00,1.33515,1.33435,1.33435,1.33515,18790.59999999999
2026-05-27T07:11:00+00:00,1.33435,1.33485,1.33435,1.33485,16293.899999999994
2026-05-27T07:12:00+00:00,1.33485,1.33495,1.33455,1.33495,8669.800000000003
2026-05-27T07:13:00+00:00,1.33495,1.33435,1.33435,1.33495,997.3
2026-05-27T07:14:00+00:00,1.33435,1.33465,1.33435,1.33465,1339.0
2026-05-27T07:15:00+00:00,1.33465,1.33385,1.33385,1.33465,1982.8999999999996
2026-05-27T07:16:00+00:00,1.33385,1.33385,1.33385,1.33455,1803.2
2026-05-27T07:17:00+00:00,1.33375,1.33435,1.33375,1.33435,9299.500000000004
2026-05-27T07:18:00+00:00,1.33435,1.33415,1.33415,1.33465,23612.599999999995
2026-05-27T07:19:00+00:00,1.33415,1.33445,1.33415,1.33445,5787.699999999999
2026-05-27T07:20:00+00:00,1.33445,1.33415,1.33415,1.33465,4945.4
2026-05-27T07:21:00+00:00,1.33415,1.33375,1.33375,1.33415,5951.600000000001
2026-05-27T07:22:00+00:00,1.33375,1.33415,1.33335,1.33415,9056.4
2026-05-27T07:23:00+00:00,1.33415,1.33405,1.33395,1.33445,20431.600000000006
2026-05-27T07:24:00+00:00,1.33405,1.33405,1.33405,1.33425,2096.2000000000003
2026-05-27T07:25:00+00:00,1.33405,1.33395,1.33375,1.33405,1292.3999999999999
2026-05-27T07:26:00+00:00,1.33395,1.33435,1.33395,1.33435,15763.999999999996
2026-05-27T07:27:00+00:00,1.33435,1.33425,1.33425,1.33435,49.099999999999994
2026-05-27T07:28:00+00:00,1.33425,1.33435,1.33405,1.33435,1684.2999999999997
2026-05-27T07:29:00+00:00,1.33435,1.33455,1.33435,1.33455,5766.600000000001
2026-05-27T07:30:00+00:00,1.33455,1.33445,1.33445,1.33475,53007.9
2026-05-27T07:31:00+00:00,1.33425,1.33415,1.33395,1.33445,9672.499999999996
2026-05-27T07:32:00+00:00,1.33415,1.33335,1.33335,1.33415,3770.8999999999996
2026-05-27T07:33:00+00:00,1.33315,1.33265,1.33255,1.33315,9688.799999999997
2026-05-27T07:34:00+00:00,1.33265,1.33385,1.33265,1.33405,70599.0
2026-05-27T07:35:00+00:00,1.33385,1.33405,1.33385,1.33405,1608.2
2026-05-27T07:36:00+00:00,1.33405,1.33405,1.33395,1.33405,13974.9
2026-05-27T07:37:00+00:00,1.33405,1.33385,1.33385,1.33425,49966.5
2026-05-27T07:38:00+00:00,1.33385,1.33325,1.33325,1.33385,1350.8999999999999
2026-05-27T07:39:00+00:00,1.33325,1.33295,1.33295,1.33325,1017.9999999999997
2026-05-27T07:40:00+00:00,1.33295,1.33255,1.33255,1.33295,2404.3000000000015
2026-05-27T07:41:00+00:00,1.33255,1.33195,1.33195,1.33255,122750.59999999995
2026-05-27T07:42:00+00:00,1.33195,1.33215,1.33195,1.33215,0.0
2026-05-27T07:43:00+00:00,1.33215,1.33205,1.33205,1.33215,161.40000000000003
2026-05-27T07:44:00+00:00,1.33205,1.33145,1.33145,1.33205,59849.300000000025
2026-05-27T07:45:00+00:00,1.33145,1.33195,1.33145,1.33195,19446.999999999993
2026-05-27T07:46:00+00:00,1.33195,1.33175,1.33155,1.33195,5095.3
2026-05-27T07:47:00+00:00,1.33175,1.33165,1.33165,1.33175,5127.0999999999985
2026-05-27T07:48:00+00:00,1.33165,1.33115,1.33115,1.33195,49103.9
2026-05-27T07:49:00+00:00,1.33115,1.33095,1.33085,1.33115,53507.40000000003
2026-05-27T07:50:00+00:00,1.33095,1.33075,1.33025,1.33095,93333.1
2026-05-27T07:51:00+00:00,1.33075,1.33105,1.33075,1.33135,55772.00000000001
2026-05-27T07:52:00+00:00,1.33105,1.33105,1.33095,1.33105,43035.40000000001
2026-05-27T07:53:00+00:00,1.33105,1.33125,1.33075,1.33125,42237.70000000001
2026-05-27T07:54:00+00:00,1.33125,1.33105,1.33095,1.33125,69166.3
2026-05-27T07:55:00+00:00,1.33105,1.33145,1.33105,1.33165,38898.79999999999
2026-05-27T07:56:00+00:00,1.33145,1.33195,1.33145,1.33235,27508.6
2026-05-27T07:57:00+00:00,1.33195,1.33205,1.33195,1.33205,4448.500000000001
2026-05-27T07:58:00+00:00,1.33205,1.33195,1.33195,1.33205,9397.599999999999
2026-05-27T07:59:00+00:00,1.33195,1.33195,1.33195,1.33195,0.0
2026-05-27T08:00:00+00:00,1.33195,1.33175,1.33155,1.33195,3975.2000000000007
2026-05-27T08:01:00+00:00,1.33175,1.33195,1.33175,1.33285,108028.19999999997
2026-05-27T08:02:00+00:00,1.33195,1.33145,1.33125,1.33235,63169.700000000004
2026-05-27T08:03:00+00:00,1.33145,1.33115,1.33115,1.33145,13039.299999999996
2026-05-27T08:04:00+00:00,1.33115,1.33185,1.33115,1.33195,7528.100000000001
2026-05-27T08:05:00+00:00,1.33185,1.33185,1.33185,1.33215,27215.80000000001
2026-05-27T08:06:00+00:00,1.33185,1.33165,1.33145,1.33185,87970.4
2026-05-27T08:07:00+00:00,1.33165,1.33085,1.33085,1.33185,17741.300000000003
2026-05-27T08:08:00+00:00,1.33095,1.33075,1.33035,1.33105,153683.5
2026-05-27T08:09:00+00:00,1.33075,1.33045,1.33045,1.33085,6597.5999999999985
2026-05-27T08:10:00+00:00,1.33045,1.33565,1.33005,1.33635,1256245.8000000024
2026-05-27T08:11:00+00:00,1.33545,1.33455,1.33455,1.33545,99881.30000000006
2026-05-27T08:12:00+00:00,1.33455,1.33445,1.33445,1.33475,8114.700000000001
2026-05-27T08:13:00+00:00,1.33445,1.33445,1.33445,1.33445,0.0
2026-05-27T08:14:00+00:00,1.33445,1.33515,1.33445,1.33515,5376.700000000001
2026-05-27T08:15:00+00:00,1.33515,1.33555,1.33515,1.33585,45259.2
2026-05-27T08:16:00+00:00,1.33555,1.33465,1.33465,1.33585,7845.8
2026-05-27T08:17:00+00:00,1.33465,1.33455,1.33445,1.33485,111494.70000000006
2026-05-27T08:18:00+00:00,1.33455,1.33545,1.33435,1.33545,215381.69999999987
2026-05-27T08:19:00+00:00,1.33555,1.33585,1.33535,1.33605,10615.700000000004
2026-05-27T08:20:00+00:00,1.33585,1.33605,1.33555,1.33615,11107.699999999999
2026-05-27T08:21:00+00:00,1.33605,1.33615,1.33605,1.33665,63808.09999999999
2026-05-27T08:22:00+00:00,1.33615,1.33685,1.33615,1.33695,26183.29999999999
2026-05-27T08:23:00+00:00,1.33675,1.33625,1.33625,1.33715,21801.699999999997
2026-05-27T08:24:00+00:00,1.33625,1.33585,1.33575,1.33625,28959.899999999994
2026-05-27T08:25:00+00:00,1.33585,1.33635,1.33585,1.33635,11729.499999999996
2026-05-27T08:26:00+00:00,1.33635,1.33685,1.33635,1.33735,42060.59999999999
2026-05-27T08:27:00+00:00,1.33675,1.33725,1.33665,1.33755,72893.80000000003
2026-05-27T08:28:00+00:00,1.33725,1.33775,1.33725,1.33775,4142.299999999999
2026-05-27T08:29:00+00:00,1.33775,1.33705,1.33705,1.33785,3822.4999999999995
2026-05-27T08:30:00+00:00,1.33705,1.33685,1.33685,1.33705,81905.09999999996
2026-05-27T08:31:00+00:00,1.33685,1.33595,1.33595,1.33685,9851.500000000004
2026-05-27T08:32:00+00:00,1.33595,1.33645,1.33595,1.33675,43017.700000000004
2026-05-27T08:33:00+00:00,1.33645,1.33675,1.33595,1.33675,12164.400000000001
2026-05-27T08:34:00+00:00,1.33665,1.33655,1.33635,1.33665,1764.5000000000002
2026-05-27T08:35:00+00:00,1.33655,1.33645,1.33645,1.33655,993.8
2026-05-27T08:36:00+00:00,1.33645,1.33665,1.33645,1.33665,1081.8999999999999
2026-05-27T08:37:00+00:00,1.33665,1.33655,1.33655,1.33685,11635.499999999995
2026-05-27T08:38:00+00:00,1.33645,1.33615,1.33615,1.33685,17161.6
2026-05-27T08:39:00+00:00,1.33615,1.33685,1.33615,1.33685,5243.700000000002
2026-05-27T08:40:00+00:00,1.33685,1.33625,1.33625,1.33685,22800.59999999999
2026-05-27T08:41:00+00:00,1.33625,1.33665,1.33625,1.33665,7487.200000000001
2026-05-27T08:42:00+00:00,1.33665,1.33675,1.33645,1.33685,10477.499999999998
2026-05-27T08:43:00+00:00,1.33675,1.33605,1.33605,1.33675,7437.9
2026-05-27T08:44:00+00:00,1.33605,1.33655,1.33605,1.33655,3504.6
2026-05-27T08:45:00+00:00,1.33655,1.33615,1.33615,1.33675,5669.5999999999985
2026-05-27T08:46:00+00:00,1.33615,1.33565,1.33545,1.33625,6551.4
2026-05-27T08:47:00+00:00,1.33565,1.33545,1.33545,1.33575,5629.499999999999
2026-05-27T08:48:00+00:00,1.33545,1.33575,1.33545,1.33585,16303.199999999999
2026-05-27T08:49:00+00:00,1.33575,1.33565,1.33555,1.33575,309.4
2026-05-27T08:50:00+00:00,1.33565,1.33565,1.33565,1.33585,1011.3999999999999
2026-05-27T08:51:00+00:00,1.33565,1.33485,1.33485,1.33565,1444.1999999999998
2026-05-27T08:52:00+00:00,1.33485,1.33435,1.33435,1.33485,25879.799999999996
2026-05-27T08:53:00+00:00,1.33435,1.33415,1.33365,1.33435,35445.999999999985
2026-05-27T08:54:00+00:00,1.33405,1.33475,1.33405,1.33495,146192.40000000005
2026-05-27T08:55:00+00:00,1.33475,1.33465,1.33465,1.33525,60249.90000000001
2026-05-27T08:56:00+00:00,1.33465,1.33425,1.33415,1.33465,947.5000000000003
2026-05-27T08:57:00+00:00,1.33425,1.33425,1.33415,1.33435,1895.6999999999996
2026-05-27T08:58:00+00:00,1.33425,1.33435,1.33425,1.33435,27.3
2026-05-27T08:59:00+00:00,1.33435,1.33545,1.33435,1.33555,39260.299999999996
2026-05-27T09:00:00+00:00,1.33545,1.33505,1.33505,1.33555,9326.600000000002
2026-05-27T09:01:00+00:00,1.33505,1.33435,1.33435,1.33515,713.4
2026-05-27T09:02:00+00:00,1.33435,1.33245,1.33245,1.33455,49506.09999999999
2026-05-27T09:03:00+00:00,1.33245,1.33285,1.33235,1.33295,11402.800000000003
2026-05-27T09:04:00+00:00,1.33285,1.33365,1.33285,1.33365,123703.79999999999
2026-05-27T09:05:00+00:00,1.33365,1.33445,1.33365,1.33445,36920.4
2026-05-27T09:06:00+00:00,1.33445,1.33365,1.33335,1.33445,36542.6
2026-05-27T09:07:00+00:00,1.33365,1.33395,1.33345,1.33415,67608.5
2026-05-27T09:08:00+00:00,1.33395,1.33405,1.33385,1.33415,17201.999999999996
2026-05-27T09:09:00+00:00,1.33405,1.33425,1.33405,1.33445,24634.4
2026-05-27T09:10:00+00:00,1.33425,1.33425,1.33415,1.33455,3625.0999999999995
2026-05-27T09:11:00+00:00,1.33425,1.33385,1.33385,1.33435,787.2999999999997
2026-05-27T09:12:00+00:00,1.33385,1.33415,1.33365,1.33455,178738.50000000003
2026-05-27T09:13:00+00:00,1.33395,1.33435,1.33395,1.33435,3354.2999999999997
2026-05-27T09:14:00+00:00,1.33435,1.33465,1.33435,1.33465,8371.8
2026-05-27T09:15:00+00:00,1.33465,1.33315,1.33285,1.33465,204191.39999999967
2026-05-27T09:16:00+00:00,1.33315,1.33385,1.33265,1.33385,60988.59999999999
2026-05-27T09:17:00+00:00,1.33385,1.33405,1.33375,1.33415,83388.10000000002
2026-05-27T09:18:00+00:00,1.33405,1.33485,1.33395,1.33485,19047.7
2026-05-27T09:19:00+00:00,1.33485,1.33495,1.33475,1.33495,1496.7000000000003
2026-05-27T09:20:00+00:00,1.33525,1.33555,1.33485,1.33565,40225.2
2026-05-27T09:21:00+00:00,1.33555,1.33475,1.33475,1.33555,10894.999999999996
2026-05-27T09:22:00+00:00,1.33475,1.33555,1.33475,1.33555,26686.999999999993
2026-05-27T09:23:00+00:00,1.33555,1.33625,1.33555,1.33625,110913.90000000001
2026-05-27T09:24:00+00:00,1.33625,1.33615,1.33595,1.33635,48615.700000000055
2026-05-27T09:25:00+00:00,1.33615,1.33705,1.33595,1.33705,313290.59999999986
2026-05-27T09:26:00+00:00,1.33705,1.33655,1.33655,1.33725,146580.29999999996
2026-05-27T09:27:00+00:00,1.33665,1.33115,1.33115,1.33685,1242863.6999999976
2026-05-27T09:28:00+00:00,1.33095,1.32865,1.32835,1.33095,177860.7
2026-05-27T09:29:00+00:00,1.32865,1.33055,1.32865,1.33055,275355.3999999998
2026-05-27T09:30:00+00:00,1.33055,1.33075,1.33045,1.33075,30010.700000000004
2026-05-27T09:31:00+00:00,1.33075,1.33045,1.33005,1.33075,78873.59999999999
2026-05-27T09:32:00+00:00,1.33045,1.33105,1.33045,1.33115,26040.500000000004
2026-05-27T09:33:00+00:00,1.33095,1.33095,1.33085,1.33105,8219.3
2026-05-27T09:34:00+00:00,1.33095,1.33065,1.33065,1.33095,10850.199999999999
2026-05-27T09:35:00+00:00,1.33065,1.33115,1.33055,1.33115,29850.99999999999
2026-05-27T09:36:00+00:00,1.33115,1.33135,1.33115,1.33185,30419.60000000001
2026-05-27T09:37:00+00:00,1.33135,1.33105,1.33105,1.33155,38839.200000000004
2026-05-27T09:38:00+00:00,1.33105,1.33235,1.33105,1.33235,24104.599999999984
2026-05-27T09:39:00+00:00,1.33235,1.33215,1.33215,1.33235,1471.3999999999999
2026-05-27T09:40:00+00:00,1.33215,1.33185,1.33185,1.33215,150.5
2026-05-27T09:41:00+00:00,1.33185,1.33165,1.33165,1.33185,12390.899999999992
2026-05-27T09:42:00+00:00,1.33165,1.33175,1.33165,1.33175,16157.399999999994
2026-05-27T09:43:00+00:00,1.33175,1.33145,1.33145,1.33175,8527.599999999986
2026-05-27T09:44:00+00:00,1.33145,1.33135,1.33135,1.33145,445.39999999999986
2026-05-27T09:45:00+00:00,1.33135,1.33125,1.33125,1.33135,38.69999999999999
2026-05-27T09:46:00+00:00,1.33125,1.33085,1.33085,1.33135,43976.500000000015
2026-05-27T09:47:00+00:00,1.33085,1.33145,1.33075,1.33145,14708.299999999985
2026-05-27T09:48:00+00:00,1.33145,1.33065,1.33065,1.33145,5524.4
2026-05-27T09:49:00+00:00,1.33065,1.33095,1.33065,1.33105,11771.499999999985
2026-05-27T09:50:00+00:00,1.33095,1.33075,1.33075,1.33155,61479.80000000001
2026-05-27T09:51:00+00:00,1.33075,1.33035,1.33025,1.33095,118897.29999999997
2026-05-27T09:52:00+00:00,1.33035,1.32995,1.32975,1.33045,738.0999999999999
2026-05-27T09:53:00+00:00,1.32985,1.33005,1.32985,1.33005,78851.7
2026-05-27T09:54:00+00:00,1.33005,1.32965,1.32965,1.33005,138946.1
2026-05-27T09:55:00+00:00,1.32955,1.32975,1.32945,1.32985,157869.1
2026-05-27T09:56:00+00:00,1.32975,1.32945,1.32935,1.32975,159455.40000000002
2026-05-27T09:57:00+00:00,1.32945,1.33015,1.32935,1.33025,90580.1
2026-05-27T09:58:00+00:00,1.33015,1.33015,1.32985,1.33015,51297.8
2026-05-27T09:59:00+00:00,1.33015,1.32925,1.32925,1.33015,171923.6999999999
2026-05-27T10:00:00+00:00,1.32925,1.33325,1.32915,1.33405,1282179.7000000114
2026-05-27T10:01:00+00:00,1.33325,1.33255,1.33255,1.33325,47074.39999999999
2026-05-27T10:02:00+00:00,1.33255,1.33195,1.33185,1.33255,20744.799999999996
2026-05-27T10:03:00+00:00,1.33195,1.33185,1.33155,1.33195,54260.6
2026-05-27T10:04:00+00:00,1.33175,1.33115,1.33115,1.33175,101256.40000000002
2026-05-27T10:05:00+00:00,1.33115,1.33085,1.33075,1.33115,36919.299999999996
2026-05-27T10:06:00+00:00,1.33085,1.33005,1.33005,1.33135,245535.1999999999
2026-05-27T10:07:00+00:00,1.33005,1.33035,1.32985,1.33045,78997.70000000001
2026-05-27T10:08:00+00:00,1.33035,1.33095,1.33035,1.33115,27511.29999999998
2026-05-27T10:09:00+00:00,1.33095,1.33095,1.33065,1.33115,17106.99999999999
2026-05-27T10:10:00+00:00,1.33095,1.33095,1.33085,1.33095,230.5
2026-05-27T10:11:00+00:00,1.33095,1.33125,1.33095,1.33125,47110.70000000003
2026-05-27T10:12:00+00:00,1.33125,1.33125,1.33125,1.33125,0.0
2026-05-27T10:13:00+00:00,1.33125,1.33185,1.33125,1.33185,4077.500000000003
2026-05-27T10:14:00+00:00,1.33185,1.33275,1.33155,1.33275,4292.200000000003
2026-05-27T10:15:00+00:00,1.33275,1.33275,1.33245,1.33275,20998.499999999993
2026-05-27T10:16:00+00:00,1.33275,1.33375,1.33275,1.33375,17255.499999999996
2026-05-27T10:17:00+00:00,1.33375,1.33425,1.33375,1.33455,5613.5
2026-05-27T10:18:00+00:00,1.33425,1.33355,1.33335,1.33445,48547.299999999974
2026-05-27T10:19:00+00:00,1.33355,1.33385,1.33355,1.33415,36053.99999999999
2026-05-27T10:20:00+00:00,1.33385,1.33415,1.33345,1.33425,4783.000000000001
2026-05-27T10:21:00+00:00,1.33415,1.33395,1.33365,1.33415,11901.1
2026-05-27T10:22:00+00:00,1.33395,1.33425,1.33385,1.33425,1751.4
2026-05-27T10:23:00+00:00,1.33425,1.33435,1.33425,1.33465,12113.699999999997
2026-05-27T10:24:00+00:00,1.33435,1.33355,1.33315,1.33435,221109.8999999999
2026-05-27T10:25:00+00:00,1.33355,1.33385,1.33335,1.33385,23132.000000000004
2026-05-27T10:26:00+00:00,1.33385,1.33385,1.33355,1.33385,34528.3
2026-05-27T10:27:00+00:00,1.33385,1.33345,1.33345,1.33405,6871.500000000001
2026-05-27T10:28:00+00:00,1.33345,1.33295,1.33275,1.33345,14666.799999999994
2026-05-27T10:29:00+00:00,1.33295,1.33265,1.33265,1.33295,21025.900000000005
2026-05-27T10:30:00+00:00,1.33265,1.33275,1.33265,1.33295,24051.000000000007
2026-05-27T10:31:00+00:00,1.33275,1.33285,1.33275,1.33285,335.09999999999997
2026-05-27T10:32:00+00:00,1.33285,1.33245,1.33235,1.33285,15714.899999999987
2026-05-27T10:33:00+00:00,1.33245,1.33185,1.33155,1.33255,31670.09999999999
2026-05-27T10:34:00+00:00,1.33195,1.33095,1.33095,1.33195,47799.10000000002
2026-05-27T10:35:00+00:00,1.33095,1.33105,1.33075,1.33105,1294.8
2026-05-27T10:36:00+00:00,1.33105,1.33165,1.33105,1.33165,682.4999999999999
2026-05-27T10:37:00+00:00,1.33165,1.33185,1.33165,1.33185,4964.400000000001
2026-05-27T10:38:00+00:00,1.33185,1.33135,1.33135,1.33195,89.5
2026-05-27T10:39:00+00:00,1.33135,1.33085,1.33085,1.33135,15526.099999999993
2026-05-27T10:40:00+00:00,1.33085,1.33075,1.33065,1.33115,18717.299999999996
2026-05-27T10:41:00+00:00,1.33075,1.33055,1.33055,1.33085,4506.1
2026-05-27T10:42:00+00:00,1.33045,1.33085,1.33045,1.33085,1407.7999999999997
2026-05-27T10:43:00+00:00,1.33085,1.33105,1.33085,1.33105,605.3
2026-05-27T10:44:00+00:00,1.33105,1.33095,1.33075,1.33115,24561.900000000005
2026-05-27T10:45:00+00:00,1.33095,1.33135,1.33095,1.33135,20580.1
2026-05-27T10:46:00+00:00,1.33135,1.33045,1.33045,1.33135,29031.30000000001
2026-05-27T10:47:00+00:00,1.33045,1.32975,1.32975,1.33045,41771.60000000001
2026-05-27T10:48:00+00:00,1.32975,1.33055,1.32975,1.33065,41522.80000000002
2026-05-27T10:49:00+00:00,1.33055,1.33025,1.33025,1.33065,2715.2
2026-05-27T10:50:00+00:00,1.33025,1.33075,1.33015,1.33075,1289.5
2026-05-27T10:51:00+00:00,1.33075,1.33035,1.33035,1.33075,1819.9000000000005
2026-05-27T10:52:00+00:00,1.33035,1.33045,1.33015,1.33055,16633.7
2026-05-27T10:53:00+00:00,1.33045,1.33075,1.33045,1.33075,6315.699999999997
2026-05-27T10:54:00+00:00,1.33075,1.33075,1.33055,1.33085,6536.200000000002
2026-05-27T10:55:00+00:00,1.33075,1.33095,1.33055,1.33095,3949.6
2026-05-27T10:56:00+00:00,1.33095,1.33075,1.33075,1.33105,3810.6000000000004
2026-05-27T10:57:00+00:00,1.33075,1.33085,1.33075,1.33085,46.79999999999999
2026-05-27T10:58:00+00:00,1.33085,1.33095,1.33085,1.33095,5154.899999999998
2026-05-27T10:59:00+00:00,1.33095,1.33045,1.33045,1.33115,97578.29999999993
2026-05-27T11:00:00+00:00,1.33045,1.33085,1.32995,1.33085,4726.300000000002
2026-05-27T11:01:00+00:00,1.33085,1.33205,1.33085,1.33205,3848.6000000000004
2026-05-27T11:02:00+00:00,1.33205,1.33325,1.33205,1.33335,17286.9
2026-05-27T11:03:00+00:00,1.33295,1.33205,1.33205,1.33305,9707.2
2026-05-27T11:04:00+00:00,1.33205,1.33245,1.33205,1.33265,4926.499999999999
2026-05-27T11:05:00+00:00,1.33245,1.33205,1.33175,1.33245,5767.400000000001
2026-05-27T11:06:00+00:00,1.33205,1.33215,1.33175,1.33215,2825.0999999999985
2026-05-27T11:07:00+00:00,1.33215,1.33215,1.33215,1.33215,0.0
2026-05-27T11:08:00+00:00,1.33215,1.33265,1.33215,1.33265,9764.7
2026-05-27T11:09:00+00:00,1.33265,1.33185,1.33185,1.33285,28390.299999999996
2026-05-27T11:10:00+00:00,1.33185,1.33165,1.33155,1.33195,4894.599999999999
2026-05-27T11:11:00+00:00,1.33165,1.33205,1.33135,1.33205,2442.8
2026-05-27T11:12:00+00:00,1.33195,1.33205,1.33175,1.33205,6202.200000000001
2026-05-27T11:13:00+00:00,1.33205,1.33245,1.33205,1.33245,5778.600000000001
2026-05-27T11:14:00+00:00,1.33245,1.33235,1.33235,1.33255,731.3
2026-05-27T11:15:00+00:00,1.33235,1.33415,1.33235,1.33415,2179.0
2026-05-27T11:16:00+00:00,1.33405,1.33275,1.33245,1.33425,200896.6
2026-05-27T11:17:00+00:00,1.33275,1.33295,1.33245,1.33295,5399.7
2026-05-27T11:18:00+00:00,1.33275,1.33255,1.33235,1.33275,5545.699999999999
2026-05-27T11:19:00+00:00,1.33255,1.33245,1.33235,1.33275,3559.7999999999993
2026-05-27T11:20:00+00:00,1.33245,1.33335,1.33245,1.33335,1705.9999999999998
2026-05-27T11:21:00+00:00,1.33345,1.33385,1.33345,1.33395,4237.6
2026-05-27T11:22:00+00:00,1.33375,1.33355,1.33345,1.33375,13889.799999999992
2026-05-27T11:23:00+00:00,1.33355,1.33405,1.33355,1.33405,19000.999999999996
2026-05-27T11:24:00+00:00,1.33405,1.33385,1.33385,1.33415,2102.2
2026-05-27T11:25:00+00:00,1.33385,1.33395,1.33385,1.33395,3126.0000000000005
2026-05-27T11:26:00+00:00,1.33395,1.33385,1.33385,1.33395,878.9999999999999
2026-05-27T11:27:00+00:00,1.33385,1.33335,1.33335,1.33405,20670.299999999996
2026-05-27T11:28:00+00:00,1.33335,1.33265,1.33265,1.33345,4531.5
2026-05-27T11:29:00+00:00,1.33265,1.33225,1.33225,1.33305,7235.999999999999
2026-05-27T11:30:00+00:00,1.33225,1.33075,1.33075,1.33225,21983.899999999998
2026-05-27T11:31:00+00:00,1.33075,1.33055,1.32985,1.33125,20291.4
2026-05-27T11:32:00+00:00,1.33055,1.32935,1.32925,1.33055,32493.100000000013
2026-05-27T11:33:00+00:00,1.32935,1.33025,1.32935,1.33025,6863.499999999999
2026-05-27T11:34:00+00:00,1.33025,1.33065,1.33025,1.33065,38375.200000000004
2026-05-27T11:35:00+00:00,1.33065,1.33075,1.33005,1.33085,14181.199999999993
2026-05-27T11:36:00+00:00,1.33065,1.33105,1.33055,1.33115,11440.299999999983
2026-05-27T11:37:00+00:00,1.33115,1.33185,1.33095,1.33205,26426.799999999992
2026-05-27T11:38:00+00:00,1.33185,1.33095,1.33095,1.33185,12571.899999999996
2026-05-27T11:39:00+00:00,1.33095,1.33105,1.33085,1.33115,39878.59999999998
2026-05-27T11:40:00+00:00,1.33105,1.32985,1.32985,1.33105,17218.799999999992
2026-05-27T11:41:00+00:00,1.32985,1.33085,1.32985,1.33085,2174.9
2026-05-27T11:42:00+00:00,1.33085,1.33025,1.33025,1.33085,2808.0000000000023
2026-05-27T11:43:00+00:00,1.33035,1.33025,1.33005,1.33075,16392.99999999998
2026-05-27T11:44:00+00:00,1.33025,1.33035,1.33025,1.33055,37562.40000000001
2026-05-27T11:45:00+00:00,1.33035,1.33035,1.32985,1.33035,32681.099999999995
2026-05-27T11:46:00+00:00,1.33025,1.33045,1.32985,1.33045,2739.3999999999996
2026-05-27T11:47:00+00:00,1.33045,1.33045,1.33025,1.33065,551.3
2026-05-27T11:48:00+00:00,1.33055,1.33005,1.32985,1.33065,8802.899999999998
2026-05-27T11:49:00+00:00,1.33035,1.33045,1.33025,1.33045,612.0000000000001
2026-05-27T11:50:00+00:00,1.33045,1.33045,1.33025,1.33045,1967.5
2026-05-27T11:51:00+00:00,1.33045,1.33055,1.33035,1.33055,504.5999999999999
2026-05-27T11:52:00+00:00,1.33055,1.33055,1.33055,1.33055,0.0
2026-05-27T11:53:00+00:00,1.33055,1.32995,1.32995,1.33055,818.1999999999998
2026-05-27T11:54:00+00:00,1.32995,1.32955,1.32915,1.32995,47449.90000000001
2026-05-27T11:55:00+00:00,1.32955,1.32975,1.32915,1.32975,13326.499999999998
2026-05-27T11:56:00+00:00,1.32975,1.32985,1.32975,1.33015,13456.900000000001
2026-05-27T11:57:00+00:00,1.32985,1.32975,1.32945,1.32985,29911.899999999983
2026-05-27T11:58:00+00:00,1.32975,1.32955,1.32955,1.32975,94.49999999999999
2026-05-27T11:59:00+00:00,1.32955,1.32965,1.32935,1.32965,1521.3999999999996
2026-05-27T12:00:00+00:00,1.32985,1.32895,1.32895,1.32985,9925.999999999996
2026-05-27T12:01:00+00:00,1.32895,1.32845,1.32805,1.32915,36132.299999999996
2026-05-27T12:02:00+00:00,1.32845,1.32785,1.32735,1.32845,19811.499999999985
2026-05-27T12:03:00+00:00,1.32795,1.32725,1.32685,1.32805,76439.00000000007
2026-05-27T12:04:00+00:00,1.32725,1.32765,1.32725,1.32765,38344.00000000001
2026-05-27T12:05:00+00:00,1.32765,1.32785,1.32765,1.32785,637.0999999999997
2026-05-27T12:06:00+00:00,1.32775,1.32605,1.32555,1.32775,41801.499999999985
2026-05-27T12:07:00+00:00,1.32605,1.32645,1.32515,1.32645,38204.2
2026-05-27T12:08:00+00:00,1.32645,1.32685,1.32635,1.32685,52307.6
2026-05-27T12:09:00+00:00,1.32685,1.32675,1.32675,1.32715,45529.59999999999
2026-05-27T12:10:00+00:00,1.32675,1.32605,1.32505,1.32675,62379.899999999994
2026-05-27T12:11:00+00:00,1.32615,1.32645,1.32585,1.32675,38064.299999999974
2026-05-27T12:12:00+00:00,1.32645,1.32695,1.32625,1.32695,3719.7999999999993
2026-05-27T12:13:00+00:00,1.32695,1.32665,1.32665,1.32695,7312.4
2026-05-27T12:14:00+00:00,1.32665,1.32675,1.32665,1.32675,36.199999999999996
2026-05-27T12:15:00+00:00,1.32675,1.32585,1.32575,1.32675,3176.999999999999
2026-05-27T12:16:00+00:00,1.32585,1.32675,1.32565,1.32675,4473.8
2026-05-27T12:17:00+00:00,1.32675,1.32645,1.32635,1.32735,13835.000000000005
2026-05-27T12:18:00+00:00,1.32645,1.33025,1.32585,1.33045,164382.79999999996
2026-05-27T12:19:00+00:00,1.33025,1.33175,1.33005,1.33185,93408.90000000004
2026-05-27T12:20:00+00:00,1.33165,1.33325,1.33125,1.33335,42645.3
2026-05-27T12:21:00+00:00,1.33325,1.33475,1.33325,1.33545,60430.89999999995
2026-05-27T12:22:00+00:00,1.33475,1.33945,1.33475,1.34075,314066.39999999985
2026-05-27T12:23:00+00:00,1.33935,1.33485,1.33455,1.33965,253660.00000000012
2026-05-27T12:24:00+00:00,1.33465,1.33465,1.33305,1.33475,72683.0
2026-05-27T12:25:00+00:00,1.33465,1.33585,1.33445,1.33585,40932.700000000004
2026-05-27T12:26:00+00:00,1.33595,1.33535,1.33525,1.33645,28655.000000000004
2026-05-27T12:27:00+00:00,1.33505,1.33485,1.33395,1.33535,15778.999999999993
2026-05-27T12:28:00+00:00,1.33495,1.33565,1.33495,1.33595,25376.49999999998
2026-05-27T12:29:00+00:00,1.33575,1.33575,1.33535,1.33585,3405.1000000000017
2026-05-27T12:30:00+00:00,1.33585,1.33525,1.33505,1.33685,28765.999999999985
2026-05-27T12:31:00+00:00,1.33515,1.33495,1.33495,1.33565,15688.900000000001
2026-05-27T12:32:00+00:00,1.33495,1.33425,1.33405,1.33525,6714.999999999998
2026-05-27T12:33:00+00:00,1.33415,1.33435,1.33385,1.33435,56971.600000000006
2026-05-27T12:34:00+00:00,1.33465,1.33315,1.33315,1.33475,7516.9
2026-05-27T12:35:00+00:00,1.33315,1.33385,1.33315,1.33385,3177.8999999999996
2026-05-27T12:36:00+00:00,1.33395,1.33555,1.33395,1.33645,164577.79999999993
2026-05-27T12:37:00+00:00,1.33545,1.33605,1.33515,1.33605,11804.199999999999
2026-05-27T12:38:00+00:00,1.33605,1.33645,1.33575,1.33655,5354.199999999999
2026-05-27T12:39:00+00:00,1.33645,1.33695,1.33635,1.33735,1941.4999999999995
2026-05-27T12:40:00+00:00,1.33695,1.33645,1.33605,1.33695,19954.499999999996
2026-05-27T12:41:00+00:00,1.33645,1.33605,1.33585,1.33695,16870.7
2026-05-27T12:42:00+00:00,1.33605,1.33575,1.33565,1.33605,721.6
2026-05-27T12:43:00+00:00,1.33575,1.33575,1.33565,1.33575,439.09999999999997
2026-05-27T12:44:00+00:00,1.33585,1.33645,1.33585,1.33645,2722.9
2026-05-27T12:45:00+00:00,1.33645,1.33615,1.33585,1.33645,9135.800000000001
2026-05-27T12:46:00+00:00,1.33615,1.33495,1.33495,1.33615,9179.300000000001
2026-05-27T12:47:00+00:00,1.33495,1.33475,1.33435,1.33525,9131.199999999993
2026-05-27T12:48:00+00:00,1.33475,1.33485,1.33305,1.33485,41683.0
2026-05-27T12:49:00+00:00,1.33485,1.33495,1.33485,1.33525,3692.1
2026-05-27T12:50:00+00:00,1.33495,1.33455,1.33445,1.33515,2965.599999999999
2026-05-27T12:51:00+00:00,1.33455,1.33385,1.33385,1.33495,7350.100000000008
2026-05-27T12:52:00+00:00,1.33385,1.33355,1.33305,1.33385,27309.799999999992
2026-05-27T12:53:00+00:00,1.33355,1.33445,1.33355,1.33445,6656.000000000003
2026-05-27T12:54:00+00:00,1.33445,1.33445,1.33435,1.33465,4780.8
2026-05-27T12:55:00+00:00,1.33445,1.33285,1.33285,1.33445,10667.999999999995
2026-05-27T12:56:00+00:00,1.33285,1.33245,1.33245,1.33315,2091.7000000000007
2026-05-27T12:57:00+00:00,1.33265,1.33245,1.33225,1.33275,31652.300000000003
2026-05-27T12:58:00+00:00,1.33245,1.33215,1.33215,1.33245,1267.6
2026-05-27T12:59:00+00:00,1.33215,1.33195,1.33185,1.33215,17355.599999999995
2026-05-27T13:00:00+00:00,1.33195,1.33275,1.33195,1.33325,11289.899999999996
2026-05-27T13:01:00+00:00,1.33275,1.33185,1.33185,1.33315,4332.999999999999
2026-05-27T13:02:00+00:00,1.33185,1.33305,1.33185,1.33325,13478.999999999996
2026-05-27T13:03:00+00:00,1.33305,1.33245,1.33245,1.33305,999.0999999999997
2026-05-27T13:04:00+00:00,1.33245,1.33085,1.33085,1.33245,11752.9
2026-05-27T13:05:00+00:00,1.33085,1.33155,1.33005,1.33155,17181.4
2026-05-27T13:06:00+00:00,1.33155,1.33045,1.33045,1.33155,5025.299999999999
2026-05-27T13:07:00+00:00,1.33045,1.33055,1.33005,1.33055,2498.6
2026-05-27T13:08:00+00:00,1.33055,1.32915,1.32915,1.33055,6509.699999999999
2026-05-27T13:09:00+00:00,1.32915,1.32785,1.32725,1.32915,52686.299999999996
2026-05-27T13:10:00+00:00,1.32785,1.32805,1.32755,1.32815,26214.399999999994
2026-05-27T13:11:00+00:00,1.32815,1.32825,1.32805,1.32855,5204.200000000001
2026-05-27T13:12:00+00:00,1.32825,1.32875,1.32825,1.32875,3359.1
2026-05-27T13:13:00+00:00,1.32885,1.32745,1.32745,1.32895,5094.899999999999
2026-05-27T13:14:00+00:00,1.32745,1.32805,1.32725,1.32805,57751.09999999998
2026-05-27T13:15:00+00:00,1.32805,1.32765,1.32745,1.32805,39431.89999999998
2026-05-27T13:16:00+00:00,1.32765,1.32805,1.32745,1.32855,8387.199999999999
2026-05-27T13:17:00+00:00,1.32805,1.32805,1.32775,1.32855,4423.599999999999
2026-05-27T13:18:00+00:00,1.32805,1.32865,1.32785,1.32865,4330.5
2026-05-27T13:19:00+00:00,1.32865,1.32885,1.32855,1.32915,3927.7999999999993
2026-05-27T13:20:00+00:00,1.32895,1.32835,1.32835,1.32905,11367.499999999998
2026-05-27T13:21:00+00:00,1.32835,1.32715,1.32695,1.32835,12079.89999999999
2026-05-27T13:22:00+00:00,1.32715,1.32775,1.32715,1.32805,2548.6
2026-05-27T13:23:00+00:00,1.32775,1.32815,1.32765,1.32815,1854.6000000000001
2026-05-27T13:24:00+00:00,1.32835,1.32785,1.32765,1.32845,34054.000000000015
2026-05-27T13:25:00+00:00,1.32805,1.32635,1.32585,1.32805,28259.0
2026-05-27T13:26:00+00:00,1.32635,1.32595,1.32575,1.32675,51856.39999999997
2026-05-27T13:27:00+00:00,1.32605,1.32575,1.32545,1.32625,22178.199999999993
2026-05-27T13:28:00+00:00,1.32545,1.32605,1.32545,1.32625,41048.099999999984
2026-05-27T13:29:00+00:00,1.32605,1.32565,1.32565,1.32645,11523.499999999998
2026-05-27T13:30:00+00:00,1.32555,1.32565,1.32305,1.32565,135311.39999999994
2026-05-27T13:31:00+00:00,1.32575,1.32465,1.32365,1.32695,149602.69999999995
2026-05-27T13:32:00+00:00,1.32465,1.32505,1.32385,1.32525,70957.2
2026-05-27T13:33:00+00:00,1.32505,1.32525,1.32445,1.32545,44614.79999999999
2026-05-27T13:34:00+00:00,1.32535,1.32535,1.32505,1.32605,61524.9
2026-05-27T13:35:00+00:00,1.32525,1.32405,1.32305,1.32545,25157.700000000004
2026-05-27T13:36:00+00:00,1.32405,1.32335,1.32335,1.32535,23141.59999999999
2026-05-27T13:37:00+00:00,1.32335,1.32245,1.32205,1.32375,86250.79999999997
2026-05-27T13:38:00+00:00,1.32245,1.32125,1.31965,1.32255,473074.20000000007
2026-05-27T13:39:00+00:00,1.32105,1.32165,1.32005,1.32275,83116.9
2026-05-27T13:40:00+00:00,1.32145,1.32135,1.32065,1.32195,85805.49999999997
2026-05-27T13:41:00+00:00,1.32125,1.32025,1.31985,1.32125,109893.40000000004
2026-05-27T13:42:00+00:00,1.32005,1.32065,1.31955,1.32165,101338.99999999996
2026-05-27T13:43:00+00:00,1.32065,1.31935,1.31875,1.32135,66365.79999999999
2026-05-27T13:44:00+00:00,1.31905,1.32045,1.31905,1.32095,55008.79999999999
2026-05-27T13:45:00+00:00,1.32045,1.32275,1.32005,1.32275,176240.49999999997
2026-05-27T13:46:00+00:00,1.32275,1.32035,1.31995,1.32275,82469.39999999998
2026-05-27T13:47:00+00:00,1.32035,1.32115,1.32035,1.32145,100640.69999999995
2026-05-27T13:48:00+00:00,1.32115,1.32225,1.32115,1.32255,26159.100000000002
2026-05-27T13:49:00+00:00,1.32215,1.32065,1.32065,1.32215,98775.09999999999
2026-05-27T13:50:00+00:00,1.32065,1.32235,1.31995,1.32235,87143.00000000006
2026-05-27T13:51:00+00:00,1.32235,1.32325,1.32165,1.32325,52773.799999999996
2026-05-27T13:52:00+00:00,1.32325,1.32405,1.32285,1.32405,104269.99999999999
2026-05-27T13:53:00+00:00,1.32415,1.32395,1.32325,1.32435,56317.59999999999
2026-05-27T13:54:00+00:00,1.32395,1.32385,1.32305,1.32425,84577.09999999999
2026-05-27T13:55:00+00:00,1.32375,1.32275,1.32275,1.32425,12101.399999999998
2026-05-27T13:56:00+00:00,1.32275,1.32275,1.32255,1.32285,6544.9000000000015
2026-05-27T13:57:00+00:00,1.32275,1.32435,1.32265,1.32455,27815.200000000004
2026-05-27T13:58:00+00:00,1.32435,1.32325,1.32305,1.32435,65752.49999999999
2026-05-27T13:59:00+00:00,1.32325,1.32415,1.32315,1.32415,20155.199999999993
2026-05-27T14:00:00+00:00,1.32415,1.32535,1.32415,1.32715,52424.80000000002
2026-05-27T14:01:00+00:00,1.32535,1.32705,1.32515,1.32735,112965.3
2026-05-27T14:02:00+00:00,1.32715,1.32755,1.32655,1.32785,108648.20000000004
2026-05-27T14:03:00+00:00,1.32745,1.32685,1.32645,1.32795,33362.899999999994
2026-05-27T14:04:00+00:00,1.32685,1.32735,1.32685,1.32805,27965.100000000006
2026-05-27T14:05:00+00:00,1.32735,1.32545,1.32545,1.32765,65904.69999999997
2026-05-27T14:06:00+00:00,1.32545,1.32565,1.32515,1.32585,44580.100000000006
2026-05-27T14:07:00+00:00,1.32565,1.32395,1.32375,1.32585,257756.79999999996
2026-05-27T14:08:00+00:00,1.32435,1.32405,1.32335,1.32445,31305.299999999992
2026-05-27T14:09:00+00:00,1.32405,1.32405,1.32365,1.32415,10589.799999999997
2026-05-27T14:10:00+00:00,1.32405,1.32225,1.32225,1.32445,36609.099999999984
2026-05-27T14:11:00+00:00,1.32225,1.32185,1.32185,1.32235,40860.70000000002
2026-05-27T14:12:00+00:00,1.32165,1.32205,1.32165,1.32205,9925.500000000002
2026-05-27T14:13:00+00:00,1.32205,1.32185,1.32155,1.32205,34997.70000000001
2026-05-27T14:14:00+00:00,1.32185,1.32125,1.32115,1.32215,126203.00000000001
2026-05-27T14:15:00+00:00,1.32125,1.32145,1.32125,1.32185,107465.20000000001
2026-05-27T14:16:00+00:00,1.32135,1.32165,1.32035,1.32165,121728.69999999998
2026-05-27T14:17:00+00:00,1.32165,1.32215,1.32075,1.32235,89453.90000000001
2026-05-27T14:18:00+00:00,1.32215,1.32335,1.32185,1.32355,38457.89999999999
2026-05-27T14:19:00+00:00,1.32335,1.32415,1.32285,1.32445,34214.1
2026-05-27T14:20:00+00:00,1.32415,1.32075,1.32075,1.32415,74424.19999999998
2026-05-27T14:21:00+00:00,1.32075,1.32085,1.32045,1.32165,19436.7
2026-05-27T14:22:00+00:00,1.32085,1.32095,1.31995,1.32125,82998.69999999995
2026-05-27T14:23:00+00:00,1.32095,1.32015,1.32005,1.32105,57408.1
2026-05-27T14:24:00+00:00,1.32005,1.31985,1.31945,1.32005,18309.799999999992
2026-05-27T14:25:00+00:00,1.31985,1.32075,1.31985,1.32115,17993.899999999998
2026-05-27T14:26:00+00:00,1.32075,1.32085,1.32075,1.32115,6309.000000000002
2026-05-27T14:27:00+00:00,1.32085,1.31925,1.31895,1.32105,16574.699999999997
2026-05-27T14:28:00+00:00,1.31925,1.31985,1.31925,1.32015,32591.999999999996
2026-05-27T14:29:00+00:00,1.31975,1.32085,1.31935,1.32095,34529.399999999994
2026-05-27T14:30:00+00:00,1.32085,1.32295,1.32075,1.32295,111507.59999999998
2026-05-27T14:31:00+00:00,1.32295,1.32455,1.32275,1.32455,69306.29999999999
2026-05-27T14:32:00+00:00,1.32485,1.32255,1.32235,1.32485,141119.4
2026-05-27T14:33:00+00:00,1.32255,1.32145,1.32095,1.32365,114216.70000000003
2026-05-27T14:34:00+00:00,1.32135,1.32375,1.32095,1.32375,26406.39999999999
2026-05-27T14:35:00+00:00,1.32395,1.32355,1.32315,1.32415,15479.699999999999
2026-05-27T14:36:00+00:00,1.32355,1.32345,1.32345,1.32445,62177.800000000054
2026-05-27T14:37:00+00:00,1.32345,1.32395,1.32235,1.32425,26359.999999999996
2026-05-27T14:38:00+00:00,1.32395,1.32515,1.32395,1.32545,47696.19999999999
2026-05-27T14:39:00+00:00,1.32515,1.32425,1.32405,1.32515,11031.500000000002
2026-05-27T14:40:00+00:00,1.32425,1.32465,1.32405,1.32495,10987.499999999998
2026-05-27T14:41:00+00:00,1.32475,1.32425,1.32395,1.32485,6378.400000000002
2026-05-27T14:42:00+00:00,1.32425,1.32385,1.32245,1.32425,48420.29999999997
2026-05-27T14:43:00+00:00,1.32385,1.32495,1.32375,1.32495,19971.099999999995
2026-05-27T14:44:00+00:00,1.32495,1.32525,1.32475,1.32535,40857.79999999999
2026-05-27T14:45:00+00:00,1.32525,1.32665,1.32515,1.32665,29011.59999999999
2026-05-27T14:46:00+00:00,1.32675,1.32805,1.32675,1.32845,37799.89999999999
2026-05-27T14:47:00+00:00,1.32805,1.32915,1.32785,1.32915,50691.99999999999
2026-05-27T14:48:00+00:00,1.32915,1.32715,1.32715,1.32915,93884.30000000005
2026-05-27T14:49:00+00:00,1.32715,1.32685,1.32685,1.32715,37183.999999999985
2026-05-27T14:50:00+00:00,1.32685,1.32785,1.32675,1.32795,7841.7
2026-05-27T14:51:00+00:00,1.32805,1.32765,1.32765,1.32825,7030.199999999996
2026-05-27T14:52:00+00:00,1.32765,1.32855,1.32765,1.32865,7623.099999999999
2026-05-27T14:53:00+00:00,1.32855,1.32865,1.32815,1.32895,15985.599999999999
2026-05-27T14:54:00+00:00,1.32875,1.33005,1.32855,1.33025,104017.90000000002
2026-05-27T14:55:00+00:00,1.33005,1.32955,1.32955,1.33005,6712.199999999999
2026-05-27T14:56:00+00:00,1.32955,1.32965,1.32945,1.33005,6845.200000000003
2026-05-27T14:57:00+00:00,1.32955,1.32985,1.32955,1.32995,3771.2000000000016
2026-05-27T14:58:00+00:00,1.32985,1.33045,1.32985,1.33045,77057.60000000002
2026-05-27T14:59:00+00:00,1.33045,1.33045,1.33045,1.33085,29249.599999999995
2026-05-27T15:00:00+00:00,1.33045,1.33055,1.32995,1.33055,32978.0
2026-05-27T15:01:00+00:00,1.33045,1.33145,1.33045,1.33155,46299.40000000001
2026-05-27T15:02:00+00:00,1.33145,1.33145,1.33135,1.33185,55786.100000000006
2026-05-27T15:03:00+00:00,1.33145,1.33315,1.33145,1.33375,147656.9999999999
2026-05-27T15:04:00+00:00,1.33315,1.33285,1.33265,1.33415,154568.10000000003
2026-05-27T15:05:00+00:00,1.33285,1.33215,1.33205,1.33285,23481.6
2026-05-27T15:06:00+00:00,1.33215,1.33215,1.33215,1.33265,8391.0
2026-05-27T15:07:00+00:00,1.33215,1.33255,1.33215,1.33255,11629.799999999994
2026-05-27T15:08:00+00:00,1.33255,1.33255,1.33205,1.33255,126906.39999999995
2026-05-27T15:09:00+00:00,1.33255,1.33375,1.33245,1.33425,117530.90000000005
2026-05-27T15:10:00+00:00,1.33375,1.33445,1.33325,1.33445,11411.699999999999
2026-05-27T15:11:00+00:00,1.33445,1.33335,1.33335,1.33485,34727.50000000001
2026-05-27T15:12:00+00:00,1.33335,1.33375,1.33335,1.33375,187.2
2026-05-27T15:13:00+00:00,1.33375,1.33455,1.33365,1.33465,7026.600000000001
2026-05-27T15:14:00+00:00,1.33455,1.33555,1.33455,1.33575,77249.10000000003
2026-05-27T15:15:00+00:00,1.33555,1.33545,1.33525,1.33555,8785.900000000001
2026-05-27T15:16:00+00:00,1.33545,1.33705,1.33545,1.33705,57890.70000000001
2026-05-27T15:17:00+00:00,1.33735,1.33815,1.33725,1.33855,48408.19999999999
2026-05-27T15:18:00+00:00,1.33815,1.34055,1.33805,1.34055,159170.00000000006
2026-05-27T15:19:00+00:00,1.34065,1.34005,1.33995,1.34065,65544.99999999999
2026-05-27T15:20:00+00:00,1.34015,1.34235,1.34015,1.34305,237064.30000000005
2026-05-27T15:21:00+00:00,1.34235,1.33965,1.33965,1.34235,88096.50000000004
2026-05-27T15:22:00+00:00,1.33955,1.33825,1.33825,1.34005,33488.7
2026-05-27T15:23:00+00:00,1.33825,1.33845,1.33805,1.33865,10380.699999999999
2026-05-27T15:24:00+00:00,1.33845,1.34065,1.33845,1.34065,50412.100000000006
2026-05-27T15:25:00+00:00,1.34055,1.33965,1.33915,1.34055,48142.39999999999
2026-05-27T15:26:00+00:00,1.33965,1.33995,1.33895,1.34005,39627.69999999999
2026-05-27T15:27:00+00:00,1.33995,1.33895,1.33875,1.33995,32076.2
2026-05-27T15:28:00+00:00,1.33895,1.33865,1.33865,1.33935,33301.499999999985
2026-05-27T15:29:00+00:00,1.33865,1.33905,1.33865,1.33905,21871.69999999998
2026-05-27T15:30:00+00:00,1.33935,1.34095,1.33885,1.34125,67058.3
2026-05-27T15:31:00+00:00,1.34095,1.34095,1.34055,1.34185,214364.0999999999
2026-05-27T15:32:00+00:00,1.34095,1.33985,1.33955,1.34095,53357.700000000004
2026-05-27T15:33:00+00:00,1.33985,1.33935,1.33935,1.33985,47578.399999999994
2026-05-27T15:34:00+00:00,1.33935,1.33955,1.33885,1.33955,37714.49999999999
2026-05-27T15:35:00+00:00,1.33955,1.33965,1.33955,1.34055,45740.89999999996
2026-05-27T15:36:00+00:00,1.33975,1.34125,1.33975,1.34145,17654.2
2026-05-27T15:37:00+00:00,1.34125,1.34045,1.33975,1.34125,16863.6
2026-05-27T15:38:00+00:00,1.34045,1.33975,1.33975,1.34075,24965.199999999993
2026-05-27T15:39:00+00:00,1.33975,1.33965,1.33945,1.34005,17549.29999999999
2026-05-27T15:40:00+00:00,1.33965,1.34015,1.33945,1.34035,19447.899999999998
2026-05-27T15:41:00+00:00,1.34015,1.33895,1.33855,1.34035,56878.40000000006
2026-05-27T15:42:00+00:00,1.33895,1.33765,1.33765,1.33915,73385.20000000003
2026-05-27T15:43:00+00:00,1.33765,1.33765,1.33695,1.33785,105874.69999999998
2026-05-27T15:44:00+00:00,1.33765,1.33685,1.33635,1.33825,154698.20000000007
2026-05-27T15:45:00+00:00,1.33685,1.33775,1.33685,1.33785,11588.900000000001
2026-05-27T15:46:00+00:00,1.33775,1.33795,1.33715,1.33795,21089.19999999999
2026-05-27T15:47:00+00:00,1.33805,1.33775,1.33705,1.33805,16920.199999999997
2026-05-27T15:48:00+00:00,1.33775,1.33765,1.33705,1.33775,12237.5
2026-05-27T15:49:00+00:00,1.33755,1.33735,1.33695,1.33795,21731.09999999999
2026-05-27T15:50:00+00:00,1.33735,1.33765,1.33725,1.33795,4771.799999999999
2026-05-27T15:51:00+00:00,1.33765,1.33645,1.33575,1.33765,35638.600000000006
2026-05-27T15:52:00+00:00,1.33625,1.33655,1.33575,1.33665,12951.200000000004
2026-05-27T15:53:00+00:00,1.33655,1.33645,1.33635,1.33685,1758.9
2026-05-27T15:54:00+00:00,1.33645,1.33555,1.33485,1.33655,91460.3
2026-05-27T15:55:00+00:00,1.33555,1.33555,1.33475,1.33565,9592.900000000001
2026-05-27T15:56:00+00:00,1.33555,1.33605,1.33535,1.33605,10168.899999999998
2026-05-27T15:57:00+00:00,1.33605,1.33615,1.33605,1.33645,11499.699999999999
2026-05-27T15:58:00+00:00,1.33625,1.33605,1.33605,1.33655,11654.199999999995
2026-05-27T15:59:00+00:00,1.33605,1.33635,1.33605,1.33645,53788.1
2026-05-27T16:00:00+00:00,1.33635,1.33815,1.33635,1.33815,74611.60000000003
2026-05-27T16:01:00+00:00,1.33825,1.33745,1.33745,1.33885,21294.899999999976
2026-05-27T16:02:00+00:00,1.33775,1.33795,1.33765,1.33805,19223.799999999996
2026-05-27T16:03:00+00:00,1.33795,1.33595,1.33595,1.33885,97057.49999999999
2026-05-27T16:04:00+00:00,1.33625,1.33555,1.33545,1.33665,27963.1
2026-05-27T16:05:00+00:00,1.33565,1.33545,1.33525,1.33625,38535.50000000002
2026-05-27T16:06:00+00:00,1.33545,1.33645,1.33535,1.33675,10530.999999999998
2026-05-27T16:07:00+00:00,1.33645,1.33575,1.33575,1.33675,9006.800000000001
2026-05-27T16:08:00+00:00,1.33575,1.33635,1.33505,1.33645,21184.79999999999
2026-05-27T16:09:00+00:00,1.33635,1.33665,1.33625,1.33675,23205.300000000003
2026-05-27T16:10:00+00:00,1.33665,1.33705,1.33665,1.33705,15490.699999999992
2026-05-27T16:11:00+00:00,1.33705,1.33665,1.33665,1.33765,7340.199999999998
2026-05-27T16:12:00+00:00,1.33665,1.33705,1.33665,1.33725,11420.800000000001
2026-05-27T16:13:00+00:00,1.33705,1.33665,1.33665,1.33745,7207.600000000004
2026-05-27T16:14:00+00:00,1.33655,1.33635,1.33625,1.33655,12316.800000000003
2026-05-27T16:15:00+00:00,1.33635,1.33635,1.33585,1.33665,34973.199999999975
2026-05-27T16:16:00+00:00,1.33635,1.33375,1.33375,1.33635,53526.99999999999
2026-05-27T16:17:00+00:00,1.33345,1.33345,1.33305,1.33385,151934.30000000002
2026-05-27T16:18:00+00:00,1.33345,1.33235,1.33215,1.33365,65605.99999999997
2026-05-27T16:19:00+00:00,1.33235,1.33255,1.33195,1.33285,14844.100000000002
2026-05-27T16:20:00+00:00,1.33255,1.33145,1.33145,1.33335,57827.0
2026-05-27T16:21:00+00:00,1.33135,1.33205,1.33135,1.33235,27164.09999999999
2026-05-27T16:22:00+00:00,1.33205,1.33175,1.33175,1.33245,7173.900000000001
2026-05-27T16:23:00+00:00,1.33175,1.33225,1.33175,1.33225,2154.1999999999994
2026-05-27T16:24:00+00:00,1.33235,1.33225,1.33225,1.33255,2435.0
2026-05-27T16:25:00+00:00,1.33225,1.33255,1.33205,1.33295,43503.19999999998
2026-05-27T16:26:00+00:00,1.33255,1.33335,1.33255,1.33345,20001.299999999992
2026-05-27T16:27:00+00:00,1.33335,1.33265,1.33265,1.33355,24555.29999999998
2026-05-27T16:28:00+00:00,1.33265,1.33295,1.33265,1.33315,20360.99999999999
2026-05-27T16:29:00+00:00,1.33295,1.33205,1.33205,1.33295,9657.599999999993
2026-05-27T16:30:00+00:00,1.33205,1.33155,1.33085,1.33205,53654.3
2026-05-27T16:31:00+00:00,1.33145,1.33175,1.33075,1.33175,6678.599999999999
2026-05-27T16:32:00+00:00,1.33185,1.33225,1.33155,1.33225,44996.90000000001
2026-05-27T16:33:00+00:00,1.33225,1.33125,1.33125,1.33225,31824.2
2026-05-27T16:34:00+00:00,1.33125,1.32995,1.32995,1.33125,28347.29999999999
2026-05-27T16:35:00+00:00,1.32995,1.32835,1.32825,1.32995,59188.599999999984
2026-05-27T16:36:00+00:00,1.32815,1.32825,1.32815,1.32905,31846.699999999997
2026-05-27T16:37:00+00:00,1.32825,1.32835,1.32825,1.32885,38021.7
2026-05-27T16:38:00+00:00,1.32835,1.32815,1.32815,1.32895,9409.700000000003
2026-05-27T16:39:00+00:00,1.32815,1.32835,1.32815,1.32855,17830.99999999999
2026-05-27T16:40:00+00:00,1.32835,1.32895,1.32815,1.32895,27670.19999999999
2026-05-27T16:41:00+00:00,1.32895,1.32905,1.32835,1.32925,80870.69999999997
2026-05-27T16:42:00+00:00,1.32905,1.32905,1.32905,1.32935,159539.39999999985
2026-05-27T16:43:00+00:00,1.32955,1.33045,1.32935,1.33045,100454.4
2026-05-27T16:44:00+00:00,1.33055,1.33005,1.33005,1.33065,35320.2
2026-05-27T16:45:00+00:00,1.33005,1.33035,1.32935,1.33035,54947.19999999997
2026-05-27T16:46:00+00:00,1.33035,1.33025,1.32985,1.33045,25684.400000000012
2026-05-27T16:47:00+00:00,1.33025,1.33005,1.33005,1.33035,8190.899999999996
2026-05-27T16:48:00+00:00,1.33005,1.33005,1.32995,1.33005,11261.1
2026-05-27T16:49:00+00:00,1.33005,1.33035,1.32985,1.33045,31808.300000000007
2026-05-27T16:50:00+00:00,1.33035,1.33135,1.33035,1.33135,18988.700000000004
2026-05-27T16:51:00+00:00,1.33135,1.33215,1.33135,1.33235,18539.799999999996
2026-05-27T16:52:00+00:00,1.33245,1.33175,1.33175,1.33255,64936.7
2026-05-27T16:53:00+00:00,1.33175,1.33125,1.33125,1.33175,11906.099999999993
2026-05-27T16:54:00+00:00,1.33175,1.33165,1.33135,1.33195,42844.299999999996
2026-05-27T16:55:00+00:00,1.33165,1.33245,1.33135,1.33245,30428.899999999994
2026-05-27T16:56:00+00:00,1.33235,1.33125,1.33125,1.33235,13681.4
2026-05-27T16:57:00+00:00,1.33125,1.33225,1.33125,1.33255,17750.399999999994
2026-05-27T16:58:00+00:00,1.33225,1.33185,1.33185,1.33245,19622.699999999997
2026-05-27T16:59:00+00:00,1.33185,1.33205,1.33185,1.33215,13831.399999999989
2026-05-27T17:00:00+00:00,1.33205,1.33235,1.33205,1.33235,17428.099999999995
2026-05-27T17:01:00+00:00,1.33235,1.32995,1.32995,1.33235,206763.2000000001
2026-05-27T17:02:00+00:00,1.32975,1.32965,1.32855,1.32975,196182.99999999997
2026-05-27T17:03:00+00:00,1.32965,1.33015,1.32905,1.33045,64358.39999999999
2026-05-27T17:04:00+00:00,1.33025,1.33075,1.33015,1.33085,38430.79999999998
2026-05-27T17:05:00+00:00,1.33075,1.33065,1.33035,1.33085,13926.599999999995
2026-05-27T17:06:00+00:00,1.33065,1.32885,1.32885,1.33075,58540.299999999996
2026-05-27T17:07:00+00:00,1.32885,1.32705,1.32695,1.32885,134260.4
2026-05-27T17:08:00+00:00,1.32705,1.32745,1.32635,1.32755,76076.50000000004
2026-05-27T17:09:00+00:00,1.32745,1.32605,1.32555,1.32745,70662.70000000001
2026-05-27T17:10:00+00:00,1.32605,1.32635,1.32565,1.32665,44733.69999999998
2026-05-27T17:11:00+00:00,1.32635,1.32435,1.32435,1.32645,61213.29999999998
2026-05-27T17:12:00+00:00,1.32435,1.32375,1.32375,1.32445,80728.89999999997
2026-05-27T17:13:00+00:00,1.32375,1.32395,1.32375,1.32465,46420.20000000002
2026-05-27T17:14:00+00:00,1.32395,1.32155,1.32095,1.32395,239503.39999999997
2026-05-27T17:15:00+00:00,1.32155,1.32055,1.31995,1.32195,104353.30000000005
2026-05-27T17:16:00+00:00,1.32045,1.32115,1.32005,1.32145,174161.0000000001
2026-05-27T17:17:00+00:00,1.32115,1.32195,1.32105,1.32195,56021.399999999994
2026-05-27T17:18:00+00:00,1.32175,1.32205,1.32165,1.32225,6417.400000000001
2026-05-27T17:19:00+00:00,1.32225,1.32205,1.32145,1.32225,25531.99999999999
2026-05-27T17:20:00+00:00,1.32205,1.32295,1.32195,1.32295,5891.400000000001
2026-05-27T17:21:00+00:00,1.32295,1.32455,1.32275,1.32455,21384.59999999999
2026-05-27T17:22:00+00:00,1.32455,1.32395,1.32375,1.32515,19476.29999999999
2026-05-27T17:23:00+00:00,1.32395,1.32405,1.32375,1.32475,45721.50000000002
2026-05-27T17:24:00+00:00,1.32405,1.32485,1.32405,1.32495,4810.900000000001
2026-05-27T17:25:00+00:00,1.32485,1.32485,1.32435,1.32485,45919.5
2026-05-27T17:26:00+00:00,1.32465,1.32335,1.32335,1.32465,68085.60000000003
2026-05-27T17:27:00+00:00,1.32325,1.32285,1.32205,1.32325,127807.70000000006
2026-05-27T17:28:00+00:00,1.32235,1.32435,1.32235,1.32435,9831.200000000003
2026-05-27T17:29:00+00:00,1.32435,1.32445,1.32425,1.32475,14451.799999999997
2026-05-27T17:30:00+00:00,1.32445,1.32355,1.32345,1.32445,28716.399999999965
2026-05-27T17:31:00+00:00,1.32355,1.32395,1.32355,1.32455,27922.6
2026-05-27T17:32:00+00:00,1.32375,1.32305,1.32305,1.32375,4158.5
2026-05-27T17:33:00+00:00,1.32305,1.32435,1.32305,1.32435,11149.199999999995
2026-05-27T17:34:00+00:00,1.32435,1.32425,1.32405,1.32495,25658.199999999997
2026-05-27T17:35:00+00:00,1.32425,1.32345,1.32275,1.32425,6523.7
2026-05-27T17:36:00+00:00,1.32355,1.32395,1.32335,1.32395,26525.09999999999
2026-05-27T17:37:00+00:00,1.32395,1.32425,1.32385,1.32455,17297.299999999996
2026-05-27T17:38:00+00:00,1.32425,1.32535,1.32365,1.32535,15236.100000000002
2026-05-27T17:39:00+00:00,1.32555,1.32485,1.32485,1.32555,5517.500000000004
2026-05-27T17:40:00+00:00,1.32475,1.32375,1.32345,1.32495,84157.29999999996
2026-05-27T17:41:00+00:00,1.32375,1.32325,1.32285,1.32385,20838.199999999997
2026-05-27T17:42:00+00:00,1.32325,1.32165,1.32145,1.32325,11009.400000000001
2026-05-27T17:43:00+00:00,1.32165,1.32285,1.32165,1.32305,24387.799999999996
2026-05-27T17:44:00+00:00,1.32285,1.32175,1.32175,1.32285,18484.49999999999
2026-05-27T17:45:00+00:00,1.32175,1.32215,1.32165,1.32255,14384.7
2026-05-27T17:46:00+00:00,1.32215,1.32265,1.32145,1.32285,19900.8
2026-05-27T17:47:00+00:00,1.32265,1.32155,1.32155,1.32295,9126.499999999996
2026-05-27T17:48:00+00:00,1.32155,1.32155,1.32105,1.32165,68665.5
2026-05-27T17:49:00+00:00,1.32155,1.32245,1.32145,1.32245,57552.800000000025
2026-05-27T17:50:00+00:00,1.32245,1.32225,1.32175,1.32255,10883.299999999997
2026-05-27T17:51:00+00:00,1.32225,1.32285,1.32145,1.32285,9137.599999999999
2026-05-27T17:52:00+00:00,1.32285,1.32285,1.32275,1.32335,5493.1
2026-05-27T17:53:00+00:00,1.32285,1.32215,1.32215,1.32295,51734.49999999999
2026-05-27T17:54:00+00:00,1.32205,1.32175,1.32175,1.32225,11980.299999999994
2026-05-27T17:55:00+00:00,1.32175,1.32175,1.32175,1.32225,10393.799999999996
2026-05-27T17:56:00+00:00,1.32175,1.31925,1.31745,1.32205,487613.40000000014
2026-05-27T17:57:00+00:00,1.31945,1.31855,1.31815,1.31985,27713.600000000006
2026-05-27T17:58:00+00:00,1.31855,1.32115,1.31855,1.32115,29489.900000000005
2026-05-27T17:59:00+00:00,1.32115,1.32045,1.32045,1.32115,29633.799999999996
2026-05-27T18:00:00+00:00,1.32045,1.31965,1.31855,1.32045,61162.999999999985
2026-05-27T18:01:00+00:00,1.31965,1.32055,1.31945,1.32085,15097.599999999999
2026-05-27T18:02:00+00:00,1.32065,1.32095,1.32065,1.32165,13714.7
2026-05-27T18:03:00+00:00,1.32095,1.32135,1.32085,1.32185,14683.999999999996
2026-05-27T18:04:00+00:00,1.32135,1.32015,1.31945,1.32135,20687.8
2026-05-27T18:05:00+00:00,1.32015,1.31965,1.31885,1.32015,6537.000000000001
2026-05-27T18:06:00+00:00,1.31965,1.32095,1.31965,1.32095,35901.19999999998
2026-05-27T18:07:00+00:00,1.32065,1.32035,1.32005,1.32075,36355.100000000006
2026-05-27T18:08:00+00:00,1.32045,1.32155,1.32045,1.32195,13536.7
2026-05-27T18:09:00+00:00,1.32155,1.31935,1.31935,1.32175,52791.000000000015
2026-05-27T18:10:00+00:00,1.31935,1.32095,1.31935,1.32115,44234.5
2026-05-27T18:11:00+00:00,1.32095,1.32015,1.32005,1.32115,17380.09999999999
2026-05-27T18:12:00+00:00,1.32015,1.32055,1.31945,1.32055,14713.9
2026-05-27T18:13:00+00:00,1.32055,1.31785,1.31785,1.32055,33808.19999999998
2026-05-27T18:14:00+00:00,1.31775,1.31905,1.31765,1.31925,118720.10000000006
2026-05-27T18:15:00+00:00,1.31905,1.31935,1.31845,1.31935,3266.7
2026-05-27T18:16:00+00:00,1.31935,1.31975,1.31905,1.32095,12437.699999999999
2026-05-27T18:17:00+00:00,1.31965,1.32115,1.31965,1.32125,72277.59999999998
2026-05-27T18:18:00+00:00,1.32115,1.32135,1.32095,1.32185,30287.800000000007
2026-05-27T18:19:00+00:00,1.32135,1.32155,1.32075,1.32185,9353.099999999997
2026-05-27T18:20:00+00:00,1.32155,1.32045,1.32045,1.32155,63012.30000000001
2026-05-27T18:21:00+00:00,1.32045,1.32105,1.31995,1.32115,71740.30000000005
2026-05-27T18:22:00+00:00,1.32105,1.32165,1.32075,1.32185,32233.699999999975
2026-05-27T18:23:00+00:00,1.32165,1.32115,1.32105,1.32195,13782.000000000002
2026-05-27T18:24:00+00:00,1.32125,1.32115,1.32055,1.32125,5270.600000000001
2026-05-27T18:25:00+00:00,1.32115,1.32065,1.32055,1.32125,25006.7
2026-05-27T18:26:00+00:00,1.32095,1.32135,1.32095,1.32185,7022.500000000002
2026-05-27T18:27:00+00:00,1.32135,1.32135,1.32135,1.32185,13197.3
2026-05-27T18:28:00+00:00,1.32115,1.32095,1.32035,1.32115,14322.6
2026-05-27T18:29:00+00:00,1.32095,1.32175,1.32095,1.32175,4430.6
2026-05-27T18:30:00+00:00,1.32165,1.32145,1.32145,1.32165,620.9999999999998
