2026-06-03 22:19:19 Aguardando sessao autenticada na IQ Option...
2026-06-03 22:19:19 Sessao autenticada detectada em https://login.iqoption.com/pt/login?redirect_url=traderoom
2026-06-03 22:19:20 Elemento destacado: caixa de pesquisa
2026-06-03 22:19:22 Nenhum resultado claro encontrado para EURJPY.
2026-06-03 22:19:22 Elemento destacado: invest_box
2026-06-03 22:19:22 Probe concluido para EURJPY. Elementos destacados: 1.
2026-06-03 22:21:39 Traderoom ja aberta: https://iqoption.com/traderoom
2026-06-03 22:21:39 Aguardando sessao autenticada na IQ Option...
2026-06-03 22:21:46 Sessao autenticada detectada em https://iqoption.com/login?redirect_url=traderoom
2026-06-03 22:21:46 Navegando para traderoom a partir de https://login.iqoption.com/pt/login?redirect_url=traderoom
2026-06-03 22:21:55 Elemento destacado: caixa de pesquisa
2026-06-03 22:21:57 Nenhum resultado claro encontrado para EURJPY.
2026-06-03 22:21:57 Elemento destacado: invest_box
2026-06-03 22:21:57 Probe concluido para EURJPY. Elementos destacados: 1.
2026-06-03 22:24:01 Traderoom ja aberta: https://iqoption.com/traderoom
2026-06-03 22:24:01 Aguardando sessao autenticada na IQ Option...
2026-06-03 22:24:08 Sessao autenticada detectada em https://iqoption.com/login?redirect_url=traderoom
2026-06-03 22:24:08 Navegando para traderoom a partir de https://login.iqoption.com/pt/login?redirect_url=traderoom
2026-06-03 22:24:16 Elemento destacado: caixa de pesquisa
2026-06-03 22:24:18 Nenhum resultado claro encontrado para EURJPY.
2026-06-03 22:24:18 Elemento destacado: invest_box
2026-06-03 22:24:18 Probe concluido para EURJPY. Elementos destacados: 1.
2026-06-03 22:25:58 Traderoom ja aberta: https://iqoption.com/traderoom
2026-06-03 22:25:58 Aguardando sessao autenticada na IQ Option...
2026-06-03 22:26:04 Sessao autenticada detectada em https://iqoption.com/login?redirect_url=traderoom
2026-06-03 22:26:04 Navegando para traderoom a partir de https://login.iqoption.com/pt/login?redirect_url=traderoom
2026-06-03 22:27:11 Traderoom ja aberta: https://iqoption.com/traderoom
2026-06-03 22:27:11 Aguardando sessao autenticada na IQ Option...
2026-06-03 22:28:47 Pagina inicial carregada: https://login.iqoption.com/pt/login?redirect_url=traderoom
2026-06-03 22:31:42 Pagina de login ja aberta: https://login.iqoption.com/pt/login?redirect_url=traderoom
2026-06-03 22:31:42 Pagina de login detectada. Tentando autenticar automaticamente...
2026-06-03 22:31:42 Campos de login nao encontrados automaticamente.
2026-06-03 22:31:42 Fluxo de login finalizado. URL atual: https://login.iqoption.com/pt/login?redirect_url=traderoom
2026-06-03 22:34:16 Pagina de login ja aberta: https://login.iqoption.com/pt/login?redirect_url=traderoom
2026-06-03 22:34:16 Pagina de login detectada. Tentando autenticar automaticamente...
2026-06-03 22:34:18 Inputs visiveis detectados: 2
2026-06-03 22:34:21 Login submetido. URL atual: https://iqoption.com/traderoom
2026-06-03 22:34:21 Fluxo de login finalizado. URL atual: https://iqoption.com/traderoom
2026-06-03 22:36:51 Pagina de login ja aberta: https://login.iqoption.com/pt/login?redirect_url=traderoom
2026-06-03 22:36:51 Pagina de login detectada. Tentando autenticar automaticamente...
2026-06-03 22:36:52 Inputs visiveis detectados: 0
2026-06-03 22:36:52 Campos de login nao encontrados automaticamente.
2026-06-03 22:36:52 Fluxo de login finalizado. URL atual: https://iqoption.com/traderoom
2026-06-03 22:39:58 Pagina de login ja aberta: https://login.iqoption.com/pt/login?redirect_url=traderoom
2026-06-03 22:39:58 Pagina de login detectada. Tentando autenticar automaticamente...
2026-06-03 22:40:00 Inputs visiveis detectados: 0
2026-06-03 22:40:00 Campos de login nao encontrados automaticamente.
2026-06-03 22:40:02 Traderoom nao confirmada. URL atual: https://iqoption.com/traderoom
2026-06-03 22:40:02 Fluxo de login finalizado. URL atual: https://iqoption.com/traderoom
2026-06-03 22:43:50 Pagina de login ja aberta: https://login.iqoption.com/pt/login?redirect_url=traderoom
2026-06-03 22:43:50 Pagina de login detectada. Tentando autenticar automaticamente...
2026-06-03 22:43:51 Inputs visiveis detectados: 0
2026-06-03 22:43:51 Campos de login nao encontrados automaticamente.
2026-06-03 22:43:51 Popup de salvar senha nao apareceu ou nao foi identificado.
2026-06-03 22:43:52 Traderoom confirmada. Ativo atual: desconhecido
2026-06-03 22:43:52 Mercado operavel agora: NAO
2026-06-03 22:43:52 Payout detectado: nao detectado
2026-06-03 22:43:52 Payout acima de 80%: NAO
2026-06-03 22:43:52 Amostra de textos visiveis: []
2026-06-03 22:43:52 Fluxo de login finalizado. URL atual: https://iqoption.com/traderoom
2026-06-03 22:45:54 Pagina de login ja aberta: https://login.iqoption.com/pt/login?redirect_url=traderoom
2026-06-03 22:45:54 Pagina de login detectada. Tentando autenticar automaticamente...
2026-06-03 22:45:56 Inputs visiveis detectados: 0
2026-06-03 22:45:56 Campos de login nao encontrados automaticamente.
2026-06-03 22:45:56 Popup de salvar senha nao apareceu ou nao foi identificado.
2026-06-03 22:45:57 Traderoom confirmada. Ativo atual: desconhecido
2026-06-03 22:45:57 Mercado operavel agora: NAO
2026-06-03 22:45:57 Payout detectado: nao detectado
2026-06-03 22:45:57 Payout acima de 80%: NAO
2026-06-03 22:45:57 Amostra de textos visiveis: []
2026-06-03 22:45:57 Fluxo de login finalizado. URL atual: https://iqoption.com/traderoom
2026-06-03 22:48:28 Pagina de login ja aberta: https://login.iqoption.com/pt/login?redirect_url=traderoom
2026-06-03 22:48:28 Pagina de login detectada. Tentando autenticar automaticamente...
2026-06-03 22:48:29 Inputs visiveis detectados: 0
2026-06-03 22:48:29 Campos de login nao encontrados automaticamente.
2026-06-03 22:48:30 Popup de salvar senha nao apareceu ou nao foi identificado.
2026-06-03 22:48:31 Traderoom confirmada. Ativo atual: desconhecido
2026-06-03 22:48:31 Mercado operavel agora: NAO
2026-06-03 22:48:31 Payout detectado: nao detectado
2026-06-03 22:48:31 Payout acima de 80%: NAO
2026-06-03 22:48:31 Frames detectados: ['0:-:https://iqoption.com/traderoom:0', '1:-:https://iqoption.com/traderoom:0', '2:-:https://gum.criteo.com/syncframe?topUrl=iqoption.com&origin=onetag#{%22bundle%22:{%22identifierExtractor%22:{%22origin%22:3},%22value%22:%22TL0BBl8wb29lS24lMkYyVENMdXkxUkVGSzRVWUVOJTJGaTFQOVB5RVVxTWtwRUUlMkZQTHhnQ09SWkNXUTNibDJjNWgxYjNadkZjJTJGSjYwWEZvcVRNUmxHQVRBRkRYJTJGbTJVd1JqcVFDc1pkTFdRVWRQd1NHajRjekdvbnFtSnBHJTJCNEV0QVc5dVhsUjZWdGF5YnJieFpRcXB5dE5sTUZ2QWclM0QlM0Q%22},%22cw%22:true,%22optout%22:{%22identifierExtractor%22:{%22origin%22:0},%22value%22:null},%22origin%22:%22onetag%22,%22tld%22:%22iqoption.com%22,%22topUrl%22:%22iqoption.com%22,%22version%22:%225_46_0%22,%22ifa%22:{%22identifierExtractor%22:{%22origin%22:0},%22value%22:null},%22lsw%22:true,%22pm%22:0,%22requestId%22:%222835f442-0a5e-4ba5-81ff-09a2fa465ef9%22}:0', '3:-:https://14674650.fls.doubleclick.net/activityi;dc_pre=CPLIiPK77JQDFZtZuAQd36sfmA;src=14674650;type=gtm_tags;cat=count0;rcb=9;ord=9297516903518;u=GA1.1.1009808236.1780535950;match_id=GA1.1.1009808236.1780535950;npa=0;auiddc=1293746859.1780535950;u4=GA1.1.1009808236.1780535950;u2=undefined;uaa=x86;uab=64;uafvl=Chromium%3B148.0.7778.217%7CGoogle%2520Chrome%3B148.0.7778.217%7CNot%252FA)Brand%3B99.0.0.0;uamb=0;uam=;uap=Windows;uapv=19.0.0;uaw=0;pscdl=noapi;frm=0;user_data_mode=a;_tu=KFA;gtm=45fe6621v9188486487z871091579za20gzb71091579zd71091579xea;gcs=G1--;gcd=13l3l3R3l5l1;dma=0;dc_fmt=2;tag_exp=0~115616985~115938466~115938469~118228214~119027224~119064591;epver=2;em=tv.1;dc_random=1780537709_3qwL5X5K4kjrU_KEssk2_EChsZ-fvg3qlg;_dc_test=1;~oref=https%3A%2F%2Fiqoption.com%2Ftraderoom?:0', '4:-:https://tr.snapchat.com/cm/i?pid=9c2ddd81-b080-4dd4-9b27-4e25285634ba&u_scsid=39b206ff-603c-4880-bd57-ed0931bd45e4&u_sclid=ef9ef863-a3aa-45a4-a265-1ec2dee06e3b:0']
2026-06-03 22:48:31 Amostra de textos visiveis: []
2026-06-03 22:48:31 Fluxo de login finalizado. URL atual: https://iqoption.com/traderoom
2026-06-03 22:49:45 Pagina de login ja aberta: https://login.iqoption.com/pt/login?redirect_url=traderoom
2026-06-03 22:49:45 Pagina de login detectada. Tentando autenticar automaticamente...
2026-06-03 22:49:46 Inputs visiveis detectados: 0
2026-06-03 22:49:46 Campos de login nao encontrados automaticamente.
2026-06-03 22:49:46 Popup de salvar senha nao apareceu ou nao foi identificado.
2026-06-03 22:49:47 Traderoom confirmada. Ativo atual: desconhecido
2026-06-03 22:49:47 Mercado operavel agora: NAO
2026-06-03 22:49:47 Payout detectado: nao detectado
2026-06-03 22:49:47 Payout acima de 80%: NAO
2026-06-03 22:49:47 Frames detectados: ['0:-:https://iqoption.com/traderoom:0', '1:-:https://iqoption.com/traderoom:0', '2:-:https://gum.criteo.com/syncframe?topUrl=iqoption.com&origin=onetag#{%22bundle%22:{%22identifierExtractor%22:{%22origin%22:3},%22value%22:%22Fa1CPl8wb29lS24lMkYyVENMdXkxUkVGSzRVWUpsc2V5amRaV2tLZVlUWEtJVHo2Umh0UlZRYkxnS3JmYktkQ3NvR1NrOVo3N2xUN2hEQ0NiVzc3WDZyJTJGJTJCb2NxWk9TUDlCJTJGMGcxUUpPY0FsYmVxdUNER293Q203OXI2SkZzJTJGMHoydCUyQlRHN2FMRVJWb3pkelRsY1ZORWpGOXFtWVElM0QlM0Q%22},%22cw%22:true,%22optout%22:{%22identifierExtractor%22:{%22origin%22:0},%22value%22:null},%22origin%22:%22onetag%22,%22tld%22:%22iqoption.com%22,%22topUrl%22:%22iqoption.com%22,%22version%22:%225_46_0%22,%22ifa%22:{%22identifierExtractor%22:{%22origin%22:0},%22value%22:null},%22lsw%22:true,%22pm%22:0,%22requestId%22:%224043beb0-9a21-4a12-b87d-7554d0b53f2e%22}:0', '3:-:https://14674650.fls.doubleclick.net/activityi;dc_pre=CMGU0Ja87JQDFRYOHgAdZ64XPg;src=14674650;type=gtm_tags;cat=count0;rcb=9;ord=7059534132526;u=GA1.1.1009808236.1780535950;match_id=GA1.1.1009808236.1780535950;npa=0;auiddc=1293746859.1780535950;u4=GA1.1.1009808236.1780535950;u2=undefined;uaa=x86;uab=64;uafvl=Chromium%3B148.0.7778.217%7CGoogle%2520Chrome%3B148.0.7778.217%7CNot%252FA)Brand%3B99.0.0.0;uamb=0;uam=;uap=Windows;uapv=19.0.0;uaw=0;pscdl=noapi;frm=0;user_data_mode=a;_tu=KFA;gtm=45fe6621v9188486487z871091579za20gzb71091579zd71091579xea;gcs=G1--;gcd=13l3l3R3l5l1;dma=0;dc_fmt=2;tag_exp=0~115616985~115938465~115938469~118228215~119027222~119064590;epver=2;em=tv.1;dc_random=1780537786_RXiOO3zQW441jqfakp17Ykf3JlRMopBTcw;_dc_test=1;~oref=https%3A%2F%2Fiqoption.com%2Ftraderoom?:0', '4:-:https://tr.snapchat.com/cm/i?pid=9c2ddd81-b080-4dd4-9b27-4e25285634ba&u_scsid=1edcf195-4ea8-4e5a-b264-55b05043063e&u_sclid=ef9ef863-a3aa-45a4-a265-1ec2dee06e3b:0']
2026-06-03 22:49:47 Amostra de textos visiveis: []
2026-06-03 22:49:47 Fluxo de login finalizado. URL atual: https://iqoption.com/traderoom
2026-06-03 22:50:07 Pagina de login ja aberta: https://login.iqoption.com/pt/login?redirect_url=traderoom
2026-06-03 22:50:07 Pagina de login detectada. Tentando autenticar automaticamente...
2026-06-03 22:50:08 Inputs visiveis detectados: 0
2026-06-03 22:50:09 Campos de login nao encontrados automaticamente.
2026-06-03 22:50:09 Popup de salvar senha nao apareceu ou nao foi identificado.
2026-06-03 22:50:10 Traderoom confirmada. Ativo atual: desconhecido
2026-06-03 22:50:10 Mercado operavel agora: NAO
2026-06-03 22:50:10 Payout detectado: nao detectado
2026-06-03 22:50:10 Payout acima de 80%: NAO
2026-06-03 22:50:10 Frames detectados: ['0:-:https://iqoption.com/traderoom:0', '1:-:https://iqoption.com/traderoom:0', '2:-:https://gum.criteo.com/syncframe?topUrl=iqoption.com&origin=onetag#{%22bundle%22:{%22identifierExtractor%22:{%22origin%22:3},%22value%22:%22mZWEDl8wb29lS24lMkYyVENMdXkxUkVGSzRVWUJSS2xuZWtIZ0QwSUl4aE1MMjEyaU56c2FNQzNsJTJCUzA1V3IlMkZmQ0JUTmZQYm9RcDVkTGhqNzNUVXBsSzlYNU45ejMxcmJYa3ZqZk9WOVdVdUZSSUNxNk1qOGlwdmNpUmtNWW1WeDFvQzh3Q3JneU0lMkZCeENFWXo3RklIVXl4cm44ZyUzRCUzRA%22},%22cw%22:true,%22optout%22:{%22identifierExtractor%22:{%22origin%22:0},%22value%22:null},%22origin%22:%22onetag%22,%22tld%22:%22iqoption.com%22,%22topUrl%22:%22iqoption.com%22,%22version%22:%225_46_0%22,%22ifa%22:{%22identifierExtractor%22:{%22origin%22:0},%22value%22:null},%22lsw%22:true,%22pm%22:0,%22requestId%22:%22e462ef7e-3b27-4ef2-919d-95edb1f35302%22}:0', '3:-:https://14674650.fls.doubleclick.net/activityi;dc_pre=CMu-o6G87JQDFcBIuAQdP3ICcg;src=14674650;type=gtm_tags;cat=count0;rcb=18;ord=4875907791924;u=GA1.1.1009808236.1780535950;match_id=GA1.1.1009808236.1780535950;npa=0;auiddc=1293746859.1780535950;u4=GA1.1.1009808236.1780535950;u2=undefined;uaa=x86;uab=64;uafvl=Not%252FA)Brand%3B99.0.0.0%7CChromium%3B148.0.7778.96;uamb=0;uam=;uap=Windows;uapv=19.0.0;uaw=0;pscdl=noapi;frm=0;user_data_mode=a;_tu=KFA;gtm=45fe6621v9188486487z871091579za20gzb71091579zd71091579xea;gcs=G1--;gcd=13l3l3R3l5l1;dma=0;dc_fmt=2;tag_exp=0~115616985~115938465~115938468~118228214~119027222;epver=2;em=tv.1;dc_random=1780537808_AwSGwdmHYdi-jWYeeiJPpz5RaU20RD29WA;_dc_test=1;~oref=https%3A%2F%2Fiqoption.com%2Ftraderoom?:0', '4:-:https://tr.snapchat.com/cm/i?pid=9c2ddd81-b080-4dd4-9b27-4e25285634ba&u_scsid=503f7924-b7be-441b-bec6-8e475085c457&u_sclid=ef9ef863-a3aa-45a4-a265-1ec2dee06e3b:0']
2026-06-03 22:50:10 Amostra de textos visiveis: []
2026-06-03 22:50:10 Fluxo de login finalizado. URL atual: https://iqoption.com/traderoom
2026-06-03 22:51:38 Pagina de login ja aberta: https://login.iqoption.com/pt/login?redirect_url=traderoom
2026-06-03 22:51:38 Pagina de login detectada. Tentando autenticar automaticamente...
2026-06-03 22:51:39 Inputs visiveis detectados: 0
2026-06-03 22:51:39 Campos de login nao encontrados automaticamente.
2026-06-03 22:51:39 Popup de salvar senha nao apareceu ou nao foi identificado.
2026-06-03 22:51:40 Traderoom confirmada. Ativo atual: desconhecido
2026-06-03 22:51:40 Mercado operavel agora: NAO
2026-06-03 22:51:40 Payout detectado: nao detectado
2026-06-03 22:51:40 Payout acima de 80%: NAO
2026-06-03 22:51:40 Diagnostico DOM: innerText=0 textContent=52371 html=70620 checks={'depositar': 0, 'acima': 0, 'abaixo': 0, 'percent': 0}
2026-06-03 22:51:40 Frames detectados: ['0:-:https://iqoption.com/traderoom:0', '1:-:https://iqoption.com/traderoom:0', '2:-:https://gum.criteo.com/syncframe?topUrl=iqoption.com&origin=onetag#{%22bundle%22:{%22identifierExtractor%22:{%22origin%22:3},%22value%22:%22xAdgzV8wb29lS24lMkYyVENMdXkxUkVGSzRVWUo1S0pBZ0UwamQwJTJCbmVTc1QzVmthYWtkRDklMkZmeWZGRm9uU0UlMkIza1N6MXRBQXhHbDV3T1FqcSUyQnBLdFNkSUFMSnNUNXI5QVlVd2swSExWZlptM3c0N001MHR6QkQwRiUyQnhoMElMcTZ0RDBxY29IMHI5V1pOY1BxQTJDVEN4Y2t2ZWclM0QlM0Q%22},%22cw%22:true,%22optout%22:{%22identifierExtractor%22:{%22origin%22:0},%22value%22:null},%22origin%22:%22onetag%22,%22tld%22:%22iqoption.com%22,%22topUrl%22:%22iqoption.com%22,%22version%22:%225_46_0%22,%22ifa%22:{%22identifierExtractor%22:{%22origin%22:0},%22value%22:null},%22lsw%22:true,%22pm%22:0,%22requestId%22:%2238f73892-8969-4b5d-bb79-12c4026ef8ad%22}:0', '3:-:https://14674650.fls.doubleclick.net/activityi;dc_pre=CLTxzsy87JQDFQTEoAYd_9QjaQ;src=14674650;type=gtm_tags;cat=count0;rcb=3;ord=9830736322055;u=GA1.1.1009808236.1780535950;match_id=GA1.1.1009808236.1780535950;npa=0;auiddc=1293746859.1780535950;u4=GA1.1.1009808236.1780535950;u2=undefined;uaa=x86;uab=64;uafvl=Chromium%3B148.0.7778.217%7CGoogle%2520Chrome%3B148.0.7778.217%7CNot%252FA)Brand%3B99.0.0.0;uamb=0;uam=;uap=Windows;uapv=19.0.0;uaw=0;pscdl=noapi;frm=0;user_data_mode=a;_tu=KFA;gtm=45fe6621v9188486487z871091579za20gzb71091579zd71091579xea;gcs=G1--;gcd=13l3l3R3l5l1;dma=0;dc_fmt=2;tag_exp=0~115938465~115938468~118228214~119027224~119064590;epver=2;em=tv.1;dc_random=1780537899_ohNeCapyyf2rQcBZoVV9098eZrZNB3mX6w;_dc_test=1;~oref=https%3A%2F%2Fiqoption.com%2Ftraderoom?:0', '4:-:https://tr.snapchat.com/cm/i?pid=9c2ddd81-b080-4dd4-9b27-4e25285634ba&u_scsid=1eea5803-f1a9-4bae-b8ac-e2bfd2274c61&u_sclid=ef9ef863-a3aa-45a4-a265-1ec2dee06e3b:0']
2026-06-03 22:51:40 Amostra de textos visiveis: []
2026-06-03 22:51:40 Fluxo de login finalizado. URL atual: https://iqoption.com/traderoom
2026-06-03 22:54:55 Pagina de login ja aberta: https://login.iqoption.com/pt/login?redirect_url=traderoom
2026-06-03 22:54:55 Pagina de login detectada. Tentando autenticar automaticamente...
2026-06-03 22:54:57 Inputs visiveis detectados: 0
2026-06-03 22:54:57 Campos de login nao encontrados automaticamente.
2026-06-03 22:54:57 Popup de salvar senha nao apareceu ou nao foi identificado.
2026-06-03 22:54:58 Traderoom confirmada. Ativo atual: desconhecido
2026-06-03 22:54:58 Mercado operavel agora: NAO
2026-06-03 22:54:58 Payout detectado: nao detectado
2026-06-03 22:54:58 Payout acima de 80%: NAO
2026-06-03 22:54:58 Analise visual salva em C:\Users\User\AppData\Roaming\MetaQuotes\Terminal\9DE44EFC77A6A3ABBD348AFCCFB49D70\MQL5\Experts\OpBinBridge\logs\playwright_probe
2026-06-03 22:54:58 Deteccao visual direita: up=None down=None payout=None
2026-06-03 22:54:58 Diagnostico DOM: innerText=0 textContent=52371 html=70604 checks={'depositar': 0, 'acima': 0, 'abaixo': 0, 'percent': 0}
2026-06-03 22:54:58 Frames detectados: ['0:-:https://iqoption.com/traderoom:0', '1:-:https://iqoption.com/traderoom:0', '2:-:https://gum.criteo.com/syncframe?topUrl=iqoption.com&origin=onetag#{%22bundle%22:{%22identifierExtractor%22:{%22origin%22:3},%22value%22:%22pIKiPF8wb29lS24lMkYyVENMdXkxUkVGSzRVWU5UNDlTZEx4b1pZQWk3S2wzV29PMEtrY1NYU2JOd3ZVeTE4RE1tSVRPSiUyQmtKRTJ3ZFg0Q081N0JQZnQ0ODhmVXE1JTJCVERac293VEtkdnprSFYyeklVSWRMZHBhTElyTSUyQndRaCUyRjBjcWM3YUxCWTNicEk2bHBUNm1zQmMwSlFKWlRBJTNEJTNE%22},%22cw%22:true,%22optout%22:{%22identifierExtractor%22:{%22origin%22:0},%22value%22:null},%22origin%22:%22onetag%22,%22tld%22:%22iqoption.com%22,%22topUrl%22:%22iqoption.com%22,%22version%22:%225_46_0%22,%22ifa%22:{%22identifierExtractor%22:{%22origin%22:0},%22value%22:null},%22lsw%22:true,%22pm%22:0,%22requestId%22:%22fa382095-3d07-4752-aac7-be5baa8fc4e7%22}:0', '3:-:https://14674650.fls.doubleclick.net/activityi;dc_pre=CPrA3qq97JQDFUAKHgAdRropPQ;src=14674650;type=gtm_tags;cat=count0;rcb=4;ord=7706003042202;u=GA1.1.1009808236.1780535950;match_id=GA1.1.1009808236.1780535950;npa=0;auiddc=1293746859.1780535950;u4=GA1.1.1009808236.1780535950;u2=undefined;uaa=x86;uab=64;uafvl=Chromium%3B148.0.7778.217%7CGoogle%2520Chrome%3B148.0.7778.217%7CNot%252FA)Brand%3B99.0.0.0;uamb=0;uam=;uap=Windows;uapv=19.0.0;uaw=0;pscdl=noapi;frm=0;user_data_mode=a;_tu=KFA;gtm=45fe6621v9188486487z871091579za20gzb71091579zd71091579xea;gcs=G1--;gcd=13l3l3R3l5l1;dma=0;dc_fmt=2;tag_exp=0~115938466~115938469~117776793~118228215~119027224~119064590;epver=2;em=tv.1;dc_random=1780538097_X6IvwBGi86gxxgjgC2NRzdeRLLBRSIR7WQ;_dc_test=1;~oref=https%3A%2F%2Fiqoption.com%2Ftraderoom?:0', '4:-:https://tr.snapchat.com/cm/i?pid=9c2ddd81-b080-4dd4-9b27-4e25285634ba&u_scsid=95a5c904-ea3b-44bf-82eb-eaabd57616f2&u_sclid=ef9ef863-a3aa-45a4-a265-1ec2dee06e3b:0']
2026-06-03 22:54:58 Amostra de textos visiveis: []
2026-06-03 22:54:58 Fluxo de login finalizado. URL atual: https://iqoption.com/traderoom
2026-06-03 22:56:44 Pagina de login ja aberta: https://login.iqoption.com/pt/login?redirect_url=traderoom
2026-06-03 22:56:44 Pagina de login detectada. Tentando autenticar automaticamente...
2026-06-03 22:56:45 Inputs visiveis detectados: 0
2026-06-03 22:56:45 Campos de login nao encontrados automaticamente.
2026-06-03 22:56:45 Popup de salvar senha nao apareceu ou nao foi identificado.
2026-06-03 22:56:46 Traderoom confirmada. Ativo atual: desconhecido
2026-06-03 22:56:46 Mercado operavel agora: NAO
2026-06-03 22:56:46 Payout detectado: nao detectado
2026-06-03 22:56:46 Payout acima de 80%: NAO
2026-06-03 22:56:47 Screenshot do Playwright veio branca; tentando captura da janela real com MSS.
2026-06-03 22:56:47 Captura MSS salva para janela 'IQ Option - Google Chrome' em {'left': 0, 'top': 0, 'width': 1936, 'height': 1048}.
2026-06-03 22:56:47 Analise visual salva em C:\Users\User\AppData\Roaming\MetaQuotes\Terminal\9DE44EFC77A6A3ABBD348AFCCFB49D70\MQL5\Experts\OpBinBridge\logs\playwright_probe
2026-06-03 22:56:47 Deteccao visual direita: up=None down=None payout=None
2026-06-03 22:56:47 Diagnostico DOM: innerText=0 textContent=52419 html=74964 checks={'depositar': 0, 'acima': 0, 'abaixo': 0, 'percent': 0}
2026-06-03 22:56:47 Frames detectados: ['0:-:https://iqoption.com/traderoom:0', '1:-:https://iqoption.com/traderoom:0', '2:-:https://gum.criteo.com/syncframe?topUrl=iqoption.com&origin=onetag#{%22bundle%22:{%22identifierExtractor%22:{%22origin%22:3},%22value%22:%22Pt_EhF8wb29lS24lMkYyVENMdXkxUkVGSzRVWU83Q3ZFdjZWSTY5Z2NtMWxCQjRKWGozT1dnQ1FvSjJTa2htYlR4WmpDMFVEYXVpWXRsdzkzbmxMTVNRcTZxaU9QT2R4NldCM1dBdzhiMzRmOFlCdnNkZEtCR3NkaUJXSXM5RWE4RGY5Vk9TS0F2cElqSEMxWVE2Q3hLc3B4YlV5USUzRCUzRA%22},%22cw%22:true,%22optout%22:{%22identifierExtractor%22:{%22origin%22:0},%22value%22:null},%22origin%22:%22onetag%22,%22tld%22:%22iqoption.com%22,%22topUrl%22:%22iqoption.com%22,%22version%22:%225_46_0%22,%22ifa%22:{%22identifierExtractor%22:{%22origin%22:0},%22value%22:null},%22lsw%22:true,%22pm%22:0,%22requestId%22:%2262bab09e-7f89-4885-a1c4-79bba6a5c3e6%22}:0', '3:-:https://14674650.fls.doubleclick.net/activityi;dc_pre=COj8w9697JQDFd88HgAdZGoKEg;src=14674650;type=gtm_tags;cat=count0;rcb=14;ord=2117871751782;u=GA1.1.1009808236.1780535950;match_id=GA1.1.1009808236.1780535950;npa=0;auiddc=1293746859.1780535950;u4=GA1.1.1009808236.1780535950;u2=undefined;uaa=x86;uab=64;uafvl=Chromium%3B148.0.7778.217%7CGoogle%2520Chrome%3B148.0.7778.217%7CNot%252FA)Brand%3B99.0.0.0;uamb=0;uam=;uap=Windows;uapv=19.0.0;uaw=0;pscdl=noapi;frm=0;user_data_mode=a;_tu=KFA;gtm=45fe6621v9188486487z871091579za20gzb71091579zd71091579xea;gcs=G1--;gcd=13l3l3R3l5l1;dma=0;dc_fmt=2;tag_exp=0~115616985~115938466~115938469~118228214~119027222~119064590;epver=2;em=tv.1;dc_random=1780538205_Wq71376XAQ1h9d0D-vpsgj2U5-fmLPut1w;_dc_test=1;~oref=https%3A%2F%2Fiqoption.com%2Ftraderoom?:0', '4:-:https://tr.snapchat.com/cm/i?pid=9c2ddd81-b080-4dd4-9b27-4e25285634ba&u_scsid=9414278b-a9e0-475b-a179-0a21af9de5f5&u_sclid=ef9ef863-a3aa-45a4-a265-1ec2dee06e3b:0']
2026-06-03 22:56:47 Amostra de textos visiveis: []
2026-06-03 22:56:47 Fluxo de login finalizado. URL atual: https://iqoption.com/traderoom
2026-06-03 22:58:17 Pagina de login ja aberta: https://login.iqoption.com/pt/login?redirect_url=traderoom
2026-06-03 22:58:17 Pagina de login detectada. Tentando autenticar automaticamente...
2026-06-03 22:58:19 Inputs visiveis detectados: 0
2026-06-03 22:58:19 Campos de login nao encontrados automaticamente.
2026-06-03 22:58:19 Popup de salvar senha nao apareceu ou nao foi identificado.
2026-06-03 22:58:22 Traderoom confirmada. Ativo atual: desconhecido
2026-06-03 22:58:22 Mercado operavel agora: NAO
2026-06-03 22:58:22 Payout detectado: nao detectado
2026-06-03 22:58:22 Payout acima de 80%: NAO
2026-06-03 22:58:22 Janela do console minimizada para liberar a captura da tela.
2026-06-03 22:58:25 Screenshot capturada pelo Playwright com conteudo visivel.
2026-06-03 22:58:25 Analise visual salva em C:\Users\User\AppData\Roaming\MetaQuotes\Terminal\9DE44EFC77A6A3ABBD348AFCCFB49D70\MQL5\Experts\OpBinBridge\logs\playwright_probe
2026-06-03 22:58:25 Deteccao visual direita: up=None down=None payout=None
2026-06-03 22:58:26 Diagnostico DOM: innerText=179 textContent=52629 html=77627 checks={'depositar': 0, 'acima': 0, 'abaixo': 0, 'percent': 0}
2026-06-03 22:58:26 Body innerText amostra: PARCEIRA OFICIAL | Conectando... | Desenvolvido por  | Desfrute de uma experiência de negociação mais rápida em nosso aplicativo para desktop | Baixar aplicativo |  | para Windows .msi, 29 Mb
2026-06-03 22:58:26 Frames detectados: ['0:-:https://iqoption.com/traderoom:6', '1:-:https://iqoption.com/traderoom:6', '2:-:https://gum.criteo.com/syncframe?topUrl=iqoption.com&origin=onetag#{%22bundle%22:{%22identifierExtractor%22:{%22origin%22:3},%22value%22:%22fbrIC18wb29lS24lMkYyVENMdXkxUkVGSzRVWU4wOEF4aUo3Z1BSSGlhNjFIR1NJd1E3SFh5RFpteld5Z0JYTUp5elFoaiUyRjZkMW9oWnhNYWZ3S2VkWkV0SDR2ekxITDdkR3pya0xFRXhWcG5McG96WW80YzJIWUdOVVB0RCUyQm85TXVOQ01rclJwN3E2SVdNYTR4ZWp2TU9UWG5EdEElM0QlM0Q%22},%22cw%22:true,%22optout%22:{%22identifierExtractor%22:{%22origin%22:0},%22value%22:null},%22origin%22:%22onetag%22,%22tld%22:%22iqoption.com%22,%22topUrl%22:%22iqoption.com%22,%22version%22:%225_46_0%22,%22ifa%22:{%22identifierExtractor%22:{%22origin%22:0},%22value%22:null},%22lsw%22:true,%22pm%22:0,%22requestId%22:%220addb8cd-7485-4d96-be9d-18ad59fb5f31%22}:0', '3:-:https://14674650.fls.doubleclick.net/activityi;dc_pre=CMmWiIu-7JQDFbSkmQodgW8AEw;src=14674650;type=gtm_tags;cat=count0;rcb=3;ord=7037127080324;u=GA1.1.1009808236.1780535950;match_id=GA1.1.1009808236.1780535950;npa=0;auiddc=1293746859.1780535950;u4=GA1.1.1009808236.1780535950;u2=undefined;uaa=x86;uab=64;uafvl=Chromium%3B148.0.7778.217%7CGoogle%2520Chrome%3B148.0.7778.217%7CNot%252FA)Brand%3B99.0.0.0;uamb=0;uam=;uap=Windows;uapv=19.0.0;uaw=0;pscdl=noapi;frm=0;user_data_mode=a;_tu=KFA;gtm=45fe6621v9188486487z871091579za20gzb71091579zd71091579xea;gcs=G1--;gcd=13l3l3R3l5l1;dma=0;dc_fmt=2;tag_exp=0~115616985~115938466~115938469~117776793~118228215~119027222;epver=2;em=tv.1;dc_random=1780538299_S_loNzqG2xWo1E8G_Rnw4z3HdJIwYov42g;_dc_test=1;~oref=https%3A%2F%2Fiqoption.com%2Ftraderoom?:0', '4:-:https://tr.snapchat.com/cm/i?pid=9c2ddd81-b080-4dd4-9b27-4e25285634ba&u_scsid=9be4407e-622a-4d00-8617-503eab27f4a5&u_sclid=ef9ef863-a3aa-45a4-a265-1ec2dee06e3b:0', '5:-:about:blank:0', '6:cto_sub_ifr_px:about:blank:0', '7:-:about:blank:0', '8:cto_sub_ifr_px:about:blank:0', '9:-:about:blank:0', '10:cto_sub_ifr_px:about:blank:0', '11:-:about:blank:0', '12:cto_sub_ifr_px:about:blank:0', '13:-:about:blank:0', '14:cto_sub_ifr_px:about:blank:0', '15:-:about:blank:0', '16:cto_sub_ifr_px:about:blank:0', '17:-:about:blank:0', '18:cto_sub_ifr_px:about:blank:0', '19:-:about:blank:0', '20:cto_sub_ifr_px:about:blank:0', '21:-:about:blank:0', '22:cto_sub_ifr_px:about:blank:0', '23:-:about:blank:0', '24:cto_sub_ifr_px:about:blank:0']
2026-06-03 22:58:26 Amostra de textos visiveis: ['PARCEIRA OFICIAL', 'Conectando...', 'Desenvolvido por', 'windowsCreated with Sketch.', 'Baixar aplicativo', 'para Windows .msi, 29 Mb']
2026-06-03 22:58:26 Fluxo de login finalizado. URL atual: https://iqoption.com/traderoom
2026-06-03 22:59:34 Pagina de login ja aberta: https://login.iqoption.com/pt/login?redirect_url=traderoom
2026-06-03 22:59:34 Pagina de login detectada. Tentando autenticar automaticamente...
2026-06-03 22:59:36 Inputs visiveis detectados: 0
2026-06-03 22:59:36 Campos de login nao encontrados automaticamente.
2026-06-03 22:59:36 Traderoom operacional detectada.
2026-06-03 22:59:36 Popup de salvar senha nao apareceu ou nao foi identificado.
2026-06-03 22:59:39 Traderoom confirmada. Ativo atual: desconhecido
2026-06-03 22:59:39 Mercado operavel agora: NAO
2026-06-03 22:59:39 Payout detectado: nao detectado
2026-06-03 22:59:39 Payout acima de 80%: NAO
2026-06-03 22:59:39 Janela do console minimizada para liberar a captura da tela.
2026-06-03 22:59:42 Screenshot capturada pelo Playwright com conteudo visivel.
2026-06-03 22:59:42 Analise visual salva em C:\Users\User\AppData\Roaming\MetaQuotes\Terminal\9DE44EFC77A6A3ABBD348AFCCFB49D70\MQL5\Experts\OpBinBridge\logs\playwright_probe
2026-06-03 22:59:42 Deteccao visual direita: up=None down=None payout=None
2026-06-03 22:59:42 Diagnostico DOM: innerText=179 textContent=52629 html=76548 checks={'depositar': 0, 'acima': 0, 'abaixo': 0, 'percent': 0}
2026-06-03 22:59:42 Body innerText amostra: PARCEIRA OFICIAL | Conectando... | Desenvolvido por  | Desfrute de uma experiência de negociação mais rápida em nosso aplicativo para desktop | Baixar aplicativo |  | para Windows .msi, 29 Mb
2026-06-03 22:59:42 Frames detectados: ['0:-:https://iqoption.com/traderoom:6', '1:-:https://iqoption.com/traderoom:6', '2:-:https://gum.criteo.com/syncframe?topUrl=iqoption.com&origin=onetag#{%22bundle%22:{%22identifierExtractor%22:{%22origin%22:3},%22value%22:%22L-FHPV8wb29lS24lMkYyVENMdXkxUkVGSzRVWUclMkJ4c1VBdE9GWVRVeFZ0NTd4NXlqcXRwUHFRd2N3R0pWUCUyQlRzbVVYbUh6R1FMNU5xTzJOeVRWUm80QlNIblpDN3BDRUdGUkhRSVk3WHdkS0IzaTdYbk1Mc05OeXNEU3pvS2dFNUs3RGlKTGpidWxtZ21vTDRlZ1h1Z2ptNGZITEElM0QlM0Q%22},%22cw%22:true,%22optout%22:{%22identifierExtractor%22:{%22origin%22:0},%22value%22:null},%22origin%22:%22onetag%22,%22tld%22:%22iqoption.com%22,%22topUrl%22:%22iqoption.com%22,%22version%22:%225_46_0%22,%22ifa%22:{%22identifierExtractor%22:{%22origin%22:0},%22value%22:null},%22lsw%22:true,%22pm%22:0,%22requestId%22:%22eef72dbe-c582-4cdd-b037-e15026ca937f%22}:0', '3:-:https://14674650.fls.doubleclick.net/activityi;dc_pre=CO3n5a--7JQDFWM0HgAdUygq3Q;src=14674650;type=gtm_tags;cat=count0;rcb=2;ord=2215449262401;u=GA1.1.1009808236.1780535950;match_id=GA1.1.1009808236.1780535950;npa=0;auiddc=1293746859.1780535950;u4=GA1.1.1009808236.1780535950;u2=undefined;uaa=x86;uab=64;uafvl=Chromium%3B148.0.7778.217%7CGoogle%2520Chrome%3B148.0.7778.217%7CNot%252FA)Brand%3B99.0.0.0;uamb=0;uam=;uap=Windows;uapv=19.0.0;uaw=0;pscdl=noapi;frm=0;user_data_mode=a;_tu=KFA;gtm=45fe6621v9188486487z871091579za20gzb71091579zd71091579xea;gcs=G1--;gcd=13l3l3R3l5l1;dma=0;dc_fmt=2;tag_exp=0~115938465~115938468~118228215~118395333~119027224;epver=2;em=tv.1;dc_random=1780538376_FzwnglnKUacKadyejLSVpItRpV-YI1XyNw;_dc_test=1;~oref=https%3A%2F%2Fiqoption.com%2Ftraderoom?:0', '4:-:https://tr.snapchat.com/cm/i?pid=9c2ddd81-b080-4dd4-9b27-4e25285634ba&u_scsid=14fe9cb5-fe9d-4eb6-a102-d1a62cee8105&u_sclid=ef9ef863-a3aa-45a4-a265-1ec2dee06e3b:0']
2026-06-03 22:59:42 Amostra de textos visiveis: ['PARCEIRA OFICIAL', 'Conectando...', 'Desenvolvido por', 'windowsCreated with Sketch.', 'Baixar aplicativo', 'para Windows .msi, 29 Mb']
2026-06-03 22:59:42 Fluxo de login finalizado. URL atual: https://iqoption.com/traderoom
2026-06-03 23:01:02 Pagina de login ja aberta: https://login.iqoption.com/pt/login?redirect_url=traderoom
2026-06-03 23:01:02 Pagina de login detectada. Tentando autenticar automaticamente...
2026-06-03 23:01:03 Inputs visiveis detectados: 0
2026-06-03 23:01:03 Campos de login nao encontrados automaticamente.
2026-06-03 23:01:03 Traderoom sem splash detectada (1/3).
2026-06-03 23:01:05 Traderoom ainda em splash/conectando; aguardando...
2026-06-03 23:01:07 Traderoom ainda em splash/conectando; aguardando...
2026-06-03 23:01:09 Traderoom ainda em splash/conectando; aguardando...
2026-06-03 23:01:11 Traderoom sem splash detectada (1/3).
2026-06-03 23:01:13 Traderoom sem splash detectada (2/3).
2026-06-03 23:01:15 Traderoom sem splash detectada (3/3).
2026-06-03 23:01:19 Traderoom operacional detectada.
2026-06-03 23:01:19 Popup de salvar senha nao apareceu ou nao foi identificado.
2026-06-03 23:01:22 Traderoom confirmada. Ativo atual: desconhecido
2026-06-03 23:01:22 Mercado operavel agora: NAO
2026-06-03 23:01:22 Payout detectado: nao detectado
2026-06-03 23:01:22 Payout acima de 80%: NAO
2026-06-03 23:01:22 Janela do console minimizada para liberar a captura da tela.
2026-06-03 23:01:25 Screenshot capturada pelo Playwright com conteudo visivel.
2026-06-03 23:01:25 Analise visual salva em C:\Users\User\AppData\Roaming\MetaQuotes\Terminal\9DE44EFC77A6A3ABBD348AFCCFB49D70\MQL5\Experts\OpBinBridge\logs\playwright_probe
2026-06-03 23:01:25 Deteccao visual direita: up=(341, 322, 110, 110) down=(0, 415, 451, 135) payout=(88, 13, 337, 291)
2026-06-03 23:01:25 Diagnostico DOM: innerText=0 textContent=52420 html=73805 checks={'depositar': 0, 'acima': 0, 'abaixo': 0, 'percent': 0}
2026-06-03 23:01:25 Frames detectados: ['0:-:https://iqoption.com/traderoom:0', '1:-:https://iqoption.com/traderoom:0', '2:-:https://14674650.fls.doubleclick.net/activityi;dc_pre=CIGoutm-7JQDFbhLuAQdXqErww;src=14674650;type=gtm_tags;cat=count0;rcb=2;ord=4360705778841;u=GA1.1.1009808236.1780535950;match_id=GA1.1.1009808236.1780535950;npa=0;auiddc=1293746859.1780535950;u4=GA1.1.1009808236.1780535950;u2=undefined;uaa=x86;uab=64;uafvl=Chromium%3B148.0.7778.217%7CGoogle%2520Chrome%3B148.0.7778.217%7CNot%252FA)Brand%3B99.0.0.0;uamb=0;uam=;uap=Windows;uapv=19.0.0;uaw=0;pscdl=noapi;frm=0;user_data_mode=a;_tu=KFA;gtm=45fe6621v9188486487z871091579za20gzb71091579zd71091579xea;gcs=G1--;gcd=13l3l3R3l5l1;dma=0;dc_fmt=2;tag_exp=0~115616985~115938465~115938468~118228215~119027224;epver=2;em=tv.1;dc_random=1780538463_Wc-JL6H5OmugmuGsFScLzeBjg9x9Y853oQ;_dc_test=1;~oref=https%3A%2F%2Fiqoption.com%2Ftraderoom?:0', '3:-:https://gum.criteo.com/syncframe?topUrl=iqoption.com&origin=onetag#{%22bundle%22:{%22identifierExtractor%22:{%22origin%22:3},%22value%22:%22UwfIlV8wb29lS24lMkYyVENMdXkxUkVGSzRVWUJrMDVVdERISFBpd1N2OExRQ3k2bkFzRUtzVURYdFJLcktDNGFBNTVub1dMclNSZVd4eGx3eUhzdGNPc29tM1RycFJmbnpEUEY0MGk3YWkxZWN5TmtQY2RHa09YaVZ5bGpQYnduNnZUcDFzem1WVGQlMkZsUHk2S212MzR2T0JSYVN3JTNEJTNE%22},%22cw%22:true,%22optout%22:{%22identifierExtractor%22:{%22origin%22:0},%22value%22:null},%22origin%22:%22onetag%22,%22tld%22:%22iqoption.com%22,%22topUrl%22:%22iqoption.com%22,%22version%22:%225_46_0%22,%22ifa%22:{%22identifierExtractor%22:{%22origin%22:0},%22value%22:null},%22lsw%22:true,%22pm%22:0,%22requestId%22:%22923ce366-f973-43f5-b6cb-43b8c9a4475b%22}:0', '4:-:https://tr.snapchat.com/cm/i?pid=9c2ddd81-b080-4dd4-9b27-4e25285634ba&u_scsid=c2d51ec0-339e-483c-a582-04526b7f21f2&u_sclid=ef9ef863-a3aa-45a4-a265-1ec2dee06e3b:0']
2026-06-03 23:01:25 Amostra de textos visiveis: []
2026-06-03 23:01:25 Fluxo de login finalizado. URL atual: https://iqoption.com/traderoom
2026-06-03 23:04:23 Pagina de login ja aberta: https://login.iqoption.com/pt/login?redirect_url=traderoom
2026-06-03 23:04:23 Pagina de login detectada. Tentando autenticar automaticamente...
2026-06-03 23:04:25 Inputs visiveis detectados: 0
2026-06-03 23:04:25 Campos de login nao encontrados automaticamente.
2026-06-03 23:04:25 Traderoom sem splash detectada (1/3).
2026-06-03 23:04:27 Traderoom ainda em splash/conectando; aguardando...
2026-06-03 23:04:29 Traderoom ainda em splash/conectando; aguardando...
2026-06-03 23:04:31 Traderoom ainda em splash/conectando; aguardando...
2026-06-03 23:04:33 Traderoom sem splash detectada (1/3).
2026-06-03 23:04:35 Traderoom sem splash detectada (2/3).
2026-06-03 23:04:37 Traderoom sem splash detectada (3/3).
2026-06-03 23:04:41 Traderoom operacional detectada.
2026-06-03 23:04:41 Popup de salvar senha nao apareceu ou nao foi identificado.
2026-06-03 23:04:44 Traderoom confirmada. Ativo atual: desconhecido
2026-06-03 23:04:44 Mercado operavel agora: NAO
2026-06-03 23:04:44 Payout detectado: nao detectado
2026-06-03 23:04:44 Payout acima de 80%: NAO
2026-06-03 23:04:44 Janela do console minimizada para liberar a captura da tela.
2026-06-03 23:04:47 Screenshot capturada pelo Playwright com conteudo visivel.
2026-06-03 23:04:48 Analise visual salva em C:\Users\User\AppData\Roaming\MetaQuotes\Terminal\9DE44EFC77A6A3ABBD348AFCCFB49D70\MQL5\Experts\OpBinBridge\logs\playwright_probe
2026-06-03 23:04:48 Deteccao visual direita: up=(341, 322, 110, 110) down=(341, 440, 110, 110) payout=(88, 13, 337, 291)
2026-06-03 23:04:48 OCR botoes/payout: up=[] down=[] payout=['2', '0 22:15', 'Lucro 6'] payout_num=2.0
2026-06-03 23:04:48 Diagnostico DOM: innerText=0 textContent=52420 html=73807 checks={'depositar': 0, 'acima': 0, 'abaixo': 0, 'percent': 0}
2026-06-03 23:04:48 Frames detectados: ['0:-:https://iqoption.com/traderoom:0', '1:-:https://iqoption.com/traderoom:0', '2:-:https://gum.criteo.com/syncframe?topUrl=iqoption.com&origin=onetag#{%22bundle%22:{%22identifierExtractor%22:{%22origin%22:3},%22value%22:%22tU9qYl8wb29lS24lMkYyVENMdXkxUkVGSzRVWUJnYlByUU1KWXhUZkFOakMzJTJCVktEM21Yd0Rpd09oWnFMOWVSaDVTUDAlMkZHZiUyRm5ZZUJ0Y1pIQmY5OGpjRHhLZWxYOU9MWW9keGFXS2JxUXRuZUQ0c1REbU12YXdQOTZaV1JNb1VyenhRcG5RQVh6V29qMFhhTHR1ZTNoRXFQU2xZUSUzRCUzRA%22},%22cw%22:true,%22optout%22:{%22identifierExtractor%22:{%22origin%22:0},%22value%22:null},%22origin%22:%22onetag%22,%22tld%22:%22iqoption.com%22,%22topUrl%22:%22iqoption.com%22,%22version%22:%225_46_0%22,%22ifa%22:{%22identifierExtractor%22:{%22origin%22:0},%22value%22:null},%22lsw%22:true,%22pm%22:0,%22requestId%22:%2282bca206-da3a-49a7-9610-a86284355452%22}:0', '3:-:https://14674650.fls.doubleclick.net/activityi;dc_pre=CPaOvrm_7JQDFWeSlQIdE5gt8g;src=14674650;type=gtm_tags;cat=count0;rcb=13;ord=2989400871255;u=GA1.1.1009808236.1780535950;match_id=GA1.1.1009808236.1780535950;npa=0;auiddc=1293746859.1780535950;u4=GA1.1.1009808236.1780535950;u2=undefined;uaa=x86;uab=64;uafvl=Chromium%3B148.0.7778.217%7CGoogle%2520Chrome%3B148.0.7778.217%7CNot%252FA)Brand%3B99.0.0.0;uamb=0;uam=;uap=Windows;uapv=19.0.0;uaw=0;pscdl=noapi;frm=0;user_data_mode=a;_tu=KFA;gtm=45fe6621v9188486487z871091579za20gzb71091579zd71091579xea;gcs=G1--;gcd=13l3l3R3l5l1;dma=0;dc_fmt=2;tag_exp=0~115938465~115938468~118228214~119027224;epver=2;em=tv.1;dc_random=1780538664_afbaioAjRC7ZD0EKgsZEaE_Uv5XEVLybqA;_dc_test=1;~oref=https%3A%2F%2Fiqoption.com%2Ftraderoom?:0', '4:-:https://tr.snapchat.com/cm/i?pid=9c2ddd81-b080-4dd4-9b27-4e25285634ba&u_scsid=b79ea890-bb3b-4724-bb29-c03bdf593856&u_sclid=ef9ef863-a3aa-45a4-a265-1ec2dee06e3b:0']
2026-06-03 23:04:48 Amostra de textos visiveis: []
2026-06-03 23:04:48 Fluxo de login finalizado. URL atual: https://iqoption.com/traderoom
2026-06-03 23:06:07 Pagina de login ja aberta: https://login.iqoption.com/pt/login?redirect_url=traderoom
2026-06-03 23:06:07 Pagina de login detectada. Tentando autenticar automaticamente...
2026-06-03 23:06:09 Inputs visiveis detectados: 0
2026-06-03 23:06:09 Campos de login nao encontrados automaticamente.
2026-06-03 23:06:09 Traderoom sem splash detectada (1/3).
2026-06-03 23:06:11 Traderoom ainda em splash/conectando; aguardando...
2026-06-03 23:06:13 Traderoom ainda em splash/conectando; aguardando...
2026-06-03 23:06:15 Traderoom ainda em splash/conectando; aguardando...
2026-06-03 23:06:17 Traderoom sem splash detectada (1/3).
2026-06-03 23:06:19 Traderoom sem splash detectada (2/3).
2026-06-03 23:06:21 Traderoom sem splash detectada (3/3).
2026-06-03 23:06:25 Traderoom operacional detectada.
2026-06-03 23:06:25 Popup de salvar senha nao apareceu ou nao foi identificado.
2026-06-03 23:06:28 Janela do console minimizada para liberar a captura da tela.
2026-06-03 23:06:31 Screenshot capturada pelo Playwright com conteudo visivel.
2026-06-03 23:06:32 Analise visual salva em C:\Users\User\AppData\Roaming\MetaQuotes\Terminal\9DE44EFC77A6A3ABBD348AFCCFB49D70\MQL5\Experts\OpBinBridge\logs\playwright_probe
2026-06-03 23:06:32 Deteccao visual direita: up=(341, 322, 110, 110) down=(341, 440, 110, 110) payout=(88, 13, 337, 291)
2026-06-03 23:06:32 OCR botoes/payout: up=[] down=[] payout=['2', '0 22:15', 'Lucro 6'] payout_num=2.0
2026-06-03 23:06:32 Traderoom confirmada. Ativo atual: desconhecido
2026-06-03 23:06:32 Mercado operavel agora: SIM
2026-06-03 23:06:32 Payout detectado: 2.00%
2026-06-03 23:06:32 Payout acima de 80%: NAO
2026-06-03 23:06:32 Fluxo de login finalizado. URL atual: https://iqoption.com/traderoom
2026-06-03 23:08:16 Pagina de login ja aberta: https://login.iqoption.com/pt/login?redirect_url=traderoom
2026-06-03 23:08:16 Pagina de login detectada. Tentando autenticar automaticamente...
2026-06-03 23:08:17 Inputs visiveis detectados: 0
2026-06-03 23:08:17 Campos de login nao encontrados automaticamente.
2026-06-03 23:08:17 Traderoom sem splash detectada (1/3).
2026-06-03 23:08:19 Traderoom ainda em splash/conectando; aguardando...
2026-06-03 23:08:22 Traderoom ainda em splash/conectando; aguardando...
2026-06-03 23:08:24 Traderoom ainda em splash/conectando; aguardando...
2026-06-03 23:08:26 Traderoom sem splash detectada (1/3).
2026-06-03 23:08:28 Traderoom sem splash detectada (2/3).
2026-06-03 23:08:30 Traderoom sem splash detectada (3/3).
2026-06-03 23:08:34 Traderoom operacional detectada.
2026-06-03 23:08:34 Popup de salvar senha nao apareceu ou nao foi identificado.
2026-06-03 23:08:37 Janela do console minimizada para liberar a captura da tela.
2026-06-03 23:08:39 Screenshot capturada pelo Playwright com conteudo visivel.
2026-06-03 23:08:41 Analise visual salva em C:\Users\User\AppData\Roaming\MetaQuotes\Terminal\9DE44EFC77A6A3ABBD348AFCCFB49D70\MQL5\Experts\OpBinBridge\logs\playwright_probe
2026-06-03 23:08:41 Deteccao visual direita: up=(341, 322, 110, 110) down=(0, 410, 451, 140) payout=(88, 13, 337, 291)
2026-06-03 23:08:41 OCR botoes/payout: up=[] down=['1342610', '1.3426.'] payout=[] payout_num=None
2026-06-03 23:08:41 Traderoom confirmada. Ativo atual: desconhecido
2026-06-03 23:08:41 Mercado operavel agora: SIM
2026-06-03 23:08:41 Payout detectado: nao detectado
2026-06-03 23:08:41 Payout acima de 80%: NAO
2026-06-03 23:08:41 Diagnostico DOM: innerText=0 textContent=52420 html=73801 checks={'depositar': 0, 'acima': 0, 'abaixo': 0, 'percent': 0}
2026-06-03 23:08:41 Frames detectados: ['0:-:https://iqoption.com/traderoom:0', '1:-:https://iqoption.com/traderoom:0', '2:-:https://gum.criteo.com/syncframe?topUrl=iqoption.com&origin=onetag#{%22bundle%22:{%22identifierExtractor%22:{%22origin%22:3},%22value%22:%223AdF9l8wb29lS24lMkYyVENMdXkxUkVGSzRVWUh2OVpIaWY3WUV2bkJFbGclMkJaWmdGREtrVnF0cjhNS1hxRnZNSlJNVWo5YlVuSDdwRmZqc3ZOc3BEc1pVWTJhMnFWbm5IYmtZT08zM20zNXZod04zUnNxbFVQOHJGR1FoQmxtdkZtM1ZMVTE1c2RjbUpwMVBnaFAlMkJ2b3pYUTNpVlElM0QlM0Q%22},%22cw%22:true,%22optout%22:{%22identifierExtractor%22:{%22origin%22:0},%22value%22:null},%22origin%22:%22onetag%22,%22tld%22:%22iqoption.com%22,%22topUrl%22:%22iqoption.com%22,%22version%22:%225_46_0%22,%22ifa%22:{%22identifierExtractor%22:{%22origin%22:0},%22value%22:null},%22lsw%22:true,%22pm%22:0,%22requestId%22:%2218dc3493-24e7-4b27-8d4c-a465828c8881%22}:0', '3:-:https://14674650.fls.doubleclick.net/activityi;dc_pre=CPeAwqjA7JQDFWC5lQIdrI4gmw;src=14674650;type=gtm_tags;cat=count0;rcb=13;ord=2108945733684;u=GA1.1.1009808236.1780535950;match_id=GA1.1.1009808236.1780535950;npa=0;auiddc=1293746859.1780535950;u4=GA1.1.1009808236.1780535950;u2=undefined;uaa=x86;uab=64;uafvl=Chromium%3B148.0.7778.217%7CGoogle%2520Chrome%3B148.0.7778.217%7CNot%252FA)Brand%3B99.0.0.0;uamb=0;uam=;uap=Windows;uapv=19.0.0;uaw=0;pscdl=noapi;frm=0;user_data_mode=a;_tu=KFA;gtm=45fe6621v9188486487z871091579za20gzb71091579zd71091579xea;gcs=G1--;gcd=13l3l3R3l5l1;dma=0;dc_fmt=2;tag_exp=0~115938465~115938468~117776793~118228214~119027222;epver=2;em=tv.1;dc_random=1780538897_sIwatLYkwm56WoVvd8j2fze_GphtsoXkSg;_dc_test=1;~oref=https%3A%2F%2Fiqoption.com%2Ftraderoom?:0', '4:-:https://tr.snapchat.com/cm/i?pid=9c2ddd81-b080-4dd4-9b27-4e25285634ba&u_scsid=376ca12b-cff9-49ad-ae33-c5c8397f6822&u_sclid=ef9ef863-a3aa-45a4-a265-1ec2dee06e3b:0']
2026-06-03 23:08:41 Amostra de textos visiveis: []
2026-06-03 23:08:41 Fluxo de login finalizado. URL atual: https://iqoption.com/traderoom
2026-06-03 23:11:07 Pagina de login ja aberta: https://login.iqoption.com/pt/login?redirect_url=traderoom
2026-06-03 23:11:07 Pagina de login detectada. Tentando autenticar automaticamente...
2026-06-03 23:11:09 Inputs visiveis detectados: 0
2026-06-03 23:11:09 Campos de login nao encontrados automaticamente.
2026-06-03 23:11:09 Traderoom sem splash detectada (1/3).
2026-06-03 23:11:11 Traderoom ainda em splash/conectando; aguardando...
2026-06-03 23:11:13 Traderoom ainda em splash/conectando; aguardando...
2026-06-03 23:11:15 Traderoom ainda em splash/conectando; aguardando...
2026-06-03 23:11:17 Traderoom sem splash detectada (1/3).
2026-06-03 23:11:19 Traderoom sem splash detectada (2/3).
2026-06-03 23:11:21 Traderoom sem splash detectada (3/3).
2026-06-03 23:11:25 Traderoom operacional detectada.
2026-06-03 23:11:25 Popup de salvar senha nao apareceu ou nao foi identificado.
2026-06-03 23:11:28 Janela do console minimizada para liberar a captura da tela.
2026-06-03 23:11:31 Screenshot capturada pelo Playwright com conteudo visivel.
2026-06-03 23:11:34 Analise visual salva em C:\Users\User\AppData\Roaming\MetaQuotes\Terminal\9DE44EFC77A6A3ABBD348AFCCFB49D70\MQL5\Experts\OpBinBridge\logs\playwright_probe
2026-06-03 23:11:34 Deteccao visual direita: up=(341, 322, 110, 110) down=(0, 114, 451, 486) payout=(88, 13, 337, 291)
2026-06-03 23:11:34 OCR botoes/payout: up=['ACIMA'] down=['Expiracao', '1.3428', '22:30', 'Lucro @', '+84%', '+$1.68', '1.3426', 'ACIMA', '1.342445', '1.3424', 'ABAIXO', 'Expracae', 'Lucro α', '+51.68', '1.842445'] payout=['+849', '+S1.68', '84', '+'] payout_num=84.0
2026-06-03 23:11:34 Traderoom confirmada. Ativo atual: desconhecido
2026-06-03 23:11:34 Mercado operavel agora: SIM
2026-06-03 23:11:34 Payout detectado: 84.00%
2026-06-03 23:11:34 Payout acima de 80%: SIM
2026-06-03 23:11:34 Fluxo de login finalizado. URL atual: https://iqoption.com/traderoom
2026-06-03 23:16:21 Pagina de login ja aberta: https://login.iqoption.com/pt/login?redirect_url=traderoom
2026-06-03 23:16:21 Pagina de login detectada. Tentando autenticar automaticamente...
2026-06-03 23:16:22 Inputs visiveis detectados: 0
2026-06-03 23:16:22 Campos de login nao encontrados automaticamente.
2026-06-03 23:16:22 Traderoom sem splash detectada (1/3).
2026-06-03 23:16:24 Traderoom sem splash detectada (2/3).
2026-06-03 23:16:26 Traderoom sem splash detectada (3/3).
2026-06-03 23:16:30 Traderoom operacional detectada.
2026-06-03 23:16:34 Clique enviado em ativo atual nas coordenadas (304, 30).
2026-06-03 23:16:36 Busca de ativo digitada: EURJPY
2026-06-03 23:16:39 Ativo EUR/JPY nao apareceu na lista OCR apos a busca.
2026-06-03 23:16:39 Traderoom sem splash detectada (1/3).
2026-06-03 23:16:41 Traderoom sem splash detectada (2/3).
2026-06-03 23:16:43 Traderoom sem splash detectada (3/3).
2026-06-03 23:16:47 Traderoom operacional detectada.
2026-06-03 23:16:47 Popup de salvar senha nao apareceu ou nao foi identificado.
2026-06-03 23:16:50 Janela do console minimizada para liberar a captura da tela.
2026-06-03 23:16:53 Screenshot capturada pelo Playwright com conteudo visivel.
2026-06-03 23:16:54 Analise visual salva em C:\Users\User\AppData\Roaming\MetaQuotes\Terminal\9DE44EFC77A6A3ABBD348AFCCFB49D70\MQL5\Experts\OpBinBridge\logs\playwright_probe
2026-06-03 23:16:54 Deteccao visual direita: up=None down=None payout=(88, 13, 333, 291)
2026-06-03 23:16:54 OCR botoes/payout: up=[] down=[] payout=['84', '+SO'] payout_num=84.0
2026-06-03 23:16:54 Traderoom confirmada. Ativo atual: desconhecido
2026-06-03 23:16:54 Mercado operavel agora: NAO
2026-06-03 23:16:54 Payout detectado: 84.00%
2026-06-03 23:16:54 Payout acima de 80%: SIM
2026-06-03 23:16:54 Fluxo de login finalizado. URL atual: https://iqoption.com/traderoom
2026-06-04 11:47:52 Pagina de login ja aberta: https://login.iqoption.com/pt/login?redirect_url=traderoom
2026-06-04 11:47:52 Pagina de login detectada. Tentando autenticar automaticamente...
2026-06-04 11:47:54 Inputs visiveis detectados: 0
2026-06-04 11:47:54 Campos de login nao encontrados automaticamente.
2026-06-04 11:47:54 Traderoom sem splash detectada (1/3).
2026-06-04 11:47:56 Traderoom sem splash detectada (2/3).
2026-06-04 11:47:58 Traderoom sem splash detectada (3/3).
2026-06-04 11:48:02 Traderoom operacional detectada.
2026-06-04 11:48:06 Clique enviado em ativo atual nas coordenadas (305, 30).
2026-06-04 11:48:07 Busca de ativo digitada: EURJPY
2026-06-04 11:48:11 Ativo EUR/JPY nao apareceu na lista OCR apos a busca.
2026-06-04 11:48:11 Traderoom sem splash detectada (1/3).
2026-06-04 11:48:13 Traderoom sem splash detectada (2/3).
2026-06-04 11:48:15 Traderoom sem splash detectada (3/3).
2026-06-04 11:48:19 Traderoom operacional detectada.
2026-06-04 11:48:19 Popup de salvar senha nao apareceu ou nao foi identificado.
2026-06-04 11:48:22 Janela do console minimizada para liberar a captura da tela.
2026-06-04 11:48:25 Screenshot capturada pelo Playwright com conteudo visivel.
2026-06-04 11:48:28 Analise visual salva em C:\Users\User\AppData\Roaming\MetaQuotes\Terminal\9DE44EFC77A6A3ABBD348AFCCFB49D70\MQL5\Experts\OpBinBridge\logs\playwright_probe
2026-06-04 11:48:28 Deteccao visual direita: up=(341, 322, 110, 110) down=(0, 440, 451, 110) payout=(88, 13, 337, 291)
2026-06-04 11:48:28 OCR botoes/payout: up=['ACIMA'] down=['1.344', '1.343735', 'M', 'ABAIXO', '348736'] payout=['86', '+', '+S0.86'] payout_num=86.0
2026-06-04 11:48:28 Traderoom confirmada. Ativo atual: desconhecido
2026-06-04 11:48:28 Mercado operavel agora: SIM
2026-06-04 11:48:28 Payout detectado: 86.00%
2026-06-04 11:48:28 Payout acima de 80%: SIM
2026-06-04 11:48:28 Fluxo de login finalizado. URL atual: https://iqoption.com/traderoom
2026-06-04 11:55:10 Pagina de login ja aberta: https://login.iqoption.com/pt/login?redirect_url=traderoom
2026-06-04 11:55:10 Pagina de login detectada. Tentando autenticar automaticamente...
2026-06-04 11:55:11 Inputs visiveis detectados: 0
2026-06-04 11:55:11 Campos de login nao encontrados automaticamente.
2026-06-04 11:55:11 Traderoom sem splash detectada (1/3).
2026-06-04 11:55:13 Traderoom sem splash detectada (2/3).
2026-06-04 11:55:15 Traderoom sem splash detectada (3/3).
2026-06-04 11:55:19 Traderoom operacional detectada.
2026-06-04 11:55:25 3 abas detectadas no topo. Fechando todas, exceto a primeira da esquerda.
2026-06-04 11:55:25 Fechando aba proxima de 'AUD/USD' nas coordenadas (548, 30).
2026-06-04 11:55:26 Fechando aba proxima de 'EUR/USD' nas coordenadas (403, 30).
2026-06-04 11:55:30 Abas restantes apos limpeza: ['GBP/USD', 'EUR/USD', 'AUD/USD']
2026-06-04 11:55:30 Clique enviado no botao de adicionar ativo nas coordenadas (676, 34).
2026-06-04 11:55:32 Busca de ativo digitada por teclado: EURJPY
2026-06-04 11:55:35 Ativo EUR/JPY nao apareceu na lista OCR apos a busca.
2026-06-04 11:55:35 Traderoom sem splash detectada (1/3).
2026-06-04 11:55:37 Traderoom sem splash detectada (2/3).
2026-06-04 11:55:39 Traderoom sem splash detectada (3/3).
2026-06-04 11:55:43 Traderoom operacional detectada.
2026-06-04 11:55:43 Popup de salvar senha nao apareceu ou nao foi identificado.
2026-06-04 11:55:46 Janela do console minimizada para liberar a captura da tela.
2026-06-04 11:55:49 Screenshot capturada pelo Playwright com conteudo visivel.
2026-06-04 11:55:52 Analise visual salva em C:\Users\User\AppData\Roaming\MetaQuotes\Terminal\9DE44EFC77A6A3ABBD348AFCCFB49D70\MQL5\Experts\OpBinBridge\logs\playwright_probe
2026-06-04 11:55:52 Deteccao visual direita: up=(341, 322, 110, 110) down=(0, 440, 451, 110) payout=(88, 13, 337, 291)
2026-06-04 11:55:52 OCR botoes/payout: up=['ACIMA'] down=['M', 'ABAIXO', '1.344265', 'MV', '1.844266'] payout=['86', '+', '+S0.86'] payout_num=86.0
2026-06-04 11:55:52 Traderoom confirmada. Ativo atual: desconhecido
2026-06-04 11:55:52 Mercado operavel agora: SIM
2026-06-04 11:55:52 Payout detectado: 86.00%
2026-06-04 11:55:52 Payout acima de 80%: SIM
2026-06-04 11:55:52 Fluxo de login finalizado. URL atual: https://iqoption.com/traderoom
2026-06-04 11:56:13 Pagina de login ja aberta: https://login.iqoption.com/pt/login?redirect_url=traderoom
2026-06-04 11:56:13 Pagina de login detectada. Tentando autenticar automaticamente...
2026-06-04 11:56:15 Inputs visiveis detectados: 0
2026-06-04 11:56:16 Campos de login nao encontrados automaticamente.
2026-06-04 11:56:16 Traderoom ainda em splash/conectando; aguardando...
2026-06-04 11:56:18 Traderoom ainda em splash/conectando; aguardando...
2026-06-04 11:56:20 Traderoom ainda em splash/conectando; aguardando...
2026-06-04 11:56:22 Traderoom sem splash detectada (1/3).
2026-06-04 11:56:24 Traderoom sem splash detectada (2/3).
2026-06-04 11:56:26 Traderoom sem splash detectada (3/3).
2026-06-04 11:56:30 Traderoom operacional detectada.
2026-06-04 11:56:35 3 abas detectadas no topo. Fechando todas, exceto a primeira da esquerda.
2026-06-04 11:56:35 Fechando aba proxima de 'AUD/USD' nas coordenadas (549, 30).
2026-06-04 11:56:35 Fechando aba proxima de 'EUR/USD' nas coordenadas (403, 30).
2026-06-04 11:56:39 Abas restantes apos limpeza: ['GBP/USD', 'EUR/USD', 'AUD/USD']
2026-06-04 11:56:39 Clique enviado no botao de adicionar ativo nas coordenadas (676, 34).
2026-06-04 11:56:41 Busca de ativo digitada por teclado: EURJPY
2026-06-04 11:56:44 Ativo EUR/JPY nao apareceu na lista OCR apos a busca.
2026-06-04 11:56:44 Traderoom sem splash detectada (1/3).
2026-06-04 11:56:46 Traderoom sem splash detectada (2/3).
2026-06-04 11:56:48 Traderoom sem splash detectada (3/3).
2026-06-04 11:56:52 Traderoom operacional detectada.
2026-06-04 11:56:52 Popup de salvar senha nao apareceu ou nao foi identificado.
2026-06-04 11:56:55 Janela do console minimizada para liberar a captura da tela.
2026-06-04 11:56:58 Screenshot capturada pelo Playwright com conteudo visivel.
2026-06-04 11:56:59 Analise visual salva em C:\Users\User\AppData\Roaming\MetaQuotes\Terminal\9DE44EFC77A6A3ABBD348AFCCFB49D70\MQL5\Experts\OpBinBridge\logs\playwright_probe
2026-06-04 11:56:59 Deteccao visual direita: up=None down=None payout=(88, 13, 333, 291)
2026-06-04 11:56:59 OCR botoes/payout: up=[] down=[] payout=['86', '+SO', '+S0'] payout_num=86.0
2026-06-04 11:56:59 Traderoom confirmada. Ativo atual: desconhecido
2026-06-04 11:56:59 Mercado operavel agora: NAO
2026-06-04 11:56:59 Payout detectado: 86.00%
2026-06-04 11:56:59 Payout acima de 80%: SIM
2026-06-04 11:56:59 Fluxo de login finalizado. URL atual: https://iqoption.com/traderoom
2026-06-04 11:58:41 Pagina de login ja aberta: https://login.iqoption.com/pt/login?redirect_url=traderoom
2026-06-04 11:58:41 Pagina de login detectada. Tentando autenticar automaticamente...
2026-06-04 11:58:43 Inputs visiveis detectados: 0
2026-06-04 11:58:43 Campos de login nao encontrados automaticamente.
2026-06-04 11:58:43 Traderoom sem splash detectada (1/3).
2026-06-04 11:58:45 Traderoom sem splash detectada (2/3).
2026-06-04 11:58:47 Traderoom sem splash detectada (3/3).
2026-06-04 11:58:51 Traderoom operacional detectada.
2026-06-04 11:58:56 3 abas detectadas no topo. Fechando todas, exceto a primeira da esquerda.
2026-06-04 11:58:56 Tentando fechar aba 'AUD/USD' nas coordenadas (575, 28).
2026-06-04 11:58:59 Primeira tentativa nao fechou; retry em (577, 28).
2026-06-04 11:59:01 Tentando fechar aba 'EUR/USD' nas coordenadas (429, 28).
2026-06-04 11:59:03 Primeira tentativa nao fechou; retry em (431, 28).
2026-06-04 11:59:09 Abas restantes apos limpeza: ['GBP/USD', 'EUR/USD', 'AUD/USD']
2026-06-04 11:59:09 Clique enviado no botao de adicionar ativo nas coordenadas (676, 34).
2026-06-04 11:59:11 Busca de ativo digitada por teclado: EURJPY
2026-06-04 11:59:14 Ativo EUR/JPY nao apareceu na lista OCR apos a busca.
2026-06-04 11:59:14 Traderoom sem splash detectada (1/3).
2026-06-04 11:59:16 Traderoom sem splash detectada (2/3).
2026-06-04 11:59:18 Traderoom sem splash detectada (3/3).
2026-06-04 11:59:22 Traderoom operacional detectada.
2026-06-04 11:59:22 Popup de salvar senha nao apareceu ou nao foi identificado.
2026-06-04 11:59:25 Janela do console minimizada para liberar a captura da tela.
2026-06-04 11:59:28 Screenshot capturada pelo Playwright com conteudo visivel.
2026-06-04 11:59:32 Analise visual salva em C:\Users\User\AppData\Roaming\MetaQuotes\Terminal\9DE44EFC77A6A3ABBD348AFCCFB49D70\MQL5\Experts\OpBinBridge\logs\playwright_probe
2026-06-04 11:59:32 Deteccao visual direita: up=(341, 322, 110, 110) down=(0, 440, 451, 110) payout=(88, 13, 337, 291)
2026-06-04 11:59:32 OCR botoes/payout: up=['ACIMA'] down=['1.344365', 'ABAIXO'] payout=['86', '+', '+S0.86'] payout_num=86.0
2026-06-04 11:59:32 Traderoom confirmada. Ativo atual: desconhecido
2026-06-04 11:59:32 Mercado operavel agora: SIM
2026-06-04 11:59:32 Payout detectado: 86.00%
2026-06-04 11:59:32 Payout acima de 80%: SIM
2026-06-04 11:59:32 Fluxo de login finalizado. URL atual: https://iqoption.com/traderoom
2026-06-04 12:01:47 Pagina de login ja aberta: https://login.iqoption.com/pt/login?redirect_url=traderoom
2026-06-04 12:01:47 Pagina de login detectada. Tentando autenticar automaticamente...
2026-06-04 12:01:49 Inputs visiveis detectados: 0
2026-06-04 12:01:49 Campos de login nao encontrados automaticamente.
2026-06-04 12:01:49 Traderoom sem splash detectada (1/3).
2026-06-04 12:01:51 Traderoom sem splash detectada (2/3).
2026-06-04 12:01:53 Traderoom sem splash detectada (3/3).
2026-06-04 12:01:57 Traderoom operacional detectada.
2026-06-04 12:02:02 3 abas detectadas no topo. Fechando sempre a segunda aba da esquerda ate sobrar uma.
2026-06-04 12:02:02 Tentativa 1: fechando segunda aba 'EUR/USD' nas coordenadas (429, 28).
2026-06-04 12:02:04 Tentativa 1: primeiro clique nao fechou; retry em (431, 28).
2026-06-04 12:02:07 A segunda aba nao fechou nessa iteracao; recapturando antes de tentar de novo.
2026-06-04 12:02:07 Tentativa 2: fechando segunda aba 'EUR/USD' nas coordenadas (429, 28).
2026-06-04 12:02:09 Tentativa 2: primeiro clique nao fechou; retry em (431, 28).
2026-06-04 12:02:12 A segunda aba nao fechou nessa iteracao; recapturando antes de tentar de novo.
2026-06-04 12:02:12 Tentativa 3: fechando segunda aba 'EUR/USD' nas coordenadas (429, 28).
2026-06-04 12:02:15 Tentativa 3: primeiro clique nao fechou; retry em (431, 28).
2026-06-04 12:02:17 A segunda aba nao fechou nessa iteracao; recapturando antes de tentar de novo.
2026-06-04 12:02:17 Tentativa 4: fechando segunda aba 'EUR/USD' nas coordenadas (429, 28).
2026-06-04 12:02:20 Tentativa 4: primeiro clique nao fechou; retry em (431, 28).
2026-06-04 12:02:22 A segunda aba nao fechou nessa iteracao; recapturando antes de tentar de novo.
2026-06-04 12:02:22 Tentativa 5: fechando segunda aba 'EUR/USD' nas coordenadas (429, 28).
2026-06-04 12:02:25 Tentativa 5: primeiro clique nao fechou; retry em (431, 28).
2026-06-04 12:02:27 A segunda aba nao fechou nessa iteracao; recapturando antes de tentar de novo.
2026-06-04 12:02:27 Tentativa 6: fechando segunda aba 'EUR/USD' nas coordenadas (429, 28).
2026-06-04 12:02:30 Tentativa 6: primeiro clique nao fechou; retry em (431, 28).
2026-06-04 12:02:32 A segunda aba nao fechou nessa iteracao; recapturando antes de tentar de novo.
2026-06-04 12:02:32 Tentativa 7: fechando segunda aba 'EUR/USD' nas coordenadas (429, 28).
2026-06-04 12:02:35 Tentativa 7: primeiro clique nao fechou; retry em (431, 28).
2026-06-04 12:02:37 A segunda aba nao fechou nessa iteracao; recapturando antes de tentar de novo.
2026-06-04 12:02:37 Tentativa 8: fechando segunda aba 'EUR/USD' nas coordenadas (429, 28).
2026-06-04 12:02:39 Tentativa 8: primeiro clique nao fechou; retry em (431, 28).
2026-06-04 12:02:41 A segunda aba nao fechou nessa iteracao; recapturando antes de tentar de novo.
2026-06-04 12:02:41 Tentativa 9: fechando segunda aba 'EUR/USD' nas coordenadas (429, 28).
2026-06-04 12:02:43 Tentativa 9: primeiro clique nao fechou; retry em (431, 28).
2026-06-04 12:02:46 A segunda aba nao fechou nessa iteracao; recapturando antes de tentar de novo.
2026-06-04 12:02:46 Tentativa 10: fechando segunda aba 'EUR/USD' nas coordenadas (429, 28).
2026-06-04 12:02:48 Tentativa 10: primeiro clique nao fechou; retry em (431, 28).
2026-06-04 12:02:51 A segunda aba nao fechou nessa iteracao; recapturando antes de tentar de novo.
2026-06-04 12:02:51 Tentativa 11: fechando segunda aba 'EUR/USD' nas coordenadas (429, 28).
2026-06-04 12:02:53 Tentativa 11: primeiro clique nao fechou; retry em (431, 28).
2026-06-04 12:02:55 A segunda aba nao fechou nessa iteracao; recapturando antes de tentar de novo.
2026-06-04 12:02:55 Tentativa 12: fechando segunda aba 'EUR/USD' nas coordenadas (429, 28).
2026-06-04 12:02:57 Tentativa 12: primeiro clique nao fechou; retry em (431, 28).
2026-06-04 12:02:59 A segunda aba nao fechou nessa iteracao; recapturando antes de tentar de novo.
2026-06-04 12:02:59 Tentativa 13: fechando segunda aba 'EUR/USD' nas coordenadas (429, 28).
2026-06-04 12:03:02 Tentativa 13: primeiro clique nao fechou; retry em (431, 28).
2026-06-04 12:03:04 A segunda aba nao fechou nessa iteracao; recapturando antes de tentar de novo.
2026-06-04 12:04:57 Pagina de login ja aberta: https://login.iqoption.com/pt/login?redirect_url=traderoom
2026-06-04 12:04:57 Pagina de login detectada. Tentando autenticar automaticamente...
2026-06-04 12:04:59 Inputs visiveis detectados: 0
2026-06-04 12:04:59 Campos de login nao encontrados automaticamente.
2026-06-04 12:04:59 Traderoom sem splash detectada (1/3).
2026-06-04 12:05:01 Traderoom sem splash detectada (2/3).
2026-06-04 12:05:03 Traderoom sem splash detectada (3/3).
2026-06-04 12:05:07 Traderoom operacional detectada.
2026-06-04 12:05:12 3 abas detectadas no topo. Fechando sempre a segunda aba da esquerda ate sobrar uma.
2026-06-04 12:05:12 Tentativa 1: fechando segunda aba 'EUR/USD' nas coordenadas (403, 26).
2026-06-04 12:05:15 Tentativa 1: primeiro clique nao fechou; retry em (411, 28).
2026-06-04 12:05:18 A segunda aba nao fechou nessa iteracao; recapturando antes de tentar de novo.
2026-06-04 12:05:18 Tentativa 2: fechando segunda aba 'EUR/USD' nas coordenadas (403, 26).
2026-06-04 12:05:20 Tentativa 2: primeiro clique nao fechou; retry em (411, 28).
2026-06-04 12:05:23 A segunda aba nao fechou nessa iteracao; recapturando antes de tentar de novo.
2026-06-04 12:05:23 Tentativa 3: fechando segunda aba 'EUR/USD' nas coordenadas (403, 26).
2026-06-04 12:05:25 Tentativa 3: primeiro clique nao fechou; retry em (411, 28).
2026-06-04 12:05:27 A segunda aba nao fechou nessa iteracao; recapturando antes de tentar de novo.
2026-06-04 12:05:27 Tentativa 4: fechando segunda aba 'EUR/USD' nas coordenadas (403, 26).
2026-06-04 12:05:30 Tentativa 4: primeiro clique nao fechou; retry em (411, 28).
2026-06-04 12:05:32 A segunda aba nao fechou nessa iteracao; recapturando antes de tentar de novo.
2026-06-04 12:05:32 Tentativa 5: fechando segunda aba 'EUR/USD' nas coordenadas (403, 26).
2026-06-04 12:05:34 Tentativa 5: primeiro clique nao fechou; retry em (411, 28).
2026-06-04 12:05:37 A segunda aba nao fechou nessa iteracao; recapturando antes de tentar de novo.
2026-06-04 12:05:37 Tentativa 6: fechando segunda aba 'EUR/USD' nas coordenadas (403, 26).
2026-06-04 12:05:40 Tentativa 6: primeiro clique nao fechou; retry em (411, 28).
2026-06-04 12:05:42 A segunda aba nao fechou nessa iteracao; recapturando antes de tentar de novo.
2026-06-04 12:05:42 Tentativa 7: fechando segunda aba 'EUR/USD' nas coordenadas (403, 26).
2026-06-04 12:05:44 Tentativa 7: primeiro clique nao fechou; retry em (411, 28).
2026-06-04 12:05:46 A segunda aba nao fechou nessa iteracao; recapturando antes de tentar de novo.
2026-06-04 12:05:46 Tentativa 8: fechando segunda aba 'EUR/USD' nas coordenadas (403, 26).
2026-06-04 12:05:49 Tentativa 8: primeiro clique nao fechou; retry em (411, 28).
2026-06-04 12:05:51 A segunda aba nao fechou nessa iteracao; recapturando antes de tentar de novo.
2026-06-04 12:05:51 Tentativa 9: fechando segunda aba 'EUR/USD' nas coordenadas (403, 26).
2026-06-04 12:07:01 Pagina de login ja aberta: https://login.iqoption.com/pt/login?redirect_url=traderoom
2026-06-04 12:07:01 Pagina de login detectada. Tentando autenticar automaticamente...
2026-06-04 12:07:02 Inputs visiveis detectados: 0
2026-06-04 12:07:02 Campos de login nao encontrados automaticamente.
2026-06-04 12:07:02 Traderoom sem splash detectada (1/3).
2026-06-04 12:07:04 Traderoom sem splash detectada (2/3).
2026-06-04 12:07:06 Traderoom sem splash detectada (3/3).
2026-06-04 12:07:10 Traderoom operacional detectada.
2026-06-04 12:07:16 3 abas detectadas no topo. Fechando sempre a segunda aba da esquerda ate sobrar uma.
2026-06-04 12:07:16 Tentativa 1.1: clique para fechar 'EUR/USD' em (387, 28).
2026-06-04 12:07:18 Tentativa 1.2: clique para fechar 'EUR/USD' em (391, 28).
2026-06-04 12:07:21 Tentativa 1.3: clique para fechar 'EUR/USD' em (395, 28).
2026-06-04 12:07:23 Tentativa 1.4: clique para fechar 'EUR/USD' em (399, 28).
2026-06-04 12:07:26 Tentativa 1.5: clique para fechar 'EUR/USD' em (403, 28).
2026-06-04 12:07:28 Tentativa 1.6: clique para fechar 'EUR/USD' em (391, 31).
2026-06-04 12:07:30 Tentativa 1.7: clique para fechar 'EUR/USD' em (395, 31).
2026-06-04 12:07:32 Tentativa 1.8: clique para fechar 'EUR/USD' em (399, 31).
2026-06-04 12:07:34 A segunda aba nao fechou nessa iteracao; recapturando antes de tentar de novo.
2026-06-04 12:07:35 Tentativa 2.1: clique para fechar 'AUD/USD' em (387, 28).
2026-06-04 12:07:37 Quantidade de abas apos fechamento: 2
2026-06-04 12:07:37 Tentativa 3.1: clique para fechar 'EUR/USD' em (387, 28).
2026-06-04 12:07:39 Quantidade de abas apos fechamento: 1
2026-06-04 12:07:42 Abas restantes apos limpeza: ['GBP/USD']
2026-06-04 12:07:42 Clique enviado no botao de adicionar ativo nas coordenadas (383, 34).
2026-06-04 12:07:44 Busca de ativo digitada por teclado: EURJPY
2026-06-04 12:07:47 Ativo EUR/JPY nao apareceu na lista OCR apos a busca.
2026-06-04 12:07:47 Traderoom sem splash detectada (1/3).
2026-06-04 12:07:49 Traderoom sem splash detectada (2/3).
2026-06-04 12:07:51 Traderoom sem splash detectada (3/3).
2026-06-04 12:07:55 Traderoom operacional detectada.
2026-06-04 12:07:55 Popup de salvar senha nao apareceu ou nao foi identificado.
2026-06-04 12:07:58 Janela do console minimizada para liberar a captura da tela.
2026-06-04 12:08:00 Screenshot capturada pelo Playwright com conteudo visivel.
2026-06-04 12:08:04 Analise visual salva em C:\Users\User\AppData\Roaming\MetaQuotes\Terminal\9DE44EFC77A6A3ABBD348AFCCFB49D70\MQL5\Experts\OpBinBridge\logs\playwright_probe
2026-06-04 12:08:04 Deteccao visual direita: up=(341, 322, 110, 110) down=(0, 440, 451, 110) payout=(88, 13, 337, 291)
2026-06-04 12:08:04 OCR botoes/payout: up=['ACIMA'] down=['1.3 44', '1.34385', 'ABAIXO', 'MV'] payout=['86', '+', '+S0.86'] payout_num=86.0
2026-06-04 12:08:04 Traderoom confirmada. Ativo atual: desconhecido
2026-06-04 12:08:04 Mercado operavel agora: SIM
2026-06-04 12:08:04 Payout detectado: 86.00%
2026-06-04 12:08:04 Payout acima de 80%: SIM
2026-06-04 12:08:04 Fluxo de login finalizado. URL atual: https://iqoption.com/traderoom
2026-06-04 12:09:40 Pagina de login ja aberta: https://login.iqoption.com/pt/login?redirect_url=traderoom
2026-06-04 12:09:40 Pagina de login detectada. Tentando autenticar automaticamente...
2026-06-04 12:09:42 Inputs visiveis detectados: 0
2026-06-04 12:09:42 Campos de login nao encontrados automaticamente.
2026-06-04 12:09:42 Traderoom sem splash detectada (1/3).
2026-06-04 12:09:44 Traderoom sem splash detectada (2/3).
2026-06-04 12:09:46 Traderoom sem splash detectada (3/3).
2026-06-04 12:09:50 Traderoom operacional detectada.
2026-06-04 12:09:55 3 abas detectadas no topo. Fechando sempre a segunda aba da esquerda ate sobrar uma.
2026-06-04 12:09:55 Tentativa 1.1: clique para fechar 'AUD/USD' em (1116, 26).
2026-06-04 12:09:58 Quantidade de abas apos fechamento: 2
2026-06-04 12:09:58 Tentativa 2.1: clique para fechar 'BTC/USD' em (1116, 26).
2026-06-04 12:10:00 Quantidade de abas apos fechamento: 1
2026-06-04 12:10:03 Abas restantes apos limpeza: ['GBP/USD']
2026-06-04 12:10:03 Clique enviado no botao de adicionar ativo nas coordenadas (399, 32).
2026-06-04 12:10:04 Clique enviado no botao de adicionar ativo nas coordenadas (399, 36).
2026-06-04 12:10:05 Clique enviado no botao de adicionar ativo nas coordenadas (407, 32).
2026-06-04 12:10:05 Clique enviado no botao de adicionar ativo nas coordenadas (407, 36).
2026-06-04 12:10:06 Clique enviado no botao de adicionar ativo nas coordenadas (415, 32).
2026-06-04 12:10:07 Clique enviado no botao de adicionar ativo nas coordenadas (415, 36).
2026-06-04 12:10:08 Clique enviado no botao de adicionar ativo nas coordenadas (423, 32).
2026-06-04 12:10:09 Clique enviado no botao de adicionar ativo nas coordenadas (423, 36).
2026-06-04 12:10:10 Clique enviado no botao de adicionar ativo nas coordenadas (431, 32).
2026-06-04 12:10:11 Clique enviado no botao de adicionar ativo nas coordenadas (431, 36).
2026-06-04 12:10:12 Clique enviado no botao de adicionar ativo nas coordenadas (439, 32).
2026-06-04 12:10:13 Clique enviado no botao de adicionar ativo nas coordenadas (439, 36).
2026-06-04 12:10:14 Nao consegui abrir o seletor de ativos pelo botao +.
2026-06-04 12:10:14 Falha ao abrir a busca de ativo pelo botao de adicionar.
2026-06-04 12:10:14 Traderoom sem splash detectada (1/3).
2026-06-04 12:10:16 Traderoom sem splash detectada (2/3).
2026-06-04 12:10:18 Traderoom sem splash detectada (3/3).
2026-06-04 12:10:22 Traderoom operacional detectada.
2026-06-04 12:10:22 Popup de salvar senha nao apareceu ou nao foi identificado.
2026-06-04 12:10:25 Janela do console minimizada para liberar a captura da tela.
2026-06-04 12:10:28 Screenshot capturada pelo Playwright com conteudo visivel.
2026-06-04 12:10:29 Analise visual salva em C:\Users\User\AppData\Roaming\MetaQuotes\Terminal\9DE44EFC77A6A3ABBD348AFCCFB49D70\MQL5\Experts\OpBinBridge\logs\playwright_probe
2026-06-04 12:10:29 Deteccao visual direita: up=(341, 323, 110, 110) down=(341, 439, 110, 110) payout=(88, 13, 337, 292)
2026-06-04 12:10:29 OCR botoes/payout: up=['ACIMA'] down=['ABAIXO', 'T.'] payout=['+88', '+S1.76', '88', '+'] payout_num=88.0
2026-06-04 12:10:29 Traderoom confirmada. Ativo atual: desconhecido
2026-06-04 12:10:29 Mercado operavel agora: SIM
2026-06-04 12:10:29 Payout detectado: 88.00%
2026-06-04 12:10:29 Payout acima de 80%: SIM
2026-06-04 12:10:29 Fluxo de login finalizado. URL atual: https://iqoption.com/traderoom
2026-06-04 12:14:14 Pagina de login ja aberta: https://login.iqoption.com/pt/login?redirect_url=traderoom
2026-06-04 12:14:14 Pagina de login detectada. Tentando autenticar automaticamente...
2026-06-04 12:14:16 Inputs visiveis detectados: 0
2026-06-04 12:14:16 Campos de login nao encontrados automaticamente.
2026-06-04 12:14:16 Traderoom sem splash detectada (1/3).
2026-06-04 12:14:18 Traderoom sem splash detectada (2/3).
2026-06-04 12:14:20 Traderoom sem splash detectada (3/3).
2026-06-04 12:14:24 Traderoom operacional detectada.
2026-06-04 12:14:29 7 abas detectadas no topo. Fechando sempre a segunda aba da esquerda ate sobrar uma.
2026-06-04 12:14:29 Tentativa 1.1: clique para fechar 'USD/BRL (O...' em (386, 28).
2026-06-04 12:14:32 Quantidade de abas apos fechamento: 6
2026-06-04 12:14:32 Tentativa 2.1: clique para fechar 'USD/ARS (O..' em (387, 28).
2026-06-04 12:14:34 Quantidade de abas apos fechamento: 5
2026-06-04 12:14:34 Tentativa 3.1: clique para fechar 'Cafe (OTC)' em (386, 26).
2026-06-04 12:14:37 Quantidade de abas apos fechamento: 4
2026-06-04 12:14:37 Tentativa 4.1: clique para fechar 'EUR/USD (O...' em (358, 28).
2026-06-04 12:14:39 Tentativa 4.2: clique para fechar 'EUR/USD (O...' em (362, 28).
2026-06-04 12:14:41 Tentativa 4.3: clique para fechar 'EUR/USD (O...' em (366, 28).
2026-06-04 12:14:43 Tentativa 4.4: clique para fechar 'EUR/USD (O...' em (370, 28).
2026-06-04 12:14:46 Tentativa 4.5: clique para fechar 'EUR/USD (O...' em (374, 28).
2026-06-04 12:14:48 Quantidade de abas apos fechamento: 3
2026-06-04 12:14:48 Tentativa 5.1: clique para fechar 'EUR/USD (O...' em (358, 28).
2026-06-04 12:14:50 Tentativa 5.2: clique para fechar 'EUR/USD (O...' em (362, 28).
2026-06-04 12:14:53 Tentativa 5.3: clique para fechar 'EUR/USD (O...' em (366, 28).
2026-06-04 12:14:55 Tentativa 5.4: clique para fechar 'EUR/USD (O...' em (370, 28).
2026-06-04 12:14:57 Tentativa 5.5: clique para fechar 'EUR/USD (O...' em (374, 28).
2026-06-04 12:14:59 Tentativa 5.6: clique para fechar 'EUR/USD (O...' em (362, 31).
2026-06-04 12:15:01 Tentativa 5.7: clique para fechar 'EUR/USD (O...' em (366, 31).
2026-06-04 12:15:04 Tentativa 5.8: clique para fechar 'EUR/USD (O...' em (370, 31).
2026-06-04 12:15:06 A segunda aba nao fechou nessa iteracao; recapturando antes de tentar de novo.
2026-06-04 12:15:07 Tentativa 6.1: clique para fechar 'EUR/USD (O...' em (358, 28).
2026-06-04 12:15:09 Tentativa 6.2: clique para fechar 'EUR/USD (O...' em (362, 28).
2026-06-04 12:15:10 Tentativa 6.3: clique para fechar 'EUR/USD (O...' em (366, 28).
2026-06-04 12:16:42 Pagina de login ja aberta: https://login.iqoption.com/pt/login?redirect_url=traderoom
2026-06-04 12:16:42 Pagina de login detectada. Tentando autenticar automaticamente...
2026-06-04 12:16:44 Inputs visiveis detectados: 0
2026-06-04 12:16:44 Campos de login nao encontrados automaticamente.
2026-06-04 12:16:44 Traderoom ainda em splash/conectando; aguardando...
2026-06-04 12:16:46 Traderoom sem splash detectada (1/3).
2026-06-04 12:16:48 Traderoom sem splash detectada (2/3).
2026-06-04 12:16:50 Traderoom sem splash detectada (3/3).
2026-06-04 12:16:54 Traderoom operacional detectada.
2026-06-04 12:16:59 8 abas detectadas no topo. Fechando sempre a segunda aba da esquerda ate sobrar uma.
2026-06-04 12:16:59 Tentativa 1.1: clique para fechar 'EUR/USD (O...' em (415, 28).
2026-06-04 12:17:02 Tentativa 1.2: clique para fechar 'EUR/USD (O...' em (419, 28).
2026-06-04 12:17:04 Tentativa 1.3: clique para fechar 'EUR/USD (O...' em (423, 28).
2026-06-04 12:17:06 Tentativa 1.4: clique para fechar 'EUR/USD (O...' em (415, 31).
2026-06-04 12:17:09 Tentativa 1.5: clique para fechar 'EUR/USD (O...' em (419, 31).
2026-06-04 12:17:11 Tentativa 1.6: clique para fechar 'EUR/USD (O...' em (423, 31).
2026-06-04 12:17:13 Tentativa 1.7: clique para fechar 'EUR/USD (O...' em (427, 28).
2026-06-04 12:17:16 Tentativa 1.8: clique para fechar 'EUR/USD (O...' em (427, 31).
2026-06-04 12:17:18 A segunda aba nao fechou nessa iteracao; recapturando antes de tentar de novo.
2026-06-04 12:17:20 Tentativa 2.1: clique para fechar 'EUR/USD (O..' em (415, 26).
2026-06-04 12:17:22 Tentativa 2.2: clique para fechar 'EUR/USD (O..' em (419, 26).
2026-06-04 12:17:24 Quantidade de abas apos fechamento: 8
2026-06-04 12:17:24 Tentativa 3.1: clique para fechar 'EUR/USD (O..' em (415, 26).
2026-06-04 12:17:26 Tentativa 3.2: clique para fechar 'EUR/USD (O..' em (419, 26).
2026-06-04 12:17:28 Tentativa 3.3: clique para fechar 'EUR/USD (O..' em (423, 26).
2026-06-04 12:17:30 Tentativa 3.4: clique para fechar 'EUR/USD (O..' em (415, 29).
2026-06-04 12:17:33 Tentativa 3.5: clique para fechar 'EUR/USD (O..' em (419, 29).
2026-06-04 12:17:35 Tentativa 3.6: clique para fechar 'EUR/USD (O..' em (423, 29).
2026-06-04 12:17:37 Tentativa 3.7: clique para fechar 'EUR/USD (O..' em (427, 26).
2026-06-04 12:17:39 Tentativa 3.8: clique para fechar 'EUR/USD (O..' em (427, 29).
2026-06-04 12:17:41 A segunda aba nao fechou nessa iteracao; recapturando antes de tentar de novo.
2026-06-04 12:18:26 Pagina de login ja aberta: https://login.iqoption.com/pt/login?redirect_url=traderoom
2026-06-04 12:18:26 Pagina de login detectada. Tentando autenticar automaticamente...
2026-06-04 12:18:27 Inputs visiveis detectados: 0
2026-06-04 12:18:28 Campos de login nao encontrados automaticamente.
2026-06-04 12:18:28 Traderoom ainda em splash/conectando; aguardando...
2026-06-04 12:18:30 Traderoom ainda em splash/conectando; aguardando...
2026-06-04 12:18:32 Traderoom ainda em splash/conectando; aguardando...
2026-06-04 12:18:34 Traderoom sem splash detectada (1/3).
2026-06-04 12:18:36 Traderoom sem splash detectada (2/3).
2026-06-04 12:18:38 Traderoom sem splash detectada (3/3).
2026-06-04 12:18:42 Traderoom operacional detectada.
2026-06-04 12:18:47 9 abas detectadas no topo. Fechando sempre a segunda aba da esquerda ate sobrar uma.
2026-06-04 12:18:47 Tentativa 1.1: clique para fechar 'EUR/USD (O..' em (373, 26).
2026-06-04 12:18:50 Quantidade de abas apos fechamento: 7
2026-06-04 12:18:50 Tentativa 2.1: clique para fechar 'Cafe(OTC)' em (387, 28).
2026-06-04 12:18:52 Quantidade de abas apos fechamento: 6
2026-06-04 12:18:52 Tentativa 3.1: clique para fechar 'USD/SAR (O...' em (387, 28).
2026-06-04 12:18:55 Tentativa 3.2: clique para fechar 'USD/SAR (O...' em (391, 28).
2026-06-04 12:18:57 Quantidade de abas apos fechamento: 4
2026-06-04 12:18:57 Tentativa 4.1: clique para fechar 'XAUUSD(OT..' em (387, 28).
2026-06-04 12:18:59 Tentativa 4.2: clique para fechar 'XAUUSD(OT..' em (391, 28).
2026-06-04 12:19:01 Tentativa 4.3: clique para fechar 'XAUUSD(OT..' em (395, 28).
2026-06-04 12:19:03 Quantidade de abas apos fechamento: 3
2026-06-04 12:19:03 Tentativa 5.1: clique para fechar 'AUD/JPY (O..' em (387, 28).
2026-06-04 12:19:05 Quantidade de abas apos fechamento: 2
2026-06-04 12:19:05 Tentativa 6.1: clique para fechar 'S' em (1730, 35).
2026-06-04 12:19:07 Tentativa 6.2: clique para fechar 'S' em (1734, 35).
2026-06-04 12:19:09 Quantidade de abas apos fechamento: 1
2026-06-04 12:19:12 Abas restantes apos limpeza: ['GBP/USD']
2026-06-04 12:19:12 Clique enviado no botao de adicionar ativo nas coordenadas (399, 37).
2026-06-04 12:19:13 Clique enviado no botao de adicionar ativo nas coordenadas (399, 44).
2026-06-04 12:19:14 Clique enviado no botao de adicionar ativo nas coordenadas (407, 37).
2026-06-04 12:19:15 Clique enviado no botao de adicionar ativo nas coordenadas (407, 44).
2026-06-04 12:19:16 Clique enviado no botao de adicionar ativo nas coordenadas (415, 37).
2026-06-04 12:19:16 Clique enviado no botao de adicionar ativo nas coordenadas (415, 44).
2026-06-04 12:19:17 Clique enviado no botao de adicionar ativo nas coordenadas (423, 37).
2026-06-04 12:19:18 Clique enviado no botao de adicionar ativo nas coordenadas (423, 44).
2026-06-04 12:19:19 Clique enviado no botao de adicionar ativo nas coordenadas (431, 37).
2026-06-04 12:19:20 Clique enviado no botao de adicionar ativo nas coordenadas (431, 44).
2026-06-04 12:19:21 Clique enviado no botao de adicionar ativo nas coordenadas (439, 37).
2026-06-04 12:19:22 Clique enviado no botao de adicionar ativo nas coordenadas (439, 44).
2026-06-04 12:19:23 Nao consegui abrir o seletor de ativos pelo botao +.
2026-06-04 12:19:23 Falha ao abrir a busca de ativo pelo botao de adicionar.
2026-06-04 12:19:23 Traderoom sem splash detectada (1/3).
2026-06-04 12:19:25 Traderoom sem splash detectada (2/3).
2026-06-04 12:19:27 Traderoom sem splash detectada (3/3).
2026-06-04 12:19:31 Traderoom operacional detectada.
2026-06-04 12:19:31 Popup de salvar senha nao apareceu ou nao foi identificado.
2026-06-04 12:19:34 Janela do console minimizada para liberar a captura da tela.
2026-06-04 12:19:37 Screenshot capturada pelo Playwright com conteudo visivel.
2026-06-04 12:19:38 Analise visual salva em C:\Users\User\AppData\Roaming\MetaQuotes\Terminal\9DE44EFC77A6A3ABBD348AFCCFB49D70\MQL5\Experts\OpBinBridge\logs\playwright_probe
2026-06-04 12:19:38 Deteccao visual direita: up=(341, 322, 110, 110) down=(341, 440, 110, 110) payout=(88, 13, 337, 291)
2026-06-04 12:19:38 OCR botoes/payout: up=['ACIMA'] down=['ABAIXO'] payout=['86', '+', '+S0.86'] payout_num=86.0
2026-06-04 12:19:38 Traderoom confirmada. Ativo atual: desconhecido
2026-06-04 12:19:38 Mercado operavel agora: SIM
2026-06-04 12:19:38 Payout detectado: 86.00%
2026-06-04 12:19:38 Payout acima de 80%: SIM
2026-06-04 12:19:38 Fluxo de login finalizado. URL atual: https://iqoption.com/traderoom
2026-06-04 12:22:01 Pagina de login ja aberta: https://login.iqoption.com/pt/login?redirect_url=traderoom
2026-06-04 12:22:01 Pagina de login detectada. Tentando autenticar automaticamente...
2026-06-04 12:22:03 Inputs visiveis detectados: 0
2026-06-04 12:22:03 Campos de login nao encontrados automaticamente.
2026-06-04 12:22:03 Traderoom sem splash detectada (1/3).
2026-06-04 12:22:05 Traderoom sem splash detectada (2/3).
2026-06-04 12:22:07 Traderoom sem splash detectada (3/3).
2026-06-04 12:22:11 Traderoom operacional detectada.
2026-06-04 12:22:16 Apenas uma aba de ativo detectada; nada para fechar.
2026-06-04 12:22:16 Clique enviado no botao de adicionar ativo nas coordenadas (399, 37).
2026-06-04 12:22:17 Clique enviado no botao de adicionar ativo nas coordenadas (399, 44).
2026-06-04 12:22:18 Clique enviado no botao de adicionar ativo nas coordenadas (407, 37).
2026-06-04 12:22:19 Clique enviado no botao de adicionar ativo nas coordenadas (407, 44).
2026-06-04 12:22:20 Clique enviado no botao de adicionar ativo nas coordenadas (415, 37).
2026-06-04 12:22:21 Clique enviado no botao de adicionar ativo nas coordenadas (415, 44).
2026-06-04 12:22:22 Clique enviado no botao de adicionar ativo nas coordenadas (423, 37).
2026-06-04 12:22:23 Clique enviado no botao de adicionar ativo nas coordenadas (423, 44).
2026-06-04 12:22:23 Clique enviado no botao de adicionar ativo nas coordenadas (431, 37).
2026-06-04 12:22:24 Clique enviado no botao de adicionar ativo nas coordenadas (431, 44).
2026-06-04 12:22:25 Clique enviado no botao de adicionar ativo nas coordenadas (439, 37).
2026-06-04 12:22:26 Clique enviado no botao de adicionar ativo nas coordenadas (439, 44).
2026-06-04 12:22:27 Nao consegui abrir o seletor de ativos pelo botao +.
2026-06-04 12:22:27 Falha ao abrir a busca de ativo pelo botao de adicionar.
2026-06-04 12:22:27 Traderoom sem splash detectada (1/3).
2026-06-04 12:22:29 Traderoom sem splash detectada (2/3).
2026-06-04 12:22:31 Traderoom sem splash detectada (3/3).
2026-06-04 12:22:35 Traderoom operacional detectada.
2026-06-04 12:22:35 Popup de salvar senha nao apareceu ou nao foi identificado.
2026-06-04 12:22:38 Janela do console minimizada para liberar a captura da tela.
2026-06-04 12:22:41 Screenshot capturada pelo Playwright com conteudo visivel.
2026-06-04 12:22:45 Analise visual salva em C:\Users\User\AppData\Roaming\MetaQuotes\Terminal\9DE44EFC77A6A3ABBD348AFCCFB49D70\MQL5\Experts\OpBinBridge\logs\playwright_probe
2026-06-04 12:22:45 Deteccao visual direita: up=(341, 322, 110, 110) down=(0, 440, 451, 110) payout=(88, 13, 337, 291)
2026-06-04 12:22:45 OCR botoes/payout: up=['ACIMA'] down=['1.343770', 'MV', 'ABAIXO', '1.8437701'] payout=['86', '+', '+S0.86'] payout_num=86.0
2026-06-04 12:22:45 Traderoom confirmada. Ativo atual: desconhecido
2026-06-04 12:22:45 Mercado operavel agora: SIM
2026-06-04 12:22:45 Payout detectado: 86.00%
2026-06-04 12:22:45 Payout acima de 80%: SIM
2026-06-04 12:22:45 Fluxo de login finalizado. URL atual: https://iqoption.com/traderoom
2026-06-04 12:24:13 Pagina de login ja aberta: https://login.iqoption.com/pt/login?redirect_url=traderoom
2026-06-04 12:24:13 Pagina de login detectada. Tentando autenticar automaticamente...
2026-06-04 12:24:15 Inputs visiveis detectados: 0
2026-06-04 12:24:15 Campos de login nao encontrados automaticamente.
2026-06-04 12:24:15 Traderoom ainda em splash/conectando; aguardando...
2026-06-04 12:24:17 Traderoom ainda em splash/conectando; aguardando...
2026-06-04 12:24:19 Traderoom ainda em splash/conectando; aguardando...
2026-06-04 12:24:21 Traderoom sem splash detectada (1/3).
2026-06-04 12:24:23 Traderoom sem splash detectada (2/3).
2026-06-04 12:24:25 Traderoom sem splash detectada (3/3).
2026-06-04 12:24:29 Traderoom operacional detectada.
2026-06-04 12:24:35 6 abas detectadas no topo. Fechando sempre a segunda aba da esquerda ate sobrar uma.
2026-06-04 12:24:35 Tentativa 1.1: clique para fechar 'USD/BRL (O...' em (387, 28).
2026-06-04 12:24:37 Tentativa 1.2: clique para fechar 'USD/BRL (O...' em (391, 28).
2026-06-04 12:24:39 Quantidade de abas apos fechamento: 5
2026-06-04 12:24:39 Tentativa 2.1: clique para fechar 'AUD/JPY (O...' em (388, 28).
2026-06-04 12:24:42 Quantidade de abas apos fechamento: 4
2026-06-04 12:24:42 Tentativa 3.1: clique para fechar 'Cafe (OTC)' em (387, 26).
2026-06-04 12:24:44 Quantidade de abas apos fechamento: 3
2026-06-04 12:24:44 Tentativa 4.1: clique para fechar 'SOL/USD (O...' em (387, 28).
2026-06-04 12:24:46 Quantidade de abas apos fechamento: 2
2026-06-04 12:24:46 Tentativa 5.1: clique para fechar 'US500 (0TC)' em (387, 28).
2026-06-04 12:24:48 Tentativa 5.2: clique para fechar 'US500 (0TC)' em (391, 28).
2026-06-04 12:24:51 Tentativa 5.3: clique para fechar 'US500 (0TC)' em (395, 28).
2026-06-04 12:24:53 Tentativa 5.4: clique para fechar 'US500 (0TC)' em (399, 28).
2026-06-04 12:24:56 Tentativa 5.5: clique para fechar 'US500 (0TC)' em (403, 28).
2026-06-04 12:24:58 Tentativa 5.6: clique para fechar 'US500 (0TC)' em (391, 31).
2026-06-04 12:25:00 Tentativa 5.7: clique para fechar 'US500 (0TC)' em (395, 31).
2026-06-04 12:25:02 Tentativa 5.8: clique para fechar 'US500 (0TC)' em (399, 31).
2026-06-04 12:25:05 A segunda aba nao fechou nessa iteracao; recapturando antes de tentar de novo.
2026-06-04 12:25:10 Abas restantes apos limpeza: ['GBP/USD']
2026-06-04 12:25:10 Clique enviado no botao de adicionar ativo nas coordenadas (399, 37).
2026-06-04 12:25:12 Clique enviado no botao de adicionar ativo nas coordenadas (399, 44).
2026-06-04 12:25:15 Clique enviado em opcao Opções nas coordenadas (482, 155).
2026-06-04 12:25:16 Clique enviado na opcao 'Opções' via OCR.
2026-06-04 12:25:16 Clique enviado no botao de adicionar ativo nas coordenadas (407, 37).
2026-06-04 12:25:18 Clique enviado no botao de adicionar ativo nas coordenadas (407, 44).
2026-06-04 12:25:22 Clique enviado em opcao Opções nas coordenadas (482, 155).
2026-06-04 12:25:23 Clique enviado na opcao 'Opções' via OCR.
2026-06-04 12:25:23 Clique enviado no botao de adicionar ativo nas coordenadas (415, 37).
2026-06-04 12:25:25 Clique enviado no botao de adicionar ativo nas coordenadas (415, 44).
2026-06-04 12:25:27 Clique enviado em opcao Opções nas coordenadas (482, 155).
2026-06-04 12:25:28 Clique enviado na opcao 'Opções' via OCR.
2026-06-04 12:25:28 Clique enviado no botao de adicionar ativo nas coordenadas (423, 37).
2026-06-04 12:25:30 Clique enviado no botao de adicionar ativo nas coordenadas (423, 44).
2026-06-04 12:25:32 Clique enviado em opcao Opções nas coordenadas (482, 155).
2026-06-04 12:25:33 Clique enviado na opcao 'Opções' via OCR.
2026-06-04 12:25:33 Clique enviado no botao de adicionar ativo nas coordenadas (431, 37).
2026-06-04 12:25:36 Clique enviado no botao de adicionar ativo nas coordenadas (431, 44).
2026-06-04 12:25:39 Clique enviado em opcao Opções nas coordenadas (482, 155).
2026-06-04 12:25:40 Clique enviado na opcao 'Opções' via OCR.
2026-06-04 12:25:40 Clique enviado no botao de adicionar ativo nas coordenadas (439, 37).
2026-06-04 12:25:42 Clique enviado no botao de adicionar ativo nas coordenadas (439, 44).
2026-06-04 12:25:45 Clique enviado em opcao Opções nas coordenadas (482, 155).
2026-06-04 12:25:46 Clique enviado na opcao 'Opções' via OCR.
2026-06-04 12:25:46 Nao consegui abrir o seletor de ativos pelo botao +.
2026-06-04 12:25:46 Falha ao abrir a busca de ativo pelo botao de adicionar.
2026-06-04 12:25:46 Traderoom sem splash detectada (1/3).
2026-06-04 12:25:48 Traderoom sem splash detectada (2/3).
2026-06-04 12:25:50 Traderoom sem splash detectada (3/3).
2026-06-04 12:25:54 Traderoom operacional detectada.
2026-06-04 12:25:54 Popup de salvar senha nao apareceu ou nao foi identificado.
2026-06-04 12:25:57 Janela do console minimizada para liberar a captura da tela.
2026-06-04 12:26:00 Screenshot capturada pelo Playwright com conteudo visivel.
2026-06-04 12:26:02 Analise visual salva em C:\Users\User\AppData\Roaming\MetaQuotes\Terminal\9DE44EFC77A6A3ABBD348AFCCFB49D70\MQL5\Experts\OpBinBridge\logs\playwright_probe
2026-06-04 12:26:02 Deteccao visual direita: up=(341, 322, 110, 110) down=(341, 440, 110, 110) payout=(88, 13, 337, 291)
2026-06-04 12:26:02 OCR botoes/payout: up=['ACIMA'] down=['ABAIXO'] payout=['86', '+', '+S0.86'] payout_num=86.0
2026-06-04 12:26:02 Traderoom confirmada. Ativo atual: desconhecido
2026-06-04 12:26:02 Mercado operavel agora: SIM
2026-06-04 12:26:02 Payout detectado: 86.00%
2026-06-04 12:26:02 Payout acima de 80%: SIM
2026-06-04 12:26:02 Fluxo de login finalizado. URL atual: https://iqoption.com/traderoom
2026-06-04 12:27:27 Pagina de login ja aberta: https://login.iqoption.com/pt/login?redirect_url=traderoom
2026-06-04 12:27:27 Pagina de login detectada. Tentando autenticar automaticamente...
2026-06-04 12:27:28 Inputs visiveis detectados: 0
2026-06-04 12:27:28 Campos de login nao encontrados automaticamente.
2026-06-04 12:27:28 Traderoom ainda em splash/conectando; aguardando...
2026-06-04 12:27:30 Traderoom ainda em splash/conectando; aguardando...
2026-06-04 12:27:32 Traderoom sem splash detectada (1/3).
2026-06-04 12:27:34 Traderoom sem splash detectada (2/3).
2026-06-04 12:27:36 Traderoom sem splash detectada (3/3).
2026-06-04 12:27:40 Traderoom operacional detectada.
2026-06-04 12:27:46 8 abas detectadas no topo. Fechando sempre a segunda aba da esquerda ate sobrar uma.
2026-06-04 12:27:46 Tentativa 1.1: clique para fechar 'Terra Classi...' em (506, 28).
2026-06-04 12:27:48 Tentativa 1.2: clique para fechar 'Terra Classi...' em (510, 28).
2026-06-04 12:27:51 Tentativa 1.3: clique para fechar 'Terra Classi...' em (514, 28).
2026-06-04 12:27:53 Tentativa 1.4: clique para fechar 'Terra Classi...' em (518, 28).
2026-06-04 12:27:55 Tentativa 1.5: clique para fechar 'Terra Classi...' em (522, 28).
2026-06-04 12:27:58 Tentativa 1.6: clique para fechar 'Terra Classi...' em (510, 31).
2026-06-04 12:28:00 Tentativa 1.7: clique para fechar 'Terra Classi...' em (514, 31).
2026-06-04 12:28:02 Tentativa 1.8: clique para fechar 'Terra Classi...' em (518, 31).
2026-06-04 12:28:04 A segunda aba nao fechou nessa iteracao; recapturando antes de tentar de novo.
2026-06-04 12:28:06 Tentativa 2.1: clique para fechar 'USD/SAR (O...' em (387, 28).
2026-06-04 12:28:08 Quantidade de abas apos fechamento: 7
2026-06-04 12:28:08 Tentativa 3.1: clique para fechar 'USD/BRL (O...' em (387, 28).
2026-06-04 12:28:11 Quantidade de abas apos fechamento: 6
2026-06-04 12:28:11 Tentativa 4.1: clique para fechar 'EUR/GBP' em (387, 28).
2026-06-04 12:28:13 Quantidade de abas apos fechamento: 5
2026-06-04 12:28:13 Tentativa 5.1: clique para fechar 'EUR/USD (O...' em (387, 28).
2026-06-04 12:28:15 Tentativa 5.2: clique para fechar 'EUR/USD (O...' em (391, 28).
2026-06-04 12:28:17 Quantidade de abas apos fechamento: 4
2026-06-04 12:28:17 Tentativa 6.1: clique para fechar 'XAUUSD (OT...' em (387, 28).
2026-06-04 12:28:19 Quantidade de abas apos fechamento: 3
2026-06-04 12:28:19 Tentativa 7.1: clique para fechar 'Terra Classi...' em (388, 28).
2026-06-04 12:28:21 Quantidade de abas apos fechamento: 1
2026-06-04 12:28:23 Abas restantes apos limpeza: ['GBP/USD']
2026-06-04 12:28:23 Clique enviado no botao de adicionar ativo nas coordenadas (399, 37).
2026-06-04 12:28:27 Clique enviado em opcao Opções nas coordenadas (482, 155).
2026-06-04 12:28:27 Clique enviado na opcao 'Opções' via OCR.
2026-06-04 12:28:30 Clique enviado em opcao Binárias nas coordenadas (485, 261).
2026-06-04 12:28:31 Clique enviado na opcao 'Binárias' via OCR.
2026-06-04 12:28:31 Clique enviado no botao de adicionar ativo nas coordenadas (399, 44).
2026-06-04 12:28:33 Clique enviado no botao de adicionar ativo nas coordenadas (407, 37).
2026-06-04 12:28:36 Clique enviado em opcao Opções nas coordenadas (482, 155).
2026-06-04 12:28:37 Clique enviado na opcao 'Opções' via OCR.
2026-06-04 12:28:39 Clique enviado em opcao Binárias nas coordenadas (485, 261).
2026-06-04 12:28:40 Clique enviado na opcao 'Binárias' via OCR.
2026-06-04 12:28:40 Clique enviado no botao de adicionar ativo nas coordenadas (407, 44).
2026-06-04 12:28:42 Clique enviado no botao de adicionar ativo nas coordenadas (415, 37).
2026-06-04 12:28:45 Clique enviado em opcao Opções nas coordenadas (482, 155).
2026-06-04 12:28:46 Clique enviado na opcao 'Opções' via OCR.
2026-06-04 12:28:48 Clique enviado em opcao Binárias nas coordenadas (485, 261).
2026-06-04 12:28:49 Clique enviado na opcao 'Binárias' via OCR.
2026-06-04 12:28:49 Clique enviado no botao de adicionar ativo nas coordenadas (415, 44).
2026-06-04 12:28:52 Clique enviado no botao de adicionar ativo nas coordenadas (423, 37).
2026-06-04 12:28:55 Clique enviado em opcao Opções nas coordenadas (482, 155).
2026-06-04 12:28:56 Clique enviado na opcao 'Opções' via OCR.
2026-06-04 12:28:58 Clique enviado em opcao Binárias nas coordenadas (485, 261).
2026-06-04 12:28:59 Clique enviado na opcao 'Binárias' via OCR.
2026-06-04 12:28:59 Clique enviado no botao de adicionar ativo nas coordenadas (423, 44).
2026-06-04 12:29:02 Clique enviado no botao de adicionar ativo nas coordenadas (431, 37).
2026-06-04 12:29:05 Clique enviado em opcao Opções nas coordenadas (482, 155).
2026-06-04 12:29:05 Clique enviado na opcao 'Opções' via OCR.
2026-06-04 12:29:08 Clique enviado em opcao Binárias nas coordenadas (485, 261).
2026-06-04 12:29:09 Clique enviado na opcao 'Binárias' via OCR.
2026-06-04 12:29:09 Clique enviado no botao de adicionar ativo nas coordenadas (431, 44).
2026-06-04 12:29:11 Clique enviado no botao de adicionar ativo nas coordenadas (439, 37).
2026-06-04 12:29:14 Clique enviado em opcao Opções nas coordenadas (482, 155).
2026-06-04 12:29:15 Clique enviado na opcao 'Opções' via OCR.
2026-06-04 12:29:17 Clique enviado em opcao Binárias nas coordenadas (485, 261).
2026-06-04 12:29:18 Clique enviado na opcao 'Binárias' via OCR.
2026-06-04 12:29:18 Clique enviado no botao de adicionar ativo nas coordenadas (439, 44).
2026-06-04 12:29:21 Nao consegui abrir o seletor de ativos pelo botao +.
2026-06-04 12:29:21 Falha ao abrir a busca de ativo pelo botao de adicionar.
2026-06-04 12:29:21 Traderoom sem splash detectada (1/3).
2026-06-04 12:30:54 Pagina de login ja aberta: https://login.iqoption.com/pt/login?redirect_url=traderoom
2026-06-04 12:30:54 Pagina de login detectada. Tentando autenticar automaticamente...
2026-06-04 12:30:56 Inputs visiveis detectados: 0
2026-06-04 12:30:56 Campos de login nao encontrados automaticamente.
2026-06-04 12:30:56 Traderoom ainda em splash/conectando; aguardando...
2026-06-04 12:30:58 Traderoom ainda em splash/conectando; aguardando...
2026-06-04 12:31:00 Traderoom ainda em splash/conectando; aguardando...
2026-06-04 12:31:02 Traderoom sem splash detectada (1/3).
2026-06-04 12:31:04 Traderoom sem splash detectada (2/3).
2026-06-04 12:31:06 Traderoom sem splash detectada (3/3).
2026-06-04 12:31:10 Traderoom operacional detectada.
2026-06-04 12:31:15 2 abas detectadas no topo. Fechando sempre a segunda aba da esquerda ate sobrar uma.
2026-06-04 12:31:15 Tentativa 1.1: clique para fechar 'S' em (1730, 35).
2026-06-04 12:31:17 Tentativa 1.2: clique para fechar 'S' em (1734, 35).
2026-06-04 12:31:19 Tentativa 1.3: clique para fechar 'S' em (1738, 35).
2026-06-04 12:31:21 Quantidade de abas apos fechamento: 0
2026-06-04 12:31:24 Abas restantes apos limpeza: []
2026-06-04 12:31:24 Falha ao abrir a busca de ativo pelo botao de adicionar.
2026-06-04 12:31:24 Traderoom sem splash detectada (1/3).
2026-06-04 12:31:26 Traderoom sem splash detectada (2/3).
2026-06-04 12:31:28 Traderoom sem splash detectada (3/3).
2026-06-04 12:31:32 Traderoom operacional detectada.
2026-06-04 12:31:32 Popup de salvar senha nao apareceu ou nao foi identificado.
2026-06-04 12:31:35 Janela do console minimizada para liberar a captura da tela.
2026-06-04 12:31:37 Screenshot capturada pelo Playwright com conteudo visivel.
2026-06-04 12:31:39 Analise visual salva em C:\Users\User\AppData\Roaming\MetaQuotes\Terminal\9DE44EFC77A6A3ABBD348AFCCFB49D70\MQL5\Experts\OpBinBridge\logs\playwright_probe
2026-06-04 12:31:39 Deteccao visual direita: up=(341, 322, 110, 110) down=(341, 440, 110, 110) payout=(88, 13, 337, 291)
2026-06-04 12:31:39 OCR botoes/payout: up=['ACIMA'] down=['ABAIXO'] payout=['86', '+', '+S0.86'] payout_num=86.0
2026-06-04 12:31:39 Traderoom confirmada. Ativo atual: desconhecido
2026-06-04 12:31:39 Mercado operavel agora: SIM
2026-06-04 12:31:39 Payout detectado: 86.00%
2026-06-04 12:31:39 Payout acima de 80%: SIM
2026-06-04 12:31:39 Fluxo de login finalizado. URL atual: https://iqoption.com/traderoom
2026-06-04 12:33:10 Pagina de login ja aberta: https://login.iqoption.com/pt/login?redirect_url=traderoom
2026-06-04 12:33:10 Pagina de login detectada. Tentando autenticar automaticamente...
2026-06-04 12:33:12 Inputs visiveis detectados: 0
2026-06-04 12:33:12 Campos de login nao encontrados automaticamente.
2026-06-04 12:33:12 Traderoom ainda em splash/conectando; aguardando...
2026-06-04 12:33:14 Traderoom ainda em splash/conectando; aguardando...
2026-06-04 12:33:16 Traderoom sem splash detectada (1/3).
2026-06-04 12:33:18 Traderoom sem splash detectada (2/3).
2026-06-04 12:33:20 Traderoom sem splash detectada (3/3).
2026-06-04 12:33:24 Traderoom operacional detectada.
2026-06-04 12:33:29 Apenas uma aba de ativo detectada; nada para fechar.
2026-06-04 12:33:29 Clique enviado no botao de adicionar ativo nas coordenadas (399, 37).
2026-06-04 12:33:33 Clique enviado em opcao Opções nas coordenadas (482, 155).
2026-06-04 12:33:34 Clique enviado na opcao 'Opções' via OCR.
2026-06-04 12:33:37 Clique enviado em opcao Binárias nas coordenadas (485, 261).
2026-06-04 12:33:38 Clique enviado na opcao 'Binárias' via OCR.
2026-06-04 12:33:40 Clique enviado em campo de busca de ativos nas coordenadas (760, 96).
2026-06-04 12:33:40 Campo de busca de ativos focado via OCR.
2026-06-04 12:33:40 Campo de busca do seletor de ativos detectado apos abrir 'Binárias'.
2026-06-04 12:33:42 Clique enviado em campo de busca de ativos nas coordenadas (747, 97).
2026-06-04 12:33:43 Campo de busca de ativos focado via OCR.
2026-06-04 12:33:43 Busca de ativo digitada por teclado: EURJPY
2026-06-04 12:33:46 Clique enviado em ativo alvo EUR/JPY nas coordenadas (716, 175).
2026-06-04 12:33:51 Selecao do ativo EUR/JPY: OK
2026-06-04 12:33:51 Traderoom sem splash detectada (1/3).
2026-06-04 12:33:53 Traderoom sem splash detectada (2/3).
2026-06-04 12:33:55 Traderoom sem splash detectada (3/3).
2026-06-04 12:33:59 Traderoom operacional detectada.
2026-06-04 12:33:59 Popup de salvar senha nao apareceu ou nao foi identificado.
2026-06-04 12:34:02 Janela do console minimizada para liberar a captura da tela.
2026-06-04 12:34:04 Screenshot capturada pelo Playwright com conteudo visivel.
2026-06-04 12:34:08 Analise visual salva em C:\Users\User\AppData\Roaming\MetaQuotes\Terminal\9DE44EFC77A6A3ABBD348AFCCFB49D70\MQL5\Experts\OpBinBridge\logs\playwright_probe
2026-06-04 12:34:08 Deteccao visual direita: up=(341, 322, 110, 110) down=(0, 103, 451, 497) payout=(88, 13, 337, 291)
2026-06-04 12:34:08 OCR botoes/payout: up=['ACIMA'] down=['Expiracao', '11:45', 'Lucro', '+84%', '186.00', '+$0.84', 'ACIMA', '185.9760', 'ABAIXO', 'Espracae', '0 11:45', 'Lucro 0', '+50.84', '1869760'] payout=['+849', '+S0.84', '84', '+'] payout_num=84.0
2026-06-04 12:34:08 Traderoom confirmada. Ativo atual: desconhecido
2026-06-04 12:34:08 Mercado operavel agora: SIM
2026-06-04 12:34:08 Payout detectado: 84.00%
2026-06-04 12:34:08 Payout acima de 80%: SIM
2026-06-04 12:34:08 Fluxo de login finalizado. URL atual: https://iqoption.com/traderoom
2026-06-04 12:35:55 Pagina de login ja aberta: https://login.iqoption.com/pt/login?redirect_url=traderoom
2026-06-04 12:35:55 Pagina de login detectada. Tentando autenticar automaticamente...
2026-06-04 12:35:56 Inputs visiveis detectados: 0
2026-06-04 12:35:56 Campos de login nao encontrados automaticamente.
2026-06-04 12:35:56 Traderoom sem splash detectada (1/3).
2026-06-04 12:35:58 Traderoom sem splash detectada (2/3).
2026-06-04 12:36:00 Traderoom sem splash detectada (3/3).
2026-06-04 12:36:04 Traderoom operacional detectada.
2026-06-04 12:36:09 2 abas detectadas no topo. Fechando sempre a segunda aba da esquerda ate sobrar uma.
2026-06-04 12:36:10 Tentativa 1.1: clique para fechar 'EUR/JPY' em (387, 27).
2026-06-04 12:36:12 Quantidade de abas apos fechamento: 1
2026-06-04 12:36:15 Abas restantes apos limpeza: ['GBP/USD']
2026-06-04 12:36:15 Clique enviado no botao de adicionar ativo nas coordenadas (399, 37).
2026-06-04 12:36:18 Clique enviado em opcao Opções nas coordenadas (482, 155).
2026-06-04 12:36:19 Clique enviado na opcao 'Opções' via OCR.
2026-06-04 12:36:21 Clique enviado em opcao Binárias nas coordenadas (485, 261).
2026-06-04 12:36:22 Clique enviado na opcao 'Binárias' via OCR.
2026-06-04 12:36:24 Clique enviado em campo de busca de ativos nas coordenadas (760, 96).
2026-06-04 12:36:25 Campo de busca de ativos focado via OCR.
2026-06-04 12:36:25 Campo de busca do seletor de ativos detectado apos abrir 'Binárias'.
2026-06-04 12:36:27 Clique enviado em campo de busca de ativos nas coordenadas (747, 97).
2026-06-04 12:36:27 Campo de busca de ativos focado via OCR.
2026-06-04 12:36:28 Busca de ativo digitada por teclado: EURJPY
2026-06-04 12:36:31 Clique enviado em ativo alvo EUR/JPY nas coordenadas (716, 221).
2026-06-04 12:36:35 Selecao do ativo EUR/JPY: OK
2026-06-04 12:36:37 Aporte digitado via OCR/teclado: 10
2026-06-04 12:36:38 Traderoom sem splash detectada (1/3).
2026-06-04 12:36:40 Traderoom sem splash detectada (2/3).
2026-06-04 12:36:42 Traderoom sem splash detectada (3/3).
2026-06-04 12:36:46 Traderoom operacional detectada.
2026-06-04 12:36:46 Popup de salvar senha nao apareceu ou nao foi identificado.
2026-06-04 12:36:49 Janela do console minimizada para liberar a captura da tela.
2026-06-04 12:36:51 Screenshot capturada pelo Playwright com conteudo visivel.
2026-06-04 12:36:53 Analise visual salva em C:\Users\User\AppData\Roaming\MetaQuotes\Terminal\9DE44EFC77A6A3ABBD348AFCCFB49D70\MQL5\Experts\OpBinBridge\logs\playwright_probe
2026-06-04 12:36:53 Deteccao visual direita: up=(341, 322, 110, 110) down=(331, 440, 120, 110) payout=(88, 13, 337, 291)
2026-06-04 12:36:53 OCR botoes/payout: up=['ACIMA'] down=['ABAIXO'] payout=['%', 'Lucro', 'ante', '84', '08:00', '23:00', '+S8.40'] payout_num=84.0
2026-06-04 12:36:53 Traderoom confirmada. Ativo atual: desconhecido
2026-06-04 12:36:53 Mercado operavel agora: SIM
2026-06-04 12:36:54 Payout detectado: 84.00%
2026-06-04 12:36:54 Payout acima de 80%: SIM
2026-06-04 12:36:54 Fluxo de login finalizado. URL atual: https://iqoption.com/traderoom
2026-06-04 12:40:44 Pagina de login ja aberta: https://login.iqoption.com/pt/login?redirect_url=traderoom
2026-06-04 12:40:44 Pagina de login detectada. Tentando autenticar automaticamente...
2026-06-04 12:40:46 Inputs visiveis detectados: 0
2026-06-04 12:40:46 Campos de login nao encontrados automaticamente.
2026-06-04 12:40:46 Traderoom sem splash detectada (1/3).
2026-06-04 12:40:48 Traderoom sem splash detectada (2/3).
2026-06-04 12:40:50 Traderoom sem splash detectada (3/3).
2026-06-04 12:40:54 Traderoom operacional detectada.
2026-06-04 12:40:59 3 abas detectadas no topo. Fechando sempre a segunda aba da esquerda ate sobrar uma.
2026-06-04 12:40:59 Tentativa 1.1: clique para fechar 'EUR/JPY' em (387, 28).
2026-06-04 12:41:01 Quantidade de abas apos fechamento: 2
2026-06-04 12:41:01 Tentativa 2.1: clique para fechar 'GBP/USD' em (387, 28).
2026-06-04 12:41:04 Quantidade de abas apos fechamento: 1
2026-06-04 12:41:07 Abas restantes apos limpeza: ['GBP/USD']
2026-06-04 12:41:07 Clique enviado no botao de adicionar ativo nas coordenadas (399, 37).
2026-06-04 12:41:10 Clique enviado em opcao Opções nas coordenadas (482, 155).
2026-06-04 12:41:11 Clique enviado na opcao 'Opções' via OCR.
2026-06-04 12:41:14 Clique enviado em opcao Binárias nas coordenadas (485, 261).
2026-06-04 12:41:14 Clique enviado na opcao 'Binárias' via OCR.
2026-06-04 12:41:16 Clique enviado em campo de busca de ativos nas coordenadas (760, 96).
2026-06-04 12:41:17 Campo de busca de ativos focado via OCR.
2026-06-04 12:41:17 Campo de busca do seletor de ativos detectado apos abrir 'Binárias'.
2026-06-04 12:41:19 Clique enviado em campo de busca de ativos nas coordenadas (747, 97).
2026-06-04 12:41:20 Campo de busca de ativos focado via OCR.
2026-06-04 12:41:20 Busca de ativo digitada por teclado: EURJPY
2026-06-04 12:41:23 Clique enviado em ativo alvo EUR/JPY nas coordenadas (716, 175).
2026-06-04 12:41:27 Selecao do ativo EUR/JPY: OK
2026-06-04 12:41:29 Aporte digitado via OCR/teclado: 10
2026-06-04 12:41:31 Expiracao de 1 minuto(s) nao confirmada. Valores vistos: ['12:00', 'Lucro', '+84%']
2026-06-04 12:41:31 Traderoom sem splash detectada (1/3).
2026-06-04 12:41:33 Traderoom sem splash detectada (2/3).
2026-06-04 12:41:35 Traderoom sem splash detectada (3/3).
2026-06-04 12:41:39 Traderoom operacional detectada.
2026-06-04 12:41:39 Popup de salvar senha nao apareceu ou nao foi identificado.
2026-06-04 12:41:43 Janela do console minimizada para liberar a captura da tela.
2026-06-04 12:41:45 Screenshot capturada pelo Playwright com conteudo visivel.
2026-06-04 12:41:49 Analise visual salva em C:\Users\User\AppData\Roaming\MetaQuotes\Terminal\9DE44EFC77A6A3ABBD348AFCCFB49D70\MQL5\Experts\OpBinBridge\logs\playwright_probe
2026-06-04 12:41:49 Deteccao visual direita: up=(341, 322, 110, 110) down=(0, 440, 451, 110) payout=(88, 13, 337, 291)
2026-06-04 12:41:49 OCR botoes/payout: up=['ACIMA'] down=['185.9778', 'M', 'ABAIXO', '1859778'] payout=['+849', '+S8.40', '84', '+'] payout_num=84.0
2026-06-04 12:41:49 Traderoom confirmada. Ativo atual: desconhecido
2026-06-04 12:41:49 Mercado operavel agora: SIM
2026-06-04 12:41:49 Payout detectado: 84.00%
2026-06-04 12:41:49 Payout acima de 80%: SIM
2026-06-04 12:41:49 Fluxo de login finalizado. URL atual: https://iqoption.com/traderoom
2026-06-04 12:45:38 Pagina de login ja aberta: https://login.iqoption.com/pt/login?redirect_url=traderoom
2026-06-04 12:45:38 Pagina de login detectada. Tentando autenticar automaticamente...
2026-06-04 12:45:39 Inputs visiveis detectados: 0
2026-06-04 12:45:39 Campos de login nao encontrados automaticamente.
2026-06-04 12:45:39 Traderoom sem splash detectada (1/3).
2026-06-04 12:45:41 Traderoom sem splash detectada (2/3).
2026-06-04 12:45:43 Traderoom sem splash detectada (3/3).
2026-06-04 12:45:48 Traderoom operacional detectada.
2026-06-04 12:45:53 2 abas detectadas no topo. Fechando sempre a segunda aba da esquerda ate sobrar uma.
2026-06-04 12:45:53 Tentativa 1.1: clique para fechar 'EUR/JPY' em (387, 28).
2026-06-04 12:45:55 Quantidade de abas apos fechamento: 1
2026-06-04 12:45:57 Abas restantes apos limpeza: ['GBP/USD']
2026-06-04 12:45:57 Clique enviado no botao de adicionar ativo nas coordenadas (399, 37).
2026-06-04 12:46:01 Clique enviado em opcao Opções nas coordenadas (481, 155).
2026-06-04 12:46:02 Clique enviado na opcao 'Opções' via OCR.
2026-06-04 12:46:04 Clique enviado em opcao Binárias nas coordenadas (484, 261).
2026-06-04 12:46:05 Clique enviado na opcao 'Binárias' via OCR.
2026-06-04 12:46:07 Clique enviado em campo de busca de ativos nas coordenadas (746, 96).
2026-06-04 12:46:08 Campo de busca de ativos focado via OCR.
2026-06-04 12:46:08 Campo de busca do seletor de ativos detectado apos abrir 'Binárias'.
2026-06-04 12:46:10 Clique enviado em campo de busca de ativos nas coordenadas (746, 96).
2026-06-04 12:46:11 Campo de busca de ativos focado via OCR.
2026-06-04 12:46:11 Busca de ativo digitada por teclado: EURJPY
2026-06-04 12:46:14 Clique enviado em ativo alvo EUR/JPY nas coordenadas (717, 222).
2026-06-04 12:46:18 Selecao do ativo EUR/JPY: OK
2026-06-04 12:46:20 Aporte digitado via OCR/teclado: 10
2026-06-04 12:46:22 Clique enviado em botao Expiração nas coordenadas (1846, 157).
2026-06-04 12:46:23 Clique enviado em 'Expiração' via OCR.
2026-06-04 12:46:25 Primeiro item da coluna 'Restante' nao atende ao limite < 2 min: 13:28
2026-06-04 12:46:25 Traderoom sem splash detectada (1/3).
2026-06-04 12:46:27 Traderoom sem splash detectada (2/3).
2026-06-04 12:46:29 Traderoom sem splash detectada (3/3).
2026-06-04 12:46:33 Traderoom operacional detectada.
2026-06-04 12:46:33 Popup de salvar senha nao apareceu ou nao foi identificado.
2026-06-04 12:46:36 Janela do console minimizada para liberar a captura da tela.
2026-06-04 12:46:38 Screenshot capturada pelo Playwright com conteudo visivel.
2026-06-04 12:46:40 Analise visual salva em C:\Users\User\AppData\Roaming\MetaQuotes\Terminal\9DE44EFC77A6A3ABBD348AFCCFB49D70\MQL5\Experts\OpBinBridge\logs\playwright_probe
2026-06-04 12:46:40 Deteccao visual direita: up=(341, 322, 110, 110) down=(341, 440, 110, 110) payout=(88, 13, 337, 291)
2026-06-04 12:46:40 OCR botoes/payout: up=['ACIMA'] down=['ABAIXO'] payout=['%', 'Lucro', 'ante', '84', '13:13', '28:13', '+S8.40', '12.00'] payout_num=84.0
2026-06-04 12:46:40 Traderoom confirmada. Ativo atual: desconhecido
2026-06-04 12:46:40 Mercado operavel agora: SIM
2026-06-04 12:46:40 Payout detectado: 84.00%
2026-06-04 12:46:40 Payout acima de 80%: SIM
2026-06-04 12:46:40 Fluxo de login finalizado. URL atual: https://iqoption.com/traderoom
2026-06-04 12:48:59 Pagina de login ja aberta: https://login.iqoption.com/pt/login?redirect_url=traderoom
2026-06-04 12:48:59 Pagina de login detectada. Tentando autenticar automaticamente...
2026-06-04 12:49:00 Inputs visiveis detectados: 0
2026-06-04 12:49:00 Campos de login nao encontrados automaticamente.
2026-06-04 12:49:00 Traderoom sem splash detectada (1/3).
2026-06-04 12:49:02 Traderoom sem splash detectada (2/3).
2026-06-04 12:49:04 Traderoom sem splash detectada (3/3).
2026-06-04 12:49:08 Traderoom operacional detectada.
2026-06-04 12:49:13 2 abas detectadas no topo. Fechando sempre a segunda aba da esquerda ate sobrar uma.
2026-06-04 12:49:13 Tentativa 1.1: clique para fechar 'EUR/JPY' em (387, 27).
2026-06-04 12:49:16 Quantidade de abas apos fechamento: 1
2026-06-04 12:49:18 Abas restantes apos limpeza: ['GBP/USD']
2026-06-04 12:49:18 Clique enviado no botao de adicionar ativo nas coordenadas (399, 37).
2026-06-04 12:49:22 Clique enviado em opcao Opções nas coordenadas (482, 155).
2026-06-04 12:49:23 Clique enviado na opcao 'Opções' via OCR.
2026-06-04 12:49:25 Clique enviado em opcao Binárias nas coordenadas (485, 261).
2026-06-04 12:49:26 Clique enviado na opcao 'Binárias' via OCR.
2026-06-04 12:49:28 Clique enviado em campo de busca de ativos nas coordenadas (760, 96).
2026-06-04 12:49:29 Campo de busca de ativos focado via OCR.
2026-06-04 12:49:29 Campo de busca do seletor de ativos detectado apos abrir 'Binárias'.
2026-06-04 12:49:31 Clique enviado em campo de busca de ativos nas coordenadas (747, 97).
2026-06-04 12:49:31 Campo de busca de ativos focado via OCR.
2026-06-04 12:49:32 Busca de ativo digitada por teclado: GBPUSD
2026-06-04 12:49:35 Clique enviado em ativo alvo GBP/USD nas coordenadas (305, 30).
2026-06-04 12:49:39 Selecao do ativo GBP/USD: OK
2026-06-04 12:49:42 Aporte digitado via OCR/teclado: 10
2026-06-04 12:49:44 Clique enviado em botao Expiração nas coordenadas (1840, 157).
2026-06-04 12:49:44 Clique enviado em 'Expiração' via OCR.
2026-06-04 12:49:46 Primeiro item da coluna 'Restante' confirmado abaixo de 2 minutos: 01:07
2026-06-04 12:49:46 Clique enviado em primeiro tempo disponivel da coluna Restante nas coordenadas (1605, 265).
2026-06-04 12:49:47 Tempo de expiracao selecionado: 01:07
2026-06-04 12:49:47 Traderoom sem splash detectada (1/3).
2026-06-04 12:49:49 Traderoom sem splash detectada (2/3).
2026-06-04 12:49:51 Traderoom sem splash detectada (3/3).
2026-06-04 12:49:55 Traderoom operacional detectada.
2026-06-04 12:49:55 Popup de salvar senha nao apareceu ou nao foi identificado.
2026-06-04 12:49:58 Janela do console minimizada para liberar a captura da tela.
2026-06-04 12:50:01 Screenshot capturada pelo Playwright com conteudo visivel.
2026-06-04 12:50:05 Analise visual salva em C:\Users\User\AppData\Roaming\MetaQuotes\Terminal\9DE44EFC77A6A3ABBD348AFCCFB49D70\MQL5\Experts\OpBinBridge\logs\playwright_probe
2026-06-04 12:50:05 Deteccao visual direita: up=(341, 322, 110, 110) down=(0, 440, 451, 110) payout=(88, 13, 337, 291)
2026-06-04 12:50:05 OCR botoes/payout: up=['ACIMA'] down=['1.343315', 'M', 'ABAIXO', '343', '1.343', '1343315'] payout=['86', '+', '+S8.60'] payout_num=86.0
2026-06-04 12:50:05 Traderoom confirmada. Ativo atual: desconhecido
2026-06-04 12:50:05 Mercado operavel agora: SIM
2026-06-04 12:50:05 Payout detectado: 86.00%
2026-06-04 12:50:05 Payout acima de 80%: SIM
2026-06-04 12:50:05 Fluxo de login finalizado. URL atual: https://iqoption.com/traderoom
2026-06-04 12:51:05 Pagina de login ja aberta: https://login.iqoption.com/pt/login?redirect_url=traderoom
2026-06-04 12:51:05 Pagina de login detectada. Tentando autenticar automaticamente...
2026-06-04 12:51:07 Inputs visiveis detectados: 0
2026-06-04 12:51:07 Campos de login nao encontrados automaticamente.
2026-06-04 12:51:07 Traderoom ainda em splash/conectando; aguardando...
2026-06-04 12:51:09 Traderoom ainda em splash/conectando; aguardando...
2026-06-04 12:51:11 Traderoom sem splash detectada (1/3).
2026-06-04 12:51:13 Traderoom sem splash detectada (2/3).
2026-06-04 12:51:15 Traderoom sem splash detectada (3/3).
2026-06-04 12:51:19 Traderoom operacional detectada.
2026-06-04 12:51:24 5 abas detectadas no topo. Fechando sempre a segunda aba da esquerda ate sobrar uma.
2026-06-04 12:51:24 Tentativa 1.1: clique para fechar 'USD/SAR (O...' em (387, 28).
2026-06-04 12:51:26 Quantidade de abas apos fechamento: 4
2026-06-04 12:51:26 Tentativa 2.1: clique para fechar 'Snap Inc. (O...' em (386, 27).
2026-06-04 12:51:29 Quantidade de abas apos fechamento: 3
2026-06-04 12:51:29 Tentativa 3.1: clique para fechar 'Snap Inc. (O...' em (386, 27).
2026-06-04 12:51:30 Quantidade de abas apos fechamento: 2
2026-06-04 12:51:31 Tentativa 4.1: clique para fechar 'EUR/USD (O...' em (532, 26).
2026-06-04 12:51:33 Tentativa 4.2: clique para fechar 'EUR/USD (O...' em (536, 26).
2026-06-04 12:51:35 Tentativa 4.3: clique para fechar 'EUR/USD (O...' em (540, 26).
2026-06-04 12:51:38 Tentativa 4.4: clique para fechar 'EUR/USD (O...' em (544, 26).
2026-06-04 12:51:40 Tentativa 4.5: clique para fechar 'EUR/USD (O...' em (548, 26).
2026-06-04 12:51:42 Tentativa 4.6: clique para fechar 'EUR/USD (O...' em (536, 29).
2026-06-04 12:51:44 Tentativa 4.7: clique para fechar 'EUR/USD (O...' em (540, 29).
2026-06-04 12:51:47 Tentativa 4.8: clique para fechar 'EUR/USD (O...' em (544, 29).
2026-06-04 12:51:49 A segunda aba nao fechou nessa iteracao; recapturando antes de tentar de novo.
2026-06-04 12:51:50 Tentativa 5.1: clique para fechar 'Terra Classi...' em (388, 28).
2026-06-04 12:51:52 Quantidade de abas apos fechamento: 1
2026-06-04 12:51:55 Abas restantes apos limpeza: ['EUR/USD (O...']
2026-06-04 12:51:55 Clique enviado no botao de adicionar ativo nas coordenadas (423, 37).
2026-06-04 12:51:58 Clique enviado em opcao Opções nas coordenadas (482, 155).
2026-06-04 12:51:58 Clique enviado na opcao 'Opções' via OCR.
2026-06-04 12:52:01 Clique enviado em opcao Binárias nas coordenadas (485, 261).
2026-06-04 12:52:01 Clique enviado na opcao 'Binárias' via OCR.
2026-06-04 12:52:04 Clique enviado em campo de busca de ativos nas coordenadas (760, 96).
2026-06-04 12:52:04 Campo de busca de ativos focado via OCR.
2026-06-04 12:52:04 Campo de busca do seletor de ativos detectado apos abrir 'Binárias'.
2026-06-04 12:52:06 Clique enviado em campo de busca de ativos nas coordenadas (746, 96).
2026-06-04 12:52:07 Campo de busca de ativos focado via OCR.
2026-06-04 12:52:07 Busca de ativo digitada por teclado: GBPUSD
2026-06-04 12:52:10 Clique enviado em ativo alvo GBP/USD nas coordenadas (719, 176).
2026-06-04 12:52:14 Selecao do ativo GBP/USD: OK
2026-06-04 12:52:16 Aporte digitado via OCR/teclado: 10
2026-06-04 12:52:18 Clique enviado em botao Expiração nas coordenadas (1840, 157).
2026-06-04 12:52:19 Clique enviado em 'Expiração' via OCR.
2026-06-04 12:52:21 Primeiro item da coluna 'Restante' confirmado abaixo de 2 minutos: 00:32
2026-06-04 12:52:21 Clique enviado em primeiro tempo disponivel da coluna Restante nas coordenadas (1605, 265).
2026-06-04 12:52:22 Tempo de expiracao selecionado: 00:32
2026-06-04 12:52:22 Traderoom sem splash detectada (1/3).
2026-06-04 12:52:24 Traderoom sem splash detectada (2/3).
2026-06-04 12:52:26 Traderoom sem splash detectada (3/3).
2026-06-04 12:52:30 Traderoom operacional detectada.
2026-06-04 12:52:30 Popup de salvar senha nao apareceu ou nao foi identificado.
2026-06-04 12:52:33 Janela do console minimizada para liberar a captura da tela.
2026-06-04 12:52:36 Screenshot capturada pelo Playwright com conteudo visivel.
2026-06-04 12:52:37 Analise visual salva em C:\Users\User\AppData\Roaming\MetaQuotes\Terminal\9DE44EFC77A6A3ABBD348AFCCFB49D70\MQL5\Experts\OpBinBridge\logs\playwright_probe
2026-06-04 12:52:37 Deteccao visual direita: up=(341, 322, 110, 110) down=(341, 440, 110, 110) payout=(88, 13, 337, 291)
2026-06-04 12:52:37 OCR botoes/payout: up=['ACIMA'] down=['ABAIXO'] payout=['86', '+', '+S8.60'] payout_num=86.0
2026-06-04 12:52:37 Traderoom confirmada. Ativo atual: desconhecido
2026-06-04 12:52:37 Mercado operavel agora: SIM
2026-06-04 12:52:37 Payout detectado: 86.00%
2026-06-04 12:52:37 Payout acima de 80%: SIM
2026-06-04 12:52:37 Fluxo de login finalizado. URL atual: https://iqoption.com/traderoom
2026-06-04 12:56:41 Pagina de login ja aberta: https://login.iqoption.com/pt/login?redirect_url=traderoom
2026-06-04 12:56:41 Pagina de login detectada. Tentando autenticar automaticamente...
2026-06-04 12:56:43 Inputs visiveis detectados: 0
2026-06-04 12:56:43 Campos de login nao encontrados automaticamente.
2026-06-04 12:56:43 Traderoom ainda em splash/conectando; aguardando...
2026-06-04 12:56:46 Traderoom sem splash detectada (1/3).
2026-06-04 12:56:48 Traderoom sem splash detectada (2/3).
2026-06-04 12:56:50 Traderoom sem splash detectada (3/3).
2026-06-04 12:56:54 Traderoom operacional detectada.
2026-06-04 12:56:59 7 abas detectadas no topo. Fechando sempre a segunda aba da esquerda ate sobrar uma.
2026-06-04 12:56:59 Tentativa 1.1: clique para fechar 'GBP/USD' em (374, 28).
2026-06-04 12:57:01 Quantidade de abas apos fechamento: 4
2026-06-04 12:57:01 Tentativa 2.1: clique para fechar 'Snap Inc. (O...' em (678, 27).
2026-06-04 12:57:04 Quantidade de abas apos fechamento: 3
2026-06-04 12:57:04 Tentativa 3.1: clique para fechar 'GBP/USD' em (971, 28).
2026-06-04 12:57:07 Quantidade de abas apos fechamento: 2
2026-06-04 12:57:07 Tentativa 4.1: clique para fechar 'USD/JPY' em (971, 28).
2026-06-04 12:57:09 Quantidade de abas apos fechamento: 1
2026-06-04 12:57:11 Abas restantes apos limpeza: ['EUR/USD (O...']
2026-06-04 12:57:11 Clique enviado no botao de adicionar ativo nas coordenadas (1009, 36).
2026-06-04 12:57:15 Clique enviado em opcao Opções nas coordenadas (1065, 155).
2026-06-04 12:57:16 Clique enviado na opcao 'Opções' via OCR.
2026-06-04 12:57:19 Clique enviado em opcao Binárias nas coordenadas (1069, 261).
2026-06-04 12:57:20 Clique enviado na opcao 'Binárias' via OCR.
2026-06-04 12:57:22 Clique enviado em campo de busca de ativos nas coordenadas (1345, 96).
2026-06-04 12:57:22 Campo de busca de ativos focado via OCR.
2026-06-04 12:57:22 Campo de busca do seletor de ativos detectado apos abrir 'Binárias'.
2026-06-04 12:57:25 Clique enviado em campo de busca de ativos nas coordenadas (1335, 96).
2026-06-04 12:57:25 Campo de busca de ativos focado via OCR.
2026-06-04 12:57:26 Busca de ativo digitada por teclado: GBPUSD
2026-06-04 12:57:29 Clique enviado em ativo alvo GBP/USD nas coordenadas (1303, 176).
2026-06-04 12:57:33 Selecao do ativo GBP/USD: OK
2026-06-04 12:57:35 Aporte digitado via OCR/teclado: 10
2026-06-04 12:57:37 Clique enviado em botao Expiração nas coordenadas (1847, 157).
2026-06-04 12:57:38 Clique enviado em 'Expiração' via OCR.
2026-06-04 12:57:40 Primeiro item da coluna 'Restante' confirmado abaixo de 2 minutos: 01:13
2026-06-04 12:57:40 Clique enviado em primeiro tempo disponivel da coluna Restante nas coordenadas (1605, 265).
2026-06-04 12:57:41 Tempo de expiracao selecionado: 01:13
2026-06-04 12:57:41 Aguardando fim da vela para enviar a ordem.
2026-06-04 13:02:42 Pagina de login ja aberta: https://login.iqoption.com/pt/login?redirect_url=traderoom
2026-06-04 13:02:42 Pagina de login detectada. Tentando autenticar automaticamente...
2026-06-04 13:02:44 Inputs visiveis detectados: 0
2026-06-04 13:02:44 Campos de login nao encontrados automaticamente.
2026-06-04 13:02:44 Traderoom sem splash detectada (1/3).
2026-06-04 13:02:46 Traderoom sem splash detectada (2/3).
2026-06-04 13:02:48 Traderoom sem splash detectada (3/3).
2026-06-04 13:02:52 Traderoom operacional detectada.
2026-06-04 13:02:57 3 abas detectadas no topo. Fechando ate sobrar apenas a aba fixa da esquerda.
2026-06-04 13:02:57 Tentativa 1.1: clique para fechar 'USD/SAR (O...' em (533, 28).
2026-06-04 13:02:59 Quantidade de abas apos fechamento: 2
2026-06-04 13:02:59 Tentativa 2.1: clique para fechar 'GBP/USD' em (825, 28).
2026-06-04 13:03:02 Quantidade de abas apos fechamento: 1
2026-06-04 13:03:04 Abas restantes apos limpeza: ['EUR/USD (O...']
2026-06-04 13:03:04 Clique enviado no botao de adicionar ativo nas coordenadas (860, 36).
2026-06-04 13:03:08 Clique enviado em opcao Opções nas coordenadas (920, 155).
2026-06-04 13:03:09 Clique enviado na opcao 'Opções' via OCR.
2026-06-04 13:03:12 Clique enviado em opcao Binárias nas coordenadas (922, 261).
2026-06-04 13:03:13 Clique enviado na opcao 'Binárias' via OCR.
2026-06-04 13:03:15 Clique enviado em campo de busca de ativos nas coordenadas (1185, 97).
2026-06-04 13:03:15 Campo de busca de ativos focado via OCR.
2026-06-04 13:03:15 Campo de busca do seletor de ativos detectado apos abrir 'Binárias'.
2026-06-04 13:03:18 Clique enviado em campo de busca de ativos nas coordenadas (1185, 97).
2026-06-04 13:03:18 Campo de busca de ativos focado via OCR.
2026-06-04 13:03:19 Busca de ativo digitada por teclado: GBPUSD
2026-06-04 13:03:22 Clique enviado em ativo alvo GBP/USD nas coordenadas (1158, 176).
2026-06-04 13:03:26 Selecao do ativo GBP/USD: OK
2026-06-04 13:03:28 Aporte digitado via OCR/teclado: 10
2026-06-04 13:03:30 Clique enviado em botao Expiração nas coordenadas (1840, 157).
2026-06-04 13:03:31 Clique enviado em 'Expiração' via OCR.
2026-06-04 13:03:33 Primeiro item da coluna 'Restante' confirmado abaixo de 2 minutos: 01:21
2026-06-04 13:03:33 Clique enviado em primeiro tempo disponivel da coluna Restante nas coordenadas (1605, 265).
2026-06-04 13:03:34 Tempo de expiracao selecionado: 01:21
2026-06-04 13:03:34 Aguardando fim da vela para enviar a ordem.
2026-06-04 13:03:35 Contador HORA DE COMPRA detectado: HORAPE 00:48
2026-06-04 13:03:37 Contador HORA DE COMPRA detectado: HORADE 00:46
2026-06-04 13:03:38 Contador HORA DE COMPRA detectado: HORADE 00:45
2026-06-04 13:03:40 Contador HORA DE COMPRA detectado: HORADE 00:43
2026-06-04 13:03:41 Contador HORA DE COMPRA detectado: HORADE 00:41
2026-06-04 13:03:43 Contador HORA DE COMPRA detectado: HORADE 00:40
2026-06-04 13:03:44 Contador HORA DE COMPRA detectado: HORADE 00:38
2026-06-04 13:03:46 Contador HORA DE COMPRA detectado: 00:37
2026-06-04 13:03:48 Contador HORA DE COMPRA detectado: HORADE 00:35
2026-06-04 13:03:49 Contador HORA DE COMPRA detectado: HORADE 00:33
2026-06-04 13:03:51 Contador HORA DE COMPRA detectado: HORADE 00:32
2026-06-04 13:03:52 Contador HORA DE COMPRA detectado: HORADE 00:30
2026-06-04 13:03:54 Contador HORA DE COMPRA detectado: HORADE 00:29
2026-06-04 13:03:56 Contador HORA DE COMPRA detectado: HORADE 00:27
2026-06-04 13:03:57 Contador HORA DE COMPRA detectado: HORA E 00:26
2026-06-04 13:03:59 Contador HORA DE COMPRA detectado: 00:24
2026-06-04 13:04:00 Contador HORA DE COMPRA detectado: HORAPE 00:22
2026-06-04 13:04:02 Contador HORA DE COMPRA detectado: HORADE 00:21
2026-06-04 13:04:04 Contador HORA DE COMPRA detectado: HORADE 00:19
2026-06-04 13:04:05 Contador HORA DE COMPRA detectado: HORADE 00:18
2026-06-04 13:04:07 Contador HORA DE COMPRA detectado: HORADE 00:16
2026-06-04 13:04:08 Contador HORA DE COMPRA detectado: 00:15
2026-06-04 13:04:10 Contador HORA DE COMPRA detectado: 00:13
2026-06-04 13:04:11 Contador HORA DE COMPRA detectado: 00:11
2026-06-04 13:04:13 Contador HORA DE COMPRA detectado: HORAPE 00:10
2026-06-04 13:04:14 Contador HORA DE COMPRA detectado: HORAPE 00:08
2026-06-04 13:04:16 Contador HORA DE COMPRA detectado: HORAPE 00:07
2026-06-04 13:04:18 Contador HORA DE COMPRA detectado: HORAPE 00:05
2026-06-04 13:04:19 Contador HORA DE COMPRA detectado: HORAPE 00:04
2026-06-04 13:04:21 Contador HORA DE COMPRA detectado: 12:05
2026-06-04 13:04:22 Contador HORA DE COMPRA detectado: 00:00
2026-06-04 13:04:22 Traderoom sem splash detectada (1/3).
2026-06-04 13:04:24 Traderoom sem splash detectada (2/3).
2026-06-04 13:04:26 Traderoom sem splash detectada (3/3).
2026-06-04 13:04:30 Traderoom operacional detectada.
2026-06-04 13:04:30 Popup de salvar senha nao apareceu ou nao foi identificado.
2026-06-04 13:04:33 Janela do console minimizada para liberar a captura da tela.
2026-06-04 13:04:36 Screenshot capturada pelo Playwright com conteudo visivel.
2026-06-04 13:04:38 Analise visual salva em C:\Users\User\AppData\Roaming\MetaQuotes\Terminal\9DE44EFC77A6A3ABBD348AFCCFB49D70\MQL5\Experts\OpBinBridge\logs\playwright_probe
2026-06-04 13:04:38 Deteccao visual direita: up=(341, 322, 110, 110) down=(341, 440, 110, 110) payout=(88, 13, 337, 291)
2026-06-04 13:04:38 OCR botoes/payout: up=['ACIMA'] down=['ABAIXO'] payout=['86', '+', '+S8.60'] payout_num=86.0
2026-06-04 13:04:38 Traderoom confirmada. Ativo atual: desconhecido
2026-06-04 13:04:38 Mercado operavel agora: SIM
2026-06-04 13:04:38 Payout detectado: 86.00%
2026-06-04 13:04:38 Payout acima de 80%: SIM
2026-06-04 13:04:38 Fluxo de login finalizado. URL atual: https://iqoption.com/traderoom
2026-06-04 13:09:34 Pagina de login ja aberta: https://login.iqoption.com/pt/login?redirect_url=traderoom
2026-06-04 13:09:34 Pagina de login detectada. Tentando autenticar automaticamente...
2026-06-04 13:09:35 Inputs visiveis detectados: 0
2026-06-04 13:09:35 Campos de login nao encontrados automaticamente.
2026-06-04 13:09:35 Traderoom sem splash detectada (1/3).
2026-06-04 13:09:37 Traderoom sem splash detectada (2/3).
2026-06-04 13:09:39 Traderoom sem splash detectada (3/3).
2026-06-04 13:09:43 Traderoom operacional detectada.
2026-06-04 13:09:49 8 abas detectadas no topo. Fechando ate sobrar apenas a aba fixa da esquerda.
2026-06-04 13:09:49 Tentativa 1.1: clique para fechar 'EUR/USD (O..' em (506, 28).
2026-06-04 13:09:52 Quantidade de abas apos fechamento: 6
2026-06-04 13:09:52 Tentativa 2.1: clique para fechar 'GBP/USD' em (678, 28).
2026-06-04 13:09:54 Quantidade de abas apos fechamento: 4
2026-06-04 13:09:54 Tentativa 3.1: clique para fechar 'Snap Inc. (O...' em (824, 27).
2026-06-04 13:09:57 Quantidade de abas apos fechamento: 3
2026-06-04 13:09:57 Tentativa 4.1: clique para fechar 'Sei (OTC)' em (825, 28).
2026-06-04 13:09:59 Quantidade de abas apos fechamento: 1
2026-06-04 13:10:01 Abas restantes apos limpeza: ['EUR/USD (O...']
2026-06-04 13:10:01 Clique enviado no botao de adicionar ativo nas coordenadas (1008, 36).
2026-06-04 13:10:05 Clique enviado em opcao Opções nas coordenadas (1066, 155).
2026-06-04 13:10:06 Clique enviado na opcao 'Opções' via OCR.
2026-06-04 13:10:09 Clique enviado em opcao Binárias nas coordenadas (1069, 261).
2026-06-04 13:10:10 Clique enviado na opcao 'Binárias' via OCR.
2026-06-04 13:10:12 Clique enviado em campo de busca de ativos nas coordenadas (1342, 96).
2026-06-04 13:10:12 Campo de busca de ativos focado via OCR.
2026-06-04 13:10:12 Campo de busca do seletor de ativos detectado apos abrir 'Binárias'.
2026-06-04 13:10:15 Clique enviado em campo de busca de ativos nas coordenadas (1331, 97).
2026-06-04 13:10:15 Campo de busca de ativos focado via OCR.
2026-06-04 13:10:16 Busca de ativo digitada por teclado: GBPUSD
2026-06-04 13:10:19 Clique enviado em ativo alvo GBP/USD nas coordenadas (1302, 175).
2026-06-04 13:10:23 Selecao do ativo GBP/USD: OK
2026-06-04 13:10:25 Aporte digitado via OCR/teclado: 10
2026-06-04 13:10:27 Clique enviado em botao Expiração nas coordenadas (1840, 157).
2026-06-04 13:10:28 Clique enviado em 'Expiração' via OCR.
2026-06-04 13:10:30 Primeiro item da coluna 'Restante' confirmado abaixo de 2 minutos: 01:23
2026-06-04 13:10:30 Clique enviado em primeiro tempo disponivel da coluna Restante nas coordenadas (1605, 265).
2026-06-04 13:10:31 Tempo de expiracao selecionado: 01:23
2026-06-04 13:10:31 Aguardando fim da vela para enviar a ordem.
2026-06-04 13:10:33 Contador HORA DE COMPRA detectado: 00:50
2026-06-04 13:10:34 Contador HORA DE COMPRA detectado: 00:48
2026-06-04 13:10:36 Contador HORA DE COMPRA detectado: 00:47
2026-06-04 13:10:38 Contador HORA DE COMPRA detectado: 00:45
2026-06-04 13:10:39 Contador HORA DE COMPRA detectado: 00:43
2026-06-04 13:10:41 Contador HORA DE COMPRA detectado: 00:42
2026-06-04 13:10:43 Contador HORA DE COMPRA detectado: 00:40
2026-06-04 13:10:45 Contador HORA DE COMPRA detectado: 00:38
2026-06-04 13:10:46 Contador HORA DE COMPRA detectado: 00:37
2026-06-04 13:10:48 Contador HORA DE COMPRA detectado: 00:35
2026-06-04 13:10:50 Contador HORA DE COMPRA detectado: 00:33
2026-06-04 13:10:52 Contador HORA DE COMPRA detectado: 00:31
2026-06-04 13:10:54 Contador HORA DE COMPRA detectado: 00:29
2026-06-04 13:10:56 Contador HORA DE COMPRA detectado: 00:27
2026-06-04 13:10:57 Contador HORA DE COMPRA detectado: 00:26
2026-06-04 13:10:59 Contador HORA DE COMPRA detectado: 00:24
2026-06-04 13:11:01 Contador HORA DE COMPRA detectado: 00:22
2026-06-04 13:11:02 Contador HORA DE COMPRA detectado: 00:21
2026-06-04 13:11:04 Contador HORA DE COMPRA detectado: 00:19
2026-06-04 13:11:06 Contador HORA DE COMPRA detectado: 00:17
2026-06-04 13:11:07 Contador HORA DE COMPRA detectado: 00:16
2026-06-04 13:11:09 Contador HORA DE COMPRA detectado: 00:14
2026-06-04 13:11:11 Contador HORA DE COMPRA detectado: 00:12
2026-06-04 13:11:13 Contador HORA DE COMPRA detectado: 00:10
2026-06-04 13:11:14 Contador HORA DE COMPRA detectado: 00:09
2026-06-04 13:11:16 Contador HORA DE COMPRA detectado: 00:07
2026-06-04 13:11:18 Contador HORA DE COMPRA detectado: 00:05
2026-06-04 13:11:19 Contador HORA DE COMPRA detectado: 00:03
2026-06-04 13:11:23 Contador HORA DE COMPRA detectado: 00:00
2026-06-04 13:11:23 Botao ABAIXO nao encontrado via DOM; tentando deteccao visual.
2026-06-04 13:11:23 Janela do console minimizada para liberar a captura da tela.
2026-06-04 13:11:26 Screenshot capturada pelo Playwright com conteudo visivel.
2026-06-04 13:11:26 Ordem enviada no botao ABAIXO via deteccao visual em (1855, 495).
2026-06-04 13:11:26 Traderoom sem splash detectada (1/3).
2026-06-04 13:11:28 Traderoom sem splash detectada (2/3).
2026-06-04 13:11:30 Traderoom sem splash detectada (3/3).
2026-06-04 13:11:34 Traderoom operacional detectada.
2026-06-04 13:11:34 Popup de salvar senha nao apareceu ou nao foi identificado.
2026-06-04 13:11:37 Janela do console minimizada para liberar a captura da tela.
2026-06-04 13:11:39 Screenshot capturada pelo Playwright com conteudo visivel.
2026-06-04 13:11:41 Analise visual salva em C:\Users\User\AppData\Roaming\MetaQuotes\Terminal\9DE44EFC77A6A3ABBD348AFCCFB49D70\MQL5\Experts\OpBinBridge\logs\playwright_probe
2026-06-04 13:11:41 Deteccao visual direita: up=(341, 322, 110, 110) down=None payout=(88, 13, 337, 291)
2026-06-04 13:11:41 OCR botoes/payout: up=['ACIMA'] down=[] payout=['86', '+', '+S8.60'] payout_num=86.0
2026-06-04 13:11:41 Traderoom confirmada. Ativo atual: desconhecido
2026-06-04 13:11:41 Mercado operavel agora: NAO
2026-06-04 13:11:41 Payout detectado: 86.00%
2026-06-04 13:11:41 Payout acima de 80%: SIM
2026-06-04 13:11:41 Fluxo de login finalizado. URL atual: https://iqoption.com/traderoom
2026-06-04 13:16:40 Pagina de login ja aberta: https://login.iqoption.com/pt/login?redirect_url=traderoom
2026-06-04 13:16:40 Pagina de login detectada. Tentando autenticar automaticamente...
2026-06-04 13:16:42 Inputs visiveis detectados: 0
2026-06-04 13:16:42 Campos de login nao encontrados automaticamente.
2026-06-04 13:16:42 Traderoom sem splash detectada (1/3).
2026-06-04 13:16:44 Traderoom sem splash detectada (2/3).
2026-06-04 13:16:46 Traderoom sem splash detectada (3/3).
2026-06-04 13:16:50 Traderoom operacional detectada.
2026-06-04 13:16:55 3 abas detectadas no topo. Fechando ate sobrar apenas a aba fixa da esquerda.
2026-06-04 13:16:55 Tentativa 1.1: clique para fechar 'EUR/USD (O...' em (825, 28).
2026-06-04 13:16:58 Quantidade de abas apos fechamento: 2
2026-06-04 13:16:58 Tentativa 2.1: clique para fechar 'GBP/USD' em (825, 28).
2026-06-04 13:17:00 Quantidade de abas apos fechamento: 1
2026-06-04 13:17:03 Abas restantes apos limpeza: ['EUR/USD (O...']
2026-06-04 13:17:03 Clique enviado no botao de adicionar ativo nas coordenadas (859, 36).
2026-06-04 13:17:06 Clique enviado em opcao Opções nas coordenadas (920, 155).
2026-06-04 13:17:07 Clique enviado na opcao 'Opções' via OCR.
2026-06-04 13:17:09 Clique enviado em opcao Binárias nas coordenadas (923, 261).
2026-06-04 13:17:10 Clique enviado na opcao 'Binárias' via OCR.
2026-06-04 13:17:13 Clique enviado em campo de busca de ativos nas coordenadas (1185, 97).
2026-06-04 13:17:13 Campo de busca de ativos focado via OCR.
2026-06-04 13:17:13 Campo de busca do seletor de ativos detectado apos abrir 'Binárias'.
2026-06-04 13:17:16 Clique enviado em campo de busca de ativos nas coordenadas (1185, 97).
2026-06-04 13:17:16 Campo de busca de ativos focado via OCR.
2026-06-04 13:17:17 Busca de ativo digitada por teclado: GBPUSD
2026-06-04 13:17:20 Clique enviado em ativo alvo GBP/USD nas coordenadas (1158, 176).
2026-06-04 13:17:24 Selecao do ativo GBP/USD: OK
2026-06-04 13:17:26 Aporte digitado via OCR/teclado: 10
2026-06-04 13:17:28 Clique enviado em botao Expiração nas coordenadas (1840, 157).
2026-06-04 13:17:29 Clique enviado em 'Expiração' via OCR.
2026-06-04 13:17:31 Primeiro item da coluna 'Restante' confirmado abaixo de 2 minutos: 01:22
2026-06-04 13:17:31 Clique enviado em primeiro tempo disponivel da coluna Restante nas coordenadas (1605, 265).
2026-06-04 13:17:32 Tempo de expiracao selecionado: 01:22
2026-06-04 13:17:32 Aguardando o relogio HORA DE COMPRA chegar em 30 segundos para enviar a ordem.
2026-06-04 13:17:33 Contador HORA DE COMPRA detectado: 00:50
2026-06-04 13:17:35 Contador HORA DE COMPRA detectado: 00:48
2026-06-04 13:17:36 Contador HORA DE COMPRA detectado: 00:46
2026-06-04 13:17:38 Contador HORA DE COMPRA detectado: 00:45
2026-06-04 13:17:40 Contador HORA DE COMPRA detectado: 00:43
2026-06-04 13:17:42 Contador HORA DE COMPRA detectado: 00:41
2026-06-04 13:17:43 Contador HORA DE COMPRA detectado: 00:39
2026-06-04 13:17:45 Contador HORA DE COMPRA detectado: 00:38
2026-06-04 13:17:47 Contador HORA DE COMPRA detectado: 00:36
2026-06-04 13:17:49 Contador HORA DE COMPRA detectado: 00:34
2026-06-04 13:17:51 Contador HORA DE COMPRA detectado: 00:32
2026-06-04 13:17:52 Contador HORA DE COMPRA detectado: 00:30
2026-06-04 13:17:53 Botao ABAIXO nao encontrado via DOM; tentando deteccao visual.
2026-06-04 13:17:53 Janela do console minimizada para liberar a captura da tela.
2026-06-04 13:17:55 Screenshot capturada pelo Playwright com conteudo visivel.
2026-06-04 13:17:55 Ordem enviada no botao ABAIXO via deteccao visual em (1855, 495).
2026-06-04 13:17:55 Traderoom sem splash detectada (1/3).
2026-06-04 13:17:57 Traderoom sem splash detectada (2/3).
2026-06-04 13:17:59 Traderoom sem splash detectada (3/3).
2026-06-04 13:18:03 Traderoom operacional detectada.
2026-06-04 13:18:03 Popup de salvar senha nao apareceu ou nao foi identificado.
2026-06-04 13:18:06 Janela do console minimizada para liberar a captura da tela.
2026-06-04 13:18:09 Screenshot capturada pelo Playwright com conteudo visivel.
2026-06-04 13:18:10 Analise visual salva em C:\Users\User\AppData\Roaming\MetaQuotes\Terminal\9DE44EFC77A6A3ABBD348AFCCFB49D70\MQL5\Experts\OpBinBridge\logs\playwright_probe
2026-06-04 13:18:10 Deteccao visual direita: up=(341, 322, 110, 110) down=None payout=(88, 13, 337, 291)
2026-06-04 13:18:10 OCR botoes/payout: up=['ACIMA'] down=[] payout=['86', '+', '+S8.60'] payout_num=86.0
2026-06-04 13:18:10 Traderoom confirmada. Ativo atual: desconhecido
2026-06-04 13:18:10 Mercado operavel agora: NAO
2026-06-04 13:18:10 Payout detectado: 86.00%
2026-06-04 13:18:10 Payout acima de 80%: SIM
2026-06-04 13:18:10 Fluxo de login finalizado. URL atual: https://iqoption.com/traderoom
2026-06-04 13:18:49 Pagina de login ja aberta: https://login.iqoption.com/pt/login?redirect_url=traderoom
2026-06-04 13:18:49 Pagina de login detectada. Tentando autenticar automaticamente...
2026-06-04 13:18:50 Inputs visiveis detectados: 0
2026-06-04 13:18:50 Campos de login nao encontrados automaticamente.
2026-06-04 13:18:50 Traderoom sem splash detectada (1/3).
2026-06-04 13:18:52 Traderoom sem splash detectada (2/3).
2026-06-04 13:18:54 Traderoom sem splash detectada (3/3).
2026-06-04 13:18:58 Traderoom operacional detectada.
2026-06-04 13:19:04 2 abas detectadas no topo. Fechando ate sobrar apenas a aba fixa da esquerda.
2026-06-04 13:19:04 Tentativa 1.1: clique para fechar 'GBP/USD' em (825, 28).
2026-06-04 13:19:06 Quantidade de abas apos fechamento: 1
2026-06-04 13:19:09 Abas restantes apos limpeza: ['EUR/USD (O...']
2026-06-04 13:19:09 Clique enviado no botao de adicionar ativo nas coordenadas (859, 36).
2026-06-04 13:19:13 Clique enviado em opcao Opções nas coordenadas (920, 155).
2026-06-04 13:19:14 Clique enviado na opcao 'Opções' via OCR.
2026-06-04 13:19:16 Clique enviado em opcao Binárias nas coordenadas (922, 261).
2026-06-04 13:19:17 Clique enviado na opcao 'Binárias' via OCR.
2026-06-04 13:19:20 Clique enviado em campo de busca de ativos nas coordenadas (1197, 96).
2026-06-04 13:19:20 Campo de busca de ativos focado via OCR.
2026-06-04 13:19:20 Campo de busca do seletor de ativos detectado apos abrir 'Binárias'.
2026-06-04 13:19:23 Clique enviado em campo de busca de ativos nas coordenadas (1185, 97).
2026-06-04 13:19:23 Campo de busca de ativos focado via OCR.
2026-06-04 13:19:24 Busca de ativo digitada por teclado: GBPUSD
2026-06-04 13:19:27 Clique enviado em ativo alvo GBP/USD nas coordenadas (1158, 176).
2026-06-04 13:19:32 Selecao do ativo GBP/USD: OK
2026-06-04 13:19:34 Aporte digitado via OCR/teclado: 10
2026-06-04 13:19:36 Clique enviado em botao Expiração nas coordenadas (1847, 157).
2026-06-04 13:19:37 Clique enviado em 'Expiração' via OCR.
2026-06-04 13:19:39 Primeiro item da coluna 'Restante' confirmado abaixo de 2 minutos: 01:15
2026-06-04 13:19:39 Clique enviado em primeiro tempo disponivel da coluna Restante nas coordenadas (1605, 265).
2026-06-04 13:19:40 Tempo de expiracao selecionado: 01:15
2026-06-04 13:19:40 Aguardando o relogio HORA DE COMPRA chegar em 30 segundos para enviar a ordem.
2026-06-04 13:19:41 Contador HORA DE COMPRA detectado: 00:42
2026-06-04 13:19:43 Contador HORA DE COMPRA detectado: 00:40
2026-06-04 13:19:45 Contador HORA DE COMPRA detectado: 00:38
2026-06-04 13:19:47 Contador HORA DE COMPRA detectado: 00:36
2026-06-04 13:19:49 Contador HORA DE COMPRA detectado: 00:34
2026-06-04 13:19:50 Contador HORA DE COMPRA detectado: 00:32
2026-06-04 13:19:52 Contador HORA DE COMPRA detectado: 00:31
2026-06-04 13:19:54 Contador HORA DE COMPRA detectado: 00:29
2026-06-04 13:19:54 Botao ABAIXO nao encontrado via DOM; tentando deteccao visual.
2026-06-04 13:19:54 Janela do console minimizada para liberar a captura da tela.
2026-06-04 13:19:57 Screenshot capturada pelo Playwright com conteudo visivel.
2026-06-04 13:19:57 Ordem enviada no botao ABAIXO via deteccao visual em (1855, 495).
2026-06-04 13:19:57 Traderoom sem splash detectada (1/3).
2026-06-04 13:19:59 Traderoom sem splash detectada (2/3).
2026-06-04 13:20:01 Traderoom sem splash detectada (3/3).
2026-06-04 13:20:05 Traderoom operacional detectada.
2026-06-04 13:20:05 Popup de salvar senha nao apareceu ou nao foi identificado.
2026-06-04 13:20:08 Janela do console minimizada para liberar a captura da tela.
2026-06-04 13:20:10 Screenshot capturada pelo Playwright com conteudo visivel.
2026-06-04 13:20:12 Analise visual salva em C:\Users\User\AppData\Roaming\MetaQuotes\Terminal\9DE44EFC77A6A3ABBD348AFCCFB49D70\MQL5\Experts\OpBinBridge\logs\playwright_probe
2026-06-04 13:20:12 Deteccao visual direita: up=(341, 322, 110, 110) down=None payout=(88, 13, 337, 291)
2026-06-04 13:20:12 OCR botoes/payout: up=['ACIMA'] down=[] payout=['86', '+', '+S8.60'] payout_num=86.0
2026-06-04 13:20:12 Traderoom confirmada. Ativo atual: desconhecido
2026-06-04 13:20:12 Mercado operavel agora: NAO
2026-06-04 13:20:12 Payout detectado: 86.00%
2026-06-04 13:20:12 Payout acima de 80%: SIM
2026-06-04 13:20:12 Fluxo de login finalizado. URL atual: https://iqoption.com/traderoom
2026-06-04 13:24:04 Pagina de login ja aberta: https://login.iqoption.com/pt/login?redirect_url=traderoom
2026-06-04 13:24:04 Pagina de login detectada. Tentando autenticar automaticamente...
2026-06-04 13:24:05 Inputs visiveis detectados: 0
2026-06-04 13:24:06 Campos de login nao encontrados automaticamente.
2026-06-04 13:24:06 Traderoom ainda em splash/conectando; aguardando...
2026-06-04 13:24:08 Traderoom ainda em splash/conectando; aguardando...
2026-06-04 13:24:10 Traderoom ainda em splash/conectando; aguardando...
2026-06-04 13:24:12 Traderoom sem splash detectada (1/3).
2026-06-04 13:24:14 Traderoom sem splash detectada (2/3).
2026-06-04 13:24:16 Traderoom sem splash detectada (3/3).
2026-06-04 13:24:20 Traderoom operacional detectada.
2026-06-04 13:24:25 Apenas uma aba de ativo detectada; nada para fechar.
2026-06-04 13:24:25 Clique enviado no botao de adicionar ativo nas coordenadas (423, 37).
2026-06-04 13:24:29 Clique enviado em opcao Opções nas coordenadas (482, 155).
2026-06-04 13:24:30 Clique enviado na opcao 'Opções' via OCR.
2026-06-04 13:24:32 Clique enviado em opcao Binárias nas coordenadas (485, 261).
2026-06-04 13:24:33 Clique enviado na opcao 'Binárias' via OCR.
2026-06-04 13:24:35 Clique enviado em campo de busca de ativos nas coordenadas (746, 96).
2026-06-04 13:24:36 Campo de busca de ativos focado via OCR.
2026-06-04 13:24:36 Campo de busca do seletor de ativos detectado apos abrir 'Binárias'.
2026-06-04 13:24:38 Clique enviado em campo de busca de ativos nas coordenadas (746, 96).
2026-06-04 13:24:39 Campo de busca de ativos focado via OCR.
2026-06-04 13:24:39 Busca de ativo digitada por teclado: GBPUSD
2026-06-04 13:24:43 Clique enviado em ativo alvo GBP/USD nas coordenadas (719, 176).
2026-06-04 13:24:47 Selecao do ativo GBP/USD: OK
2026-06-04 13:24:49 Aporte digitado via OCR/teclado: 10
2026-06-04 13:24:51 Clique enviado em botao Expiração nas coordenadas (1840, 157).
2026-06-04 13:24:52 Clique enviado em 'Expiração' via OCR.
2026-06-04 13:24:54 Primeiro item da coluna 'Restante' confirmado abaixo de 2 minutos: 00:59
2026-06-04 13:24:54 Clique enviado em primeiro tempo disponivel da coluna Restante nas coordenadas (1605, 265).
2026-06-04 13:24:55 Tempo de expiracao selecionado: 00:59
2026-06-04 13:24:55 Sincronizacao externa ativa. Hora local atual: 13:24:55. Proximo disparo previsto para: 13:25:30.
2026-06-04 13:25:19 Contagem externa para disparo: 10s restantes.
2026-06-04 13:25:20 Contagem externa para disparo: 9s restantes.
2026-06-04 13:25:21 Contagem externa para disparo: 8s restantes.
2026-06-04 13:25:22 Contagem externa para disparo: 7s restantes.
2026-06-04 13:25:23 Contagem externa para disparo: 6s restantes.
2026-06-04 13:25:24 Contagem externa para disparo: 5s restantes.
2026-06-04 13:25:25 Contagem externa para disparo: 4s restantes.
2026-06-04 13:25:26 Contagem externa para disparo: 3s restantes.
2026-06-04 13:25:27 Contagem externa para disparo: 2s restantes.
2026-06-04 13:25:28 Contagem externa para disparo: 1s restantes.
2026-06-04 13:25:29 Horario alvo atingido pelo relogio externo: 13:25:29.
2026-06-04 13:25:29 Botao ABAIXO nao encontrado via DOM; tentando deteccao visual.
2026-06-04 13:25:29 Janela do console minimizada para liberar a captura da tela.
2026-06-04 13:25:31 Screenshot capturada pelo Playwright com conteudo visivel.
2026-06-04 13:25:31 Ordem enviada no botao ABAIXO via deteccao visual em (1684, 493).
2026-06-04 13:25:31 Traderoom sem splash detectada (1/3).
2026-06-04 13:25:33 Traderoom sem splash detectada (2/3).
2026-06-04 13:25:35 Traderoom sem splash detectada (3/3).
2026-06-04 13:25:39 Traderoom operacional detectada.
2026-06-04 13:25:39 Popup de salvar senha nao apareceu ou nao foi identificado.
2026-06-04 13:25:42 Janela do console minimizada para liberar a captura da tela.
2026-06-04 13:25:45 Screenshot capturada pelo Playwright com conteudo visivel.
2026-06-04 13:25:48 Analise visual salva em C:\Users\User\AppData\Roaming\MetaQuotes\Terminal\9DE44EFC77A6A3ABBD348AFCCFB49D70\MQL5\Experts\OpBinBridge\logs\playwright_probe
2026-06-04 13:25:48 Deteccao visual direita: up=(341, 322, 110, 110) down=(0, 440, 451, 110) payout=(88, 13, 337, 291)
2026-06-04 13:25:48 OCR botoes/payout: up=['ACIMA'] down=['1.343985', 'M', 'ABAIXO', 'MV', '.30'] payout=['+849', '+S8.40', '84', '+'] payout_num=84.0
2026-06-04 13:25:48 Traderoom confirmada. Ativo atual: desconhecido
2026-06-04 13:25:48 Mercado operavel agora: SIM
2026-06-04 13:25:48 Payout detectado: 84.00%
2026-06-04 13:25:48 Payout acima de 80%: SIM
2026-06-04 13:25:48 Fluxo de login finalizado. URL atual: https://iqoption.com/traderoom
2026-06-04 13:27:41 Pagina de login ja aberta: https://login.iqoption.com/pt/login?redirect_url=traderoom
2026-06-04 13:27:41 Pagina de login detectada. Tentando autenticar automaticamente...
2026-06-04 13:27:43 Inputs visiveis detectados: 0
2026-06-04 13:27:43 Campos de login nao encontrados automaticamente.
2026-06-04 13:27:43 Traderoom sem splash detectada (1/3).
2026-06-04 13:27:45 Traderoom sem splash detectada (2/3).
2026-06-04 13:27:47 Traderoom sem splash detectada (3/3).
2026-06-04 13:27:51 Traderoom operacional detectada.
2026-06-04 13:27:56 2 abas detectadas no topo. Fechando ate sobrar apenas a aba fixa da esquerda.
2026-06-04 13:27:56 Tentativa 1.1: clique para fechar 'GBP/USD' em (387, 28).
2026-06-04 13:27:59 Quantidade de abas apos fechamento: 1
2026-06-04 13:28:01 Abas restantes apos limpeza: ['EUR/USD (O...']
2026-06-04 13:28:01 Clique enviado no botao de adicionar ativo nas coordenadas (423, 37).
2026-06-04 13:28:05 Clique enviado em opcao Opções nas coordenadas (482, 155).
2026-06-04 13:28:06 Clique enviado na opcao 'Opções' via OCR.
2026-06-04 13:28:08 Clique enviado em opcao Binárias nas coordenadas (485, 261).
2026-06-04 13:28:09 Clique enviado na opcao 'Binárias' via OCR.
2026-06-04 13:28:11 Clique enviado em campo de busca de ativos nas coordenadas (746, 96).
2026-06-04 13:28:12 Campo de busca de ativos focado via OCR.
2026-06-04 13:28:12 Campo de busca do seletor de ativos detectado apos abrir 'Binárias'.
2026-06-04 13:28:14 Clique enviado em campo de busca de ativos nas coordenadas (747, 97).
2026-06-04 13:28:15 Campo de busca de ativos focado via OCR.
2026-06-04 13:28:15 Busca de ativo digitada por teclado: GBPUSD
2026-06-04 13:28:19 Clique enviado em ativo alvo GBP/USD nas coordenadas (719, 176).
2026-06-04 13:28:22 Selecao do ativo GBP/USD: OK
2026-06-04 13:28:25 Aporte digitado via OCR/teclado: 10
2026-06-04 13:28:26 Clique enviado em botao Expiração nas coordenadas (1840, 157).
2026-06-04 13:28:27 Clique enviado em 'Expiração' via OCR.
2026-06-04 13:28:29 Primeiro item da coluna 'Restante' confirmado abaixo de 2 minutos: 01:24
2026-06-04 13:28:29 Clique enviado em primeiro tempo disponivel da coluna Restante nas coordenadas (1605, 265).
2026-06-04 13:28:30 Tempo de expiracao selecionado: 01:24
2026-06-04 13:28:30 Sincronizacao externa ativa. Hora local atual: 13:28:30. Proximo disparo previsto para: 13:29:00.
2026-06-04 13:28:49 Contagem externa para disparo: 10s restantes.
2026-06-04 13:28:50 Contagem externa para disparo: 9s restantes.
2026-06-04 13:28:51 Contagem externa para disparo: 8s restantes.
2026-06-04 13:28:52 Contagem externa para disparo: 7s restantes.
2026-06-04 13:28:53 Contagem externa para disparo: 6s restantes.
2026-06-04 13:28:54 Contagem externa para disparo: 5s restantes.
2026-06-04 13:28:55 Contagem externa para disparo: 4s restantes.
2026-06-04 13:28:56 Contagem externa para disparo: 3s restantes.
2026-06-04 13:28:57 Contagem externa para disparo: 2s restantes.
2026-06-04 13:28:58 Contagem externa para disparo: 1s restantes.
2026-06-04 13:28:59 Horario alvo atingido pelo relogio externo: 13:28:59.
2026-06-04 13:28:59 Botao ABAIXO nao encontrado via DOM; tentando deteccao visual.
2026-06-04 13:28:59 Janela do console minimizada para liberar a captura da tela.
2026-06-04 13:29:01 Screenshot capturada pelo Playwright com conteudo visivel.
2026-06-04 13:29:01 Ordem enviada no botao ABAIXO via deteccao visual em (1855, 495).
2026-06-04 13:29:01 Traderoom sem splash detectada (1/3).
2026-06-04 13:29:03 Traderoom sem splash detectada (2/3).
2026-06-04 13:29:05 Traderoom sem splash detectada (3/3).
2026-06-04 13:29:09 Traderoom operacional detectada.
2026-06-04 13:29:09 Popup de salvar senha nao apareceu ou nao foi identificado.
2026-06-04 13:29:12 Janela do console minimizada para liberar a captura da tela.
2026-06-04 13:29:15 Screenshot capturada pelo Playwright com conteudo visivel.
2026-06-04 13:29:17 Analise visual salva em C:\Users\User\AppData\Roaming\MetaQuotes\Terminal\9DE44EFC77A6A3ABBD348AFCCFB49D70\MQL5\Experts\OpBinBridge\logs\playwright_probe
2026-06-04 13:29:17 Deteccao visual direita: up=(341, 322, 110, 110) down=(341, 440, 110, 110) payout=(88, 13, 337, 291)
2026-06-04 13:29:17 OCR botoes/payout: up=['ACIMA'] down=['ABAIXO'] payout=['+849', '+S8.40', '84', '+'] payout_num=84.0
2026-06-04 13:29:17 Traderoom confirmada. Ativo atual: desconhecido
2026-06-04 13:29:17 Mercado operavel agora: SIM
2026-06-04 13:29:17 Payout detectado: 84.00%
2026-06-04 13:29:17 Payout acima de 80%: SIM
2026-06-04 13:29:17 Fluxo de login finalizado. URL atual: https://iqoption.com/traderoom
2026-06-04 13:30:19 Pagina de login ja aberta: https://login.iqoption.com/pt/login?redirect_url=traderoom
2026-06-04 13:30:19 Pagina de login detectada. Tentando autenticar automaticamente...
2026-06-04 13:30:20 Inputs visiveis detectados: 0
2026-06-04 13:30:20 Campos de login nao encontrados automaticamente.
2026-06-04 13:30:20 Traderoom ainda em splash/conectando; aguardando...
2026-06-04 13:30:22 Traderoom ainda em splash/conectando; aguardando...
2026-06-04 13:30:24 Traderoom sem splash detectada (1/3).
2026-06-04 13:30:26 Traderoom sem splash detectada (2/3).
2026-06-04 13:30:28 Traderoom sem splash detectada (3/3).
2026-06-04 13:30:33 Traderoom operacional detectada.
2026-06-04 13:30:37 2 abas detectadas no topo. Fechando ate sobrar apenas a aba fixa da esquerda.
2026-06-04 13:30:37 Tentativa 1.1: clique para fechar 'GBP/USD' em (387, 28).
2026-06-04 13:30:40 Quantidade de abas apos fechamento: 1
2026-06-04 13:30:42 Abas restantes apos limpeza: ['EUR/USD (O...']
2026-06-04 13:30:42 Clique enviado no botao de adicionar ativo nas coordenadas (423, 37).
2026-06-04 13:30:46 Clique enviado em opcao Opções nas coordenadas (482, 155).
2026-06-04 13:30:47 Clique enviado na opcao 'Opções' via OCR.
2026-06-04 13:30:49 Clique enviado em opcao Binárias nas coordenadas (485, 261).
2026-06-04 13:30:50 Clique enviado na opcao 'Binárias' via OCR.
2026-06-04 13:30:53 Clique enviado em campo de busca de ativos nas coordenadas (760, 96).
2026-06-04 13:30:53 Campo de busca de ativos focado via OCR.
2026-06-04 13:30:53 Campo de busca do seletor de ativos detectado apos abrir 'Binárias'.
2026-06-04 13:30:56 Clique enviado em campo de busca de ativos nas coordenadas (746, 96).
2026-06-04 13:30:56 Campo de busca de ativos focado via OCR.
2026-06-04 13:30:57 Busca de ativo digitada por teclado: GBPUSD
2026-06-04 13:31:00 Clique enviado em ativo alvo GBP/USD nas coordenadas (719, 176).
2026-06-04 13:31:04 Selecao do ativo GBP/USD: OK
2026-06-04 13:31:06 Aporte digitado via OCR/teclado: 10
2026-06-04 13:31:08 Clique enviado em botao Expiração nas coordenadas (1840, 157).
2026-06-04 13:31:09 Clique enviado em 'Expiração' via OCR.
2026-06-04 13:31:10 Primeiro item da coluna 'Restante' confirmado abaixo de 2 minutos: 00:43
2026-06-04 13:31:10 Clique enviado em primeiro tempo disponivel da coluna Restante nas coordenadas (1605, 265).
2026-06-04 13:31:11 Tempo de expiracao selecionado: 00:43
2026-06-04 13:31:11 Sincronizacao externa ativa. Hora local atual: 13:31:11. Proximo disparo previsto para: 13:32:00.
2026-06-04 13:31:49 Contagem externa para disparo: 10s restantes.
2026-06-04 13:31:50 Contagem externa para disparo: 9s restantes.
2026-06-04 13:31:51 Contagem externa para disparo: 8s restantes.
2026-06-04 13:31:52 Contagem externa para disparo: 7s restantes.
2026-06-04 13:31:53 Contagem externa para disparo: 6s restantes.
2026-06-04 13:31:54 Contagem externa para disparo: 5s restantes.
2026-06-04 13:31:55 Contagem externa para disparo: 4s restantes.
2026-06-04 13:31:56 Contagem externa para disparo: 3s restantes.
2026-06-04 13:31:57 Contagem externa para disparo: 2s restantes.
2026-06-04 13:31:58 Contagem externa para disparo: 1s restantes.
2026-06-04 13:31:59 Horario alvo atingido pelo relogio externo: 13:31:59.
2026-06-04 13:31:59 Botao ABAIXO nao encontrado via DOM; tentando deteccao visual.
2026-06-04 13:31:59 Janela do console minimizada para liberar a captura da tela.
2026-06-04 13:32:01 Screenshot capturada pelo Playwright com conteudo visivel.
2026-06-04 13:32:01 Ordem enviada no botao ABAIXO via deteccao visual em (1855, 495).
2026-06-04 13:32:01 Traderoom sem splash detectada (1/3).
2026-06-04 13:32:03 Traderoom sem splash detectada (2/3).
2026-06-04 13:32:05 Traderoom sem splash detectada (3/3).
2026-06-04 13:32:09 Traderoom operacional detectada.
2026-06-04 13:32:09 Popup de salvar senha nao apareceu ou nao foi identificado.
2026-06-04 13:32:12 Janela do console minimizada para liberar a captura da tela.
2026-06-04 13:32:15 Screenshot capturada pelo Playwright com conteudo visivel.
2026-06-04 13:32:17 Analise visual salva em C:\Users\User\AppData\Roaming\MetaQuotes\Terminal\9DE44EFC77A6A3ABBD348AFCCFB49D70\MQL5\Experts\OpBinBridge\logs\playwright_probe
2026-06-04 13:32:17 Deteccao visual direita: up=(341, 322, 110, 110) down=(341, 440, 110, 110) payout=(88, 13, 337, 291)
2026-06-04 13:32:17 OCR botoes/payout: up=['ACIMA'] down=['ABAIXO'] payout=['+849', '+S8.40', '84', '+'] payout_num=84.0
2026-06-04 13:32:17 Traderoom confirmada. Ativo atual: desconhecido
2026-06-04 13:32:17 Mercado operavel agora: SIM
2026-06-04 13:32:17 Payout detectado: 84.00%
2026-06-04 13:32:17 Payout acima de 80%: SIM
2026-06-04 13:32:17 Fluxo de login finalizado. URL atual: https://iqoption.com/traderoom
2026-06-04 13:34:45 Pagina de login ja aberta: https://login.iqoption.com/pt/login?redirect_url=traderoom
2026-06-04 13:34:45 Pagina de login detectada. Tentando autenticar automaticamente...
2026-06-04 13:34:47 Inputs visiveis detectados: 0
2026-06-04 13:34:47 Campos de login nao encontrados automaticamente.
2026-06-04 13:34:47 Traderoom sem splash detectada (1/3).
2026-06-04 13:34:49 Traderoom sem splash detectada (2/3).
2026-06-04 13:34:51 Traderoom sem splash detectada (3/3).
2026-06-04 13:34:55 Traderoom operacional detectada.
2026-06-04 13:34:59 2 abas detectadas no topo. Fechando ate sobrar apenas a aba fixa da esquerda.
2026-06-04 13:35:00 Tentativa 1.1: clique para fechar 'GBP/USD' em (387, 26).
2026-06-04 13:35:02 Quantidade de abas apos fechamento: 1
2026-06-04 13:35:04 Abas restantes apos limpeza: ['EUR/USD (O...']
2026-06-04 13:35:04 Clique enviado no botao de adicionar ativo nas coordenadas (422, 36).
2026-06-04 13:35:07 Clique enviado em opcao Opções nas coordenadas (482, 108).
2026-06-04 13:35:08 Clique enviado na opcao 'Opções' via OCR.
2026-06-04 13:35:10 Clique enviado em opcao Binárias nas coordenadas (485, 214).
2026-06-04 13:35:11 Clique enviado na opcao 'Binárias' via OCR.
2026-06-04 13:35:13 Clique enviado em campo de busca de ativos nas coordenadas (746, 49).
2026-06-04 13:35:14 Campo de busca de ativos focado via OCR.
2026-06-04 13:35:14 Campo de busca do seletor de ativos detectado apos abrir 'Binárias'.
2026-06-04 13:35:16 Clique enviado em campo de busca de ativos nas coordenadas (746, 50).
2026-06-04 13:35:16 Campo de busca de ativos focado via OCR.
2026-06-04 13:35:17 Busca de ativo digitada por teclado: GBPUSD
2026-06-04 13:35:20 Clique enviado em ativo alvo GBP/USD nas coordenadas (719, 129).
2026-06-04 13:35:24 Selecao do ativo GBP/USD: OK
2026-06-04 13:35:25 Aporte digitado via OCR/teclado: 10
2026-06-04 13:35:27 Clique enviado em botao Expiração nas coordenadas (1520, 158).
2026-06-04 13:35:28 Clique enviado em 'Expiração' via OCR.
2026-06-04 13:35:30 Primeiro item da coluna 'Restante' confirmado abaixo de 2 minutos: 01:23
2026-06-04 13:35:30 Clique enviado em primeiro tempo disponivel da coluna Restante nas coordenadas (1285, 261).
2026-06-04 13:35:31 Tempo de expiracao selecionado: 01:23
2026-06-04 13:35:31 Sincronizacao externa ativa. Hora local atual: 13:35:31. Proximo disparo previsto para: 13:36:00.
2026-06-04 13:35:49 Contagem externa para disparo: 10s restantes.
2026-06-04 13:35:50 Contagem externa para disparo: 9s restantes.
2026-06-04 13:35:51 Contagem externa para disparo: 8s restantes.
2026-06-04 13:35:52 Contagem externa para disparo: 7s restantes.
2026-06-04 13:35:53 Contagem externa para disparo: 6s restantes.
2026-06-04 13:35:54 Contagem externa para disparo: 5s restantes.
2026-06-04 13:35:55 Contagem externa para disparo: 4s restantes.
2026-06-04 13:35:56 Contagem externa para disparo: 3s restantes.
2026-06-04 13:35:57 Contagem externa para disparo: 2s restantes.
2026-06-04 13:35:58 Contagem externa para disparo: 1s restantes.
2026-06-04 13:35:59 Horario alvo atingido pelo relogio externo: 13:35:59.
2026-06-04 13:35:59 Botao ABAIXO nao encontrado via DOM; tentando deteccao visual.
2026-06-04 13:35:59 Janela do console minimizada para liberar a captura da tela.
2026-06-04 13:36:01 Screenshot capturada pelo Playwright com conteudo visivel.
2026-06-04 13:36:01 Botao ABAIXO nao encontrado via deteccao visual.
2026-06-04 13:36:01 Traderoom sem splash detectada (1/3).
2026-06-04 13:36:03 Traderoom sem splash detectada (2/3).
2026-06-04 13:36:05 Traderoom sem splash detectada (3/3).
2026-06-04 13:36:09 Traderoom operacional detectada.
2026-06-04 13:36:09 Popup de salvar senha nao apareceu ou nao foi identificado.
2026-06-04 13:36:12 Janela do console minimizada para liberar a captura da tela.
2026-06-04 13:39:16 Pagina de login ja aberta: https://login.iqoption.com/pt/login?redirect_url=traderoom
2026-06-04 13:39:16 Pagina de login detectada. Tentando autenticar automaticamente...
2026-06-04 13:39:18 Inputs visiveis detectados: 0
2026-06-04 13:39:18 Campos de login nao encontrados automaticamente.
2026-06-04 13:39:18 Traderoom ainda em splash/conectando; aguardando...
2026-06-04 13:39:20 Traderoom ainda em splash/conectando; aguardando...
2026-06-04 13:39:22 Traderoom sem splash detectada (1/3).
2026-06-04 13:39:24 Traderoom sem splash detectada (2/3).
2026-06-04 13:39:26 Traderoom sem splash detectada (3/3).
2026-06-04 13:39:30 Traderoom operacional detectada.
2026-06-04 13:39:35 2 abas detectadas no topo. Fechando ate sobrar apenas a aba fixa da esquerda.
2026-06-04 13:39:35 Tentativa 1.1: clique para fechar 'GBP/USD' em (387, 28).
2026-06-04 13:39:37 Quantidade de abas apos fechamento: 1
2026-06-04 13:39:40 Abas restantes apos limpeza: ['EUR/USD (O...']
2026-06-04 13:39:40 Clique enviado no botao de adicionar ativo nas coordenadas (423, 37).
2026-06-04 13:39:43 Clique enviado em opcao Opções nas coordenadas (482, 155).
2026-06-04 13:39:44 Clique enviado na opcao 'Opções' via OCR.
2026-06-04 13:39:46 Clique enviado em opcao Binárias nas coordenadas (485, 261).
2026-06-04 13:39:47 Clique enviado na opcao 'Binárias' via OCR.
2026-06-04 13:39:50 Clique enviado em campo de busca de ativos nas coordenadas (760, 96).
2026-06-04 13:39:50 Campo de busca de ativos focado via OCR.
2026-06-04 13:39:50 Campo de busca do seletor de ativos detectado apos abrir 'Binárias'.
2026-06-04 13:39:53 Clique enviado em campo de busca de ativos nas coordenadas (746, 96).
2026-06-04 13:39:53 Campo de busca de ativos focado via OCR.
2026-06-04 13:39:54 Busca de ativo digitada por teclado: GBPUSD
2026-06-04 13:39:57 Clique enviado em ativo alvo GBP/USD nas coordenadas (719, 176).
2026-06-04 13:40:01 Selecao do ativo GBP/USD: OK
2026-06-04 13:40:04 Aporte digitado via OCR/teclado: 10
2026-06-04 13:40:06 Clique enviado em botao Expiração nas coordenadas (1840, 157).
2026-06-04 13:40:07 Clique enviado em 'Expiração' via OCR.
2026-06-04 13:40:08 Primeiro item da coluna 'Restante' confirmado abaixo de 2 minutos: 00:45
2026-06-04 13:40:08 Clique enviado em primeiro tempo disponivel da coluna Restante nas coordenadas (1605, 265).
2026-06-04 13:40:09 Tempo de expiracao selecionado: 00:45
2026-06-04 13:40:51 Disparo manual recebido via Enter.
2026-06-04 13:40:51 Botao ABAIXO nao encontrado via DOM; tentando deteccao visual.
2026-06-04 13:40:51 Janela do console minimizada para liberar a captura da tela.
2026-06-04 13:40:53 Screenshot capturada pelo Playwright com conteudo visivel.
2026-06-04 13:40:53 Ordem enviada no botao ABAIXO via deteccao visual em (1684, 501).
2026-06-04 13:40:53 Traderoom sem splash detectada (1/3).
2026-06-04 13:40:55 Traderoom sem splash detectada (2/3).
2026-06-04 13:40:57 Traderoom sem splash detectada (3/3).
2026-06-04 13:41:01 Traderoom operacional detectada.
2026-06-04 13:41:01 Popup de salvar senha nao apareceu ou nao foi identificado.
2026-06-04 13:41:05 Janela do console minimizada para liberar a captura da tela.
2026-06-04 13:41:07 Screenshot capturada pelo Playwright com conteudo visivel.
2026-06-04 13:41:09 Analise visual salva em C:\Users\User\AppData\Roaming\MetaQuotes\Terminal\9DE44EFC77A6A3ABBD348AFCCFB49D70\MQL5\Experts\OpBinBridge\logs\playwright_probe
2026-06-04 13:41:09 Deteccao visual direita: up=(341, 322, 110, 110) down=(341, 440, 110, 110) payout=(88, 13, 337, 291)
2026-06-04 13:41:09 OCR botoes/payout: up=['ACIMA'] down=['ABAIXO'] payout=['+849', '+S8.40', '84', '+'] payout_num=84.0
2026-06-04 13:41:09 Traderoom confirmada. Ativo atual: desconhecido
2026-06-04 13:41:09 Mercado operavel agora: SIM
2026-06-04 13:41:09 Payout detectado: 84.00%
2026-06-04 13:41:09 Payout acima de 80%: SIM
2026-06-04 13:41:09 Fluxo de login finalizado. URL atual: https://iqoption.com/traderoom
2026-06-04 13:44:23 Pagina de login ja aberta: https://login.iqoption.com/pt/login?redirect_url=traderoom
2026-06-04 13:44:23 Pagina de login detectada. Tentando autenticar automaticamente...
2026-06-04 13:44:25 Inputs visiveis detectados: 0
2026-06-04 13:44:25 Campos de login nao encontrados automaticamente.
2026-06-04 13:44:25 Traderoom sem splash detectada (1/3).
2026-06-04 13:44:27 Traderoom sem splash detectada (2/3).
2026-06-04 13:44:29 Traderoom sem splash detectada (3/3).
2026-06-04 13:44:33 Traderoom operacional detectada.
2026-06-04 13:44:38 2 abas detectadas no topo. Fechando ate sobrar apenas a aba fixa da esquerda.
2026-06-04 13:44:38 Tentativa 1.1: clique para fechar 'GBP/USD' em (387, 28).
2026-06-04 13:44:40 Quantidade de abas apos fechamento: 1
2026-06-04 13:44:43 Abas restantes apos limpeza: ['EUR/USD (O...']
2026-06-04 13:44:43 Clique enviado no botao de adicionar ativo nas coordenadas (423, 37).
2026-06-04 13:44:46 Clique enviado em opcao Opções nas coordenadas (482, 155).
2026-06-04 13:44:47 Clique enviado na opcao 'Opções' via OCR.
2026-06-04 13:44:50 Clique enviado em opcao Binárias nas coordenadas (485, 261).
2026-06-04 13:44:51 Clique enviado na opcao 'Binárias' via OCR.
2026-06-04 13:44:53 Clique enviado em campo de busca de ativos nas coordenadas (760, 96).
2026-06-04 13:44:54 Campo de busca de ativos focado via OCR.
2026-06-04 13:44:54 Campo de busca do seletor de ativos detectado apos abrir 'Binárias'.
2026-06-04 13:44:56 Clique enviado em campo de busca de ativos nas coordenadas (746, 96).
2026-06-04 13:44:57 Campo de busca de ativos focado via OCR.
2026-06-04 13:44:57 Busca de ativo digitada por teclado: GBPUSD
2026-06-04 13:45:00 Clique enviado em ativo alvo GBP/USD nas coordenadas (719, 176).
2026-06-04 13:45:04 Selecao do ativo GBP/USD: OK
2026-06-04 13:45:06 Aporte digitado via OCR/teclado: 10
2026-06-04 13:45:09 Clique enviado em botao Expiração nas coordenadas (1840, 157).
2026-06-04 13:45:10 Clique enviado em 'Expiração' via OCR.
2026-06-04 13:45:12 Primeiro item da coluna 'Restante' confirmado abaixo de 2 minutos: 00:42
2026-06-04 13:45:12 Clique enviado em primeiro tempo disponivel da coluna Restante nas coordenadas (1605, 265).
2026-06-04 13:45:12 Tempo de expiracao selecionado: 00:42
2026-06-04 13:45:51 Disparo manual recebido via Enter.
2026-06-04 13:45:51 Botao ABAIXO nao encontrado via DOM; tentando deteccao visual.
2026-06-04 13:45:51 Clique tentado no botao ABAIXO via deteccao visual em (1684, 495).
2026-06-04 13:45:52 Ordem confirmada no botao ABAIXO via deteccao visual.
2026-06-04 13:45:52 Traderoom sem splash detectada (1/3).
2026-06-04 13:45:54 Traderoom sem splash detectada (2/3).
2026-06-04 13:45:56 Traderoom sem splash detectada (3/3).
2026-06-04 13:46:00 Traderoom operacional detectada.
2026-06-04 13:46:00 Popup de salvar senha nao apareceu ou nao foi identificado.
2026-06-04 13:46:03 Janela do console minimizada para liberar a captura da tela.
2026-06-04 13:46:05 Screenshot capturada pelo Playwright com conteudo visivel.
2026-06-04 13:46:09 Analise visual salva em C:\Users\User\AppData\Roaming\MetaQuotes\Terminal\9DE44EFC77A6A3ABBD348AFCCFB49D70\MQL5\Experts\OpBinBridge\logs\playwright_probe
2026-06-04 13:46:09 Deteccao visual direita: up=(341, 322, 110, 110) down=(0, 416, 451, 134) payout=(88, 13, 337, 291)
2026-06-04 13:46:09 OCR botoes/payout: up=['ACIMA'] down=['1.343535', '1.3435', 'ABAIXO'] payout=['+849', '+S8.40', '84', '+'] payout_num=84.0
2026-06-04 13:46:09 Traderoom confirmada. Ativo atual: desconhecido
2026-06-04 13:46:09 Mercado operavel agora: SIM
2026-06-04 13:46:09 Payout detectado: 84.00%
2026-06-04 13:46:09 Payout acima de 80%: SIM
2026-06-04 13:46:09 Fluxo de login finalizado. URL atual: https://iqoption.com/traderoom
2026-06-04 13:49:55 Pagina de login ja aberta: https://login.iqoption.com/pt/login?redirect_url=traderoom
2026-06-04 13:49:55 Pagina de login detectada. Tentando autenticar automaticamente...
2026-06-04 13:49:56 Inputs visiveis detectados: 0
2026-06-04 13:49:56 Campos de login nao encontrados automaticamente.
2026-06-04 13:49:56 Traderoom sem splash detectada (1/3).
2026-06-04 13:49:58 Traderoom sem splash detectada (2/3).
2026-06-04 13:50:00 Traderoom sem splash detectada (3/3).
2026-06-04 13:50:04 Traderoom operacional detectada.
2026-06-04 13:50:09 2 abas detectadas no topo. Fechando ate sobrar apenas a aba fixa da esquerda.
2026-06-04 13:50:09 Tentativa 1.1: clique para fechar 'GBP/USD' em (387, 28).
2026-06-04 13:50:12 Quantidade de abas apos fechamento: 1
2026-06-04 13:50:14 Abas restantes apos limpeza: ['EUR/USD (O...']
2026-06-04 13:50:14 Clique enviado no botao de adicionar ativo nas coordenadas (423, 37).
2026-06-04 13:50:18 Clique enviado em opcao Opções nas coordenadas (482, 155).
2026-06-04 13:50:19 Clique enviado na opcao 'Opções' via OCR.
2026-06-04 13:50:21 Clique enviado em opcao Binárias nas coordenadas (485, 261).
2026-06-04 13:50:22 Clique enviado na opcao 'Binárias' via OCR.
2026-06-04 13:50:25 Clique enviado em campo de busca de ativos nas coordenadas (760, 96).
2026-06-04 13:50:25 Campo de busca de ativos focado via OCR.
2026-06-04 13:50:25 Campo de busca do seletor de ativos detectado apos abrir 'Binárias'.
2026-06-04 13:50:28 Clique enviado em campo de busca de ativos nas coordenadas (746, 96).
2026-06-04 13:50:28 Campo de busca de ativos focado via OCR.
2026-06-04 13:50:29 Busca de ativo digitada por teclado: GBPUSD
2026-06-04 13:50:32 Clique enviado em ativo alvo GBP/USD nas coordenadas (719, 176).
2026-06-04 13:50:35 Selecao do ativo GBP/USD: OK
2026-06-04 13:50:37 Aporte digitado via OCR/teclado: 10
2026-06-04 13:50:39 Clique enviado em botao Expiração nas coordenadas (1840, 157).
2026-06-04 13:50:40 Clique enviado em 'Expiração' via OCR.
2026-06-04 13:50:42 Primeiro item da coluna 'Restante' confirmado abaixo de 2 minutos: 01:11
2026-06-04 13:50:42 Clique enviado em primeiro tempo disponivel da coluna Restante nas coordenadas (1605, 265).
2026-06-04 13:50:43 Tempo de expiracao selecionado: 01:11
2026-06-04 13:50:44 Disparo manual recebido via Enter.
2026-06-04 13:50:44 Botao ABAIXO nao encontrado via DOM; tentando deteccao visual.
2026-06-04 13:50:44 Clique tentado no botao ABAIXO via deteccao visual em (1684, 495).
2026-06-04 13:50:48 Clique tentado no botao ABAIXO via deteccao visual em (1661, 495).
2026-06-04 13:50:50 Clique tentado no botao ABAIXO via deteccao visual em (1684, 489).
2026-06-04 13:50:53 Traderoom sem splash detectada (1/3).
2026-06-04 13:50:55 Traderoom sem splash detectada (2/3).
2026-06-04 13:50:57 Traderoom sem splash detectada (3/3).
2026-06-04 13:51:01 Traderoom operacional detectada.
2026-06-04 13:51:01 Popup de salvar senha nao apareceu ou nao foi identificado.
2026-06-04 13:51:04 Janela do console minimizada para liberar a captura da tela.
2026-06-04 13:51:06 Screenshot capturada pelo Playwright com conteudo visivel.
2026-06-04 13:51:10 Analise visual salva em C:\Users\User\AppData\Roaming\MetaQuotes\Terminal\9DE44EFC77A6A3ABBD348AFCCFB49D70\MQL5\Experts\OpBinBridge\logs\playwright_probe
2026-06-04 13:51:10 Deteccao visual direita: up=(341, 322, 110, 110) down=(0, 440, 451, 110) payout=(88, 13, 337, 291)
2026-06-04 13:51:10 OCR botoes/payout: up=['ACIMA'] down=['1.343650', 'M', '1.3436', 'ABAIXO', '1'] payout=['+849', '+S8.40', '84', '+'] payout_num=84.0
2026-06-04 13:51:10 Traderoom confirmada. Ativo atual: desconhecido
2026-06-04 13:51:10 Mercado operavel agora: SIM
2026-06-04 13:51:10 Payout detectado: 84.00%
2026-06-04 13:51:10 Payout acima de 80%: SIM
2026-06-04 13:51:10 Fluxo de login finalizado. URL atual: https://iqoption.com/traderoom
2026-06-04 13:53:17 Pagina de login ja aberta: https://login.iqoption.com/pt/login?redirect_url=traderoom
2026-06-04 13:53:17 Pagina de login detectada. Tentando autenticar automaticamente...
2026-06-04 13:53:19 Inputs visiveis detectados: 0
2026-06-04 13:53:19 Campos de login nao encontrados automaticamente.
2026-06-04 13:53:19 Traderoom ainda em splash/conectando; aguardando...
2026-06-04 13:53:21 Traderoom ainda em splash/conectando; aguardando...
2026-06-04 13:53:23 Traderoom ainda em splash/conectando; aguardando...
2026-06-04 13:53:25 Traderoom sem splash detectada (1/3).
2026-06-04 13:53:27 Traderoom sem splash detectada (2/3).
2026-06-04 13:53:29 Traderoom sem splash detectada (3/3).
2026-06-04 13:53:33 Traderoom operacional detectada.
2026-06-04 13:53:38 2 abas detectadas no topo. Fechando ate sobrar apenas a aba fixa da esquerda.
2026-06-04 13:53:38 Tentativa 1.1: clique para fechar 'GBP/USD' em (387, 28).
2026-06-04 13:53:40 Quantidade de abas apos fechamento: 1
2026-06-04 13:53:42 Abas restantes apos limpeza: ['EUR/USD (O...']
2026-06-04 13:53:42 Clique enviado no botao de adicionar ativo nas coordenadas (423, 37).
2026-06-04 13:53:46 Clique enviado em opcao Opções nas coordenadas (482, 155).
2026-06-04 13:53:47 Clique enviado na opcao 'Opções' via OCR.
2026-06-04 13:53:49 Clique enviado em opcao Binárias nas coordenadas (485, 261).
2026-06-04 13:53:50 Clique enviado na opcao 'Binárias' via OCR.
2026-06-04 13:53:52 Clique enviado em campo de busca de ativos nas coordenadas (760, 96).
2026-06-04 13:53:53 Campo de busca de ativos focado via OCR.
2026-06-04 13:53:53 Campo de busca do seletor de ativos detectado apos abrir 'Binárias'.
2026-06-04 13:53:55 Clique enviado em campo de busca de ativos nas coordenadas (746, 96).
2026-06-04 13:53:56 Campo de busca de ativos focado via OCR.
2026-06-04 13:53:56 Busca de ativo digitada por teclado: GBPUSD
2026-06-04 13:53:59 Clique enviado em ativo alvo GBP/USD nas coordenadas (719, 176).
2026-06-04 13:54:04 Selecao do ativo GBP/USD: OK
2026-06-04 13:54:06 Aporte digitado via OCR/teclado: 10
2026-06-04 13:54:08 Clique enviado em botao Expiração nas coordenadas (1840, 157).
2026-06-04 13:54:09 Clique enviado em 'Expiração' via OCR.
2026-06-04 13:54:11 Primeiro item da coluna 'Restante' confirmado abaixo de 2 minutos: 00:43
2026-06-04 13:54:11 Clique enviado em primeiro tempo disponivel da coluna Restante nas coordenadas (1605, 265).
2026-06-04 13:54:11 Tempo de expiracao selecionado: 00:43
2026-06-04 13:54:14 Disparo manual recebido via Enter.
2026-06-04 13:54:14 Botao ABAIXO nao encontrado via DOM; tentando deteccao visual.
2026-06-04 13:54:15 Clique tentado no texto do botao ABAIXO via OCR em (1855, 515).
2026-06-04 13:54:19 Clique tentado no texto do botao ABAIXO via OCR em (1855, 519).
2026-06-04 13:54:22 Clique tentado no texto do botao ABAIXO via OCR em (1855, 497).
2026-06-04 13:54:24 Clique tentado no botao ABAIXO via deteccao visual em (1855, 495).
2026-06-04 13:54:26 Clique tentado no botao ABAIXO via deteccao visual em (1849, 495).
2026-06-04 13:54:29 Clique tentado no botao ABAIXO via deteccao visual em (1855, 489).
2026-06-04 13:54:31 Falha ao confirmar a ordem no botao ABAIXO.
2026-06-04 13:54:31 Traderoom sem splash detectada (1/3).
2026-06-04 13:54:33 Traderoom sem splash detectada (2/3).
2026-06-04 13:54:35 Traderoom sem splash detectada (3/3).
2026-06-04 13:54:39 Traderoom operacional detectada.
2026-06-04 13:54:39 Popup de salvar senha nao apareceu ou nao foi identificado.
2026-06-04 13:54:42 Janela do console minimizada para liberar a captura da tela.
2026-06-04 13:54:45 Screenshot capturada pelo Playwright com conteudo visivel.
2026-06-04 13:54:48 Analise visual salva em C:\Users\User\AppData\Roaming\MetaQuotes\Terminal\9DE44EFC77A6A3ABBD348AFCCFB49D70\MQL5\Experts\OpBinBridge\logs\playwright_probe
2026-06-04 13:54:48 Deteccao visual direita: up=None down=(0, 327, 451, 111) payout=(88, 13, 337, 291)
2026-06-04 13:54:48 OCR botoes/payout: up=[] down=['1.343605', 'NOVA', '1.34354', 'OPCAO', '1.34353', '+', '13496056'] payout=['+849', '+S8.40', '84', '+'] payout_num=84.0
2026-06-04 13:54:48 Traderoom confirmada. Ativo atual: desconhecido
2026-06-04 13:54:48 Mercado operavel agora: NAO
2026-06-04 13:54:48 Payout detectado: 84.00%
2026-06-04 13:54:48 Payout acima de 80%: SIM
2026-06-04 13:54:48 Fluxo de login finalizado. URL atual: https://iqoption.com/traderoom
2026-06-04 13:55:09 Pagina de login ja aberta: https://login.iqoption.com/pt/login?redirect_url=traderoom
2026-06-04 13:55:09 Pagina de login detectada. Tentando autenticar automaticamente...
2026-06-04 13:55:10 Inputs visiveis detectados: 0
2026-06-04 13:55:10 Campos de login nao encontrados automaticamente.
2026-06-04 13:55:10 Traderoom ainda em splash/conectando; aguardando...
2026-06-04 13:55:12 Traderoom ainda em splash/conectando; aguardando...
2026-06-04 13:55:14 Traderoom sem splash detectada (1/3).
2026-06-04 13:55:16 Traderoom sem splash detectada (2/3).
2026-06-04 13:55:19 Traderoom sem splash detectada (3/3).
2026-06-04 13:55:23 Traderoom operacional detectada.
2026-06-04 13:55:28 2 abas detectadas no topo. Fechando ate sobrar apenas a aba fixa da esquerda.
2026-06-04 13:55:28 Tentativa 1.1: clique para fechar 'GBP/USD' em (387, 28).
2026-06-04 13:55:30 Quantidade de abas apos fechamento: 1
2026-06-04 13:55:32 Abas restantes apos limpeza: ['EUR/USD (O...']
2026-06-04 13:55:32 Clique enviado no botao de adicionar ativo nas coordenadas (423, 37).
2026-06-04 13:55:36 Clique enviado em opcao Opções nas coordenadas (482, 155).
2026-06-04 13:55:37 Clique enviado na opcao 'Opções' via OCR.
2026-06-04 13:55:39 Clique enviado em opcao Binárias nas coordenadas (484, 261).
2026-06-04 13:55:40 Clique enviado na opcao 'Binárias' via OCR.
2026-06-04 13:55:43 Clique enviado em campo de busca de ativos nas coordenadas (760, 96).
2026-06-04 13:55:43 Campo de busca de ativos focado via OCR.
2026-06-04 13:55:43 Campo de busca do seletor de ativos detectado apos abrir 'Binárias'.
2026-06-04 13:55:46 Clique enviado em campo de busca de ativos nas coordenadas (746, 96).
2026-06-04 13:55:46 Campo de busca de ativos focado via OCR.
2026-06-04 13:55:47 Busca de ativo digitada por teclado: GBPUSD
2026-06-04 13:55:50 Clique enviado em ativo alvo GBP/USD nas coordenadas (719, 176).
2026-06-04 13:55:54 Selecao do ativo GBP/USD: OK
2026-06-04 13:55:56 Aporte digitado via OCR/teclado: 10
2026-06-04 13:55:58 Clique enviado em botao Expiração nas coordenadas (1840, 157).
2026-06-04 13:55:59 Clique enviado em 'Expiração' via OCR.
2026-06-04 13:56:01 Primeiro item da coluna 'Restante' confirmado abaixo de 2 minutos: 00:53
2026-06-04 13:56:01 Clique enviado em primeiro tempo disponivel da coluna Restante nas coordenadas (1605, 265).
2026-06-04 13:56:01 Tempo de expiracao selecionado: 00:53
2026-06-04 13:56:51 Disparo manual recebido via Enter.
2026-06-04 13:56:51 Botao ABAIXO nao encontrado via DOM; tentando deteccao visual.
2026-06-04 13:56:52 Clique tentado no texto do botao ABAIXO via OCR em (1855, 514).
2026-06-04 13:56:56 Ordem confirmada no botao ABAIXO via OCR.
2026-06-04 13:56:56 Traderoom sem splash detectada (1/3).
2026-06-04 13:56:58 Traderoom sem splash detectada (2/3).
2026-06-04 13:57:00 Traderoom sem splash detectada (3/3).
2026-06-04 13:57:04 Traderoom operacional detectada.
2026-06-04 13:57:04 Popup de salvar senha nao apareceu ou nao foi identificado.
2026-06-04 13:57:07 Janela do console minimizada para liberar a captura da tela.
2026-06-04 13:57:09 Screenshot capturada pelo Playwright com conteudo visivel.
2026-06-04 13:57:13 Analise visual salva em C:\Users\User\AppData\Roaming\MetaQuotes\Terminal\9DE44EFC77A6A3ABBD348AFCCFB49D70\MQL5\Experts\OpBinBridge\logs\playwright_probe
2026-06-04 13:57:13 Deteccao visual direita: up=(341, 322, 110, 110) down=(0, 413, 451, 137) payout=(88, 13, 337, 291)
2026-06-04 13:57:13 OCR botoes/payout: up=['ACIMA'] down=['1.343625', '1.3436', 'ABAIXO', '1.848625'] payout=['+849', '+S8.40', '84', '+'] payout_num=84.0
2026-06-04 13:57:13 Traderoom confirmada. Ativo atual: desconhecido
2026-06-04 13:57:13 Mercado operavel agora: SIM
2026-06-04 13:57:13 Payout detectado: 84.00%
2026-06-04 13:57:13 Payout acima de 80%: SIM
2026-06-04 13:57:13 Fluxo de login finalizado. URL atual: https://iqoption.com/traderoom
2026-06-04 13:58:21 Pagina de login ja aberta: https://login.iqoption.com/pt/login?redirect_url=traderoom
2026-06-04 13:58:21 Pagina de login detectada. Tentando autenticar automaticamente...
2026-06-04 13:58:23 Inputs visiveis detectados: 0
2026-06-04 13:58:23 Campos de login nao encontrados automaticamente.
2026-06-04 13:58:23 Traderoom sem splash detectada (1/3).
2026-06-04 13:58:25 Traderoom sem splash detectada (2/3).
2026-06-04 13:58:27 Traderoom sem splash detectada (3/3).
2026-06-04 13:58:31 Traderoom operacional detectada.
2026-06-04 13:58:36 2 abas detectadas no topo. Fechando ate sobrar apenas a aba fixa da esquerda.
2026-06-04 13:58:36 Tentativa 1.1: clique para fechar 'GBP/USD' em (387, 28).
2026-06-04 13:58:39 Quantidade de abas apos fechamento: 1
2026-06-04 13:58:41 Abas restantes apos limpeza: ['EUR/USD (O...']
2026-06-04 13:58:41 Clique enviado no botao de adicionar ativo nas coordenadas (423, 37).
2026-06-04 13:58:44 Clique enviado em opcao Opções nas coordenadas (482, 155).
2026-06-04 13:58:45 Clique enviado na opcao 'Opções' via OCR.
2026-06-04 13:58:48 Clique enviado em opcao Binárias nas coordenadas (485, 261).
2026-06-04 13:58:49 Clique enviado na opcao 'Binárias' via OCR.
2026-06-04 13:58:51 Clique enviado em campo de busca de ativos nas coordenadas (760, 96).
2026-06-04 13:58:51 Campo de busca de ativos focado via OCR.
2026-06-04 13:58:51 Campo de busca do seletor de ativos detectado apos abrir 'Binárias'.
2026-06-04 13:58:54 Clique enviado em campo de busca de ativos nas coordenadas (746, 96).
2026-06-04 13:58:54 Campo de busca de ativos focado via OCR.
2026-06-04 13:58:55 Busca de ativo digitada por teclado: GBPUSD
2026-06-04 13:58:58 Clique enviado em ativo alvo GBP/USD nas coordenadas (719, 176).
2026-06-04 13:59:02 Selecao do ativo GBP/USD: OK
2026-06-04 13:59:05 Aporte digitado via OCR/teclado: 10
2026-06-04 13:59:07 Clique enviado em botao Expiração nas coordenadas (1840, 157).
2026-06-04 13:59:08 Clique enviado em 'Expiração' via OCR.
2026-06-04 13:59:09 Primeiro item da coluna 'Restante' confirmado abaixo de 2 minutos: 00:44
2026-06-04 13:59:09 Clique enviado em primeiro tempo disponivel da coluna Restante nas coordenadas (1606, 265).
2026-06-04 13:59:10 Tempo de expiracao selecionado: 00:44
2026-06-04 13:59:27 Disparo manual recebido via Enter.
2026-06-04 13:59:27 Botao ABAIXO nao encontrado via DOM; tentando deteccao visual.
2026-06-04 13:59:28 Clique tentado no texto do botao ABAIXO via OCR em (1855, 514).
2026-06-04 13:59:32 Clique tentado no texto do botao ABAIXO via OCR em (1855, 519).
2026-06-04 13:59:35 Clique tentado no texto do botao ABAIXO via OCR em (1855, 495).
